bruinID.text,button.numClicks,button.timesOn,button.timesOff,mouseLogIn.x,mouseLogIn.y,mouseLogIn.leftButton,mouseLogIn.midButton,mouseLogIn.rightButton,mouseLogIn.time,mouseLogIn.clicked_name,repeat.thisRepN,repeat.thisTrialN,repeat.thisN,repeat.thisIndex,repeat.ran,participant,session,date,expName,psychopyVersion,OS,frameRate,key_resp_6.keys,key_resp_6.rt,key_resp_5.keys,key_resp_5.rt,subjage_slider.response,subjage_slider.rt,confidence_scale.response,confidence_scale.rt,key_resp_7.keys,key_resp_7.rt,button_2.numClicks,button_2.timesOn,button_2.timesOff,email_type,scam_button.numClicks,scam_button.timesOn,scam_button.timesOff,legit_button.numClicks,legit_button.timesOn,legit_button.timesOff,button_selections_1,confidence_scale_email.response,confidence_scale_email.rt,personal_rel_scale.response,personal_rel_scale.rt,curiosity_scale.response,curiosity_scale.rt,email_loop.thisRepN,email_loop.thisTrialN,email_loop.thisN,email_loop.thisIndex,email_loop.ran,emails,type,xsize,ysize,xpos,ypos,key_resp_8.keys,key_resp_8.rt,button_3.numClicks,button_3.timesOn,button_3.timesOff,button_4.numClicks,button_4.timesOn,button_4.timesOff,button_5.numClicks,button_5.timesOn,button_5.timesOff,email_loops2.thisRepN,email_loops2.thisTrialN,email_loops2.thisN,email_loops2.thisIndex,email_loops2.ran,key_resp_3.keys,key_resp_3.rt,slider1_2.response,slider1_2.rt,trust_question,loop_GT.thisRepN,loop_GT.thisTrialN,loop_GT.thisN,loop_GT.thisIndex,loop_GT.ran,Phrases,instructionresp_2.keys,instructionresp_2.rt,key_resp_13.keys,key_resp_13.rt,gen_question,loop_G.thisRepN,loop_G.thisTrialN,loop_G.thisN,loop_G.thisIndex,loop_G.ran,Questions,instructionresp.keys,instructionresp.rt,key_resp_2.keys,key_resp_2.rt,lonely_question,loop_LS.thisRepN,loop_LS.thisTrialN,loop_LS.thisN,loop_LS.thisIndex,loop_LS.ran,key_resp_4.keys,key_resp_4.rt,rating.response,rating.rt,dementia_question,loop_dm.thisRepN,loop_dm.thisTrialN,loop_dm.thisN,loop_dm.thisIndex,loop_dm.ran,Items,key_resp.keys,key_resp.rt,slider1.response,slider1.rt,ss_question,loop_SS.thisRepN,loop_SS.thisTrialN,loop_SS.thisN,loop_SS.thisIndex,loop_SS.ran,Statements,slider.response,slider.rt,Gender,textboxAge.text,textboxBirthday.text,Education Level,Ethnicity,English Fluency,textboxAge_2.text,textboxCountry.text,FQ1textbox.text,textboxQuestion2.text,textboxQuestion3.text,FQ4 selection,Finish.numClicks,Finish.timesOn,Finish.timesOff
805940139,1,[29.876900000035757],[29.876900000035757],0.326792535,-0.080815972,1,0,0,29.7952,button,0,0,0,0,1,613775,001,2025-04-14_16h43.09.221,SLSIC,2022.2.5,MacIntel,60.24096386,,,,,,,,,,,,,,,,,,,,,,,,,,,,,,,,,,,,,,,,,,,,,,,,,,,,,,,,,,,,,,,,,,,,,,,,,,,,,,,,,,,,,,,,,,,,,,,,,,,,,,,,,,,,,,,,,,,,,,,,,,,,,
,,,,,,,,,,,,,,,,613775,001,2025-04-14_16h43.09.221,SLSIC,2022.2.5,MacIntel,60.24096386,space,14.695,,,,,,,,,,,,,,,,,,,,,,,,,,,,,,,,,,,,,,,,,,,,,,,,,,,,,,,,,,,,,,,,,,,,,,,,,,,,,,,,,,,,,,,,,,,,,,,,,,,,,,,,,,,,,,,,,,,,,,,,,,,
,,,,,,,,,,,,,,,,613775,001,2025-04-14_16h43.09.221,SLSIC,2022.2.5,MacIntel,60.24096386,,,space,2.1661,,,,,,,,,,,,,,,,,,,,,,,,,,,,,,,,,,,,,,,,,,,,,,,,,,,,,,,,,,,,,,,,,,,,,,,,,,,,,,,,,,,,,,,,,,,,,,,,,,,,,,,,,,,,,,,,,,,,,,,,,
,,,,,,,,,,,,,,,,613775,001,2025-04-14_16h43.09.221,SLSIC,2022.2.5,MacIntel,60.24096386,,,,,14.81458333,9.4811,,,,,,,,,,,,,,,,,,,,,,,,,,,,,,,,,,,,,,,,,,,,,,,,,,,,,,,,,,,,,,,,,,,,,,,,,,,,,,,,,,,,,,,,,,,,,,,,,,,,,,,,,,,,,,,,,,,,,,,
,,,,,,,,,,,,,,,,613775,001,2025-04-14_16h43.09.221,SLSIC,2022.2.5,MacIntel,60.24096386,,,,,,,6.984678819,9.1311,,,,,,,,,,,,,,,,,,,,,,,,,,,,,,,,,,,,,,,,,,,,,,,,,,,,,,,,,,,,,,,,,,,,,,,,,,,,,,,,,,,,,,,,,,,,,,,,,,,,,,,,,,,,,,,,,,,,,
,,,,,,,,,,,,,,,,613775,001,2025-04-14_16h43.09.221,SLSIC,2022.2.5,MacIntel,60.24096386,,,,,,,,,space,10.3666,,,,,,,,,,,,,,,,,,,,,,,,,,,,,,,,,,,,,,,,,,,,,,,,,,,,,,,,,,,,,,,,,,,,,,,,,,,,,,,,,,,,,,,,,,,,,,,,,,,,,,,,,,,,,,,,,,,
,,,,,,,,,,,,,,,,613775,001,2025-04-14_16h43.09.221,SLSIC,2022.2.5,MacIntel,60.24096386,,,,,,,,,,,1,[118.90760000002385],[118.9076999999881],,0,[],[],1,[120.95689999997616],[120.95689999997616],"[""legit_button""]",6.979861111,2.898,5.950998264,3.9325,3.961284722,4.6704,0,0,0,14,1,resources/images/legit7-EDIT.png,legit,0.65,0.65,0,0,,,,,,,,,,,,,,,,,,,,,,,,,,,,,,,,,,,,,,,,,,,,,,,,,,,,,,,,,,,,,,,,,,,,,,,,,,,,,,,,,,,,,,,
,,,,,,,,,,,,,,,,613775,001,2025-04-14_16h43.09.221,SLSIC,2022.2.5,MacIntel,60.24096386,,,,,,,,,,,2,"[118.90760000002385,146.35730000001192]","[118.9076999999881,146.35730000001192]",,0,[],[],2,"[120.95689999997616,148.24039999997615]","[120.95689999997616,148.24039999997615]","[""legit_button""]",6.949782986,1.503,5.990364583,4.8995,5.990364583,1.5474,0,1,1,3,1,resources/images/legit1.png,legit,1,0.72,0,0,,,,,,,,,,,,,,,,,,,,,,,,,,,,,,,,,,,,,,,,,,,,,,,,,,,,,,,,,,,,,,,,,,,,,,,,,,,,,,,,,,,,,,,
,,,,,,,,,,,,,,,,613775,001,2025-04-14_16h43.09.221,SLSIC,2022.2.5,MacIntel,60.24096386,,,,,,,,,,,3,"[118.90760000002385,146.35730000001192,181.75760000002384]","[118.9076999999881,146.35730000001192,181.7576999999881]",,1,[182.70779999995233],[182.70789999997618],2,"[120.95689999997616,148.24039999997615]","[120.95689999997616,148.24039999997615]","[""scam_button""]",7.972048611,2.2468,7.014973958,3.2029,1.964626736,3.5324,0,2,2,17,1,resources/images/scam10.jpg,scam,1,0.65,0,0,,,,,,,,,,,,,,,,,,,,,,,,,,,,,,,,,,,,,,,,,,,,,,,,,,,,,,,,,,,,,,,,,,,,,,,,,,,,,,,,,,,,,,,
,,,,,,,,,,,,,,,,613775,001,2025-04-14_16h43.09.221,SLSIC,2022.2.5,MacIntel,60.24096386,,,,,,,,,,,4,"[118.90760000002385,146.35730000001192,181.75760000002384,208.55889999997618]","[118.9076999999881,146.35730000001192,181.7576999999881,208.559]",,2,"[182.70779999995233,209.675]","[182.70789999997618,209.675]",2,"[120.95689999997616,148.24039999997615]","[120.95689999997616,148.24039999997615]","[""scam_button""]",6.982595486,1.5993,6.050477431,2.6015,2.989366319,3.236,0,3,3,13,1,resources/images/legit6.png,legit,0.65,0.65,0,0,,,,,,,,,,,,,,,,,,,,,,,,,,,,,,,,,,,,,,,,,,,,,,,,,,,,,,,,,,,,,,,,,,,,,,,,,,,,,,,,,,,,,,,
,,,,,,,,,,,,,,,,613775,001,2025-04-14_16h43.09.221,SLSIC,2022.2.5,MacIntel,60.24096386,,,,,,,,,,,5,"[118.90760000002385,146.35730000001192,181.75760000002384,208.55889999997618,230.75910000002384]","[118.9076999999881,146.35730000001192,181.7576999999881,208.559,230.75910000002384]",,3,"[182.70779999995233,209.675,231.55859999996423]","[182.70789999997618,209.675,231.55859999996423]",2,"[120.95689999997616,148.24039999997615]","[120.95689999997616,148.24039999997615]","[""scam_button""]",9.923307292,1.2968,6.9546875,2.0145,0.962109375,3.7815,0,4,4,19,1,resources/images/scam_11.png,scam,1,0.65,0,0,,,,,,,,,,,,,,,,,,,,,,,,,,,,,,,,,,,,,,,,,,,,,,,,,,,,,,,,,,,,,,,,,,,,,,,,,,,,,,,,,,,,,,,
,,,,,,,,,,,,,,,,613775,001,2025-04-14_16h43.09.221,SLSIC,2022.2.5,MacIntel,60.24096386,,,,,,,,,,,6,"[118.90760000002385,146.35730000001192,181.75760000002384,208.55889999997618,230.75910000002384,249.57580000001192]","[118.9076999999881,146.35730000001192,181.7576999999881,208.559,230.75910000002384,249.57580000001192]",,4,"[182.70779999995233,209.675,231.55859999996423,250.49229999995234]","[182.70789999997618,209.675,231.55859999996423,250.49229999995234]",2,"[120.95689999997616,148.24039999997615]","[120.95689999997616,148.24039999997615]","[""scam_button""]",9.887152778,1.2316,7.972178819,6.7036,0.038715278,2.5021,0,5,5,16,1,resources/images/scam13.png,scam,1,0.65,0,0,,,,,,,,,,,,,,,,,,,,,,,,,,,,,,,,,,,,,,,,,,,,,,,,,,,,,,,,,,,,,,,,,,,,,,,,,,,,,,,,,,,,,,,
,,,,,,,,,,,,,,,,613775,001,2025-04-14_16h43.09.221,SLSIC,2022.2.5,MacIntel,60.24096386,,,,,,,,,,,7,"[118.90760000002385,146.35730000001192,181.75760000002384,208.55889999997618,230.75910000002384,249.57580000001192,282.5433000000119]","[118.9076999999881,146.35730000001192,181.7576999999881,208.559,230.75910000002384,249.57580000001192,282.5433000000119]",,4,"[182.70779999995233,209.675,231.55859999996423,250.49229999995234]","[182.70789999997618,209.675,231.55859999996423,250.49229999995234]",3,"[120.95689999997616,148.24039999997615,283.3916999999881]","[120.95689999997616,148.24039999997615,283.3916999999881]","[""legit_button""]",7.952170139,1.0987,5.902517361,2.732,3.046744792,2.6146,0,6,6,11,1,resources/images/legit4-EDIT.png,legit,0.65,0.65,0,0,,,,,,,,,,,,,,,,,,,,,,,,,,,,,,,,,,,,,,,,,,,,,,,,,,,,,,,,,,,,,,,,,,,,,,,,,,,,,,,,,,,,,,,
,,,,,,,,,,,,,,,,613775,001,2025-04-14_16h43.09.221,SLSIC,2022.2.5,MacIntel,60.24096386,,,,,,,,,,,8,"[118.90760000002385,146.35730000001192,181.75760000002384,208.55889999997618,230.75910000002384,249.57580000001192,282.5433000000119,300.51039999997613]","[118.9076999999881,146.35730000001192,181.7576999999881,208.559,230.75910000002384,249.57580000001192,282.5433000000119,300.51039999997613]",,5,"[182.70779999995233,209.675,231.55859999996423,250.49229999995234,302.04289999997616]","[182.70789999997618,209.675,231.55859999996423,250.49229999995234,302.04289999997616]",3,"[120.95689999997616,148.24039999997615,283.3916999999881]","[120.95689999997616,148.24039999997615,283.3916999999881]","[""scam_button""]",6.915234375,1.2487,9.089453125,3.6813,1.959505208,2.8163,0,7,7,4,1,resources/images/legit2.jpg,legit,1,0.65,0,0,,,,,,,,,,,,,,,,,,,,,,,,,,,,,,,,,,,,,,,,,,,,,,,,,,,,,,,,,,,,,,,,,,,,,,,,,,,,,,,,,,,,,,,
,,,,,,,,,,,,,,,,613775,001,2025-04-14_16h43.09.221,SLSIC,2022.2.5,MacIntel,60.24096386,,,,,,,,,,,9,"[118.90760000002385,146.35730000001192,181.75760000002384,208.55889999997618,230.75910000002384,249.57580000001192,282.5433000000119,300.51039999997613,321.0103000000119]","[118.9076999999881,146.35730000001192,181.7576999999881,208.559,230.75910000002384,249.57580000001192,282.5433000000119,300.51039999997613,321.0103000000119]",,5,"[182.70779999995233,209.675,231.55859999996423,250.49229999995234,302.04289999997616]","[182.70789999997618,209.675,231.55859999996423,250.49229999995234,302.04289999997616]",4,"[120.95689999997616,148.24039999997615,283.3916999999881,322.1763999999761]","[120.95689999997616,148.24039999997615,283.3916999999881,322.1763999999761]","[""legit_button""]",6.992491319,2.415,7.956987847,4.4637,5.916970486,2.416,0,8,8,12,1,resources/images/legit5-EDIT.png,legit,0.65,0.65,0,0,,,,,,,,,,,,,,,,,,,,,,,,,,,,,,,,,,,,,,,,,,,,,,,,,,,,,,,,,,,,,,,,,,,,,,,,,,,,,,,,,,,,,,,
,,,,,,,,,,,,,,,,613775,001,2025-04-14_16h43.09.221,SLSIC,2022.2.5,MacIntel,60.24096386,,,,,,,,,,,10,"[118.90760000002385,146.35730000001192,181.75760000002384,208.55889999997618,230.75910000002384,249.57580000001192,282.5433000000119,300.51039999997613,321.0103000000119,337.7608000000119]","[118.9076999999881,146.35730000001192,181.7576999999881,208.559,230.75910000002384,249.57580000001192,282.5433000000119,300.51039999997613,321.0103000000119,337.7608999999761]",,6,"[182.70779999995233,209.675,231.55859999996423,250.49229999995234,302.04289999997616,338.71019999998805]","[182.70789999997618,209.675,231.55859999996423,250.49229999995234,302.04289999997616,338.71019999998805]",4,"[120.95689999997616,148.24039999997615,283.3916999999881,322.1763999999761]","[120.95689999997616,148.24039999997615,283.3916999999881,322.1763999999761]","[""scam_button""]",9.026996528,1.7821,2.02265625,4.4483,0.879340278,1.3371,0,9,9,10,1,resources/images/scam7.png,scam,0.65,0.65,0,0,,,,,,,,,,,,,,,,,,,,,,,,,,,,,,,,,,,,,,,,,,,,,,,,,,,,,,,,,,,,,,,,,,,,,,,,,,,,,,,,,,,,,,,
,,,,,,,,,,,,,,,,613775,001,2025-04-14_16h43.09.221,SLSIC,2022.2.5,MacIntel,60.24096386,,,,,,,,,,,11,"[118.90760000002385,146.35730000001192,181.75760000002384,208.55889999997618,230.75910000002384,249.57580000001192,282.5433000000119,300.51039999997613,321.0103000000119,337.7608000000119,358.1776000000238]","[118.9076999999881,146.35730000001192,181.7576999999881,208.559,230.75910000002384,249.57580000001192,282.5433000000119,300.51039999997613,321.0103000000119,337.7608999999761,358.1776999999881]",,7,"[182.70779999995233,209.675,231.55859999996423,250.49229999995234,302.04289999997616,338.71019999998805,359.51039999997613]","[182.70789999997618,209.675,231.55859999996423,250.49229999995234,302.04289999997616,338.71019999998805,359.5105]",4,"[120.95689999997616,148.24039999997615,283.3916999999881,322.1763999999761]","[120.95689999997616,148.24039999997615,283.3916999999881,322.1763999999761]","[""scam_button""]",3.937326389,2.1189,7.069184028,1.9483,2.930512153,2.8826,0,10,10,18,1,resources/images/legit10-EDIT.png,legit,1,0.65,0,0,,,,,,,,,,,,,,,,,,,,,,,,,,,,,,,,,,,,,,,,,,,,,,,,,,,,,,,,,,,,,,,,,,,,,,,,,,,,,,,,,,,,,,,
,,,,,,,,,,,,,,,,613775,001,2025-04-14_16h43.09.221,SLSIC,2022.2.5,MacIntel,60.24096386,,,,,,,,,,,12,"[118.90760000002385,146.35730000001192,181.75760000002384,208.55889999997618,230.75910000002384,249.57580000001192,282.5433000000119,300.51039999997613,321.0103000000119,337.7608000000119,358.1776000000238,376.99449999999996]","[118.9076999999881,146.35730000001192,181.7576999999881,208.559,230.75910000002384,249.57580000001192,282.5433000000119,300.51039999997613,321.0103000000119,337.7608999999761,358.1776999999881,376.9946000000238]",,8,"[182.70779999995233,209.675,231.55859999996423,250.49229999995234,302.04289999997616,338.71019999998805,359.51039999997613,378.1772999999523]","[182.70789999997618,209.675,231.55859999996423,250.49229999995234,302.04289999997616,338.71019999998805,359.5105,378.1772999999523]",4,"[120.95689999997616,148.24039999997615,283.3916999999881,322.1763999999761]","[120.95689999997616,148.24039999997615,283.3916999999881,322.1763999999761]","[""scam_button""]",3.830121528,1.4364,6.158029514,3.0486,3.001475694,2.1482,0,11,11,20,1,resources/images/scam12.jpg,scam,0.65,0.65,0,0,,,,,,,,,,,,,,,,,,,,,,,,,,,,,,,,,,,,,,,,,,,,,,,,,,,,,,,,,,,,,,,,,,,,,,,,,,,,,,,,,,,,,,,
,,,,,,,,,,,,,,,,613775,001,2025-04-14_16h43.09.221,SLSIC,2022.2.5,MacIntel,60.24096386,,,,,,,,,,,13,"[118.90760000002385,146.35730000001192,181.75760000002384,208.55889999997618,230.75910000002384,249.57580000001192,282.5433000000119,300.51039999997613,321.0103000000119,337.7608000000119,358.1776000000238,376.99449999999996,394.51139999997616]","[118.9076999999881,146.35730000001192,181.7576999999881,208.559,230.75910000002384,249.57580000001192,282.5433000000119,300.51039999997613,321.0103000000119,337.7608999999761,358.1776999999881,376.9946000000238,394.51149999999996]",,9,"[182.70779999995233,209.675,231.55859999996423,250.49229999995234,302.04289999997616,338.71019999998805,359.51039999997613,378.1772999999523,396.1105999999642]","[182.70789999997618,209.675,231.55859999996423,250.49229999995234,302.04289999997616,338.71019999998805,359.5105,378.1772999999523,396.11069999998807]",4,"[120.95689999997616,148.24039999997615,283.3916999999881,322.1763999999761]","[120.95689999997616,148.24039999997615,283.3916999999881,322.1763999999761]","[""scam_button""]",4.980338542,2.2155,5.981163194,4.1309,2.989670139,3.4155,0,12,12,6,1,resources/images/scam4.png,scam,0.8,0.65,0,0,,,,,,,,,,,,,,,,,,,,,,,,,,,,,,,,,,,,,,,,,,,,,,,,,,,,,,,,,,,,,,,,,,,,,,,,,,,,,,,,,,,,,,,
,,,,,,,,,,,,,,,,613775,001,2025-04-14_16h43.09.221,SLSIC,2022.2.5,MacIntel,60.24096386,,,,,,,,,,,14,"[118.90760000002385,146.35730000001192,181.75760000002384,208.55889999997618,230.75910000002384,249.57580000001192,282.5433000000119,300.51039999997613,321.0103000000119,337.7608000000119,358.1776000000238,376.99449999999996,394.51139999997616,420.2118000000119]","[118.9076999999881,146.35730000001192,181.7576999999881,208.559,230.75910000002384,249.57580000001192,282.5433000000119,300.51039999997613,321.0103000000119,337.7608999999761,358.1776999999881,376.9946000000238,394.51149999999996,420.2118000000119]",,10,"[182.70779999995233,209.675,231.55859999996423,250.49229999995234,302.04289999997616,338.71019999998805,359.51039999997613,378.1772999999523,396.1105999999642,421.56119999998805]","[182.70789999997618,209.675,231.55859999996423,250.49229999995234,302.04289999997616,338.71019999998805,359.5105,378.1772999999523,396.11069999998807,421.56119999998805]",4,"[120.95689999997616,148.24039999997615,283.3916999999881,322.1763999999761]","[120.95689999997616,148.24039999997615,283.3916999999881,322.1763999999761]","[""scam_button""]",6.945703125,1.9978,6.081510417,1.6659,1.999045139,2.0652,0,13,13,21,1,resources/images/legit14-EDIT.jpg,legit,1,0.65,0,0,,,,,,,,,,,,,,,,,,,,,,,,,,,,,,,,,,,,,,,,,,,,,,,,,,,,,,,,,,,,,,,,,,,,,,,,,,,,,,,,,,,,,,,
,,,,,,,,,,,,,,,,613775,001,2025-04-14_16h43.09.221,SLSIC,2022.2.5,MacIntel,60.24096386,,,,,,,,,,,15,"[118.90760000002385,146.35730000001192,181.75760000002384,208.55889999997618,230.75910000002384,249.57580000001192,282.5433000000119,300.51039999997613,321.0103000000119,337.7608000000119,358.1776000000238,376.99449999999996,394.51139999997616,420.2118000000119,437.42869999998805]","[118.9076999999881,146.35730000001192,181.7576999999881,208.559,230.75910000002384,249.57580000001192,282.5433000000119,300.51039999997613,321.0103000000119,337.7608999999761,358.1776999999881,376.9946000000238,394.51149999999996,420.2118000000119,437.42869999998805]",,11,"[182.70779999995233,209.675,231.55859999996423,250.49229999995234,302.04289999997616,338.71019999998805,359.51039999997613,378.1772999999523,396.1105999999642,421.56119999998805,438.27809999996424]","[182.70789999997618,209.675,231.55859999996423,250.49229999995234,302.04289999997616,338.71019999998805,359.5105,378.1772999999523,396.11069999998807,421.56119999998805,438.27809999996424]",4,"[120.95689999997616,148.24039999997615,283.3916999999881,322.1763999999761]","[120.95689999997616,148.24039999997615,283.3916999999881,322.1763999999761]","[""scam_button""]",7.054730903,1.2977,5.891276042,2.6383,2.878819444,2.0531,0,14,14,23,1,resources/images/scam14-EDIT.png,scam,1,0.65,0,0,,,,,,,,,,,,,,,,,,,,,,,,,,,,,,,,,,,,,,,,,,,,,,,,,,,,,,,,,,,,,,,,,,,,,,,,,,,,,,,,,,,,,,,
,,,,,,,,,,,,,,,,613775,001,2025-04-14_16h43.09.221,SLSIC,2022.2.5,MacIntel,60.24096386,,,,,,,,,,,16,"[118.90760000002385,146.35730000001192,181.75760000002384,208.55889999997618,230.75910000002384,249.57580000001192,282.5433000000119,300.51039999997613,321.0103000000119,337.7608000000119,358.1776000000238,376.99449999999996,394.51139999997616,420.2118000000119,437.42869999998805,461.19569999998805]","[118.9076999999881,146.35730000001192,181.7576999999881,208.559,230.75910000002384,249.57580000001192,282.5433000000119,300.51039999997613,321.0103000000119,337.7608999999761,358.1776999999881,376.9946000000238,394.51149999999996,420.2118000000119,437.42869999998805,461.19569999998805]",,11,"[182.70779999995233,209.675,231.55859999996423,250.49229999995234,302.04289999997616,338.71019999998805,359.51039999997613,378.1772999999523,396.1105999999642,421.56119999998805,438.27809999996424]","[182.70789999997618,209.675,231.55859999996423,250.49229999995234,302.04289999997616,338.71019999998805,359.5105,378.1772999999523,396.11069999998807,421.56119999998805,438.27809999996424]",5,"[120.95689999997616,148.24039999997615,283.3916999999881,322.1763999999761,462.11169999998805]","[120.95689999997616,148.24039999997615,283.3916999999881,322.1763999999761,462.11169999998805]","[""legit_button""]",5.927821181,1.5127,6.028993056,4.5815,2.891579861,2.782,0,15,15,5,1,resources/images/legit3.jpg,legit,1,0.73,0,0,,,,,,,,,,,,,,,,,,,,,,,,,,,,,,,,,,,,,,,,,,,,,,,,,,,,,,,,,,,,,,,,,,,,,,,,,,,,,,,,,,,,,,,
,,,,,,,,,,,,,,,,613775,001,2025-04-14_16h43.09.221,SLSIC,2022.2.5,MacIntel,60.24096386,,,,,,,,,,,17,"[118.90760000002385,146.35730000001192,181.75760000002384,208.55889999997618,230.75910000002384,249.57580000001192,282.5433000000119,300.51039999997613,321.0103000000119,337.7608000000119,358.1776000000238,376.99449999999996,394.51139999997616,420.2118000000119,437.42869999998805,461.19569999998805,486.7628000000118]","[118.9076999999881,146.35730000001192,181.7576999999881,208.559,230.75910000002384,249.57580000001192,282.5433000000119,300.51039999997613,321.0103000000119,337.7608999999761,358.1776999999881,376.9946000000238,394.51149999999996,420.2118000000119,437.42869999998805,461.19569999998805,486.76289999997607]",,12,"[182.70779999995233,209.675,231.55859999996423,250.49229999995234,302.04289999997616,338.71019999998805,359.51039999997613,378.1772999999523,396.1105999999642,421.56119999998805,438.27809999996424,487.97879999995223]","[182.70789999997618,209.675,231.55859999996423,250.49229999995234,302.04289999997616,338.71019999998805,359.5105,378.1772999999523,396.11069999998807,421.56119999998805,438.27809999996424,487.9788999999761]",5,"[120.95689999997616,148.24039999997615,283.3916999999881,322.1763999999761,462.11169999998805]","[120.95689999997616,148.24039999997615,283.3916999999881,322.1763999999761,462.11169999998805]","[""scam_button""]",6.932118056,1.4701,3.996701389,2.0462,2.014800347,1.1667,0,16,16,8,1,resources/images/legit9-EDIT.png,legit,1,0.65,0,0,,,,,,,,,,,,,,,,,,,,,,,,,,,,,,,,,,,,,,,,,,,,,,,,,,,,,,,,,,,,,,,,,,,,,,,,,,,,,,,,,,,,,,,
,,,,,,,,,,,,,,,,613775,001,2025-04-14_16h43.09.221,SLSIC,2022.2.5,MacIntel,60.24096386,,,,,,,,,,,18,"[118.90760000002385,146.35730000001192,181.75760000002384,208.55889999997618,230.75910000002384,249.57580000001192,282.5433000000119,300.51039999997613,321.0103000000119,337.7608000000119,358.1776000000238,376.99449999999996,394.51139999997616,420.2118000000119,437.42869999998805,461.19569999998805,486.7628000000118,499.5463999999761]","[118.9076999999881,146.35730000001192,181.7576999999881,208.559,230.75910000002384,249.57580000001192,282.5433000000119,300.51039999997613,321.0103000000119,337.7608999999761,358.1776999999881,376.9946000000238,394.51149999999996,420.2118000000119,437.42869999998805,461.19569999998805,486.76289999997607,499.5464999999999]",,12,"[182.70779999995233,209.675,231.55859999996423,250.49229999995234,302.04289999997616,338.71019999998805,359.51039999997613,378.1772999999523,396.1105999999642,421.56119999998805,438.27809999996424,487.97879999995223]","[182.70789999997618,209.675,231.55859999996423,250.49229999995234,302.04289999997616,338.71019999998805,359.5105,378.1772999999523,396.11069999998807,421.56119999998805,438.27809999996424,487.9788999999761]",6,"[120.95689999997616,148.24039999997615,283.3916999999881,322.1763999999761,462.11169999998805,500.3289999999999]","[120.95689999997616,148.24039999997615,283.3916999999881,322.1763999999761,462.11169999998805,500.3289999999999]","[""legit_button""]",9.049522569,1.3988,8.956206597,1.2661,8.958767361,2.3314,0,17,17,15,1,resources/images/legit8.png,legit,0.8,0.72,0,0,,,,,,,,,,,,,,,,,,,,,,,,,,,,,,,,,,,,,,,,,,,,,,,,,,,,,,,,,,,,,,,,,,,,,,,,,,,,,,,,,,,,,,,
,,,,,,,,,,,,,,,,613775,001,2025-04-14_16h43.09.221,SLSIC,2022.2.5,MacIntel,60.24096386,,,,,,,,,,,19,"[118.90760000002385,146.35730000001192,181.75760000002384,208.55889999997618,230.75910000002384,249.57580000001192,282.5433000000119,300.51039999997613,321.0103000000119,337.7608000000119,358.1776000000238,376.99449999999996,394.51139999997616,420.2118000000119,437.42869999998805,461.19569999998805,486.7628000000118,499.5463999999761,518.213199999988]","[118.9076999999881,146.35730000001192,181.7576999999881,208.559,230.75910000002384,249.57580000001192,282.5433000000119,300.51039999997613,321.0103000000119,337.7608999999761,358.1776999999881,376.9946000000238,394.51149999999996,420.2118000000119,437.42869999998805,461.19569999998805,486.76289999997607,499.5464999999999,518.213199999988]",,12,"[182.70779999995233,209.675,231.55859999996423,250.49229999995234,302.04289999997616,338.71019999998805,359.51039999997613,378.1772999999523,396.1105999999642,421.56119999998805,438.27809999996424,487.97879999995223]","[182.70789999997618,209.675,231.55859999996423,250.49229999995234,302.04289999997616,338.71019999998805,359.5105,378.1772999999523,396.11069999998807,421.56119999998805,438.27809999996424,487.9788999999761]",7,"[120.95689999997616,148.24039999997615,283.3916999999881,322.1763999999761,462.11169999998805,500.3289999999999,519.1123999999761]","[120.95689999997616,148.24039999997615,283.3916999999881,322.1763999999761,462.11169999998805,500.3289999999999,519.1125]","[""legit_button""]",7.932161458,1.3989,6.9015625,4.8158,4.986545139,1.9819,0,18,18,22,1,resources/images/legit17-EDIT.png,legit,0.65,0.65,0,0,,,,,,,,,,,,,,,,,,,,,,,,,,,,,,,,,,,,,,,,,,,,,,,,,,,,,,,,,,,,,,,,,,,,,,,,,,,,,,,,,,,,,,,
,,,,,,,,,,,,,,,,613775,001,2025-04-14_16h43.09.221,SLSIC,2022.2.5,MacIntel,60.24096386,,,,,,,,,,,20,"[118.90760000002385,146.35730000001192,181.75760000002384,208.55889999997618,230.75910000002384,249.57580000001192,282.5433000000119,300.51039999997613,321.0103000000119,337.7608000000119,358.1776000000238,376.99449999999996,394.51139999997616,420.2118000000119,437.42869999998805,461.19569999998805,486.7628000000118,499.5463999999761,518.213199999988,539.430199999988]","[118.9076999999881,146.35730000001192,181.7576999999881,208.559,230.75910000002384,249.57580000001192,282.5433000000119,300.51039999997613,321.0103000000119,337.7608999999761,358.1776999999881,376.9946000000238,394.51149999999996,420.2118000000119,437.42869999998805,461.19569999998805,486.76289999997607,499.5464999999999,518.213199999988,539.4303000000118]",,13,"[182.70779999995233,209.675,231.55859999996423,250.49229999995234,302.04289999997616,338.71019999998805,359.51039999997613,378.1772999999523,396.1105999999642,421.56119999998805,438.27809999996424,487.97879999995223,540.546199999988]","[182.70789999997618,209.675,231.55859999996423,250.49229999995234,302.04289999997616,338.71019999998805,359.5105,378.1772999999523,396.11069999998807,421.56119999998805,438.27809999996424,487.9788999999761,540.546199999988]",7,"[120.95689999997616,148.24039999997615,283.3916999999881,322.1763999999761,462.11169999998805,500.3289999999999,519.1123999999761]","[120.95689999997616,148.24039999997615,283.3916999999881,322.1763999999761,462.11169999998805,500.3289999999999,519.1125]","[""scam_button""]",6.986762153,2.2824,6.031770833,2.9529,0.980208333,2.1311,0,19,19,9,1,resources/images/scam6.jpg,scam,1,0.65,0,0,,,,,,,,,,,,,,,,,,,,,,,,,,,,,,,,,,,,,,,,,,,,,,,,,,,,,,,,,,,,,,,,,,,,,,,,,,,,,,,,,,,,,,,
,,,,,,,,,,,,,,,,613775,001,2025-04-14_16h43.09.221,SLSIC,2022.2.5,MacIntel,60.24096386,,,,,,,,,,,21,"[118.90760000002385,146.35730000001192,181.75760000002384,208.55889999997618,230.75910000002384,249.57580000001192,282.5433000000119,300.51039999997613,321.0103000000119,337.7608000000119,358.1776000000238,376.99449999999996,394.51139999997616,420.2118000000119,437.42869999998805,461.19569999998805,486.7628000000118,499.5463999999761,518.213199999988,539.430199999988,552.7468000000118]","[118.9076999999881,146.35730000001192,181.7576999999881,208.559,230.75910000002384,249.57580000001192,282.5433000000119,300.51039999997613,321.0103000000119,337.7608999999761,358.1776999999881,376.9946000000238,394.51149999999996,420.2118000000119,437.42869999998805,461.19569999998805,486.76289999997607,499.5464999999999,518.213199999988,539.4303000000118,552.7468999999761]",,14,"[182.70779999995233,209.675,231.55859999996423,250.49229999995234,302.04289999997616,338.71019999998805,359.51039999997613,378.1772999999523,396.1105999999642,421.56119999998805,438.27809999996424,487.97879999995223,540.546199999988,553.412899999976]","[182.70789999997618,209.675,231.55859999996423,250.49229999995234,302.04289999997616,338.71019999998805,359.5105,378.1772999999523,396.11069999998807,421.56119999998805,438.27809999996424,487.9788999999761,540.546199999988,553.412899999976]",7,"[120.95689999997616,148.24039999997615,283.3916999999881,322.1763999999761,462.11169999998805,500.3289999999999,519.1123999999761]","[120.95689999997616,148.24039999997615,283.3916999999881,322.1763999999761,462.11169999998805,500.3289999999999,519.1125]","[""scam_button""]",8.864887153,1.2157,2.919314236,3.6992,1.005034722,1.5481,0,20,20,0,1,resources/images/scam_1.png,scam,1,0.65,0,0,,,,,,,,,,,,,,,,,,,,,,,,,,,,,,,,,,,,,,,,,,,,,,,,,,,,,,,,,,,,,,,,,,,,,,,,,,,,,,,,,,,,,,,
,,,,,,,,,,,,,,,,613775,001,2025-04-14_16h43.09.221,SLSIC,2022.2.5,MacIntel,60.24096386,,,,,,,,,,,22,"[118.90760000002385,146.35730000001192,181.75760000002384,208.55889999997618,230.75910000002384,249.57580000001192,282.5433000000119,300.51039999997613,321.0103000000119,337.7608000000119,358.1776000000238,376.99449999999996,394.51139999997616,420.2118000000119,437.42869999998805,461.19569999998805,486.7628000000118,499.5463999999761,518.213199999988,539.430199999988,552.7468000000118,577.1139999999999]","[118.9076999999881,146.35730000001192,181.7576999999881,208.559,230.75910000002384,249.57580000001192,282.5433000000119,300.51039999997613,321.0103000000119,337.7608999999761,358.1776999999881,376.9946000000238,394.51149999999996,420.2118000000119,437.42869999998805,461.19569999998805,486.76289999997607,499.5464999999999,518.213199999988,539.4303000000118,552.7468999999761,577.1141000000238]",,15,"[182.70779999995233,209.675,231.55859999996423,250.49229999995234,302.04289999997616,338.71019999998805,359.51039999997613,378.1772999999523,396.1105999999642,421.56119999998805,438.27809999996424,487.97879999995223,540.546199999988,553.412899999976,578.43]","[182.70789999997618,209.675,231.55859999996423,250.49229999995234,302.04289999997616,338.71019999998805,359.5105,378.1772999999523,396.11069999998807,421.56119999998805,438.27809999996424,487.9788999999761,540.546199999988,553.412899999976,578.4300999999641]",7,"[120.95689999997616,148.24039999997615,283.3916999999881,322.1763999999761,462.11169999998805,500.3289999999999,519.1123999999761]","[120.95689999997616,148.24039999997615,283.3916999999881,322.1763999999761,462.11169999998805,500.3289999999999,519.1125]","[""scam_button""]",8.026605903,1.3312,7.935329861,1.8804,2.05234375,2.1496,0,21,21,7,1,resources/images/scam5.jpg,scam,0.7,0.65,0,0,,,,,,,,,,,,,,,,,,,,,,,,,,,,,,,,,,,,,,,,,,,,,,,,,,,,,,,,,,,,,,,,,,,,,,,,,,,,,,,,,,,,,,,
,,,,,,,,,,,,,,,,613775,001,2025-04-14_16h43.09.221,SLSIC,2022.2.5,MacIntel,60.24096386,,,,,,,,,,,23,"[118.90760000002385,146.35730000001192,181.75760000002384,208.55889999997618,230.75910000002384,249.57580000001192,282.5433000000119,300.51039999997613,321.0103000000119,337.7608000000119,358.1776000000238,376.99449999999996,394.51139999997616,420.2118000000119,437.42869999998805,461.19569999998805,486.7628000000118,499.5463999999761,518.213199999988,539.430199999988,552.7468000000118,577.1139999999999,591.2308000000119]","[118.9076999999881,146.35730000001192,181.7576999999881,208.559,230.75910000002384,249.57580000001192,282.5433000000119,300.51039999997613,321.0103000000119,337.7608999999761,358.1776999999881,376.9946000000238,394.51149999999996,420.2118000000119,437.42869999998805,461.19569999998805,486.76289999997607,499.5464999999999,518.213199999988,539.4303000000118,552.7468999999761,577.1141000000238,591.2308000000119]",,16,"[182.70779999995233,209.675,231.55859999996423,250.49229999995234,302.04289999997616,338.71019999998805,359.51039999997613,378.1772999999523,396.1105999999642,421.56119999998805,438.27809999996424,487.97879999995223,540.546199999988,553.412899999976,578.43,592.1967999999522]","[182.70789999997618,209.675,231.55859999996423,250.49229999995234,302.04289999997616,338.71019999998805,359.5105,378.1772999999523,396.11069999998807,421.56119999998805,438.27809999996424,487.9788999999761,540.546199999988,553.412899999976,578.4300999999641,592.196899999976]",7,"[120.95689999997616,148.24039999997615,283.3916999999881,322.1763999999761,462.11169999998805,500.3289999999999,519.1123999999761]","[120.95689999997616,148.24039999997615,283.3916999999881,322.1763999999761,462.11169999998805,500.3289999999999,519.1125]","[""scam_button""]",6.975651042,1.7482,1.980946181,4.2318,1.980946181,1.6484,0,22,22,1,1,resources/images/scam_2.png,scam,0.9,0.65,0,0,,,,,,,,,,,,,,,,,,,,,,,,,,,,,,,,,,,,,,,,,,,,,,,,,,,,,,,,,,,,,,,,,,,,,,,,,,,,,,,,,,,,,,,
,,,,,,,,,,,,,,,,613775,001,2025-04-14_16h43.09.221,SLSIC,2022.2.5,MacIntel,60.24096386,,,,,,,,,,,24,"[118.90760000002385,146.35730000001192,181.75760000002384,208.55889999997618,230.75910000002384,249.57580000001192,282.5433000000119,300.51039999997613,321.0103000000119,337.7608000000119,358.1776000000238,376.99449999999996,394.51139999997616,420.2118000000119,437.42869999998805,461.19569999998805,486.7628000000118,499.5463999999761,518.213199999988,539.430199999988,552.7468000000118,577.1139999999999,591.2308000000119,607.8309999999999]","[118.9076999999881,146.35730000001192,181.7576999999881,208.559,230.75910000002384,249.57580000001192,282.5433000000119,300.51039999997613,321.0103000000119,337.7608999999761,358.1776999999881,376.9946000000238,394.51149999999996,420.2118000000119,437.42869999998805,461.19569999998805,486.76289999997607,499.5464999999999,518.213199999988,539.4303000000118,552.7468999999761,577.1141000000238,591.2308000000119,607.8309999999999]",,16,"[182.70779999995233,209.675,231.55859999996423,250.49229999995234,302.04289999997616,338.71019999998805,359.51039999997613,378.1772999999523,396.1105999999642,421.56119999998805,438.27809999996424,487.97879999995223,540.546199999988,553.412899999976,578.43,592.1967999999522]","[182.70789999997618,209.675,231.55859999996423,250.49229999995234,302.04289999997616,338.71019999998805,359.5105,378.1772999999523,396.11069999998807,421.56119999998805,438.27809999996424,487.9788999999761,540.546199999988,553.412899999976,578.4300999999641,592.196899999976]",8,"[120.95689999997616,148.24039999997615,283.3916999999881,322.1763999999761,462.11169999998805,500.3289999999999,519.1123999999761,608.7303000000119]","[120.95689999997616,148.24039999997615,283.3916999999881,322.1763999999761,462.11169999998805,500.3289999999999,519.1125,608.7303000000119]","[""legit_button""]",6.9984375,3.0828,6.961328125,2.535,6.084375,1.47,0,23,23,2,1,resources/images/scam3.png,scam,1.2,0.65,0,0,,,,,,,,,,,,,,,,,,,,,,,,,,,,,,,,,,,,,,,,,,,,,,,,,,,,,,,,,,,,,,,,,,,,,,,,,,,,,,,,,,,,,,,
,,,,,,,,,,,,,,,,613775,001,2025-04-14_16h43.09.221,SLSIC,2022.2.5,MacIntel,60.24096386,,,,,,,,,,,,,,,,,,,,,,,,,,,,,,,,,,,,,,,space,60.4191,,,,,,,,,,,,,,,,,,,,,,,,,,,,,,,,,,,,,,,,,,,,,,,,,,,,,,,,,,,,,,,,,,,,,,,,,,,,,,,,,,,,,
,,,,,,,,,,,,,,,,613775,001,2025-04-14_16h43.09.221,SLSIC,2022.2.5,MacIntel,60.24096386,,,,,,,,,,,,,,,,,,,,,,,,,,,,,,,,,,,,,,,,,1,[692.3952999999523],[692.3953999999761],,,,,,,,,,,,,,,,,,,,,,,,,,,,,,,,,,,,,,,,,,,,,,,,,,,,,,,,,,,,,,,,,,,,,,,,,,,,,,,,,,
,,,,,,,,,,,,,,,,613775,001,2025-04-14_16h43.09.221,SLSIC,2022.2.5,MacIntel,60.24096386,,,,,,,,,,,,,,,,,,,,,,,,1.015711806,4.8643,,,,,,,,,,,,,,,,,,,,,,,,,,,,,,,,,,,,,,,,,,,,,,,,,,,,,,,,,,,,,,,,,,,,,,,,,,,,,,,,,,,,,,,,,,,,,,,,,,,,
,,,,,,,,,,,,,,,,613775,001,2025-04-14_16h43.09.221,SLSIC,2022.2.5,MacIntel,60.24096386,,,,,,,,,,,,,,,,,,,,,,,,,,,,,,,,,,,,,,,,,,,,1,[702.3114999999999],[702.3115999999642],,,,,,,,,,,,,,,,,,,,,,,,,,,,,,,,,,,,,,,,,,,,,,,,,,,,,,,,,,,,,,,,,,,,,,,,,,,,,,,
,,,,,,,,,,,,,,,,613775,001,2025-04-14_16h43.09.221,SLSIC,2022.2.5,MacIntel,60.24096386,,,,,,,,,,,,,,,,,,,,,,,,7.981814236,13.6194,,,,,,,,,,,,,,,,,,,,,,,,,,,,,,,,,,,,,,,,,,,,,,,,,,,,,,,,,,,,,,,,,,,,,,,,,,,,,,,,,,,,,,,,,,,,,,,,,,,,
,,,,,,,,,,,,,,,,613775,001,2025-04-14_16h43.09.221,SLSIC,2022.2.5,MacIntel,60.24096386,,,,,,,,,,,,,,,,,,,,,,,,,,,,,,,,,,,,,,,,,,,,,,,1,[721.3277999999523],[721.3277999999523],,,,,,,,,,,,,,,,,,,,,,,,,,,,,,,,,,,,,,,,,,,,,,,,,,,,,,,,,,,,,,,,,,,,,,,,,,,,
,,,,,,,,,,,,,,,,613775,001,2025-04-14_16h43.09.221,SLSIC,2022.2.5,MacIntel,60.24096386,,,,,,,,,,,,,,,,,,,,,,,,8.000390625,1.8646,,,,,,,,,,,,,,,,,,,,,,,,,,,,,,,,,,,,,,,,,,,,,,,,,,,,,,,,,,,,,,,,,,,,,,,,,,,,,,,,,,,,,,,,,,,,,,,,,,,,
,,,,,,,,,,,,,,,,613775,001,2025-04-14_16h43.09.221,SLSIC,2022.2.5,MacIntel,60.24096386,,,,,,,,,space,9.2342,,,,,,,,,,,,,,,,,,,,,,,,,,,,,,,,,,,,,,,,,,,,,,,,,,,,,,,,,,,,,,,,,,,,,,,,,,,,,,,,,,,,,,,,,,,,,,,,,,,,,,,,,,,,,,,,,,,
,,,,,,,,,,,,,,,,613775,001,2025-04-14_16h43.09.221,SLSIC,2022.2.5,MacIntel,60.24096386,,,,,,,,,,,25,"[118.90760000002385,146.35730000001192,181.75760000002384,208.55889999997618,230.75910000002384,249.57580000001192,282.5433000000119,300.51039999997613,321.0103000000119,337.7608000000119,358.1776000000238,376.99449999999996,394.51139999997616,420.2118000000119,437.42869999998805,461.19569999998805,486.7628000000118,499.5463999999761,518.213199999988,539.430199999988,552.7468000000118,577.1139999999999,591.2308000000119,607.8309999999999,746.7494999999999]","[118.9076999999881,146.35730000001192,181.7576999999881,208.559,230.75910000002384,249.57580000001192,282.5433000000119,300.51039999997613,321.0103000000119,337.7608999999761,358.1776999999881,376.9946000000238,394.51149999999996,420.2118000000119,437.42869999998805,461.19569999998805,486.76289999997607,499.5464999999999,518.213199999988,539.4303000000118,552.7468999999761,577.1141000000238,591.2308000000119,607.8309999999999,746.7494999999999]",,16,"[182.70779999995233,209.675,231.55859999996423,250.49229999995234,302.04289999997616,338.71019999998805,359.51039999997613,378.1772999999523,396.1105999999642,421.56119999998805,438.27809999996424,487.97879999995223,540.546199999988,553.412899999976,578.43,592.1967999999522]","[182.70789999997618,209.675,231.55859999996423,250.49229999995234,302.04289999997616,338.71019999998805,359.5105,378.1772999999523,396.11069999998807,421.56119999998805,438.27809999996424,487.9788999999761,540.546199999988,553.412899999976,578.4300999999641,592.196899999976]",9,"[120.95689999997616,148.24039999997615,283.3916999999881,322.1763999999761,462.11169999998805,500.3289999999999,519.1123999999761,608.7303000000119,747.832]","[120.95689999997616,148.24039999997615,283.3916999999881,322.1763999999761,462.11169999998805,500.3289999999999,519.1125,608.7303000000119,747.832]","[""legit_button""]",8.027517361,1.2321,7.977777778,3.5319,8.022699653,4.9814,,,,,,resources/images/scam15.jpg,scam,0.65,0.65,0,0,,,,,,,,,,,,0,0,0,10,1,,,,,,,,,,,,,,,,,,,,,,,,,,,,,,,,,,,,,,,,,,,,,,,,,,,,,,,,,,,,,,,,,,,,,,,
,,,,,,,,,,,,,,,,613775,001,2025-04-14_16h43.09.221,SLSIC,2022.2.5,MacIntel,60.24096386,,,,,,,,,,,26,"[118.90760000002385,146.35730000001192,181.75760000002384,208.55889999997618,230.75910000002384,249.57580000001192,282.5433000000119,300.51039999997613,321.0103000000119,337.7608000000119,358.1776000000238,376.99449999999996,394.51139999997616,420.2118000000119,437.42869999998805,461.19569999998805,486.7628000000118,499.5463999999761,518.213199999988,539.430199999988,552.7468000000118,577.1139999999999,591.2308000000119,607.8309999999999,746.7494999999999,765.549699999988]","[118.9076999999881,146.35730000001192,181.7576999999881,208.559,230.75910000002384,249.57580000001192,282.5433000000119,300.51039999997613,321.0103000000119,337.7608999999761,358.1776999999881,376.9946000000238,394.51149999999996,420.2118000000119,437.42869999998805,461.19569999998805,486.76289999997607,499.5464999999999,518.213199999988,539.4303000000118,552.7468999999761,577.1141000000238,591.2308000000119,607.8309999999999,746.7494999999999,765.549699999988]",,16,"[182.70779999995233,209.675,231.55859999996423,250.49229999995234,302.04289999997616,338.71019999998805,359.51039999997613,378.1772999999523,396.1105999999642,421.56119999998805,438.27809999996424,487.97879999995223,540.546199999988,553.412899999976,578.43,592.1967999999522]","[182.70789999997618,209.675,231.55859999996423,250.49229999995234,302.04289999997616,338.71019999998805,359.5105,378.1772999999523,396.11069999998807,421.56119999998805,438.27809999996424,487.9788999999761,540.546199999988,553.412899999976,578.4300999999641,592.196899999976]",10,"[120.95689999997616,148.24039999997615,283.3916999999881,322.1763999999761,462.11169999998805,500.3289999999999,519.1123999999761,608.7303000000119,747.832,766.2155]","[120.95689999997616,148.24039999997615,283.3916999999881,322.1763999999761,462.11169999998805,500.3289999999999,519.1125,608.7303000000119,747.832,766.2155]","[""legit_button""]",6.953255208,1.3694,5.894184028,3.8458,5.035286458,3.3166,,,,,,resources/images/legit16.jpg,legit,0.65,0.65,0,0,,,,,,,,,,,,0,1,1,15,1,,,,,,,,,,,,,,,,,,,,,,,,,,,,,,,,,,,,,,,,,,,,,,,,,,,,,,,,,,,,,,,,,,,,,,,
,,,,,,,,,,,,,,,,613775,001,2025-04-14_16h43.09.221,SLSIC,2022.2.5,MacIntel,60.24096386,,,,,,,,,,,27,"[118.90760000002385,146.35730000001192,181.75760000002384,208.55889999997618,230.75910000002384,249.57580000001192,282.5433000000119,300.51039999997613,321.0103000000119,337.7608000000119,358.1776000000238,376.99449999999996,394.51139999997616,420.2118000000119,437.42869999998805,461.19569999998805,486.7628000000118,499.5463999999761,518.213199999988,539.430199999988,552.7468000000118,577.1139999999999,591.2308000000119,607.8309999999999,746.7494999999999,765.549699999988,781.2501000000237]","[118.9076999999881,146.35730000001192,181.7576999999881,208.559,230.75910000002384,249.57580000001192,282.5433000000119,300.51039999997613,321.0103000000119,337.7608999999761,358.1776999999881,376.9946000000238,394.51149999999996,420.2118000000119,437.42869999998805,461.19569999998805,486.76289999997607,499.5464999999999,518.213199999988,539.4303000000118,552.7468999999761,577.1141000000238,591.2308000000119,607.8309999999999,746.7494999999999,765.549699999988,781.2501000000237]",,17,"[182.70779999995233,209.675,231.55859999996423,250.49229999995234,302.04289999997616,338.71019999998805,359.51039999997613,378.1772999999523,396.1105999999642,421.56119999998805,438.27809999996424,487.97879999995223,540.546199999988,553.412899999976,578.43,592.1967999999522,782.266]","[182.70789999997618,209.675,231.55859999996423,250.49229999995234,302.04289999997616,338.71019999998805,359.5105,378.1772999999523,396.11069999998807,421.56119999998805,438.27809999996424,487.9788999999761,540.546199999988,553.412899999976,578.4300999999641,592.196899999976,782.2660999999641]",10,"[120.95689999997616,148.24039999997615,283.3916999999881,322.1763999999761,462.11169999998805,500.3289999999999,519.1123999999761,608.7303000000119,747.832,766.2155]","[120.95689999997616,148.24039999997615,283.3916999999881,322.1763999999761,462.11169999998805,500.3289999999999,519.1125,608.7303000000119,747.832,766.2155]","[""scam_button""]",9.088324653,1.6984,9.063715278,1.415,2.010720486,3.3988,,,,,,resources/images/scam16.png,scam,0.65,0.65,0,0,,,,,,,,,,,,0,2,2,11,1,,,,,,,,,,,,,,,,,,,,,,,,,,,,,,,,,,,,,,,,,,,,,,,,,,,,,,,,,,,,,,,,,,,,,,,
,,,,,,,,,,,,,,,,613775,001,2025-04-14_16h43.09.221,SLSIC,2022.2.5,MacIntel,60.24096386,,,,,,,,,,,28,"[118.90760000002385,146.35730000001192,181.75760000002384,208.55889999997618,230.75910000002384,249.57580000001192,282.5433000000119,300.51039999997613,321.0103000000119,337.7608000000119,358.1776000000238,376.99449999999996,394.51139999997616,420.2118000000119,437.42869999998805,461.19569999998805,486.7628000000118,499.5463999999761,518.213199999988,539.430199999988,552.7468000000118,577.1139999999999,591.2308000000119,607.8309999999999,746.7494999999999,765.549699999988,781.2501000000237,799.1001000000238]","[118.9076999999881,146.35730000001192,181.7576999999881,208.559,230.75910000002384,249.57580000001192,282.5433000000119,300.51039999997613,321.0103000000119,337.7608999999761,358.1776999999881,376.9946000000238,394.51149999999996,420.2118000000119,437.42869999998805,461.19569999998805,486.76289999997607,499.5464999999999,518.213199999988,539.4303000000118,552.7468999999761,577.1141000000238,591.2308000000119,607.8309999999999,746.7494999999999,765.549699999988,781.2501000000237,799.1001000000238]",,18,"[182.70779999995233,209.675,231.55859999996423,250.49229999995234,302.04289999997616,338.71019999998805,359.51039999997613,378.1772999999523,396.1105999999642,421.56119999998805,438.27809999996424,487.97879999995223,540.546199999988,553.412899999976,578.43,592.1967999999522,782.266,800.366199999988]","[182.70789999997618,209.675,231.55859999996423,250.49229999995234,302.04289999997616,338.71019999998805,359.5105,378.1772999999523,396.11069999998807,421.56119999998805,438.27809999996424,487.9788999999761,540.546199999988,553.412899999976,578.4300999999641,592.196899999976,782.2660999999641,800.366199999988]",10,"[120.95689999997616,148.24039999997615,283.3916999999881,322.1763999999761,462.11169999998805,500.3289999999999,519.1123999999761,608.7303000000119,747.832,766.2155]","[120.95689999997616,148.24039999997615,283.3916999999881,322.1763999999761,462.11169999998805,500.3289999999999,519.1125,608.7303000000119,747.832,766.2155]","[""scam_button""]",6.925086806,2.2126,6.987586806,3.0533,4.750347222,1.5468,,,,,,resources/images/scam_22.png,scam,1,0.65,0,0,,,,,,,,,,,,0,3,3,23,1,,,,,,,,,,,,,,,,,,,,,,,,,,,,,,,,,,,,,,,,,,,,,,,,,,,,,,,,,,,,,,,,,,,,,,,
,,,,,,,,,,,,,,,,613775,001,2025-04-14_16h43.09.221,SLSIC,2022.2.5,MacIntel,60.24096386,,,,,,,,,,,29,"[118.90760000002385,146.35730000001192,181.75760000002384,208.55889999997618,230.75910000002384,249.57580000001192,282.5433000000119,300.51039999997613,321.0103000000119,337.7608000000119,358.1776000000238,376.99449999999996,394.51139999997616,420.2118000000119,437.42869999998805,461.19569999998805,486.7628000000118,499.5463999999761,518.213199999988,539.430199999988,552.7468000000118,577.1139999999999,591.2308000000119,607.8309999999999,746.7494999999999,765.549699999988,781.2501000000237,799.1001000000238,815.8498999999761]","[118.9076999999881,146.35730000001192,181.7576999999881,208.559,230.75910000002384,249.57580000001192,282.5433000000119,300.51039999997613,321.0103000000119,337.7608999999761,358.1776999999881,376.9946000000238,394.51149999999996,420.2118000000119,437.42869999998805,461.19569999998805,486.76289999997607,499.5464999999999,518.213199999988,539.4303000000118,552.7468999999761,577.1141000000238,591.2308000000119,607.8309999999999,746.7494999999999,765.549699999988,781.2501000000237,799.1001000000238,815.8498999999761]",,19,"[182.70779999995233,209.675,231.55859999996423,250.49229999995234,302.04289999997616,338.71019999998805,359.51039999997613,378.1772999999523,396.1105999999642,421.56119999998805,438.27809999996424,487.97879999995223,540.546199999988,553.412899999976,578.43,592.1967999999522,782.266,800.366199999988,816.599699999988]","[182.70789999997618,209.675,231.55859999996423,250.49229999995234,302.04289999997616,338.71019999998805,359.5105,378.1772999999523,396.11069999998807,421.56119999998805,438.27809999996424,487.9788999999761,540.546199999988,553.412899999976,578.4300999999641,592.196899999976,782.2660999999641,800.366199999988,816.599699999988]",10,"[120.95689999997616,148.24039999997615,283.3916999999881,322.1763999999761,462.11169999998805,500.3289999999999,519.1123999999761,608.7303000000119,747.832,766.2155]","[120.95689999997616,148.24039999997615,283.3916999999881,322.1763999999761,462.11169999998805,500.3289999999999,519.1125,608.7303000000119,747.832,766.2155]","[""scam_button""]",7.930034722,1.3828,2.988454861,3.9995,0.902039931,1.0649,,,,,,resources/images/scam_30.png,scam,1.45,0.6,0,0,,,,,,,,,,,,0,4,4,20,1,,,,,,,,,,,,,,,,,,,,,,,,,,,,,,,,,,,,,,,,,,,,,,,,,,,,,,,,,,,,,,,,,,,,,,,
,,,,,,,,,,,,,,,,613775,001,2025-04-14_16h43.09.221,SLSIC,2022.2.5,MacIntel,60.24096386,,,,,,,,,,,30,"[118.90760000002385,146.35730000001192,181.75760000002384,208.55889999997618,230.75910000002384,249.57580000001192,282.5433000000119,300.51039999997613,321.0103000000119,337.7608000000119,358.1776000000238,376.99449999999996,394.51139999997616,420.2118000000119,437.42869999998805,461.19569999998805,486.7628000000118,499.5463999999761,518.213199999988,539.430199999988,552.7468000000118,577.1139999999999,591.2308000000119,607.8309999999999,746.7494999999999,765.549699999988,781.2501000000237,799.1001000000238,815.8498999999761,828.8838000000119]","[118.9076999999881,146.35730000001192,181.7576999999881,208.559,230.75910000002384,249.57580000001192,282.5433000000119,300.51039999997613,321.0103000000119,337.7608999999761,358.1776999999881,376.9946000000238,394.51149999999996,420.2118000000119,437.42869999998805,461.19569999998805,486.76289999997607,499.5464999999999,518.213199999988,539.4303000000118,552.7468999999761,577.1141000000238,591.2308000000119,607.8309999999999,746.7494999999999,765.549699999988,781.2501000000237,799.1001000000238,815.8498999999761,828.883899999976]",,20,"[182.70779999995233,209.675,231.55859999996423,250.49229999995234,302.04289999997616,338.71019999998805,359.51039999997613,378.1772999999523,396.1105999999642,421.56119999998805,438.27809999996424,487.97879999995223,540.546199999988,553.412899999976,578.43,592.1967999999522,782.266,800.366199999988,816.599699999988,830.2162999999523]","[182.70789999997618,209.675,231.55859999996423,250.49229999995234,302.04289999997616,338.71019999998805,359.5105,378.1772999999523,396.11069999998807,421.56119999998805,438.27809999996424,487.9788999999761,540.546199999988,553.412899999976,578.4300999999641,592.196899999976,782.2660999999641,800.366199999988,816.599699999988,830.2162999999523]",10,"[120.95689999997616,148.24039999997615,283.3916999999881,322.1763999999761,462.11169999998805,500.3289999999999,519.1123999999761,608.7303000000119,747.832,766.2155]","[120.95689999997616,148.24039999997615,283.3916999999881,322.1763999999761,462.11169999998805,500.3289999999999,519.1125,608.7303000000119,747.832,766.2155]","[""scam_button""]",8.026258681,4.1211,1.983463542,4.9654,0.976866319,2.4649,,,,,,resources/images/scam_20.png,scam,1.45,0.6,0,0,,,,,,,,,,,,0,5,5,18,1,,,,,,,,,,,,,,,,,,,,,,,,,,,,,,,,,,,,,,,,,,,,,,,,,,,,,,,,,,,,,,,,,,,,,,,
,,,,,,,,,,,,,,,,613775,001,2025-04-14_16h43.09.221,SLSIC,2022.2.5,MacIntel,60.24096386,,,,,,,,,,,31,"[118.90760000002385,146.35730000001192,181.75760000002384,208.55889999997618,230.75910000002384,249.57580000001192,282.5433000000119,300.51039999997613,321.0103000000119,337.7608000000119,358.1776000000238,376.99449999999996,394.51139999997616,420.2118000000119,437.42869999998805,461.19569999998805,486.7628000000118,499.5463999999761,518.213199999988,539.430199999988,552.7468000000118,577.1139999999999,591.2308000000119,607.8309999999999,746.7494999999999,765.549699999988,781.2501000000237,799.1001000000238,815.8498999999761,828.8838000000119,866.6681000000237]","[118.9076999999881,146.35730000001192,181.7576999999881,208.559,230.75910000002384,249.57580000001192,282.5433000000119,300.51039999997613,321.0103000000119,337.7608999999761,358.1776999999881,376.9946000000238,394.51149999999996,420.2118000000119,437.42869999998805,461.19569999998805,486.76289999997607,499.5464999999999,518.213199999988,539.4303000000118,552.7468999999761,577.1141000000238,591.2308000000119,607.8309999999999,746.7494999999999,765.549699999988,781.2501000000237,799.1001000000238,815.8498999999761,828.883899999976,866.6681000000237]",,21,"[182.70779999995233,209.675,231.55859999996423,250.49229999995234,302.04289999997616,338.71019999998805,359.51039999997613,378.1772999999523,396.1105999999642,421.56119999998805,438.27809999996424,487.97879999995223,540.546199999988,553.412899999976,578.43,592.1967999999522,782.266,800.366199999988,816.599699999988,830.2162999999523,868.033699999988]","[182.70789999997618,209.675,231.55859999996423,250.49229999995234,302.04289999997616,338.71019999998805,359.5105,378.1772999999523,396.11069999998807,421.56119999998805,438.27809999996424,487.9788999999761,540.546199999988,553.412899999976,578.4300999999641,592.196899999976,782.2660999999641,800.366199999988,816.599699999988,830.2162999999523,868.033699999988]",10,"[120.95689999997616,148.24039999997615,283.3916999999881,322.1763999999761,462.11169999998805,500.3289999999999,519.1123999999761,608.7303000000119,747.832,766.2155]","[120.95689999997616,148.24039999997615,283.3916999999881,322.1763999999761,462.11169999998805,500.3289999999999,519.1125,608.7303000000119,747.832,766.2155]","[""scam_button""]",5.941927083,1.6495,1.894965278,3.3154,1.894965278,1.065,,,,,,resources/images/scam18.png,scam,1,0.65,0,0,,,,,,,,,,,,0,6,6,14,1,,,,,,,,,,,,,,,,,,,,,,,,,,,,,,,,,,,,,,,,,,,,,,,,,,,,,,,,,,,,,,,,,,,,,,,
,,,,,,,,,,,,,,,,613775,001,2025-04-14_16h43.09.221,SLSIC,2022.2.5,MacIntel,60.24096386,,,,,,,,,,,32,"[118.90760000002385,146.35730000001192,181.75760000002384,208.55889999997618,230.75910000002384,249.57580000001192,282.5433000000119,300.51039999997613,321.0103000000119,337.7608000000119,358.1776000000238,376.99449999999996,394.51139999997616,420.2118000000119,437.42869999998805,461.19569999998805,486.7628000000118,499.5463999999761,518.213199999988,539.430199999988,552.7468000000118,577.1139999999999,591.2308000000119,607.8309999999999,746.7494999999999,765.549699999988,781.2501000000237,799.1001000000238,815.8498999999761,828.8838000000119,866.6681000000237,883.2681000000238]","[118.9076999999881,146.35730000001192,181.7576999999881,208.559,230.75910000002384,249.57580000001192,282.5433000000119,300.51039999997613,321.0103000000119,337.7608999999761,358.1776999999881,376.9946000000238,394.51149999999996,420.2118000000119,437.42869999998805,461.19569999998805,486.76289999997607,499.5464999999999,518.213199999988,539.4303000000118,552.7468999999761,577.1141000000238,591.2308000000119,607.8309999999999,746.7494999999999,765.549699999988,781.2501000000237,799.1001000000238,815.8498999999761,828.883899999976,866.6681000000237,883.2681000000238]",,21,"[182.70779999995233,209.675,231.55859999996423,250.49229999995234,302.04289999997616,338.71019999998805,359.51039999997613,378.1772999999523,396.1105999999642,421.56119999998805,438.27809999996424,487.97879999995223,540.546199999988,553.412899999976,578.43,592.1967999999522,782.266,800.366199999988,816.599699999988,830.2162999999523,868.033699999988]","[182.70789999997618,209.675,231.55859999996423,250.49229999995234,302.04289999997616,338.71019999998805,359.5105,378.1772999999523,396.11069999998807,421.56119999998805,438.27809999996424,487.9788999999761,540.546199999988,553.412899999976,578.4300999999641,592.196899999976,782.2660999999641,800.366199999988,816.599699999988,830.2162999999523,868.033699999988]",11,"[120.95689999997616,148.24039999997615,283.3916999999881,322.1763999999761,462.11169999998805,500.3289999999999,519.1123999999761,608.7303000000119,747.832,766.2155,884.433800000012]","[120.95689999997616,148.24039999997615,283.3916999999881,322.1763999999761,462.11169999998805,500.3289999999999,519.1125,608.7303000000119,747.832,766.2155,884.433800000012]","[""legit_button""]",5.931814236,2.3154,2.883637153,4.2815,3.167578125,1.6159,,,,,,resources/images/scam_23.png,scam,1,0.8,0,0,,,,,,,,,,,,0,7,7,21,1,,,,,,,,,,,,,,,,,,,,,,,,,,,,,,,,,,,,,,,,,,,,,,,,,,,,,,,,,,,,,,,,,,,,,,,
,,,,,,,,,,,,,,,,613775,001,2025-04-14_16h43.09.221,SLSIC,2022.2.5,MacIntel,60.24096386,,,,,,,,,,,33,"[118.90760000002385,146.35730000001192,181.75760000002384,208.55889999997618,230.75910000002384,249.57580000001192,282.5433000000119,300.51039999997613,321.0103000000119,337.7608000000119,358.1776000000238,376.99449999999996,394.51139999997616,420.2118000000119,437.42869999998805,461.19569999998805,486.7628000000118,499.5463999999761,518.213199999988,539.430199999988,552.7468000000118,577.1139999999999,591.2308000000119,607.8309999999999,746.7494999999999,765.549699999988,781.2501000000237,799.1001000000238,815.8498999999761,828.8838000000119,866.6681000000237,883.2681000000238,905.3181000000237]","[118.9076999999881,146.35730000001192,181.7576999999881,208.559,230.75910000002384,249.57580000001192,282.5433000000119,300.51039999997613,321.0103000000119,337.7608999999761,358.1776999999881,376.9946000000238,394.51149999999996,420.2118000000119,437.42869999998805,461.19569999998805,486.76289999997607,499.5464999999999,518.213199999988,539.4303000000118,552.7468999999761,577.1141000000238,591.2308000000119,607.8309999999999,746.7494999999999,765.549699999988,781.2501000000237,799.1001000000238,815.8498999999761,828.883899999976,866.6681000000237,883.2681000000238,905.3181000000237]",,21,"[182.70779999995233,209.675,231.55859999996423,250.49229999995234,302.04289999997616,338.71019999998805,359.51039999997613,378.1772999999523,396.1105999999642,421.56119999998805,438.27809999996424,487.97879999995223,540.546199999988,553.412899999976,578.43,592.1967999999522,782.266,800.366199999988,816.599699999988,830.2162999999523,868.033699999988]","[182.70789999997618,209.675,231.55859999996423,250.49229999995234,302.04289999997616,338.71019999998805,359.5105,378.1772999999523,396.11069999998807,421.56119999998805,438.27809999996424,487.9788999999761,540.546199999988,553.412899999976,578.4300999999641,592.196899999976,782.2660999999641,800.366199999988,816.599699999988,830.2162999999523,868.033699999988]",12,"[120.95689999997616,148.24039999997615,283.3916999999881,322.1763999999761,462.11169999998805,500.3289999999999,519.1123999999761,608.7303000000119,747.832,766.2155,884.433800000012,906.1338999999762]","[120.95689999997616,148.24039999997615,283.3916999999881,322.1763999999761,462.11169999998805,500.3289999999999,519.1125,608.7303000000119,747.832,766.2155,884.433800000012,906.1338999999762]","[""legit_button""]",8.905164931,1.5363,6.025564236,1.5302,5.994010417,1.6327,,,,,,resources/images/legit11.jpg,legit,0.65,0.65,0,0,,,,,,,,,,,,0,8,8,2,1,,,,,,,,,,,,,,,,,,,,,,,,,,,,,,,,,,,,,,,,,,,,,,,,,,,,,,,,,,,,,,,,,,,,,,,
,,,,,,,,,,,,,,,,613775,001,2025-04-14_16h43.09.221,SLSIC,2022.2.5,MacIntel,60.24096386,,,,,,,,,,,34,"[118.90760000002385,146.35730000001192,181.75760000002384,208.55889999997618,230.75910000002384,249.57580000001192,282.5433000000119,300.51039999997613,321.0103000000119,337.7608000000119,358.1776000000238,376.99449999999996,394.51139999997616,420.2118000000119,437.42869999998805,461.19569999998805,486.7628000000118,499.5463999999761,518.213199999988,539.430199999988,552.7468000000118,577.1139999999999,591.2308000000119,607.8309999999999,746.7494999999999,765.549699999988,781.2501000000237,799.1001000000238,815.8498999999761,828.8838000000119,866.6681000000237,883.2681000000238,905.3181000000237,916.8853999999761]","[118.9076999999881,146.35730000001192,181.7576999999881,208.559,230.75910000002384,249.57580000001192,282.5433000000119,300.51039999997613,321.0103000000119,337.7608999999761,358.1776999999881,376.9946000000238,394.51149999999996,420.2118000000119,437.42869999998805,461.19569999998805,486.76289999997607,499.5464999999999,518.213199999988,539.4303000000118,552.7468999999761,577.1141000000238,591.2308000000119,607.8309999999999,746.7494999999999,765.549699999988,781.2501000000237,799.1001000000238,815.8498999999761,828.883899999976,866.6681000000237,883.2681000000238,905.3181000000237,916.8853999999761]",,22,"[182.70779999995233,209.675,231.55859999996423,250.49229999995234,302.04289999997616,338.71019999998805,359.51039999997613,378.1772999999523,396.1105999999642,421.56119999998805,438.27809999996424,487.97879999995223,540.546199999988,553.412899999976,578.43,592.1967999999522,782.266,800.366199999988,816.599699999988,830.2162999999523,868.033699999988,917.9842999999522]","[182.70789999997618,209.675,231.55859999996423,250.49229999995234,302.04289999997616,338.71019999998805,359.5105,378.1772999999523,396.11069999998807,421.56119999998805,438.27809999996424,487.9788999999761,540.546199999988,553.412899999976,578.4300999999641,592.196899999976,782.2660999999641,800.366199999988,816.599699999988,830.2162999999523,868.033699999988,917.9844999999999]",12,"[120.95689999997616,148.24039999997615,283.3916999999881,322.1763999999761,462.11169999998805,500.3289999999999,519.1123999999761,608.7303000000119,747.832,766.2155,884.433800000012,906.1338999999762]","[120.95689999997616,148.24039999997615,283.3916999999881,322.1763999999761,462.11169999998805,500.3289999999999,519.1125,608.7303000000119,747.832,766.2155,884.433800000012,906.1338999999762]","[""scam_button""]",7.795008681,1.3805,7.793402778,2.27,3.028732639,3.0142,,,,,,resources/images/scam_21.png,scam,1,0.65,0,0,,,,,,,,,,,,0,9,9,19,1,,,,,,,,,,,,,,,,,,,,,,,,,,,,,,,,,,,,,,,,,,,,,,,,,,,,,,,,,,,,,,,,,,,,,,,
,,,,,,,,,,,,,,,,613775,001,2025-04-14_16h43.09.221,SLSIC,2022.2.5,MacIntel,60.24096386,,,,,,,,,,,35,"[118.90760000002385,146.35730000001192,181.75760000002384,208.55889999997618,230.75910000002384,249.57580000001192,282.5433000000119,300.51039999997613,321.0103000000119,337.7608000000119,358.1776000000238,376.99449999999996,394.51139999997616,420.2118000000119,437.42869999998805,461.19569999998805,486.7628000000118,499.5463999999761,518.213199999988,539.430199999988,552.7468000000118,577.1139999999999,591.2308000000119,607.8309999999999,746.7494999999999,765.549699999988,781.2501000000237,799.1001000000238,815.8498999999761,828.8838000000119,866.6681000000237,883.2681000000238,905.3181000000237,916.8853999999761,932.784699999988]","[118.9076999999881,146.35730000001192,181.7576999999881,208.559,230.75910000002384,249.57580000001192,282.5433000000119,300.51039999997613,321.0103000000119,337.7608999999761,358.1776999999881,376.9946000000238,394.51149999999996,420.2118000000119,437.42869999998805,461.19569999998805,486.76289999997607,499.5464999999999,518.213199999988,539.4303000000118,552.7468999999761,577.1141000000238,591.2308000000119,607.8309999999999,746.7494999999999,765.549699999988,781.2501000000237,799.1001000000238,815.8498999999761,828.883899999976,866.6681000000237,883.2681000000238,905.3181000000237,916.8853999999761,932.784699999988]",,22,"[182.70779999995233,209.675,231.55859999996423,250.49229999995234,302.04289999997616,338.71019999998805,359.51039999997613,378.1772999999523,396.1105999999642,421.56119999998805,438.27809999996424,487.97879999995223,540.546199999988,553.412899999976,578.43,592.1967999999522,782.266,800.366199999988,816.599699999988,830.2162999999523,868.033699999988,917.9842999999522]","[182.70789999997618,209.675,231.55859999996423,250.49229999995234,302.04289999997616,338.71019999998805,359.5105,378.1772999999523,396.11069999998807,421.56119999998805,438.27809999996424,487.9788999999761,540.546199999988,553.412899999976,578.4300999999641,592.196899999976,782.2660999999641,800.366199999988,816.599699999988,830.2162999999523,868.033699999988,917.9844999999999]",13,"[120.95689999997616,148.24039999997615,283.3916999999881,322.1763999999761,462.11169999998805,500.3289999999999,519.1123999999761,608.7303000000119,747.832,766.2155,884.433800000012,906.1338999999762,933.7843999999761]","[120.95689999997616,148.24039999997615,283.3916999999881,322.1763999999761,462.11169999998805,500.3289999999999,519.1125,608.7303000000119,747.832,766.2155,884.433800000012,906.1338999999762,933.7843999999761]","[""legit_button""]",9.018576389,1.2305,8.770920139,4.1497,7.093359375,2.1314,,,,,,resources/images/legit_22.png,legit,1,0.78,0,0,,,,,,,,,,,,0,10,10,9,1,,,,,,,,,,,,,,,,,,,,,,,,,,,,,,,,,,,,,,,,,,,,,,,,,,,,,,,,,,,,,,,,,,,,,,,
,,,,,,,,,,,,,,,,613775,001,2025-04-14_16h43.09.221,SLSIC,2022.2.5,MacIntel,60.24096386,,,,,,,,,,,36,"[118.90760000002385,146.35730000001192,181.75760000002384,208.55889999997618,230.75910000002384,249.57580000001192,282.5433000000119,300.51039999997613,321.0103000000119,337.7608000000119,358.1776000000238,376.99449999999996,394.51139999997616,420.2118000000119,437.42869999998805,461.19569999998805,486.7628000000118,499.5463999999761,518.213199999988,539.430199999988,552.7468000000118,577.1139999999999,591.2308000000119,607.8309999999999,746.7494999999999,765.549699999988,781.2501000000237,799.1001000000238,815.8498999999761,828.8838000000119,866.6681000000237,883.2681000000238,905.3181000000237,916.8853999999761,932.784699999988,951.0513000000118]","[118.9076999999881,146.35730000001192,181.7576999999881,208.559,230.75910000002384,249.57580000001192,282.5433000000119,300.51039999997613,321.0103000000119,337.7608999999761,358.1776999999881,376.9946000000238,394.51149999999996,420.2118000000119,437.42869999998805,461.19569999998805,486.76289999997607,499.5464999999999,518.213199999988,539.4303000000118,552.7468999999761,577.1141000000238,591.2308000000119,607.8309999999999,746.7494999999999,765.549699999988,781.2501000000237,799.1001000000238,815.8498999999761,828.883899999976,866.6681000000237,883.2681000000238,905.3181000000237,916.8853999999761,932.784699999988,951.0513000000118]",,23,"[182.70779999995233,209.675,231.55859999996423,250.49229999995234,302.04289999997616,338.71019999998805,359.51039999997613,378.1772999999523,396.1105999999642,421.56119999998805,438.27809999996424,487.97879999995223,540.546199999988,553.412899999976,578.43,592.1967999999522,782.266,800.366199999988,816.599699999988,830.2162999999523,868.033699999988,917.9842999999522,951.9179999999999]","[182.70789999997618,209.675,231.55859999996423,250.49229999995234,302.04289999997616,338.71019999998805,359.5105,378.1772999999523,396.11069999998807,421.56119999998805,438.27809999996424,487.9788999999761,540.546199999988,553.412899999976,578.4300999999641,592.196899999976,782.2660999999641,800.366199999988,816.599699999988,830.2162999999523,868.033699999988,917.9844999999999,951.9179999999999]",13,"[120.95689999997616,148.24039999997615,283.3916999999881,322.1763999999761,462.11169999998805,500.3289999999999,519.1123999999761,608.7303000000119,747.832,766.2155,884.433800000012,906.1338999999762,933.7843999999761]","[120.95689999997616,148.24039999997615,283.3916999999881,322.1763999999761,462.11169999998805,500.3289999999999,519.1125,608.7303000000119,747.832,766.2155,884.433800000012,906.1338999999762,933.7843999999761]","[""scam_button""]",7.006380208,2.2483,5.947786458,1.6495,4.064973958,3.1336,,,,,,resources/images/legit13.jpg,legit,0.65,0.65,0,0,,,,,,,,,,,,0,11,11,6,1,,,,,,,,,,,,,,,,,,,,,,,,,,,,,,,,,,,,,,,,,,,,,,,,,,,,,,,,,,,,,,,,,,,,,,,
,,,,,,,,,,,,,,,,613775,001,2025-04-14_16h43.09.221,SLSIC,2022.2.5,MacIntel,60.24096386,,,,,,,,,,,37,"[118.90760000002385,146.35730000001192,181.75760000002384,208.55889999997618,230.75910000002384,249.57580000001192,282.5433000000119,300.51039999997613,321.0103000000119,337.7608000000119,358.1776000000238,376.99449999999996,394.51139999997616,420.2118000000119,437.42869999998805,461.19569999998805,486.7628000000118,499.5463999999761,518.213199999988,539.430199999988,552.7468000000118,577.1139999999999,591.2308000000119,607.8309999999999,746.7494999999999,765.549699999988,781.2501000000237,799.1001000000238,815.8498999999761,828.8838000000119,866.6681000000237,883.2681000000238,905.3181000000237,916.8853999999761,932.784699999988,951.0513000000118,962.2343999999761]","[118.9076999999881,146.35730000001192,181.7576999999881,208.559,230.75910000002384,249.57580000001192,282.5433000000119,300.51039999997613,321.0103000000119,337.7608999999761,358.1776999999881,376.9946000000238,394.51149999999996,420.2118000000119,437.42869999998805,461.19569999998805,486.76289999997607,499.5464999999999,518.213199999988,539.4303000000118,552.7468999999761,577.1141000000238,591.2308000000119,607.8309999999999,746.7494999999999,765.549699999988,781.2501000000237,799.1001000000238,815.8498999999761,828.883899999976,866.6681000000237,883.2681000000238,905.3181000000237,916.8853999999761,932.784699999988,951.0513000000118,962.2343999999761]",,24,"[182.70779999995233,209.675,231.55859999996423,250.49229999995234,302.04289999997616,338.71019999998805,359.51039999997613,378.1772999999523,396.1105999999642,421.56119999998805,438.27809999996424,487.97879999995223,540.546199999988,553.412899999976,578.43,592.1967999999522,782.266,800.366199999988,816.599699999988,830.2162999999523,868.033699999988,917.9842999999522,951.9179999999999,963.335199999988]","[182.70789999997618,209.675,231.55859999996423,250.49229999995234,302.04289999997616,338.71019999998805,359.5105,378.1772999999523,396.11069999998807,421.56119999998805,438.27809999996424,487.9788999999761,540.546199999988,553.412899999976,578.4300999999641,592.196899999976,782.2660999999641,800.366199999988,816.599699999988,830.2162999999523,868.033699999988,917.9844999999999,951.9179999999999,963.335199999988]",13,"[120.95689999997616,148.24039999997615,283.3916999999881,322.1763999999761,462.11169999998805,500.3289999999999,519.1123999999761,608.7303000000119,747.832,766.2155,884.433800000012,906.1338999999762,933.7843999999761]","[120.95689999997616,148.24039999997615,283.3916999999881,322.1763999999761,462.11169999998805,500.3289999999999,519.1125,608.7303000000119,747.832,766.2155,884.433800000012,906.1338999999762,933.7843999999761]","[""scam_button""]",9.008854167,1.3801,8.8078125,2.8983,2.977951389,4.4648,,,,,,resources/images/scam9.jpg,scam,0.65,0.65,0,0,,,,,,,,,,,,0,12,12,1,1,,,,,,,,,,,,,,,,,,,,,,,,,,,,,,,,,,,,,,,,,,,,,,,,,,,,,,,,,,,,,,,,,,,,,,,
,,,,,,,,,,,,,,,,613775,001,2025-04-14_16h43.09.221,SLSIC,2022.2.5,MacIntel,60.24096386,,,,,,,,,,,38,"[118.90760000002385,146.35730000001192,181.75760000002384,208.55889999997618,230.75910000002384,249.57580000001192,282.5433000000119,300.51039999997613,321.0103000000119,337.7608000000119,358.1776000000238,376.99449999999996,394.51139999997616,420.2118000000119,437.42869999998805,461.19569999998805,486.7628000000118,499.5463999999761,518.213199999988,539.430199999988,552.7468000000118,577.1139999999999,591.2308000000119,607.8309999999999,746.7494999999999,765.549699999988,781.2501000000237,799.1001000000238,815.8498999999761,828.8838000000119,866.6681000000237,883.2681000000238,905.3181000000237,916.8853999999761,932.784699999988,951.0513000000118,962.2343999999761,982.7358000000119]","[118.9076999999881,146.35730000001192,181.7576999999881,208.559,230.75910000002384,249.57580000001192,282.5433000000119,300.51039999997613,321.0103000000119,337.7608999999761,358.1776999999881,376.9946000000238,394.51149999999996,420.2118000000119,437.42869999998805,461.19569999998805,486.76289999997607,499.5464999999999,518.213199999988,539.4303000000118,552.7468999999761,577.1141000000238,591.2308000000119,607.8309999999999,746.7494999999999,765.549699999988,781.2501000000237,799.1001000000238,815.8498999999761,828.883899999976,866.6681000000237,883.2681000000238,905.3181000000237,916.8853999999761,932.784699999988,951.0513000000118,962.2343999999761,982.7358000000119]",,24,"[182.70779999995233,209.675,231.55859999996423,250.49229999995234,302.04289999997616,338.71019999998805,359.51039999997613,378.1772999999523,396.1105999999642,421.56119999998805,438.27809999996424,487.97879999995223,540.546199999988,553.412899999976,578.43,592.1967999999522,782.266,800.366199999988,816.599699999988,830.2162999999523,868.033699999988,917.9842999999522,951.9179999999999,963.335199999988]","[182.70789999997618,209.675,231.55859999996423,250.49229999995234,302.04289999997616,338.71019999998805,359.5105,378.1772999999523,396.11069999998807,421.56119999998805,438.27809999996424,487.9788999999761,540.546199999988,553.412899999976,578.4300999999641,592.196899999976,782.2660999999641,800.366199999988,816.599699999988,830.2162999999523,868.033699999988,917.9844999999999,951.9179999999999,963.335199999988]",14,"[120.95689999997616,148.24039999997615,283.3916999999881,322.1763999999761,462.11169999998805,500.3289999999999,519.1123999999761,608.7303000000119,747.832,766.2155,884.433800000012,906.1338999999762,933.7843999999761,983.7015]","[120.95689999997616,148.24039999997615,283.3916999999881,322.1763999999761,462.11169999998805,500.3289999999999,519.1125,608.7303000000119,747.832,766.2155,884.433800000012,906.1338999999762,933.7843999999761,983.7015999999642]","[""legit_button""]",8.964713542,1.0814,8.848697917,2.5842,8.055685764,1.6648,,,,,,resources/images/legit_30.png,legit,1,0.85,0,0,,,,,,,,,,,,0,13,13,16,1,,,,,,,,,,,,,,,,,,,,,,,,,,,,,,,,,,,,,,,,,,,,,,,,,,,,,,,,,,,,,,,,,,,,,,,
,,,,,,,,,,,,,,,,613775,001,2025-04-14_16h43.09.221,SLSIC,2022.2.5,MacIntel,60.24096386,,,,,,,,,,,39,"[118.90760000002385,146.35730000001192,181.75760000002384,208.55889999997618,230.75910000002384,249.57580000001192,282.5433000000119,300.51039999997613,321.0103000000119,337.7608000000119,358.1776000000238,376.99449999999996,394.51139999997616,420.2118000000119,437.42869999998805,461.19569999998805,486.7628000000118,499.5463999999761,518.213199999988,539.430199999988,552.7468000000118,577.1139999999999,591.2308000000119,607.8309999999999,746.7494999999999,765.549699999988,781.2501000000237,799.1001000000238,815.8498999999761,828.8838000000119,866.6681000000237,883.2681000000238,905.3181000000237,916.8853999999761,932.784699999988,951.0513000000118,962.2343999999761,982.7358000000119,1014.736]","[118.9076999999881,146.35730000001192,181.7576999999881,208.559,230.75910000002384,249.57580000001192,282.5433000000119,300.51039999997613,321.0103000000119,337.7608999999761,358.1776999999881,376.9946000000238,394.51149999999996,420.2118000000119,437.42869999998805,461.19569999998805,486.76289999997607,499.5464999999999,518.213199999988,539.4303000000118,552.7468999999761,577.1141000000238,591.2308000000119,607.8309999999999,746.7494999999999,765.549699999988,781.2501000000237,799.1001000000238,815.8498999999761,828.883899999976,866.6681000000237,883.2681000000238,905.3181000000237,916.8853999999761,932.784699999988,951.0513000000118,962.2343999999761,982.7358000000119,1014.7361000000238]",,25,"[182.70779999995233,209.675,231.55859999996423,250.49229999995234,302.04289999997616,338.71019999998805,359.51039999997613,378.1772999999523,396.1105999999642,421.56119999998805,438.27809999996424,487.97879999995223,540.546199999988,553.412899999976,578.43,592.1967999999522,782.266,800.366199999988,816.599699999988,830.2162999999523,868.033699999988,917.9842999999522,951.9179999999999,963.335199999988,1016.3688999999761]","[182.70789999997618,209.675,231.55859999996423,250.49229999995234,302.04289999997616,338.71019999998805,359.5105,378.1772999999523,396.11069999998807,421.56119999998805,438.27809999996424,487.9788999999761,540.546199999988,553.412899999976,578.4300999999641,592.196899999976,782.2660999999641,800.366199999988,816.599699999988,830.2162999999523,868.033699999988,917.9844999999999,951.9179999999999,963.335199999988,1016.3688999999761]",14,"[120.95689999997616,148.24039999997615,283.3916999999881,322.1763999999761,462.11169999998805,500.3289999999999,519.1123999999761,608.7303000000119,747.832,766.2155,884.433800000012,906.1338999999762,933.7843999999761,983.7015]","[120.95689999997616,148.24039999997615,283.3916999999881,322.1763999999761,462.11169999998805,500.3289999999999,519.1125,608.7303000000119,747.832,766.2155,884.433800000012,906.1338999999762,933.7843999999761,983.7015999999642]","[""scam_button""]",8.016449653,1.6651,6.038802083,2.915,2.073480903,2.9984,,,,,,resources/images/legit_20.png,legit,0.9,0.8,0,0,,,,,,,,,,,,0,14,14,3,1,,,,,,,,,,,,,,,,,,,,,,,,,,,,,,,,,,,,,,,,,,,,,,,,,,,,,,,,,,,,,,,,,,,,,,,
,,,,,,,,,,,,,,,,613775,001,2025-04-14_16h43.09.221,SLSIC,2022.2.5,MacIntel,60.24096386,,,,,,,,,,,40,"[118.90760000002385,146.35730000001192,181.75760000002384,208.55889999997618,230.75910000002384,249.57580000001192,282.5433000000119,300.51039999997613,321.0103000000119,337.7608000000119,358.1776000000238,376.99449999999996,394.51139999997616,420.2118000000119,437.42869999998805,461.19569999998805,486.7628000000118,499.5463999999761,518.213199999988,539.430199999988,552.7468000000118,577.1139999999999,591.2308000000119,607.8309999999999,746.7494999999999,765.549699999988,781.2501000000237,799.1001000000238,815.8498999999761,828.8838000000119,866.6681000000237,883.2681000000238,905.3181000000237,916.8853999999761,932.784699999988,951.0513000000118,962.2343999999761,982.7358000000119,1014.736,1031.320300000012]","[118.9076999999881,146.35730000001192,181.7576999999881,208.559,230.75910000002384,249.57580000001192,282.5433000000119,300.51039999997613,321.0103000000119,337.7608999999761,358.1776999999881,376.9946000000238,394.51149999999996,420.2118000000119,437.42869999998805,461.19569999998805,486.76289999997607,499.5464999999999,518.213199999988,539.4303000000118,552.7468999999761,577.1141000000238,591.2308000000119,607.8309999999999,746.7494999999999,765.549699999988,781.2501000000237,799.1001000000238,815.8498999999761,828.883899999976,866.6681000000237,883.2681000000238,905.3181000000237,916.8853999999761,932.784699999988,951.0513000000118,962.2343999999761,982.7358000000119,1014.7361000000238,1031.3203999999762]",,25,"[182.70779999995233,209.675,231.55859999996423,250.49229999995234,302.04289999997616,338.71019999998805,359.51039999997613,378.1772999999523,396.1105999999642,421.56119999998805,438.27809999996424,487.97879999995223,540.546199999988,553.412899999976,578.43,592.1967999999522,782.266,800.366199999988,816.599699999988,830.2162999999523,868.033699999988,917.9842999999522,951.9179999999999,963.335199999988,1016.3688999999761]","[182.70789999997618,209.675,231.55859999996423,250.49229999995234,302.04289999997616,338.71019999998805,359.5105,378.1772999999523,396.11069999998807,421.56119999998805,438.27809999996424,487.9788999999761,540.546199999988,553.412899999976,578.4300999999641,592.196899999976,782.2660999999641,800.366199999988,816.599699999988,830.2162999999523,868.033699999988,917.9844999999999,951.9179999999999,963.335199999988,1016.3688999999761]",15,"[120.95689999997616,148.24039999997615,283.3916999999881,322.1763999999761,462.11169999998805,500.3289999999999,519.1123999999761,608.7303000000119,747.832,766.2155,884.433800000012,906.1338999999762,933.7843999999761,983.7015,1032.402199999988]","[120.95689999997616,148.24039999997615,283.3916999999881,322.1763999999761,462.11169999998805,500.3289999999999,519.1125,608.7303000000119,747.832,766.2155,884.433800000012,906.1338999999762,933.7843999999761,983.7015999999642,1032.4023000000118]","[""legit_button""]",8.028472222,1.4299,8.031336806,0.5007,6.953689236,1.6818,,,,,,resources/images/legit_23.png,legit,1,0.65,0,0,,,,,,,,,,,,0,15,15,8,1,,,,,,,,,,,,,,,,,,,,,,,,,,,,,,,,,,,,,,,,,,,,,,,,,,,,,,,,,,,,,,,,,,,,,,,
,,,,,,,,,,,,,,,,613775,001,2025-04-14_16h43.09.221,SLSIC,2022.2.5,MacIntel,60.24096386,,,,,,,,,,,41,"[118.90760000002385,146.35730000001192,181.75760000002384,208.55889999997618,230.75910000002384,249.57580000001192,282.5433000000119,300.51039999997613,321.0103000000119,337.7608000000119,358.1776000000238,376.99449999999996,394.51139999997616,420.2118000000119,437.42869999998805,461.19569999998805,486.7628000000118,499.5463999999761,518.213199999988,539.430199999988,552.7468000000118,577.1139999999999,591.2308000000119,607.8309999999999,746.7494999999999,765.549699999988,781.2501000000237,799.1001000000238,815.8498999999761,828.8838000000119,866.6681000000237,883.2681000000238,905.3181000000237,916.8853999999761,932.784699999988,951.0513000000118,962.2343999999761,982.7358000000119,1014.736,1031.320300000012,1044.136]","[118.9076999999881,146.35730000001192,181.7576999999881,208.559,230.75910000002384,249.57580000001192,282.5433000000119,300.51039999997613,321.0103000000119,337.7608999999761,358.1776999999881,376.9946000000238,394.51149999999996,420.2118000000119,437.42869999998805,461.19569999998805,486.76289999997607,499.5464999999999,518.213199999988,539.4303000000118,552.7468999999761,577.1141000000238,591.2308000000119,607.8309999999999,746.7494999999999,765.549699999988,781.2501000000237,799.1001000000238,815.8498999999761,828.883899999976,866.6681000000237,883.2681000000238,905.3181000000237,916.8853999999761,932.784699999988,951.0513000000118,962.2343999999761,982.7358000000119,1014.7361000000238,1031.3203999999762,1044.1361000000238]",,25,"[182.70779999995233,209.675,231.55859999996423,250.49229999995234,302.04289999997616,338.71019999998805,359.51039999997613,378.1772999999523,396.1105999999642,421.56119999998805,438.27809999996424,487.97879999995223,540.546199999988,553.412899999976,578.43,592.1967999999522,782.266,800.366199999988,816.599699999988,830.2162999999523,868.033699999988,917.9842999999522,951.9179999999999,963.335199999988,1016.3688999999761]","[182.70789999997618,209.675,231.55859999996423,250.49229999995234,302.04289999997616,338.71019999998805,359.5105,378.1772999999523,396.11069999998807,421.56119999998805,438.27809999996424,487.9788999999761,540.546199999988,553.412899999976,578.4300999999641,592.196899999976,782.2660999999641,800.366199999988,816.599699999988,830.2162999999523,868.033699999988,917.9844999999999,951.9179999999999,963.335199999988,1016.3688999999761]",16,"[120.95689999997616,148.24039999997615,283.3916999999881,322.1763999999761,462.11169999998805,500.3289999999999,519.1123999999761,608.7303000000119,747.832,766.2155,884.433800000012,906.1338999999762,933.7843999999761,983.7015,1032.402199999988,1045.5358000000117]","[120.95689999997616,148.24039999997615,283.3916999999881,322.1763999999761,462.11169999998805,500.3289999999999,519.1125,608.7303000000119,747.832,766.2155,884.433800000012,906.1338999999762,933.7843999999761,983.7015999999642,1032.4023000000118,1045.535899999976]","[""legit_button""]",7.934809028,0.896,6.956206597,0.7498,4.031380208,0.9485,,,,,,resources/images/legitimate_18.png,legit,1,0.65,0,0,,,,,,,,,,,,0,16,16,17,1,,,,,,,,,,,,,,,,,,,,,,,,,,,,,,,,,,,,,,,,,,,,,,,,,,,,,,,,,,,,,,,,,,,,,,,
,,,,,,,,,,,,,,,,613775,001,2025-04-14_16h43.09.221,SLSIC,2022.2.5,MacIntel,60.24096386,,,,,,,,,,,42,"[118.90760000002385,146.35730000001192,181.75760000002384,208.55889999997618,230.75910000002384,249.57580000001192,282.5433000000119,300.51039999997613,321.0103000000119,337.7608000000119,358.1776000000238,376.99449999999996,394.51139999997616,420.2118000000119,437.42869999998805,461.19569999998805,486.7628000000118,499.5463999999761,518.213199999988,539.430199999988,552.7468000000118,577.1139999999999,591.2308000000119,607.8309999999999,746.7494999999999,765.549699999988,781.2501000000237,799.1001000000238,815.8498999999761,828.8838000000119,866.6681000000237,883.2681000000238,905.3181000000237,916.8853999999761,932.784699999988,951.0513000000118,962.2343999999761,982.7358000000119,1014.736,1031.320300000012,1044.136,1063.7698000000119]","[118.9076999999881,146.35730000001192,181.7576999999881,208.559,230.75910000002384,249.57580000001192,282.5433000000119,300.51039999997613,321.0103000000119,337.7608999999761,358.1776999999881,376.9946000000238,394.51149999999996,420.2118000000119,437.42869999998805,461.19569999998805,486.76289999997607,499.5464999999999,518.213199999988,539.4303000000118,552.7468999999761,577.1141000000238,591.2308000000119,607.8309999999999,746.7494999999999,765.549699999988,781.2501000000237,799.1001000000238,815.8498999999761,828.883899999976,866.6681000000237,883.2681000000238,905.3181000000237,916.8853999999761,932.784699999988,951.0513000000118,962.2343999999761,982.7358000000119,1014.7361000000238,1031.3203999999762,1044.1361000000238,1063.7698000000119]",,26,"[182.70779999995233,209.675,231.55859999996423,250.49229999995234,302.04289999997616,338.71019999998805,359.51039999997613,378.1772999999523,396.1105999999642,421.56119999998805,438.27809999996424,487.97879999995223,540.546199999988,553.412899999976,578.43,592.1967999999522,782.266,800.366199999988,816.599699999988,830.2162999999523,868.033699999988,917.9842999999522,951.9179999999999,963.335199999988,1016.3688999999761,1064.5017999999523]","[182.70789999997618,209.675,231.55859999996423,250.49229999995234,302.04289999997616,338.71019999998805,359.5105,378.1772999999523,396.11069999998807,421.56119999998805,438.27809999996424,487.9788999999761,540.546199999988,553.412899999976,578.4300999999641,592.196899999976,782.2660999999641,800.366199999988,816.599699999988,830.2162999999523,868.033699999988,917.9844999999999,951.9179999999999,963.335199999988,1016.3688999999761,1064.5017999999523]",16,"[120.95689999997616,148.24039999997615,283.3916999999881,322.1763999999761,462.11169999998805,500.3289999999999,519.1123999999761,608.7303000000119,747.832,766.2155,884.433800000012,906.1338999999762,933.7843999999761,983.7015,1032.402199999988,1045.5358000000117]","[120.95689999997616,148.24039999997615,283.3916999999881,322.1763999999761,462.11169999998805,500.3289999999999,519.1125,608.7303000000119,747.832,766.2155,884.433800000012,906.1338999999762,933.7843999999761,983.7015999999642,1032.4023000000118,1045.535899999976]","[""scam_button""]",9.047699653,1.0829,2.938975694,3.3651,0.985460069,0.9829,,,,,,resources/images/scam17.png,scam,0.8,0.65,0,0,,,,,,,,,,,,0,17,17,12,1,,,,,,,,,,,,,,,,,,,,,,,,,,,,,,,,,,,,,,,,,,,,,,,,,,,,,,,,,,,,,,,,,,,,,,,
,,,,,,,,,,,,,,,,613775,001,2025-04-14_16h43.09.221,SLSIC,2022.2.5,MacIntel,60.24096386,,,,,,,,,,,43,"[118.90760000002385,146.35730000001192,181.75760000002384,208.55889999997618,230.75910000002384,249.57580000001192,282.5433000000119,300.51039999997613,321.0103000000119,337.7608000000119,358.1776000000238,376.99449999999996,394.51139999997616,420.2118000000119,437.42869999998805,461.19569999998805,486.7628000000118,499.5463999999761,518.213199999988,539.430199999988,552.7468000000118,577.1139999999999,591.2308000000119,607.8309999999999,746.7494999999999,765.549699999988,781.2501000000237,799.1001000000238,815.8498999999761,828.8838000000119,866.6681000000237,883.2681000000238,905.3181000000237,916.8853999999761,932.784699999988,951.0513000000118,962.2343999999761,982.7358000000119,1014.736,1031.320300000012,1044.136,1063.7698000000119,1082.803699999988]","[118.9076999999881,146.35730000001192,181.7576999999881,208.559,230.75910000002384,249.57580000001192,282.5433000000119,300.51039999997613,321.0103000000119,337.7608999999761,358.1776999999881,376.9946000000238,394.51149999999996,420.2118000000119,437.42869999998805,461.19569999998805,486.76289999997607,499.5464999999999,518.213199999988,539.4303000000118,552.7468999999761,577.1141000000238,591.2308000000119,607.8309999999999,746.7494999999999,765.549699999988,781.2501000000237,799.1001000000238,815.8498999999761,828.883899999976,866.6681000000237,883.2681000000238,905.3181000000237,916.8853999999761,932.784699999988,951.0513000000118,962.2343999999761,982.7358000000119,1014.7361000000238,1031.3203999999762,1044.1361000000238,1063.7698000000119,1082.803800000012]",,26,"[182.70779999995233,209.675,231.55859999996423,250.49229999995234,302.04289999997616,338.71019999998805,359.51039999997613,378.1772999999523,396.1105999999642,421.56119999998805,438.27809999996424,487.97879999995223,540.546199999988,553.412899999976,578.43,592.1967999999522,782.266,800.366199999988,816.599699999988,830.2162999999523,868.033699999988,917.9842999999522,951.9179999999999,963.335199999988,1016.3688999999761,1064.5017999999523]","[182.70789999997618,209.675,231.55859999996423,250.49229999995234,302.04289999997616,338.71019999998805,359.5105,378.1772999999523,396.11069999998807,421.56119999998805,438.27809999996424,487.9788999999761,540.546199999988,553.412899999976,578.4300999999641,592.196899999976,782.2660999999641,800.366199999988,816.599699999988,830.2162999999523,868.033699999988,917.9844999999999,951.9179999999999,963.335199999988,1016.3688999999761,1064.5017999999523]",17,"[120.95689999997616,148.24039999997615,283.3916999999881,322.1763999999761,462.11169999998805,500.3289999999999,519.1123999999761,608.7303000000119,747.832,766.2155,884.433800000012,906.1338999999762,933.7843999999761,983.7015,1032.402199999988,1045.5358000000117,1083.8018000000118]","[120.95689999997616,148.24039999997615,283.3916999999881,322.1763999999761,462.11169999998805,500.3289999999999,519.1125,608.7303000000119,747.832,766.2155,884.433800000012,906.1338999999762,933.7843999999761,983.7015999999642,1032.4023000000118,1045.535899999976,1083.801899999976]","[""legit_button""]",8.129383681,1.1,6.821571181,0.7145,5.952864583,2.9651,,,,,,resources/images/legit_21.png,legit,0.8,0.8,0,0,,,,,,,,,,,,0,18,18,7,1,,,,,,,,,,,,,,,,,,,,,,,,,,,,,,,,,,,,,,,,,,,,,,,,,,,,,,,,,,,,,,,,,,,,,,,
,,,,,,,,,,,,,,,,613775,001,2025-04-14_16h43.09.221,SLSIC,2022.2.5,MacIntel,60.24096386,,,,,,,,,,,44,"[118.90760000002385,146.35730000001192,181.75760000002384,208.55889999997618,230.75910000002384,249.57580000001192,282.5433000000119,300.51039999997613,321.0103000000119,337.7608000000119,358.1776000000238,376.99449999999996,394.51139999997616,420.2118000000119,437.42869999998805,461.19569999998805,486.7628000000118,499.5463999999761,518.213199999988,539.430199999988,552.7468000000118,577.1139999999999,591.2308000000119,607.8309999999999,746.7494999999999,765.549699999988,781.2501000000237,799.1001000000238,815.8498999999761,828.8838000000119,866.6681000000237,883.2681000000238,905.3181000000237,916.8853999999761,932.784699999988,951.0513000000118,962.2343999999761,982.7358000000119,1014.736,1031.320300000012,1044.136,1063.7698000000119,1082.803699999988,1093.987100000024]","[118.9076999999881,146.35730000001192,181.7576999999881,208.559,230.75910000002384,249.57580000001192,282.5433000000119,300.51039999997613,321.0103000000119,337.7608999999761,358.1776999999881,376.9946000000238,394.51149999999996,420.2118000000119,437.42869999998805,461.19569999998805,486.76289999997607,499.5464999999999,518.213199999988,539.4303000000118,552.7468999999761,577.1141000000238,591.2308000000119,607.8309999999999,746.7494999999999,765.549699999988,781.2501000000237,799.1001000000238,815.8498999999761,828.883899999976,866.6681000000237,883.2681000000238,905.3181000000237,916.8853999999761,932.784699999988,951.0513000000118,962.2343999999761,982.7358000000119,1014.7361000000238,1031.3203999999762,1044.1361000000238,1063.7698000000119,1082.803800000012,1093.987100000024]",,27,"[182.70779999995233,209.675,231.55859999996423,250.49229999995234,302.04289999997616,338.71019999998805,359.51039999997613,378.1772999999523,396.1105999999642,421.56119999998805,438.27809999996424,487.97879999995223,540.546199999988,553.412899999976,578.43,592.1967999999522,782.266,800.366199999988,816.599699999988,830.2162999999523,868.033699999988,917.9842999999522,951.9179999999999,963.335199999988,1016.3688999999761,1064.5017999999523,1095.153099999964]","[182.70789999997618,209.675,231.55859999996423,250.49229999995234,302.04289999997616,338.71019999998805,359.5105,378.1772999999523,396.11069999998807,421.56119999998805,438.27809999996424,487.9788999999761,540.546199999988,553.412899999976,578.4300999999641,592.196899999976,782.2660999999641,800.366199999988,816.599699999988,830.2162999999523,868.033699999988,917.9844999999999,951.9179999999999,963.335199999988,1016.3688999999761,1064.5017999999523,1095.153199999988]",17,"[120.95689999997616,148.24039999997615,283.3916999999881,322.1763999999761,462.11169999998805,500.3289999999999,519.1123999999761,608.7303000000119,747.832,766.2155,884.433800000012,906.1338999999762,933.7843999999761,983.7015,1032.402199999988,1045.5358000000117,1083.8018000000118]","[120.95689999997616,148.24039999997615,283.3916999999881,322.1763999999761,462.11169999998805,500.3289999999999,519.1125,608.7303000000119,747.832,766.2155,884.433800000012,906.1338999999762,933.7843999999761,983.7015999999642,1032.4023000000118,1045.535899999976,1083.801899999976]","[""scam_button""]",5.937239583,2.4644,4.027083333,5.8015,1.974609375,1.5994,,,,,,resources/images/legit12.jpg,legit,1,0.65,0,0,,,,,,,,,,,,0,19,19,5,1,,,,,,,,,,,,,,,,,,,,,,,,,,,,,,,,,,,,,,,,,,,,,,,,,,,,,,,,,,,,,,,,,,,,,,,
,,,,,,,,,,,,,,,,613775,001,2025-04-14_16h43.09.221,SLSIC,2022.2.5,MacIntel,60.24096386,,,,,,,,,,,45,"[118.90760000002385,146.35730000001192,181.75760000002384,208.55889999997618,230.75910000002384,249.57580000001192,282.5433000000119,300.51039999997613,321.0103000000119,337.7608000000119,358.1776000000238,376.99449999999996,394.51139999997616,420.2118000000119,437.42869999998805,461.19569999998805,486.7628000000118,499.5463999999761,518.213199999988,539.430199999988,552.7468000000118,577.1139999999999,591.2308000000119,607.8309999999999,746.7494999999999,765.549699999988,781.2501000000237,799.1001000000238,815.8498999999761,828.8838000000119,866.6681000000237,883.2681000000238,905.3181000000237,916.8853999999761,932.784699999988,951.0513000000118,962.2343999999761,982.7358000000119,1014.736,1031.320300000012,1044.136,1063.7698000000119,1082.803699999988,1093.987100000024,1108.320800000012]","[118.9076999999881,146.35730000001192,181.7576999999881,208.559,230.75910000002384,249.57580000001192,282.5433000000119,300.51039999997613,321.0103000000119,337.7608999999761,358.1776999999881,376.9946000000238,394.51149999999996,420.2118000000119,437.42869999998805,461.19569999998805,486.76289999997607,499.5464999999999,518.213199999988,539.4303000000118,552.7468999999761,577.1141000000238,591.2308000000119,607.8309999999999,746.7494999999999,765.549699999988,781.2501000000237,799.1001000000238,815.8498999999761,828.883899999976,866.6681000000237,883.2681000000238,905.3181000000237,916.8853999999761,932.784699999988,951.0513000000118,962.2343999999761,982.7358000000119,1014.7361000000238,1031.3203999999762,1044.1361000000238,1063.7698000000119,1082.803800000012,1093.987100000024,1108.320800000012]",,27,"[182.70779999995233,209.675,231.55859999996423,250.49229999995234,302.04289999997616,338.71019999998805,359.51039999997613,378.1772999999523,396.1105999999642,421.56119999998805,438.27809999996424,487.97879999995223,540.546199999988,553.412899999976,578.43,592.1967999999522,782.266,800.366199999988,816.599699999988,830.2162999999523,868.033699999988,917.9842999999522,951.9179999999999,963.335199999988,1016.3688999999761,1064.5017999999523,1095.153099999964]","[182.70789999997618,209.675,231.55859999996423,250.49229999995234,302.04289999997616,338.71019999998805,359.5105,378.1772999999523,396.11069999998807,421.56119999998805,438.27809999996424,487.9788999999761,540.546199999988,553.412899999976,578.4300999999641,592.196899999976,782.2660999999641,800.366199999988,816.599699999988,830.2162999999523,868.033699999988,917.9844999999999,951.9179999999999,963.335199999988,1016.3688999999761,1064.5017999999523,1095.153199999988]",18,"[120.95689999997616,148.24039999997615,283.3916999999881,322.1763999999761,462.11169999998805,500.3289999999999,519.1123999999761,608.7303000000119,747.832,766.2155,884.433800000012,906.1338999999762,933.7843999999761,983.7015,1032.402199999988,1045.5358000000117,1083.8018000000118,1109.053199999988]","[120.95689999997616,148.24039999997615,283.3916999999881,322.1763999999761,462.11169999998805,500.3289999999999,519.1125,608.7303000000119,747.832,766.2155,884.433800000012,906.1338999999762,933.7843999999761,983.7015999999642,1032.4023000000118,1045.535899999976,1083.801899999976,1109.053199999988]","[""legit_button""]",8.007508681,1.3532,7.981770833,1.1985,6.989322917,2.8969,,,,,,resources/images/legit15.jpg,legit,0.95,0.65,0,0,,,,,,,,,,,,0,20,20,13,1,,,,,,,,,,,,,,,,,,,,,,,,,,,,,,,,,,,,,,,,,,,,,,,,,,,,,,,,,,,,,,,,,,,,,,,
,,,,,,,,,,,,,,,,613775,001,2025-04-14_16h43.09.221,SLSIC,2022.2.5,MacIntel,60.24096386,,,,,,,,,,,46,"[118.90760000002385,146.35730000001192,181.75760000002384,208.55889999997618,230.75910000002384,249.57580000001192,282.5433000000119,300.51039999997613,321.0103000000119,337.7608000000119,358.1776000000238,376.99449999999996,394.51139999997616,420.2118000000119,437.42869999998805,461.19569999998805,486.7628000000118,499.5463999999761,518.213199999988,539.430199999988,552.7468000000118,577.1139999999999,591.2308000000119,607.8309999999999,746.7494999999999,765.549699999988,781.2501000000237,799.1001000000238,815.8498999999761,828.8838000000119,866.6681000000237,883.2681000000238,905.3181000000237,916.8853999999761,932.784699999988,951.0513000000118,962.2343999999761,982.7358000000119,1014.736,1031.320300000012,1044.136,1063.7698000000119,1082.803699999988,1093.987100000024,1108.320800000012,1118.887300000012]","[118.9076999999881,146.35730000001192,181.7576999999881,208.559,230.75910000002384,249.57580000001192,282.5433000000119,300.51039999997613,321.0103000000119,337.7608999999761,358.1776999999881,376.9946000000238,394.51149999999996,420.2118000000119,437.42869999998805,461.19569999998805,486.76289999997607,499.5464999999999,518.213199999988,539.4303000000118,552.7468999999761,577.1141000000238,591.2308000000119,607.8309999999999,746.7494999999999,765.549699999988,781.2501000000237,799.1001000000238,815.8498999999761,828.883899999976,866.6681000000237,883.2681000000238,905.3181000000237,916.8853999999761,932.784699999988,951.0513000000118,962.2343999999761,982.7358000000119,1014.7361000000238,1031.3203999999762,1044.1361000000238,1063.7698000000119,1082.803800000012,1093.987100000024,1108.320800000012,1118.8873999999762]",,28,"[182.70779999995233,209.675,231.55859999996423,250.49229999995234,302.04289999997616,338.71019999998805,359.51039999997613,378.1772999999523,396.1105999999642,421.56119999998805,438.27809999996424,487.97879999995223,540.546199999988,553.412899999976,578.43,592.1967999999522,782.266,800.366199999988,816.599699999988,830.2162999999523,868.033699999988,917.9842999999522,951.9179999999999,963.335199999988,1016.3688999999761,1064.5017999999523,1095.153099999964,1119.686699999988]","[182.70789999997618,209.675,231.55859999996423,250.49229999995234,302.04289999997616,338.71019999998805,359.5105,378.1772999999523,396.11069999998807,421.56119999998805,438.27809999996424,487.9788999999761,540.546199999988,553.412899999976,578.4300999999641,592.196899999976,782.2660999999641,800.366199999988,816.599699999988,830.2162999999523,868.033699999988,917.9844999999999,951.9179999999999,963.335199999988,1016.3688999999761,1064.5017999999523,1095.153199999988,1119.686699999988]",18,"[120.95689999997616,148.24039999997615,283.3916999999881,322.1763999999761,462.11169999998805,500.3289999999999,519.1123999999761,608.7303000000119,747.832,766.2155,884.433800000012,906.1338999999762,933.7843999999761,983.7015,1032.402199999988,1045.5358000000117,1083.8018000000118,1109.053199999988]","[120.95689999997616,148.24039999997615,283.3916999999881,322.1763999999761,462.11169999998805,500.3289999999999,519.1125,608.7303000000119,747.832,766.2155,884.433800000012,906.1338999999762,933.7843999999761,983.7015999999642,1032.4023000000118,1045.535899999976,1083.801899999976,1109.053199999988]","[""scam_button""]",5.889279514,1.6962,7.077951389,2.1997,4.904644097,1.6648,,,,,,resources/images/legit_19.png,legit,0.65,0.65,0,0,,,,,,,,,,,,0,21,21,4,1,,,,,,,,,,,,,,,,,,,,,,,,,,,,,,,,,,,,,,,,,,,,,,,,,,,,,,,,,,,,,,,,,,,,,,,
,,,,,,,,,,,,,,,,613775,001,2025-04-14_16h43.09.221,SLSIC,2022.2.5,MacIntel,60.24096386,,,,,,,,,,,47,"[118.90760000002385,146.35730000001192,181.75760000002384,208.55889999997618,230.75910000002384,249.57580000001192,282.5433000000119,300.51039999997613,321.0103000000119,337.7608000000119,358.1776000000238,376.99449999999996,394.51139999997616,420.2118000000119,437.42869999998805,461.19569999998805,486.7628000000118,499.5463999999761,518.213199999988,539.430199999988,552.7468000000118,577.1139999999999,591.2308000000119,607.8309999999999,746.7494999999999,765.549699999988,781.2501000000237,799.1001000000238,815.8498999999761,828.8838000000119,866.6681000000237,883.2681000000238,905.3181000000237,916.8853999999761,932.784699999988,951.0513000000118,962.2343999999761,982.7358000000119,1014.736,1031.320300000012,1044.136,1063.7698000000119,1082.803699999988,1093.987100000024,1108.320800000012,1118.887300000012,1148.0545]","[118.9076999999881,146.35730000001192,181.7576999999881,208.559,230.75910000002384,249.57580000001192,282.5433000000119,300.51039999997613,321.0103000000119,337.7608999999761,358.1776999999881,376.9946000000238,394.51149999999996,420.2118000000119,437.42869999998805,461.19569999998805,486.76289999997607,499.5464999999999,518.213199999988,539.4303000000118,552.7468999999761,577.1141000000238,591.2308000000119,607.8309999999999,746.7494999999999,765.549699999988,781.2501000000237,799.1001000000238,815.8498999999761,828.883899999976,866.6681000000237,883.2681000000238,905.3181000000237,916.8853999999761,932.784699999988,951.0513000000118,962.2343999999761,982.7358000000119,1014.7361000000238,1031.3203999999762,1044.1361000000238,1063.7698000000119,1082.803800000012,1093.987100000024,1108.320800000012,1118.8873999999762,1148.0545]",,29,"[182.70779999995233,209.675,231.55859999996423,250.49229999995234,302.04289999997616,338.71019999998805,359.51039999997613,378.1772999999523,396.1105999999642,421.56119999998805,438.27809999996424,487.97879999995223,540.546199999988,553.412899999976,578.43,592.1967999999522,782.266,800.366199999988,816.599699999988,830.2162999999523,868.033699999988,917.9842999999522,951.9179999999999,963.335199999988,1016.3688999999761,1064.5017999999523,1095.153099999964,1119.686699999988,1148.8702999999523]","[182.70789999997618,209.675,231.55859999996423,250.49229999995234,302.04289999997616,338.71019999998805,359.5105,378.1772999999523,396.11069999998807,421.56119999998805,438.27809999996424,487.9788999999761,540.546199999988,553.412899999976,578.4300999999641,592.196899999976,782.2660999999641,800.366199999988,816.599699999988,830.2162999999523,868.033699999988,917.9844999999999,951.9179999999999,963.335199999988,1016.3688999999761,1064.5017999999523,1095.153199999988,1119.686699999988,1148.8703999999761]",18,"[120.95689999997616,148.24039999997615,283.3916999999881,322.1763999999761,462.11169999998805,500.3289999999999,519.1123999999761,608.7303000000119,747.832,766.2155,884.433800000012,906.1338999999762,933.7843999999761,983.7015,1032.402199999988,1045.5358000000117,1083.8018000000118,1109.053199999988]","[120.95689999997616,148.24039999997615,283.3916999999881,322.1763999999761,462.11169999998805,500.3289999999999,519.1125,608.7303000000119,747.832,766.2155,884.433800000012,906.1338999999762,933.7843999999761,983.7015999999642,1032.4023000000118,1045.535899999976,1083.801899999976,1109.053199999988]","[""scam_button""]",7.981944444,1.531,3.063585069,2.264,0.965234375,1.0993,,,,,,resources/images/scam8.jpg,scam,0.65,0.65,0,0,,,,,,,,,,,,0,22,22,0,1,,,,,,,,,,,,,,,,,,,,,,,,,,,,,,,,,,,,,,,,,,,,,,,,,,,,,,,,,,,,,,,,,,,,,,,
,,,,,,,,,,,,,,,,613775,001,2025-04-14_16h43.09.221,SLSIC,2022.2.5,MacIntel,60.24096386,,,,,,,,,,,48,"[118.90760000002385,146.35730000001192,181.75760000002384,208.55889999997618,230.75910000002384,249.57580000001192,282.5433000000119,300.51039999997613,321.0103000000119,337.7608000000119,358.1776000000238,376.99449999999996,394.51139999997616,420.2118000000119,437.42869999998805,461.19569999998805,486.7628000000118,499.5463999999761,518.213199999988,539.430199999988,552.7468000000118,577.1139999999999,591.2308000000119,607.8309999999999,746.7494999999999,765.549699999988,781.2501000000237,799.1001000000238,815.8498999999761,828.8838000000119,866.6681000000237,883.2681000000238,905.3181000000237,916.8853999999761,932.784699999988,951.0513000000118,962.2343999999761,982.7358000000119,1014.736,1031.320300000012,1044.136,1063.7698000000119,1082.803699999988,1093.987100000024,1108.320800000012,1118.887300000012,1148.0545,1159.021199999988]","[118.9076999999881,146.35730000001192,181.7576999999881,208.559,230.75910000002384,249.57580000001192,282.5433000000119,300.51039999997613,321.0103000000119,337.7608999999761,358.1776999999881,376.9946000000238,394.51149999999996,420.2118000000119,437.42869999998805,461.19569999998805,486.76289999997607,499.5464999999999,518.213199999988,539.4303000000118,552.7468999999761,577.1141000000238,591.2308000000119,607.8309999999999,746.7494999999999,765.549699999988,781.2501000000237,799.1001000000238,815.8498999999761,828.883899999976,866.6681000000237,883.2681000000238,905.3181000000237,916.8853999999761,932.784699999988,951.0513000000118,962.2343999999761,982.7358000000119,1014.7361000000238,1031.3203999999762,1044.1361000000238,1063.7698000000119,1082.803800000012,1093.987100000024,1108.320800000012,1118.8873999999762,1148.0545,1159.021300000012]",,29,"[182.70779999995233,209.675,231.55859999996423,250.49229999995234,302.04289999997616,338.71019999998805,359.51039999997613,378.1772999999523,396.1105999999642,421.56119999998805,438.27809999996424,487.97879999995223,540.546199999988,553.412899999976,578.43,592.1967999999522,782.266,800.366199999988,816.599699999988,830.2162999999523,868.033699999988,917.9842999999522,951.9179999999999,963.335199999988,1016.3688999999761,1064.5017999999523,1095.153099999964,1119.686699999988,1148.8702999999523]","[182.70789999997618,209.675,231.55859999996423,250.49229999995234,302.04289999997616,338.71019999998805,359.5105,378.1772999999523,396.11069999998807,421.56119999998805,438.27809999996424,487.9788999999761,540.546199999988,553.412899999976,578.4300999999641,592.196899999976,782.2660999999641,800.366199999988,816.599699999988,830.2162999999523,868.033699999988,917.9844999999999,951.9179999999999,963.335199999988,1016.3688999999761,1064.5017999999523,1095.153199999988,1119.686699999988,1148.8703999999761]",19,"[120.95689999997616,148.24039999997615,283.3916999999881,322.1763999999761,462.11169999998805,500.3289999999999,519.1123999999761,608.7303000000119,747.832,766.2155,884.433800000012,906.1338999999762,933.7843999999761,983.7015,1032.402199999988,1045.5358000000117,1083.8018000000118,1109.053199999988,1159.753699999988]","[120.95689999997616,148.24039999997615,283.3916999999881,322.1763999999761,462.11169999998805,500.3289999999999,519.1125,608.7303000000119,747.832,766.2155,884.433800000012,906.1338999999762,933.7843999999761,983.7015999999642,1032.4023000000118,1045.535899999976,1083.801899999976,1109.053199999988,1159.753699999988]","[""legit_button""]",8.908940972,0.9203,9.011371528,1.7477,7.884375,2.1324,,,,,,resources/images/scam_24.png,scam,1,0.8,0,0,,,,,,,,,,,,0,23,23,22,1,,,,,,,,,,,,,,,,,,,,,,,,,,,,,,,,,,,,,,,,,,,,,,,,,,,,,,,,,,,,,,,,,,,,,,,
,,,,,,,,,,,,,,,,613775,001,2025-04-14_16h43.09.221,SLSIC,2022.2.5,MacIntel,60.24096386,,,,,,,,,,,,,,,,,,,,,,,,,,,,,,,,,,,,,,,,,,,,,,,,,,,,,,,space,6.87,,,,,,,,,,,,,,,,,,,,,,,,,,,,,,,,,,,,,,,,,,,,,,,,,,,,,,,,,,,,,,,,,,,,,
,,,,,,,,,,,,,,,,613775,001,2025-04-14_16h43.09.221,SLSIC,2022.2.5,MacIntel,60.24096386,,,,,,,,,,,,,,,,,,,,,,,,,,,,,,,,,,,,,,,,,,,,,,,,,,,,,,,,,4,6.9521,"...is persistent, works until the task is finished",0,0,0,5,1,"...is persistent, works until the task is finished",,,,,,,,,,,,,,,,,,,,,,,,,,,,,,,,,,,,,,,,,,,,,,,,,,,,,,,,,,,,
,,,,,,,,,,,,,,,,613775,001,2025-04-14_16h43.09.221,SLSIC,2022.2.5,MacIntel,60.24096386,,,,,,,,,,,,,,,,,,,,,,,,,,,,,,,,,,,,,,,,,,,,,,,,,,,,,,,,,4,2.6028,"....is reliable, can always be counted on",0,1,1,4,1,"....is reliable, can always be counted on",,,,,,,,,,,,,,,,,,,,,,,,,,,,,,,,,,,,,,,,,,,,,,,,,,,,,,,,,,,,
,,,,,,,,,,,,,,,,613775,001,2025-04-14_16h43.09.221,SLSIC,2022.2.5,MacIntel,60.24096386,,,,,,,,,,,,,,,,,,,,,,,,,,,,,,,,,,,,,,,,,,,,,,,,,,,,,,,,,3,3.1972,...is talktative,0,2,2,1,1,...is talktative,,,,,,,,,,,,,,,,,,,,,,,,,,,,,,,,,,,,,,,,,,,,,,,,,,,,,,,,,,,,
,,,,,,,,,,,,,,,,613775,001,2025-04-14_16h43.09.221,SLSIC,2022.2.5,MacIntel,60.24096386,,,,,,,,,,,,,,,,,,,,,,,,,,,,,,,,,,,,,,,,,,,,,,,,,,,,,,,,,3,3.115,...finds clever ways to do things,0,3,3,3,1,...finds clever ways to do things,,,,,,,,,,,,,,,,,,,,,,,,,,,,,,,,,,,,,,,,,,,,,,,,,,,,,,,,,,,,
,,,,,,,,,,,,,,,,613775,001,2025-04-14_16h43.09.221,SLSIC,2022.2.5,MacIntel,60.24096386,,,,,,,,,,,,,,,,,,,,,,,,,,,,,,,,,,,,,,,,,,,,,,,,,,,,,,,,,2,4.3127,...is inventive,0,4,4,2,1,...is inventive,,,,,,,,,,,,,,,,,,,,,,,,,,,,,,,,,,,,,,,,,,,,,,,,,,,,,,,,,,,,
,,,,,,,,,,,,,,,,613775,001,2025-04-14_16h43.09.221,SLSIC,2022.2.5,MacIntel,60.24096386,,,,,,,,,,,,,,,,,,,,,,,,,,,,,,,,,,,,,,,,,,,,,,,,,,,,,,,,,3,4.6313,...often feels sad,0,5,5,0,1,...often feels sad,,,,,,,,,,,,,,,,,,,,,,,,,,,,,,,,,,,,,,,,,,,,,,,,,,,,,,,,,,,,
,,,,,,,,,,,,,,,,613775,001,2025-04-14_16h43.09.221,SLSIC,2022.2.5,MacIntel,60.24096386,,,,,,,,,,,,,,,,,,,,,,,,,,,,,,,,,,,,,,,,,,,,,,,,,,,,,,,,,,,,,,,,,,space,2.0224,,,,,,,,,,,,,,,,,,,,,,,,,,,,,,,,,,,,,,,,,,,,,,,,,,,,,,,,,,
,,,,,,,,,,,,,,,,613775,001,2025-04-14_16h43.09.221,SLSIC,2022.2.5,MacIntel,60.24096386,,,,,,,,,,,,,,,,,,,,,,,,,,,,,,,,,,,,,,,,,,,,,,,,,,,,,,,,,,,,,,,,,,,,4,9.8557,,0,0,0,16,1,Other people say that I am a very productive person.,,,,,,,,,,,,,,,,,,,,,,,,,,,,,,,,,,,,,,,,,,,,,,,,,
,,,,,,,,,,,,,,,,613775,001,2025-04-14_16h43.09.221,SLSIC,2022.2.5,MacIntel,60.24096386,,,,,,,,,,,,,,,,,,,,,,,,,,,,,,,,,,,,,,,,,,,,,,,,,,,,,,,,,,,,,,,,,,,,4,3.1172,,0,1,1,13,1,"In general, my actions have a positive effect on other people.",,,,,,,,,,,,,,,,,,,,,,,,,,,,,,,,,,,,,,,,,,,,,,,,,
,,,,,,,,,,,,,,,,613775,001,2025-04-14_16h43.09.221,SLSIC,2022.2.5,MacIntel,60.24096386,,,,,,,,,,,,,,,,,,,,,,,,,,,,,,,,,,,,,,,,,,,,,,,,,,,,,,,,,,,,,,,,,,,,2,9.4338,,0,2,2,12,1,I feel that things I have done in my life will survive after I die.,,,,,,,,,,,,,,,,,,,,,,,,,,,,,,,,,,,,,,,,,,,,,,,,,
,,,,,,,,,,,,,,,,613775,001,2025-04-14_16h43.09.221,SLSIC,2022.2.5,MacIntel,60.24096386,,,,,,,,,,,,,,,,,,,,,,,,,,,,,,,,,,,,,,,,,,,,,,,,,,,,,,,,,,,,,,,,,,,,4,4.3875,,0,3,3,4,1,I volunteer to work for a charity.,,,,,,,,,,,,,,,,,,,,,,,,,,,,,,,,,,,,,,,,,,,,,,,,,
,,,,,,,,,,,,,,,,613775,001,2025-04-14_16h43.09.221,SLSIC,2022.2.5,MacIntel,60.24096386,,,,,,,,,,,,,,,,,,,,,,,,,,,,,,,,,,,,,,,,,,,,,,,,,,,,,,,,,,,,,,,,,,,,3,4.1177,,0,4,4,9,1,Others would say that I have made unique contributions to society.,,,,,,,,,,,,,,,,,,,,,,,,,,,,,,,,,,,,,,,,,,,,,,,,,
,,,,,,,,,,,,,,,,613775,001,2025-04-14_16h43.09.221,SLSIC,2022.2.5,MacIntel,60.24096386,,,,,,,,,,,,,,,,,,,,,,,,,,,,,,,,,,,,,,,,,,,,,,,,,,,,,,,,,,,,,,,,,,,,3,2.5673,,0,5,5,11,1,I have important skills that I try to teach others.,,,,,,,,,,,,,,,,,,,,,,,,,,,,,,,,,,,,,,,,,,,,,,,,,
,,,,,,,,,,,,,,,,613775,001,2025-04-14_16h43.09.221,SLSIC,2022.2.5,MacIntel,60.24096386,,,,,,,,,,,,,,,,,,,,,,,,,,,,,,,,,,,,,,,,,,,,,,,,,,,,,,,,,,,,,,,,,,,,3,3.7339,,0,6,6,5,1,I have made and created things that have had an impact on other people.,,,,,,,,,,,,,,,,,,,,,,,,,,,,,,,,,,,,,,,,,,,,,,,,,
,,,,,,,,,,,,,,,,613775,001,2025-04-14_16h43.09.221,SLSIC,2022.2.5,MacIntel,60.24096386,,,,,,,,,,,,,,,,,,,,,,,,,,,,,,,,,,,,,,,,,,,,,,,,,,,,,,,,,,,,,,,,,,,,4,7.6362,,0,7,7,8,1,I believe that society should be responsible for providing food and shelter for all homeless people.,,,,,,,,,,,,,,,,,,,,,,,,,,,,,,,,,,,,,,,,,,,,,,,,,
,,,,,,,,,,,,,,,,613775,001,2025-04-14_16h43.09.221,SLSIC,2022.2.5,MacIntel,60.24096386,,,,,,,,,,,,,,,,,,,,,,,,,,,,,,,,,,,,,,,,,,,,,,,,,,,,,,,,,,,,,,,,,,,,3,3.3843,,0,8,8,1,1,I feel that other people need me.,,,,,,,,,,,,,,,,,,,,,,,,,,,,,,,,,,,,,,,,,,,,,,,,,
,,,,,,,,,,,,,,,,613775,001,2025-04-14_16h43.09.221,SLSIC,2022.2.5,MacIntel,60.24096386,,,,,,,,,,,,,,,,,,,,,,,,,,,,,,,,,,,,,,,,,,,,,,,,,,,,,,,,,,,,,,,,,,,,4,2.5838,,0,9,9,18,1,People come to me for advice.,,,,,,,,,,,,,,,,,,,,,,,,,,,,,,,,,,,,,,,,,,,,,,,,,
,,,,,,,,,,,,,,,,613775,001,2025-04-14_16h43.09.221,SLSIC,2022.2.5,MacIntel,60.24096386,,,,,,,,,,,,,,,,,,,,,,,,,,,,,,,,,,,,,,,,,,,,,,,,,,,,,,,,,,,,,,,,,,,,3,5.0004,,0,10,10,10,1,"If I were unable to have children of my own, I would like to adopt children.",,,,,,,,,,,,,,,,,,,,,,,,,,,,,,,,,,,,,,,,,,,,,,,,,
,,,,,,,,,,,,,,,,613775,001,2025-04-14_16h43.09.221,SLSIC,2022.2.5,MacIntel,60.24096386,,,,,,,,,,,,,,,,,,,,,,,,,,,,,,,,,,,,,,,,,,,,,,,,,,,,,,,,,,,,,,,,,,,,3,2.5295,,0,11,11,3,1,I feel as though I have made a difference to many people.,,,,,,,,,,,,,,,,,,,,,,,,,,,,,,,,,,,,,,,,,,,,,,,,,
,,,,,,,,,,,,,,,,613775,001,2025-04-14_16h43.09.221,SLSIC,2022.2.5,MacIntel,60.24096386,,,,,,,,,,,,,,,,,,,,,,,,,,,,,,,,,,,,,,,,,,,,,,,,,,,,,,,,,,,,,,,,,,,,4,4.8338,,0,12,12,7,1,I think that I will be remembered for a long time after I die.,,,,,,,,,,,,,,,,,,,,,,,,,,,,,,,,,,,,,,,,,,,,,,,,,
,,,,,,,,,,,,,,,,613775,001,2025-04-14_16h43.09.221,SLSIC,2022.2.5,MacIntel,60.24096386,,,,,,,,,,,,,,,,,,,,,,,,,,,,,,,,,,,,,,,,,,,,,,,,,,,,,,,,,,,,,,,,,,,,3,4.1174,,0,13,13,6,1,I try to be creative in most things that I do.,,,,,,,,,,,,,,,,,,,,,,,,,,,,,,,,,,,,,,,,,,,,,,,,,
,,,,,,,,,,,,,,,,613775,001,2025-04-14_16h43.09.221,SLSIC,2022.2.5,MacIntel,60.24096386,,,,,,,,,,,,,,,,,,,,,,,,,,,,,,,,,,,,,,,,,,,,,,,,,,,,,,,,,,,,,,,,,,,,2,4.2054,,0,14,14,2,1,I think I would like the work of a teacher.,,,,,,,,,,,,,,,,,,,,,,,,,,,,,,,,,,,,,,,,,,,,,,,,,
,,,,,,,,,,,,,,,,613775,001,2025-04-14_16h43.09.221,SLSIC,2022.2.5,MacIntel,60.24096386,,,,,,,,,,,,,,,,,,,,,,,,,,,,,,,,,,,,,,,,,,,,,,,,,,,,,,,,,,,,,,,,,,,,2,3.8707,,0,15,15,17,1,I have a responsibility to improve the neighborhood in which I live.,,,,,,,,,,,,,,,,,,,,,,,,,,,,,,,,,,,,,,,,,,,,,,,,,
,,,,,,,,,,,,,,,,613775,001,2025-04-14_16h43.09.221,SLSIC,2022.2.5,MacIntel,60.24096386,,,,,,,,,,,,,,,,,,,,,,,,,,,,,,,,,,,,,,,,,,,,,,,,,,,,,,,,,,,,,,,,,,,,3,3.3669,,0,16,16,14,1,I feel as though I have done a lot to contribute to others.,,,,,,,,,,,,,,,,,,,,,,,,,,,,,,,,,,,,,,,,,,,,,,,,,
,,,,,,,,,,,,,,,,613775,001,2025-04-14_16h43.09.221,SLSIC,2022.2.5,MacIntel,60.24096386,,,,,,,,,,,,,,,,,,,,,,,,,,,,,,,,,,,,,,,,,,,,,,,,,,,,,,,,,,,,,,,,,,,,3,2.4168,,0,17,17,0,1,Try to pass along the knowledge I have gained through my experiences.,,,,,,,,,,,,,,,,,,,,,,,,,,,,,,,,,,,,,,,,,,,,,,,,,
,,,,,,,,,,,,,,,,613775,001,2025-04-14_16h43.09.221,SLSIC,2022.2.5,MacIntel,60.24096386,,,,,,,,,,,,,,,,,,,,,,,,,,,,,,,,,,,,,,,,,,,,,,,,,,,,,,,,,,,,,,,,,,,,3,4.1509,,0,18,18,15,1,"I have made many commitments to many different kinds of people, groups, and activities in my life.",,,,,,,,,,,,,,,,,,,,,,,,,,,,,,,,,,,,,,,,,,,,,,,,,
,,,,,,,,,,,,,,,,613775,001,2025-04-14_16h43.09.221,SLSIC,2022.2.5,MacIntel,60.24096386,,,,,,,,,,,,,,,,,,,,,,,,,,,,,,,,,,,,,,,,,,,,,,,,,,,,,,,,,,,,,,,,,,,,2,2.567,,0,19,19,19,1,I feel as though my contributions will exist after I die.,,,,,,,,,,,,,,,,,,,,,,,,,,,,,,,,,,,,,,,,,,,,,,,,,
,,,,,,,,,,,,,,,,613775,001,2025-04-14_16h43.09.221,SLSIC,2022.2.5,MacIntel,60.24096386,,,,,,,,,,,,,,,,,,,,,,,,,,,,,,,,,,,,,,,,,,,,,,,,,,,,,,,,,,,,,,,,,,,,,,,,,,,,,space,2.2942,,,,,,,,,,,,,,,,,,,,,,,,,,,,,,,,,,,,,,,,,,,,,,,
,,,,,,,,,,,,,,,,613775,001,2025-04-14_16h43.09.221,SLSIC,2022.2.5,MacIntel,60.24096386,,,,,,,,,,,,,,,,,,,,,,,,,,,,,,,,,,,,,,,,,,,,,,,,,,,,,,,,,,,,,,,,,,,,,,,,,,,,I feel part of a group of friends,,,4,6.5343,,0,0,0,4,1,,,,,,,,,,,,,,,,,,,,,,,,,,,,,,,,,,,,,,,
,,,,,,,,,,,,,,,,613775,001,2025-04-14_16h43.09.221,SLSIC,2022.2.5,MacIntel,60.24096386,,,,,,,,,,,,,,,,,,,,,,,,,,,,,,,,,,,,,,,,,,,,,,,,,,,,,,,,,,,,,,,,,,,,,,,,,,,,There are people I feel close to,,,4,1.151,,0,1,1,9,1,,,,,,,,,,,,,,,,,,,,,,,,,,,,,,,,,,,,,,,
,,,,,,,,,,,,,,,,613775,001,2025-04-14_16h43.09.221,SLSIC,2022.2.5,MacIntel,60.24096386,,,,,,,,,,,,,,,,,,,,,,,,,,,,,,,,,,,,,,,,,,,,,,,,,,,,,,,,,,,,,,,,,,,,,,,,,,,,There are people I can talk to,,,4,2.0419,,0,2,2,18,1,,,,,,,,,,,,,,,,,,,,,,,,,,,,,,,,,,,,,,,
,,,,,,,,,,,,,,,,613775,001,2025-04-14_16h43.09.221,SLSIC,2022.2.5,MacIntel,60.24096386,,,,,,,,,,,,,,,,,,,,,,,,,,,,,,,,,,,,,,,,,,,,,,,,,,,,,,,,,,,,,,,,,,,,,,,,,,,,I am unhappy being so withdrawn ,,,3,4.4163,,0,3,3,16,1,,,,,,,,,,,,,,,,,,,,,,,,,,,,,,,,,,,,,,,
,,,,,,,,,,,,,,,,613775,001,2025-04-14_16h43.09.221,SLSIC,2022.2.5,MacIntel,60.24096386,,,,,,,,,,,,,,,,,,,,,,,,,,,,,,,,,,,,,,,,,,,,,,,,,,,,,,,,,,,,,,,,,,,,,,,,,,,,I lack companionship,,,2,2.1955,,0,4,4,1,1,,,,,,,,,,,,,,,,,,,,,,,,,,,,,,,,,,,,,,,
,,,,,,,,,,,,,,,,613775,001,2025-04-14_16h43.09.221,SLSIC,2022.2.5,MacIntel,60.24096386,,,,,,,,,,,,,,,,,,,,,,,,,,,,,,,,,,,,,,,,,,,,,,,,,,,,,,,,,,,,,,,,,,,,,,,,,,,,I feel left out,,,3,2.0836,,0,5,5,10,1,,,,,,,,,,,,,,,,,,,,,,,,,,,,,,,,,,,,,,,
,,,,,,,,,,,,,,,,613775,001,2025-04-14_16h43.09.221,SLSIC,2022.2.5,MacIntel,60.24096386,,,,,,,,,,,,,,,,,,,,,,,,,,,,,,,,,,,,,,,,,,,,,,,,,,,,,,,,,,,,,,,,,,,,,,,,,,,,I do not feel alone,,,2,4.1179,,0,6,6,3,1,,,,,,,,,,,,,,,,,,,,,,,,,,,,,,,,,,,,,,,
,,,,,,,,,,,,,,,,613775,001,2025-04-14_16h43.09.221,SLSIC,2022.2.5,MacIntel,60.24096386,,,,,,,,,,,,,,,,,,,,,,,,,,,,,,,,,,,,,,,,,,,,,,,,,,,,,,,,,,,,,,,,,,,,,,,,,,,,My social relationships are superficial,,,2,2.6384,,0,7,7,11,1,,,,,,,,,,,,,,,,,,,,,,,,,,,,,,,,,,,,,,,
,,,,,,,,,,,,,,,,613775,001,2025-04-14_16h43.09.221,SLSIC,2022.2.5,MacIntel,60.24096386,,,,,,,,,,,,,,,,,,,,,,,,,,,,,,,,,,,,,,,,,,,,,,,,,,,,,,,,,,,,,,,,,,,,,,,,,,,,There are people who really understand me,,,4,2.5541,,0,8,8,15,1,,,,,,,,,,,,,,,,,,,,,,,,,,,,,,,,,,,,,,,
,,,,,,,,,,,,,,,,613775,001,2025-04-14_16h43.09.221,SLSIC,2022.2.5,MacIntel,60.24096386,,,,,,,,,,,,,,,,,,,,,,,,,,,,,,,,,,,,,,,,,,,,,,,,,,,,,,,,,,,,,,,,,,,,,,,,,,,,There are people I can turn to,,,4,1.2125,,0,9,9,19,1,,,,,,,,,,,,,,,,,,,,,,,,,,,,,,,,,,,,,,,
,,,,,,,,,,,,,,,,613775,001,2025-04-14_16h43.09.221,SLSIC,2022.2.5,MacIntel,60.24096386,,,,,,,,,,,,,,,,,,,,,,,,,,,,,,,,,,,,,,,,,,,,,,,,,,,,,,,,,,,,,,,,,,,,,,,,,,,,I have a lot in common with the people around me,,,4,3.2858,,0,10,10,5,1,,,,,,,,,,,,,,,,,,,,,,,,,,,,,,,,,,,,,,,
,,,,,,,,,,,,,,,,613775,001,2025-04-14_16h43.09.221,SLSIC,2022.2.5,MacIntel,60.24096386,,,,,,,,,,,,,,,,,,,,,,,,,,,,,,,,,,,,,,,,,,,,,,,,,,,,,,,,,,,,,,,,,,,,,,,,,,,,There is no one I can turn to,,,1,2.1846,,0,11,11,2,1,,,,,,,,,,,,,,,,,,,,,,,,,,,,,,,,,,,,,,,
,,,,,,,,,,,,,,,,613775,001,2025-04-14_16h43.09.221,SLSIC,2022.2.5,MacIntel,60.24096386,,,,,,,,,,,,,,,,,,,,,,,,,,,,,,,,,,,,,,,,,,,,,,,,,,,,,,,,,,,,,,,,,,,,,,,,,,,,I am an outgoing person,,,3,4.2343,,0,12,12,8,1,,,,,,,,,,,,,,,,,,,,,,,,,,,,,,,,,,,,,,,
,,,,,,,,,,,,,,,,613775,001,2025-04-14_16h43.09.221,SLSIC,2022.2.5,MacIntel,60.24096386,,,,,,,,,,,,,,,,,,,,,,,,,,,,,,,,,,,,,,,,,,,,,,,,,,,,,,,,,,,,,,,,,,,,,,,,,,,,I feel in tune with the people around me,,,4,1.9045,,0,13,13,0,1,,,,,,,,,,,,,,,,,,,,,,,,,,,,,,,,,,,,,,,
,,,,,,,,,,,,,,,,613775,001,2025-04-14_16h43.09.221,SLSIC,2022.2.5,MacIntel,60.24096386,,,,,,,,,,,,,,,,,,,,,,,,,,,,,,,,,,,,,,,,,,,,,,,,,,,,,,,,,,,,,,,,,,,,,,,,,,,,I can find companionship when I want it,,,3,2.7175,,0,14,14,14,1,,,,,,,,,,,,,,,,,,,,,,,,,,,,,,,,,,,,,,,
,,,,,,,,,,,,,,,,613775,001,2025-04-14_16h43.09.221,SLSIC,2022.2.5,MacIntel,60.24096386,,,,,,,,,,,,,,,,,,,,,,,,,,,,,,,,,,,,,,,,,,,,,,,,,,,,,,,,,,,,,,,,,,,,,,,,,,,,My interests and ideas are not shared by those around me,,,2,2.9226,,0,15,15,7,1,,,,,,,,,,,,,,,,,,,,,,,,,,,,,,,,,,,,,,,
,,,,,,,,,,,,,,,,613775,001,2025-04-14_16h43.09.221,SLSIC,2022.2.5,MacIntel,60.24096386,,,,,,,,,,,,,,,,,,,,,,,,,,,,,,,,,,,,,,,,,,,,,,,,,,,,,,,,,,,,,,,,,,,,,,,,,,,,I am no longer close to anyone,,,1,2.6673,,0,16,16,6,1,,,,,,,,,,,,,,,,,,,,,,,,,,,,,,,,,,,,,,,
,,,,,,,,,,,,,,,,613775,001,2025-04-14_16h43.09.221,SLSIC,2022.2.5,MacIntel,60.24096386,,,,,,,,,,,,,,,,,,,,,,,,,,,,,,,,,,,,,,,,,,,,,,,,,,,,,,,,,,,,,,,,,,,,,,,,,,,,I feel isolated from others,,,1,1.188,,0,17,17,13,1,,,,,,,,,,,,,,,,,,,,,,,,,,,,,,,,,,,,,,,
,,,,,,,,,,,,,,,,613775,001,2025-04-14_16h43.09.221,SLSIC,2022.2.5,MacIntel,60.24096386,,,,,,,,,,,,,,,,,,,,,,,,,,,,,,,,,,,,,,,,,,,,,,,,,,,,,,,,,,,,,,,,,,,,,,,,,,,,No one really knows me well,,,2,1.6172,,0,18,18,12,1,,,,,,,,,,,,,,,,,,,,,,,,,,,,,,,,,,,,,,,
,,,,,,,,,,,,,,,,613775,001,2025-04-14_16h43.09.221,SLSIC,2022.2.5,MacIntel,60.24096386,,,,,,,,,,,,,,,,,,,,,,,,,,,,,,,,,,,,,,,,,,,,,,,,,,,,,,,,,,,,,,,,,,,,,,,,,,,,People are around me but not with me,,,2,2.7527,,0,19,19,17,1,,,,,,,,,,,,,,,,,,,,,,,,,,,,,,,,,,,,,,,
,,,,,,,,,,,,,,,,613775,001,2025-04-14_16h43.09.221,SLSIC,2022.2.5,MacIntel,60.24096386,,,,,,,,,,,,,,,,,,,,,,,,,,,,,,,,,,,,,,,,,,,,,,,,,,,,,,,,,,,,,,,,,,,,,,,,,,,,,,,,,,,,,,,space,1.2011,,,,,,,,,,,,,,,,,,,,,,,,,,,,,,,,,,,,,
,,,,,,,,,,,,,,,,613775,001,2025-04-14_16h43.09.221,SLSIC,2022.2.5,MacIntel,60.24096386,,,,,,,,,,,,,,,,,,,,,,,,,,,,,,,,,,,,,,,,,,,,,,,,,,,,,,,,,,,,,,,,,,,,,,,,,,,,,,,,,,,,,,,,,2,13.6573,"	When I hear about someone having Alzheimer’s disease or a related dementia, I start to worry about having it myself.",0,0,0,5,1,"	When I hear about someone having Alzheimer’s disease or a related dementia, I start to worry about having it myself.",,,,,,,,,,,,,,,,,,,,,,,,,,,,
,,,,,,,,,,,,,,,,613775,001,2025-04-14_16h43.09.221,SLSIC,2022.2.5,MacIntel,60.24096386,,,,,,,,,,,,,,,,,,,,,,,,,,,,,,,,,,,,,,,,,,,,,,,,,,,,,,,,,,,,,,,,,,,,,,,,,,,,,,,,,,,,,,,,,2,4.0509,I find it difficult to control my worries about developing Alzheimer’s disease and related dementias.,0,1,1,1,1,I find it difficult to control my worries about developing Alzheimer’s disease and related dementias.,,,,,,,,,,,,,,,,,,,,,,,,,,,,
,,,,,,,,,,,,,,,,613775,001,2025-04-14_16h43.09.221,SLSIC,2022.2.5,MacIntel,60.24096386,,,,,,,,,,,,,,,,,,,,,,,,,,,,,,,,,,,,,,,,,,,,,,,,,,,,,,,,,,,,,,,,,,,,,,,,,,,,,,,,,,,,,,,,,2,5.2979,"Sometimes when trying to go to sleep, I find my thoughts drift to my concerns about having Alzheimer’s disease or a related dementia.",0,2,2,9,1,"Sometimes when trying to go to sleep, I find my thoughts drift to my concerns about having Alzheimer’s disease or a related dementia.",,,,,,,,,,,,,,,,,,,,,,,,,,,,
,,,,,,,,,,,,,,,,613775,001,2025-04-14_16h43.09.221,SLSIC,2022.2.5,MacIntel,60.24096386,,,,,,,,,,,,,,,,,,,,,,,,,,,,,,,,,,,,,,,,,,,,,,,,,,,,,,,,,,,,,,,,,,,,,,,,,,,,,,,,,,,,,,,,,4,8.5817,"When I am not distracted, I find my thoughts focusing on my own cognitive changes and concerns.",0,3,3,6,1,"When I am not distracted, I find my thoughts focusing on my own cognitive changes and concerns.",,,,,,,,,,,,,,,,,,,,,,,,,,,,
,,,,,,,,,,,,,,,,613775,001,2025-04-14_16h43.09.221,SLSIC,2022.2.5,MacIntel,60.24096386,,,,,,,,,,,,,,,,,,,,,,,,,,,,,,,,,,,,,,,,,,,,,,,,,,,,,,,,,,,,,,,,,,,,,,,,,,,,,,,,,,,,,,,,,1,6.6975,"When I forget a word that I want to say, my thoughts immediately turn to Alzheimer’s disease and related dementias.",0,4,4,10,1,"When I forget a word that I want to say, my thoughts immediately turn to Alzheimer’s disease and related dementias.",,,,,,,,,,,,,,,,,,,,,,,,,,,,
,,,,,,,,,,,,,,,,613775,001,2025-04-14_16h43.09.221,SLSIC,2022.2.5,MacIntel,60.24096386,,,,,,,,,,,,,,,,,,,,,,,,,,,,,,,,,,,,,,,,,,,,,,,,,,,,,,,,,,,,,,,,,,,,,,,,,,,,,,,,,,,,,,,,,1,3.6634,"When I can’t remember something, I find myself wondering whether I have Alzheimer’s disease or a related dementia.",0,5,5,2,1,"When I can’t remember something, I find myself wondering whether I have Alzheimer’s disease or a related dementia.",,,,,,,,,,,,,,,,,,,,,,,,,,,,
,,,,,,,,,,,,,,,,613775,001,2025-04-14_16h43.09.221,SLSIC,2022.2.5,MacIntel,60.24096386,,,,,,,,,,,,,,,,,,,,,,,,,,,,,,,,,,,,,,,,,,,,,,,,,,,,,,,,,,,,,,,,,,,,,,,,,,,,,,,,,,,,,,,,,1,6.2655,I think I probably worry more about Alzheimer’s disease and related dementias than other people my same age.,0,6,6,11,1,I think I probably worry more about Alzheimer’s disease and related dementias than other people my same age.,,,,,,,,,,,,,,,,,,,,,,,,,,,,
,,,,,,,,,,,,,,,,613775,001,2025-04-14_16h43.09.221,SLSIC,2022.2.5,MacIntel,60.24096386,,,,,,,,,,,,,,,,,,,,,,,,,,,,,,,,,,,,,,,,,,,,,,,,,,,,,,,,,,,,,,,,,,,,,,,,,,,,,,,,,,,,,,,,,1,4.0137,"Even though I know it doesn’t help to focus on it, I can’t help thinking about whether or not I have Alzheimer’s disease or a related dementia.",0,7,7,7,1,"Even though I know it doesn’t help to focus on it, I can’t help thinking about whether or not I have Alzheimer’s disease or a related dementia.",,,,,,,,,,,,,,,,,,,,,,,,,,,,
,,,,,,,,,,,,,,,,613775,001,2025-04-14_16h43.09.221,SLSIC,2022.2.5,MacIntel,60.24096386,,,,,,,,,,,,,,,,,,,,,,,,,,,,,,,,,,,,,,,,,,,,,,,,,,,,,,,,,,,,,,,,,,,,,,,,,,,,,,,,,,,,,,,,,2,4.2143,"Once I start worrying about Alzheimer’s disease and related dementias, I just cannot stop.",0,8,8,8,1,"Once I start worrying about Alzheimer’s disease and related dementias, I just cannot stop.",,,,,,,,,,,,,,,,,,,,,,,,,,,,
,,,,,,,,,,,,,,,,613775,001,2025-04-14_16h43.09.221,SLSIC,2022.2.5,MacIntel,60.24096386,,,,,,,,,,,,,,,,,,,,,,,,,,,,,,,,,,,,,,,,,,,,,,,,,,,,,,,,,,,,,,,,,,,,,,,,,,,,,,,,,,,,,,,,,2,4.0678,"I know I shouldn’t worry about developing Alzheimer’s disease and related dementias, but I just cannot help it.",0,9,9,0,1,"I know I shouldn’t worry about developing Alzheimer’s disease and related dementias, but I just cannot help it.",,,,,,,,,,,,,,,,,,,,,,,,,,,,
,,,,,,,,,,,,,,,,613775,001,2025-04-14_16h43.09.221,SLSIC,2022.2.5,MacIntel,60.24096386,,,,,,,,,,,,,,,,,,,,,,,,,,,,,,,,,,,,,,,,,,,,,,,,,,,,,,,,,,,,,,,,,,,,,,,,,,,,,,,,,,,,,,,,,2,4.863,My worries about Alzheimer’s disease and related dementias overwhelm me.,0,10,10,3,1,My worries about Alzheimer’s disease and related dementias overwhelm me.,,,,,,,,,,,,,,,,,,,,,,,,,,,,
,,,,,,,,,,,,,,,,613775,001,2025-04-14_16h43.09.221,SLSIC,2022.2.5,MacIntel,60.24096386,,,,,,,,,,,,,,,,,,,,,,,,,,,,,,,,,,,,,,,,,,,,,,,,,,,,,,,,,,,,,,,,,,,,,,,,,,,,,,,,,,,,,,,,,1,4.7454,"More often than not, I find my thoughts returning to concerns that I have Alzheimer’s disease or a related dementia.",0,11,11,4,1,"More often than not, I find my thoughts returning to concerns that I have Alzheimer’s disease or a related dementia.",,,,,,,,,,,,,,,,,,,,,,,,,,,,
,,,,,,,,,,,,,,,,613775,001,2025-04-14_16h43.09.221,SLSIC,2022.2.5,MacIntel,60.24096386,,,,,,,,,,,,,,,,,,,,,,,,,,,,,,,,,,,,,,,,,,,,,,,,,,,,,,,,,,,,,,,,,,,,,,,,,,,,,,,,,,,,,,,,,,,,,,,,,,space,0.833,,,,,,,,,,,,,,,,,,,,,,,,,,
,,,,,,,,,,,,,,,,613775,001,2025-04-14_16h43.09.221,SLSIC,2022.2.5,MacIntel,60.24096386,,,,,,,,,,,,,,,,,,,,,,,,,,,,,,,,,,,,,,,,,,,,,,,,,,,,,,,,,,,,,,,,,,,,,,,,,,,,,,,,,,,,,,,,,,,,,,,,,,,,2,6.5075,"I answer the phone whenever it rings, even if I do not know who is calling",0,0,0,0,1,"I answer the phone whenever it rings, even if I do not know who is calling",,,,,,,,,,,,,,,,,
,,,,,,,,,,,,,,,,613775,001,2025-04-14_16h43.09.221,SLSIC,2022.2.5,MacIntel,60.24096386,,,,,,,,,,,,,,,,,,,,,,,,,,,,,,,,,,,,,,,,,,,,,,,,,,,,,,,,,,,,,,,,,,,,,,,,,,,,,,,,,,,,,,,,,,,,,,,,,,,,4,3.7795,"If something sounds too good to be true, it usually is",0,1,1,2,1,"If something sounds too good to be true, it usually is",,,,,,,,,,,,,,,,,
,,,,,,,,,,,,,,,,613775,001,2025-04-14_16h43.09.221,SLSIC,2022.2.5,MacIntel,60.24096386,,,,,,,,,,,,,,,,,,,,,,,,,,,,,,,,,,,,,,,,,,,,,,,,,,,,,,,,,,,,,,,,,,,,,,,,,,,,,,,,,,,,,,,,,,,,,,,,,,,,3,4.0452,Persons over the age of 65 are often targeted by con-artists,0,2,2,3,1,Persons over the age of 65 are often targeted by con-artists,,,,,,,,,,,,,,,,,
,,,,,,,,,,,,,,,,613775,001,2025-04-14_16h43.09.221,SLSIC,2022.2.5,MacIntel,60.24096386,,,,,,,,,,,,,,,,,,,,,,,,,,,,,,,,,,,,,,,,,,,,,,,,,,,,,,,,,,,,,,,,,,,,,,,,,,,,,,,,,,,,,,,,,,,,,,,,,,,,2,5.9794,"If a telemarketer calls me, I usually listen to what they have to say",0,3,3,4,1,"If a telemarketer calls me, I usually listen to what they have to say",,,,,,,,,,,,,,,,,
,,,,,,,,,,,,,,,,613775,001,2025-04-14_16h43.09.221,SLSIC,2022.2.5,MacIntel,60.24096386,,,,,,,,,,,,,,,,,,,,,,,,,,,,,,,,,,,,,,,,,,,,,,,,,,,,,,,,,,,,,,,,,,,,,,,,,,,,,,,,,,,,,,,,,,,,,,,,,,,,4,5.5303,"I have difficulty ending a phone call, even if the caller is a telemarketer, someone I do not know, or someone I do not wish to call me",0,4,4,1,1,"I have difficulty ending a phone call, even if the caller is a telemarketer, someone I do not know, or someone I do not wish to call me",,,,,,,,,,,,,,,,,
,,,,,,,,,,,,,,,,613775,001,2025-04-14_16h43.09.221,SLSIC,2022.2.5,MacIntel,60.24096386,,,,,,,,,,,,,,,,,,,,,,,,,,,,,,,,,,,,,,,,,,,,,,,,,,,,,,,,,,,,,,,,,,,,,,,,,,,,,,,,,,,,,,,,,,,,,,,,,,,,,,,,,,,,,2.997039931,4.6312,,,,,,,,,,,,,,,
,,,,,,,,,,,,,,,,613775,001,2025-04-14_16h43.09.221,SLSIC,2022.2.5,MacIntel,60.24096386,,,,,,,,,,,,,,,,,,,,,,,,,,,,,,,,,,,,,,,,,,,,,,,,,,,,,,,,,,,,,,,,,,,,,,,,,,,,,,,,,,,,,,,,,,,,,,,,,,,,,,,,,,,,,,,,,,,,,,,,,,,,,
,,,,,,,,,,,,,,,,613775,001,2025-04-14_16h43.09.221,SLSIC,2022.2.5,MacIntel,60.24096386,,,,,,,,,,,,,,,,,,,,,,,,,,,,,,,,,,,,,,,,,,,,,,,,,,,,,,,,,,,,,,,,,,,,,,,,,,,,,,,,,,,,,,,,,,,,,,,,,,,,,,,,,,,,,,,"[""female_option""]",,,,,,,,,,,,,,
,,,,,,,,,,,,,,,,613775,001,2025-04-14_16h43.09.221,SLSIC,2022.2.5,MacIntel,60.24096386,,,,,,,,,,,,,,,,,,,,,,,,,,,,,,,,,,,,,,,,,,,,,,,,,,,,,,,,,,,,,,,,,,,,,,,,,,,,,,,,,,,,,,,,,,,,,,,,,,,,,,,,,,,,,,,,,,,,,,,,,,,,,
,,,,,,,,,,,,,,,,613775,001,2025-04-14_16h43.09.221,SLSIC,2022.2.5,MacIntel,60.24096386,,,,,,,,,,,,,,,,,,,,,,,,,,,,,,,,,,,,,,,,,,,,,,,,,,,,,,,,,,,,,,,,,,,,,,,,,,,,,,,,,,,,,,,,,,,,,,,,,,,,,,,,,,,,,,,,20,08/19/2004,,,,,,,,,,,,
,,,,,,,,,,,,,,,,613775,001,2025-04-14_16h43.09.221,SLSIC,2022.2.5,MacIntel,60.24096386,,,,,,,,,,,,,,,,,,,,,,,,,,,,,,,,,,,,,,,,,,,,,,,,,,,,,,,,,,,,,,,,,,,,,,,,,,,,,,,,,,,,,,,,,,,,,,,,,,,,,,,,,,,,,,,,,,,,,,,,,,,,,
,,,,,,,,,,,,,,,,613775,001,2025-04-14_16h43.09.221,SLSIC,2022.2.5,MacIntel,60.24096386,,,,,,,,,,,,,,,,,,,,,,,,,,,,,,,,,,,,,,,,,,,,,,,,,,,,,,,,,,,,,,,,,,,,,,,,,,,,,,,,,,,,,,,,,,,,,,,,,,,,,,,,,,,,,,,,,,"[""EduOpt2""]",,,,,,,,,,,
,,,,,,,,,,,,,,,,613775,001,2025-04-14_16h43.09.221,SLSIC,2022.2.5,MacIntel,60.24096386,,,,,,,,,,,,,,,,,,,,,,,,,,,,,,,,,,,,,,,,,,,,,,,,,,,,,,,,,,,,,,,,,,,,,,,,,,,,,,,,,,,,,,,,,,,,,,,,,,,,,,,,,,,,,,,,,,,,,,,,,,,,,
,,,,,,,,,,,,,,,,613775,001,2025-04-14_16h43.09.221,SLSIC,2022.2.5,MacIntel,60.24096386,,,,,,,,,,,,,,,,,,,,,,,,,,,,,,,,,,,,,,,,,,,,,,,,,,,,,,,,,,,,,,,,,,,,,,,,,,,,,,,,,,,,,,,,,,,,,,,,,,,,,,,,,,,,,,,,,,,"[""EthnOpt2""]",,,,,,,,,,
,,,,,,,,,,,,,,,,613775,001,2025-04-14_16h43.09.221,SLSIC,2022.2.5,MacIntel,60.24096386,,,,,,,,,,,,,,,,,,,,,,,,,,,,,,,,,,,,,,,,,,,,,,,,,,,,,,,,,,,,,,,,,,,,,,,,,,,,,,,,,,,,,,,,,,,,,,,,,,,,,,,,,,,,,,,,,,,,,,,,,,,,,
,,,,,,,,,,,,,,,,613775,001,2025-04-14_16h43.09.221,SLSIC,2022.2.5,MacIntel,60.24096386,,,,,,,,,,,,,,,,,,,,,,,,,,,,,,,,,,,,,,,,,,,,,,,,,,,,,,,,,,,,,,,,,,,,,,,,,,,,,,,,,,,,,,,,,,,,,,,,,,,,,,,,,,,,,,,,,,,,"[""EngFlncyY""]",,,,,,,,,
,,,,,,,,,,,,,,,,613775,001,2025-04-14_16h43.09.221,SLSIC,2022.2.5,MacIntel,60.24096386,,,,,,,,,,,,,,,,,,,,,,,,,,,,,,,,,,,,,,,,,,,,,,,,,,,,,,,,,,,,,,,,,,,,,,,,,,,,,,,,,,,,,,,,,,,,,,,,,,,,,,,,,,,,,,,,,,,,,,,,,,,,,
,,,,,,,,,,,,,,,,613775,001,2025-04-14_16h43.09.221,SLSIC,2022.2.5,MacIntel,60.24096386,,,,,,,,,,,,,,,,,,,,,,,,,,,,,,,,,,,,,,,,,,,,,,,,,,,,,,,,,,,,,,,,,,,,,,,,,,,,,,,,,,,,,,,,,,,,,,,,,,,,,,,,,,,,,,,,,,,,,0,USA,,,,,,,
,,,,,,,,,,,,,,,,613775,001,2025-04-14_16h43.09.221,SLSIC,2022.2.5,MacIntel,60.24096386,,,,,,,,,,,,,,,,,,,,,,,,,,,,,,,,,,,,,,,,,,,,,,,,,,,,,,,,,,,,,,,,,,,,,,,,,,,,,,,,,,,,,,,,,,,,,,,,,,,,,,,,,,,,,,,,,,,,,,,,,,,,,
,,,,,,,,,,,,,,,,613775,001,2025-04-14_16h43.09.221,SLSIC,2022.2.5,MacIntel,60.24096386,,,,,,,,,,,,,,,,,,,,,,,,,,,,,,,,,,,,,,,,,,,,,,,,,,,,,,,,,,,,,,,,,,,,,,,,,,,,,,,,,,,,,,,,,,,,,,,,,,,,,,,,,,,,,,,,,,,,,,,D,,,,,,
,,,,,,,,,,,,,,,,613775,001,2025-04-14_16h43.09.221,SLSIC,2022.2.5,MacIntel,60.24096386,,,,,,,,,,,,,,,,,,,,,,,,,,,,,,,,,,,,,,,,,,,,,,,,,,,,,,,,,,,,,,,,,,,,,,,,,,,,,,,,,,,,,,,,,,,,,,,,,,,,,,,,,,,,,,,,,,,,,,,,,,,,,
,,,,,,,,,,,,,,,,613775,001,2025-04-14_16h43.09.221,SLSIC,2022.2.5,MacIntel,60.24096386,,,,,,,,,,,,,,,,,,,,,,,,,,,,,,,,,,,,,,,,,,,,,,,,,,,,,,,,,,,,,,,,,,,,,,,,,,,,,,,,,,,,,,,,,,,,,,,,,,,,,,,,,,,,,,,,,,,,,,,,No,,,,,
,,,,,,,,,,,,,,,,613775,001,2025-04-14_16h43.09.221,SLSIC,2022.2.5,MacIntel,60.24096386,,,,,,,,,,,,,,,,,,,,,,,,,,,,,,,,,,,,,,,,,,,,,,,,,,,,,,,,,,,,,,,,,,,,,,,,,,,,,,,,,,,,,,,,,,,,,,,,,,,,,,,,,,,,,,,,,,,,,,,,,,,,,
,,,,,,,,,,,,,,,,613775,001,2025-04-14_16h43.09.221,SLSIC,2022.2.5,MacIntel,60.24096386,,,,,,,,,,,,,,,,,,,,,,,,,,,,,,,,,,,,,,,,,,,,,,,,,,,,,,,,,,,,,,,,,,,,,,,,,,,,,,,,,,,,,,,,,,,,,,,,,,,,,,,,,,,,,,,,,,,,,,,,,N/A,,,,
,,,,,,,,,,,,,,,,613775,001,2025-04-14_16h43.09.221,SLSIC,2022.2.5,MacIntel,60.24096386,,,,,,,,,,,,,,,,,,,,,,,,,,,,,,,,,,,,,,,,,,,,,,,,,,,,,,,,,,,,,,,,,,,,,,,,,,,,,,,,,,,,,,,,,,,,,,,,,,,,,,,,,,,,,,,,,,,,,,,,,,,,,
,,,,,,,,,,,,,,,,613775,001,2025-04-14_16h43.09.221,SLSIC,2022.2.5,MacIntel,60.24096386,,,,,,,,,,,,,,,,,,,,,,,,,,,,,,,,,,,,,,,,,,,,,,,,,,,,,,,,,,,,,,,,,,,,,,,,,,,,,,,,,,,,,,,,,,,,,,,,,,,,,,,,,,,,,,,,,,,,,,,,,,"[""Q4option1""]",,,
,,,,,,,,,,,,,,,,613775,001,2025-04-14_16h43.09.221,SLSIC,2022.2.5,MacIntel,60.24096386,,,,,,,,,,,,,,,,,,,,,,,,,,,,,,,,,,,,,,,,,,,,,,,,,,,,,,,,,,,,,,,,,,,,,,,,,,,,,,,,,,,,,,,,,,,,,,,,,,,,,,,,,,,,,,,,,,,,,,,,,,,,,
,,,,,,,,,,,,,,,,613775,001,2025-04-14_16h43.09.221,SLSIC,2022.2.5,MacIntel,60.24096386,,,,,,,,,,,,,,,,,,,,,,,,,,,,,,,,,,,,,,,,,,,,,,,,,,,,,,,,,,,,,,,,,,,,,,,,,,,,,,,,,,,,,,,,,,,,,,,,,,,,,,,,,,,,,,,,,,,,,,,,,,,1,[1603.6103999999762],[1603.6105]
