bruinID.text,button.numClicks,button.timesOn,button.timesOff,mouseLogIn.x,mouseLogIn.y,mouseLogIn.leftButton,mouseLogIn.midButton,mouseLogIn.rightButton,mouseLogIn.time,mouseLogIn.clicked_name,repeat.thisRepN,repeat.thisTrialN,repeat.thisN,repeat.thisIndex,repeat.ran,participant,session,date,expName,psychopyVersion,OS,frameRate,key_resp_6.keys,key_resp_6.rt,key_resp_5.keys,key_resp_5.rt,subjage_slider.response,subjage_slider.rt,confidence_scale.response,confidence_scale.rt,key_resp_7.keys,key_resp_7.rt,button_2.numClicks,button_2.timesOn,button_2.timesOff,email_type,scam_button.numClicks,scam_button.timesOn,scam_button.timesOff,legit_button.numClicks,legit_button.timesOn,legit_button.timesOff,button_selections_1,confidence_scale_email.response,confidence_scale_email.rt,personal_rel_scale.response,personal_rel_scale.rt,curiosity_scale.response,curiosity_scale.rt,email_loop.thisRepN,email_loop.thisTrialN,email_loop.thisN,email_loop.thisIndex,email_loop.ran,emails,type,xsize,ysize,xpos,ypos,key_resp_8.keys,key_resp_8.rt,button_3.numClicks,button_3.timesOn,button_3.timesOff,button_4.numClicks,button_4.timesOn,button_4.timesOff,button_5.numClicks,button_5.timesOn,button_5.timesOff,email_loops2.thisRepN,email_loops2.thisTrialN,email_loops2.thisN,email_loops2.thisIndex,email_loops2.ran,key_resp_3.keys,key_resp_3.rt,slider1_2.response,slider1_2.rt,trust_question,loop_GT.thisRepN,loop_GT.thisTrialN,loop_GT.thisN,loop_GT.thisIndex,loop_GT.ran,Phrases,instructionresp_2.keys,instructionresp_2.rt,key_resp_13.keys,key_resp_13.rt,gen_question,loop_G.thisRepN,loop_G.thisTrialN,loop_G.thisN,loop_G.thisIndex,loop_G.ran,Questions,instructionresp.keys,instructionresp.rt,key_resp_2.keys,key_resp_2.rt,lonely_question,loop_LS.thisRepN,loop_LS.thisTrialN,loop_LS.thisN,loop_LS.thisIndex,loop_LS.ran,key_resp_4.keys,key_resp_4.rt,rating.response,rating.rt,dementia_question,loop_dm.thisRepN,loop_dm.thisTrialN,loop_dm.thisN,loop_dm.thisIndex,loop_dm.ran,Items,key_resp.keys,key_resp.rt,slider1.response,slider1.rt,ss_question,loop_SS.thisRepN,loop_SS.thisTrialN,loop_SS.thisN,loop_SS.thisIndex,loop_SS.ran,Statements,slider.response,slider.rt,Gender,textboxAge.text,textboxBirthday.text,Education Level,Ethnicity,English Fluency,textboxAge_2.text,textboxCountry.text,FQ1textbox.text,textboxQuestion2.text,textboxQuestion3.text,FQ4 selection,Finish.numClicks,Finish.timesOn,Finish.timesOff
50625003,1,[5.801000000000002],[5.801000000000002],-0.070899471,-0.077777778,1,0,0,1.718,button,0,0,0,0,1,990204,001,2025-04-14_13h46.25.510,SLSIC,2022.2.5,MacIntel,58.82352941,,,,,,,,,,,,,,,,,,,,,,,,,,,,,,,,,,,,,,,,,,,,,,,,,,,,,,,,,,,,,,,,,,,,,,,,,,,,,,,,,,,,,,,,,,,,,,,,,,,,,,,,,,,,,,,,,,,,,,,,,,,,,
,,,,,,,,,,,,,,,,990204,001,2025-04-14_13h46.25.510,SLSIC,2022.2.5,MacIntel,58.82352941,space,1.602,,,,,,,,,,,,,,,,,,,,,,,,,,,,,,,,,,,,,,,,,,,,,,,,,,,,,,,,,,,,,,,,,,,,,,,,,,,,,,,,,,,,,,,,,,,,,,,,,,,,,,,,,,,,,,,,,,,,,,,,,,,
,,,,,,,,,,,,,,,,990204,001,2025-04-14_13h46.25.510,SLSIC,2022.2.5,MacIntel,58.82352941,,,space,1.872,,,,,,,,,,,,,,,,,,,,,,,,,,,,,,,,,,,,,,,,,,,,,,,,,,,,,,,,,,,,,,,,,,,,,,,,,,,,,,,,,,,,,,,,,,,,,,,,,,,,,,,,,,,,,,,,,,,,,,,,,
,,,,,,,,,,,,,,,,990204,001,2025-04-14_13h46.25.510,SLSIC,2022.2.5,MacIntel,58.82352941,,,,,50.34920635,4.108,,,,,,,,,,,,,,,,,,,,,,,,,,,,,,,,,,,,,,,,,,,,,,,,,,,,,,,,,,,,,,,,,,,,,,,,,,,,,,,,,,,,,,,,,,,,,,,,,,,,,,,,,,,,,,,,,,,,,,,
,,,,,,,,,,,,,,,,990204,001,2025-04-14_13h46.25.510,SLSIC,2022.2.5,MacIntel,58.82352941,,,,,,,7.952380952,8.373,,,,,,,,,,,,,,,,,,,,,,,,,,,,,,,,,,,,,,,,,,,,,,,,,,,,,,,,,,,,,,,,,,,,,,,,,,,,,,,,,,,,,,,,,,,,,,,,,,,,,,,,,,,,,,,,,,,,,
,,,,,,,,,,,,,,,,990204,001,2025-04-14_13h46.25.510,SLSIC,2022.2.5,MacIntel,58.82352941,,,,,,,,,space,4.615,,,,,,,,,,,,,,,,,,,,,,,,,,,,,,,,,,,,,,,,,,,,,,,,,,,,,,,,,,,,,,,,,,,,,,,,,,,,,,,,,,,,,,,,,,,,,,,,,,,,,,,,,,,,,,,,,,,
,,,,,,,,,,,,,,,,990204,001,2025-04-14_13h46.25.510,SLSIC,2022.2.5,MacIntel,58.82352941,,,,,,,,,,,1,[65.036],[65.036],,0,[],[],1,[67.176],[67.176],"[""legit_button""]",7.010582011,4.273,7.920634921,5.485,3.867724868,5.104,0,0,0,14,1,resources/images/legit7-EDIT.png,legit,0.65,0.65,0,0,,,,,,,,,,,,,,,,,,,,,,,,,,,,,,,,,,,,,,,,,,,,,,,,,,,,,,,,,,,,,,,,,,,,,,,,,,,,,,,,,,,,,,,
,,,,,,,,,,,,,,,,990204,001,2025-04-14_13h46.25.510,SLSIC,2022.2.5,MacIntel,58.82352941,,,,,,,,,,,2,"[65.036,104.41700000000002]","[65.036,104.41700000000002]",,0,[],[],2,"[67.176,105.413]","[67.176,105.413]","[""legit_button""]",7.084656085,1.825,8.047619048,5.416,8.005291005,3.476,0,1,1,15,1,resources/images/legit8.png,legit,0.8,0.72,0,0,,,,,,,,,,,,,,,,,,,,,,,,,,,,,,,,,,,,,,,,,,,,,,,,,,,,,,,,,,,,,,,,,,,,,,,,,,,,,,,,,,,,,,,
,,,,,,,,,,,,,,,,990204,001,2025-04-14_13h46.25.510,SLSIC,2022.2.5,MacIntel,58.82352941,,,,,,,,,,,3,"[65.036,104.41700000000002,150.43600000000004]","[65.036,104.41700000000002,150.43600000000004]",,0,[],[],3,"[67.176,105.413,152.68900000000002]","[67.176,105.413,152.68900000000002]","[""legit_button""]",3.804232804,2.046,2.047619048,2.367,2.058201058,3.45,0,2,2,21,1,resources/images/legit14-EDIT.jpg,legit,1,0.65,0,0,,,,,,,,,,,,,,,,,,,,,,,,,,,,,,,,,,,,,,,,,,,,,,,,,,,,,,,,,,,,,,,,,,,,,,,,,,,,,,,,,,,,,,,
,,,,,,,,,,,,,,,,990204,001,2025-04-14_13h46.25.510,SLSIC,2022.2.5,MacIntel,58.82352941,,,,,,,,,,,4,"[65.036,104.41700000000002,150.43600000000004,196.27100000000002]","[65.036,104.41700000000002,150.43600000000004,196.27100000000002]",,1,[197.64000000000004],[197.64000000000004],3,"[67.176,105.413,152.68900000000002]","[67.176,105.413,152.68900000000002]","[""scam_button""]",5.989107223,2.446,2.031435265,2.816,2.063181297,1.432,0,3,3,22,1,resources/images/legit17-EDIT.png,legit,0.65,0.65,0,0,,,,,,,,,,,,,,,,,,,,,,,,,,,,,,,,,,,,,,,,,,,,,,,,,,,,,,,,,,,,,,,,,,,,,,,,,,,,,,,,,,,,,,,
,,,,,,,,,,,,,,,,990204,001,2025-04-14_13h46.25.510,SLSIC,2022.2.5,MacIntel,58.82352941,,,,,,,,,,,5,"[65.036,104.41700000000002,150.43600000000004,196.27100000000002,210.24600000000004]","[65.036,104.41700000000002,150.43600000000004,196.27100000000002,210.24600000000004]",,2,"[197.64000000000004,211.10000000000002]","[197.64000000000004,211.10000000000002]",3,"[67.176,105.413,152.68900000000002]","[67.176,105.413,152.68900000000002]","[""scam_button""]",9.068472302,2.178,6.042017276,3.253,1.004980239,2.162,0,4,4,16,1,resources/images/scam13.png,scam,1,0.65,0,0,,,,,,,,,,,,,,,,,,,,,,,,,,,,,,,,,,,,,,,,,,,,,,,,,,,,,,,,,,,,,,,,,,,,,,,,,,,,,,,,,,,,,,,
,,,,,,,,,,,,,,,,990204,001,2025-04-14_13h46.25.510,SLSIC,2022.2.5,MacIntel,58.82352941,,,,,,,,,,,6,"[65.036,104.41700000000002,150.43600000000004,196.27100000000002,210.24600000000004,229.413]","[65.036,104.41700000000002,150.43600000000004,196.27100000000002,210.24600000000004,229.413]",,3,"[197.64000000000004,211.10000000000002,230.378]","[197.64000000000004,211.10000000000002,230.378]",3,"[67.176,105.413,152.68900000000002]","[67.176,105.413,152.68900000000002]","[""scam_button""]",7.851541085,1.908,2.909742143,2.132,1.915033149,2.256,0,5,5,0,1,resources/images/scam_1.png,scam,1,0.65,0,0,,,,,,,,,,,,,,,,,,,,,,,,,,,,,,,,,,,,,,,,,,,,,,,,,,,,,,,,,,,,,,,,,,,,,,,,,,,,,,,,,,,,,,,
,,,,,,,,,,,,,,,,990204,001,2025-04-14_13h46.25.510,SLSIC,2022.2.5,MacIntel,58.82352941,,,,,,,,,,,7,"[65.036,104.41700000000002,150.43600000000004,196.27100000000002,210.24600000000004,229.413,258.22700000000003]","[65.036,104.41700000000002,150.43600000000004,196.27100000000002,210.24600000000004,229.413,258.22700000000003]",,4,"[197.64000000000004,211.10000000000002,230.378,258.935]","[197.64000000000004,211.10000000000002,230.378,258.935]",3,"[67.176,105.413,152.68900000000002]","[67.176,105.413,152.68900000000002]","[""scam_button""]",6.052599286,1.737,2.751011985,3.062,1.978525212,1.726,0,6,6,9,1,resources/images/scam6.jpg,scam,1,0.65,0,0,,,,,,,,,,,,,,,,,,,,,,,,,,,,,,,,,,,,,,,,,,,,,,,,,,,,,,,,,,,,,,,,,,,,,,,,,,,,,,,,,,,,,,,
,,,,,,,,,,,,,,,,990204,001,2025-04-14_13h46.25.510,SLSIC,2022.2.5,MacIntel,58.82352941,,,,,,,,,,,8,"[65.036,104.41700000000002,150.43600000000004,196.27100000000002,210.24600000000004,229.413,258.22700000000003,286.051]","[65.036,104.41700000000002,150.43600000000004,196.27100000000002,210.24600000000004,229.413,258.22700000000003,286.051]",,4,"[197.64000000000004,211.10000000000002,230.378,258.935]","[197.64000000000004,211.10000000000002,230.378,258.935]",4,"[67.176,105.413,152.68900000000002,287.15200000000004]","[67.176,105.413,152.68900000000002,287.15200000000004]","[""legit_button""]",5.888888889,1.603,5.962962963,1.815,3.084656085,2.399,0,7,7,19,1,resources/images/scam_11.png,scam,1,0.65,0,0,,,,,,,,,,,,,,,,,,,,,,,,,,,,,,,,,,,,,,,,,,,,,,,,,,,,,,,,,,,,,,,,,,,,,,,,,,,,,,,,,,,,,,,
,,,,,,,,,,,,,,,,990204,001,2025-04-14_13h46.25.510,SLSIC,2022.2.5,MacIntel,58.82352941,,,,,,,,,,,9,"[65.036,104.41700000000002,150.43600000000004,196.27100000000002,210.24600000000004,229.413,258.22700000000003,286.051,325.492]","[65.036,104.41700000000002,150.43600000000004,196.27100000000002,210.24600000000004,229.413,258.22700000000003,286.051,325.492]",,5,"[197.64000000000004,211.10000000000002,230.378,258.935,326.091]","[197.64000000000004,211.10000000000002,230.378,258.935,326.091]",4,"[67.176,105.413,152.68900000000002,287.15200000000004]","[67.176,105.413,152.68900000000002,287.15200000000004]","[""scam_button""]",5.021164021,0.831,6.883597884,2.781,4.925925926,2.216,0,8,8,7,1,resources/images/scam5.jpg,scam,0.7,0.65,0,0,,,,,,,,,,,,,,,,,,,,,,,,,,,,,,,,,,,,,,,,,,,,,,,,,,,,,,,,,,,,,,,,,,,,,,,,,,,,,,,,,,,,,,,
,,,,,,,,,,,,,,,,990204,001,2025-04-14_13h46.25.510,SLSIC,2022.2.5,MacIntel,58.82352941,,,,,,,,,,,10,"[65.036,104.41700000000002,150.43600000000004,196.27100000000002,210.24600000000004,229.413,258.22700000000003,286.051,325.492,365.604]","[65.036,104.41700000000002,150.43600000000004,196.27100000000002,210.24600000000004,229.413,258.22700000000003,286.051,325.492,365.604]",,5,"[197.64000000000004,211.10000000000002,230.378,258.935,326.091]","[197.64000000000004,211.10000000000002,230.378,258.935,326.091]",5,"[67.176,105.413,152.68900000000002,287.15200000000004,366.934]","[67.176,105.413,152.68900000000002,287.15200000000004,366.934]","[""legit_button""]",5.052910053,0.68,2.947089947,0.737,1.941798942,1.238,0,9,9,5,1,resources/images/legit3.jpg,legit,1,0.73,0,0,,,,,,,,,,,,,,,,,,,,,,,,,,,,,,,,,,,,,,,,,,,,,,,,,,,,,,,,,,,,,,,,,,,,,,,,,,,,,,,,,,,,,,,
,,,,,,,,,,,,,,,,990204,001,2025-04-14_13h46.25.510,SLSIC,2022.2.5,MacIntel,58.82352941,,,,,,,,,,,11,"[65.036,104.41700000000002,150.43600000000004,196.27100000000002,210.24600000000004,229.413,258.22700000000003,286.051,325.492,365.604,383.584]","[65.036,104.41700000000002,150.43600000000004,196.27100000000002,210.24600000000004,229.413,258.22700000000003,286.051,325.492,365.604,383.584]",,6,"[197.64000000000004,211.10000000000002,230.378,258.935,326.091,384.868]","[197.64000000000004,211.10000000000002,230.378,258.935,326.091,384.868]",5,"[67.176,105.413,152.68900000000002,287.15200000000004,366.934]","[67.176,105.413,152.68900000000002,287.15200000000004,366.934]","[""scam_button""]",6.08994709,2.131,1.222222222,1.687,1.169312169,1.277,0,10,10,1,1,resources/images/scam_2.png,scam,0.9,0.65,0,0,,,,,,,,,,,,,,,,,,,,,,,,,,,,,,,,,,,,,,,,,,,,,,,,,,,,,,,,,,,,,,,,,,,,,,,,,,,,,,,,,,,,,,,
,,,,,,,,,,,,,,,,990204,001,2025-04-14_13h46.25.510,SLSIC,2022.2.5,MacIntel,58.82352941,,,,,,,,,,,12,"[65.036,104.41700000000002,150.43600000000004,196.27100000000002,210.24600000000004,229.413,258.22700000000003,286.051,325.492,365.604,383.584,413.4820000000001]","[65.036,104.41700000000002,150.43600000000004,196.27100000000002,210.24600000000004,229.413,258.22700000000003,286.051,325.492,365.604,383.584,413.4820000000001]",,7,"[197.64000000000004,211.10000000000002,230.378,258.935,326.091,384.868,414.303]","[197.64000000000004,211.10000000000002,230.378,258.935,326.091,384.868,414.303]",5,"[67.176,105.413,152.68900000000002,287.15200000000004,366.934]","[67.176,105.413,152.68900000000002,287.15200000000004,366.934]","[""scam_button""]",5.804232804,1.112,2.904761905,1.047,1.275132275,0.675,0,11,11,20,1,resources/images/scam12.jpg,scam,0.65,0.65,0,0,,,,,,,,,,,,,,,,,,,,,,,,,,,,,,,,,,,,,,,,,,,,,,,,,,,,,,,,,,,,,,,,,,,,,,,,,,,,,,,,,,,,,,,
,,,,,,,,,,,,,,,,990204,001,2025-04-14_13h46.25.510,SLSIC,2022.2.5,MacIntel,58.82352941,,,,,,,,,,,13,"[65.036,104.41700000000002,150.43600000000004,196.27100000000002,210.24600000000004,229.413,258.22700000000003,286.051,325.492,365.604,383.584,413.4820000000001,433.05]","[65.036,104.41700000000002,150.43600000000004,196.27100000000002,210.24600000000004,229.413,258.22700000000003,286.051,325.492,365.604,383.584,413.4820000000001,433.05]",,7,"[197.64000000000004,211.10000000000002,230.378,258.935,326.091,384.868,414.303]","[197.64000000000004,211.10000000000002,230.378,258.935,326.091,384.868,414.303]",6,"[67.176,105.413,152.68900000000002,287.15200000000004,366.934,433.69500000000005]","[67.176,105.413,152.68900000000002,287.15200000000004,366.934,433.69500000000005]","[""legit_button""]",6.904761905,1.14,7.010582011,2.832,4.037037037,1.316,0,12,12,3,1,resources/images/legit1.png,legit,1,0.72,0,0,,,,,,,,,,,,,,,,,,,,,,,,,,,,,,,,,,,,,,,,,,,,,,,,,,,,,,,,,,,,,,,,,,,,,,,,,,,,,,,,,,,,,,,
,,,,,,,,,,,,,,,,990204,001,2025-04-14_13h46.25.510,SLSIC,2022.2.5,MacIntel,58.82352941,,,,,,,,,,,14,"[65.036,104.41700000000002,150.43600000000004,196.27100000000002,210.24600000000004,229.413,258.22700000000003,286.051,325.492,365.604,383.584,413.4820000000001,433.05,496.682]","[65.036,104.41700000000002,150.43600000000004,196.27100000000002,210.24600000000004,229.413,258.22700000000003,286.051,325.492,365.604,383.584,413.4820000000001,433.05,496.682]",,7,"[197.64000000000004,211.10000000000002,230.378,258.935,326.091,384.868,414.303]","[197.64000000000004,211.10000000000002,230.378,258.935,326.091,384.868,414.303]",7,"[67.176,105.413,152.68900000000002,287.15200000000004,366.934,433.69500000000005,497.6360000000002]","[67.176,105.413,152.68900000000002,287.15200000000004,366.934,433.69500000000005,497.6360000000002]","[""legit_button""]",6.047619048,1.79,3.899470899,2.113,1.931216931,2.627,0,13,13,12,1,resources/images/legit5-EDIT.png,legit,0.65,0.65,0,0,,,,,,,,,,,,,,,,,,,,,,,,,,,,,,,,,,,,,,,,,,,,,,,,,,,,,,,,,,,,,,,,,,,,,,,,,,,,,,,,,,,,,,,
,,,,,,,,,,,,,,,,990204,001,2025-04-14_13h46.25.510,SLSIC,2022.2.5,MacIntel,58.82352941,,,,,,,,,,,15,"[65.036,104.41700000000002,150.43600000000004,196.27100000000002,210.24600000000004,229.413,258.22700000000003,286.051,325.492,365.604,383.584,413.4820000000001,433.05,496.682,520.916]","[65.036,104.41700000000002,150.43600000000004,196.27100000000002,210.24600000000004,229.413,258.22700000000003,286.051,325.492,365.604,383.584,413.4820000000001,433.05,496.682,520.916]",,8,"[197.64000000000004,211.10000000000002,230.378,258.935,326.091,384.868,414.303,522.475]","[197.64000000000004,211.10000000000002,230.378,258.935,326.091,384.868,414.303,522.475]",7,"[67.176,105.413,152.68900000000002,287.15200000000004,366.934,433.69500000000005,497.6360000000002]","[67.176,105.413,152.68900000000002,287.15200000000004,366.934,433.69500000000005,497.6360000000002]","[""scam_button""]",7.146753301,1.743,3.908658063,3.395,1.845165999,1.392,0,14,14,11,1,resources/images/legit4-EDIT.png,legit,0.65,0.65,0,0,,,,,,,,,,,,,,,,,,,,,,,,,,,,,,,,,,,,,,,,,,,,,,,,,,,,,,,,,,,,,,,,,,,,,,,,,,,,,,,,,,,,,,,
,,,,,,,,,,,,,,,,990204,001,2025-04-14_13h46.25.510,SLSIC,2022.2.5,MacIntel,58.82352941,,,,,,,,,,,16,"[65.036,104.41700000000002,150.43600000000004,196.27100000000002,210.24600000000004,229.413,258.22700000000003,286.051,325.492,365.604,383.584,413.4820000000001,433.05,496.682,520.916,542.105]","[65.036,104.41700000000002,150.43600000000004,196.27100000000002,210.24600000000004,229.413,258.22700000000003,286.051,325.492,365.604,383.584,413.4820000000001,433.05,496.682,520.916,542.105]",,9,"[197.64000000000004,211.10000000000002,230.378,258.935,326.091,384.868,414.303,522.475,542.915]","[197.64000000000004,211.10000000000002,230.378,258.935,326.091,384.868,414.303,522.475,542.915]",7,"[67.176,105.413,152.68900000000002,287.15200000000004,366.934,433.69500000000005,497.6360000000002]","[67.176,105.413,152.68900000000002,287.15200000000004,366.934,433.69500000000005,497.6360000000002]","[""scam_button""]",7.021164021,0.945,2.989417989,1.889,2.153439153,0.534,0,15,15,10,1,resources/images/scam7.png,scam,0.65,0.65,0,0,,,,,,,,,,,,,,,,,,,,,,,,,,,,,,,,,,,,,,,,,,,,,,,,,,,,,,,,,,,,,,,,,,,,,,,,,,,,,,,,,,,,,,,
,,,,,,,,,,,,,,,,990204,001,2025-04-14_13h46.25.510,SLSIC,2022.2.5,MacIntel,58.82352941,,,,,,,,,,,17,"[65.036,104.41700000000002,150.43600000000004,196.27100000000002,210.24600000000004,229.413,258.22700000000003,286.051,325.492,365.604,383.584,413.4820000000001,433.05,496.682,520.916,542.105,560.261]","[65.036,104.41700000000002,150.43600000000004,196.27100000000002,210.24600000000004,229.413,258.22700000000003,286.051,325.492,365.604,383.584,413.4820000000001,433.05,496.682,520.916,542.105,560.261]",,10,"[197.64000000000004,211.10000000000002,230.378,258.935,326.091,384.868,414.303,522.475,542.915,561.193]","[197.64000000000004,211.10000000000002,230.378,258.935,326.091,384.868,414.303,522.475,542.915,561.193]",7,"[67.176,105.413,152.68900000000002,287.15200000000004,366.934,433.69500000000005,497.6360000000002]","[67.176,105.413,152.68900000000002,287.15200000000004,366.934,433.69500000000005,497.6360000000002]","[""scam_button""]",6.830687831,0.87,3.825396825,2.266,2.079365079,0.641,0,16,16,6,1,resources/images/scam4.png,scam,0.8,0.65,0,0,,,,,,,,,,,,,,,,,,,,,,,,,,,,,,,,,,,,,,,,,,,,,,,,,,,,,,,,,,,,,,,,,,,,,,,,,,,,,,,,,,,,,,,
,,,,,,,,,,,,,,,,990204,001,2025-04-14_13h46.25.510,SLSIC,2022.2.5,MacIntel,58.82352941,,,,,,,,,,,18,"[65.036,104.41700000000002,150.43600000000004,196.27100000000002,210.24600000000004,229.413,258.22700000000003,286.051,325.492,365.604,383.584,413.4820000000001,433.05,496.682,520.916,542.105,560.261,576.04]","[65.036,104.41700000000002,150.43600000000004,196.27100000000002,210.24600000000004,229.413,258.22700000000003,286.051,325.492,365.604,383.584,413.4820000000001,433.05,496.682,520.916,542.105,560.261,576.04]",,11,"[197.64000000000004,211.10000000000002,230.378,258.935,326.091,384.868,414.303,522.475,542.915,561.193,576.835]","[197.64000000000004,211.10000000000002,230.378,258.935,326.091,384.868,414.303,522.475,542.915,561.193,576.835]",7,"[67.176,105.413,152.68900000000002,287.15200000000004,366.934,433.69500000000005,497.6360000000002]","[67.176,105.413,152.68900000000002,287.15200000000004,366.934,433.69500000000005,497.6360000000002]","[""scam_button""]",6.894179894,1.364,3.402116402,0.84,2.936507937,0.785,0,17,17,18,1,resources/images/legit10-EDIT.png,legit,1,0.65,0,0,,,,,,,,,,,,,,,,,,,,,,,,,,,,,,,,,,,,,,,,,,,,,,,,,,,,,,,,,,,,,,,,,,,,,,,,,,,,,,,,,,,,,,,
,,,,,,,,,,,,,,,,990204,001,2025-04-14_13h46.25.510,SLSIC,2022.2.5,MacIntel,58.82352941,,,,,,,,,,,19,"[65.036,104.41700000000002,150.43600000000004,196.27100000000002,210.24600000000004,229.413,258.22700000000003,286.051,325.492,365.604,383.584,413.4820000000001,433.05,496.682,520.916,542.105,560.261,576.04,610.872]","[65.036,104.41700000000002,150.43600000000004,196.27100000000002,210.24600000000004,229.413,258.22700000000003,286.051,325.492,365.604,383.584,413.4820000000001,433.05,496.682,520.916,542.105,560.261,576.04,610.872]",,12,"[197.64000000000004,211.10000000000002,230.378,258.935,326.091,384.868,414.303,522.475,542.915,561.193,576.835,611.744]","[197.64000000000004,211.10000000000002,230.378,258.935,326.091,384.868,414.303,522.475,542.915,561.193,576.835,611.744]",7,"[67.176,105.413,152.68900000000002,287.15200000000004,366.934,433.69500000000005,497.6360000000002]","[67.176,105.413,152.68900000000002,287.15200000000004,366.934,433.69500000000005,497.6360000000002]","[""scam_button""]",8.227513228,5.359,3.91005291,2.968,2.08994709,1.066,0,18,18,13,1,resources/images/legit6.png,legit,0.65,0.65,0,0,,,,,,,,,,,,,,,,,,,,,,,,,,,,,,,,,,,,,,,,,,,,,,,,,,,,,,,,,,,,,,,,,,,,,,,,,,,,,,,,,,,,,,,
,,,,,,,,,,,,,,,,990204,001,2025-04-14_13h46.25.510,SLSIC,2022.2.5,MacIntel,58.82352941,,,,,,,,,,,20,"[65.036,104.41700000000002,150.43600000000004,196.27100000000002,210.24600000000004,229.413,258.22700000000003,286.051,325.492,365.604,383.584,413.4820000000001,433.05,496.682,520.916,542.105,560.261,576.04,610.872,624.962]","[65.036,104.41700000000002,150.43600000000004,196.27100000000002,210.24600000000004,229.413,258.22700000000003,286.051,325.492,365.604,383.584,413.4820000000001,433.05,496.682,520.916,542.105,560.261,576.04,610.872,624.962]",,13,"[197.64000000000004,211.10000000000002,230.378,258.935,326.091,384.868,414.303,522.475,542.915,561.193,576.835,611.744,625.742]","[197.64000000000004,211.10000000000002,230.378,258.935,326.091,384.868,414.303,522.475,542.915,561.193,576.835,611.744,625.742]",7,"[67.176,105.413,152.68900000000002,287.15200000000004,366.934,433.69500000000005,497.6360000000002]","[67.176,105.413,152.68900000000002,287.15200000000004,366.934,433.69500000000005,497.6360000000002]","[""scam_button""]",6.132275132,2.38,3.920634921,1.101,2.164021164,0.526,0,19,19,2,1,resources/images/scam3.png,scam,1.2,0.65,0,0,,,,,,,,,,,,,,,,,,,,,,,,,,,,,,,,,,,,,,,,,,,,,,,,,,,,,,,,,,,,,,,,,,,,,,,,,,,,,,,,,,,,,,,
,,,,,,,,,,,,,,,,990204,001,2025-04-14_13h46.25.510,SLSIC,2022.2.5,MacIntel,58.82352941,,,,,,,,,,,21,"[65.036,104.41700000000002,150.43600000000004,196.27100000000002,210.24600000000004,229.413,258.22700000000003,286.051,325.492,365.604,383.584,413.4820000000001,433.05,496.682,520.916,542.105,560.261,576.04,610.872,624.962,639.402]","[65.036,104.41700000000002,150.43600000000004,196.27100000000002,210.24600000000004,229.413,258.22700000000003,286.051,325.492,365.604,383.584,413.4820000000001,433.05,496.682,520.916,542.105,560.261,576.04,610.872,624.962,639.402]",,14,"[197.64000000000004,211.10000000000002,230.378,258.935,326.091,384.868,414.303,522.475,542.915,561.193,576.835,611.744,625.742,640.722]","[197.64000000000004,211.10000000000002,230.378,258.935,326.091,384.868,414.303,522.475,542.915,561.193,576.835,611.744,625.742,640.722]",7,"[67.176,105.413,152.68900000000002,287.15200000000004,366.934,433.69500000000005,497.6360000000002]","[67.176,105.413,152.68900000000002,287.15200000000004,366.934,433.69500000000005,497.6360000000002]","[""scam_button""]",7.074074074,0.959,5.074074074,2.229,1.35978836,0.945,0,20,20,23,1,resources/images/scam14-EDIT.png,scam,1,0.65,0,0,,,,,,,,,,,,,,,,,,,,,,,,,,,,,,,,,,,,,,,,,,,,,,,,,,,,,,,,,,,,,,,,,,,,,,,,,,,,,,,,,,,,,,,
,,,,,,,,,,,,,,,,990204,001,2025-04-14_13h46.25.510,SLSIC,2022.2.5,MacIntel,58.82352941,,,,,,,,,,,22,"[65.036,104.41700000000002,150.43600000000004,196.27100000000002,210.24600000000004,229.413,258.22700000000003,286.051,325.492,365.604,383.584,413.4820000000001,433.05,496.682,520.916,542.105,560.261,576.04,610.872,624.962,639.402,661.41]","[65.036,104.41700000000002,150.43600000000004,196.27100000000002,210.24600000000004,229.413,258.22700000000003,286.051,325.492,365.604,383.584,413.4820000000001,433.05,496.682,520.916,542.105,560.261,576.04,610.872,624.962,639.402,661.41]",,15,"[197.64000000000004,211.10000000000002,230.378,258.935,326.091,384.868,414.303,522.475,542.915,561.193,576.835,611.744,625.742,640.722,662.57]","[197.64000000000004,211.10000000000002,230.378,258.935,326.091,384.868,414.303,522.475,542.915,561.193,576.835,611.744,625.742,640.722,662.57]",7,"[67.176,105.413,152.68900000000002,287.15200000000004,366.934,433.69500000000005,497.6360000000002]","[67.176,105.413,152.68900000000002,287.15200000000004,366.934,433.69500000000005,497.6360000000002]","[""scam_button""]",3.984126984,0.945,3.010582011,0.823,1.264550265,0.725,0,21,21,8,1,resources/images/legit9-EDIT.png,legit,1,0.65,0,0,,,,,,,,,,,,,,,,,,,,,,,,,,,,,,,,,,,,,,,,,,,,,,,,,,,,,,,,,,,,,,,,,,,,,,,,,,,,,,,,,,,,,,,
,,,,,,,,,,,,,,,,990204,001,2025-04-14_13h46.25.510,SLSIC,2022.2.5,MacIntel,58.82352941,,,,,,,,,,,23,"[65.036,104.41700000000002,150.43600000000004,196.27100000000002,210.24600000000004,229.413,258.22700000000003,286.051,325.492,365.604,383.584,413.4820000000001,433.05,496.682,520.916,542.105,560.261,576.04,610.872,624.962,639.402,661.41,675.3870000000002]","[65.036,104.41700000000002,150.43600000000004,196.27100000000002,210.24600000000004,229.413,258.22700000000003,286.051,325.492,365.604,383.584,413.4820000000001,433.05,496.682,520.916,542.105,560.261,576.04,610.872,624.962,639.402,661.41,675.3870000000002]",,16,"[197.64000000000004,211.10000000000002,230.378,258.935,326.091,384.868,414.303,522.475,542.915,561.193,576.835,611.744,625.742,640.722,662.57,676.47]","[197.64000000000004,211.10000000000002,230.378,258.935,326.091,384.868,414.303,522.475,542.915,561.193,576.835,611.744,625.742,640.722,662.57,676.47]",7,"[67.176,105.413,152.68900000000002,287.15200000000004,366.934,433.69500000000005,497.6360000000002]","[67.176,105.413,152.68900000000002,287.15200000000004,366.934,433.69500000000005,497.6360000000002]","[""scam_button""]",6.894179894,1.34,4.915343915,1.267,2.396825397,0.525,0,22,22,4,1,resources/images/legit2.jpg,legit,1,0.65,0,0,,,,,,,,,,,,,,,,,,,,,,,,,,,,,,,,,,,,,,,,,,,,,,,,,,,,,,,,,,,,,,,,,,,,,,,,,,,,,,,,,,,,,,,
,,,,,,,,,,,,,,,,990204,001,2025-04-14_13h46.25.510,SLSIC,2022.2.5,MacIntel,58.82352941,,,,,,,,,,,24,"[65.036,104.41700000000002,150.43600000000004,196.27100000000002,210.24600000000004,229.413,258.22700000000003,286.051,325.492,365.604,383.584,413.4820000000001,433.05,496.682,520.916,542.105,560.261,576.04,610.872,624.962,639.402,661.41,675.3870000000002,703.3100000000001]","[65.036,104.41700000000002,150.43600000000004,196.27100000000002,210.24600000000004,229.413,258.22700000000003,286.051,325.492,365.604,383.584,413.4820000000001,433.05,496.682,520.916,542.105,560.261,576.04,610.872,624.962,639.402,661.41,675.3870000000002,703.311]",,17,"[197.64000000000004,211.10000000000002,230.378,258.935,326.091,384.868,414.303,522.475,542.915,561.193,576.835,611.744,625.742,640.722,662.57,676.47,704.067]","[197.64000000000004,211.10000000000002,230.378,258.935,326.091,384.868,414.303,522.475,542.915,561.193,576.835,611.744,625.742,640.722,662.57,676.47,704.067]",7,"[67.176,105.413,152.68900000000002,287.15200000000004,366.934,433.69500000000005,497.6360000000002]","[67.176,105.413,152.68900000000002,287.15200000000004,366.934,433.69500000000005,497.6360000000002]","[""scam_button""]",6.777777778,2.1,2.904761905,1.077,2.100529101,0.893,0,23,23,17,1,resources/images/scam10.jpg,scam,1,0.65,0,0,,,,,,,,,,,,,,,,,,,,,,,,,,,,,,,,,,,,,,,,,,,,,,,,,,,,,,,,,,,,,,,,,,,,,,,,,,,,,,,,,,,,,,,
,,,,,,,,,,,,,,,,990204,001,2025-04-14_13h46.25.510,SLSIC,2022.2.5,MacIntel,58.82352941,,,,,,,,,,,,,,,,,,,,,,,,,,,,,,,,,,,,,,,space,27.87,,,,,,,,,,,,,,,,,,,,,,,,,,,,,,,,,,,,,,,,,,,,,,,,,,,,,,,,,,,,,,,,,,,,,,,,,,,,,,,,,,,,,
,,,,,,,,,,,,,,,,990204,001,2025-04-14_13h46.25.510,SLSIC,2022.2.5,MacIntel,58.82352941,,,,,,,,,,,,,,,,,,,,,,,,,,,,,,,,,,,,,,,,,1,[748.582],[748.582],,,,,,,,,,,,,,,,,,,,,,,,,,,,,,,,,,,,,,,,,,,,,,,,,,,,,,,,,,,,,,,,,,,,,,,,,,,,,,,,,,
,,,,,,,,,,,,,,,,990204,001,2025-04-14_13h46.25.510,SLSIC,2022.2.5,MacIntel,58.82352941,,,,,,,,,,,,,,,,,,,,,,,,2.915343915,11.221,,,,,,,,,,,,,,,,,,,,,,,,,,,,,,,,,,,,,,,,,,,,,,,,,,,,,,,,,,,,,,,,,,,,,,,,,,,,,,,,,,,,,,,,,,,,,,,,,,,,
,,,,,,,,,,,,,,,,990204,001,2025-04-14_13h46.25.510,SLSIC,2022.2.5,MacIntel,58.82352941,,,,,,,,,,,,,,,,,,,,,,,,,,,,,,,,,,,,,,,,,,,,1,[791.303],[791.303],,,,,,,,,,,,,,,,,,,,,,,,,,,,,,,,,,,,,,,,,,,,,,,,,,,,,,,,,,,,,,,,,,,,,,,,,,,,,,,
,,,,,,,,,,,,,,,,990204,001,2025-04-14_13h46.25.510,SLSIC,2022.2.5,MacIntel,58.82352941,,,,,,,,,,,,,,,,,,,,,,,,7.91005291,3.179,,,,,,,,,,,,,,,,,,,,,,,,,,,,,,,,,,,,,,,,,,,,,,,,,,,,,,,,,,,,,,,,,,,,,,,,,,,,,,,,,,,,,,,,,,,,,,,,,,,,
,,,,,,,,,,,,,,,,990204,001,2025-04-14_13h46.25.510,SLSIC,2022.2.5,MacIntel,58.82352941,,,,,,,,,,,,,,,,,,,,,,,,,,,,,,,,,,,,,,,,,,,,,,,1,[804.749],[804.749],,,,,,,,,,,,,,,,,,,,,,,,,,,,,,,,,,,,,,,,,,,,,,,,,,,,,,,,,,,,,,,,,,,,,,,,,,,,
,,,,,,,,,,,,,,,,990204,001,2025-04-14_13h46.25.510,SLSIC,2022.2.5,MacIntel,58.82352941,,,,,,,,,,,,,,,,,,,,,,,,6.153439153,0.913,,,,,,,,,,,,,,,,,,,,,,,,,,,,,,,,,,,,,,,,,,,,,,,,,,,,,,,,,,,,,,,,,,,,,,,,,,,,,,,,,,,,,,,,,,,,,,,,,,,,
,,,,,,,,,,,,,,,,990204,001,2025-04-14_13h46.25.510,SLSIC,2022.2.5,MacIntel,58.82352941,,,,,,,,,space,6.607,,,,,,,,,,,,,,,,,,,,,,,,,,,,,,,,,,,,,,,,,,,,,,,,,,,,,,,,,,,,,,,,,,,,,,,,,,,,,,,,,,,,,,,,,,,,,,,,,,,,,,,,,,,,,,,,,,,
,,,,,,,,,,,,,,,,990204,001,2025-04-14_13h46.25.510,SLSIC,2022.2.5,MacIntel,58.82352941,,,,,,,,,,,25,"[65.036,104.41700000000002,150.43600000000004,196.27100000000002,210.24600000000004,229.413,258.22700000000003,286.051,325.492,365.604,383.584,413.4820000000001,433.05,496.682,520.916,542.105,560.261,576.04,610.872,624.962,639.402,661.41,675.3870000000002,703.3100000000001,818.368]","[65.036,104.41700000000002,150.43600000000004,196.27100000000002,210.24600000000004,229.413,258.22700000000003,286.051,325.492,365.604,383.584,413.4820000000001,433.05,496.682,520.916,542.105,560.261,576.04,610.872,624.962,639.402,661.41,675.3870000000002,703.311,818.369]",,18,"[197.64000000000004,211.10000000000002,230.378,258.935,326.091,384.868,414.303,522.475,542.915,561.193,576.835,611.744,625.742,640.722,662.57,676.47,704.067,819.231]","[197.64000000000004,211.10000000000002,230.378,258.935,326.091,384.868,414.303,522.475,542.915,561.193,576.835,611.744,625.742,640.722,662.57,676.47,704.067,819.231]",7,"[67.176,105.413,152.68900000000002,287.15200000000004,366.934,433.69500000000005,497.6360000000002]","[67.176,105.413,152.68900000000002,287.15200000000004,366.934,433.69500000000005,497.6360000000002]","[""scam_button""]",7.899470899,3.726,3.063492063,3.548,3.084656085,2.62,,,,,,resources/images/legit_19.png,legit,0.65,0.65,0,0,,,,,,,,,,,,0,0,0,4,1,,,,,,,,,,,,,,,,,,,,,,,,,,,,,,,,,,,,,,,,,,,,,,,,,,,,,,,,,,,,,,,,,,,,,,,
,,,,,,,,,,,,,,,,990204,001,2025-04-14_13h46.25.510,SLSIC,2022.2.5,MacIntel,58.82352941,,,,,,,,,,,26,"[65.036,104.41700000000002,150.43600000000004,196.27100000000002,210.24600000000004,229.413,258.22700000000003,286.051,325.492,365.604,383.584,413.4820000000001,433.05,496.682,520.916,542.105,560.261,576.04,610.872,624.962,639.402,661.41,675.3870000000002,703.3100000000001,818.368,835.519]","[65.036,104.41700000000002,150.43600000000004,196.27100000000002,210.24600000000004,229.413,258.22700000000003,286.051,325.492,365.604,383.584,413.4820000000001,433.05,496.682,520.916,542.105,560.261,576.04,610.872,624.962,639.402,661.41,675.3870000000002,703.311,818.369,835.519]",,18,"[197.64000000000004,211.10000000000002,230.378,258.935,326.091,384.868,414.303,522.475,542.915,561.193,576.835,611.744,625.742,640.722,662.57,676.47,704.067,819.231]","[197.64000000000004,211.10000000000002,230.378,258.935,326.091,384.868,414.303,522.475,542.915,561.193,576.835,611.744,625.742,640.722,662.57,676.47,704.067,819.231]",8,"[67.176,105.413,152.68900000000002,287.15200000000004,366.934,433.69500000000005,497.6360000000002,837.101]","[67.176,105.413,152.68900000000002,287.15200000000004,366.934,433.69500000000005,497.6360000000002,837.101]","[""legit_button""]",6.798941799,3.134,6.798941799,1.538,5.095238095,3.581,,,,,,resources/images/legit_30.png,legit,1,0.85,0,0,,,,,,,,,,,,0,1,1,16,1,,,,,,,,,,,,,,,,,,,,,,,,,,,,,,,,,,,,,,,,,,,,,,,,,,,,,,,,,,,,,,,,,,,,,,,
,,,,,,,,,,,,,,,,990204,001,2025-04-14_13h46.25.510,SLSIC,2022.2.5,MacIntel,58.82352941,,,,,,,,,,,27,"[65.036,104.41700000000002,150.43600000000004,196.27100000000002,210.24600000000004,229.413,258.22700000000003,286.051,325.492,365.604,383.584,413.4820000000001,433.05,496.682,520.916,542.105,560.261,576.04,610.872,624.962,639.402,661.41,675.3870000000002,703.3100000000001,818.368,835.519,855.5889999999999]","[65.036,104.41700000000002,150.43600000000004,196.27100000000002,210.24600000000004,229.413,258.22700000000003,286.051,325.492,365.604,383.584,413.4820000000001,433.05,496.682,520.916,542.105,560.261,576.04,610.872,624.962,639.402,661.41,675.3870000000002,703.311,818.369,835.519,855.5889999999999]",,18,"[197.64000000000004,211.10000000000002,230.378,258.935,326.091,384.868,414.303,522.475,542.915,561.193,576.835,611.744,625.742,640.722,662.57,676.47,704.067,819.231]","[197.64000000000004,211.10000000000002,230.378,258.935,326.091,384.868,414.303,522.475,542.915,561.193,576.835,611.744,625.742,640.722,662.57,676.47,704.067,819.231]",9,"[67.176,105.413,152.68900000000002,287.15200000000004,366.934,433.69500000000005,497.6360000000002,837.101,856.542]","[67.176,105.413,152.68900000000002,287.15200000000004,366.934,433.69500000000005,497.6360000000002,837.101,856.542]","[""legit_button""]",7,3.995,5.931216931,2.136,5,1.491,,,,,,resources/images/legit_23.png,legit,1,0.65,0,0,,,,,,,,,,,,0,2,2,8,1,,,,,,,,,,,,,,,,,,,,,,,,,,,,,,,,,,,,,,,,,,,,,,,,,,,,,,,,,,,,,,,,,,,,,,,
,,,,,,,,,,,,,,,,990204,001,2025-04-14_13h46.25.510,SLSIC,2022.2.5,MacIntel,58.82352941,,,,,,,,,,,28,"[65.036,104.41700000000002,150.43600000000004,196.27100000000002,210.24600000000004,229.413,258.22700000000003,286.051,325.492,365.604,383.584,413.4820000000001,433.05,496.682,520.916,542.105,560.261,576.04,610.872,624.962,639.402,661.41,675.3870000000002,703.3100000000001,818.368,835.519,855.5889999999999,877.6080000000001]","[65.036,104.41700000000002,150.43600000000004,196.27100000000002,210.24600000000004,229.413,258.22700000000003,286.051,325.492,365.604,383.584,413.4820000000001,433.05,496.682,520.916,542.105,560.261,576.04,610.872,624.962,639.402,661.41,675.3870000000002,703.311,818.369,835.519,855.5889999999999,877.6080000000001]",,19,"[197.64000000000004,211.10000000000002,230.378,258.935,326.091,384.868,414.303,522.475,542.915,561.193,576.835,611.744,625.742,640.722,662.57,676.47,704.067,819.231,878.472]","[197.64000000000004,211.10000000000002,230.378,258.935,326.091,384.868,414.303,522.475,542.915,561.193,576.835,611.744,625.742,640.722,662.57,676.47,704.067,819.231,878.472]",9,"[67.176,105.413,152.68900000000002,287.15200000000004,366.934,433.69500000000005,497.6360000000002,837.101,856.542]","[67.176,105.413,152.68900000000002,287.15200000000004,366.934,433.69500000000005,497.6360000000002,837.101,856.542]","[""scam_button""]",5,1.651,3.920634921,2.441,2.153439153,0.907,,,,,,resources/images/scam16.png,scam,0.65,0.65,0,0,,,,,,,,,,,,0,3,3,11,1,,,,,,,,,,,,,,,,,,,,,,,,,,,,,,,,,,,,,,,,,,,,,,,,,,,,,,,,,,,,,,,,,,,,,,,
,,,,,,,,,,,,,,,,990204,001,2025-04-14_13h46.25.510,SLSIC,2022.2.5,MacIntel,58.82352941,,,,,,,,,,,29,"[65.036,104.41700000000002,150.43600000000004,196.27100000000002,210.24600000000004,229.413,258.22700000000003,286.051,325.492,365.604,383.584,413.4820000000001,433.05,496.682,520.916,542.105,560.261,576.04,610.872,624.962,639.402,661.41,675.3870000000002,703.3100000000001,818.368,835.519,855.5889999999999,877.6080000000001,896.471]","[65.036,104.41700000000002,150.43600000000004,196.27100000000002,210.24600000000004,229.413,258.22700000000003,286.051,325.492,365.604,383.584,413.4820000000001,433.05,496.682,520.916,542.105,560.261,576.04,610.872,624.962,639.402,661.41,675.3870000000002,703.311,818.369,835.519,855.5889999999999,877.6080000000001,896.471]",,20,"[197.64000000000004,211.10000000000002,230.378,258.935,326.091,384.868,414.303,522.475,542.915,561.193,576.835,611.744,625.742,640.722,662.57,676.47,704.067,819.231,878.472,897.304]","[197.64000000000004,211.10000000000002,230.378,258.935,326.091,384.868,414.303,522.475,542.915,561.193,576.835,611.744,625.742,640.722,662.57,676.47,704.067,819.231,878.472,897.304]",9,"[67.176,105.413,152.68900000000002,287.15200000000004,366.934,433.69500000000005,497.6360000000002,837.101,856.542]","[67.176,105.413,152.68900000000002,287.15200000000004,366.934,433.69500000000005,497.6360000000002,837.101,856.542]","[""scam_button""]",5.645502646,2.335,2.259259259,2.345,2.08994709,0.654,,,,,,resources/images/legit12.jpg,legit,1,0.65,0,0,,,,,,,,,,,,0,4,4,5,1,,,,,,,,,,,,,,,,,,,,,,,,,,,,,,,,,,,,,,,,,,,,,,,,,,,,,,,,,,,,,,,,,,,,,,,
,,,,,,,,,,,,,,,,990204,001,2025-04-14_13h46.25.510,SLSIC,2022.2.5,MacIntel,58.82352941,,,,,,,,,,,30,"[65.036,104.41700000000002,150.43600000000004,196.27100000000002,210.24600000000004,229.413,258.22700000000003,286.051,325.492,365.604,383.584,413.4820000000001,433.05,496.682,520.916,542.105,560.261,576.04,610.872,624.962,639.402,661.41,675.3870000000002,703.3100000000001,818.368,835.519,855.5889999999999,877.6080000000001,896.471,919.529]","[65.036,104.41700000000002,150.43600000000004,196.27100000000002,210.24600000000004,229.413,258.22700000000003,286.051,325.492,365.604,383.584,413.4820000000001,433.05,496.682,520.916,542.105,560.261,576.04,610.872,624.962,639.402,661.41,675.3870000000002,703.311,818.369,835.519,855.5889999999999,877.6080000000001,896.471,919.529]",,20,"[197.64000000000004,211.10000000000002,230.378,258.935,326.091,384.868,414.303,522.475,542.915,561.193,576.835,611.744,625.742,640.722,662.57,676.47,704.067,819.231,878.472,897.304]","[197.64000000000004,211.10000000000002,230.378,258.935,326.091,384.868,414.303,522.475,542.915,561.193,576.835,611.744,625.742,640.722,662.57,676.47,704.067,819.231,878.472,897.304]",10,"[67.176,105.413,152.68900000000002,287.15200000000004,366.934,433.69500000000005,497.6360000000002,837.101,856.542,920.181]","[67.176,105.413,152.68900000000002,287.15200000000004,366.934,433.69500000000005,497.6360000000002,837.101,856.542,920.181]","[""legit_button""]",4.947089947,1.016,2.989417989,0.76,1.698412698,0.552,,,,,,resources/images/legit16.jpg,legit,0.65,0.65,0,0,,,,,,,,,,,,0,5,5,15,1,,,,,,,,,,,,,,,,,,,,,,,,,,,,,,,,,,,,,,,,,,,,,,,,,,,,,,,,,,,,,,,,,,,,,,,
,,,,,,,,,,,,,,,,990204,001,2025-04-14_13h46.25.510,SLSIC,2022.2.5,MacIntel,58.82352941,,,,,,,,,,,31,"[65.036,104.41700000000002,150.43600000000004,196.27100000000002,210.24600000000004,229.413,258.22700000000003,286.051,325.492,365.604,383.584,413.4820000000001,433.05,496.682,520.916,542.105,560.261,576.04,610.872,624.962,639.402,661.41,675.3870000000002,703.3100000000001,818.368,835.519,855.5889999999999,877.6080000000001,896.471,919.529,952.5020000000001]","[65.036,104.41700000000002,150.43600000000004,196.27100000000002,210.24600000000004,229.413,258.22700000000003,286.051,325.492,365.604,383.584,413.4820000000001,433.05,496.682,520.916,542.105,560.261,576.04,610.872,624.962,639.402,661.41,675.3870000000002,703.311,818.369,835.519,855.5889999999999,877.6080000000001,896.471,919.529,952.5020000000001]",,21,"[197.64000000000004,211.10000000000002,230.378,258.935,326.091,384.868,414.303,522.475,542.915,561.193,576.835,611.744,625.742,640.722,662.57,676.47,704.067,819.231,878.472,897.304,953.327]","[197.64000000000004,211.10000000000002,230.378,258.935,326.091,384.868,414.303,522.475,542.915,561.193,576.835,611.744,625.742,640.722,662.57,676.47,704.067,819.231,878.472,897.304,953.327]",10,"[67.176,105.413,152.68900000000002,287.15200000000004,366.934,433.69500000000005,497.6360000000002,837.101,856.542,920.181]","[67.176,105.413,152.68900000000002,287.15200000000004,366.934,433.69500000000005,497.6360000000002,837.101,856.542,920.181]","[""scam_button""]",5.814814815,1.169,3.137566138,0.724,4.058201058,0.873,,,,,,resources/images/legit11.jpg,legit,0.65,0.65,0,0,,,,,,,,,,,,0,6,6,2,1,,,,,,,,,,,,,,,,,,,,,,,,,,,,,,,,,,,,,,,,,,,,,,,,,,,,,,,,,,,,,,,,,,,,,,,
,,,,,,,,,,,,,,,,990204,001,2025-04-14_13h46.25.510,SLSIC,2022.2.5,MacIntel,58.82352941,,,,,,,,,,,32,"[65.036,104.41700000000002,150.43600000000004,196.27100000000002,210.24600000000004,229.413,258.22700000000003,286.051,325.492,365.604,383.584,413.4820000000001,433.05,496.682,520.916,542.105,560.261,576.04,610.872,624.962,639.402,661.41,675.3870000000002,703.3100000000001,818.368,835.519,855.5889999999999,877.6080000000001,896.471,919.529,952.5020000000001,960.51]","[65.036,104.41700000000002,150.43600000000004,196.27100000000002,210.24600000000004,229.413,258.22700000000003,286.051,325.492,365.604,383.584,413.4820000000001,433.05,496.682,520.916,542.105,560.261,576.04,610.872,624.962,639.402,661.41,675.3870000000002,703.311,818.369,835.519,855.5889999999999,877.6080000000001,896.471,919.529,952.5020000000001,960.51]",,22,"[197.64000000000004,211.10000000000002,230.378,258.935,326.091,384.868,414.303,522.475,542.915,561.193,576.835,611.744,625.742,640.722,662.57,676.47,704.067,819.231,878.472,897.304,953.327,961.313]","[197.64000000000004,211.10000000000002,230.378,258.935,326.091,384.868,414.303,522.475,542.915,561.193,576.835,611.744,625.742,640.722,662.57,676.47,704.067,819.231,878.472,897.304,953.327,961.313]",10,"[67.176,105.413,152.68900000000002,287.15200000000004,366.934,433.69500000000005,497.6360000000002,837.101,856.542,920.181]","[67.176,105.413,152.68900000000002,287.15200000000004,366.934,433.69500000000005,497.6360000000002,837.101,856.542,920.181]","[""scam_button""]",7.751322751,1.011,3.063492063,1.501,1.878306878,0.828,,,,,,resources/images/scam_20.png,scam,1.45,0.6,0,0,,,,,,,,,,,,0,7,7,18,1,,,,,,,,,,,,,,,,,,,,,,,,,,,,,,,,,,,,,,,,,,,,,,,,,,,,,,,,,,,,,,,,,,,,,,,
,,,,,,,,,,,,,,,,990204,001,2025-04-14_13h46.25.510,SLSIC,2022.2.5,MacIntel,58.82352941,,,,,,,,,,,33,"[65.036,104.41700000000002,150.43600000000004,196.27100000000002,210.24600000000004,229.413,258.22700000000003,286.051,325.492,365.604,383.584,413.4820000000001,433.05,496.682,520.916,542.105,560.261,576.04,610.872,624.962,639.402,661.41,675.3870000000002,703.3100000000001,818.368,835.519,855.5889999999999,877.6080000000001,896.471,919.529,952.5020000000001,960.51,985.3629999999999]","[65.036,104.41700000000002,150.43600000000004,196.27100000000002,210.24600000000004,229.413,258.22700000000003,286.051,325.492,365.604,383.584,413.4820000000001,433.05,496.682,520.916,542.105,560.261,576.04,610.872,624.962,639.402,661.41,675.3870000000002,703.311,818.369,835.519,855.5889999999999,877.6080000000001,896.471,919.529,952.5020000000001,960.51,985.3629999999999]",,22,"[197.64000000000004,211.10000000000002,230.378,258.935,326.091,384.868,414.303,522.475,542.915,561.193,576.835,611.744,625.742,640.722,662.57,676.47,704.067,819.231,878.472,897.304,953.327,961.313]","[197.64000000000004,211.10000000000002,230.378,258.935,326.091,384.868,414.303,522.475,542.915,561.193,576.835,611.744,625.742,640.722,662.57,676.47,704.067,819.231,878.472,897.304,953.327,961.313]",11,"[67.176,105.413,152.68900000000002,287.15200000000004,366.934,433.69500000000005,497.6360000000002,837.101,856.542,920.181,986.2940000000001]","[67.176,105.413,152.68900000000002,287.15200000000004,366.934,433.69500000000005,497.6360000000002,837.101,856.542,920.181,986.2940000000001]","[""legit_button""]",6.185185185,1.723,6.058201058,0.99,4.142857143,2.014,,,,,,resources/images/scam_24.png,scam,1,0.8,0,0,,,,,,,,,,,,0,8,8,22,1,,,,,,,,,,,,,,,,,,,,,,,,,,,,,,,,,,,,,,,,,,,,,,,,,,,,,,,,,,,,,,,,,,,,,,,
,,,,,,,,,,,,,,,,990204,001,2025-04-14_13h46.25.510,SLSIC,2022.2.5,MacIntel,58.82352941,,,,,,,,,,,34,"[65.036,104.41700000000002,150.43600000000004,196.27100000000002,210.24600000000004,229.413,258.22700000000003,286.051,325.492,365.604,383.584,413.4820000000001,433.05,496.682,520.916,542.105,560.261,576.04,610.872,624.962,639.402,661.41,675.3870000000002,703.3100000000001,818.368,835.519,855.5889999999999,877.6080000000001,896.471,919.529,952.5020000000001,960.51,985.3629999999999,995.941]","[65.036,104.41700000000002,150.43600000000004,196.27100000000002,210.24600000000004,229.413,258.22700000000003,286.051,325.492,365.604,383.584,413.4820000000001,433.05,496.682,520.916,542.105,560.261,576.04,610.872,624.962,639.402,661.41,675.3870000000002,703.311,818.369,835.519,855.5889999999999,877.6080000000001,896.471,919.529,952.5020000000001,960.51,985.3629999999999,995.941]",,23,"[197.64000000000004,211.10000000000002,230.378,258.935,326.091,384.868,414.303,522.475,542.915,561.193,576.835,611.744,625.742,640.722,662.57,676.47,704.067,819.231,878.472,897.304,953.327,961.313,996.578]","[197.64000000000004,211.10000000000002,230.378,258.935,326.091,384.868,414.303,522.475,542.915,561.193,576.835,611.744,625.742,640.722,662.57,676.47,704.067,819.231,878.472,897.304,953.327,961.313,996.578]",11,"[67.176,105.413,152.68900000000002,287.15200000000004,366.934,433.69500000000005,497.6360000000002,837.101,856.542,920.181,986.2940000000001]","[67.176,105.413,152.68900000000002,287.15200000000004,366.934,433.69500000000005,497.6360000000002,837.101,856.542,920.181,986.2940000000001]","[""scam_button""]",7.137566138,0.967,5.021164021,1.827,2.925925926,0.598,,,,,,resources/images/scam_23.png,scam,1,0.8,0,0,,,,,,,,,,,,0,9,9,21,1,,,,,,,,,,,,,,,,,,,,,,,,,,,,,,,,,,,,,,,,,,,,,,,,,,,,,,,,,,,,,,,,,,,,,,,
,,,,,,,,,,,,,,,,990204,001,2025-04-14_13h46.25.510,SLSIC,2022.2.5,MacIntel,58.82352941,,,,,,,,,,,35,"[65.036,104.41700000000002,150.43600000000004,196.27100000000002,210.24600000000004,229.413,258.22700000000003,286.051,325.492,365.604,383.584,413.4820000000001,433.05,496.682,520.916,542.105,560.261,576.04,610.872,624.962,639.402,661.41,675.3870000000002,703.3100000000001,818.368,835.519,855.5889999999999,877.6080000000001,896.471,919.529,952.5020000000001,960.51,985.3629999999999,995.941,1020.779]","[65.036,104.41700000000002,150.43600000000004,196.27100000000002,210.24600000000004,229.413,258.22700000000003,286.051,325.492,365.604,383.584,413.4820000000001,433.05,496.682,520.916,542.105,560.261,576.04,610.872,624.962,639.402,661.41,675.3870000000002,703.311,818.369,835.519,855.5889999999999,877.6080000000001,896.471,919.529,952.5020000000001,960.51,985.3629999999999,995.941,1020.779]",,24,"[197.64000000000004,211.10000000000002,230.378,258.935,326.091,384.868,414.303,522.475,542.915,561.193,576.835,611.744,625.742,640.722,662.57,676.47,704.067,819.231,878.472,897.304,953.327,961.313,996.578,1021.6290000000001]","[197.64000000000004,211.10000000000002,230.378,258.935,326.091,384.868,414.303,522.475,542.915,561.193,576.835,611.744,625.742,640.722,662.57,676.47,704.067,819.231,878.472,897.304,953.327,961.313,996.578,1021.6290000000001]",11,"[67.176,105.413,152.68900000000002,287.15200000000004,366.934,433.69500000000005,497.6360000000002,837.101,856.542,920.181,986.2940000000001]","[67.176,105.413,152.68900000000002,287.15200000000004,366.934,433.69500000000005,497.6360000000002,837.101,856.542,920.181,986.2940000000001]","[""scam_button""]",6.989417989,1.502,3,1.585,1.846560847,1.749,,,,,,resources/images/scam8.jpg,scam,0.65,0.65,0,0,,,,,,,,,,,,0,10,10,0,1,,,,,,,,,,,,,,,,,,,,,,,,,,,,,,,,,,,,,,,,,,,,,,,,,,,,,,,,,,,,,,,,,,,,,,,
,,,,,,,,,,,,,,,,990204,001,2025-04-14_13h46.25.510,SLSIC,2022.2.5,MacIntel,58.82352941,,,,,,,,,,,36,"[65.036,104.41700000000002,150.43600000000004,196.27100000000002,210.24600000000004,229.413,258.22700000000003,286.051,325.492,365.604,383.584,413.4820000000001,433.05,496.682,520.916,542.105,560.261,576.04,610.872,624.962,639.402,661.41,675.3870000000002,703.3100000000001,818.368,835.519,855.5889999999999,877.6080000000001,896.471,919.529,952.5020000000001,960.51,985.3629999999999,995.941,1020.779,1058.893]","[65.036,104.41700000000002,150.43600000000004,196.27100000000002,210.24600000000004,229.413,258.22700000000003,286.051,325.492,365.604,383.584,413.4820000000001,433.05,496.682,520.916,542.105,560.261,576.04,610.872,624.962,639.402,661.41,675.3870000000002,703.311,818.369,835.519,855.5889999999999,877.6080000000001,896.471,919.529,952.5020000000001,960.51,985.3629999999999,995.941,1020.779,1058.893]",,25,"[197.64000000000004,211.10000000000002,230.378,258.935,326.091,384.868,414.303,522.475,542.915,561.193,576.835,611.744,625.742,640.722,662.57,676.47,704.067,819.231,878.472,897.304,953.327,961.313,996.578,1021.6290000000001,1059.7830000000001]","[197.64000000000004,211.10000000000002,230.378,258.935,326.091,384.868,414.303,522.475,542.915,561.193,576.835,611.744,625.742,640.722,662.57,676.47,704.067,819.231,878.472,897.304,953.327,961.313,996.578,1021.6290000000001,1059.7830000000001]",11,"[67.176,105.413,152.68900000000002,287.15200000000004,366.934,433.69500000000005,497.6360000000002,837.101,856.542,920.181,986.2940000000001]","[67.176,105.413,152.68900000000002,287.15200000000004,366.934,433.69500000000005,497.6360000000002,837.101,856.542,920.181,986.2940000000001]","[""scam_button""]",7.91005291,1.533,5.063492063,2.105,3.19047619,1.209,,,,,,resources/images/scam17.png,scam,0.8,0.65,0,0,,,,,,,,,,,,0,11,11,12,1,,,,,,,,,,,,,,,,,,,,,,,,,,,,,,,,,,,,,,,,,,,,,,,,,,,,,,,,,,,,,,,,,,,,,,,
,,,,,,,,,,,,,,,,990204,001,2025-04-14_13h46.25.510,SLSIC,2022.2.5,MacIntel,58.82352941,,,,,,,,,,,37,"[65.036,104.41700000000002,150.43600000000004,196.27100000000002,210.24600000000004,229.413,258.22700000000003,286.051,325.492,365.604,383.584,413.4820000000001,433.05,496.682,520.916,542.105,560.261,576.04,610.872,624.962,639.402,661.41,675.3870000000002,703.3100000000001,818.368,835.519,855.5889999999999,877.6080000000001,896.471,919.529,952.5020000000001,960.51,985.3629999999999,995.941,1020.779,1058.893,1073.6200000000001]","[65.036,104.41700000000002,150.43600000000004,196.27100000000002,210.24600000000004,229.413,258.22700000000003,286.051,325.492,365.604,383.584,413.4820000000001,433.05,496.682,520.916,542.105,560.261,576.04,610.872,624.962,639.402,661.41,675.3870000000002,703.311,818.369,835.519,855.5889999999999,877.6080000000001,896.471,919.529,952.5020000000001,960.51,985.3629999999999,995.941,1020.779,1058.893,1073.6200000000001]",,26,"[197.64000000000004,211.10000000000002,230.378,258.935,326.091,384.868,414.303,522.475,542.915,561.193,576.835,611.744,625.742,640.722,662.57,676.47,704.067,819.231,878.472,897.304,953.327,961.313,996.578,1021.6290000000001,1059.7830000000001,1075.046]","[197.64000000000004,211.10000000000002,230.378,258.935,326.091,384.868,414.303,522.475,542.915,561.193,576.835,611.744,625.742,640.722,662.57,676.47,704.067,819.231,878.472,897.304,953.327,961.313,996.578,1021.6290000000001,1059.7830000000001,1075.046]",11,"[67.176,105.413,152.68900000000002,287.15200000000004,366.934,433.69500000000005,497.6360000000002,837.101,856.542,920.181,986.2940000000001]","[67.176,105.413,152.68900000000002,287.15200000000004,366.934,433.69500000000005,497.6360000000002,837.101,856.542,920.181,986.2940000000001]","[""scam_button""]",4.915343915,1.637,3.920634921,2.28,1,1.075,,,,,,resources/images/scam9.jpg,scam,0.65,0.65,0,0,,,,,,,,,,,,0,12,12,1,1,,,,,,,,,,,,,,,,,,,,,,,,,,,,,,,,,,,,,,,,,,,,,,,,,,,,,,,,,,,,,,,,,,,,,,,
,,,,,,,,,,,,,,,,990204,001,2025-04-14_13h46.25.510,SLSIC,2022.2.5,MacIntel,58.82352941,,,,,,,,,,,38,"[65.036,104.41700000000002,150.43600000000004,196.27100000000002,210.24600000000004,229.413,258.22700000000003,286.051,325.492,365.604,383.584,413.4820000000001,433.05,496.682,520.916,542.105,560.261,576.04,610.872,624.962,639.402,661.41,675.3870000000002,703.3100000000001,818.368,835.519,855.5889999999999,877.6080000000001,896.471,919.529,952.5020000000001,960.51,985.3629999999999,995.941,1020.779,1058.893,1073.6200000000001,1112.204]","[65.036,104.41700000000002,150.43600000000004,196.27100000000002,210.24600000000004,229.413,258.22700000000003,286.051,325.492,365.604,383.584,413.4820000000001,433.05,496.682,520.916,542.105,560.261,576.04,610.872,624.962,639.402,661.41,675.3870000000002,703.311,818.369,835.519,855.5889999999999,877.6080000000001,896.471,919.529,952.5020000000001,960.51,985.3629999999999,995.941,1020.779,1058.893,1073.6200000000001,1112.204]",,26,"[197.64000000000004,211.10000000000002,230.378,258.935,326.091,384.868,414.303,522.475,542.915,561.193,576.835,611.744,625.742,640.722,662.57,676.47,704.067,819.231,878.472,897.304,953.327,961.313,996.578,1021.6290000000001,1059.7830000000001,1075.046]","[197.64000000000004,211.10000000000002,230.378,258.935,326.091,384.868,414.303,522.475,542.915,561.193,576.835,611.744,625.742,640.722,662.57,676.47,704.067,819.231,878.472,897.304,953.327,961.313,996.578,1021.6290000000001,1059.7830000000001,1075.046]",12,"[67.176,105.413,152.68900000000002,287.15200000000004,366.934,433.69500000000005,497.6360000000002,837.101,856.542,920.181,986.2940000000001,1113.2440000000001]","[67.176,105.413,152.68900000000002,287.15200000000004,366.934,433.69500000000005,497.6360000000002,837.101,856.542,920.181,986.2940000000001,1113.2440000000001]","[""legit_button""]",6.259259259,1.15,4.079365079,1.436,4.037037037,1.203,,,,,,resources/images/legit_21.png,legit,0.8,0.8,0,0,,,,,,,,,,,,0,13,13,7,1,,,,,,,,,,,,,,,,,,,,,,,,,,,,,,,,,,,,,,,,,,,,,,,,,,,,,,,,,,,,,,,,,,,,,,,
,,,,,,,,,,,,,,,,990204,001,2025-04-14_13h46.25.510,SLSIC,2022.2.5,MacIntel,58.82352941,,,,,,,,,,,39,"[65.036,104.41700000000002,150.43600000000004,196.27100000000002,210.24600000000004,229.413,258.22700000000003,286.051,325.492,365.604,383.584,413.4820000000001,433.05,496.682,520.916,542.105,560.261,576.04,610.872,624.962,639.402,661.41,675.3870000000002,703.3100000000001,818.368,835.519,855.5889999999999,877.6080000000001,896.471,919.529,952.5020000000001,960.51,985.3629999999999,995.941,1020.779,1058.893,1073.6200000000001,1112.204,1134.326]","[65.036,104.41700000000002,150.43600000000004,196.27100000000002,210.24600000000004,229.413,258.22700000000003,286.051,325.492,365.604,383.584,413.4820000000001,433.05,496.682,520.916,542.105,560.261,576.04,610.872,624.962,639.402,661.41,675.3870000000002,703.311,818.369,835.519,855.5889999999999,877.6080000000001,896.471,919.529,952.5020000000001,960.51,985.3629999999999,995.941,1020.779,1058.893,1073.6200000000001,1112.204,1134.326]",,27,"[197.64000000000004,211.10000000000002,230.378,258.935,326.091,384.868,414.303,522.475,542.915,561.193,576.835,611.744,625.742,640.722,662.57,676.47,704.067,819.231,878.472,897.304,953.327,961.313,996.578,1021.6290000000001,1059.7830000000001,1075.046,1134.967]","[197.64000000000004,211.10000000000002,230.378,258.935,326.091,384.868,414.303,522.475,542.915,561.193,576.835,611.744,625.742,640.722,662.57,676.47,704.067,819.231,878.472,897.304,953.327,961.313,996.578,1021.6290000000001,1059.7830000000001,1075.046,1134.967]",12,"[67.176,105.413,152.68900000000002,287.15200000000004,366.934,433.69500000000005,497.6360000000002,837.101,856.542,920.181,986.2940000000001,1113.2440000000001]","[67.176,105.413,152.68900000000002,287.15200000000004,366.934,433.69500000000005,497.6360000000002,837.101,856.542,920.181,986.2940000000001,1113.2440000000001]","[""scam_button""]",4.079365079,0.67,4.037037037,0.969,2.026455026,0.617,,,,,,resources/images/scam15.jpg,scam,0.65,0.65,0,0,,,,,,,,,,,,0,14,14,10,1,,,,,,,,,,,,,,,,,,,,,,,,,,,,,,,,,,,,,,,,,,,,,,,,,,,,,,,,,,,,,,,,,,,,,,,
,,,,,,,,,,,,,,,,990204,001,2025-04-14_13h46.25.510,SLSIC,2022.2.5,MacIntel,58.82352941,,,,,,,,,,,40,"[65.036,104.41700000000002,150.43600000000004,196.27100000000002,210.24600000000004,229.413,258.22700000000003,286.051,325.492,365.604,383.584,413.4820000000001,433.05,496.682,520.916,542.105,560.261,576.04,610.872,624.962,639.402,661.41,675.3870000000002,703.3100000000001,818.368,835.519,855.5889999999999,877.6080000000001,896.471,919.529,952.5020000000001,960.51,985.3629999999999,995.941,1020.779,1058.893,1073.6200000000001,1112.204,1134.326,1145.0430000000001]","[65.036,104.41700000000002,150.43600000000004,196.27100000000002,210.24600000000004,229.413,258.22700000000003,286.051,325.492,365.604,383.584,413.4820000000001,433.05,496.682,520.916,542.105,560.261,576.04,610.872,624.962,639.402,661.41,675.3870000000002,703.311,818.369,835.519,855.5889999999999,877.6080000000001,896.471,919.529,952.5020000000001,960.51,985.3629999999999,995.941,1020.779,1058.893,1073.6200000000001,1112.204,1134.326,1145.0430000000001]",,28,"[197.64000000000004,211.10000000000002,230.378,258.935,326.091,384.868,414.303,522.475,542.915,561.193,576.835,611.744,625.742,640.722,662.57,676.47,704.067,819.231,878.472,897.304,953.327,961.313,996.578,1021.6290000000001,1059.7830000000001,1075.046,1134.967,1145.774]","[197.64000000000004,211.10000000000002,230.378,258.935,326.091,384.868,414.303,522.475,542.915,561.193,576.835,611.744,625.742,640.722,662.57,676.47,704.067,819.231,878.472,897.304,953.327,961.313,996.578,1021.6290000000001,1059.7830000000001,1075.046,1134.967,1145.774]",12,"[67.176,105.413,152.68900000000002,287.15200000000004,366.934,433.69500000000005,497.6360000000002,837.101,856.542,920.181,986.2940000000001,1113.2440000000001]","[67.176,105.413,152.68900000000002,287.15200000000004,366.934,433.69500000000005,497.6360000000002,837.101,856.542,920.181,986.2940000000001,1113.2440000000001]","[""scam_button""]",5.984126984,0.758,3.17989418,0.891,2.174603175,0.616,,,,,,resources/images/scam18.png,scam,1,0.65,0,0,,,,,,,,,,,,0,15,15,14,1,,,,,,,,,,,,,,,,,,,,,,,,,,,,,,,,,,,,,,,,,,,,,,,,,,,,,,,,,,,,,,,,,,,,,,,
,,,,,,,,,,,,,,,,990204,001,2025-04-14_13h46.25.510,SLSIC,2022.2.5,MacIntel,58.82352941,,,,,,,,,,,41,"[65.036,104.41700000000002,150.43600000000004,196.27100000000002,210.24600000000004,229.413,258.22700000000003,286.051,325.492,365.604,383.584,413.4820000000001,433.05,496.682,520.916,542.105,560.261,576.04,610.872,624.962,639.402,661.41,675.3870000000002,703.3100000000001,818.368,835.519,855.5889999999999,877.6080000000001,896.471,919.529,952.5020000000001,960.51,985.3629999999999,995.941,1020.779,1058.893,1073.6200000000001,1112.204,1134.326,1145.0430000000001,1151.2930000000001]","[65.036,104.41700000000002,150.43600000000004,196.27100000000002,210.24600000000004,229.413,258.22700000000003,286.051,325.492,365.604,383.584,413.4820000000001,433.05,496.682,520.916,542.105,560.261,576.04,610.872,624.962,639.402,661.41,675.3870000000002,703.311,818.369,835.519,855.5889999999999,877.6080000000001,896.471,919.529,952.5020000000001,960.51,985.3629999999999,995.941,1020.779,1058.893,1073.6200000000001,1112.204,1134.326,1145.0430000000001,1151.2930000000001]",,29,"[197.64000000000004,211.10000000000002,230.378,258.935,326.091,384.868,414.303,522.475,542.915,561.193,576.835,611.744,625.742,640.722,662.57,676.47,704.067,819.231,878.472,897.304,953.327,961.313,996.578,1021.6290000000001,1059.7830000000001,1075.046,1134.967,1145.774,1152.214]","[197.64000000000004,211.10000000000002,230.378,258.935,326.091,384.868,414.303,522.475,542.915,561.193,576.835,611.744,625.742,640.722,662.57,676.47,704.067,819.231,878.472,897.304,953.327,961.313,996.578,1021.6290000000001,1059.7830000000001,1075.046,1134.967,1145.774,1152.214]",12,"[67.176,105.413,152.68900000000002,287.15200000000004,366.934,433.69500000000005,497.6360000000002,837.101,856.542,920.181,986.2940000000001,1113.2440000000001]","[67.176,105.413,152.68900000000002,287.15200000000004,366.934,433.69500000000005,497.6360000000002,837.101,856.542,920.181,986.2940000000001,1113.2440000000001]","[""scam_button""]",6.947089947,1.033,3.941798942,1.163,1.613756614,0.558,,,,,,resources/images/legit13.jpg,legit,0.65,0.65,0,0,,,,,,,,,,,,0,16,16,6,1,,,,,,,,,,,,,,,,,,,,,,,,,,,,,,,,,,,,,,,,,,,,,,,,,,,,,,,,,,,,,,,,,,,,,,,
,,,,,,,,,,,,,,,,990204,001,2025-04-14_13h46.25.510,SLSIC,2022.2.5,MacIntel,58.82352941,,,,,,,,,,,42,"[65.036,104.41700000000002,150.43600000000004,196.27100000000002,210.24600000000004,229.413,258.22700000000003,286.051,325.492,365.604,383.584,413.4820000000001,433.05,496.682,520.916,542.105,560.261,576.04,610.872,624.962,639.402,661.41,675.3870000000002,703.3100000000001,818.368,835.519,855.5889999999999,877.6080000000001,896.471,919.529,952.5020000000001,960.51,985.3629999999999,995.941,1020.779,1058.893,1073.6200000000001,1112.204,1134.326,1145.0430000000001,1151.2930000000001,1188.366]","[65.036,104.41700000000002,150.43600000000004,196.27100000000002,210.24600000000004,229.413,258.22700000000003,286.051,325.492,365.604,383.584,413.4820000000001,433.05,496.682,520.916,542.105,560.261,576.04,610.872,624.962,639.402,661.41,675.3870000000002,703.311,818.369,835.519,855.5889999999999,877.6080000000001,896.471,919.529,952.5020000000001,960.51,985.3629999999999,995.941,1020.779,1058.893,1073.6200000000001,1112.204,1134.326,1145.0430000000001,1151.2930000000001,1188.366]",,29,"[197.64000000000004,211.10000000000002,230.378,258.935,326.091,384.868,414.303,522.475,542.915,561.193,576.835,611.744,625.742,640.722,662.57,676.47,704.067,819.231,878.472,897.304,953.327,961.313,996.578,1021.6290000000001,1059.7830000000001,1075.046,1134.967,1145.774,1152.214]","[197.64000000000004,211.10000000000002,230.378,258.935,326.091,384.868,414.303,522.475,542.915,561.193,576.835,611.744,625.742,640.722,662.57,676.47,704.067,819.231,878.472,897.304,953.327,961.313,996.578,1021.6290000000001,1059.7830000000001,1075.046,1134.967,1145.774,1152.214]",13,"[67.176,105.413,152.68900000000002,287.15200000000004,366.934,433.69500000000005,497.6360000000002,837.101,856.542,920.181,986.2940000000001,1113.2440000000001,1188.987]","[67.176,105.413,152.68900000000002,287.15200000000004,366.934,433.69500000000005,497.6360000000002,837.101,856.542,920.181,986.2940000000001,1113.2440000000001,1188.987]","[""legit_button""]",5.042328042,1.043,3.931216931,1.058,4.037037037,0.879,,,,,,resources/images/legit_20.png,legit,0.9,0.8,0,0,,,,,,,,,,,,0,17,17,3,1,,,,,,,,,,,,,,,,,,,,,,,,,,,,,,,,,,,,,,,,,,,,,,,,,,,,,,,,,,,,,,,,,,,,,,,
,,,,,,,,,,,,,,,,990204,001,2025-04-14_13h46.25.510,SLSIC,2022.2.5,MacIntel,58.82352941,,,,,,,,,,,43,"[65.036,104.41700000000002,150.43600000000004,196.27100000000002,210.24600000000004,229.413,258.22700000000003,286.051,325.492,365.604,383.584,413.4820000000001,433.05,496.682,520.916,542.105,560.261,576.04,610.872,624.962,639.402,661.41,675.3870000000002,703.3100000000001,818.368,835.519,855.5889999999999,877.6080000000001,896.471,919.529,952.5020000000001,960.51,985.3629999999999,995.941,1020.779,1058.893,1073.6200000000001,1112.204,1134.326,1145.0430000000001,1151.2930000000001,1188.366,1194.796]","[65.036,104.41700000000002,150.43600000000004,196.27100000000002,210.24600000000004,229.413,258.22700000000003,286.051,325.492,365.604,383.584,413.4820000000001,433.05,496.682,520.916,542.105,560.261,576.04,610.872,624.962,639.402,661.41,675.3870000000002,703.311,818.369,835.519,855.5889999999999,877.6080000000001,896.471,919.529,952.5020000000001,960.51,985.3629999999999,995.941,1020.779,1058.893,1073.6200000000001,1112.204,1134.326,1145.0430000000001,1151.2930000000001,1188.366,1194.796]",,30,"[197.64000000000004,211.10000000000002,230.378,258.935,326.091,384.868,414.303,522.475,542.915,561.193,576.835,611.744,625.742,640.722,662.57,676.47,704.067,819.231,878.472,897.304,953.327,961.313,996.578,1021.6290000000001,1059.7830000000001,1075.046,1134.967,1145.774,1152.214,1196.021]","[197.64000000000004,211.10000000000002,230.378,258.935,326.091,384.868,414.303,522.475,542.915,561.193,576.835,611.744,625.742,640.722,662.57,676.47,704.067,819.231,878.472,897.304,953.327,961.313,996.578,1021.6290000000001,1059.7830000000001,1075.046,1134.967,1145.774,1152.214,1196.021]",13,"[67.176,105.413,152.68900000000002,287.15200000000004,366.934,433.69500000000005,497.6360000000002,837.101,856.542,920.181,986.2940000000001,1113.2440000000001,1188.987]","[67.176,105.413,152.68900000000002,287.15200000000004,366.934,433.69500000000005,497.6360000000002,837.101,856.542,920.181,986.2940000000001,1113.2440000000001,1188.987]","[""scam_button""]",7.984126984,0.852,4.978835979,1.37,3.042328042,0.964,,,,,,resources/images/scam_30.png,scam,1.45,0.6,0,0,,,,,,,,,,,,0,18,18,20,1,,,,,,,,,,,,,,,,,,,,,,,,,,,,,,,,,,,,,,,,,,,,,,,,,,,,,,,,,,,,,,,,,,,,,,,
,,,,,,,,,,,,,,,,990204,001,2025-04-14_13h46.25.510,SLSIC,2022.2.5,MacIntel,58.82352941,,,,,,,,,,,44,"[65.036,104.41700000000002,150.43600000000004,196.27100000000002,210.24600000000004,229.413,258.22700000000003,286.051,325.492,365.604,383.584,413.4820000000001,433.05,496.682,520.916,542.105,560.261,576.04,610.872,624.962,639.402,661.41,675.3870000000002,703.3100000000001,818.368,835.519,855.5889999999999,877.6080000000001,896.471,919.529,952.5020000000001,960.51,985.3629999999999,995.941,1020.779,1058.893,1073.6200000000001,1112.204,1134.326,1145.0430000000001,1151.2930000000001,1188.366,1194.796,1204.419]","[65.036,104.41700000000002,150.43600000000004,196.27100000000002,210.24600000000004,229.413,258.22700000000003,286.051,325.492,365.604,383.584,413.4820000000001,433.05,496.682,520.916,542.105,560.261,576.04,610.872,624.962,639.402,661.41,675.3870000000002,703.311,818.369,835.519,855.5889999999999,877.6080000000001,896.471,919.529,952.5020000000001,960.51,985.3629999999999,995.941,1020.779,1058.893,1073.6200000000001,1112.204,1134.326,1145.0430000000001,1151.2930000000001,1188.366,1194.796,1204.419]",,30,"[197.64000000000004,211.10000000000002,230.378,258.935,326.091,384.868,414.303,522.475,542.915,561.193,576.835,611.744,625.742,640.722,662.57,676.47,704.067,819.231,878.472,897.304,953.327,961.313,996.578,1021.6290000000001,1059.7830000000001,1075.046,1134.967,1145.774,1152.214,1196.021]","[197.64000000000004,211.10000000000002,230.378,258.935,326.091,384.868,414.303,522.475,542.915,561.193,576.835,611.744,625.742,640.722,662.57,676.47,704.067,819.231,878.472,897.304,953.327,961.313,996.578,1021.6290000000001,1059.7830000000001,1075.046,1134.967,1145.774,1152.214,1196.021]",14,"[67.176,105.413,152.68900000000002,287.15200000000004,366.934,433.69500000000005,497.6360000000002,837.101,856.542,920.181,986.2940000000001,1113.2440000000001,1188.987,1205.9840000000002]","[67.176,105.413,152.68900000000002,287.15200000000004,366.934,433.69500000000005,497.6360000000002,837.101,856.542,920.181,986.2940000000001,1113.2440000000001,1188.987,1205.9840000000002]","[""legit_button""]",4.989417989,0.806,4.915343915,0.65,4.026455026,0.773,,,,,,resources/images/legit_22.png,legit,1,0.78,0,0,,,,,,,,,,,,0,19,19,9,1,,,,,,,,,,,,,,,,,,,,,,,,,,,,,,,,,,,,,,,,,,,,,,,,,,,,,,,,,,,,,,,,,,,,,,,
,,,,,,,,,,,,,,,,990204,001,2025-04-14_13h46.25.510,SLSIC,2022.2.5,MacIntel,58.82352941,,,,,,,,,,,45,"[65.036,104.41700000000002,150.43600000000004,196.27100000000002,210.24600000000004,229.413,258.22700000000003,286.051,325.492,365.604,383.584,413.4820000000001,433.05,496.682,520.916,542.105,560.261,576.04,610.872,624.962,639.402,661.41,675.3870000000002,703.3100000000001,818.368,835.519,855.5889999999999,877.6080000000001,896.471,919.529,952.5020000000001,960.51,985.3629999999999,995.941,1020.779,1058.893,1073.6200000000001,1112.204,1134.326,1145.0430000000001,1151.2930000000001,1188.366,1194.796,1204.419,1217.833]","[65.036,104.41700000000002,150.43600000000004,196.27100000000002,210.24600000000004,229.413,258.22700000000003,286.051,325.492,365.604,383.584,413.4820000000001,433.05,496.682,520.916,542.105,560.261,576.04,610.872,624.962,639.402,661.41,675.3870000000002,703.311,818.369,835.519,855.5889999999999,877.6080000000001,896.471,919.529,952.5020000000001,960.51,985.3629999999999,995.941,1020.779,1058.893,1073.6200000000001,1112.204,1134.326,1145.0430000000001,1151.2930000000001,1188.366,1194.796,1204.419,1217.833]",,30,"[197.64000000000004,211.10000000000002,230.378,258.935,326.091,384.868,414.303,522.475,542.915,561.193,576.835,611.744,625.742,640.722,662.57,676.47,704.067,819.231,878.472,897.304,953.327,961.313,996.578,1021.6290000000001,1059.7830000000001,1075.046,1134.967,1145.774,1152.214,1196.021]","[197.64000000000004,211.10000000000002,230.378,258.935,326.091,384.868,414.303,522.475,542.915,561.193,576.835,611.744,625.742,640.722,662.57,676.47,704.067,819.231,878.472,897.304,953.327,961.313,996.578,1021.6290000000001,1059.7830000000001,1075.046,1134.967,1145.774,1152.214,1196.021]",15,"[67.176,105.413,152.68900000000002,287.15200000000004,366.934,433.69500000000005,497.6360000000002,837.101,856.542,920.181,986.2940000000001,1113.2440000000001,1188.987,1205.9840000000002,1218.643]","[67.176,105.413,152.68900000000002,287.15200000000004,366.934,433.69500000000005,497.6360000000002,837.101,856.542,920.181,986.2940000000001,1113.2440000000001,1188.987,1205.9840000000002,1218.643]","[""legit_button""]",6.068783069,0.672,3.613756614,1.372,2.132275132,0.655,,,,,,resources/images/legit15.jpg,legit,0.95,0.65,0,0,,,,,,,,,,,,0,20,20,13,1,,,,,,,,,,,,,,,,,,,,,,,,,,,,,,,,,,,,,,,,,,,,,,,,,,,,,,,,,,,,,,,,,,,,,,,
,,,,,,,,,,,,,,,,990204,001,2025-04-14_13h46.25.510,SLSIC,2022.2.5,MacIntel,58.82352941,,,,,,,,,,,46,"[65.036,104.41700000000002,150.43600000000004,196.27100000000002,210.24600000000004,229.413,258.22700000000003,286.051,325.492,365.604,383.584,413.4820000000001,433.05,496.682,520.916,542.105,560.261,576.04,610.872,624.962,639.402,661.41,675.3870000000002,703.3100000000001,818.368,835.519,855.5889999999999,877.6080000000001,896.471,919.529,952.5020000000001,960.51,985.3629999999999,995.941,1020.779,1058.893,1073.6200000000001,1112.204,1134.326,1145.0430000000001,1151.2930000000001,1188.366,1194.796,1204.419,1217.833,1227.41]","[65.036,104.41700000000002,150.43600000000004,196.27100000000002,210.24600000000004,229.413,258.22700000000003,286.051,325.492,365.604,383.584,413.4820000000001,433.05,496.682,520.916,542.105,560.261,576.04,610.872,624.962,639.402,661.41,675.3870000000002,703.311,818.369,835.519,855.5889999999999,877.6080000000001,896.471,919.529,952.5020000000001,960.51,985.3629999999999,995.941,1020.779,1058.893,1073.6200000000001,1112.204,1134.326,1145.0430000000001,1151.2930000000001,1188.366,1194.796,1204.419,1217.833,1227.41]",,31,"[197.64000000000004,211.10000000000002,230.378,258.935,326.091,384.868,414.303,522.475,542.915,561.193,576.835,611.744,625.742,640.722,662.57,676.47,704.067,819.231,878.472,897.304,953.327,961.313,996.578,1021.6290000000001,1059.7830000000001,1075.046,1134.967,1145.774,1152.214,1196.021,1228.071]","[197.64000000000004,211.10000000000002,230.378,258.935,326.091,384.868,414.303,522.475,542.915,561.193,576.835,611.744,625.742,640.722,662.57,676.47,704.067,819.231,878.472,897.304,953.327,961.313,996.578,1021.6290000000001,1059.7830000000001,1075.046,1134.967,1145.774,1152.214,1196.021,1228.071]",15,"[67.176,105.413,152.68900000000002,287.15200000000004,366.934,433.69500000000005,497.6360000000002,837.101,856.542,920.181,986.2940000000001,1113.2440000000001,1188.987,1205.9840000000002,1218.643]","[67.176,105.413,152.68900000000002,287.15200000000004,366.934,433.69500000000005,497.6360000000002,837.101,856.542,920.181,986.2940000000001,1113.2440000000001,1188.987,1205.9840000000002,1218.643]","[""scam_button""]",5.772486772,1.711,3.931216931,0.817,2.608465608,0.576,,,,,,resources/images/scam_21.png,scam,1,0.65,0,0,,,,,,,,,,,,0,21,21,19,1,,,,,,,,,,,,,,,,,,,,,,,,,,,,,,,,,,,,,,,,,,,,,,,,,,,,,,,,,,,,,,,,,,,,,,,
,,,,,,,,,,,,,,,,990204,001,2025-04-14_13h46.25.510,SLSIC,2022.2.5,MacIntel,58.82352941,,,,,,,,,,,47,"[65.036,104.41700000000002,150.43600000000004,196.27100000000002,210.24600000000004,229.413,258.22700000000003,286.051,325.492,365.604,383.584,413.4820000000001,433.05,496.682,520.916,542.105,560.261,576.04,610.872,624.962,639.402,661.41,675.3870000000002,703.3100000000001,818.368,835.519,855.5889999999999,877.6080000000001,896.471,919.529,952.5020000000001,960.51,985.3629999999999,995.941,1020.779,1058.893,1073.6200000000001,1112.204,1134.326,1145.0430000000001,1151.2930000000001,1188.366,1194.796,1204.419,1217.833,1227.41,1249.642]","[65.036,104.41700000000002,150.43600000000004,196.27100000000002,210.24600000000004,229.413,258.22700000000003,286.051,325.492,365.604,383.584,413.4820000000001,433.05,496.682,520.916,542.105,560.261,576.04,610.872,624.962,639.402,661.41,675.3870000000002,703.311,818.369,835.519,855.5889999999999,877.6080000000001,896.471,919.529,952.5020000000001,960.51,985.3629999999999,995.941,1020.779,1058.893,1073.6200000000001,1112.204,1134.326,1145.0430000000001,1151.2930000000001,1188.366,1194.796,1204.419,1217.833,1227.41,1249.642]",,32,"[197.64000000000004,211.10000000000002,230.378,258.935,326.091,384.868,414.303,522.475,542.915,561.193,576.835,611.744,625.742,640.722,662.57,676.47,704.067,819.231,878.472,897.304,953.327,961.313,996.578,1021.6290000000001,1059.7830000000001,1075.046,1134.967,1145.774,1152.214,1196.021,1228.071,1250.256]","[197.64000000000004,211.10000000000002,230.378,258.935,326.091,384.868,414.303,522.475,542.915,561.193,576.835,611.744,625.742,640.722,662.57,676.47,704.067,819.231,878.472,897.304,953.327,961.313,996.578,1021.6290000000001,1059.7830000000001,1075.046,1134.967,1145.774,1152.214,1196.021,1228.071,1250.257]",15,"[67.176,105.413,152.68900000000002,287.15200000000004,366.934,433.69500000000005,497.6360000000002,837.101,856.542,920.181,986.2940000000001,1113.2440000000001,1188.987,1205.9840000000002,1218.643]","[67.176,105.413,152.68900000000002,287.15200000000004,366.934,433.69500000000005,497.6360000000002,837.101,856.542,920.181,986.2940000000001,1113.2440000000001,1188.987,1205.9840000000002,1218.643]","[""scam_button""]",3.846560847,0.963,3.878306878,1.21,3.878306878,0.265,,,,,,resources/images/legitimate_18.png,legit,1,0.65,0,0,,,,,,,,,,,,0,22,22,17,1,,,,,,,,,,,,,,,,,,,,,,,,,,,,,,,,,,,,,,,,,,,,,,,,,,,,,,,,,,,,,,,,,,,,,,,
,,,,,,,,,,,,,,,,990204,001,2025-04-14_13h46.25.510,SLSIC,2022.2.5,MacIntel,58.82352941,,,,,,,,,,,48,"[65.036,104.41700000000002,150.43600000000004,196.27100000000002,210.24600000000004,229.413,258.22700000000003,286.051,325.492,365.604,383.584,413.4820000000001,433.05,496.682,520.916,542.105,560.261,576.04,610.872,624.962,639.402,661.41,675.3870000000002,703.3100000000001,818.368,835.519,855.5889999999999,877.6080000000001,896.471,919.529,952.5020000000001,960.51,985.3629999999999,995.941,1020.779,1058.893,1073.6200000000001,1112.204,1134.326,1145.0430000000001,1151.2930000000001,1188.366,1194.796,1204.419,1217.833,1227.41,1249.642,1263.0810000000001]","[65.036,104.41700000000002,150.43600000000004,196.27100000000002,210.24600000000004,229.413,258.22700000000003,286.051,325.492,365.604,383.584,413.4820000000001,433.05,496.682,520.916,542.105,560.261,576.04,610.872,624.962,639.402,661.41,675.3870000000002,703.311,818.369,835.519,855.5889999999999,877.6080000000001,896.471,919.529,952.5020000000001,960.51,985.3629999999999,995.941,1020.779,1058.893,1073.6200000000001,1112.204,1134.326,1145.0430000000001,1151.2930000000001,1188.366,1194.796,1204.419,1217.833,1227.41,1249.642,1263.0810000000001]",,33,"[197.64000000000004,211.10000000000002,230.378,258.935,326.091,384.868,414.303,522.475,542.915,561.193,576.835,611.744,625.742,640.722,662.57,676.47,704.067,819.231,878.472,897.304,953.327,961.313,996.578,1021.6290000000001,1059.7830000000001,1075.046,1134.967,1145.774,1152.214,1196.021,1228.071,1250.256,1264.612]","[197.64000000000004,211.10000000000002,230.378,258.935,326.091,384.868,414.303,522.475,542.915,561.193,576.835,611.744,625.742,640.722,662.57,676.47,704.067,819.231,878.472,897.304,953.327,961.313,996.578,1021.6290000000001,1059.7830000000001,1075.046,1134.967,1145.774,1152.214,1196.021,1228.071,1250.257,1264.612]",15,"[67.176,105.413,152.68900000000002,287.15200000000004,366.934,433.69500000000005,497.6360000000002,837.101,856.542,920.181,986.2940000000001,1113.2440000000001,1188.987,1205.9840000000002,1218.643]","[67.176,105.413,152.68900000000002,287.15200000000004,366.934,433.69500000000005,497.6360000000002,837.101,856.542,920.181,986.2940000000001,1113.2440000000001,1188.987,1205.9840000000002,1218.643]","[""scam_button""]",4.925925926,1.216,3.835978836,1.018,2.026455026,0.511,,,,,,resources/images/scam_22.png,scam,1,0.65,0,0,,,,,,,,,,,,0,23,23,23,1,,,,,,,,,,,,,,,,,,,,,,,,,,,,,,,,,,,,,,,,,,,,,,,,,,,,,,,,,,,,,,,,,,,,,,,
,,,,,,,,,,,,,,,,990204,001,2025-04-14_13h46.25.510,SLSIC,2022.2.5,MacIntel,58.82352941,,,,,,,,,,,,,,,,,,,,,,,,,,,,,,,,,,,,,,,,,,,,,,,,,,,,,,,space,1.778,,,,,,,,,,,,,,,,,,,,,,,,,,,,,,,,,,,,,,,,,,,,,,,,,,,,,,,,,,,,,,,,,,,,,
,,,,,,,,,,,,,,,,990204,001,2025-04-14_13h46.25.510,SLSIC,2022.2.5,MacIntel,58.82352941,,,,,,,,,,,,,,,,,,,,,,,,,,,,,,,,,,,,,,,,,,,,,,,,,,,,,,,,,3,8.735,...is inventive,0,0,0,2,1,...is inventive,,,,,,,,,,,,,,,,,,,,,,,,,,,,,,,,,,,,,,,,,,,,,,,,,,,,,,,,,,,,
,,,,,,,,,,,,,,,,990204,001,2025-04-14_13h46.25.510,SLSIC,2022.2.5,MacIntel,58.82352941,,,,,,,,,,,,,,,,,,,,,,,,,,,,,,,,,,,,,,,,,,,,,,,,,,,,,,,,,4,2.519,"....is reliable, can always be counted on",0,1,1,4,1,"....is reliable, can always be counted on",,,,,,,,,,,,,,,,,,,,,,,,,,,,,,,,,,,,,,,,,,,,,,,,,,,,,,,,,,,,
,,,,,,,,,,,,,,,,990204,001,2025-04-14_13h46.25.510,SLSIC,2022.2.5,MacIntel,58.82352941,,,,,,,,,,,,,,,,,,,,,,,,,,,,,,,,,,,,,,,,,,,,,,,,,,,,,,,,,3,3.243,...is talktative,0,2,2,1,1,...is talktative,,,,,,,,,,,,,,,,,,,,,,,,,,,,,,,,,,,,,,,,,,,,,,,,,,,,,,,,,,,,
,,,,,,,,,,,,,,,,990204,001,2025-04-14_13h46.25.510,SLSIC,2022.2.5,MacIntel,58.82352941,,,,,,,,,,,,,,,,,,,,,,,,,,,,,,,,,,,,,,,,,,,,,,,,,,,,,,,,,4,4.867,...finds clever ways to do things,0,3,3,3,1,...finds clever ways to do things,,,,,,,,,,,,,,,,,,,,,,,,,,,,,,,,,,,,,,,,,,,,,,,,,,,,,,,,,,,,
,,,,,,,,,,,,,,,,990204,001,2025-04-14_13h46.25.510,SLSIC,2022.2.5,MacIntel,58.82352941,,,,,,,,,,,,,,,,,,,,,,,,,,,,,,,,,,,,,,,,,,,,,,,,,,,,,,,,,3,3.805,"...is persistent, works until the task is finished",0,4,4,5,1,"...is persistent, works until the task is finished",,,,,,,,,,,,,,,,,,,,,,,,,,,,,,,,,,,,,,,,,,,,,,,,,,,,,,,,,,,,
,,,,,,,,,,,,,,,,990204,001,2025-04-14_13h46.25.510,SLSIC,2022.2.5,MacIntel,58.82352941,,,,,,,,,,,,,,,,,,,,,,,,,,,,,,,,,,,,,,,,,,,,,,,,,,,,,,,,,2,2.253,...often feels sad,0,5,5,0,1,...often feels sad,,,,,,,,,,,,,,,,,,,,,,,,,,,,,,,,,,,,,,,,,,,,,,,,,,,,,,,,,,,,
,,,,,,,,,,,,,,,,990204,001,2025-04-14_13h46.25.510,SLSIC,2022.2.5,MacIntel,58.82352941,,,,,,,,,,,,,,,,,,,,,,,,,,,,,,,,,,,,,,,,,,,,,,,,,,,,,,,,,,,,,,,,,,space,9.857,,,,,,,,,,,,,,,,,,,,,,,,,,,,,,,,,,,,,,,,,,,,,,,,,,,,,,,,,,
,,,,,,,,,,,,,,,,990204,001,2025-04-14_13h46.25.510,SLSIC,2022.2.5,MacIntel,58.82352941,,,,,,,,,,,,,,,,,,,,,,,,,,,,,,,,,,,,,,,,,,,,,,,,,,,,,,,,,,,,,,,,,,,,3,6.316,,0,0,0,6,1,I try to be creative in most things that I do.,,,,,,,,,,,,,,,,,,,,,,,,,,,,,,,,,,,,,,,,,,,,,,,,,
,,,,,,,,,,,,,,,,990204,001,2025-04-14_13h46.25.510,SLSIC,2022.2.5,MacIntel,58.82352941,,,,,,,,,,,,,,,,,,,,,,,,,,,,,,,,,,,,,,,,,,,,,,,,,,,,,,,,,,,,,,,,,,,,4,3.727,,0,1,1,0,1,Try to pass along the knowledge I have gained through my experiences.,,,,,,,,,,,,,,,,,,,,,,,,,,,,,,,,,,,,,,,,,,,,,,,,,
,,,,,,,,,,,,,,,,990204,001,2025-04-14_13h46.25.510,SLSIC,2022.2.5,MacIntel,58.82352941,,,,,,,,,,,,,,,,,,,,,,,,,,,,,,,,,,,,,,,,,,,,,,,,,,,,,,,,,,,,,,,,,,,,4,1.532,,0,2,2,18,1,People come to me for advice.,,,,,,,,,,,,,,,,,,,,,,,,,,,,,,,,,,,,,,,,,,,,,,,,,
,,,,,,,,,,,,,,,,990204,001,2025-04-14_13h46.25.510,SLSIC,2022.2.5,MacIntel,58.82352941,,,,,,,,,,,,,,,,,,,,,,,,,,,,,,,,,,,,,,,,,,,,,,,,,,,,,,,,,,,,,,,,,,,,4,2.729,,0,3,3,10,1,"If I were unable to have children of my own, I would like to adopt children.",,,,,,,,,,,,,,,,,,,,,,,,,,,,,,,,,,,,,,,,,,,,,,,,,
,,,,,,,,,,,,,,,,990204,001,2025-04-14_13h46.25.510,SLSIC,2022.2.5,MacIntel,58.82352941,,,,,,,,,,,,,,,,,,,,,,,,,,,,,,,,,,,,,,,,,,,,,,,,,,,,,,,,,,,,,,,,,,,,2,4.76,,0,4,4,9,1,Others would say that I have made unique contributions to society.,,,,,,,,,,,,,,,,,,,,,,,,,,,,,,,,,,,,,,,,,,,,,,,,,
,,,,,,,,,,,,,,,,990204,001,2025-04-14_13h46.25.510,SLSIC,2022.2.5,MacIntel,58.82352941,,,,,,,,,,,,,,,,,,,,,,,,,,,,,,,,,,,,,,,,,,,,,,,,,,,,,,,,,,,,,,,,,,,,4,4.13,,0,5,5,2,1,I think I would like the work of a teacher.,,,,,,,,,,,,,,,,,,,,,,,,,,,,,,,,,,,,,,,,,,,,,,,,,
,,,,,,,,,,,,,,,,990204,001,2025-04-14_13h46.25.510,SLSIC,2022.2.5,MacIntel,58.82352941,,,,,,,,,,,,,,,,,,,,,,,,,,,,,,,,,,,,,,,,,,,,,,,,,,,,,,,,,,,,,,,,,,,,3,3.382,,0,6,6,17,1,I have a responsibility to improve the neighborhood in which I live.,,,,,,,,,,,,,,,,,,,,,,,,,,,,,,,,,,,,,,,,,,,,,,,,,
,,,,,,,,,,,,,,,,990204,001,2025-04-14_13h46.25.510,SLSIC,2022.2.5,MacIntel,58.82352941,,,,,,,,,,,,,,,,,,,,,,,,,,,,,,,,,,,,,,,,,,,,,,,,,,,,,,,,,,,,,,,,,,,,2,5.775,,0,7,7,14,1,I feel as though I have done a lot to contribute to others.,,,,,,,,,,,,,,,,,,,,,,,,,,,,,,,,,,,,,,,,,,,,,,,,,
,,,,,,,,,,,,,,,,990204,001,2025-04-14_13h46.25.510,SLSIC,2022.2.5,MacIntel,58.82352941,,,,,,,,,,,,,,,,,,,,,,,,,,,,,,,,,,,,,,,,,,,,,,,,,,,,,,,,,,,,,,,,,,,,3,2.159,,0,8,8,16,1,Other people say that I am a very productive person.,,,,,,,,,,,,,,,,,,,,,,,,,,,,,,,,,,,,,,,,,,,,,,,,,
,,,,,,,,,,,,,,,,990204,001,2025-04-14_13h46.25.510,SLSIC,2022.2.5,MacIntel,58.82352941,,,,,,,,,,,,,,,,,,,,,,,,,,,,,,,,,,,,,,,,,,,,,,,,,,,,,,,,,,,,,,,,,,,,4,3.664,,0,9,9,13,1,"In general, my actions have a positive effect on other people.",,,,,,,,,,,,,,,,,,,,,,,,,,,,,,,,,,,,,,,,,,,,,,,,,
,,,,,,,,,,,,,,,,990204,001,2025-04-14_13h46.25.510,SLSIC,2022.2.5,MacIntel,58.82352941,,,,,,,,,,,,,,,,,,,,,,,,,,,,,,,,,,,,,,,,,,,,,,,,,,,,,,,,,,,,,,,,,,,,3,4.311,,0,10,10,1,1,I feel that other people need me.,,,,,,,,,,,,,,,,,,,,,,,,,,,,,,,,,,,,,,,,,,,,,,,,,
,,,,,,,,,,,,,,,,990204,001,2025-04-14_13h46.25.510,SLSIC,2022.2.5,MacIntel,58.82352941,,,,,,,,,,,,,,,,,,,,,,,,,,,,,,,,,,,,,,,,,,,,,,,,,,,,,,,,,,,,,,,,,,,,2,3.11,,0,11,11,7,1,I think that I will be remembered for a long time after I die.,,,,,,,,,,,,,,,,,,,,,,,,,,,,,,,,,,,,,,,,,,,,,,,,,
,,,,,,,,,,,,,,,,990204,001,2025-04-14_13h46.25.510,SLSIC,2022.2.5,MacIntel,58.82352941,,,,,,,,,,,,,,,,,,,,,,,,,,,,,,,,,,,,,,,,,,,,,,,,,,,,,,,,,,,,,,,,,,,,2,3.187,,0,12,12,19,1,I feel as though my contributions will exist after I die.,,,,,,,,,,,,,,,,,,,,,,,,,,,,,,,,,,,,,,,,,,,,,,,,,
,,,,,,,,,,,,,,,,990204,001,2025-04-14_13h46.25.510,SLSIC,2022.2.5,MacIntel,58.82352941,,,,,,,,,,,,,,,,,,,,,,,,,,,,,,,,,,,,,,,,,,,,,,,,,,,,,,,,,,,,,,,,,,,,2,2.571,,0,13,13,3,1,I feel as though I have made a difference to many people.,,,,,,,,,,,,,,,,,,,,,,,,,,,,,,,,,,,,,,,,,,,,,,,,,
,,,,,,,,,,,,,,,,990204,001,2025-04-14_13h46.25.510,SLSIC,2022.2.5,MacIntel,58.82352941,,,,,,,,,,,,,,,,,,,,,,,,,,,,,,,,,,,,,,,,,,,,,,,,,,,,,,,,,,,,,,,,,,,,3,3.8,,0,14,14,4,1,I volunteer to work for a charity.,,,,,,,,,,,,,,,,,,,,,,,,,,,,,,,,,,,,,,,,,,,,,,,,,
,,,,,,,,,,,,,,,,990204,001,2025-04-14_13h46.25.510,SLSIC,2022.2.5,MacIntel,58.82352941,,,,,,,,,,,,,,,,,,,,,,,,,,,,,,,,,,,,,,,,,,,,,,,,,,,,,,,,,,,,,,,,,,,,4,3.563,,0,15,15,8,1,I believe that society should be responsible for providing food and shelter for all homeless people.,,,,,,,,,,,,,,,,,,,,,,,,,,,,,,,,,,,,,,,,,,,,,,,,,
,,,,,,,,,,,,,,,,990204,001,2025-04-14_13h46.25.510,SLSIC,2022.2.5,MacIntel,58.82352941,,,,,,,,,,,,,,,,,,,,,,,,,,,,,,,,,,,,,,,,,,,,,,,,,,,,,,,,,,,,,,,,,,,,3,3.873,,0,16,16,12,1,I feel that things I have done in my life will survive after I die.,,,,,,,,,,,,,,,,,,,,,,,,,,,,,,,,,,,,,,,,,,,,,,,,,
,,,,,,,,,,,,,,,,990204,001,2025-04-14_13h46.25.510,SLSIC,2022.2.5,MacIntel,58.82352941,,,,,,,,,,,,,,,,,,,,,,,,,,,,,,,,,,,,,,,,,,,,,,,,,,,,,,,,,,,,,,,,,,,,4,1.831,,0,17,17,11,1,I have important skills that I try to teach others.,,,,,,,,,,,,,,,,,,,,,,,,,,,,,,,,,,,,,,,,,,,,,,,,,
,,,,,,,,,,,,,,,,990204,001,2025-04-14_13h46.25.510,SLSIC,2022.2.5,MacIntel,58.82352941,,,,,,,,,,,,,,,,,,,,,,,,,,,,,,,,,,,,,,,,,,,,,,,,,,,,,,,,,,,,,,,,,,,,2,4.544,,0,18,18,5,1,I have made and created things that have had an impact on other people.,,,,,,,,,,,,,,,,,,,,,,,,,,,,,,,,,,,,,,,,,,,,,,,,,
,,,,,,,,,,,,,,,,990204,001,2025-04-14_13h46.25.510,SLSIC,2022.2.5,MacIntel,58.82352941,,,,,,,,,,,,,,,,,,,,,,,,,,,,,,,,,,,,,,,,,,,,,,,,,,,,,,,,,,,,,,,,,,,,4,2.726,,0,19,19,15,1,"I have made many commitments to many different kinds of people, groups, and activities in my life.",,,,,,,,,,,,,,,,,,,,,,,,,,,,,,,,,,,,,,,,,,,,,,,,,
,,,,,,,,,,,,,,,,990204,001,2025-04-14_13h46.25.510,SLSIC,2022.2.5,MacIntel,58.82352941,,,,,,,,,,,,,,,,,,,,,,,,,,,,,,,,,,,,,,,,,,,,,,,,,,,,,,,,,,,,,,,,,,,,,,,,,,,,,space,2.568,,,,,,,,,,,,,,,,,,,,,,,,,,,,,,,,,,,,,,,,,,,,,,,
,,,,,,,,,,,,,,,,990204,001,2025-04-14_13h46.25.510,SLSIC,2022.2.5,MacIntel,58.82352941,,,,,,,,,,,,,,,,,,,,,,,,,,,,,,,,,,,,,,,,,,,,,,,,,,,,,,,,,,,,,,,,,,,,,,,,,,,,There are people I feel close to,,,4,3.046,,0,0,0,9,1,,,,,,,,,,,,,,,,,,,,,,,,,,,,,,,,,,,,,,,
,,,,,,,,,,,,,,,,990204,001,2025-04-14_13h46.25.510,SLSIC,2022.2.5,MacIntel,58.82352941,,,,,,,,,,,,,,,,,,,,,,,,,,,,,,,,,,,,,,,,,,,,,,,,,,,,,,,,,,,,,,,,,,,,,,,,,,,,My interests and ideas are not shared by those around me,,,1,10.696,,0,1,1,7,1,,,,,,,,,,,,,,,,,,,,,,,,,,,,,,,,,,,,,,,
,,,,,,,,,,,,,,,,990204,001,2025-04-14_13h46.25.510,SLSIC,2022.2.5,MacIntel,58.82352941,,,,,,,,,,,,,,,,,,,,,,,,,,,,,,,,,,,,,,,,,,,,,,,,,,,,,,,,,,,,,,,,,,,,,,,,,,,,I am an outgoing person,,,3,1.706,,0,2,2,8,1,,,,,,,,,,,,,,,,,,,,,,,,,,,,,,,,,,,,,,,
,,,,,,,,,,,,,,,,990204,001,2025-04-14_13h46.25.510,SLSIC,2022.2.5,MacIntel,58.82352941,,,,,,,,,,,,,,,,,,,,,,,,,,,,,,,,,,,,,,,,,,,,,,,,,,,,,,,,,,,,,,,,,,,,,,,,,,,,There are people I can talk to,,,3,1.773,,0,3,3,18,1,,,,,,,,,,,,,,,,,,,,,,,,,,,,,,,,,,,,,,,
,,,,,,,,,,,,,,,,990204,001,2025-04-14_13h46.25.510,SLSIC,2022.2.5,MacIntel,58.82352941,,,,,,,,,,,,,,,,,,,,,,,,,,,,,,,,,,,,,,,,,,,,,,,,,,,,,,,,,,,,,,,,,,,,,,,,,,,,There are people who really understand me,,,2,2.996,,0,4,4,15,1,,,,,,,,,,,,,,,,,,,,,,,,,,,,,,,,,,,,,,,
,,,,,,,,,,,,,,,,990204,001,2025-04-14_13h46.25.510,SLSIC,2022.2.5,MacIntel,58.82352941,,,,,,,,,,,,,,,,,,,,,,,,,,,,,,,,,,,,,,,,,,,,,,,,,,,,,,,,,,,,,,,,,,,,,,,,,,,,I am no longer close to anyone,,,3,2.209,,0,5,5,6,1,,,,,,,,,,,,,,,,,,,,,,,,,,,,,,,,,,,,,,,
,,,,,,,,,,,,,,,,990204,001,2025-04-14_13h46.25.510,SLSIC,2022.2.5,MacIntel,58.82352941,,,,,,,,,,,,,,,,,,,,,,,,,,,,,,,,,,,,,,,,,,,,,,,,,,,,,,,,,,,,,,,,,,,,,,,,,,,,I feel in tune with the people around me,,,3,1.757,,0,6,6,0,1,,,,,,,,,,,,,,,,,,,,,,,,,,,,,,,,,,,,,,,
,,,,,,,,,,,,,,,,990204,001,2025-04-14_13h46.25.510,SLSIC,2022.2.5,MacIntel,58.82352941,,,,,,,,,,,,,,,,,,,,,,,,,,,,,,,,,,,,,,,,,,,,,,,,,,,,,,,,,,,,,,,,,,,,,,,,,,,,I feel part of a group of friends,,,2,2.857,,0,7,7,4,1,,,,,,,,,,,,,,,,,,,,,,,,,,,,,,,,,,,,,,,
,,,,,,,,,,,,,,,,990204,001,2025-04-14_13h46.25.510,SLSIC,2022.2.5,MacIntel,58.82352941,,,,,,,,,,,,,,,,,,,,,,,,,,,,,,,,,,,,,,,,,,,,,,,,,,,,,,,,,,,,,,,,,,,,,,,,,,,,There are people I can turn to,,,4,2.429,,0,8,8,19,1,,,,,,,,,,,,,,,,,,,,,,,,,,,,,,,,,,,,,,,
,,,,,,,,,,,,,,,,990204,001,2025-04-14_13h46.25.510,SLSIC,2022.2.5,MacIntel,58.82352941,,,,,,,,,,,,,,,,,,,,,,,,,,,,,,,,,,,,,,,,,,,,,,,,,,,,,,,,,,,,,,,,,,,,,,,,,,,,I can find companionship when I want it,,,4,1.772,,0,9,9,14,1,,,,,,,,,,,,,,,,,,,,,,,,,,,,,,,,,,,,,,,
,,,,,,,,,,,,,,,,990204,001,2025-04-14_13h46.25.510,SLSIC,2022.2.5,MacIntel,58.82352941,,,,,,,,,,,,,,,,,,,,,,,,,,,,,,,,,,,,,,,,,,,,,,,,,,,,,,,,,,,,,,,,,,,,,,,,,,,,No one really knows me well,,,3,6.614,,0,10,10,12,1,,,,,,,,,,,,,,,,,,,,,,,,,,,,,,,,,,,,,,,
,,,,,,,,,,,,,,,,990204,001,2025-04-14_13h46.25.510,SLSIC,2022.2.5,MacIntel,58.82352941,,,,,,,,,,,,,,,,,,,,,,,,,,,,,,,,,,,,,,,,,,,,,,,,,,,,,,,,,,,,,,,,,,,,,,,,,,,,There is no one I can turn to,,,1,3.975,,0,11,11,2,1,,,,,,,,,,,,,,,,,,,,,,,,,,,,,,,,,,,,,,,
,,,,,,,,,,,,,,,,990204,001,2025-04-14_13h46.25.510,SLSIC,2022.2.5,MacIntel,58.82352941,,,,,,,,,,,,,,,,,,,,,,,,,,,,,,,,,,,,,,,,,,,,,,,,,,,,,,,,,,,,,,,,,,,,,,,,,,,,My social relationships are superficial,,,3,3.207,,0,12,12,11,1,,,,,,,,,,,,,,,,,,,,,,,,,,,,,,,,,,,,,,,
,,,,,,,,,,,,,,,,990204,001,2025-04-14_13h46.25.510,SLSIC,2022.2.5,MacIntel,58.82352941,,,,,,,,,,,,,,,,,,,,,,,,,,,,,,,,,,,,,,,,,,,,,,,,,,,,,,,,,,,,,,,,,,,,,,,,,,,,I feel isolated from others,,,3,1.014,,0,13,13,13,1,,,,,,,,,,,,,,,,,,,,,,,,,,,,,,,,,,,,,,,
,,,,,,,,,,,,,,,,990204,001,2025-04-14_13h46.25.510,SLSIC,2022.2.5,MacIntel,58.82352941,,,,,,,,,,,,,,,,,,,,,,,,,,,,,,,,,,,,,,,,,,,,,,,,,,,,,,,,,,,,,,,,,,,,,,,,,,,,I do not feel alone,,,3,1.944,,0,14,14,3,1,,,,,,,,,,,,,,,,,,,,,,,,,,,,,,,,,,,,,,,
,,,,,,,,,,,,,,,,990204,001,2025-04-14_13h46.25.510,SLSIC,2022.2.5,MacIntel,58.82352941,,,,,,,,,,,,,,,,,,,,,,,,,,,,,,,,,,,,,,,,,,,,,,,,,,,,,,,,,,,,,,,,,,,,,,,,,,,,I have a lot in common with the people around me,,,3,4.862,,0,15,15,5,1,,,,,,,,,,,,,,,,,,,,,,,,,,,,,,,,,,,,,,,
,,,,,,,,,,,,,,,,990204,001,2025-04-14_13h46.25.510,SLSIC,2022.2.5,MacIntel,58.82352941,,,,,,,,,,,,,,,,,,,,,,,,,,,,,,,,,,,,,,,,,,,,,,,,,,,,,,,,,,,,,,,,,,,,,,,,,,,,I lack companionship,,,3,2.885,,0,16,16,1,1,,,,,,,,,,,,,,,,,,,,,,,,,,,,,,,,,,,,,,,
,,,,,,,,,,,,,,,,990204,001,2025-04-14_13h46.25.510,SLSIC,2022.2.5,MacIntel,58.82352941,,,,,,,,,,,,,,,,,,,,,,,,,,,,,,,,,,,,,,,,,,,,,,,,,,,,,,,,,,,,,,,,,,,,,,,,,,,,People are around me but not with me,,,3,3.368,,0,17,17,17,1,,,,,,,,,,,,,,,,,,,,,,,,,,,,,,,,,,,,,,,
,,,,,,,,,,,,,,,,990204,001,2025-04-14_13h46.25.510,SLSIC,2022.2.5,MacIntel,58.82352941,,,,,,,,,,,,,,,,,,,,,,,,,,,,,,,,,,,,,,,,,,,,,,,,,,,,,,,,,,,,,,,,,,,,,,,,,,,,I feel left out,,,3,1.257,,0,18,18,10,1,,,,,,,,,,,,,,,,,,,,,,,,,,,,,,,,,,,,,,,
,,,,,,,,,,,,,,,,990204,001,2025-04-14_13h46.25.510,SLSIC,2022.2.5,MacIntel,58.82352941,,,,,,,,,,,,,,,,,,,,,,,,,,,,,,,,,,,,,,,,,,,,,,,,,,,,,,,,,,,,,,,,,,,,,,,,,,,,I am unhappy being so withdrawn ,,,2,3.6,,0,19,19,16,1,,,,,,,,,,,,,,,,,,,,,,,,,,,,,,,,,,,,,,,
,,,,,,,,,,,,,,,,990204,001,2025-04-14_13h46.25.510,SLSIC,2022.2.5,MacIntel,58.82352941,,,,,,,,,,,,,,,,,,,,,,,,,,,,,,,,,,,,,,,,,,,,,,,,,,,,,,,,,,,,,,,,,,,,,,,,,,,,,,,,,,,,,,,space,1.049,,,,,,,,,,,,,,,,,,,,,,,,,,,,,,,,,,,,,
,,,,,,,,,,,,,,,,990204,001,2025-04-14_13h46.25.510,SLSIC,2022.2.5,MacIntel,58.82352941,,,,,,,,,,,,,,,,,,,,,,,,,,,,,,,,,,,,,,,,,,,,,,,,,,,,,,,,,,,,,,,,,,,,,,,,,,,,,,,,,,,,,,,,,2,9.26,"Once I start worrying about Alzheimer’s disease and related dementias, I just cannot stop.",0,0,0,8,1,"Once I start worrying about Alzheimer’s disease and related dementias, I just cannot stop.",,,,,,,,,,,,,,,,,,,,,,,,,,,,
,,,,,,,,,,,,,,,,990204,001,2025-04-14_13h46.25.510,SLSIC,2022.2.5,MacIntel,58.82352941,,,,,,,,,,,,,,,,,,,,,,,,,,,,,,,,,,,,,,,,,,,,,,,,,,,,,,,,,,,,,,,,,,,,,,,,,,,,,,,,,,,,,,,,,2,6.556,"Sometimes when trying to go to sleep, I find my thoughts drift to my concerns about having Alzheimer’s disease or a related dementia.",0,1,1,9,1,"Sometimes when trying to go to sleep, I find my thoughts drift to my concerns about having Alzheimer’s disease or a related dementia.",,,,,,,,,,,,,,,,,,,,,,,,,,,,
,,,,,,,,,,,,,,,,990204,001,2025-04-14_13h46.25.510,SLSIC,2022.2.5,MacIntel,58.82352941,,,,,,,,,,,,,,,,,,,,,,,,,,,,,,,,,,,,,,,,,,,,,,,,,,,,,,,,,,,,,,,,,,,,,,,,,,,,,,,,,,,,,,,,,3,4.93,"	When I hear about someone having Alzheimer’s disease or a related dementia, I start to worry about having it myself.",0,2,2,5,1,"	When I hear about someone having Alzheimer’s disease or a related dementia, I start to worry about having it myself.",,,,,,,,,,,,,,,,,,,,,,,,,,,,
,,,,,,,,,,,,,,,,990204,001,2025-04-14_13h46.25.510,SLSIC,2022.2.5,MacIntel,58.82352941,,,,,,,,,,,,,,,,,,,,,,,,,,,,,,,,,,,,,,,,,,,,,,,,,,,,,,,,,,,,,,,,,,,,,,,,,,,,,,,,,,,,,,,,,1,3.832,"When I forget a word that I want to say, my thoughts immediately turn to Alzheimer’s disease and related dementias.",0,3,3,10,1,"When I forget a word that I want to say, my thoughts immediately turn to Alzheimer’s disease and related dementias.",,,,,,,,,,,,,,,,,,,,,,,,,,,,
,,,,,,,,,,,,,,,,990204,001,2025-04-14_13h46.25.510,SLSIC,2022.2.5,MacIntel,58.82352941,,,,,,,,,,,,,,,,,,,,,,,,,,,,,,,,,,,,,,,,,,,,,,,,,,,,,,,,,,,,,,,,,,,,,,,,,,,,,,,,,,,,,,,,,1,6.364,My worries about Alzheimer’s disease and related dementias overwhelm me.,0,4,4,3,1,My worries about Alzheimer’s disease and related dementias overwhelm me.,,,,,,,,,,,,,,,,,,,,,,,,,,,,
,,,,,,,,,,,,,,,,990204,001,2025-04-14_13h46.25.510,SLSIC,2022.2.5,MacIntel,58.82352941,,,,,,,,,,,,,,,,,,,,,,,,,,,,,,,,,,,,,,,,,,,,,,,,,,,,,,,,,,,,,,,,,,,,,,,,,,,,,,,,,,,,,,,,,4,7.066,"I know I shouldn’t worry about developing Alzheimer’s disease and related dementias, but I just cannot help it.",0,5,5,0,1,"I know I shouldn’t worry about developing Alzheimer’s disease and related dementias, but I just cannot help it.",,,,,,,,,,,,,,,,,,,,,,,,,,,,
,,,,,,,,,,,,,,,,990204,001,2025-04-14_13h46.25.510,SLSIC,2022.2.5,MacIntel,58.82352941,,,,,,,,,,,,,,,,,,,,,,,,,,,,,,,,,,,,,,,,,,,,,,,,,,,,,,,,,,,,,,,,,,,,,,,,,,,,,,,,,,,,,,,,,2,6.825,"When I can’t remember something, I find myself wondering whether I have Alzheimer’s disease or a related dementia.",0,6,6,2,1,"When I can’t remember something, I find myself wondering whether I have Alzheimer’s disease or a related dementia.",,,,,,,,,,,,,,,,,,,,,,,,,,,,
,,,,,,,,,,,,,,,,990204,001,2025-04-14_13h46.25.510,SLSIC,2022.2.5,MacIntel,58.82352941,,,,,,,,,,,,,,,,,,,,,,,,,,,,,,,,,,,,,,,,,,,,,,,,,,,,,,,,,,,,,,,,,,,,,,,,,,,,,,,,,,,,,,,,,1,4.514,I find it difficult to control my worries about developing Alzheimer’s disease and related dementias.,0,7,7,1,1,I find it difficult to control my worries about developing Alzheimer’s disease and related dementias.,,,,,,,,,,,,,,,,,,,,,,,,,,,,
,,,,,,,,,,,,,,,,990204,001,2025-04-14_13h46.25.510,SLSIC,2022.2.5,MacIntel,58.82352941,,,,,,,,,,,,,,,,,,,,,,,,,,,,,,,,,,,,,,,,,,,,,,,,,,,,,,,,,,,,,,,,,,,,,,,,,,,,,,,,,,,,,,,,,2,6.46,"When I am not distracted, I find my thoughts focusing on my own cognitive changes and concerns.",0,8,8,6,1,"When I am not distracted, I find my thoughts focusing on my own cognitive changes and concerns.",,,,,,,,,,,,,,,,,,,,,,,,,,,,
,,,,,,,,,,,,,,,,990204,001,2025-04-14_13h46.25.510,SLSIC,2022.2.5,MacIntel,58.82352941,,,,,,,,,,,,,,,,,,,,,,,,,,,,,,,,,,,,,,,,,,,,,,,,,,,,,,,,,,,,,,,,,,,,,,,,,,,,,,,,,,,,,,,,,1,3.776,"More often than not, I find my thoughts returning to concerns that I have Alzheimer’s disease or a related dementia.",0,9,9,4,1,"More often than not, I find my thoughts returning to concerns that I have Alzheimer’s disease or a related dementia.",,,,,,,,,,,,,,,,,,,,,,,,,,,,
,,,,,,,,,,,,,,,,990204,001,2025-04-14_13h46.25.510,SLSIC,2022.2.5,MacIntel,58.82352941,,,,,,,,,,,,,,,,,,,,,,,,,,,,,,,,,,,,,,,,,,,,,,,,,,,,,,,,,,,,,,,,,,,,,,,,,,,,,,,,,,,,,,,,,1,3.843,I think I probably worry more about Alzheimer’s disease and related dementias than other people my same age.,0,10,10,11,1,I think I probably worry more about Alzheimer’s disease and related dementias than other people my same age.,,,,,,,,,,,,,,,,,,,,,,,,,,,,
,,,,,,,,,,,,,,,,990204,001,2025-04-14_13h46.25.510,SLSIC,2022.2.5,MacIntel,58.82352941,,,,,,,,,,,,,,,,,,,,,,,,,,,,,,,,,,,,,,,,,,,,,,,,,,,,,,,,,,,,,,,,,,,,,,,,,,,,,,,,,,,,,,,,,1,6.384,"Even though I know it doesn’t help to focus on it, I can’t help thinking about whether or not I have Alzheimer’s disease or a related dementia.",0,11,11,7,1,"Even though I know it doesn’t help to focus on it, I can’t help thinking about whether or not I have Alzheimer’s disease or a related dementia.",,,,,,,,,,,,,,,,,,,,,,,,,,,,
,,,,,,,,,,,,,,,,990204,001,2025-04-14_13h46.25.510,SLSIC,2022.2.5,MacIntel,58.82352941,,,,,,,,,,,,,,,,,,,,,,,,,,,,,,,,,,,,,,,,,,,,,,,,,,,,,,,,,,,,,,,,,,,,,,,,,,,,,,,,,,,,,,,,,,,,,,,,,,space,0.046,,,,,,,,,,,,,,,,,,,,,,,,,,
,,,,,,,,,,,,,,,,990204,001,2025-04-14_13h46.25.510,SLSIC,2022.2.5,MacIntel,58.82352941,,,,,,,,,,,,,,,,,,,,,,,,,,,,,,,,,,,,,,,,,,,,,,,,,,,,,,,,,,,,,,,,,,,,,,,,,,,,,,,,,,,,,,,,,,,,,,,,,,,,2,3.925,"I answer the phone whenever it rings, even if I do not know who is calling",0,0,0,0,1,"I answer the phone whenever it rings, even if I do not know who is calling",,,,,,,,,,,,,,,,,
,,,,,,,,,,,,,,,,990204,001,2025-04-14_13h46.25.510,SLSIC,2022.2.5,MacIntel,58.82352941,,,,,,,,,,,,,,,,,,,,,,,,,,,,,,,,,,,,,,,,,,,,,,,,,,,,,,,,,,,,,,,,,,,,,,,,,,,,,,,,,,,,,,,,,,,,,,,,,,,,3,3.789,"If something sounds too good to be true, it usually is",0,1,1,2,1,"If something sounds too good to be true, it usually is",,,,,,,,,,,,,,,,,
,,,,,,,,,,,,,,,,990204,001,2025-04-14_13h46.25.510,SLSIC,2022.2.5,MacIntel,58.82352941,,,,,,,,,,,,,,,,,,,,,,,,,,,,,,,,,,,,,,,,,,,,,,,,,,,,,,,,,,,,,,,,,,,,,,,,,,,,,,,,,,,,,,,,,,,,,,,,,,,,4,3.266,Persons over the age of 65 are often targeted by con-artists,0,2,2,3,1,Persons over the age of 65 are often targeted by con-artists,,,,,,,,,,,,,,,,,
,,,,,,,,,,,,,,,,990204,001,2025-04-14_13h46.25.510,SLSIC,2022.2.5,MacIntel,58.82352941,,,,,,,,,,,,,,,,,,,,,,,,,,,,,,,,,,,,,,,,,,,,,,,,,,,,,,,,,,,,,,,,,,,,,,,,,,,,,,,,,,,,,,,,,,,,,,,,,,,,3,5.352,"If a telemarketer calls me, I usually listen to what they have to say",0,3,3,4,1,"If a telemarketer calls me, I usually listen to what they have to say",,,,,,,,,,,,,,,,,
,,,,,,,,,,,,,,,,990204,001,2025-04-14_13h46.25.510,SLSIC,2022.2.5,MacIntel,58.82352941,,,,,,,,,,,,,,,,,,,,,,,,,,,,,,,,,,,,,,,,,,,,,,,,,,,,,,,,,,,,,,,,,,,,,,,,,,,,,,,,,,,,,,,,,,,,,,,,,,,,4,2.582,"I have difficulty ending a phone call, even if the caller is a telemarketer, someone I do not know, or someone I do not wish to call me",0,4,4,1,1,"I have difficulty ending a phone call, even if the caller is a telemarketer, someone I do not know, or someone I do not wish to call me",,,,,,,,,,,,,,,,,
,,,,,,,,,,,,,,,,990204,001,2025-04-14_13h46.25.510,SLSIC,2022.2.5,MacIntel,58.82352941,,,,,,,,,,,,,,,,,,,,,,,,,,,,,,,,,,,,,,,,,,,,,,,,,,,,,,,,,,,,,,,,,,,,,,,,,,,,,,,,,,,,,,,,,,,,,,,,,,,,,,,,,,,,,2.006349206,2.599,,,,,,,,,,,,,,,
,,,,,,,,,,,,,,,,990204,001,2025-04-14_13h46.25.510,SLSIC,2022.2.5,MacIntel,58.82352941,,,,,,,,,,,,,,,,,,,,,,,,,,,,,,,,,,,,,,,,,,,,,,,,,,,,,,,,,,,,,,,,,,,,,,,,,,,,,,,,,,,,,,,,,,,,,,,,,,,,,,,,,,,,,,,,,,,,,,,,,,,,,
,,,,,,,,,,,,,,,,990204,001,2025-04-14_13h46.25.510,SLSIC,2022.2.5,MacIntel,58.82352941,,,,,,,,,,,,,,,,,,,,,,,,,,,,,,,,,,,,,,,,,,,,,,,,,,,,,,,,,,,,,,,,,,,,,,,,,,,,,,,,,,,,,,,,,,,,,,,,,,,,,,,,,,,,,,,"[""female_option""]",,,,,,,,,,,,,,
,,,,,,,,,,,,,,,,990204,001,2025-04-14_13h46.25.510,SLSIC,2022.2.5,MacIntel,58.82352941,,,,,,,,,,,,,,,,,,,,,,,,,,,,,,,,,,,,,,,,,,,,,,,,,,,,,,,,,,,,,,,,,,,,,,,,,,,,,,,,,,,,,,,,,,,,,,,,,,,,,,,,,,,,,,,,,,,,,,,,,,,,,
,,,,,,,,,,,,,,,,990204,001,2025-04-14_13h46.25.510,SLSIC,2022.2.5,MacIntel,58.82352941,,,,,,,,,,,,,,,,,,,,,,,,,,,,,,,,,,,,,,,,,,,,,,,,,,,,,,,,,,,,,,,,,,,,,,,,,,,,,,,,,,,,,,,,,,,,,,,,,,,,,,,,,,,,,,,,19,08/30/2005,,,,,,,,,,,,
,,,,,,,,,,,,,,,,990204,001,2025-04-14_13h46.25.510,SLSIC,2022.2.5,MacIntel,58.82352941,,,,,,,,,,,,,,,,,,,,,,,,,,,,,,,,,,,,,,,,,,,,,,,,,,,,,,,,,,,,,,,,,,,,,,,,,,,,,,,,,,,,,,,,,,,,,,,,,,,,,,,,,,,,,,,,,,,,,,,,,,,,,
,,,,,,,,,,,,,,,,990204,001,2025-04-14_13h46.25.510,SLSIC,2022.2.5,MacIntel,58.82352941,,,,,,,,,,,,,,,,,,,,,,,,,,,,,,,,,,,,,,,,,,,,,,,,,,,,,,,,,,,,,,,,,,,,,,,,,,,,,,,,,,,,,,,,,,,,,,,,,,,,,,,,,,,,,,,,,,"[""EduOpt4""]",,,,,,,,,,,
,,,,,,,,,,,,,,,,990204,001,2025-04-14_13h46.25.510,SLSIC,2022.2.5,MacIntel,58.82352941,,,,,,,,,,,,,,,,,,,,,,,,,,,,,,,,,,,,,,,,,,,,,,,,,,,,,,,,,,,,,,,,,,,,,,,,,,,,,,,,,,,,,,,,,,,,,,,,,,,,,,,,,,,,,,,,,,,,,,,,,,,,,
,,,,,,,,,,,,,,,,990204,001,2025-04-14_13h46.25.510,SLSIC,2022.2.5,MacIntel,58.82352941,,,,,,,,,,,,,,,,,,,,,,,,,,,,,,,,,,,,,,,,,,,,,,,,,,,,,,,,,,,,,,,,,,,,,,,,,,,,,,,,,,,,,,,,,,,,,,,,,,,,,,,,,,,,,,,,,,,"[""EthnOpt4""]",,,,,,,,,,
,,,,,,,,,,,,,,,,990204,001,2025-04-14_13h46.25.510,SLSIC,2022.2.5,MacIntel,58.82352941,,,,,,,,,,,,,,,,,,,,,,,,,,,,,,,,,,,,,,,,,,,,,,,,,,,,,,,,,,,,,,,,,,,,,,,,,,,,,,,,,,,,,,,,,,,,,,,,,,,,,,,,,,,,,,,,,,,,,,,,,,,,,
,,,,,,,,,,,,,,,,990204,001,2025-04-14_13h46.25.510,SLSIC,2022.2.5,MacIntel,58.82352941,,,,,,,,,,,,,,,,,,,,,,,,,,,,,,,,,,,,,,,,,,,,,,,,,,,,,,,,,,,,,,,,,,,,,,,,,,,,,,,,,,,,,,,,,,,,,,,,,,,,,,,,,,,,,,,,,,,,"[""EngFlncyY""]",,,,,,,,,
,,,,,,,,,,,,,,,,990204,001,2025-04-14_13h46.25.510,SLSIC,2022.2.5,MacIntel,58.82352941,,,,,,,,,,,,,,,,,,,,,,,,,,,,,,,,,,,,,,,,,,,,,,,,,,,,,,,,,,,,,,,,,,,,,,,,,,,,,,,,,,,,,,,,,,,,,,,,,,,,,,,,,,,,,,,,,,,,,,,,,,,,,
,,,,,,,,,,,,,,,,990204,001,2025-04-14_13h46.25.510,SLSIC,2022.2.5,MacIntel,58.82352941,,,,,,,,,,,,,,,,,,,,,,,,,,,,,,,,,,,,,,,,,,,,,,,,,,,,,,,,,,,,,,,,,,,,,,,,,,,,,,,,,,,,,,,,,,,,,,,,,,,,,,,,,,,,,,,,,,,,,5,USA,,,,,,,
,,,,,,,,,,,,,,,,990204,001,2025-04-14_13h46.25.510,SLSIC,2022.2.5,MacIntel,58.82352941,,,,,,,,,,,,,,,,,,,,,,,,,,,,,,,,,,,,,,,,,,,,,,,,,,,,,,,,,,,,,,,,,,,,,,,,,,,,,,,,,,,,,,,,,,,,,,,,,,,,,,,,,,,,,,,,,,,,,,,,,,,,,
,,,,,,,,,,,,,,,,990204,001,2025-04-14_13h46.25.510,SLSIC,2022.2.5,MacIntel,58.82352941,,,,,,,,,,,,,,,,,,,,,,,,,,,,,,,,,,,,,,,,,,,,,,,,,,,,,,,,,,,,,,,,,,,,,,,,,,,,,,,,,,,,,,,,,,,,,,,,,,,,,,,,,,,,,,,,,,,,,,,D,,,,,,
,,,,,,,,,,,,,,,,990204,001,2025-04-14_13h46.25.510,SLSIC,2022.2.5,MacIntel,58.82352941,,,,,,,,,,,,,,,,,,,,,,,,,,,,,,,,,,,,,,,,,,,,,,,,,,,,,,,,,,,,,,,,,,,,,,,,,,,,,,,,,,,,,,,,,,,,,,,,,,,,,,,,,,,,,,,,,,,,,,,,,,,,,
,,,,,,,,,,,,,,,,990204,001,2025-04-14_13h46.25.510,SLSIC,2022.2.5,MacIntel,58.82352941,,,,,,,,,,,,,,,,,,,,,,,,,,,,,,,,,,,,,,,,,,,,,,,,,,,,,,,,,,,,,,,,,,,,,,,,,,,,,,,,,,,,,,,,,,,,,,,,,,,,,,,,,,,,,,,,,,,,,,,,No I did not do anything else.,,,,,
,,,,,,,,,,,,,,,,990204,001,2025-04-14_13h46.25.510,SLSIC,2022.2.5,MacIntel,58.82352941,,,,,,,,,,,,,,,,,,,,,,,,,,,,,,,,,,,,,,,,,,,,,,,,,,,,,,,,,,,,,,,,,,,,,,,,,,,,,,,,,,,,,,,,,,,,,,,,,,,,,,,,,,,,,,,,,,,,,,,,,,,,,
,,,,,,,,,,,,,,,,990204,001,2025-04-14_13h46.25.510,SLSIC,2022.2.5,MacIntel,58.82352941,,,,,,,,,,,,,,,,,,,,,,,,,,,,,,,,,,,,,,,,,,,,,,,,,,,,,,,,,,,,,,,,,,,,,,,,,,,,,,,,,,,,,,,,,,,,,,,,,,,,,,,,,,,,,,,,,,,,,,,,,"The first task seemed a bit long, but it was overall good.",,,,
,,,,,,,,,,,,,,,,990204,001,2025-04-14_13h46.25.510,SLSIC,2022.2.5,MacIntel,58.82352941,,,,,,,,,,,,,,,,,,,,,,,,,,,,,,,,,,,,,,,,,,,,,,,,,,,,,,,,,,,,,,,,,,,,,,,,,,,,,,,,,,,,,,,,,,,,,,,,,,,,,,,,,,,,,,,,,,,,,,,,,,,,,
,,,,,,,,,,,,,,,,990204,001,2025-04-14_13h46.25.510,SLSIC,2022.2.5,MacIntel,58.82352941,,,,,,,,,,,,,,,,,,,,,,,,,,,,,,,,,,,,,,,,,,,,,,,,,,,,,,,,,,,,,,,,,,,,,,,,,,,,,,,,,,,,,,,,,,,,,,,,,,,,,,,,,,,,,,,,,,,,,,,,,,"[""Q4option1""]",,,
,,,,,,,,,,,,,,,,990204,001,2025-04-14_13h46.25.510,SLSIC,2022.2.5,MacIntel,58.82352941,,,,,,,,,,,,,,,,,,,,,,,,,,,,,,,,,,,,,,,,,,,,,,,,,,,,,,,,,,,,,,,,,,,,,,,,,,,,,,,,,,,,,,,,,,,,,,,,,,,,,,,,,,,,,,,,,,,,,,,,,,,,,
,,,,,,,,,,,,,,,,990204,001,2025-04-14_13h46.25.510,SLSIC,2022.2.5,MacIntel,58.82352941,,,,,,,,,,,,,,,,,,,,,,,,,,,,,,,,,,,,,,,,,,,,,,,,,,,,,,,,,,,,,,,,,,,,,,,,,,,,,,,,,,,,,,,,,,,,,,,,,,,,,,,,,,,,,,,,,,,,,,,,,,,1,[1627.821],[1627.821]
