bruinID.text,button.numClicks,button.timesOn,button.timesOff,mouseLogIn.x,mouseLogIn.y,mouseLogIn.leftButton,mouseLogIn.midButton,mouseLogIn.rightButton,mouseLogIn.time,mouseLogIn.clicked_name,participant,session,date,expName,psychopyVersion,OS,frameRate,key_resp_6.keys,key_resp_6.rt,key_resp_5.keys,key_resp_5.rt,subjage_slider.response,subjage_slider.rt,confidence_scale.response,confidence_scale.rt,key_resp_7.keys,key_resp_7.rt,button_2.numClicks,button_2.timesOn,button_2.timesOff,email_type,scam_button.numClicks,scam_button.timesOn,scam_button.timesOff,legit_button.numClicks,legit_button.timesOn,legit_button.timesOff,button_selections_1,confidence_scale_email.response,confidence_scale_email.rt,personal_rel_scale.response,personal_rel_scale.rt,curiosity_scale.response,curiosity_scale.rt,email_loop.thisRepN,email_loop.thisTrialN,email_loop.thisN,email_loop.thisIndex,email_loop.ran,emails,type,xsize,ysize,xpos,ypos,key_resp_11.keys,key_resp_11.rt,key_resp_9.keys,key_resp_9.rt,key_resp_10.keys,key_resp_10.rt,textbox.text,next_button.numClicks,next_button.timesOn,next_button.timesOff,key_resp_8.keys,key_resp_8.rt,mouse.x,mouse.y,mouse.leftButton,mouse.midButton,mouse.rightButton,mouse.time,key_resp_12.keys,key_resp_12.rt,button_3.numClicks,button_3.timesOn,button_3.timesOff,mouse_2.x,mouse_2.y,mouse_2.leftButton,mouse_2.midButton,mouse_2.rightButton,mouse_2.time,button_4.numClicks,button_4.timesOn,button_4.timesOff,mouse_3.x,mouse_3.y,mouse_3.leftButton,mouse_3.midButton,mouse_3.rightButton,mouse_3.time,button_5.numClicks,button_5.timesOn,button_5.timesOff,email_loops2.thisRepN,email_loops2.thisTrialN,email_loops2.thisN,email_loops2.thisIndex,email_loops2.ran,key_resp_3.keys,key_resp_3.rt,slider1_2.response,slider1_2.rt,trust_question,loop_GT.thisRepN,loop_GT.thisTrialN,loop_GT.thisN,loop_GT.thisIndex,loop_GT.ran,Phrases,instructionresp_2.keys,instructionresp_2.rt,key_resp_13.keys,key_resp_13.rt,gen_question,loop_G.thisRepN,loop_G.thisTrialN,loop_G.thisN,loop_G.thisIndex,loop_G.ran,Questions,instructionresp.keys,instructionresp.rt,key_resp_2.keys,key_resp_2.rt,lonely_question,loop_LS.thisRepN,loop_LS.thisTrialN,loop_LS.thisN,loop_LS.thisIndex,loop_LS.ran,key_resp_4.keys,key_resp_4.rt,rating.response,rating.rt,dementia_question,loop_dm.thisRepN,loop_dm.thisTrialN,loop_dm.thisN,loop_dm.thisIndex,loop_dm.ran,Items,key_resp.keys,key_resp.rt,slider1.response,slider1.rt,ss_question,loop_SS.thisRepN,loop_SS.thisTrialN,loop_SS.thisN,loop_SS.thisIndex,loop_SS.ran,Statements,slider.response,slider.rt,Gender,textboxAge.text,textboxBirthday.text,Education Level,Ethnicity,English Fluency,textboxAge_2.text,textboxCountry.text,FQ1textbox.text,textboxQuestion2.text,textboxQuestion3.text,FQ4 selection,Finish.numClicks,Finish.timesOn,Finish.timesOff
571bdf806b0894001262df5b,1,[25.49259999999404],[25.492700000002984],-0.041111111,-0.073333333,0,0,1,7.5729,button,,,2025-05-08_18h30.57.959,SLSI3_O,2022.2.5,Win32,60.97560976,,,,,,,,,,,,,,,,,,,,,,,,,,,,,,,,,,,,,,,,,,,,,,,,,,,,,,,,,,,,,,,,,,,,,,,,,,,,,,,,,,,,,,,,,,,,,,,,,,,,,,,,,,,,,,,,,,,,,,,,,,,,,,,,,,,,,,,,,,,,,,,,,,,,,,,,,,,
,,,,,,,,,,,,,2025-05-08_18h30.57.959,SLSI3_O,2022.2.5,Win32,60.97560976,space,53.2842,,,,,,,,,,,,,,,,,,,,,,,,,,,,,,,,,,,,,,,,,,,,,,,,,,,,,,,,,,,,,,,,,,,,,,,,,,,,,,,,,,,,,,,,,,,,,,,,,,,,,,,,,,,,,,,,,,,,,,,,,,,,,,,,,,,,,,,,,,,,,,,,,,,,,,,,,
,,,,,,,,,,,,,2025-05-08_18h30.57.959,SLSI3_O,2022.2.5,Win32,60.97560976,,,space,5.4354,,,,,,,,,,,,,,,,,,,,,,,,,,,,,,,,,,,,,,,,,,,,,,,,,,,,,,,,,,,,,,,,,,,,,,,,,,,,,,,,,,,,,,,,,,,,,,,,,,,,,,,,,,,,,,,,,,,,,,,,,,,,,,,,,,,,,,,,,,,,,,,,,,,,,,,
,,,,,,,,,,,,,2025-05-08_18h30.57.959,SLSI3_O,2022.2.5,Win32,60.97560976,,,,,73.86666667,7.5449,,,,,,,,,,,,,,,,,,,,,,,,,,,,,,,,,,,,,,,,,,,,,,,,,,,,,,,,,,,,,,,,,,,,,,,,,,,,,,,,,,,,,,,,,,,,,,,,,,,,,,,,,,,,,,,,,,,,,,,,,,,,,,,,,,,,,,,,,,,,,,,,,,,,,
,,,,,,,,,,,,,2025-05-08_18h30.57.959,SLSI3_O,2022.2.5,Win32,60.97560976,,,,,,,8.422222222,7.6684,,,,,,,,,,,,,,,,,,,,,,,,,,,,,,,,,,,,,,,,,,,,,,,,,,,,,,,,,,,,,,,,,,,,,,,,,,,,,,,,,,,,,,,,,,,,,,,,,,,,,,,,,,,,,,,,,,,,,,,,,,,,,,,,,,,,,,,,,,,,,,,,,,,
,,,,,,,,,,,,,2025-05-08_18h30.57.959,SLSI3_O,2022.2.5,Win32,60.97560976,,,,,,,,,space,10.4589,,,,,,,,,,,,,,,,,,,,,,,,,,,,,,,,,,,,,,,,,,,,,,,,,,,,,,,,,,,,,,,,,,,,,,,,,,,,,,,,,,,,,,,,,,,,,,,,,,,,,,,,,,,,,,,,,,,,,,,,,,,,,,,,,,,,,,,,,,,,,,,,,
,,,,,,,,,,,,,2025-05-08_18h30.57.959,SLSI3_O,2022.2.5,Win32,60.97560976,,,,,,,,,,,1,[140.944299999997],[140.944299999997],,1,[142.43740000000594],[142.43760000000896],0,[],[],"[""scam_button""]",7,2.3943,0.077777778,3.5293,0.055555556,2.4156,0,0,0,4,1,resources/images/legit_19.png,legit,0.65,0.65,0,0,,,,,,,,,,,,,,,,,,,,,,,,,,,,,,,,,,,,,,,,,,,,,,,,,,,,,,,,,,,,,,,,,,,,,,,,,,,,,,,,,,,,,,,,,,,,,,,,,,,,,,,,,,,,,,,,,,,,,
,,,,,,,,,,,,,2025-05-08_18h30.57.959,SLSI3_O,2022.2.5,Win32,60.97560976,,,,,,,,,,,2,"[140.944299999997,165.69839999999107]","[140.944299999997,165.69850000000002]",,2,"[142.43740000000594,166.875700000003]","[142.43760000000896,166.875799999997]",0,[],[],"[""scam_button""]",8.977777778,2.3691,0.022222222,2.6346,0.022222222,1.1663,0,1,1,15,1,resources/images/legit16.jpg,legit,0.65,0.65,0,0,,,,,,,,,,,,,,,,,,,,,,,,,,,,,,,,,,,,,,,,,,,,,,,,,,,,,,,,,,,,,,,,,,,,,,,,,,,,,,,,,,,,,,,,,,,,,,,,,,,,,,,,,,,,,,,,,,,,,
,,,,,,,,,,,,,2025-05-08_18h30.57.959,SLSI3_O,2022.2.5,Win32,60.97560976,,,,,,,,,,,3,"[140.944299999997,165.69839999999107,206.65050000000002]","[140.944299999997,165.69850000000002,206.65059999999403]",,3,"[142.43740000000594,166.875700000003,207.49529999999703]","[142.43760000000896,166.875799999997,207.49529999999703]",0,[],[],"[""scam_button""]",5.977777778,2.6725,0.011111111,2.6902,0.144444444,3.0557,0,2,2,0,1,resources/images/scam8.jpg,scam,0.65,0.65,0,0,,,,,,,,,,,,,,,,,,,,,,,,,,,,,,,,,,,,,,,,,,,,,,,,,,,,,,,,,,,,,,,,,,,,,,,,,,,,,,,,,,,,,,,,,,,,,,,,,,,,,,,,,,,,,,,,,,,,,
,,,,,,,,,,,,,2025-05-08_18h30.57.959,SLSI3_O,2022.2.5,Win32,60.97560976,,,,,,,,,,,4,"[140.944299999997,165.69839999999107,206.65050000000002,228.70809999999403]","[140.944299999997,165.69850000000002,206.65059999999403,228.70809999999403]",,4,"[142.43740000000594,166.875700000003,207.49529999999703,230.469700000003]","[142.43760000000896,166.875799999997,207.49529999999703,230.46979999999706]",0,[],[],"[""scam_button""]",7.966666667,1.8581,6.922222222,2.4239,4.022222222,2.742,0,3,3,11,1,resources/images/scam16.png,scam,0.65,0.65,0,0,,,,,,,,,,,,,,,,,,,,,,,,,,,,,,,,,,,,,,,,,,,,,,,,,,,,,,,,,,,,,,,,,,,,,,,,,,,,,,,,,,,,,,,,,,,,,,,,,,,,,,,,,,,,,,,,,,,,,
,,,,,,,,,,,,,2025-05-08_18h30.57.959,SLSI3_O,2022.2.5,Win32,60.97560976,,,,,,,,,,,5,"[140.944299999997,165.69839999999107,206.65050000000002,228.70809999999403,253.563]","[140.944299999997,165.69850000000002,206.65059999999403,228.70809999999403,253.563]",,4,"[142.43740000000594,166.875700000003,207.49529999999703,230.469700000003]","[142.43760000000896,166.875799999997,207.49529999999703,230.46979999999706]",1,[254.42200000000003],[254.42210000000892],"[""legit_button""]",8.977777778,2.1531,0.1,4.2236,0.111111111,1.6801,0,4,4,16,1,resources/images/legit_30.png,legit,1,0.85,0,0,,,,,,,,,,,,,,,,,,,,,,,,,,,,,,,,,,,,,,,,,,,,,,,,,,,,,,,,,,,,,,,,,,,,,,,,,,,,,,,,,,,,,,,,,,,,,,,,,,,,,,,,,,,,,,,,,,,,,
,,,,,,,,,,,,,2025-05-08_18h30.57.959,SLSI3_O,2022.2.5,Win32,60.97560976,,,,,,,,,,,6,"[140.944299999997,165.69839999999107,206.65050000000002,228.70809999999403,253.563,282.51259999999405]","[140.944299999997,165.69850000000002,206.65059999999403,228.70809999999403,253.563,282.512799999997]",,5,"[142.43740000000594,166.875700000003,207.49529999999703,230.469700000003,284.139799999997]","[142.43760000000896,166.875799999997,207.49529999999703,230.46979999999706,284.139799999997]",1,[254.42200000000003],[254.42210000000892],"[""scam_button""]",8.055555556,2.1872,0.1,1.4261,0.988888889,2.3081,0,5,5,6,1,resources/images/legit13.jpg,legit,0.65,0.65,0,0,,,,,,,,,,,,,,,,,,,,,,,,,,,,,,,,,,,,,,,,,,,,,,,,,,,,,,,,,,,,,,,,,,,,,,,,,,,,,,,,,,,,,,,,,,,,,,,,,,,,,,,,,,,,,,,,,,,,,
,,,,,,,,,,,,,2025-05-08_18h30.57.959,SLSI3_O,2022.2.5,Win32,60.97560976,,,,,,,,,,,7,"[140.944299999997,165.69839999999107,206.65050000000002,228.70809999999403,253.563,282.51259999999405,309.165200000003]","[140.944299999997,165.69850000000002,206.65059999999403,228.70809999999403,253.563,282.512799999997,309.16529999999705]",,6,"[142.43740000000594,166.875700000003,207.49529999999703,230.469700000003,284.139799999997,310.64340000000595]","[142.43760000000896,166.875799999997,207.49529999999703,230.46979999999706,284.139799999997,310.643700000003]",1,[254.42200000000003],[254.42210000000892],"[""scam_button""]",7.922222222,1.9098,5.977777778,3.3572,0.166666667,2.1909,0,6,6,1,1,resources/images/scam9.jpg,scam,0.65,0.65,0,0,,,,,,,,,,,,,,,,,,,,,,,,,,,,,,,,,,,,,,,,,,,,,,,,,,,,,,,,,,,,,,,,,,,,,,,,,,,,,,,,,,,,,,,,,,,,,,,,,,,,,,,,,,,,,,,,,,,,,
,,,,,,,,,,,,,2025-05-08_18h30.57.959,SLSI3_O,2022.2.5,Win32,60.97560976,,,,,,,,,,,8,"[140.944299999997,165.69839999999107,206.65050000000002,228.70809999999403,253.563,282.51259999999405,309.165200000003,337.49159999999404]","[140.944299999997,165.69850000000002,206.65059999999403,228.70809999999403,253.563,282.512799999997,309.16529999999705,337.491700000003]",,7,"[142.43740000000594,166.875700000003,207.49529999999703,230.469700000003,284.139799999997,310.64340000000595,338.618799999997]","[142.43760000000896,166.875799999997,207.49529999999703,230.46979999999706,284.139799999997,310.643700000003,338.619]",1,[254.42200000000003],[254.42210000000892],"[""scam_button""]",8.933333333,2.1649,5.911111111,2.9723,0.2,3.5047,0,7,7,20,1,resources/images/scam_30.png,scam,1.45,0.6,0,0,,,,,,,,,,,,,,,,,,,,,,,,,,,,,,,,,,,,,,,,,,,,,,,,,,,,,,,,,,,,,,,,,,,,,,,,,,,,,,,,,,,,,,,,,,,,,,,,,,,,,,,,,,,,,,,,,,,,,
,,,,,,,,,,,,,2025-05-08_18h30.57.959,SLSI3_O,2022.2.5,Win32,60.97560976,,,,,,,,,,,9,"[140.944299999997,165.69839999999107,206.65050000000002,228.70809999999403,253.563,282.51259999999405,309.165200000003,337.49159999999404,371.027200000003]","[140.944299999997,165.69850000000002,206.65059999999403,228.70809999999403,253.563,282.512799999997,309.16529999999705,337.491700000003,371.0273999999911]",,7,"[142.43740000000594,166.875700000003,207.49529999999703,230.469700000003,284.139799999997,310.64340000000595,338.618799999997]","[142.43760000000896,166.875799999997,207.49529999999703,230.46979999999706,284.139799999997,310.643700000003,338.619]",2,"[254.42200000000003,372.402700000003]","[254.42210000000892,372.40280000001195]","[""legit_button""]",9.011111111,1.3869,4,3.0005,6.011111111,4.5779,0,8,8,7,1,resources/images/legit_21.png,legit,0.8,0.8,0,0,,,,,,,,,,,,,,,,,,,,,,,,,,,,,,,,,,,,,,,,,,,,,,,,,,,,,,,,,,,,,,,,,,,,,,,,,,,,,,,,,,,,,,,,,,,,,,,,,,,,,,,,,,,,,,,,,,,,,
,,,,,,,,,,,,,2025-05-08_18h30.57.959,SLSI3_O,2022.2.5,Win32,60.97560976,,,,,,,,,,,10,"[140.944299999997,165.69839999999107,206.65050000000002,228.70809999999403,253.563,282.51259999999405,309.165200000003,337.49159999999404,371.027200000003,419.488200000003]","[140.944299999997,165.69850000000002,206.65059999999403,228.70809999999403,253.563,282.512799999997,309.16529999999705,337.491700000003,371.0273999999911,419.48829999999697]",,8,"[142.43740000000594,166.875700000003,207.49529999999703,230.469700000003,284.139799999997,310.64340000000595,338.618799999997,421.248600000009]","[142.43760000000896,166.875799999997,207.49529999999703,230.46979999999706,284.139799999997,310.643700000003,338.619,421.248600000009]",2,"[254.42200000000003,372.402700000003]","[254.42210000000892,372.40280000001195]","[""scam_button""]",6.066666667,2.1199,0.222222222,1.4461,0.255555556,0.5244,0,9,9,2,1,resources/images/legit11.jpg,legit,0.65,0.65,0,0,,,,,,,,,,,,,,,,,,,,,,,,,,,,,,,,,,,,,,,,,,,,,,,,,,,,,,,,,,,,,,,,,,,,,,,,,,,,,,,,,,,,,,,,,,,,,,,,,,,,,,,,,,,,,,,,,,,,,
,,,,,,,,,,,,,2025-05-08_18h30.57.959,SLSI3_O,2022.2.5,Win32,60.97560976,,,,,,,,,,,11,"[140.944299999997,165.69839999999107,206.65050000000002,228.70809999999403,253.563,282.51259999999405,309.165200000003,337.49159999999404,371.027200000003,419.488200000003,460.16529999999705]","[140.944299999997,165.69850000000002,206.65059999999403,228.70809999999403,253.563,282.512799999997,309.16529999999705,337.491700000003,371.0273999999911,419.48829999999697,460.16550000000007]",,8,"[142.43740000000594,166.875700000003,207.49529999999703,230.469700000003,284.139799999997,310.64340000000595,338.618799999997,421.248600000009]","[142.43760000000896,166.875799999997,207.49529999999703,230.46979999999706,284.139799999997,310.643700000003,338.619,421.248600000009]",3,"[254.42200000000003,372.402700000003,461.11650000000003]","[254.42210000000892,372.40280000001195,461.116600000009]","[""legit_button""]",6.933333333,1.221,0.177777778,2.3755,0.177777778,0.6474,0,10,10,17,1,resources/images/legitimate_18.png,legit,1,0.65,0,0,,,,,,,,,,,,,,,,,,,,,,,,,,,,,,,,,,,,,,,,,,,,,,,,,,,,,,,,,,,,,,,,,,,,,,,,,,,,,,,,,,,,,,,,,,,,,,,,,,,,,,,,,,,,,,,,,,,,,
,,,,,,,,,,,,,2025-05-08_18h30.57.959,SLSI3_O,2022.2.5,Win32,60.97560976,,,,,,,,,,,12,"[140.944299999997,165.69839999999107,206.65050000000002,228.70809999999403,253.563,282.51259999999405,309.165200000003,337.49159999999404,371.027200000003,419.488200000003,460.16529999999705,501.77609999999413]","[140.944299999997,165.69850000000002,206.65059999999403,228.70809999999403,253.563,282.512799999997,309.16529999999705,337.491700000003,371.0273999999911,419.48829999999697,460.16550000000007,501.7762000000031]",,8,"[142.43740000000594,166.875700000003,207.49529999999703,230.469700000003,284.139799999997,310.64340000000595,338.618799999997,421.248600000009]","[142.43760000000896,166.875799999997,207.49529999999703,230.46979999999706,284.139799999997,310.643700000003,338.619,421.248600000009]",4,"[254.42200000000003,372.402700000003,461.11650000000003,502.735900000006]","[254.42210000000892,372.40280000001195,461.116600000009,502.735900000006]","[""legit_button""]",5.488888889,2.1437,5.977777778,1.1861,4.988888889,3.9872,0,11,11,19,1,resources/images/scam_21.png,scam,1,0.65,0,0,,,,,,,,,,,,,,,,,,,,,,,,,,,,,,,,,,,,,,,,,,,,,,,,,,,,,,,,,,,,,,,,,,,,,,,,,,,,,,,,,,,,,,,,,,,,,,,,,,,,,,,,,,,,,,,,,,,,,
,,,,,,,,,,,,,2025-05-08_18h30.57.959,SLSI3_O,2022.2.5,Win32,60.97560976,,,,,,,,,,,13,"[140.944299999997,165.69839999999107,206.65050000000002,228.70809999999403,253.563,282.51259999999405,309.165200000003,337.49159999999404,371.027200000003,419.488200000003,460.16529999999705,501.77609999999413,529.1027000000031]","[140.944299999997,165.69850000000002,206.65059999999403,228.70809999999403,253.563,282.512799999997,309.16529999999705,337.491700000003,371.0273999999911,419.48829999999697,460.16550000000007,501.7762000000031,529.1028999999911]",,8,"[142.43740000000594,166.875700000003,207.49529999999703,230.469700000003,284.139799999997,310.64340000000595,338.618799999997,421.248600000009]","[142.43760000000896,166.875799999997,207.49529999999703,230.46979999999706,284.139799999997,310.643700000003,338.619,421.248600000009]",5,"[254.42200000000003,372.402700000003,461.11650000000003,502.735900000006,530.0126000000089]","[254.42210000000892,372.40280000001195,461.116600000009,502.735900000006,530.0126000000089]","[""legit_button""]",8.855555556,1.5649,7.044444444,1.8904,6.1,2.1733,0,12,12,22,1,resources/images/scam_24.png,scam,1,0.8,0,0,,,,,,,,,,,,,,,,,,,,,,,,,,,,,,,,,,,,,,,,,,,,,,,,,,,,,,,,,,,,,,,,,,,,,,,,,,,,,,,,,,,,,,,,,,,,,,,,,,,,,,,,,,,,,,,,,,,,,
,,,,,,,,,,,,,2025-05-08_18h30.57.959,SLSI3_O,2022.2.5,Win32,60.97560976,,,,,,,,,,,14,"[140.944299999997,165.69839999999107,206.65050000000002,228.70809999999403,253.563,282.51259999999405,309.165200000003,337.49159999999404,371.027200000003,419.488200000003,460.16529999999705,501.77609999999413,529.1027000000031,600.8453999999912]","[140.944299999997,165.69850000000002,206.65059999999403,228.70809999999403,253.563,282.512799999997,309.16529999999705,337.491700000003,371.0273999999911,419.48829999999697,460.16550000000007,501.7762000000031,529.1028999999911,600.8453999999912]",,9,"[142.43740000000594,166.875700000003,207.49529999999703,230.469700000003,284.139799999997,310.64340000000595,338.618799999997,421.248600000009,601.8735]","[142.43760000000896,166.875799999997,207.49529999999703,230.46979999999706,284.139799999997,310.643700000003,338.619,421.248600000009,601.8735]",5,"[254.42200000000003,372.402700000003,461.11650000000003,502.735900000006,530.0126000000089]","[254.42210000000892,372.40280000001195,461.116600000009,502.735900000006,530.0126000000089]","[""scam_button""]",7.966666667,1.8926,6.911111111,2.7419,2.988888889,2.3226,0,13,13,9,1,resources/images/legit_22.png,legit,1,0.78,0,0,,,,,,,,,,,,,,,,,,,,,,,,,,,,,,,,,,,,,,,,,,,,,,,,,,,,,,,,,,,,,,,,,,,,,,,,,,,,,,,,,,,,,,,,,,,,,,,,,,,,,,,,,,,,,,,,,,,,,
,,,,,,,,,,,,,2025-05-08_18h30.57.959,SLSI3_O,2022.2.5,Win32,60.97560976,,,,,,,,,,,15,"[140.944299999997,165.69839999999107,206.65050000000002,228.70809999999403,253.563,282.51259999999405,309.165200000003,337.49159999999404,371.027200000003,419.488200000003,460.16529999999705,501.77609999999413,529.1027000000031,600.8453999999912,624.726700000003]","[140.944299999997,165.69850000000002,206.65059999999403,228.70809999999403,253.563,282.512799999997,309.16529999999705,337.491700000003,371.0273999999911,419.48829999999697,460.16550000000007,501.7762000000031,529.1028999999911,600.8453999999912,624.7267999999971]",,10,"[142.43740000000594,166.875700000003,207.49529999999703,230.469700000003,284.139799999997,310.64340000000595,338.618799999997,421.248600000009,601.8735,625.7040000000001]","[142.43760000000896,166.875799999997,207.49529999999703,230.46979999999706,284.139799999997,310.643700000003,338.619,421.248600000009,601.8735,625.7041000000089]",5,"[254.42200000000003,372.402700000003,461.11650000000003,502.735900000006,530.0126000000089]","[254.42210000000892,372.40280000001195,461.116600000009,502.735900000006,530.0126000000089]","[""scam_button""]",7.911111111,1.2151,3.977777778,2.4058,0.111111111,1.9918,0,14,14,10,1,resources/images/scam15.jpg,scam,0.65,0.65,0,0,,,,,,,,,,,,,,,,,,,,,,,,,,,,,,,,,,,,,,,,,,,,,,,,,,,,,,,,,,,,,,,,,,,,,,,,,,,,,,,,,,,,,,,,,,,,,,,,,,,,,,,,,,,,,,,,,,,,,
,,,,,,,,,,,,,2025-05-08_18h30.57.959,SLSI3_O,2022.2.5,Win32,60.97560976,,,,,,,,,,,16,"[140.944299999997,165.69839999999107,206.65050000000002,228.70809999999403,253.563,282.51259999999405,309.165200000003,337.49159999999404,371.027200000003,419.488200000003,460.16529999999705,501.77609999999413,529.1027000000031,600.8453999999912,624.726700000003,643.8783999999911]","[140.944299999997,165.69850000000002,206.65059999999403,228.70809999999403,253.563,282.512799999997,309.16529999999705,337.491700000003,371.0273999999911,419.48829999999697,460.16550000000007,501.7762000000031,529.1028999999911,600.8453999999912,624.7267999999971,643.8783999999911]",,11,"[142.43740000000594,166.875700000003,207.49529999999703,230.469700000003,284.139799999997,310.64340000000595,338.618799999997,421.248600000009,601.8735,625.7040000000001,645.505900000006]","[142.43760000000896,166.875799999997,207.49529999999703,230.46979999999706,284.139799999997,310.643700000003,338.619,421.248600000009,601.8735,625.7041000000089,645.505900000006]",5,"[254.42200000000003,372.402700000003,461.11650000000003,502.735900000006,530.0126000000089]","[254.42210000000892,372.40280000001195,461.116600000009,502.735900000006,530.0126000000089]","[""scam_button""]",9.111111111,1.8562,4.033333333,5.2354,0.288888889,2.1062,0,15,15,21,1,resources/images/scam_23.png,scam,1,0.8,0,0,,,,,,,,,,,,,,,,,,,,,,,,,,,,,,,,,,,,,,,,,,,,,,,,,,,,,,,,,,,,,,,,,,,,,,,,,,,,,,,,,,,,,,,,,,,,,,,,,,,,,,,,,,,,,,,,,,,,,
,,,,,,,,,,,,,2025-05-08_18h30.57.959,SLSI3_O,2022.2.5,Win32,60.97560976,,,,,,,,,,,17,"[140.944299999997,165.69839999999107,206.65050000000002,228.70809999999403,253.563,282.51259999999405,309.165200000003,337.49159999999404,371.027200000003,419.488200000003,460.16529999999705,501.77609999999413,529.1027000000031,600.8453999999912,624.726700000003,643.8783999999911,674.8183999999911]","[140.944299999997,165.69850000000002,206.65059999999403,228.70809999999403,253.563,282.512799999997,309.16529999999705,337.491700000003,371.0273999999911,419.48829999999697,460.16550000000007,501.7762000000031,529.1028999999911,600.8453999999912,624.7267999999971,643.8783999999911,674.8185000000001]",,12,"[142.43740000000594,166.875700000003,207.49529999999703,230.469700000003,284.139799999997,310.64340000000595,338.618799999997,421.248600000009,601.8735,625.7040000000001,645.505900000006,676.012900000006]","[142.43760000000896,166.875799999997,207.49529999999703,230.46979999999706,284.139799999997,310.643700000003,338.619,421.248600000009,601.8735,625.7041000000089,645.505900000006,676.013]",5,"[254.42200000000003,372.402700000003,461.11650000000003,502.735900000006,530.0126000000089]","[254.42210000000892,372.40280000001195,461.116600000009,502.735900000006,530.0126000000089]","[""scam_button""]",6.955555556,1.4503,4.155555556,2.66,1.955555556,1.9179,0,16,16,14,1,resources/images/scam18.png,scam,1,0.65,0,0,,,,,,,,,,,,,,,,,,,,,,,,,,,,,,,,,,,,,,,,,,,,,,,,,,,,,,,,,,,,,,,,,,,,,,,,,,,,,,,,,,,,,,,,,,,,,,,,,,,,,,,,,,,,,,,,,,,,,
,,,,,,,,,,,,,2025-05-08_18h30.57.959,SLSI3_O,2022.2.5,Win32,60.97560976,,,,,,,,,,,18,"[140.944299999997,165.69839999999107,206.65050000000002,228.70809999999403,253.563,282.51259999999405,309.165200000003,337.49159999999404,371.027200000003,419.488200000003,460.16529999999705,501.77609999999413,529.1027000000031,600.8453999999912,624.726700000003,643.8783999999911,674.8183999999911,706.2397999999971]","[140.944299999997,165.69850000000002,206.65059999999403,228.70809999999403,253.563,282.512799999997,309.16529999999705,337.491700000003,371.0273999999911,419.48829999999697,460.16550000000007,501.7762000000031,529.1028999999911,600.8453999999912,624.7267999999971,643.8783999999911,674.8185000000001,706.2398999999912]",,12,"[142.43740000000594,166.875700000003,207.49529999999703,230.469700000003,284.139799999997,310.64340000000595,338.618799999997,421.248600000009,601.8735,625.7040000000001,645.505900000006,676.012900000006]","[142.43760000000896,166.875799999997,207.49529999999703,230.46979999999706,284.139799999997,310.643700000003,338.619,421.248600000009,601.8735,625.7041000000089,645.505900000006,676.013]",6,"[254.42200000000003,372.402700000003,461.11650000000003,502.735900000006,530.0126000000089,707.5820000000001]","[254.42210000000892,372.40280000001195,461.116600000009,502.735900000006,530.0126000000089,707.5820000000001]","[""legit_button""]",7.033333333,2.5897,4.111111111,2.6933,1.177777778,1.6866,0,17,17,3,1,resources/images/legit_20.png,legit,0.9,0.8,0,0,,,,,,,,,,,,,,,,,,,,,,,,,,,,,,,,,,,,,,,,,,,,,,,,,,,,,,,,,,,,,,,,,,,,,,,,,,,,,,,,,,,,,,,,,,,,,,,,,,,,,,,,,,,,,,,,,,,,,
,,,,,,,,,,,,,2025-05-08_18h30.57.959,SLSI3_O,2022.2.5,Win32,60.97560976,,,,,,,,,,,19,"[140.944299999997,165.69839999999107,206.65050000000002,228.70809999999403,253.563,282.51259999999405,309.165200000003,337.49159999999404,371.027200000003,419.488200000003,460.16529999999705,501.77609999999413,529.1027000000031,600.8453999999912,624.726700000003,643.8783999999911,674.8183999999911,706.2397999999971,748.5837000000031]","[140.944299999997,165.69850000000002,206.65059999999403,228.70809999999403,253.563,282.512799999997,309.16529999999705,337.491700000003,371.0273999999911,419.48829999999697,460.16550000000007,501.7762000000031,529.1028999999911,600.8453999999912,624.7267999999971,643.8783999999911,674.8185000000001,706.2398999999912,748.583799999997]",,12,"[142.43740000000594,166.875700000003,207.49529999999703,230.469700000003,284.139799999997,310.64340000000595,338.618799999997,421.248600000009,601.8735,625.7040000000001,645.505900000006,676.012900000006]","[142.43760000000896,166.875799999997,207.49529999999703,230.46979999999706,284.139799999997,310.643700000003,338.619,421.248600000009,601.8735,625.7041000000089,645.505900000006,676.013]",7,"[254.42200000000003,372.402700000003,461.11650000000003,502.735900000006,530.0126000000089,707.5820000000001,750.607]","[254.42210000000892,372.40280000001195,461.116600000009,502.735900000006,530.0126000000089,707.5820000000001,750.607]","[""legit_button""]",7,2.7977,6.022222222,1.6068,2.044444444,1.5728,0,18,18,23,1,resources/images/scam_22.png,scam,1,0.65,0,0,,,,,,,,,,,,,,,,,,,,,,,,,,,,,,,,,,,,,,,,,,,,,,,,,,,,,,,,,,,,,,,,,,,,,,,,,,,,,,,,,,,,,,,,,,,,,,,,,,,,,,,,,,,,,,,,,,,,,
,,,,,,,,,,,,,2025-05-08_18h30.57.959,SLSI3_O,2022.2.5,Win32,60.97560976,,,,,,,,,,,20,"[140.944299999997,165.69839999999107,206.65050000000002,228.70809999999403,253.563,282.51259999999405,309.165200000003,337.49159999999404,371.027200000003,419.488200000003,460.16529999999705,501.77609999999413,529.1027000000031,600.8453999999912,624.726700000003,643.8783999999911,674.8183999999911,706.2397999999971,748.5837000000031,763.1912999999971]","[140.944299999997,165.69850000000002,206.65059999999403,228.70809999999403,253.563,282.512799999997,309.16529999999705,337.491700000003,371.0273999999911,419.48829999999697,460.16550000000007,501.7762000000031,529.1028999999911,600.8453999999912,624.7267999999971,643.8783999999911,674.8185000000001,706.2398999999912,748.583799999997,763.1913999999911]",,13,"[142.43740000000594,166.875700000003,207.49529999999703,230.469700000003,284.139799999997,310.64340000000595,338.618799999997,421.248600000009,601.8735,625.7040000000001,645.505900000006,676.012900000006,764.485]","[142.43760000000896,166.875799999997,207.49529999999703,230.46979999999706,284.139799999997,310.643700000003,338.619,421.248600000009,601.8735,625.7041000000089,645.505900000006,676.013,764.485100000009]",7,"[254.42200000000003,372.402700000003,461.11650000000003,502.735900000006,530.0126000000089,707.5820000000001,750.607]","[254.42210000000892,372.40280000001195,461.116600000009,502.735900000006,530.0126000000089,707.5820000000001,750.607]","[""scam_button""]",9,1.3044,5.977777778,4.5061,0.966666667,1.2928,0,19,19,18,1,resources/images/scam_20.png,scam,1.45,0.6,0,0,,,,,,,,,,,,,,,,,,,,,,,,,,,,,,,,,,,,,,,,,,,,,,,,,,,,,,,,,,,,,,,,,,,,,,,,,,,,,,,,,,,,,,,,,,,,,,,,,,,,,,,,,,,,,,,,,,,,,
,,,,,,,,,,,,,2025-05-08_18h30.57.959,SLSI3_O,2022.2.5,Win32,60.97560976,,,,,,,,,,,21,"[140.944299999997,165.69839999999107,206.65050000000002,228.70809999999403,253.563,282.51259999999405,309.165200000003,337.49159999999404,371.027200000003,419.488200000003,460.16529999999705,501.77609999999413,529.1027000000031,600.8453999999912,624.726700000003,643.8783999999911,674.8183999999911,706.2397999999971,748.5837000000031,763.1912999999971,783.9998999999912]","[140.944299999997,165.69850000000002,206.65059999999403,228.70809999999403,253.563,282.512799999997,309.16529999999705,337.491700000003,371.0273999999911,419.48829999999697,460.16550000000007,501.7762000000031,529.1028999999911,600.8453999999912,624.7267999999971,643.8783999999911,674.8185000000001,706.2398999999912,748.583799999997,763.1913999999911,784.0000000000001]",,14,"[142.43740000000594,166.875700000003,207.49529999999703,230.469700000003,284.139799999997,310.64340000000595,338.618799999997,421.248600000009,601.8735,625.7040000000001,645.505900000006,676.012900000006,764.485,785.810900000006]","[142.43760000000896,166.875799999997,207.49529999999703,230.46979999999706,284.139799999997,310.643700000003,338.619,421.248600000009,601.8735,625.7041000000089,645.505900000006,676.013,764.485100000009,785.811]",7,"[254.42200000000003,372.402700000003,461.11650000000003,502.735900000006,530.0126000000089,707.5820000000001,750.607]","[254.42210000000892,372.40280000001195,461.116600000009,502.735900000006,530.0126000000089,707.5820000000001,750.607]","[""scam_button""]",8.777777778,1.3539,6.877777778,1.6151,1.133333333,1.3596,0,20,20,13,1,resources/images/legit15.jpg,legit,0.95,0.65,0,0,,,,,,,,,,,,,,,,,,,,,,,,,,,,,,,,,,,,,,,,,,,,,,,,,,,,,,,,,,,,,,,,,,,,,,,,,,,,,,,,,,,,,,,,,,,,,,,,,,,,,,,,,,,,,,,,,,,,,
,,,,,,,,,,,,,2025-05-08_18h30.57.959,SLSI3_O,2022.2.5,Win32,60.97560976,,,,,,,,,,,22,"[140.944299999997,165.69839999999107,206.65050000000002,228.70809999999403,253.563,282.51259999999405,309.165200000003,337.49159999999404,371.027200000003,419.488200000003,460.16529999999705,501.77609999999413,529.1027000000031,600.8453999999912,624.726700000003,643.8783999999911,674.8183999999911,706.2397999999971,748.5837000000031,763.1912999999971,783.9998999999912,813.3660000000001]","[140.944299999997,165.69850000000002,206.65059999999403,228.70809999999403,253.563,282.512799999997,309.16529999999705,337.491700000003,371.0273999999911,419.48829999999697,460.16550000000007,501.7762000000031,529.1028999999911,600.8453999999912,624.7267999999971,643.8783999999911,674.8185000000001,706.2398999999912,748.583799999997,763.1913999999911,784.0000000000001,813.366099999994]",,15,"[142.43740000000594,166.875700000003,207.49529999999703,230.469700000003,284.139799999997,310.64340000000595,338.618799999997,421.248600000009,601.8735,625.7040000000001,645.505900000006,676.012900000006,764.485,785.810900000006,814.8605]","[142.43760000000896,166.875799999997,207.49529999999703,230.46979999999706,284.139799999997,310.643700000003,338.619,421.248600000009,601.8735,625.7041000000089,645.505900000006,676.013,764.485100000009,785.811,814.8605]",7,"[254.42200000000003,372.402700000003,461.11650000000003,502.735900000006,530.0126000000089,707.5820000000001,750.607]","[254.42210000000892,372.40280000001195,461.116600000009,502.735900000006,530.0126000000089,707.5820000000001,750.607]","[""scam_button""]",9.055555556,1.4208,1.2,2.4947,0.988888889,0.8235,0,21,21,12,1,resources/images/scam17.png,scam,0.8,0.65,0,0,,,,,,,,,,,,,,,,,,,,,,,,,,,,,,,,,,,,,,,,,,,,,,,,,,,,,,,,,,,,,,,,,,,,,,,,,,,,,,,,,,,,,,,,,,,,,,,,,,,,,,,,,,,,,,,,,,,,,
,,,,,,,,,,,,,2025-05-08_18h30.57.959,SLSI3_O,2022.2.5,Win32,60.97560976,,,,,,,,,,,23,"[140.944299999997,165.69839999999107,206.65050000000002,228.70809999999403,253.563,282.51259999999405,309.165200000003,337.49159999999404,371.027200000003,419.488200000003,460.16529999999705,501.77609999999413,529.1027000000031,600.8453999999912,624.726700000003,643.8783999999911,674.8183999999911,706.2397999999971,748.5837000000031,763.1912999999971,783.9998999999912,813.3660000000001,835.116099999994]","[140.944299999997,165.69850000000002,206.65059999999403,228.70809999999403,253.563,282.512799999997,309.16529999999705,337.491700000003,371.0273999999911,419.48829999999697,460.16550000000007,501.7762000000031,529.1028999999911,600.8453999999912,624.7267999999971,643.8783999999911,674.8185000000001,706.2398999999912,748.583799999997,763.1913999999911,784.0000000000001,813.366099999994,835.116200000003]",,15,"[142.43740000000594,166.875700000003,207.49529999999703,230.469700000003,284.139799999997,310.64340000000595,338.618799999997,421.248600000009,601.8735,625.7040000000001,645.505900000006,676.012900000006,764.485,785.810900000006,814.8605]","[142.43760000000896,166.875799999997,207.49529999999703,230.46979999999706,284.139799999997,310.643700000003,338.619,421.248600000009,601.8735,625.7041000000089,645.505900000006,676.013,764.485100000009,785.811,814.8605]",8,"[254.42200000000003,372.402700000003,461.11650000000003,502.735900000006,530.0126000000089,707.5820000000001,750.607,836.241400000006]","[254.42210000000892,372.40280000001195,461.116600000009,502.735900000006,530.0126000000089,707.5820000000001,750.607,836.2416000000089]","[""legit_button""]",7.988888889,1.3832,6.033333333,2.0736,0.988888889,3.738,0,22,22,8,1,resources/images/legit_23.png,legit,1,0.65,0,0,,,,,,,,,,,,,,,,,,,,,,,,,,,,,,,,,,,,,,,,,,,,,,,,,,,,,,,,,,,,,,,,,,,,,,,,,,,,,,,,,,,,,,,,,,,,,,,,,,,,,,,,,,,,,,,,,,,,,
,,,,,,,,,,,,,2025-05-08_18h30.57.959,SLSI3_O,2022.2.5,Win32,60.97560976,,,,,,,,,,,24,"[140.944299999997,165.69839999999107,206.65050000000002,228.70809999999403,253.563,282.51259999999405,309.165200000003,337.49159999999404,371.027200000003,419.488200000003,460.16529999999705,501.77609999999413,529.1027000000031,600.8453999999912,624.726700000003,643.8783999999911,674.8183999999911,706.2397999999971,748.5837000000031,763.1912999999971,783.9998999999912,813.3660000000001,835.116099999994,853.1702000000031]","[140.944299999997,165.69850000000002,206.65059999999403,228.70809999999403,253.563,282.512799999997,309.16529999999705,337.491700000003,371.0273999999911,419.48829999999697,460.16550000000007,501.7762000000031,529.1028999999911,600.8453999999912,624.7267999999971,643.8783999999911,674.8185000000001,706.2398999999912,748.583799999997,763.1913999999911,784.0000000000001,813.366099999994,835.116200000003,853.170299999997]",,16,"[142.43740000000594,166.875700000003,207.49529999999703,230.469700000003,284.139799999997,310.64340000000595,338.618799999997,421.248600000009,601.8735,625.7040000000001,645.505900000006,676.012900000006,764.485,785.810900000006,814.8605,854.415]","[142.43760000000896,166.875799999997,207.49529999999703,230.46979999999706,284.139799999997,310.643700000003,338.619,421.248600000009,601.8735,625.7041000000089,645.505900000006,676.013,764.485100000009,785.811,814.8605,854.4151000000089]",8,"[254.42200000000003,372.402700000003,461.11650000000003,502.735900000006,530.0126000000089,707.5820000000001,750.607,836.241400000006]","[254.42210000000892,372.40280000001195,461.116600000009,502.735900000006,530.0126000000089,707.5820000000001,750.607,836.2416000000089]","[""scam_button""]",9.011111111,1.344,0.877777778,1.2172,0.922222222,0.8282,0,23,23,5,1,resources/images/legit12.jpg,legit,1,0.65,0,0,,,,,,,,,,,,,,,,,,,,,,,,,,,,,,,,,,,,,,,,,,,,,,,,,,,,,,,,,,,,,,,,,,,,,,,,,,,,,,,,,,,,,,,,,,,,,,,,,,,,,,,,,,,,,,,,,,,,,
,,,,,,,,,,,,,2025-05-08_18h30.57.959,SLSI3_O,2022.2.5,Win32,60.97560976,,,,,,,,,,,,,,,,,,,,,,,,,,,,,,,,,,,,,,,space,7.2051,,,,,,,,,,,,,,,,,,,,,,,,,,,,,,,,,,,,,,,,,,,,,,,,,,,,,,,,,,,,,,,,,,,,,,,,,,,,,,,,,,,,,,,,,,,,,,,,,,,,,,,,,,,,,,,,,,,
,,,,,,,,,,,,,2025-05-08_18h30.57.959,SLSI3_O,2022.2.5,Win32,60.97560976,,,,,,,,,,,,,,,,,,,,,,,,,,,,,,,,,,,,,,,,,space,13.5439,,,,,,,,,,,,,,,,,,,,,,,,,,,,,,,,,,,,,,,,,,,,,,,,,,,,,,,,,,,,,,,,,,,,,,,,,,,,,,,,,,,,,,,,,,,,,,,,,,,,,,,,,,,,,,,,,
,,,,,,,,,,,,,2025-05-08_18h30.57.959,SLSI3_O,2022.2.5,Win32,60.97560976,,,,,,,,,,,,,,,,,,,,,,,,,,,,,,,,,,,,,,,,,,,space,12.2918,,,,,,,,,,,,,,,,,,,,,,,,,,,,,,,,,,,,,,,,,,,,,,,,,,,,,,,,,,,,,,,,,,,,,,,,,,,,,,,,,,,,,,,,,,,,,,,,,,,,,,,,,,,,,,,
,,,,,,,,,,,,,2025-05-08_18h30.57.959,SLSI3_O,2022.2.5,Win32,60.97560976,,,,,,,,,,,,,,,,,,,,,,,,,,,,,,,,,,,,,,,,,,,,,seeking verification email address doesn't match domainmisspelli,1,[942.8352999999971],[942.8353999999912],,,,,,,,,,,,,,,,,,,,,,,,,,,,,,,,,,,,,,,,,,,,,,,,,,,,,,,,,,,,,,,,,,,,,,,,,,,,,,,,,,,,,,,,,,,,,,,,,,,,,,,,,,,
,,,,,,,,,,,,,2025-05-08_18h30.57.959,SLSI3_O,2022.2.5,Win32,60.97560976,,,,,,,,,,,,,,,,,,,,,,,,,,,,,,,,,,,,,,,,,,,,,,,,,space,13.0578,,,,,,,,,,,,,,,,,,,,,,,,,,,,,,,,,,,,,,,,,,,,,,,,,,,,,,,,,,,,,,,,,,,,,,,,,,,,,,,,,,,,,,,,,,,,,,,,,,,,,,,,,
,,,,,,,,,,,,,2025-05-08_18h30.57.959,SLSI3_O,2022.2.5,Win32,60.97560976,,,,,,,,,,,,,,,,,,,,,,,,,,,,,,,,,,,,,,,,,,,,,,,,,,,"[-0.4011111111111111,-0.3433333333333333]","[-0.013333333333333334,-0.17555555555555555]","[1,1]","[0,0]","[0,0]","[5.557499999999891,17.393499999999904]",,,,,,,,,,,,,,,,,,,,,,,,,,,,,,,,,,,,,,,,,,,,,,,,,,,,,,,,,,,,,,,,,,,,,,,,,,,,,,,,,,,,,,,,,,,,,,,,,,,
,,,,,,,,,,,,,2025-05-08_18h30.57.959,SLSI3_O,2022.2.5,Win32,60.97560976,,,,,,,,,,,,,,,,,,,,,,,,,,,,,,,,,,,,,,,,,,,,,,,,,,,,,,,,,space,6.6369,,,,,,,,,,,,,,,,,,,,,,,,,,,,,,,,,,,,,,,,,,,,,,,,,,,,,,,,,,,,,,,,,,,,,,,,,,,,,,,,,,,,,,,,,,,,,,,,,
,,,,,,,,,,,,,2025-05-08_18h30.57.959,SLSI3_O,2022.2.5,Win32,60.97560976,,,,,,,,,,,,,,,,,,,,,,,,,,,,,,,,,,,,,,,,,,,,,,,,,,,,,,,,,,,1,[1003.9628999999911],[1003.963],,,,,,,,,,,,,,,,,,,,,,,,,,,,,,,,,,,,,,,,,,,,,,,,,,,,,,,,,,,,,,,,,,,,,,,,,,,,,,,,,,,,,,,,,,,,,,
,,,,,,,,,,,,,2025-05-08_18h30.57.959,SLSI3_O,2022.2.5,Win32,60.97560976,,,,,,,,,,,,,,,,,,,,,,,,,,,,,,,,,,,,,,,,,,,,,,,,,,,,,,,,,,,,,,"[-0.5266666666666666,-0.5288888888888889,0.07,-0.43222222222222223]","[0.3288888888888889,0.32555555555555554,-0.04111111111111111,0.44555555555555554]","[1,1,1,1]","[0,0,0,0]","[0,0,0,0]","[9.901200000002973,10.58320000000299,13.888900000005833,15.70320000000288]",,,,,,,,,,,,,,,,,,,,,,,,,,,,,,,,,,,,,,,,,,,,,,,,,,,,,,,,,,,,,,,,,,,,,,,,,,,,,,,,,,,,,,,,
,,,,,,,,,,,,,2025-05-08_18h30.57.959,SLSI3_O,2022.2.5,Win32,60.97560976,,,,,,,,,,,,,,,,,,,,,,,,,,,,,,,,,,,,,,,,,,,,,,,,,,,,,,,,,space,5.1508,,,,,,,,,,,,,,,,,,,,,,,,,,,,,,,,,,,,,,,,,,,,,,,,,,,,,,,,,,,,,,,,,,,,,,,,,,,,,,,,,,,,,,,,,,,,,,,,,
,,,,,,,,,,,,,2025-05-08_18h30.57.959,SLSI3_O,2022.2.5,Win32,60.97560976,,,,,,,,,,,,,,,,,,,,,,,,,,,,,,,,,,,,,,,,,,,,,,,,,,,,,,,,,,,,,,,,,,,,1,[1036.938],[1036.9380999999942],,,,,,,,,,,,,,,,,,,,,,,,,,,,,,,,,,,,,,,,,,,,,,,,,,,,,,,,,,,,,,,,,,,,,,,,,,,,,,,,,,,,,
,,,,,,,,,,,,,2025-05-08_18h30.57.959,SLSI3_O,2022.2.5,Win32,60.97560976,,,,,,,,,,,,,,,,,,,,,,,,,,,,,,,,,,,,,,,,,,,,,,,,,,,,,,,,,,,,,,,,,,,,,,,"[-0.3333333333333333,-0.06888888888888889,-0.2477777777777778]","[0.09666666666666666,0.17888888888888888,-0.18333333333333332]","[1,1,1]","[0,0,0]","[0,0,0]","[13.472200000002886,16.301799999997,19.11550000000011]",,,,,,,,,,,,,,,,,,,,,,,,,,,,,,,,,,,,,,,,,,,,,,,,,,,,,,,,,,,,,,,,,,,,,,,,,,,,,,,
,,,,,,,,,,,,,2025-05-08_18h30.57.959,SLSI3_O,2022.2.5,Win32,60.97560976,,,,,,,,,,,,,,,,,,,,,,,,,,,,,,,,,,,,,,,,,,,,,,,,,,,,,,,,,space,4.0005,,,,,,,,,,,,,,,,,,,,,,,,,,,,,,,,,,,,,,,,,,,,,,,,,,,,,,,,,,,,,,,,,,,,,,,,,,,,,,,,,,,,,,,,,,,,,,,,,
,,,,,,,,,,,,,2025-05-08_18h30.57.959,SLSI3_O,2022.2.5,Win32,60.97560976,,,,,,,,,,,,,,,,,,,,,,,,,,,,,,,,,,,,,,,,,,,,,,,,,,,,,,,,,,,,,,,,,,,,,,,,,,,,,1,[1070.3852999999972],[1070.385400000006],,,,,,,,,,,,,,,,,,,,,,,,,,,,,,,,,,,,,,,,,,,,,,,,,,,,,,,,,,,,,,,,,,,,,,,,,,,,
,,,,,,,,,,,,,2025-05-08_18h30.57.959,SLSI3_O,2022.2.5,Win32,60.97560976,,,,,,,,,space,9.2098,,,,,,,,,,,,,,,,,,,,,,,,,,,,,,,,,,,,,,,,,,,,,,,,,,,,,,,,,,,,,,,,,,,,,,,,,,,,,,,,,,,,,,,,,,,,,,,,,,,,,,,,,,,,,,,,,,,,,,,,,,,,,,,,,,,,,,,,,,,,,,,,,
,,,,,,,,,,,,,2025-05-08_18h30.57.959,SLSI3_O,2022.2.5,Win32,60.97560976,,,,,,,,,,,25,"[140.944299999997,165.69839999999107,206.65050000000002,228.70809999999403,253.563,282.51259999999405,309.165200000003,337.49159999999404,371.027200000003,419.488200000003,460.16529999999705,501.77609999999413,529.1027000000031,600.8453999999912,624.726700000003,643.8783999999911,674.8183999999911,706.2397999999971,748.5837000000031,763.1912999999971,783.9998999999912,813.3660000000001,835.116099999994,853.1702000000031,1094.374700000003]","[140.944299999997,165.69850000000002,206.65059999999403,228.70809999999403,253.563,282.512799999997,309.16529999999705,337.491700000003,371.0273999999911,419.48829999999697,460.16550000000007,501.7762000000031,529.1028999999911,600.8453999999912,624.7267999999971,643.8783999999911,674.8185000000001,706.2398999999912,748.583799999997,763.1913999999911,784.0000000000001,813.366099999994,835.116200000003,853.170299999997,1094.374799999997]",,17,"[142.43740000000594,166.875700000003,207.49529999999703,230.469700000003,284.139799999997,310.64340000000595,338.618799999997,421.248600000009,601.8735,625.7040000000001,645.505900000006,676.012900000006,764.485,785.810900000006,814.8605,854.415,1095.4529000000061]","[142.43760000000896,166.875799999997,207.49529999999703,230.46979999999706,284.139799999997,310.643700000003,338.619,421.248600000009,601.8735,625.7041000000089,645.505900000006,676.013,764.485100000009,785.811,814.8605,854.4151000000089,1095.4530000000002]",8,"[254.42200000000003,372.402700000003,461.11650000000003,502.735900000006,530.0126000000089,707.5820000000001,750.607,836.241400000006]","[254.42210000000892,372.40280000001195,461.116600000009,502.735900000006,530.0126000000089,707.5820000000001,750.607,836.2416000000089]","[""scam_button""]",8.977777778,2.1872,6.933333333,2.4118,0.9,1.8263,,,,,,resources/images/scam_11.png,scam,1,0.65,0,0,,,,,,,,,,,,,,,,,,,,,,,,,,,,,,,,,,,,,,,,,,0,0,0,19,1,,,,,,,,,,,,,,,,,,,,,,,,,,,,,,,,,,,,,,,,,,,,,,,,,,,,,,,,,,,,,,,,,,,,,,,
,,,,,,,,,,,,,2025-05-08_18h30.57.959,SLSI3_O,2022.2.5,Win32,60.97560976,,,,,,,,,,,26,"[140.944299999997,165.69839999999107,206.65050000000002,228.70809999999403,253.563,282.51259999999405,309.165200000003,337.49159999999404,371.027200000003,419.488200000003,460.16529999999705,501.77609999999413,529.1027000000031,600.8453999999912,624.726700000003,643.8783999999911,674.8183999999911,706.2397999999971,748.5837000000031,763.1912999999971,783.9998999999912,813.3660000000001,835.116099999994,853.1702000000031,1094.374700000003,1111.0557999999971]","[140.944299999997,165.69850000000002,206.65059999999403,228.70809999999403,253.563,282.512799999997,309.16529999999705,337.491700000003,371.0273999999911,419.48829999999697,460.16550000000007,501.7762000000031,529.1028999999911,600.8453999999912,624.7267999999971,643.8783999999911,674.8185000000001,706.2398999999912,748.583799999997,763.1913999999911,784.0000000000001,813.366099999994,835.116200000003,853.170299999997,1094.374799999997,1111.056]",,18,"[142.43740000000594,166.875700000003,207.49529999999703,230.469700000003,284.139799999997,310.64340000000595,338.618799999997,421.248600000009,601.8735,625.7040000000001,645.505900000006,676.012900000006,764.485,785.810900000006,814.8605,854.415,1095.4529000000061,1112.0505]","[142.43760000000896,166.875799999997,207.49529999999703,230.46979999999706,284.139799999997,310.643700000003,338.619,421.248600000009,601.8735,625.7041000000089,645.505900000006,676.013,764.485100000009,785.811,814.8605,854.4151000000089,1095.4530000000002,1112.0506000000091]",8,"[254.42200000000003,372.402700000003,461.11650000000003,502.735900000006,530.0126000000089,707.5820000000001,750.607,836.241400000006]","[254.42210000000892,372.40280000001195,461.116600000009,502.735900000006,530.0126000000089,707.5820000000001,750.607,836.2416000000089]","[""scam_button""]",9.088888889,1.4872,5.877777778,8.1186,0.833333333,1.3789,,,,,,resources/images/legit17-EDIT.png,legit,0.65,0.65,0,0,,,,,,,,,,,,,,,,,,,,,,,,,,,,,,,,,,,,,,,,,,0,1,1,22,1,,,,,,,,,,,,,,,,,,,,,,,,,,,,,,,,,,,,,,,,,,,,,,,,,,,,,,,,,,,,,,,,,,,,,,,
,,,,,,,,,,,,,2025-05-08_18h30.57.959,SLSI3_O,2022.2.5,Win32,60.97560976,,,,,,,,,,,27,"[140.944299999997,165.69839999999107,206.65050000000002,228.70809999999403,253.563,282.51259999999405,309.165200000003,337.49159999999404,371.027200000003,419.488200000003,460.16529999999705,501.77609999999413,529.1027000000031,600.8453999999912,624.726700000003,643.8783999999911,674.8183999999911,706.2397999999971,748.5837000000031,763.1912999999971,783.9998999999912,813.3660000000001,835.116099999994,853.1702000000031,1094.374700000003,1111.0557999999971,1130.9170999999942]","[140.944299999997,165.69850000000002,206.65059999999403,228.70809999999403,253.563,282.512799999997,309.16529999999705,337.491700000003,371.0273999999911,419.48829999999697,460.16550000000007,501.7762000000031,529.1028999999911,600.8453999999912,624.7267999999971,643.8783999999911,674.8185000000001,706.2398999999912,748.583799999997,763.1913999999911,784.0000000000001,813.366099999994,835.116200000003,853.170299999997,1094.374799999997,1111.056,1130.9170999999942]",,19,"[142.43740000000594,166.875700000003,207.49529999999703,230.469700000003,284.139799999997,310.64340000000595,338.618799999997,421.248600000009,601.8735,625.7040000000001,645.505900000006,676.012900000006,764.485,785.810900000006,814.8605,854.415,1095.4529000000061,1112.0505,1132.027400000006]","[142.43760000000896,166.875799999997,207.49529999999703,230.46979999999706,284.139799999997,310.643700000003,338.619,421.248600000009,601.8735,625.7041000000089,645.505900000006,676.013,764.485100000009,785.811,814.8605,854.4151000000089,1095.4530000000002,1112.0506000000091,1132.0275000000001]",8,"[254.42200000000003,372.402700000003,461.11650000000003,502.735900000006,530.0126000000089,707.5820000000001,750.607,836.241400000006]","[254.42210000000892,372.40280000001195,461.116600000009,502.735900000006,530.0126000000089,707.5820000000001,750.607,836.2416000000089]","[""scam_button""]",8.888888889,1.371,0.877777778,2.2916,0.955555556,1.0639,,,,,,resources/images/scam4.png,scam,0.8,0.65,0,0,,,,,,,,,,,,,,,,,,,,,,,,,,,,,,,,,,,,,,,,,,0,2,2,6,1,,,,,,,,,,,,,,,,,,,,,,,,,,,,,,,,,,,,,,,,,,,,,,,,,,,,,,,,,,,,,,,,,,,,,,,
,,,,,,,,,,,,,2025-05-08_18h30.57.959,SLSI3_O,2022.2.5,Win32,60.97560976,,,,,,,,,,,28,"[140.944299999997,165.69839999999107,206.65050000000002,228.70809999999403,253.563,282.51259999999405,309.165200000003,337.49159999999404,371.027200000003,419.488200000003,460.16529999999705,501.77609999999413,529.1027000000031,600.8453999999912,624.726700000003,643.8783999999911,674.8183999999911,706.2397999999971,748.5837000000031,763.1912999999971,783.9998999999912,813.3660000000001,835.116099999994,853.1702000000031,1094.374700000003,1111.0557999999971,1130.9170999999942,1141.321200000003]","[140.944299999997,165.69850000000002,206.65059999999403,228.70809999999403,253.563,282.512799999997,309.16529999999705,337.491700000003,371.0273999999911,419.48829999999697,460.16550000000007,501.7762000000031,529.1028999999911,600.8453999999912,624.7267999999971,643.8783999999911,674.8185000000001,706.2398999999912,748.583799999997,763.1913999999911,784.0000000000001,813.366099999994,835.116200000003,853.170299999997,1094.374799999997,1111.056,1130.9170999999942,1141.321299999997]",,20,"[142.43740000000594,166.875700000003,207.49529999999703,230.469700000003,284.139799999997,310.64340000000595,338.618799999997,421.248600000009,601.8735,625.7040000000001,645.505900000006,676.012900000006,764.485,785.810900000006,814.8605,854.415,1095.4529000000061,1112.0505,1132.027400000006,1142.2655000000002]","[142.43760000000896,166.875799999997,207.49529999999703,230.46979999999706,284.139799999997,310.643700000003,338.619,421.248600000009,601.8735,625.7041000000089,645.505900000006,676.013,764.485100000009,785.811,814.8605,854.4151000000089,1095.4530000000002,1112.0506000000091,1132.0275000000001,1142.2655000000002]",8,"[254.42200000000003,372.402700000003,461.11650000000003,502.735900000006,530.0126000000089,707.5820000000001,750.607,836.241400000006]","[254.42210000000892,372.40280000001195,461.116600000009,502.735900000006,530.0126000000089,707.5820000000001,750.607,836.2416000000089]","[""scam_button""]",8.966666667,1.6056,5.966666667,1.4913,1.044444444,1.2729,,,,,,resources/images/legit9-EDIT.png,legit,1,0.65,0,0,,,,,,,,,,,,,,,,,,,,,,,,,,,,,,,,,,,,,,,,,,0,3,3,8,1,,,,,,,,,,,,,,,,,,,,,,,,,,,,,,,,,,,,,,,,,,,,,,,,,,,,,,,,,,,,,,,,,,,,,,,
,,,,,,,,,,,,,2025-05-08_18h30.57.959,SLSI3_O,2022.2.5,Win32,60.97560976,,,,,,,,,,,29,"[140.944299999997,165.69839999999107,206.65050000000002,228.70809999999403,253.563,282.51259999999405,309.165200000003,337.49159999999404,371.027200000003,419.488200000003,460.16529999999705,501.77609999999413,529.1027000000031,600.8453999999912,624.726700000003,643.8783999999911,674.8183999999911,706.2397999999971,748.5837000000031,763.1912999999971,783.9998999999912,813.3660000000001,835.116099999994,853.1702000000031,1094.374700000003,1111.0557999999971,1130.9170999999942,1141.321200000003,1156.9360999999942]","[140.944299999997,165.69850000000002,206.65059999999403,228.70809999999403,253.563,282.512799999997,309.16529999999705,337.491700000003,371.0273999999911,419.48829999999697,460.16550000000007,501.7762000000031,529.1028999999911,600.8453999999912,624.7267999999971,643.8783999999911,674.8185000000001,706.2398999999912,748.583799999997,763.1913999999911,784.0000000000001,813.366099999994,835.116200000003,853.170299999997,1094.374799999997,1111.056,1130.9170999999942,1141.321299999997,1156.9360999999942]",,21,"[142.43740000000594,166.875700000003,207.49529999999703,230.469700000003,284.139799999997,310.64340000000595,338.618799999997,421.248600000009,601.8735,625.7040000000001,645.505900000006,676.012900000006,764.485,785.810900000006,814.8605,854.415,1095.4529000000061,1112.0505,1132.027400000006,1142.2655000000002,1158.397200000003]","[142.43760000000896,166.875799999997,207.49529999999703,230.46979999999706,284.139799999997,310.643700000003,338.619,421.248600000009,601.8735,625.7041000000089,645.505900000006,676.013,764.485100000009,785.811,814.8605,854.4151000000089,1095.4530000000002,1112.0506000000091,1132.0275000000001,1142.2655000000002,1158.3972999999971]",8,"[254.42200000000003,372.402700000003,461.11650000000003,502.735900000006,530.0126000000089,707.5820000000001,750.607,836.241400000006]","[254.42210000000892,372.40280000001195,461.116600000009,502.735900000006,530.0126000000089,707.5820000000001,750.607,836.2416000000089]","[""scam_button""]",9.088888889,1.7033,1.3,1.6262,1.211111111,0.7409,,,,,,resources/images/scam_1.png,scam,1,0.65,0,0,,,,,,,,,,,,,,,,,,,,,,,,,,,,,,,,,,,,,,,,,,0,4,4,0,1,,,,,,,,,,,,,,,,,,,,,,,,,,,,,,,,,,,,,,,,,,,,,,,,,,,,,,,,,,,,,,,,,,,,,,,
,,,,,,,,,,,,,2025-05-08_18h30.57.959,SLSI3_O,2022.2.5,Win32,60.97560976,,,,,,,,,,,30,"[140.944299999997,165.69839999999107,206.65050000000002,228.70809999999403,253.563,282.51259999999405,309.165200000003,337.49159999999404,371.027200000003,419.488200000003,460.16529999999705,501.77609999999413,529.1027000000031,600.8453999999912,624.726700000003,643.8783999999911,674.8183999999911,706.2397999999971,748.5837000000031,763.1912999999971,783.9998999999912,813.3660000000001,835.116099999994,853.1702000000031,1094.374700000003,1111.0557999999971,1130.9170999999942,1141.321200000003,1156.9360999999942,1188.649299999997]","[140.944299999997,165.69850000000002,206.65059999999403,228.70809999999403,253.563,282.512799999997,309.16529999999705,337.491700000003,371.0273999999911,419.48829999999697,460.16550000000007,501.7762000000031,529.1028999999911,600.8453999999912,624.7267999999971,643.8783999999911,674.8185000000001,706.2398999999912,748.583799999997,763.1913999999911,784.0000000000001,813.366099999994,835.116200000003,853.170299999997,1094.374799999997,1111.056,1130.9170999999942,1141.321299999997,1156.9360999999942,1188.6493999999911]",,22,"[142.43740000000594,166.875700000003,207.49529999999703,230.469700000003,284.139799999997,310.64340000000595,338.618799999997,421.248600000009,601.8735,625.7040000000001,645.505900000006,676.012900000006,764.485,785.810900000006,814.8605,854.415,1095.4529000000061,1112.0505,1132.027400000006,1142.2655000000002,1158.397200000003,1189.710700000003]","[142.43760000000896,166.875799999997,207.49529999999703,230.46979999999706,284.139799999997,310.643700000003,338.619,421.248600000009,601.8735,625.7041000000089,645.505900000006,676.013,764.485100000009,785.811,814.8605,854.4151000000089,1095.4530000000002,1112.0506000000091,1132.0275000000001,1142.2655000000002,1158.3972999999971,1189.710799999997]",8,"[254.42200000000003,372.402700000003,461.11650000000003,502.735900000006,530.0126000000089,707.5820000000001,750.607,836.241400000006]","[254.42210000000892,372.40280000001195,461.116600000009,502.735900000006,530.0126000000089,707.5820000000001,750.607,836.2416000000089]","[""scam_button""]",8.766666667,1.7035,6.033333333,1.043,1.088888889,1.6124,,,,,,resources/images/legit6.png,legit,0.65,0.65,0,0,,,,,,,,,,,,,,,,,,,,,,,,,,,,,,,,,,,,,,,,,,0,5,5,13,1,,,,,,,,,,,,,,,,,,,,,,,,,,,,,,,,,,,,,,,,,,,,,,,,,,,,,,,,,,,,,,,,,,,,,,,
,,,,,,,,,,,,,2025-05-08_18h30.57.959,SLSI3_O,2022.2.5,Win32,60.97560976,,,,,,,,,,,31,"[140.944299999997,165.69839999999107,206.65050000000002,228.70809999999403,253.563,282.51259999999405,309.165200000003,337.49159999999404,371.027200000003,419.488200000003,460.16529999999705,501.77609999999413,529.1027000000031,600.8453999999912,624.726700000003,643.8783999999911,674.8183999999911,706.2397999999971,748.5837000000031,763.1912999999971,783.9998999999912,813.3660000000001,835.116099999994,853.1702000000031,1094.374700000003,1111.0557999999971,1130.9170999999942,1141.321200000003,1156.9360999999942,1188.649299999997,1232.3327000000031]","[140.944299999997,165.69850000000002,206.65059999999403,228.70809999999403,253.563,282.512799999997,309.16529999999705,337.491700000003,371.0273999999911,419.48829999999697,460.16550000000007,501.7762000000031,529.1028999999911,600.8453999999912,624.7267999999971,643.8783999999911,674.8185000000001,706.2398999999912,748.583799999997,763.1913999999911,784.0000000000001,813.366099999994,835.116200000003,853.170299999997,1094.374799999997,1111.056,1130.9170999999942,1141.321299999997,1156.9360999999942,1188.6493999999911,1232.3327000000031]",,23,"[142.43740000000594,166.875700000003,207.49529999999703,230.469700000003,284.139799999997,310.64340000000595,338.618799999997,421.248600000009,601.8735,625.7040000000001,645.505900000006,676.012900000006,764.485,785.810900000006,814.8605,854.415,1095.4529000000061,1112.0505,1132.027400000006,1142.2655000000002,1158.397200000003,1189.710700000003,1233.3114000000062]","[142.43760000000896,166.875799999997,207.49529999999703,230.46979999999706,284.139799999997,310.643700000003,338.619,421.248600000009,601.8735,625.7041000000089,645.505900000006,676.013,764.485100000009,785.811,814.8605,854.4151000000089,1095.4530000000002,1112.0506000000091,1132.0275000000001,1142.2655000000002,1158.3972999999971,1189.710799999997,1233.3115]",8,"[254.42200000000003,372.402700000003,461.11650000000003,502.735900000006,530.0126000000089,707.5820000000001,750.607,836.241400000006]","[254.42210000000892,372.40280000001195,461.116600000009,502.735900000006,530.0126000000089,707.5820000000001,750.607,836.2416000000089]","[""scam_button""]",7.944444444,1.3529,8.011111111,1.5434,2.077777778,1.9613,,,,,,resources/images/legit4-EDIT.png,legit,0.65,0.65,0,0,,,,,,,,,,,,,,,,,,,,,,,,,,,,,,,,,,,,,,,,,,0,6,6,11,1,,,,,,,,,,,,,,,,,,,,,,,,,,,,,,,,,,,,,,,,,,,,,,,,,,,,,,,,,,,,,,,,,,,,,,,
,,,,,,,,,,,,,2025-05-08_18h30.57.959,SLSI3_O,2022.2.5,Win32,60.97560976,,,,,,,,,,,32,"[140.944299999997,165.69839999999107,206.65050000000002,228.70809999999403,253.563,282.51259999999405,309.165200000003,337.49159999999404,371.027200000003,419.488200000003,460.16529999999705,501.77609999999413,529.1027000000031,600.8453999999912,624.726700000003,643.8783999999911,674.8183999999911,706.2397999999971,748.5837000000031,763.1912999999971,783.9998999999912,813.3660000000001,835.116099999994,853.1702000000031,1094.374700000003,1111.0557999999971,1130.9170999999942,1141.321200000003,1156.9360999999942,1188.649299999997,1232.3327000000031,1244.8345000000002]","[140.944299999997,165.69850000000002,206.65059999999403,228.70809999999403,253.563,282.512799999997,309.16529999999705,337.491700000003,371.0273999999911,419.48829999999697,460.16550000000007,501.7762000000031,529.1028999999911,600.8453999999912,624.7267999999971,643.8783999999911,674.8185000000001,706.2398999999912,748.583799999997,763.1913999999911,784.0000000000001,813.366099999994,835.116200000003,853.170299999997,1094.374799999997,1111.056,1130.9170999999942,1141.321299999997,1156.9360999999942,1188.6493999999911,1232.3327000000031,1244.834599999994]",,24,"[142.43740000000594,166.875700000003,207.49529999999703,230.469700000003,284.139799999997,310.64340000000595,338.618799999997,421.248600000009,601.8735,625.7040000000001,645.505900000006,676.012900000006,764.485,785.810900000006,814.8605,854.415,1095.4529000000061,1112.0505,1132.027400000006,1142.2655000000002,1158.397200000003,1189.710700000003,1233.3114000000062,1246.3960000000002]","[142.43760000000896,166.875799999997,207.49529999999703,230.46979999999706,284.139799999997,310.643700000003,338.619,421.248600000009,601.8735,625.7041000000089,645.505900000006,676.013,764.485100000009,785.811,814.8605,854.4151000000089,1095.4530000000002,1112.0506000000091,1132.0275000000001,1142.2655000000002,1158.3972999999971,1189.710799999997,1233.3115,1246.3960000000002]",8,"[254.42200000000003,372.402700000003,461.11650000000003,502.735900000006,530.0126000000089,707.5820000000001,750.607,836.241400000006]","[254.42210000000892,372.40280000001195,461.116600000009,502.735900000006,530.0126000000089,707.5820000000001,750.607,836.2416000000089]","[""scam_button""]",8.977777778,1.336,0.988888889,2.2589,1,0.8962,,,,,,resources/images/legit14-EDIT.jpg,legit,1,0.65,0,0,,,,,,,,,,,,,,,,,,,,,,,,,,,,,,,,,,,,,,,,,,0,7,7,21,1,,,,,,,,,,,,,,,,,,,,,,,,,,,,,,,,,,,,,,,,,,,,,,,,,,,,,,,,,,,,,,,,,,,,,,,
,,,,,,,,,,,,,2025-05-08_18h30.57.959,SLSI3_O,2022.2.5,Win32,60.97560976,,,,,,,,,,,33,"[140.944299999997,165.69839999999107,206.65050000000002,228.70809999999403,253.563,282.51259999999405,309.165200000003,337.49159999999404,371.027200000003,419.488200000003,460.16529999999705,501.77609999999413,529.1027000000031,600.8453999999912,624.726700000003,643.8783999999911,674.8183999999911,706.2397999999971,748.5837000000031,763.1912999999971,783.9998999999912,813.3660000000001,835.116099999994,853.1702000000031,1094.374700000003,1111.0557999999971,1130.9170999999942,1141.321200000003,1156.9360999999942,1188.649299999997,1232.3327000000031,1244.8345000000002,1265.460399999991]","[140.944299999997,165.69850000000002,206.65059999999403,228.70809999999403,253.563,282.512799999997,309.16529999999705,337.491700000003,371.0273999999911,419.48829999999697,460.16550000000007,501.7762000000031,529.1028999999911,600.8453999999912,624.7267999999971,643.8783999999911,674.8185000000001,706.2398999999912,748.583799999997,763.1913999999911,784.0000000000001,813.366099999994,835.116200000003,853.170299999997,1094.374799999997,1111.056,1130.9170999999942,1141.321299999997,1156.9360999999942,1188.6493999999911,1232.3327000000031,1244.834599999994,1265.4605000000001]",,24,"[142.43740000000594,166.875700000003,207.49529999999703,230.469700000003,284.139799999997,310.64340000000595,338.618799999997,421.248600000009,601.8735,625.7040000000001,645.505900000006,676.012900000006,764.485,785.810900000006,814.8605,854.415,1095.4529000000061,1112.0505,1132.027400000006,1142.2655000000002,1158.397200000003,1189.710700000003,1233.3114000000062,1246.3960000000002]","[142.43760000000896,166.875799999997,207.49529999999703,230.46979999999706,284.139799999997,310.643700000003,338.619,421.248600000009,601.8735,625.7041000000089,645.505900000006,676.013,764.485100000009,785.811,814.8605,854.4151000000089,1095.4530000000002,1112.0506000000091,1132.0275000000001,1142.2655000000002,1158.3972999999971,1189.710799999997,1233.3115,1246.3960000000002]",9,"[254.42200000000003,372.402700000003,461.11650000000003,502.735900000006,530.0126000000089,707.5820000000001,750.607,836.241400000006,1266.502700000003]","[254.42210000000892,372.40280000001195,461.116600000009,502.735900000006,530.0126000000089,707.5820000000001,750.607,836.2416000000089,1266.502800000012]","[""legit_button""]",8.9,1.2709,5.911111111,1.3266,3.111111111,1.2178,,,,,,resources/images/legit1.png,legit,1,0.72,0,0,,,,,,,,,,,,,,,,,,,,,,,,,,,,,,,,,,,,,,,,,,0,8,8,3,1,,,,,,,,,,,,,,,,,,,,,,,,,,,,,,,,,,,,,,,,,,,,,,,,,,,,,,,,,,,,,,,,,,,,,,,
,,,,,,,,,,,,,2025-05-08_18h30.57.959,SLSI3_O,2022.2.5,Win32,60.97560976,,,,,,,,,,,34,"[140.944299999997,165.69839999999107,206.65050000000002,228.70809999999403,253.563,282.51259999999405,309.165200000003,337.49159999999404,371.027200000003,419.488200000003,460.16529999999705,501.77609999999413,529.1027000000031,600.8453999999912,624.726700000003,643.8783999999911,674.8183999999911,706.2397999999971,748.5837000000031,763.1912999999971,783.9998999999912,813.3660000000001,835.116099999994,853.1702000000031,1094.374700000003,1111.0557999999971,1130.9170999999942,1141.321200000003,1156.9360999999942,1188.649299999997,1232.3327000000031,1244.8345000000002,1265.460399999991,1277.0025]","[140.944299999997,165.69850000000002,206.65059999999403,228.70809999999403,253.563,282.512799999997,309.16529999999705,337.491700000003,371.0273999999911,419.48829999999697,460.16550000000007,501.7762000000031,529.1028999999911,600.8453999999912,624.7267999999971,643.8783999999911,674.8185000000001,706.2398999999912,748.583799999997,763.1913999999911,784.0000000000001,813.366099999994,835.116200000003,853.170299999997,1094.374799999997,1111.056,1130.9170999999942,1141.321299999997,1156.9360999999942,1188.6493999999911,1232.3327000000031,1244.834599999994,1265.4605000000001,1277.0025]",,25,"[142.43740000000594,166.875700000003,207.49529999999703,230.469700000003,284.139799999997,310.64340000000595,338.618799999997,421.248600000009,601.8735,625.7040000000001,645.505900000006,676.012900000006,764.485,785.810900000006,814.8605,854.415,1095.4529000000061,1112.0505,1132.027400000006,1142.2655000000002,1158.397200000003,1189.710700000003,1233.3114000000062,1246.3960000000002,1278.3662000000031]","[142.43760000000896,166.875799999997,207.49529999999703,230.46979999999706,284.139799999997,310.643700000003,338.619,421.248600000009,601.8735,625.7041000000089,645.505900000006,676.013,764.485100000009,785.811,814.8605,854.4151000000089,1095.4530000000002,1112.0506000000091,1132.0275000000001,1142.2655000000002,1158.3972999999971,1189.710799999997,1233.3115,1246.3960000000002,1278.3662000000031]",9,"[254.42200000000003,372.402700000003,461.11650000000003,502.735900000006,530.0126000000089,707.5820000000001,750.607,836.241400000006,1266.502700000003]","[254.42210000000892,372.40280000001195,461.116600000009,502.735900000006,530.0126000000089,707.5820000000001,750.607,836.2416000000089,1266.502800000012]","[""scam_button""]",8.922222222,1.6159,6.1,1.1412,1.177777778,1.1294,,,,,,resources/images/scam13.png,scam,1,0.65,0,0,,,,,,,,,,,,,,,,,,,,,,,,,,,,,,,,,,,,,,,,,,0,9,9,16,1,,,,,,,,,,,,,,,,,,,,,,,,,,,,,,,,,,,,,,,,,,,,,,,,,,,,,,,,,,,,,,,,,,,,,,,
,,,,,,,,,,,,,2025-05-08_18h30.57.959,SLSI3_O,2022.2.5,Win32,60.97560976,,,,,,,,,,,35,"[140.944299999997,165.69839999999107,206.65050000000002,228.70809999999403,253.563,282.51259999999405,309.165200000003,337.49159999999404,371.027200000003,419.488200000003,460.16529999999705,501.77609999999413,529.1027000000031,600.8453999999912,624.726700000003,643.8783999999911,674.8183999999911,706.2397999999971,748.5837000000031,763.1912999999971,783.9998999999912,813.3660000000001,835.116099999994,853.1702000000031,1094.374700000003,1111.0557999999971,1130.9170999999942,1141.321200000003,1156.9360999999942,1188.649299999997,1232.3327000000031,1244.8345000000002,1265.460399999991,1277.0025,1296.109200000003]","[140.944299999997,165.69850000000002,206.65059999999403,228.70809999999403,253.563,282.512799999997,309.16529999999705,337.491700000003,371.0273999999911,419.48829999999697,460.16550000000007,501.7762000000031,529.1028999999911,600.8453999999912,624.7267999999971,643.8783999999911,674.8185000000001,706.2398999999912,748.583799999997,763.1913999999911,784.0000000000001,813.366099999994,835.116200000003,853.170299999997,1094.374799999997,1111.056,1130.9170999999942,1141.321299999997,1156.9360999999942,1188.6493999999911,1232.3327000000031,1244.834599999994,1265.4605000000001,1277.0025,1296.1093999999912]",,26,"[142.43740000000594,166.875700000003,207.49529999999703,230.469700000003,284.139799999997,310.64340000000595,338.618799999997,421.248600000009,601.8735,625.7040000000001,645.505900000006,676.012900000006,764.485,785.810900000006,814.8605,854.415,1095.4529000000061,1112.0505,1132.027400000006,1142.2655000000002,1158.397200000003,1189.710700000003,1233.3114000000062,1246.3960000000002,1278.3662000000031,1297.253200000003]","[142.43760000000896,166.875799999997,207.49529999999703,230.46979999999706,284.139799999997,310.643700000003,338.619,421.248600000009,601.8735,625.7041000000089,645.505900000006,676.013,764.485100000009,785.811,814.8605,854.4151000000089,1095.4530000000002,1112.0506000000091,1132.0275000000001,1142.2655000000002,1158.3972999999971,1189.710799999997,1233.3115,1246.3960000000002,1278.3662000000031,1297.2532999999971]",9,"[254.42200000000003,372.402700000003,461.11650000000003,502.735900000006,530.0126000000089,707.5820000000001,750.607,836.241400000006,1266.502700000003]","[254.42210000000892,372.40280000001195,461.116600000009,502.735900000006,530.0126000000089,707.5820000000001,750.607,836.2416000000089,1266.502800000012]","[""scam_button""]",8.044444444,1.4011,4.966666667,1.1629,1.866666667,1.3095,,,,,,resources/images/legit2.jpg,legit,1,0.65,0,0,,,,,,,,,,,,,,,,,,,,,,,,,,,,,,,,,,,,,,,,,,0,10,10,4,1,,,,,,,,,,,,,,,,,,,,,,,,,,,,,,,,,,,,,,,,,,,,,,,,,,,,,,,,,,,,,,,,,,,,,,,
,,,,,,,,,,,,,2025-05-08_18h30.57.959,SLSI3_O,2022.2.5,Win32,60.97560976,,,,,,,,,,,36,"[140.944299999997,165.69839999999107,206.65050000000002,228.70809999999403,253.563,282.51259999999405,309.165200000003,337.49159999999404,371.027200000003,419.488200000003,460.16529999999705,501.77609999999413,529.1027000000031,600.8453999999912,624.726700000003,643.8783999999911,674.8183999999911,706.2397999999971,748.5837000000031,763.1912999999971,783.9998999999912,813.3660000000001,835.116099999994,853.1702000000031,1094.374700000003,1111.0557999999971,1130.9170999999942,1141.321200000003,1156.9360999999942,1188.649299999997,1232.3327000000031,1244.8345000000002,1265.460399999991,1277.0025,1296.109200000003,1315.828399999991]","[140.944299999997,165.69850000000002,206.65059999999403,228.70809999999403,253.563,282.512799999997,309.16529999999705,337.491700000003,371.0273999999911,419.48829999999697,460.16550000000007,501.7762000000031,529.1028999999911,600.8453999999912,624.7267999999971,643.8783999999911,674.8185000000001,706.2398999999912,748.583799999997,763.1913999999911,784.0000000000001,813.366099999994,835.116200000003,853.170299999997,1094.374799999997,1111.056,1130.9170999999942,1141.321299999997,1156.9360999999942,1188.6493999999911,1232.3327000000031,1244.834599999994,1265.4605000000001,1277.0025,1296.1093999999912,1315.8285999999941]",,27,"[142.43740000000594,166.875700000003,207.49529999999703,230.469700000003,284.139799999997,310.64340000000595,338.618799999997,421.248600000009,601.8735,625.7040000000001,645.505900000006,676.012900000006,764.485,785.810900000006,814.8605,854.415,1095.4529000000061,1112.0505,1132.027400000006,1142.2655000000002,1158.397200000003,1189.710700000003,1233.3114000000062,1246.3960000000002,1278.3662000000031,1297.253200000003,1316.938600000009]","[142.43760000000896,166.875799999997,207.49529999999703,230.46979999999706,284.139799999997,310.643700000003,338.619,421.248600000009,601.8735,625.7041000000089,645.505900000006,676.013,764.485100000009,785.811,814.8605,854.4151000000089,1095.4530000000002,1112.0506000000091,1132.0275000000001,1142.2655000000002,1158.3972999999971,1189.710799999997,1233.3115,1246.3960000000002,1278.3662000000031,1297.2532999999971,1316.938700000003]",9,"[254.42200000000003,372.402700000003,461.11650000000003,502.735900000006,530.0126000000089,707.5820000000001,750.607,836.241400000006,1266.502700000003]","[254.42210000000892,372.40280000001195,461.116600000009,502.735900000006,530.0126000000089,707.5820000000001,750.607,836.2416000000089,1266.502800000012]","[""scam_button""]",9.177777778,1.4319,0.966666667,1.1082,0.977777778,0.8082,,,,,,resources/images/scam10.jpg,scam,1,0.65,0,0,,,,,,,,,,,,,,,,,,,,,,,,,,,,,,,,,,,,,,,,,,0,11,11,17,1,,,,,,,,,,,,,,,,,,,,,,,,,,,,,,,,,,,,,,,,,,,,,,,,,,,,,,,,,,,,,,,,,,,,,,,
,,,,,,,,,,,,,2025-05-08_18h30.57.959,SLSI3_O,2022.2.5,Win32,60.97560976,,,,,,,,,,,37,"[140.944299999997,165.69839999999107,206.65050000000002,228.70809999999403,253.563,282.51259999999405,309.165200000003,337.49159999999404,371.027200000003,419.488200000003,460.16529999999705,501.77609999999413,529.1027000000031,600.8453999999912,624.726700000003,643.8783999999911,674.8183999999911,706.2397999999971,748.5837000000031,763.1912999999971,783.9998999999912,813.3660000000001,835.116099999994,853.1702000000031,1094.374700000003,1111.0557999999971,1130.9170999999942,1141.321200000003,1156.9360999999942,1188.649299999997,1232.3327000000031,1244.8345000000002,1265.460399999991,1277.0025,1296.109200000003,1315.828399999991,1326.340899999991]","[140.944299999997,165.69850000000002,206.65059999999403,228.70809999999403,253.563,282.512799999997,309.16529999999705,337.491700000003,371.0273999999911,419.48829999999697,460.16550000000007,501.7762000000031,529.1028999999911,600.8453999999912,624.7267999999971,643.8783999999911,674.8185000000001,706.2398999999912,748.583799999997,763.1913999999911,784.0000000000001,813.366099999994,835.116200000003,853.170299999997,1094.374799999997,1111.056,1130.9170999999942,1141.321299999997,1156.9360999999942,1188.6493999999911,1232.3327000000031,1244.834599999994,1265.4605000000001,1277.0025,1296.1093999999912,1315.8285999999941,1326.3410000000001]",,28,"[142.43740000000594,166.875700000003,207.49529999999703,230.469700000003,284.139799999997,310.64340000000595,338.618799999997,421.248600000009,601.8735,625.7040000000001,645.505900000006,676.012900000006,764.485,785.810900000006,814.8605,854.415,1095.4529000000061,1112.0505,1132.027400000006,1142.2655000000002,1158.397200000003,1189.710700000003,1233.3114000000062,1246.3960000000002,1278.3662000000031,1297.253200000003,1316.938600000009,1327.435400000006]","[142.43760000000896,166.875799999997,207.49529999999703,230.46979999999706,284.139799999997,310.643700000003,338.619,421.248600000009,601.8735,625.7041000000089,645.505900000006,676.013,764.485100000009,785.811,814.8605,854.4151000000089,1095.4530000000002,1112.0506000000091,1132.0275000000001,1142.2655000000002,1158.3972999999971,1189.710799999997,1233.3115,1246.3960000000002,1278.3662000000031,1297.2532999999971,1316.938700000003,1327.4355]",9,"[254.42200000000003,372.402700000003,461.11650000000003,502.735900000006,530.0126000000089,707.5820000000001,750.607,836.241400000006,1266.502700000003]","[254.42210000000892,372.40280000001195,461.116600000009,502.735900000006,530.0126000000089,707.5820000000001,750.607,836.2416000000089,1266.502800000012]","[""scam_button""]",9.077777778,1.2882,6.966666667,1.2106,0.9,1.008,,,,,,resources/images/scam3.png,scam,1.2,0.65,0,0,,,,,,,,,,,,,,,,,,,,,,,,,,,,,,,,,,,,,,,,,,0,12,12,2,1,,,,,,,,,,,,,,,,,,,,,,,,,,,,,,,,,,,,,,,,,,,,,,,,,,,,,,,,,,,,,,,,,,,,,,,
,,,,,,,,,,,,,2025-05-08_18h30.57.959,SLSI3_O,2022.2.5,Win32,60.97560976,,,,,,,,,,,38,"[140.944299999997,165.69839999999107,206.65050000000002,228.70809999999403,253.563,282.51259999999405,309.165200000003,337.49159999999404,371.027200000003,419.488200000003,460.16529999999705,501.77609999999413,529.1027000000031,600.8453999999912,624.726700000003,643.8783999999911,674.8183999999911,706.2397999999971,748.5837000000031,763.1912999999971,783.9998999999912,813.3660000000001,835.116099999994,853.1702000000031,1094.374700000003,1111.0557999999971,1130.9170999999942,1141.321200000003,1156.9360999999942,1188.649299999997,1232.3327000000031,1244.8345000000002,1265.460399999991,1277.0025,1296.109200000003,1315.828399999991,1326.340899999991,1357.338799999997]","[140.944299999997,165.69850000000002,206.65059999999403,228.70809999999403,253.563,282.512799999997,309.16529999999705,337.491700000003,371.0273999999911,419.48829999999697,460.16550000000007,501.7762000000031,529.1028999999911,600.8453999999912,624.7267999999971,643.8783999999911,674.8185000000001,706.2398999999912,748.583799999997,763.1913999999911,784.0000000000001,813.366099999994,835.116200000003,853.170299999997,1094.374799999997,1111.056,1130.9170999999942,1141.321299999997,1156.9360999999942,1188.6493999999911,1232.3327000000031,1244.834599999994,1265.4605000000001,1277.0025,1296.1093999999912,1315.8285999999941,1326.3410000000001,1357.338899999991]",,28,"[142.43740000000594,166.875700000003,207.49529999999703,230.469700000003,284.139799999997,310.64340000000595,338.618799999997,421.248600000009,601.8735,625.7040000000001,645.505900000006,676.012900000006,764.485,785.810900000006,814.8605,854.415,1095.4529000000061,1112.0505,1132.027400000006,1142.2655000000002,1158.397200000003,1189.710700000003,1233.3114000000062,1246.3960000000002,1278.3662000000031,1297.253200000003,1316.938600000009,1327.435400000006]","[142.43760000000896,166.875799999997,207.49529999999703,230.46979999999706,284.139799999997,310.643700000003,338.619,421.248600000009,601.8735,625.7041000000089,645.505900000006,676.013,764.485100000009,785.811,814.8605,854.4151000000089,1095.4530000000002,1112.0506000000091,1132.0275000000001,1142.2655000000002,1158.3972999999971,1189.710799999997,1233.3115,1246.3960000000002,1278.3662000000031,1297.2532999999971,1316.938700000003,1327.4355]",10,"[254.42200000000003,372.402700000003,461.11650000000003,502.735900000006,530.0126000000089,707.5820000000001,750.607,836.241400000006,1266.502700000003,1358.2646000000088]","[254.42210000000892,372.40280000001195,461.116600000009,502.735900000006,530.0126000000089,707.5820000000001,750.607,836.2416000000089,1266.502800000012,1358.2646000000088]","[""legit_button""]",8.122222222,1.2537,7.133333333,1.126,1.955555556,2.9588,,,,,,resources/images/legit3.jpg,legit,1,0.73,0,0,,,,,,,,,,,,,,,,,,,,,,,,,,,,,,,,,,,,,,,,,,0,13,13,5,1,,,,,,,,,,,,,,,,,,,,,,,,,,,,,,,,,,,,,,,,,,,,,,,,,,,,,,,,,,,,,,,,,,,,,,,
,,,,,,,,,,,,,2025-05-08_18h30.57.959,SLSI3_O,2022.2.5,Win32,60.97560976,,,,,,,,,,,39,"[140.944299999997,165.69839999999107,206.65050000000002,228.70809999999403,253.563,282.51259999999405,309.165200000003,337.49159999999404,371.027200000003,419.488200000003,460.16529999999705,501.77609999999413,529.1027000000031,600.8453999999912,624.726700000003,643.8783999999911,674.8183999999911,706.2397999999971,748.5837000000031,763.1912999999971,783.9998999999912,813.3660000000001,835.116099999994,853.1702000000031,1094.374700000003,1111.0557999999971,1130.9170999999942,1141.321200000003,1156.9360999999942,1188.649299999997,1232.3327000000031,1244.8345000000002,1265.460399999991,1277.0025,1296.109200000003,1315.828399999991,1326.340899999991,1357.338799999997,1372.753599999994]","[140.944299999997,165.69850000000002,206.65059999999403,228.70809999999403,253.563,282.512799999997,309.16529999999705,337.491700000003,371.0273999999911,419.48829999999697,460.16550000000007,501.7762000000031,529.1028999999911,600.8453999999912,624.7267999999971,643.8783999999911,674.8185000000001,706.2398999999912,748.583799999997,763.1913999999911,784.0000000000001,813.366099999994,835.116200000003,853.170299999997,1094.374799999997,1111.056,1130.9170999999942,1141.321299999997,1156.9360999999942,1188.6493999999911,1232.3327000000031,1244.834599999994,1265.4605000000001,1277.0025,1296.1093999999912,1315.8285999999941,1326.3410000000001,1357.338899999991,1372.753700000003]",,29,"[142.43740000000594,166.875700000003,207.49529999999703,230.469700000003,284.139799999997,310.64340000000595,338.618799999997,421.248600000009,601.8735,625.7040000000001,645.505900000006,676.012900000006,764.485,785.810900000006,814.8605,854.415,1095.4529000000061,1112.0505,1132.027400000006,1142.2655000000002,1158.397200000003,1189.710700000003,1233.3114000000062,1246.3960000000002,1278.3662000000031,1297.253200000003,1316.938600000009,1327.435400000006,1373.8315000000002]","[142.43760000000896,166.875799999997,207.49529999999703,230.46979999999706,284.139799999997,310.643700000003,338.619,421.248600000009,601.8735,625.7041000000089,645.505900000006,676.013,764.485100000009,785.811,814.8605,854.4151000000089,1095.4530000000002,1112.0506000000091,1132.0275000000001,1142.2655000000002,1158.3972999999971,1189.710799999997,1233.3115,1246.3960000000002,1278.3662000000031,1297.2532999999971,1316.938700000003,1327.4355,1373.8315000000002]",10,"[254.42200000000003,372.402700000003,461.11650000000003,502.735900000006,530.0126000000089,707.5820000000001,750.607,836.241400000006,1266.502700000003,1358.2646000000088]","[254.42210000000892,372.40280000001195,461.116600000009,502.735900000006,530.0126000000089,707.5820000000001,750.607,836.2416000000089,1266.502800000012,1358.2646000000088]","[""scam_button""]",9.033333333,1.2206,3.966666667,1.7009,1.311111111,1.0342,,,,,,resources/images/scam14-EDIT.png,scam,1,0.65,0,0,,,,,,,,,,,,,,,,,,,,,,,,,,,,,,,,,,,,,,,,,,0,14,14,23,1,,,,,,,,,,,,,,,,,,,,,,,,,,,,,,,,,,,,,,,,,,,,,,,,,,,,,,,,,,,,,,,,,,,,,,,
,,,,,,,,,,,,,2025-05-08_18h30.57.959,SLSI3_O,2022.2.5,Win32,60.97560976,,,,,,,,,,,40,"[140.944299999997,165.69839999999107,206.65050000000002,228.70809999999403,253.563,282.51259999999405,309.165200000003,337.49159999999404,371.027200000003,419.488200000003,460.16529999999705,501.77609999999413,529.1027000000031,600.8453999999912,624.726700000003,643.8783999999911,674.8183999999911,706.2397999999971,748.5837000000031,763.1912999999971,783.9998999999912,813.3660000000001,835.116099999994,853.1702000000031,1094.374700000003,1111.0557999999971,1130.9170999999942,1141.321200000003,1156.9360999999942,1188.649299999997,1232.3327000000031,1244.8345000000002,1265.460399999991,1277.0025,1296.109200000003,1315.828399999991,1326.340899999991,1357.338799999997,1372.753599999994,1413.8315]","[140.944299999997,165.69850000000002,206.65059999999403,228.70809999999403,253.563,282.512799999997,309.16529999999705,337.491700000003,371.0273999999911,419.48829999999697,460.16550000000007,501.7762000000031,529.1028999999911,600.8453999999912,624.7267999999971,643.8783999999911,674.8185000000001,706.2398999999912,748.583799999997,763.1913999999911,784.0000000000001,813.366099999994,835.116200000003,853.170299999997,1094.374799999997,1111.056,1130.9170999999942,1141.321299999997,1156.9360999999942,1188.6493999999911,1232.3327000000031,1244.834599999994,1265.4605000000001,1277.0025,1296.1093999999912,1315.8285999999941,1326.3410000000001,1357.338899999991,1372.753700000003,1413.8317000000031]",,30,"[142.43740000000594,166.875700000003,207.49529999999703,230.469700000003,284.139799999997,310.64340000000595,338.618799999997,421.248600000009,601.8735,625.7040000000001,645.505900000006,676.012900000006,764.485,785.810900000006,814.8605,854.415,1095.4529000000061,1112.0505,1132.027400000006,1142.2655000000002,1158.397200000003,1189.710700000003,1233.3114000000062,1246.3960000000002,1278.3662000000031,1297.253200000003,1316.938600000009,1327.435400000006,1373.8315000000002,1414.825600000009]","[142.43760000000896,166.875799999997,207.49529999999703,230.46979999999706,284.139799999997,310.643700000003,338.619,421.248600000009,601.8735,625.7041000000089,645.505900000006,676.013,764.485100000009,785.811,814.8605,854.4151000000089,1095.4530000000002,1112.0506000000091,1132.0275000000001,1142.2655000000002,1158.3972999999971,1189.710799999997,1233.3115,1246.3960000000002,1278.3662000000031,1297.2532999999971,1316.938700000003,1327.4355,1373.8315000000002,1414.825700000003]",10,"[254.42200000000003,372.402700000003,461.11650000000003,502.735900000006,530.0126000000089,707.5820000000001,750.607,836.241400000006,1266.502700000003,1358.2646000000088]","[254.42210000000892,372.40280000001195,461.116600000009,502.735900000006,530.0126000000089,707.5820000000001,750.607,836.2416000000089,1266.502800000012,1358.2646000000088]","[""scam_button""]",8.855555556,1.116,2.988888889,2.5725,1.211111111,1.2981,,,,,,resources/images/scam6.jpg,scam,1,0.65,0,0,,,,,,,,,,,,,,,,,,,,,,,,,,,,,,,,,,,,,,,,,,0,15,15,9,1,,,,,,,,,,,,,,,,,,,,,,,,,,,,,,,,,,,,,,,,,,,,,,,,,,,,,,,,,,,,,,,,,,,,,,,
,,,,,,,,,,,,,2025-05-08_18h30.57.959,SLSI3_O,2022.2.5,Win32,60.97560976,,,,,,,,,,,41,"[140.944299999997,165.69839999999107,206.65050000000002,228.70809999999403,253.563,282.51259999999405,309.165200000003,337.49159999999404,371.027200000003,419.488200000003,460.16529999999705,501.77609999999413,529.1027000000031,600.8453999999912,624.726700000003,643.8783999999911,674.8183999999911,706.2397999999971,748.5837000000031,763.1912999999971,783.9998999999912,813.3660000000001,835.116099999994,853.1702000000031,1094.374700000003,1111.0557999999971,1130.9170999999942,1141.321200000003,1156.9360999999942,1188.649299999997,1232.3327000000031,1244.8345000000002,1265.460399999991,1277.0025,1296.109200000003,1315.828399999991,1326.340899999991,1357.338799999997,1372.753599999994,1413.8315,1429.662399999991]","[140.944299999997,165.69850000000002,206.65059999999403,228.70809999999403,253.563,282.512799999997,309.16529999999705,337.491700000003,371.0273999999911,419.48829999999697,460.16550000000007,501.7762000000031,529.1028999999911,600.8453999999912,624.7267999999971,643.8783999999911,674.8185000000001,706.2398999999912,748.583799999997,763.1913999999911,784.0000000000001,813.366099999994,835.116200000003,853.170299999997,1094.374799999997,1111.056,1130.9170999999942,1141.321299999997,1156.9360999999942,1188.6493999999911,1232.3327000000031,1244.834599999994,1265.4605000000001,1277.0025,1296.1093999999912,1315.8285999999941,1326.3410000000001,1357.338899999991,1372.753700000003,1413.8317000000031,1429.6625000000001]",,31,"[142.43740000000594,166.875700000003,207.49529999999703,230.469700000003,284.139799999997,310.64340000000595,338.618799999997,421.248600000009,601.8735,625.7040000000001,645.505900000006,676.012900000006,764.485,785.810900000006,814.8605,854.415,1095.4529000000061,1112.0505,1132.027400000006,1142.2655000000002,1158.397200000003,1189.710700000003,1233.3114000000062,1246.3960000000002,1278.3662000000031,1297.253200000003,1316.938600000009,1327.435400000006,1373.8315000000002,1414.825600000009,1430.724100000009]","[142.43760000000896,166.875799999997,207.49529999999703,230.46979999999706,284.139799999997,310.643700000003,338.619,421.248600000009,601.8735,625.7041000000089,645.505900000006,676.013,764.485100000009,785.811,814.8605,854.4151000000089,1095.4530000000002,1112.0506000000091,1132.0275000000001,1142.2655000000002,1158.3972999999971,1189.710799999997,1233.3115,1246.3960000000002,1278.3662000000031,1297.2532999999971,1316.938700000003,1327.4355,1373.8315000000002,1414.825700000003,1430.724100000009]",10,"[254.42200000000003,372.402700000003,461.11650000000003,502.735900000006,530.0126000000089,707.5820000000001,750.607,836.241400000006,1266.502700000003,1358.2646000000088]","[254.42210000000892,372.40280000001195,461.116600000009,502.735900000006,530.0126000000089,707.5820000000001,750.607,836.2416000000089,1266.502800000012,1358.2646000000088]","[""scam_button""]",9.133333333,1.349,1.011111111,1.6399,0.9,0.6404,,,,,,resources/images/scam_2.png,scam,0.9,0.65,0,0,,,,,,,,,,,,,,,,,,,,,,,,,,,,,,,,,,,,,,,,,,0,16,16,1,1,,,,,,,,,,,,,,,,,,,,,,,,,,,,,,,,,,,,,,,,,,,,,,,,,,,,,,,,,,,,,,,,,,,,,,,
,,,,,,,,,,,,,2025-05-08_18h30.57.959,SLSI3_O,2022.2.5,Win32,60.97560976,,,,,,,,,,,42,"[140.944299999997,165.69839999999107,206.65050000000002,228.70809999999403,253.563,282.51259999999405,309.165200000003,337.49159999999404,371.027200000003,419.488200000003,460.16529999999705,501.77609999999413,529.1027000000031,600.8453999999912,624.726700000003,643.8783999999911,674.8183999999911,706.2397999999971,748.5837000000031,763.1912999999971,783.9998999999912,813.3660000000001,835.116099999994,853.1702000000031,1094.374700000003,1111.0557999999971,1130.9170999999942,1141.321200000003,1156.9360999999942,1188.649299999997,1232.3327000000031,1244.8345000000002,1265.460399999991,1277.0025,1296.109200000003,1315.828399999991,1326.340899999991,1357.338799999997,1372.753599999994,1413.8315,1429.662399999991,1442.7225999999941]","[140.944299999997,165.69850000000002,206.65059999999403,228.70809999999403,253.563,282.512799999997,309.16529999999705,337.491700000003,371.0273999999911,419.48829999999697,460.16550000000007,501.7762000000031,529.1028999999911,600.8453999999912,624.7267999999971,643.8783999999911,674.8185000000001,706.2398999999912,748.583799999997,763.1913999999911,784.0000000000001,813.366099999994,835.116200000003,853.170299999997,1094.374799999997,1111.056,1130.9170999999942,1141.321299999997,1156.9360999999942,1188.6493999999911,1232.3327000000031,1244.834599999994,1265.4605000000001,1277.0025,1296.1093999999912,1315.8285999999941,1326.3410000000001,1357.338899999991,1372.753700000003,1413.8317000000031,1429.6625000000001,1442.722700000003]",,32,"[142.43740000000594,166.875700000003,207.49529999999703,230.469700000003,284.139799999997,310.64340000000595,338.618799999997,421.248600000009,601.8735,625.7040000000001,645.505900000006,676.012900000006,764.485,785.810900000006,814.8605,854.415,1095.4529000000061,1112.0505,1132.027400000006,1142.2655000000002,1158.397200000003,1189.710700000003,1233.3114000000062,1246.3960000000002,1278.3662000000031,1297.253200000003,1316.938600000009,1327.435400000006,1373.8315000000002,1414.825600000009,1430.724100000009,1443.6762999999971]","[142.43760000000896,166.875799999997,207.49529999999703,230.46979999999706,284.139799999997,310.643700000003,338.619,421.248600000009,601.8735,625.7041000000089,645.505900000006,676.013,764.485100000009,785.811,814.8605,854.4151000000089,1095.4530000000002,1112.0506000000091,1132.0275000000001,1142.2655000000002,1158.3972999999971,1189.710799999997,1233.3115,1246.3960000000002,1278.3662000000031,1297.2532999999971,1316.938700000003,1327.4355,1373.8315000000002,1414.825700000003,1430.724100000009,1443.6762999999971]",10,"[254.42200000000003,372.402700000003,461.11650000000003,502.735900000006,530.0126000000089,707.5820000000001,750.607,836.241400000006,1266.502700000003,1358.2646000000088]","[254.42210000000892,372.40280000001195,461.116600000009,502.735900000006,530.0126000000089,707.5820000000001,750.607,836.2416000000089,1266.502800000012,1358.2646000000088]","[""scam_button""]",9.077777778,1.4454,1.233333333,3.0743,1.233333333,0.9133,,,,,,resources/images/legit10-EDIT.png,legit,1,0.65,0,0,,,,,,,,,,,,,,,,,,,,,,,,,,,,,,,,,,,,,,,,,,0,17,17,18,1,,,,,,,,,,,,,,,,,,,,,,,,,,,,,,,,,,,,,,,,,,,,,,,,,,,,,,,,,,,,,,,,,,,,,,,
,,,,,,,,,,,,,2025-05-08_18h30.57.959,SLSI3_O,2022.2.5,Win32,60.97560976,,,,,,,,,,,43,"[140.944299999997,165.69839999999107,206.65050000000002,228.70809999999403,253.563,282.51259999999405,309.165200000003,337.49159999999404,371.027200000003,419.488200000003,460.16529999999705,501.77609999999413,529.1027000000031,600.8453999999912,624.726700000003,643.8783999999911,674.8183999999911,706.2397999999971,748.5837000000031,763.1912999999971,783.9998999999912,813.3660000000001,835.116099999994,853.1702000000031,1094.374700000003,1111.0557999999971,1130.9170999999942,1141.321200000003,1156.9360999999942,1188.649299999997,1232.3327000000031,1244.8345000000002,1265.460399999991,1277.0025,1296.109200000003,1315.828399999991,1326.340899999991,1357.338799999997,1372.753599999994,1413.8315,1429.662399999991,1442.7225999999941,1458.3210000000001]","[140.944299999997,165.69850000000002,206.65059999999403,228.70809999999403,253.563,282.512799999997,309.16529999999705,337.491700000003,371.0273999999911,419.48829999999697,460.16550000000007,501.7762000000031,529.1028999999911,600.8453999999912,624.7267999999971,643.8783999999911,674.8185000000001,706.2398999999912,748.583799999997,763.1913999999911,784.0000000000001,813.366099999994,835.116200000003,853.170299999997,1094.374799999997,1111.056,1130.9170999999942,1141.321299999997,1156.9360999999942,1188.6493999999911,1232.3327000000031,1244.834599999994,1265.4605000000001,1277.0025,1296.1093999999912,1315.8285999999941,1326.3410000000001,1357.338899999991,1372.753700000003,1413.8317000000031,1429.6625000000001,1442.722700000003,1458.321299999997]",,33,"[142.43740000000594,166.875700000003,207.49529999999703,230.469700000003,284.139799999997,310.64340000000595,338.618799999997,421.248600000009,601.8735,625.7040000000001,645.505900000006,676.012900000006,764.485,785.810900000006,814.8605,854.415,1095.4529000000061,1112.0505,1132.027400000006,1142.2655000000002,1158.397200000003,1189.710700000003,1233.3114000000062,1246.3960000000002,1278.3662000000031,1297.253200000003,1316.938600000009,1327.435400000006,1373.8315000000002,1414.825600000009,1430.724100000009,1443.6762999999971,1459.3656000000092]","[142.43760000000896,166.875799999997,207.49529999999703,230.46979999999706,284.139799999997,310.643700000003,338.619,421.248600000009,601.8735,625.7041000000089,645.505900000006,676.013,764.485100000009,785.811,814.8605,854.4151000000089,1095.4530000000002,1112.0506000000091,1132.0275000000001,1142.2655000000002,1158.3972999999971,1189.710799999997,1233.3115,1246.3960000000002,1278.3662000000031,1297.2532999999971,1316.938700000003,1327.4355,1373.8315000000002,1414.825700000003,1430.724100000009,1443.6762999999971,1459.365700000003]",10,"[254.42200000000003,372.402700000003,461.11650000000003,502.735900000006,530.0126000000089,707.5820000000001,750.607,836.241400000006,1266.502700000003,1358.2646000000088]","[254.42210000000892,372.40280000001195,461.116600000009,502.735900000006,530.0126000000089,707.5820000000001,750.607,836.2416000000089,1266.502800000012,1358.2646000000088]","[""scam_button""]",9.055555556,1.2741,7.088888889,1.2251,1.977777778,1.3962,,,,,,resources/images/scam5.jpg,scam,0.7,0.65,0,0,,,,,,,,,,,,,,,,,,,,,,,,,,,,,,,,,,,,,,,,,,0,18,18,7,1,,,,,,,,,,,,,,,,,,,,,,,,,,,,,,,,,,,,,,,,,,,,,,,,,,,,,,,,,,,,,,,,,,,,,,,
,,,,,,,,,,,,,2025-05-08_18h30.57.959,SLSI3_O,2022.2.5,Win32,60.97560976,,,,,,,,,,,44,"[140.944299999997,165.69839999999107,206.65050000000002,228.70809999999403,253.563,282.51259999999405,309.165200000003,337.49159999999404,371.027200000003,419.488200000003,460.16529999999705,501.77609999999413,529.1027000000031,600.8453999999912,624.726700000003,643.8783999999911,674.8183999999911,706.2397999999971,748.5837000000031,763.1912999999971,783.9998999999912,813.3660000000001,835.116099999994,853.1702000000031,1094.374700000003,1111.0557999999971,1130.9170999999942,1141.321200000003,1156.9360999999942,1188.649299999997,1232.3327000000031,1244.8345000000002,1265.460399999991,1277.0025,1296.109200000003,1315.828399999991,1326.340899999991,1357.338799999997,1372.753599999994,1413.8315,1429.662399999991,1442.7225999999941,1458.3210000000001,1500.147899999991]","[140.944299999997,165.69850000000002,206.65059999999403,228.70809999999403,253.563,282.512799999997,309.16529999999705,337.491700000003,371.0273999999911,419.48829999999697,460.16550000000007,501.7762000000031,529.1028999999911,600.8453999999912,624.7267999999971,643.8783999999911,674.8185000000001,706.2398999999912,748.583799999997,763.1913999999911,784.0000000000001,813.366099999994,835.116200000003,853.170299999997,1094.374799999997,1111.056,1130.9170999999942,1141.321299999997,1156.9360999999942,1188.6493999999911,1232.3327000000031,1244.834599999994,1265.4605000000001,1277.0025,1296.1093999999912,1315.8285999999941,1326.3410000000001,1357.338899999991,1372.753700000003,1413.8317000000031,1429.6625000000001,1442.722700000003,1458.321299999997,1500.147899999991]",,34,"[142.43740000000594,166.875700000003,207.49529999999703,230.469700000003,284.139799999997,310.64340000000595,338.618799999997,421.248600000009,601.8735,625.7040000000001,645.505900000006,676.012900000006,764.485,785.810900000006,814.8605,854.415,1095.4529000000061,1112.0505,1132.027400000006,1142.2655000000002,1158.397200000003,1189.710700000003,1233.3114000000062,1246.3960000000002,1278.3662000000031,1297.253200000003,1316.938600000009,1327.435400000006,1373.8315000000002,1414.825600000009,1430.724100000009,1443.6762999999971,1459.3656000000092,1501.5420000000001]","[142.43760000000896,166.875799999997,207.49529999999703,230.46979999999706,284.139799999997,310.643700000003,338.619,421.248600000009,601.8735,625.7041000000089,645.505900000006,676.013,764.485100000009,785.811,814.8605,854.4151000000089,1095.4530000000002,1112.0506000000091,1132.0275000000001,1142.2655000000002,1158.3972999999971,1189.710799999997,1233.3115,1246.3960000000002,1278.3662000000031,1297.2532999999971,1316.938700000003,1327.4355,1373.8315000000002,1414.825700000003,1430.724100000009,1443.6762999999971,1459.365700000003,1501.5420000000001]",10,"[254.42200000000003,372.402700000003,461.11650000000003,502.735900000006,530.0126000000089,707.5820000000001,750.607,836.241400000006,1266.502700000003,1358.2646000000088]","[254.42210000000892,372.40280000001195,461.116600000009,502.735900000006,530.0126000000089,707.5820000000001,750.607,836.2416000000089,1266.502800000012,1358.2646000000088]","[""scam_button""]",7.877777778,3.0819,8.033333333,0.9915,1.066666667,2.013,,,,,,resources/images/legit8.png,legit,0.8,0.72,0,0,,,,,,,,,,,,,,,,,,,,,,,,,,,,,,,,,,,,,,,,,,0,19,19,15,1,,,,,,,,,,,,,,,,,,,,,,,,,,,,,,,,,,,,,,,,,,,,,,,,,,,,,,,,,,,,,,,,,,,,,,,
,,,,,,,,,,,,,2025-05-08_18h30.57.959,SLSI3_O,2022.2.5,Win32,60.97560976,,,,,,,,,,,45,"[140.944299999997,165.69839999999107,206.65050000000002,228.70809999999403,253.563,282.51259999999405,309.165200000003,337.49159999999404,371.027200000003,419.488200000003,460.16529999999705,501.77609999999413,529.1027000000031,600.8453999999912,624.726700000003,643.8783999999911,674.8183999999911,706.2397999999971,748.5837000000031,763.1912999999971,783.9998999999912,813.3660000000001,835.116099999994,853.1702000000031,1094.374700000003,1111.0557999999971,1130.9170999999942,1141.321200000003,1156.9360999999942,1188.649299999997,1232.3327000000031,1244.8345000000002,1265.460399999991,1277.0025,1296.109200000003,1315.828399999991,1326.340899999991,1357.338799999997,1372.753599999994,1413.8315,1429.662399999991,1442.7225999999941,1458.3210000000001,1500.147899999991,1529.5715]","[140.944299999997,165.69850000000002,206.65059999999403,228.70809999999403,253.563,282.512799999997,309.16529999999705,337.491700000003,371.0273999999911,419.48829999999697,460.16550000000007,501.7762000000031,529.1028999999911,600.8453999999912,624.7267999999971,643.8783999999911,674.8185000000001,706.2398999999912,748.583799999997,763.1913999999911,784.0000000000001,813.366099999994,835.116200000003,853.170299999997,1094.374799999997,1111.056,1130.9170999999942,1141.321299999997,1156.9360999999942,1188.6493999999911,1232.3327000000031,1244.834599999994,1265.4605000000001,1277.0025,1296.1093999999912,1315.8285999999941,1326.3410000000001,1357.338899999991,1372.753700000003,1413.8317000000031,1429.6625000000001,1442.722700000003,1458.321299999997,1500.147899999991,1529.571599999994]",,35,"[142.43740000000594,166.875700000003,207.49529999999703,230.469700000003,284.139799999997,310.64340000000595,338.618799999997,421.248600000009,601.8735,625.7040000000001,645.505900000006,676.012900000006,764.485,785.810900000006,814.8605,854.415,1095.4529000000061,1112.0505,1132.027400000006,1142.2655000000002,1158.397200000003,1189.710700000003,1233.3114000000062,1246.3960000000002,1278.3662000000031,1297.253200000003,1316.938600000009,1327.435400000006,1373.8315000000002,1414.825600000009,1430.724100000009,1443.6762999999971,1459.3656000000092,1501.5420000000001,1530.650299999997]","[142.43760000000896,166.875799999997,207.49529999999703,230.46979999999706,284.139799999997,310.643700000003,338.619,421.248600000009,601.8735,625.7041000000089,645.505900000006,676.013,764.485100000009,785.811,814.8605,854.4151000000089,1095.4530000000002,1112.0506000000091,1132.0275000000001,1142.2655000000002,1158.3972999999971,1189.710799999997,1233.3115,1246.3960000000002,1278.3662000000031,1297.2532999999971,1316.938700000003,1327.4355,1373.8315000000002,1414.825700000003,1430.724100000009,1443.6762999999971,1459.365700000003,1501.5420000000001,1530.650299999997]",10,"[254.42200000000003,372.402700000003,461.11650000000003,502.735900000006,530.0126000000089,707.5820000000001,750.607,836.241400000006,1266.502700000003,1358.2646000000088]","[254.42210000000892,372.40280000001195,461.116600000009,502.735900000006,530.0126000000089,707.5820000000001,750.607,836.2416000000089,1266.502800000012,1358.2646000000088]","[""scam_button""]",9.2,1.3036,6.155555556,1.3603,0.966666667,1.1107,,,,,,resources/images/scam12.jpg,scam,0.65,0.65,0,0,,,,,,,,,,,,,,,,,,,,,,,,,,,,,,,,,,,,,,,,,,0,20,20,20,1,,,,,,,,,,,,,,,,,,,,,,,,,,,,,,,,,,,,,,,,,,,,,,,,,,,,,,,,,,,,,,,,,,,,,,,
,,,,,,,,,,,,,2025-05-08_18h30.57.959,SLSI3_O,2022.2.5,Win32,60.97560976,,,,,,,,,,,46,"[140.944299999997,165.69839999999107,206.65050000000002,228.70809999999403,253.563,282.51259999999405,309.165200000003,337.49159999999404,371.027200000003,419.488200000003,460.16529999999705,501.77609999999413,529.1027000000031,600.8453999999912,624.726700000003,643.8783999999911,674.8183999999911,706.2397999999971,748.5837000000031,763.1912999999971,783.9998999999912,813.3660000000001,835.116099999994,853.1702000000031,1094.374700000003,1111.0557999999971,1130.9170999999942,1141.321200000003,1156.9360999999942,1188.649299999997,1232.3327000000031,1244.8345000000002,1265.460399999991,1277.0025,1296.109200000003,1315.828399999991,1326.340899999991,1357.338799999997,1372.753599999994,1413.8315,1429.662399999991,1442.7225999999941,1458.3210000000001,1500.147899999991,1529.5715,1553.294599999994]","[140.944299999997,165.69850000000002,206.65059999999403,228.70809999999403,253.563,282.512799999997,309.16529999999705,337.491700000003,371.0273999999911,419.48829999999697,460.16550000000007,501.7762000000031,529.1028999999911,600.8453999999912,624.7267999999971,643.8783999999911,674.8185000000001,706.2398999999912,748.583799999997,763.1913999999911,784.0000000000001,813.366099999994,835.116200000003,853.170299999997,1094.374799999997,1111.056,1130.9170999999942,1141.321299999997,1156.9360999999942,1188.6493999999911,1232.3327000000031,1244.834599999994,1265.4605000000001,1277.0025,1296.1093999999912,1315.8285999999941,1326.3410000000001,1357.338899999991,1372.753700000003,1413.8317000000031,1429.6625000000001,1442.722700000003,1458.321299999997,1500.147899999991,1529.571599999994,1553.294700000003]",,36,"[142.43740000000594,166.875700000003,207.49529999999703,230.469700000003,284.139799999997,310.64340000000595,338.618799999997,421.248600000009,601.8735,625.7040000000001,645.505900000006,676.012900000006,764.485,785.810900000006,814.8605,854.415,1095.4529000000061,1112.0505,1132.027400000006,1142.2655000000002,1158.397200000003,1189.710700000003,1233.3114000000062,1246.3960000000002,1278.3662000000031,1297.253200000003,1316.938600000009,1327.435400000006,1373.8315000000002,1414.825600000009,1430.724100000009,1443.6762999999971,1459.3656000000092,1501.5420000000001,1530.650299999997,1554.9055]","[142.43760000000896,166.875799999997,207.49529999999703,230.46979999999706,284.139799999997,310.643700000003,338.619,421.248600000009,601.8735,625.7041000000089,645.505900000006,676.013,764.485100000009,785.811,814.8605,854.4151000000089,1095.4530000000002,1112.0506000000091,1132.0275000000001,1142.2655000000002,1158.3972999999971,1189.710799999997,1233.3115,1246.3960000000002,1278.3662000000031,1297.2532999999971,1316.938700000003,1327.4355,1373.8315000000002,1414.825700000003,1430.724100000009,1443.6762999999971,1459.365700000003,1501.5420000000001,1530.650299999997,1554.9056000000091]",10,"[254.42200000000003,372.402700000003,461.11650000000003,502.735900000006,530.0126000000089,707.5820000000001,750.607,836.241400000006,1266.502700000003,1358.2646000000088]","[254.42210000000892,372.40280000001195,461.116600000009,502.735900000006,530.0126000000089,707.5820000000001,750.607,836.2416000000089,1266.502800000012,1358.2646000000088]","[""scam_button""]",8.777777778,1.6713,4.977777778,2.2457,1.022222222,1.1068,,,,,,resources/images/legit5-EDIT.png,legit,0.65,0.65,0,0,,,,,,,,,,,,,,,,,,,,,,,,,,,,,,,,,,,,,,,,,,0,21,21,12,1,,,,,,,,,,,,,,,,,,,,,,,,,,,,,,,,,,,,,,,,,,,,,,,,,,,,,,,,,,,,,,,,,,,,,,,
,,,,,,,,,,,,,2025-05-08_18h30.57.959,SLSI3_O,2022.2.5,Win32,60.97560976,,,,,,,,,,,47,"[140.944299999997,165.69839999999107,206.65050000000002,228.70809999999403,253.563,282.51259999999405,309.165200000003,337.49159999999404,371.027200000003,419.488200000003,460.16529999999705,501.77609999999413,529.1027000000031,600.8453999999912,624.726700000003,643.8783999999911,674.8183999999911,706.2397999999971,748.5837000000031,763.1912999999971,783.9998999999912,813.3660000000001,835.116099999994,853.1702000000031,1094.374700000003,1111.0557999999971,1130.9170999999942,1141.321200000003,1156.9360999999942,1188.649299999997,1232.3327000000031,1244.8345000000002,1265.460399999991,1277.0025,1296.109200000003,1315.828399999991,1326.340899999991,1357.338799999997,1372.753599999994,1413.8315,1429.662399999991,1442.7225999999941,1458.3210000000001,1500.147899999991,1529.5715,1553.294599999994,1576.6753999999912]","[140.944299999997,165.69850000000002,206.65059999999403,228.70809999999403,253.563,282.512799999997,309.16529999999705,337.491700000003,371.0273999999911,419.48829999999697,460.16550000000007,501.7762000000031,529.1028999999911,600.8453999999912,624.7267999999971,643.8783999999911,674.8185000000001,706.2398999999912,748.583799999997,763.1913999999911,784.0000000000001,813.366099999994,835.116200000003,853.170299999997,1094.374799999997,1111.056,1130.9170999999942,1141.321299999997,1156.9360999999942,1188.6493999999911,1232.3327000000031,1244.834599999994,1265.4605000000001,1277.0025,1296.1093999999912,1315.8285999999941,1326.3410000000001,1357.338899999991,1372.753700000003,1413.8317000000031,1429.6625000000001,1442.722700000003,1458.321299999997,1500.147899999991,1529.571599999994,1553.294700000003,1576.6755]",,37,"[142.43740000000594,166.875700000003,207.49529999999703,230.469700000003,284.139799999997,310.64340000000595,338.618799999997,421.248600000009,601.8735,625.7040000000001,645.505900000006,676.012900000006,764.485,785.810900000006,814.8605,854.415,1095.4529000000061,1112.0505,1132.027400000006,1142.2655000000002,1158.397200000003,1189.710700000003,1233.3114000000062,1246.3960000000002,1278.3662000000031,1297.253200000003,1316.938600000009,1327.435400000006,1373.8315000000002,1414.825600000009,1430.724100000009,1443.6762999999971,1459.3656000000092,1501.5420000000001,1530.650299999997,1554.9055,1577.970100000009]","[142.43760000000896,166.875799999997,207.49529999999703,230.46979999999706,284.139799999997,310.643700000003,338.619,421.248600000009,601.8735,625.7041000000089,645.505900000006,676.013,764.485100000009,785.811,814.8605,854.4151000000089,1095.4530000000002,1112.0506000000091,1132.0275000000001,1142.2655000000002,1158.3972999999971,1189.710799999997,1233.3115,1246.3960000000002,1278.3662000000031,1297.2532999999971,1316.938700000003,1327.4355,1373.8315000000002,1414.825700000003,1430.724100000009,1443.6762999999971,1459.365700000003,1501.5420000000001,1530.650299999997,1554.9056000000091,1577.9702000000032]",10,"[254.42200000000003,372.402700000003,461.11650000000003,502.735900000006,530.0126000000089,707.5820000000001,750.607,836.241400000006,1266.502700000003,1358.2646000000088]","[254.42210000000892,372.40280000001195,461.116600000009,502.735900000006,530.0126000000089,707.5820000000001,750.607,836.2416000000089,1266.502800000012,1358.2646000000088]","[""scam_button""]",8.966666667,1.3164,1.055555556,1.1979,1.055555556,0.7357,,,,,,resources/images/legit7-EDIT.png,legit,0.65,0.65,0,0,,,,,,,,,,,,,,,,,,,,,,,,,,,,,,,,,,,,,,,,,,0,22,22,14,1,,,,,,,,,,,,,,,,,,,,,,,,,,,,,,,,,,,,,,,,,,,,,,,,,,,,,,,,,,,,,,,,,,,,,,,
,,,,,,,,,,,,,2025-05-08_18h30.57.959,SLSI3_O,2022.2.5,Win32,60.97560976,,,,,,,,,,,48,"[140.944299999997,165.69839999999107,206.65050000000002,228.70809999999403,253.563,282.51259999999405,309.165200000003,337.49159999999404,371.027200000003,419.488200000003,460.16529999999705,501.77609999999413,529.1027000000031,600.8453999999912,624.726700000003,643.8783999999911,674.8183999999911,706.2397999999971,748.5837000000031,763.1912999999971,783.9998999999912,813.3660000000001,835.116099999994,853.1702000000031,1094.374700000003,1111.0557999999971,1130.9170999999942,1141.321200000003,1156.9360999999942,1188.649299999997,1232.3327000000031,1244.8345000000002,1265.460399999991,1277.0025,1296.109200000003,1315.828399999991,1326.340899999991,1357.338799999997,1372.753599999994,1413.8315,1429.662399999991,1442.7225999999941,1458.3210000000001,1500.147899999991,1529.5715,1553.294599999994,1576.6753999999912,1584.941700000003]","[140.944299999997,165.69850000000002,206.65059999999403,228.70809999999403,253.563,282.512799999997,309.16529999999705,337.491700000003,371.0273999999911,419.48829999999697,460.16550000000007,501.7762000000031,529.1028999999911,600.8453999999912,624.7267999999971,643.8783999999911,674.8185000000001,706.2398999999912,748.583799999997,763.1913999999911,784.0000000000001,813.366099999994,835.116200000003,853.170299999997,1094.374799999997,1111.056,1130.9170999999942,1141.321299999997,1156.9360999999942,1188.6493999999911,1232.3327000000031,1244.834599999994,1265.4605000000001,1277.0025,1296.1093999999912,1315.8285999999941,1326.3410000000001,1357.338899999991,1372.753700000003,1413.8317000000031,1429.6625000000001,1442.722700000003,1458.321299999997,1500.147899999991,1529.571599999994,1553.294700000003,1576.6755,1584.941799999997]",,38,"[142.43740000000594,166.875700000003,207.49529999999703,230.469700000003,284.139799999997,310.64340000000595,338.618799999997,421.248600000009,601.8735,625.7040000000001,645.505900000006,676.012900000006,764.485,785.810900000006,814.8605,854.415,1095.4529000000061,1112.0505,1132.027400000006,1142.2655000000002,1158.397200000003,1189.710700000003,1233.3114000000062,1246.3960000000002,1278.3662000000031,1297.253200000003,1316.938600000009,1327.435400000006,1373.8315000000002,1414.825600000009,1430.724100000009,1443.6762999999971,1459.3656000000092,1501.5420000000001,1530.650299999997,1554.9055,1577.970100000009,1586.1529000000062]","[142.43760000000896,166.875799999997,207.49529999999703,230.46979999999706,284.139799999997,310.643700000003,338.619,421.248600000009,601.8735,625.7041000000089,645.505900000006,676.013,764.485100000009,785.811,814.8605,854.4151000000089,1095.4530000000002,1112.0506000000091,1132.0275000000001,1142.2655000000002,1158.3972999999971,1189.710799999997,1233.3115,1246.3960000000002,1278.3662000000031,1297.2532999999971,1316.938700000003,1327.4355,1373.8315000000002,1414.825700000003,1430.724100000009,1443.6762999999971,1459.365700000003,1501.5420000000001,1530.650299999997,1554.9056000000091,1577.9702000000032,1586.153100000009]",10,"[254.42200000000003,372.402700000003,461.11650000000003,502.735900000006,530.0126000000089,707.5820000000001,750.607,836.241400000006,1266.502700000003,1358.2646000000088]","[254.42210000000892,372.40280000001195,461.116600000009,502.735900000006,530.0126000000089,707.5820000000001,750.607,836.2416000000089,1266.502800000012,1358.2646000000088]","[""scam_button""]",8.822222222,1.8367,6.077777778,4.7394,1.011111111,0.9526,,,,,,resources/images/scam7.png,scam,0.65,0.65,0,0,,,,,,,,,,,,,,,,,,,,,,,,,,,,,,,,,,,,,,,,,,0,23,23,10,1,,,,,,,,,,,,,,,,,,,,,,,,,,,,,,,,,,,,,,,,,,,,,,,,,,,,,,,,,,,,,,,,,,,,,,,
,,,,,,,,,,,,,2025-05-08_18h30.57.959,SLSI3_O,2022.2.5,Win32,60.97560976,,,,,,,,,,,,,,,,,,,,,,,,,,,,,,,,,,,,,,,,,,,,,,,,,,,,,,,,,,,,,,,,,,,,,,,,,,,,,,,,,,,,,space,12.6448,,,,,,,,,,,,,,,,,,,,,,,,,,,,,,,,,,,,,,,,,,,,,,,,,,,,,,,,,,,,,,,,,,,,,
,,,,,,,,,,,,,2025-05-08_18h30.57.959,SLSI3_O,2022.2.5,Win32,60.97560976,,,,,,,,,,,,,,,,,,,,,,,,,,,,,,,,,,,,,,,,,,,,,,,,,,,,,,,,,,,,,,,,,,,,,,,,,,,,,,,,,,,,,,,5,4.9675,"....is reliable, can always be counted on",0,0,0,4,1,"....is reliable, can always be counted on",,,,,,,,,,,,,,,,,,,,,,,,,,,,,,,,,,,,,,,,,,,,,,,,,,,,,,,,,,,,
,,,,,,,,,,,,,2025-05-08_18h30.57.959,SLSI3_O,2022.2.5,Win32,60.97560976,,,,,,,,,,,,,,,,,,,,,,,,,,,,,,,,,,,,,,,,,,,,,,,,,,,,,,,,,,,,,,,,,,,,,,,,,,,,,,,,,,,,,,,4,3.9546,...finds clever ways to do things,0,1,1,3,1,...finds clever ways to do things,,,,,,,,,,,,,,,,,,,,,,,,,,,,,,,,,,,,,,,,,,,,,,,,,,,,,,,,,,,,
,,,,,,,,,,,,,2025-05-08_18h30.57.959,SLSI3_O,2022.2.5,Win32,60.97560976,,,,,,,,,,,,,,,,,,,,,,,,,,,,,,,,,,,,,,,,,,,,,,,,,,,,,,,,,,,,,,,,,,,,,,,,,,,,,,,,,,,,,,,2,2.1206,...is talktative,0,2,2,1,1,...is talktative,,,,,,,,,,,,,,,,,,,,,,,,,,,,,,,,,,,,,,,,,,,,,,,,,,,,,,,,,,,,
,,,,,,,,,,,,,2025-05-08_18h30.57.959,SLSI3_O,2022.2.5,Win32,60.97560976,,,,,,,,,,,,,,,,,,,,,,,,,,,,,,,,,,,,,,,,,,,,,,,,,,,,,,,,,,,,,,,,,,,,,,,,,,,,,,,,,,,,,,,3,3.8803,...often feels sad,0,3,3,0,1,...often feels sad,,,,,,,,,,,,,,,,,,,,,,,,,,,,,,,,,,,,,,,,,,,,,,,,,,,,,,,,,,,,
,,,,,,,,,,,,,2025-05-08_18h30.57.959,SLSI3_O,2022.2.5,Win32,60.97560976,,,,,,,,,,,,,,,,,,,,,,,,,,,,,,,,,,,,,,,,,,,,,,,,,,,,,,,,,,,,,,,,,,,,,,,,,,,,,,,,,,,,,,,4,2.3573,...is inventive,0,4,4,2,1,...is inventive,,,,,,,,,,,,,,,,,,,,,,,,,,,,,,,,,,,,,,,,,,,,,,,,,,,,,,,,,,,,
,,,,,,,,,,,,,2025-05-08_18h30.57.959,SLSI3_O,2022.2.5,Win32,60.97560976,,,,,,,,,,,,,,,,,,,,,,,,,,,,,,,,,,,,,,,,,,,,,,,,,,,,,,,,,,,,,,,,,,,,,,,,,,,,,,,,,,,,,,,5,3.1756,"...is persistent, works until the task is finished",0,5,5,5,1,"...is persistent, works until the task is finished",,,,,,,,,,,,,,,,,,,,,,,,,,,,,,,,,,,,,,,,,,,,,,,,,,,,,,,,,,,,
,,,,,,,,,,,,,2025-05-08_18h30.57.959,SLSI3_O,2022.2.5,Win32,60.97560976,,,,,,,,,,,,,,,,,,,,,,,,,,,,,,,,,,,,,,,,,,,,,,,,,,,,,,,,,,,,,,,,,,,,,,,,,,,,,,,,,,,,,,,,,,,,,,,,space,5.9502,,,,,,,,,,,,,,,,,,,,,,,,,,,,,,,,,,,,,,,,,,,,,,,,,,,,,,,,,,
,,,,,,,,,,,,,2025-05-08_18h30.57.959,SLSI3_O,2022.2.5,Win32,60.97560976,,,,,,,,,,,,,,,,,,,,,,,,,,,,,,,,,,,,,,,,,,,,,,,,,,,,,,,,,,,,,,,,,,,,,,,,,,,,,,,,,,,,,,,,,,,,,,,,,,3,7.7064,,0,0,0,7,1,I think that I will be remembered for a long time after I die.,,,,,,,,,,,,,,,,,,,,,,,,,,,,,,,,,,,,,,,,,,,,,,,,,
,,,,,,,,,,,,,2025-05-08_18h30.57.959,SLSI3_O,2022.2.5,Win32,60.97560976,,,,,,,,,,,,,,,,,,,,,,,,,,,,,,,,,,,,,,,,,,,,,,,,,,,,,,,,,,,,,,,,,,,,,,,,,,,,,,,,,,,,,,,,,,,,,,,,,,4,10.1453,,0,1,1,3,1,I feel as though I have made a difference to many people.,,,,,,,,,,,,,,,,,,,,,,,,,,,,,,,,,,,,,,,,,,,,,,,,,
,,,,,,,,,,,,,2025-05-08_18h30.57.959,SLSI3_O,2022.2.5,Win32,60.97560976,,,,,,,,,,,,,,,,,,,,,,,,,,,,,,,,,,,,,,,,,,,,,,,,,,,,,,,,,,,,,,,,,,,,,,,,,,,,,,,,,,,,,,,,,,,,,,,,,,2,7.2974,,0,2,2,17,1,I have a responsibility to improve the neighborhood in which I live.,,,,,,,,,,,,,,,,,,,,,,,,,,,,,,,,,,,,,,,,,,,,,,,,,
,,,,,,,,,,,,,2025-05-08_18h30.57.959,SLSI3_O,2022.2.5,Win32,60.97560976,,,,,,,,,,,,,,,,,,,,,,,,,,,,,,,,,,,,,,,,,,,,,,,,,,,,,,,,,,,,,,,,,,,,,,,,,,,,,,,,,,,,,,,,,,,,,,,,,,3,4.3506,,0,3,3,2,1,I think I would like the work of a teacher.,,,,,,,,,,,,,,,,,,,,,,,,,,,,,,,,,,,,,,,,,,,,,,,,,
,,,,,,,,,,,,,2025-05-08_18h30.57.959,SLSI3_O,2022.2.5,Win32,60.97560976,,,,,,,,,,,,,,,,,,,,,,,,,,,,,,,,,,,,,,,,,,,,,,,,,,,,,,,,,,,,,,,,,,,,,,,,,,,,,,,,,,,,,,,,,,,,,,,,,,3,2.9529,,0,4,4,18,1,People come to me for advice.,,,,,,,,,,,,,,,,,,,,,,,,,,,,,,,,,,,,,,,,,,,,,,,,,
,,,,,,,,,,,,,2025-05-08_18h30.57.959,SLSI3_O,2022.2.5,Win32,60.97560976,,,,,,,,,,,,,,,,,,,,,,,,,,,,,,,,,,,,,,,,,,,,,,,,,,,,,,,,,,,,,,,,,,,,,,,,,,,,,,,,,,,,,,,,,,,,,,,,,,3,4.5681,,0,5,5,12,1,I feel that things I have done in my life will survive after I die.,,,,,,,,,,,,,,,,,,,,,,,,,,,,,,,,,,,,,,,,,,,,,,,,,
,,,,,,,,,,,,,2025-05-08_18h30.57.959,SLSI3_O,2022.2.5,Win32,60.97560976,,,,,,,,,,,,,,,,,,,,,,,,,,,,,,,,,,,,,,,,,,,,,,,,,,,,,,,,,,,,,,,,,,,,,,,,,,,,,,,,,,,,,,,,,,,,,,,,,,3,6.6909,,0,6,6,15,1,"I have made many commitments to many different kinds of people, groups, and activities in my life.",,,,,,,,,,,,,,,,,,,,,,,,,,,,,,,,,,,,,,,,,,,,,,,,,
,,,,,,,,,,,,,2025-05-08_18h30.57.959,SLSI3_O,2022.2.5,Win32,60.97560976,,,,,,,,,,,,,,,,,,,,,,,,,,,,,,,,,,,,,,,,,,,,,,,,,,,,,,,,,,,,,,,,,,,,,,,,,,,,,,,,,,,,,,,,,,,,,,,,,,2,2.8476,,0,7,7,4,1,I volunteer to work for a charity.,,,,,,,,,,,,,,,,,,,,,,,,,,,,,,,,,,,,,,,,,,,,,,,,,
,,,,,,,,,,,,,2025-05-08_18h30.57.959,SLSI3_O,2022.2.5,Win32,60.97560976,,,,,,,,,,,,,,,,,,,,,,,,,,,,,,,,,,,,,,,,,,,,,,,,,,,,,,,,,,,,,,,,,,,,,,,,,,,,,,,,,,,,,,,,,,,,,,,,,,4,7.0811,,0,8,8,5,1,I have made and created things that have had an impact on other people.,,,,,,,,,,,,,,,,,,,,,,,,,,,,,,,,,,,,,,,,,,,,,,,,,
,,,,,,,,,,,,,2025-05-08_18h30.57.959,SLSI3_O,2022.2.5,Win32,60.97560976,,,,,,,,,,,,,,,,,,,,,,,,,,,,,,,,,,,,,,,,,,,,,,,,,,,,,,,,,,,,,,,,,,,,,,,,,,,,,,,,,,,,,,,,,,,,,,,,,,4,4.5516,,0,9,9,8,1,I believe that society should be responsible for providing food and shelter for all homeless people.,,,,,,,,,,,,,,,,,,,,,,,,,,,,,,,,,,,,,,,,,,,,,,,,,
,,,,,,,,,,,,,2025-05-08_18h30.57.959,SLSI3_O,2022.2.5,Win32,60.97560976,,,,,,,,,,,,,,,,,,,,,,,,,,,,,,,,,,,,,,,,,,,,,,,,,,,,,,,,,,,,,,,,,,,,,,,,,,,,,,,,,,,,,,,,,,,,,,,,,,4,5.1834,,0,10,10,19,1,I feel as though my contributions will exist after I die.,,,,,,,,,,,,,,,,,,,,,,,,,,,,,,,,,,,,,,,,,,,,,,,,,
,,,,,,,,,,,,,2025-05-08_18h30.57.959,SLSI3_O,2022.2.5,Win32,60.97560976,,,,,,,,,,,,,,,,,,,,,,,,,,,,,,,,,,,,,,,,,,,,,,,,,,,,,,,,,,,,,,,,,,,,,,,,,,,,,,,,,,,,,,,,,,,,,,,,,,4,3.0857,,0,11,11,6,1,I try to be creative in most things that I do.,,,,,,,,,,,,,,,,,,,,,,,,,,,,,,,,,,,,,,,,,,,,,,,,,
,,,,,,,,,,,,,2025-05-08_18h30.57.959,SLSI3_O,2022.2.5,Win32,60.97560976,,,,,,,,,,,,,,,,,,,,,,,,,,,,,,,,,,,,,,,,,,,,,,,,,,,,,,,,,,,,,,,,,,,,,,,,,,,,,,,,,,,,,,,,,,,,,,,,,,3,5.1762,,0,12,12,9,1,Others would say that I have made unique contributions to society.,,,,,,,,,,,,,,,,,,,,,,,,,,,,,,,,,,,,,,,,,,,,,,,,,
,,,,,,,,,,,,,2025-05-08_18h30.57.959,SLSI3_O,2022.2.5,Win32,60.97560976,,,,,,,,,,,,,,,,,,,,,,,,,,,,,,,,,,,,,,,,,,,,,,,,,,,,,,,,,,,,,,,,,,,,,,,,,,,,,,,,,,,,,,,,,,,,,,,,,,4,3.1534,,0,13,13,0,1,Try to pass along the knowledge I have gained through my experiences.,,,,,,,,,,,,,,,,,,,,,,,,,,,,,,,,,,,,,,,,,,,,,,,,,
,,,,,,,,,,,,,2025-05-08_18h30.57.959,SLSI3_O,2022.2.5,Win32,60.97560976,,,,,,,,,,,,,,,,,,,,,,,,,,,,,,,,,,,,,,,,,,,,,,,,,,,,,,,,,,,,,,,,,,,,,,,,,,,,,,,,,,,,,,,,,,,,,,,,,,4,3.2133,,0,14,14,14,1,I feel as though I have done a lot to contribute to others.,,,,,,,,,,,,,,,,,,,,,,,,,,,,,,,,,,,,,,,,,,,,,,,,,
,,,,,,,,,,,,,2025-05-08_18h30.57.959,SLSI3_O,2022.2.5,Win32,60.97560976,,,,,,,,,,,,,,,,,,,,,,,,,,,,,,,,,,,,,,,,,,,,,,,,,,,,,,,,,,,,,,,,,,,,,,,,,,,,,,,,,,,,,,,,,,,,,,,,,,4,1.772,,0,15,15,13,1,"In general, my actions have a positive effect on other people.",,,,,,,,,,,,,,,,,,,,,,,,,,,,,,,,,,,,,,,,,,,,,,,,,
,,,,,,,,,,,,,2025-05-08_18h30.57.959,SLSI3_O,2022.2.5,Win32,60.97560976,,,,,,,,,,,,,,,,,,,,,,,,,,,,,,,,,,,,,,,,,,,,,,,,,,,,,,,,,,,,,,,,,,,,,,,,,,,,,,,,,,,,,,,,,,,,,,,,,,2,4.8003,,0,16,16,10,1,"If I were unable to have children of my own, I would like to adopt children.",,,,,,,,,,,,,,,,,,,,,,,,,,,,,,,,,,,,,,,,,,,,,,,,,
,,,,,,,,,,,,,2025-05-08_18h30.57.959,SLSI3_O,2022.2.5,Win32,60.97560976,,,,,,,,,,,,,,,,,,,,,,,,,,,,,,,,,,,,,,,,,,,,,,,,,,,,,,,,,,,,,,,,,,,,,,,,,,,,,,,,,,,,,,,,,,,,,,,,,,3,3.4183,,0,17,17,16,1,Other people say that I am a very productive person.,,,,,,,,,,,,,,,,,,,,,,,,,,,,,,,,,,,,,,,,,,,,,,,,,
,,,,,,,,,,,,,2025-05-08_18h30.57.959,SLSI3_O,2022.2.5,Win32,60.97560976,,,,,,,,,,,,,,,,,,,,,,,,,,,,,,,,,,,,,,,,,,,,,,,,,,,,,,,,,,,,,,,,,,,,,,,,,,,,,,,,,,,,,,,,,,,,,,,,,,3,2.1868,,0,18,18,11,1,I have important skills that I try to teach others.,,,,,,,,,,,,,,,,,,,,,,,,,,,,,,,,,,,,,,,,,,,,,,,,,
,,,,,,,,,,,,,2025-05-08_18h30.57.959,SLSI3_O,2022.2.5,Win32,60.97560976,,,,,,,,,,,,,,,,,,,,,,,,,,,,,,,,,,,,,,,,,,,,,,,,,,,,,,,,,,,,,,,,,,,,,,,,,,,,,,,,,,,,,,,,,,,,,,,,,,3,3.3619,,0,19,19,1,1,I feel that other people need me.,,,,,,,,,,,,,,,,,,,,,,,,,,,,,,,,,,,,,,,,,,,,,,,,,
,,,,,,,,,,,,,2025-05-08_18h30.57.959,SLSI3_O,2022.2.5,Win32,60.97560976,,,,,,,,,,,,,,,,,,,,,,,,,,,,,,,,,,,,,,,,,,,,,,,,,,,,,,,,,,,,,,,,,,,,,,,,,,,,,,,,,,,,,,,,,,,,,,,,,,,,,,,,,,,space,4.3751,,,,,,,,,,,,,,,,,,,,,,,,,,,,,,,,,,,,,,,,,,,,,,,
,,,,,,,,,,,,,2025-05-08_18h30.57.959,SLSI3_O,2022.2.5,Win32,60.97560976,,,,,,,,,,,,,,,,,,,,,,,,,,,,,,,,,,,,,,,,,,,,,,,,,,,,,,,,,,,,,,,,,,,,,,,,,,,,,,,,,,,,,,,,,,,,,,,,,,,,,,,,,,I feel isolated from others,,,3,2.7574,,0,0,0,13,1,,,,,,,,,,,,,,,,,,,,,,,,,,,,,,,,,,,,,,,
,,,,,,,,,,,,,2025-05-08_18h30.57.959,SLSI3_O,2022.2.5,Win32,60.97560976,,,,,,,,,,,,,,,,,,,,,,,,,,,,,,,,,,,,,,,,,,,,,,,,,,,,,,,,,,,,,,,,,,,,,,,,,,,,,,,,,,,,,,,,,,,,,,,,,,,,,,,,,,There are people I can turn to,,,4,3.0871,,0,1,1,19,1,,,,,,,,,,,,,,,,,,,,,,,,,,,,,,,,,,,,,,,
,,,,,,,,,,,,,2025-05-08_18h30.57.959,SLSI3_O,2022.2.5,Win32,60.97560976,,,,,,,,,,,,,,,,,,,,,,,,,,,,,,,,,,,,,,,,,,,,,,,,,,,,,,,,,,,,,,,,,,,,,,,,,,,,,,,,,,,,,,,,,,,,,,,,,,,,,,,,,,I do not feel alone,,,3,10.0116,,0,2,2,3,1,,,,,,,,,,,,,,,,,,,,,,,,,,,,,,,,,,,,,,,
,,,,,,,,,,,,,2025-05-08_18h30.57.959,SLSI3_O,2022.2.5,Win32,60.97560976,,,,,,,,,,,,,,,,,,,,,,,,,,,,,,,,,,,,,,,,,,,,,,,,,,,,,,,,,,,,,,,,,,,,,,,,,,,,,,,,,,,,,,,,,,,,,,,,,,,,,,,,,,I can find companionship when I want it,,,4,3.1055,,0,3,3,14,1,,,,,,,,,,,,,,,,,,,,,,,,,,,,,,,,,,,,,,,
,,,,,,,,,,,,,2025-05-08_18h30.57.959,SLSI3_O,2022.2.5,Win32,60.97560976,,,,,,,,,,,,,,,,,,,,,,,,,,,,,,,,,,,,,,,,,,,,,,,,,,,,,,,,,,,,,,,,,,,,,,,,,,,,,,,,,,,,,,,,,,,,,,,,,,,,,,,,,,I feel part of a group of friends,,,3,3.7186,,0,4,4,4,1,,,,,,,,,,,,,,,,,,,,,,,,,,,,,,,,,,,,,,,
,,,,,,,,,,,,,2025-05-08_18h30.57.959,SLSI3_O,2022.2.5,Win32,60.97560976,,,,,,,,,,,,,,,,,,,,,,,,,,,,,,,,,,,,,,,,,,,,,,,,,,,,,,,,,,,,,,,,,,,,,,,,,,,,,,,,,,,,,,,,,,,,,,,,,,,,,,,,,,I lack companionship,,,3,2.8568,,0,5,5,1,1,,,,,,,,,,,,,,,,,,,,,,,,,,,,,,,,,,,,,,,
,,,,,,,,,,,,,2025-05-08_18h30.57.959,SLSI3_O,2022.2.5,Win32,60.97560976,,,,,,,,,,,,,,,,,,,,,,,,,,,,,,,,,,,,,,,,,,,,,,,,,,,,,,,,,,,,,,,,,,,,,,,,,,,,,,,,,,,,,,,,,,,,,,,,,,,,,,,,,,There is no one I can turn to,,,1,3.1388,,0,6,6,2,1,,,,,,,,,,,,,,,,,,,,,,,,,,,,,,,,,,,,,,,
,,,,,,,,,,,,,2025-05-08_18h30.57.959,SLSI3_O,2022.2.5,Win32,60.97560976,,,,,,,,,,,,,,,,,,,,,,,,,,,,,,,,,,,,,,,,,,,,,,,,,,,,,,,,,,,,,,,,,,,,,,,,,,,,,,,,,,,,,,,,,,,,,,,,,,,,,,,,,,There are people who really understand me,,,3,5.4162,,0,7,7,15,1,,,,,,,,,,,,,,,,,,,,,,,,,,,,,,,,,,,,,,,
,,,,,,,,,,,,,2025-05-08_18h30.57.959,SLSI3_O,2022.2.5,Win32,60.97560976,,,,,,,,,,,,,,,,,,,,,,,,,,,,,,,,,,,,,,,,,,,,,,,,,,,,,,,,,,,,,,,,,,,,,,,,,,,,,,,,,,,,,,,,,,,,,,,,,,,,,,,,,,There are people I feel close to,,,4,2.9716,,0,8,8,9,1,,,,,,,,,,,,,,,,,,,,,,,,,,,,,,,,,,,,,,,
,,,,,,,,,,,,,2025-05-08_18h30.57.959,SLSI3_O,2022.2.5,Win32,60.97560976,,,,,,,,,,,,,,,,,,,,,,,,,,,,,,,,,,,,,,,,,,,,,,,,,,,,,,,,,,,,,,,,,,,,,,,,,,,,,,,,,,,,,,,,,,,,,,,,,,,,,,,,,,I am unhappy being so withdrawn ,,,1,4.6173,,0,9,9,16,1,,,,,,,,,,,,,,,,,,,,,,,,,,,,,,,,,,,,,,,
,,,,,,,,,,,,,2025-05-08_18h30.57.959,SLSI3_O,2022.2.5,Win32,60.97560976,,,,,,,,,,,,,,,,,,,,,,,,,,,,,,,,,,,,,,,,,,,,,,,,,,,,,,,,,,,,,,,,,,,,,,,,,,,,,,,,,,,,,,,,,,,,,,,,,,,,,,,,,,My interests and ideas are not shared by those around me,,,3,4.7838,,0,10,10,7,1,,,,,,,,,,,,,,,,,,,,,,,,,,,,,,,,,,,,,,,
,,,,,,,,,,,,,2025-05-08_18h30.57.959,SLSI3_O,2022.2.5,Win32,60.97560976,,,,,,,,,,,,,,,,,,,,,,,,,,,,,,,,,,,,,,,,,,,,,,,,,,,,,,,,,,,,,,,,,,,,,,,,,,,,,,,,,,,,,,,,,,,,,,,,,,,,,,,,,,People are around me but not with me,,,3,4.8219,,0,11,11,17,1,,,,,,,,,,,,,,,,,,,,,,,,,,,,,,,,,,,,,,,
,,,,,,,,,,,,,2025-05-08_18h30.57.959,SLSI3_O,2022.2.5,Win32,60.97560976,,,,,,,,,,,,,,,,,,,,,,,,,,,,,,,,,,,,,,,,,,,,,,,,,,,,,,,,,,,,,,,,,,,,,,,,,,,,,,,,,,,,,,,,,,,,,,,,,,,,,,,,,,I feel left out,,,3,2.2919,,0,12,12,10,1,,,,,,,,,,,,,,,,,,,,,,,,,,,,,,,,,,,,,,,
,,,,,,,,,,,,,2025-05-08_18h30.57.959,SLSI3_O,2022.2.5,Win32,60.97560976,,,,,,,,,,,,,,,,,,,,,,,,,,,,,,,,,,,,,,,,,,,,,,,,,,,,,,,,,,,,,,,,,,,,,,,,,,,,,,,,,,,,,,,,,,,,,,,,,,,,,,,,,,There are people I can talk to,,,3,2.4369,,0,13,13,18,1,,,,,,,,,,,,,,,,,,,,,,,,,,,,,,,,,,,,,,,
,,,,,,,,,,,,,2025-05-08_18h30.57.959,SLSI3_O,2022.2.5,Win32,60.97560976,,,,,,,,,,,,,,,,,,,,,,,,,,,,,,,,,,,,,,,,,,,,,,,,,,,,,,,,,,,,,,,,,,,,,,,,,,,,,,,,,,,,,,,,,,,,,,,,,,,,,,,,,,I am an outgoing person,,,2,1.2886,,0,14,14,8,1,,,,,,,,,,,,,,,,,,,,,,,,,,,,,,,,,,,,,,,
,,,,,,,,,,,,,2025-05-08_18h30.57.959,SLSI3_O,2022.2.5,Win32,60.97560976,,,,,,,,,,,,,,,,,,,,,,,,,,,,,,,,,,,,,,,,,,,,,,,,,,,,,,,,,,,,,,,,,,,,,,,,,,,,,,,,,,,,,,,,,,,,,,,,,,,,,,,,,,No one really knows me well,,,2,2.7018,,0,15,15,12,1,,,,,,,,,,,,,,,,,,,,,,,,,,,,,,,,,,,,,,,
,,,,,,,,,,,,,2025-05-08_18h30.57.959,SLSI3_O,2022.2.5,Win32,60.97560976,,,,,,,,,,,,,,,,,,,,,,,,,,,,,,,,,,,,,,,,,,,,,,,,,,,,,,,,,,,,,,,,,,,,,,,,,,,,,,,,,,,,,,,,,,,,,,,,,,,,,,,,,,I feel in tune with the people around me,,,3,4.0088,,0,16,16,0,1,,,,,,,,,,,,,,,,,,,,,,,,,,,,,,,,,,,,,,,
,,,,,,,,,,,,,2025-05-08_18h30.57.959,SLSI3_O,2022.2.5,Win32,60.97560976,,,,,,,,,,,,,,,,,,,,,,,,,,,,,,,,,,,,,,,,,,,,,,,,,,,,,,,,,,,,,,,,,,,,,,,,,,,,,,,,,,,,,,,,,,,,,,,,,,,,,,,,,,My social relationships are superficial,,,2,4.1553,,0,17,17,11,1,,,,,,,,,,,,,,,,,,,,,,,,,,,,,,,,,,,,,,,
,,,,,,,,,,,,,2025-05-08_18h30.57.959,SLSI3_O,2022.2.5,Win32,60.97560976,,,,,,,,,,,,,,,,,,,,,,,,,,,,,,,,,,,,,,,,,,,,,,,,,,,,,,,,,,,,,,,,,,,,,,,,,,,,,,,,,,,,,,,,,,,,,,,,,,,,,,,,,,I have a lot in common with the people around me,,,3,2.3513,,0,18,18,5,1,,,,,,,,,,,,,,,,,,,,,,,,,,,,,,,,,,,,,,,
,,,,,,,,,,,,,2025-05-08_18h30.57.959,SLSI3_O,2022.2.5,Win32,60.97560976,,,,,,,,,,,,,,,,,,,,,,,,,,,,,,,,,,,,,,,,,,,,,,,,,,,,,,,,,,,,,,,,,,,,,,,,,,,,,,,,,,,,,,,,,,,,,,,,,,,,,,,,,,I am no longer close to anyone,,,2,6.2353,,0,19,19,6,1,,,,,,,,,,,,,,,,,,,,,,,,,,,,,,,,,,,,,,,
,,,,,,,,,,,,,2025-05-08_18h30.57.959,SLSI3_O,2022.2.5,Win32,60.97560976,,,,,,,,,,,,,,,,,,,,,,,,,,,,,,,,,,,,,,,,,,,,,,,,,,,,,,,,,,,,,,,,,,,,,,,,,,,,,,,,,,,,,,,,,,,,,,,,,,,,,,,,,,,,,,,,,,,,,space,5.7324,,,,,,,,,,,,,,,,,,,,,,,,,,,,,,,,,,,,,
,,,,,,,,,,,,,2025-05-08_18h30.57.959,SLSI3_O,2022.2.5,Win32,60.97560976,,,,,,,,,,,,,,,,,,,,,,,,,,,,,,,,,,,,,,,,,,,,,,,,,,,,,,,,,,,,,,,,,,,,,,,,,,,,,,,,,,,,,,,,,,,,,,,,,,,,,,,,,,,,,,,,,,,,,,,1,17.6236,"Sometimes when trying to go to sleep, I find my thoughts drift to my concerns about having Alzheimer’s disease or a related dementia.",0,0,0,9,1,"Sometimes when trying to go to sleep, I find my thoughts drift to my concerns about having Alzheimer’s disease or a related dementia.",,,,,,,,,,,,,,,,,,,,,,,,,,,,
,,,,,,,,,,,,,2025-05-08_18h30.57.959,SLSI3_O,2022.2.5,Win32,60.97560976,,,,,,,,,,,,,,,,,,,,,,,,,,,,,,,,,,,,,,,,,,,,,,,,,,,,,,,,,,,,,,,,,,,,,,,,,,,,,,,,,,,,,,,,,,,,,,,,,,,,,,,,,,,,,,,,,,,,,,,1,4.9884,My worries about Alzheimer’s disease and related dementias overwhelm me.,0,1,1,3,1,My worries about Alzheimer’s disease and related dementias overwhelm me.,,,,,,,,,,,,,,,,,,,,,,,,,,,,
,,,,,,,,,,,,,2025-05-08_18h30.57.959,SLSI3_O,2022.2.5,Win32,60.97560976,,,,,,,,,,,,,,,,,,,,,,,,,,,,,,,,,,,,,,,,,,,,,,,,,,,,,,,,,,,,,,,,,,,,,,,,,,,,,,,,,,,,,,,,,,,,,,,,,,,,,,,,,,,,,,,,,,,,,,,1,4.7479,"When I am not distracted, I find my thoughts focusing on my own cognitive changes and concerns.",0,2,2,6,1,"When I am not distracted, I find my thoughts focusing on my own cognitive changes and concerns.",,,,,,,,,,,,,,,,,,,,,,,,,,,,
,,,,,,,,,,,,,2025-05-08_18h30.57.959,SLSI3_O,2022.2.5,Win32,60.97560976,,,,,,,,,,,,,,,,,,,,,,,,,,,,,,,,,,,,,,,,,,,,,,,,,,,,,,,,,,,,,,,,,,,,,,,,,,,,,,,,,,,,,,,,,,,,,,,,,,,,,,,,,,,,,,,,,,,,,,,1,2.5908,"When I can’t remember something, I find myself wondering whether I have Alzheimer’s disease or a related dementia.",0,3,3,2,1,"When I can’t remember something, I find myself wondering whether I have Alzheimer’s disease or a related dementia.",,,,,,,,,,,,,,,,,,,,,,,,,,,,
,,,,,,,,,,,,,2025-05-08_18h30.57.959,SLSI3_O,2022.2.5,Win32,60.97560976,,,,,,,,,,,,,,,,,,,,,,,,,,,,,,,,,,,,,,,,,,,,,,,,,,,,,,,,,,,,,,,,,,,,,,,,,,,,,,,,,,,,,,,,,,,,,,,,,,,,,,,,,,,,,,,,,,,,,,,1,4.8436,I find it difficult to control my worries about developing Alzheimer’s disease and related dementias.,0,4,4,1,1,I find it difficult to control my worries about developing Alzheimer’s disease and related dementias.,,,,,,,,,,,,,,,,,,,,,,,,,,,,
,,,,,,,,,,,,,2025-05-08_18h30.57.959,SLSI3_O,2022.2.5,Win32,60.97560976,,,,,,,,,,,,,,,,,,,,,,,,,,,,,,,,,,,,,,,,,,,,,,,,,,,,,,,,,,,,,,,,,,,,,,,,,,,,,,,,,,,,,,,,,,,,,,,,,,,,,,,,,,,,,,,,,,,,,,,1,8.4685,"More often than not, I find my thoughts returning to concerns that I have Alzheimer’s disease or a related dementia.",0,5,5,4,1,"More often than not, I find my thoughts returning to concerns that I have Alzheimer’s disease or a related dementia.",,,,,,,,,,,,,,,,,,,,,,,,,,,,
,,,,,,,,,,,,,2025-05-08_18h30.57.959,SLSI3_O,2022.2.5,Win32,60.97560976,,,,,,,,,,,,,,,,,,,,,,,,,,,,,,,,,,,,,,,,,,,,,,,,,,,,,,,,,,,,,,,,,,,,,,,,,,,,,,,,,,,,,,,,,,,,,,,,,,,,,,,,,,,,,,,,,,,,,,,1,3.2312,"Once I start worrying about Alzheimer’s disease and related dementias, I just cannot stop.",0,6,6,8,1,"Once I start worrying about Alzheimer’s disease and related dementias, I just cannot stop.",,,,,,,,,,,,,,,,,,,,,,,,,,,,
,,,,,,,,,,,,,2025-05-08_18h30.57.959,SLSI3_O,2022.2.5,Win32,60.97560976,,,,,,,,,,,,,,,,,,,,,,,,,,,,,,,,,,,,,,,,,,,,,,,,,,,,,,,,,,,,,,,,,,,,,,,,,,,,,,,,,,,,,,,,,,,,,,,,,,,,,,,,,,,,,,,,,,,,,,,1,11.7408,I think I probably worry more about Alzheimer’s disease and related dementias than other people my same age.,0,7,7,11,1,I think I probably worry more about Alzheimer’s disease and related dementias than other people my same age.,,,,,,,,,,,,,,,,,,,,,,,,,,,,
,,,,,,,,,,,,,2025-05-08_18h30.57.959,SLSI3_O,2022.2.5,Win32,60.97560976,,,,,,,,,,,,,,,,,,,,,,,,,,,,,,,,,,,,,,,,,,,,,,,,,,,,,,,,,,,,,,,,,,,,,,,,,,,,,,,,,,,,,,,,,,,,,,,,,,,,,,,,,,,,,,,,,,,,,,,1,3.1108,"When I forget a word that I want to say, my thoughts immediately turn to Alzheimer’s disease and related dementias.",0,8,8,10,1,"When I forget a word that I want to say, my thoughts immediately turn to Alzheimer’s disease and related dementias.",,,,,,,,,,,,,,,,,,,,,,,,,,,,
,,,,,,,,,,,,,2025-05-08_18h30.57.959,SLSI3_O,2022.2.5,Win32,60.97560976,,,,,,,,,,,,,,,,,,,,,,,,,,,,,,,,,,,,,,,,,,,,,,,,,,,,,,,,,,,,,,,,,,,,,,,,,,,,,,,,,,,,,,,,,,,,,,,,,,,,,,,,,,,,,,,,,,,,,,,1,3.4743,"Even though I know it doesn’t help to focus on it, I can’t help thinking about whether or not I have Alzheimer’s disease or a related dementia.",0,9,9,7,1,"Even though I know it doesn’t help to focus on it, I can’t help thinking about whether or not I have Alzheimer’s disease or a related dementia.",,,,,,,,,,,,,,,,,,,,,,,,,,,,
,,,,,,,,,,,,,2025-05-08_18h30.57.959,SLSI3_O,2022.2.5,Win32,60.97560976,,,,,,,,,,,,,,,,,,,,,,,,,,,,,,,,,,,,,,,,,,,,,,,,,,,,,,,,,,,,,,,,,,,,,,,,,,,,,,,,,,,,,,,,,,,,,,,,,,,,,,,,,,,,,,,,,,,,,,,1,6.0696,"	When I hear about someone having Alzheimer’s disease or a related dementia, I start to worry about having it myself.",0,10,10,5,1,"	When I hear about someone having Alzheimer’s disease or a related dementia, I start to worry about having it myself.",,,,,,,,,,,,,,,,,,,,,,,,,,,,
,,,,,,,,,,,,,2025-05-08_18h30.57.959,SLSI3_O,2022.2.5,Win32,60.97560976,,,,,,,,,,,,,,,,,,,,,,,,,,,,,,,,,,,,,,,,,,,,,,,,,,,,,,,,,,,,,,,,,,,,,,,,,,,,,,,,,,,,,,,,,,,,,,,,,,,,,,,,,,,,,,,,,,,,,,,1,8.0185,"I know I shouldn’t worry about developing Alzheimer’s disease and related dementias, but I just cannot help it.",0,11,11,0,1,"I know I shouldn’t worry about developing Alzheimer’s disease and related dementias, but I just cannot help it.",,,,,,,,,,,,,,,,,,,,,,,,,,,,
,,,,,,,,,,,,,2025-05-08_18h30.57.959,SLSI3_O,2022.2.5,Win32,60.97560976,,,,,,,,,,,,,,,,,,,,,,,,,,,,,,,,,,,,,,,,,,,,,,,,,,,,,,,,,,,,,,,,,,,,,,,,,,,,,,,,,,,,,,,,,,,,,,,,,,,,,,,,,,,,,,,,,,,,,,,,,,,,,,,,space,5.0824,,,,,,,,,,,,,,,,,,,,,,,,,,
,,,,,,,,,,,,,2025-05-08_18h30.57.959,SLSI3_O,2022.2.5,Win32,60.97560976,,,,,,,,,,,,,,,,,,,,,,,,,,,,,,,,,,,,,,,,,,,,,,,,,,,,,,,,,,,,,,,,,,,,,,,,,,,,,,,,,,,,,,,,,,,,,,,,,,,,,,,,,,,,,,,,,,,,,,,,,,,,,,,,,,1,4.8998,"If a telemarketer calls me, I usually listen to what they have to say",0,0,0,4,1,"If a telemarketer calls me, I usually listen to what they have to say",,,,,,,,,,,,,,,,,
,,,,,,,,,,,,,2025-05-08_18h30.57.959,SLSI3_O,2022.2.5,Win32,60.97560976,,,,,,,,,,,,,,,,,,,,,,,,,,,,,,,,,,,,,,,,,,,,,,,,,,,,,,,,,,,,,,,,,,,,,,,,,,,,,,,,,,,,,,,,,,,,,,,,,,,,,,,,,,,,,,,,,,,,,,,,,,,,,,,,,,1,2.4286,"I have difficulty ending a phone call, even if the caller is a telemarketer, someone I do not know, or someone I do not wish to call me",0,1,1,1,1,"I have difficulty ending a phone call, even if the caller is a telemarketer, someone I do not know, or someone I do not wish to call me",,,,,,,,,,,,,,,,,
,,,,,,,,,,,,,2025-05-08_18h30.57.959,SLSI3_O,2022.2.5,Win32,60.97560976,,,,,,,,,,,,,,,,,,,,,,,,,,,,,,,,,,,,,,,,,,,,,,,,,,,,,,,,,,,,,,,,,,,,,,,,,,,,,,,,,,,,,,,,,,,,,,,,,,,,,,,,,,,,,,,,,,,,,,,,,,,,,,,,,,5,3.7891,Persons over the age of 65 are often targeted by con-artists,0,2,2,3,1,Persons over the age of 65 are often targeted by con-artists,,,,,,,,,,,,,,,,,
,,,,,,,,,,,,,2025-05-08_18h30.57.959,SLSI3_O,2022.2.5,Win32,60.97560976,,,,,,,,,,,,,,,,,,,,,,,,,,,,,,,,,,,,,,,,,,,,,,,,,,,,,,,,,,,,,,,,,,,,,,,,,,,,,,,,,,,,,,,,,,,,,,,,,,,,,,,,,,,,,,,,,,,,,,,,,,,,,,,,,,5,2.5086,"If something sounds too good to be true, it usually is",0,3,3,2,1,"If something sounds too good to be true, it usually is",,,,,,,,,,,,,,,,,
,,,,,,,,,,,,,2025-05-08_18h30.57.959,SLSI3_O,2022.2.5,Win32,60.97560976,,,,,,,,,,,,,,,,,,,,,,,,,,,,,,,,,,,,,,,,,,,,,,,,,,,,,,,,,,,,,,,,,,,,,,,,,,,,,,,,,,,,,,,,,,,,,,,,,,,,,,,,,,,,,,,,,,,,,,,,,,,,,,,,,,1,3.1147,"I answer the phone whenever it rings, even if I do not know who is calling",0,4,4,0,1,"I answer the phone whenever it rings, even if I do not know who is calling",,,,,,,,,,,,,,,,,
,,,,,,,,,,,,,2025-05-08_18h30.57.959,SLSI3_O,2022.2.5,Win32,60.97560976,,,,,,,,,,,,,,,,,,,,,,,,,,,,,,,,,,,,,,,,,,,,,,,,,,,,,,,,,,,,,,,,,,,,,,,,,,,,,,,,,,,,,,,,,,,,,,,,,,,,,,,,,,,,,,,,,,,,,,,,,,,,,,,,,,,,,,,,,,,2.013333333,6.7565,,,,,,,,,,,,,,,
,,,,,,,,,,,,,2025-05-08_18h30.57.959,SLSI3_O,2022.2.5,Win32,60.97560976,,,,,,,,,,,,,,,,,,,,,,,,,,,,,,,,,,,,,,,,,,,,,,,,,,,,,,,,,,,,,,,,,,,,,,,,,,,,,,,,,,,,,,,,,,,,,,,,,,,,,,,,,,,,,,,,,,,,,,,,,,,,,,,,,,,,,,,,,,,,,,,,,,,,,,,,,,,
,,,,,,,,,,,,,2025-05-08_18h30.57.959,SLSI3_O,2022.2.5,Win32,60.97560976,,,,,,,,,,,,,,,,,,,,,,,,,,,,,,,,,,,,,,,,,,,,,,,,,,,,,,,,,,,,,,,,,,,,,,,,,,,,,,,,,,,,,,,,,,,,,,,,,,,,,,,,,,,,,,,,,,,,,,,,,,,,,,,,,,,,,,,,,,,,,"[""female_option""]",,,,,,,,,,,,,,
,,,,,,,,,,,,,2025-05-08_18h30.57.959,SLSI3_O,2022.2.5,Win32,60.97560976,,,,,,,,,,,,,,,,,,,,,,,,,,,,,,,,,,,,,,,,,,,,,,,,,,,,,,,,,,,,,,,,,,,,,,,,,,,,,,,,,,,,,,,,,,,,,,,,,,,,,,,,,,,,,,,,,,,,,,,,,,,,,,,,,,,,,,,,,,,,,,,,,,,,,,,,,,,
,,,,,,,,,,,,,2025-05-08_18h30.57.959,SLSI3_O,2022.2.5,Win32,60.97560976,,,,,,,,,,,,,,,,,,,,,,,,,,,,,,,,,,,,,,,,,,,,,,,,,,,,,,,,,,,,,,,,,,,,,,,,,,,,,,,,,,,,,,,,,,,,,,,,,,,,,,,,,,,,,,,,,,,,,,,,,,,,,,,,,,,,,,,,,,,,,,73,01/01/1952,,,,,,,,,,,,
,,,,,,,,,,,,,2025-05-08_18h30.57.959,SLSI3_O,2022.2.5,Win32,60.97560976,,,,,,,,,,,,,,,,,,,,,,,,,,,,,,,,,,,,,,,,,,,,,,,,,,,,,,,,,,,,,,,,,,,,,,,,,,,,,,,,,,,,,,,,,,,,,,,,,,,,,,,,,,,,,,,,,,,,,,,,,,,,,,,,,,,,,,,,,,,,,,,,,,,,,,,,,,,
,,,,,,,,,,,,,2025-05-08_18h30.57.959,SLSI3_O,2022.2.5,Win32,60.97560976,,,,,,,,,,,,,,,,,,,,,,,,,,,,,,,,,,,,,,,,,,,,,,,,,,,,,,,,,,,,,,,,,,,,,,,,,,,,,,,,,,,,,,,,,,,,,,,,,,,,,,,,,,,,,,,,,,,,,,,,,,,,,,,,,,,,,,,,,,,,,,,,"[""EduOpt5""]",,,,,,,,,,,
,,,,,,,,,,,,,2025-05-08_18h30.57.959,SLSI3_O,2022.2.5,Win32,60.97560976,,,,,,,,,,,,,,,,,,,,,,,,,,,,,,,,,,,,,,,,,,,,,,,,,,,,,,,,,,,,,,,,,,,,,,,,,,,,,,,,,,,,,,,,,,,,,,,,,,,,,,,,,,,,,,,,,,,,,,,,,,,,,,,,,,,,,,,,,,,,,,,,,,,,,,,,,,,
,,,,,,,,,,,,,2025-05-08_18h30.57.959,SLSI3_O,2022.2.5,Win32,60.97560976,,,,,,,,,,,,,,,,,,,,,,,,,,,,,,,,,,,,,,,,,,,,,,,,,,,,,,,,,,,,,,,,,,,,,,,,,,,,,,,,,,,,,,,,,,,,,,,,,,,,,,,,,,,,,,,,,,,,,,,,,,,,,,,,,,,,,,,,,,,,,,,,,"[""EthnOpt3""]",,,,,,,,,,
,,,,,,,,,,,,,2025-05-08_18h30.57.959,SLSI3_O,2022.2.5,Win32,60.97560976,,,,,,,,,,,,,,,,,,,,,,,,,,,,,,,,,,,,,,,,,,,,,,,,,,,,,,,,,,,,,,,,,,,,,,,,,,,,,,,,,,,,,,,,,,,,,,,,,,,,,,,,,,,,,,,,,,,,,,,,,,,,,,,,,,,,,,,,,,,,,,,,,,,,,,,,,,,
,,,,,,,,,,,,,2025-05-08_18h30.57.959,SLSI3_O,2022.2.5,Win32,60.97560976,,,,,,,,,,,,,,,,,,,,,,,,,,,,,,,,,,,,,,,,,,,,,,,,,,,,,,,,,,,,,,,,,,,,,,,,,,,,,,,,,,,,,,,,,,,,,,,,,,,,,,,,,,,,,,,,,,,,,,,,,,,,,,,,,,,,,,,,,,,,,,,,,,"[""EngFlncyY""]",,,,,,,,,
,,,,,,,,,,,,,2025-05-08_18h30.57.959,SLSI3_O,2022.2.5,Win32,60.97560976,,,,,,,,,,,,,,,,,,,,,,,,,,,,,,,,,,,,,,,,,,,,,,,,,,,,,,,,,,,,,,,,,,,,,,,,,,,,,,,,,,,,,,,,,,,,,,,,,,,,,,,,,,,,,,,,,,,,,,,,,,,,,,,,,,,,,,,,,,,,,,,,,,,,,,,,,,,
,,,,,,,,,,,,,2025-05-08_18h30.57.959,SLSI3_O,2022.2.5,Win32,60.97560976,,,,,,,,,,,,,,,,,,,,,,,,,,,,,,,,,,,,,,,,,,,,,,,,,,,,,,,,,,,,,,,,,,,,,,,,,,,,,,,,,,,,,,,,,,,,,,,,,,,,,,,,,,,,,,,,,,,,,,,,,,,,,,,,,,,,,,,,,,,,,,,,,,,0,USA,,,,,,,
,,,,,,,,,,,,,2025-05-08_18h30.57.959,SLSI3_O,2022.2.5,Win32,60.97560976,,,,,,,,,,,,,,,,,,,,,,,,,,,,,,,,,,,,,,,,,,,,,,,,,,,,,,,,,,,,,,,,,,,,,,,,,,,,,,,,,,,,,,,,,,,,,,,,,,,,,,,,,,,,,,,,,,,,,,,,,,,,,,,,,,,,,,,,,,,,,,,,,,,,,,,,,,,
,,,,,,,,,,,,,2025-05-08_18h30.57.959,SLSI3_O,2022.2.5,Win32,60.97560976,,,,,,,,,,,,,,,,,,,,,,,,,,,,,,,,,,,,,,,,,,,,,,,,,,,,,,,,,,,,,,,,,,,,,,,,,,,,,,,,,,,,,,,,,,,,,,,,,,,,,,,,,,,,,,,,,,,,,,,,,,,,,,,,,,,,,,,,,,,,,,,,,,,,,D,,,,,,
,,,,,,,,,,,,,2025-05-08_18h30.57.959,SLSI3_O,2022.2.5,Win32,60.97560976,,,,,,,,,,,,,,,,,,,,,,,,,,,,,,,,,,,,,,,,,,,,,,,,,,,,,,,,,,,,,,,,,,,,,,,,,,,,,,,,,,,,,,,,,,,,,,,,,,,,,,,,,,,,,,,,,,,,,,,,,,,,,,,,,,,,,,,,,,,,,,,,,,,,,,,,,,,
,,,,,,,,,,,,,2025-05-08_18h30.57.959,SLSI3_O,2022.2.5,Win32,60.97560976,,,,,,,,,,,,,,,,,,,,,,,,,,,,,,,,,,,,,,,,,,,,,,,,,,,,,,,,,,,,,,,,,,,,,,,,,,,,,,,,,,,,,,,,,,,,,,,,,,,,,,,,,,,,,,,,,,,,,,,,,,,,,,,,,,,,,,,,,,,,,,,,,,,,,,Eating chips,,,,,
,,,,,,,,,,,,,2025-05-08_18h30.57.959,SLSI3_O,2022.2.5,Win32,60.97560976,,,,,,,,,,,,,,,,,,,,,,,,,,,,,,,,,,,,,,,,,,,,,,,,,,,,,,,,,,,,,,,,,,,,,,,,,,,,,,,,,,,,,,,,,,,,,,,,,,,,,,,,,,,,,,,,,,,,,,,,,,,,,,,,,,,,,,,,,,,,,,,,,,,,,,,,,,,
,,,,,,,,,,,,,2025-05-08_18h30.57.959,SLSI3_O,2022.2.5,Win32,60.97560976,,,,,,,,,,,,,,,,,,,,,,,,,,,,,,,,,,,,,,,,,,,,,,,,,,,,,,,,,,,,,,,,,,,,,,,,,,,,,,,,,,,,,,,,,,,,,,,,,,,,,,,,,,,,,,,,,,,,,,,,,,,,,,,,,,,,,,,,,,,,,,,,,,,,,,,No issues,,,,
,,,,,,,,,,,,,2025-05-08_18h30.57.959,SLSI3_O,2022.2.5,Win32,60.97560976,,,,,,,,,,,,,,,,,,,,,,,,,,,,,,,,,,,,,,,,,,,,,,,,,,,,,,,,,,,,,,,,,,,,,,,,,,,,,,,,,,,,,,,,,,,,,,,,,,,,,,,,,,,,,,,,,,,,,,,,,,,,,,,,,,,,,,,,,,,,,,,,,,,,,,,,,,,
,,,,,,,,,,,,,2025-05-08_18h30.57.959,SLSI3_O,2022.2.5,Win32,60.97560976,,,,,,,,,,,,,,,,,,,,,,,,,,,,,,,,,,,,,,,,,,,,,,,,,,,,,,,,,,,,,,,,,,,,,,,,,,,,,,,,,,,,,,,,,,,,,,,,,,,,,,,,,,,,,,,,,,,,,,,,,,,,,,,,,,,,,,,,,,,,,,,,,,,,,,,,"[""Q4option1""]",,,
,,,,,,,,,,,,,2025-05-08_18h30.57.959,SLSI3_O,2022.2.5,Win32,60.97560976,,,,,,,,,,,,,,,,,,,,,,,,,,,,,,,,,,,,,,,,,,,,,,,,,,,,,,,,,,,,,,,,,,,,,,,,,,,,,,,,,,,,,,,,,,,,,,,,,,,,,,,,,,,,,,,,,,,,,,,,,,,,,,,,,,,,,,,,,,,,,,,,,,,,,,,,,,,
,,,,,,,,,,,,,2025-05-08_18h30.57.959,SLSI3_O,2022.2.5,Win32,60.97560976,,,,,,,,,,,,,,,,,,,,,,,,,,,,,,,,,,,,,,,,,,,,,,,,,,,,,,,,,,,,,,,,,,,,,,,,,,,,,,,,,,,,,,,,,,,,,,,,,,,,,,,,,,,,,,,,,,,,,,,,,,,,,,,,,,,,,,,,,,,,,,,,,,,,,,,,,1,[2094.195799999997],[2094.1959000000056]
