bruinID.text,button.numClicks,button.timesOn,button.timesOff,mouseLogIn.x,mouseLogIn.y,mouseLogIn.leftButton,mouseLogIn.midButton,mouseLogIn.rightButton,mouseLogIn.time,mouseLogIn.clicked_name,participant,session,date,expName,psychopyVersion,OS,frameRate,key_resp_6.keys,key_resp_6.rt,key_resp_5.keys,key_resp_5.rt,subjage_slider.response,subjage_slider.rt,confidence_scale.response,confidence_scale.rt,key_resp_7.keys,key_resp_7.rt,button_2.numClicks,button_2.timesOn,button_2.timesOff,email_type,scam_button.numClicks,scam_button.timesOn,scam_button.timesOff,legit_button.numClicks,legit_button.timesOn,legit_button.timesOff,button_selections_1,confidence_scale_email.response,confidence_scale_email.rt,personal_rel_scale.response,personal_rel_scale.rt,curiosity_scale.response,curiosity_scale.rt,email_loop.thisRepN,email_loop.thisTrialN,email_loop.thisN,email_loop.thisIndex,email_loop.ran,emails,type,xsize,ysize,xpos,ypos,key_resp_11.keys,key_resp_11.rt,key_resp_9.keys,key_resp_9.rt,key_resp_10.keys,key_resp_10.rt,textbox.text,next_button.numClicks,next_button.timesOn,next_button.timesOff,key_resp_8.keys,key_resp_8.rt,mouse.x,mouse.y,mouse.leftButton,mouse.midButton,mouse.rightButton,mouse.time,key_resp_12.keys,key_resp_12.rt,button_3.numClicks,button_3.timesOn,button_3.timesOff,mouse_2.x,mouse_2.y,mouse_2.leftButton,mouse_2.midButton,mouse_2.rightButton,mouse_2.time,button_4.numClicks,button_4.timesOn,button_4.timesOff,mouse_3.x,mouse_3.y,mouse_3.leftButton,mouse_3.midButton,mouse_3.rightButton,mouse_3.time,button_5.numClicks,button_5.timesOn,button_5.timesOff,email_loops2.thisRepN,email_loops2.thisTrialN,email_loops2.thisN,email_loops2.thisIndex,email_loops2.ran,key_resp_3.keys,key_resp_3.rt,slider1_2.response,slider1_2.rt,trust_question,loop_GT.thisRepN,loop_GT.thisTrialN,loop_GT.thisN,loop_GT.thisIndex,loop_GT.ran,Phrases,instructionresp_2.keys,instructionresp_2.rt,key_resp_13.keys,key_resp_13.rt,gen_question,loop_G.thisRepN,loop_G.thisTrialN,loop_G.thisN,loop_G.thisIndex,loop_G.ran,Questions,instructionresp.keys,instructionresp.rt,key_resp_2.keys,key_resp_2.rt,lonely_question,loop_LS.thisRepN,loop_LS.thisTrialN,loop_LS.thisN,loop_LS.thisIndex,loop_LS.ran,key_resp_4.keys,key_resp_4.rt,rating.response,rating.rt,dementia_question,loop_dm.thisRepN,loop_dm.thisTrialN,loop_dm.thisN,loop_dm.thisIndex,loop_dm.ran,Items,key_resp.keys,key_resp.rt,slider1.response,slider1.rt,ss_question,loop_SS.thisRepN,loop_SS.thisTrialN,loop_SS.thisN,loop_SS.thisIndex,loop_SS.ran,Statements,slider.response,slider.rt,Gender,textboxAge.text,textboxBirthday.text,Education Level,Ethnicity,English Fluency,textboxAge_2.text,textboxCountry.text,FQ1textbox.text,textboxQuestion2.text,textboxQuestion3.text,FQ4 selection,Finish.numClicks,Finish.timesOn,Finish.timesOff
5ff07b5ee7a1d23e719e421e,1,[68.98149999999998],[68.98169999992848],-0.02407406,-0.060185185,0,0,1,2.5627,button,,,2025-05-08_19h24.55.117,SLSI3_O,2022.2.5,Win32,60.24096386,,,,,,,,,,,,,,,,,,,,,,,,,,,,,,,,,,,,,,,,,,,,,,,,,,,,,,,,,,,,,,,,,,,,,,,,,,,,,,,,,,,,,,,,,,,,,,,,,,,,,,,,,,,,,,,,,,,,,,,,,,,,,,,,,,,,,,,,,,,,,,,,,,,,,,,,,,,
,,,,,,,,,,,,,2025-05-08_19h24.55.117,SLSI3_O,2022.2.5,Win32,60.24096386,space,3.5308,,,,,,,,,,,,,,,,,,,,,,,,,,,,,,,,,,,,,,,,,,,,,,,,,,,,,,,,,,,,,,,,,,,,,,,,,,,,,,,,,,,,,,,,,,,,,,,,,,,,,,,,,,,,,,,,,,,,,,,,,,,,,,,,,,,,,,,,,,,,,,,,,,,,,,,,,
,,,,,,,,,,,,,2025-05-08_19h24.55.117,SLSI3_O,2022.2.5,Win32,60.24096386,,,space,6.1038,,,,,,,,,,,,,,,,,,,,,,,,,,,,,,,,,,,,,,,,,,,,,,,,,,,,,,,,,,,,,,,,,,,,,,,,,,,,,,,,,,,,,,,,,,,,,,,,,,,,,,,,,,,,,,,,,,,,,,,,,,,,,,,,,,,,,,,,,,,,,,,,,,,,,,,
,,,,,,,,,,,,,2025-05-08_19h24.55.117,SLSI3_O,2022.2.5,Win32,60.24096386,,,,,53.01347511,4.7623,,,,,,,,,,,,,,,,,,,,,,,,,,,,,,,,,,,,,,,,,,,,,,,,,,,,,,,,,,,,,,,,,,,,,,,,,,,,,,,,,,,,,,,,,,,,,,,,,,,,,,,,,,,,,,,,,,,,,,,,,,,,,,,,,,,,,,,,,,,,,,,,,,,,,
,,,,,,,,,,,,,2025-05-08_19h24.55.117,SLSI3_O,2022.2.5,Win32,60.24096386,,,,,,,7.986523405,6.1915,,,,,,,,,,,,,,,,,,,,,,,,,,,,,,,,,,,,,,,,,,,,,,,,,,,,,,,,,,,,,,,,,,,,,,,,,,,,,,,,,,,,,,,,,,,,,,,,,,,,,,,,,,,,,,,,,,,,,,,,,,,,,,,,,,,,,,,,,,,,,,,,,,,
,,,,,,,,,,,,,2025-05-08_19h24.55.117,SLSI3_O,2022.2.5,Win32,60.24096386,,,,,,,,,space,8.8775,,,,,,,,,,,,,,,,,,,,,,,,,,,,,,,,,,,,,,,,,,,,,,,,,,,,,,,,,,,,,,,,,,,,,,,,,,,,,,,,,,,,,,,,,,,,,,,,,,,,,,,,,,,,,,,,,,,,,,,,,,,,,,,,,,,,,,,,,,,,,,,,,
,,,,,,,,,,,,,2025-05-08_19h24.55.117,SLSI3_O,2022.2.5,Win32,60.24096386,,,,,,,,,,,1,[107.99510000002385],[107.99510000002385],,1,[109.19379999995232],[109.19389999997617],0,[],[],"[""scam_button""]",9.021563671,2.744,0.02964976,2.9979,0.040431267,3.5099,0,0,0,1,1,resources/images/scam9.jpg,scam,0.65,0.65,0,0,,,,,,,,,,,,,,,,,,,,,,,,,,,,,,,,,,,,,,,,,,,,,,,,,,,,,,,,,,,,,,,,,,,,,,,,,,,,,,,,,,,,,,,,,,,,,,,,,,,,,,,,,,,,,,,,,,,,,
,,,,,,,,,,,,,2025-05-08_19h24.55.117,SLSI3_O,2022.2.5,Win32,60.24096386,,,,,,,,,,,2,"[107.99510000002385,146.9957000000477]","[107.99510000002385,146.99580000007154]",,1,[109.19379999995232],[109.19389999997617],1,[148.3445],[148.34460000002386],"[""legit_button""]",5.99191424,2.6442,0.040431267,5.7297,0.072776198,2.4076,0,1,1,16,1,resources/images/legit_30.png,legit,1,0.85,0,0,,,,,,,,,,,,,,,,,,,,,,,,,,,,,,,,,,,,,,,,,,,,,,,,,,,,,,,,,,,,,,,,,,,,,,,,,,,,,,,,,,,,,,,,,,,,,,,,,,,,,,,,,,,,,,,,,,,,,
,,,,,,,,,,,,,2025-05-08_19h24.55.117,SLSI3_O,2022.2.5,Win32,60.24096386,,,,,,,,,,,3,"[107.99510000002385,146.9957000000477,195.58060000002385]","[107.99510000002385,146.99580000007154,195.58080000007152]",,1,[109.19379999995232],[109.19389999997617],2,"[148.3445,196.9957000000477]","[148.34460000002386,196.9957999999523]","[""legit_button""]",7.005390671,1.8978,0.083558116,2.6599,0.094339623,0.8211,0,2,2,23,1,resources/images/scam_22.png,scam,1,0.65,0,0,,,,,,,,,,,,,,,,,,,,,,,,,,,,,,,,,,,,,,,,,,,,,,,,,,,,,,,,,,,,,,,,,,,,,,,,,,,,,,,,,,,,,,,,,,,,,,,,,,,,,,,,,,,,,,,,,,,,,
,,,,,,,,,,,,,2025-05-08_19h24.55.117,SLSI3_O,2022.2.5,Win32,60.24096386,,,,,,,,,,,4,"[107.99510000002385,146.9957000000477,195.58060000002385,216.93060000002384]","[107.99510000002385,146.99580000007154,195.58080000007152,216.93060000002384]",,2,"[109.19379999995232,217.96260000002385]","[109.19389999997617,217.96260000002385]",2,"[148.3445,196.9957000000477]","[148.34460000002386,196.9957999999523]","[""scam_button""]",7.005390671,2.0726,0.094339623,1.5899,0.094339623,0.6567,0,3,3,9,1,resources/images/legit_22.png,legit,1,0.78,0,0,,,,,,,,,,,,,,,,,,,,,,,,,,,,,,,,,,,,,,,,,,,,,,,,,,,,,,,,,,,,,,,,,,,,,,,,,,,,,,,,,,,,,,,,,,,,,,,,,,,,,,,,,,,,,,,,,,,,,
,,,,,,,,,,,,,2025-05-08_19h24.55.117,SLSI3_O,2022.2.5,Win32,60.24096386,,,,,,,,,,,5,"[107.99510000002385,146.9957000000477,195.58060000002385,216.93060000002384,246.61480000007148]","[107.99510000002385,146.99580000007154,195.58080000007152,216.93060000002384,246.61499999999998]",,2,"[109.19379999995232,217.96260000002385]","[109.19389999997617,217.96260000002385]",3,"[148.3445,196.9957000000477,247.58620000004765]","[148.34460000002386,196.9957999999523,247.5862999999523]","[""legit_button""]",8.978437645,1.7394,0.956873315,2.6822,0.5579514,1.4736,0,4,4,22,1,resources/images/scam_24.png,scam,1,0.8,0,0,,,,,,,,,,,,,,,,,,,,,,,,,,,,,,,,,,,,,,,,,,,,,,,,,,,,,,,,,,,,,,,,,,,,,,,,,,,,,,,,,,,,,,,,,,,,,,,,,,,,,,,,,,,,,,,,,,,,,
,,,,,,,,,,,,,2025-05-08_19h24.55.117,SLSI3_O,2022.2.5,Win32,60.24096386,,,,,,,,,,,6,"[107.99510000002385,146.9957000000477,195.58060000002385,216.93060000002384,246.61480000007148,270.3648000000715]","[107.99510000002385,146.99580000007154,195.58080000007152,216.93060000002384,246.61499999999998,270.365]",,3,"[109.19379999995232,217.96260000002385,271.73029999995225]","[109.19389999997617,217.96260000002385,271.7303999999761]",3,"[148.3445,196.9957000000477,247.58620000004765]","[148.34460000002386,196.9957999999523,247.5862999999523]","[""scam_button""]",9.032346001,1.7798,0.148247978,1.7565,0.148247978,0.5781,0,5,5,12,1,resources/images/scam17.png,scam,0.8,0.65,0,0,,,,,,,,,,,,,,,,,,,,,,,,,,,,,,,,,,,,,,,,,,,,,,,,,,,,,,,,,,,,,,,,,,,,,,,,,,,,,,,,,,,,,,,,,,,,,,,,,,,,,,,,,,,,,,,,,,,,,
,,,,,,,,,,,,,2025-05-08_19h24.55.117,SLSI3_O,2022.2.5,Win32,60.24096386,,,,,,,,,,,7,"[107.99510000002385,146.9957000000477,195.58060000002385,216.93060000002384,246.61480000007148,270.3648000000715,289.2486000000238]","[107.99510000002385,146.99580000007154,195.58080000007152,216.93060000002384,246.61499999999998,270.365,289.249]",,4,"[109.19379999995232,217.96260000002385,271.73029999995225,290.52099999999996]","[109.19389999997617,217.96260000002385,271.7303999999761,290.5211000000238]",3,"[148.3445,196.9957000000477,247.58620000004765]","[148.34460000002386,196.9957999999523,247.5862999999523]","[""scam_button""]",6.951482315,1.4199,0.169811403,1.4552,0.169811403,0.6217,0,6,6,11,1,resources/images/scam16.png,scam,0.65,0.65,0,0,,,,,,,,,,,,,,,,,,,,,,,,,,,,,,,,,,,,,,,,,,,,,,,,,,,,,,,,,,,,,,,,,,,,,,,,,,,,,,,,,,,,,,,,,,,,,,,,,,,,,,,,,,,,,,,,,,,,,
,,,,,,,,,,,,,2025-05-08_19h24.55.117,SLSI3_O,2022.2.5,Win32,60.24096386,,,,,,,,,,,8,"[107.99510000002385,146.9957000000477,195.58060000002385,216.93060000002384,246.61480000007148,270.3648000000715,289.2486000000238,326.0385]","[107.99510000002385,146.99580000007154,195.58080000007152,216.93060000002384,246.61499999999998,270.365,289.249,326.03860000002385]",,4,"[109.19379999995232,217.96260000002385,271.73029999995225,290.52099999999996]","[109.19389999997617,217.96260000002385,271.7303999999761,290.5211000000238]",4,"[148.3445,196.9957000000477,247.58620000004765,327.0202000000477]","[148.34460000002386,196.9957999999523,247.5862999999523,327.0202000000477]","[""legit_button""]",5.948787391,1.0363,0.115903047,1.728,0.115903047,0.8548,0,7,7,15,1,resources/images/legit16.jpg,legit,0.65,0.65,0,0,,,,,,,,,,,,,,,,,,,,,,,,,,,,,,,,,,,,,,,,,,,,,,,,,,,,,,,,,,,,,,,,,,,,,,,,,,,,,,,,,,,,,,,,,,,,,,,,,,,,,,,,,,,,,,,,,,,,,
,,,,,,,,,,,,,2025-05-08_19h24.55.117,SLSI3_O,2022.2.5,Win32,60.24096386,,,,,,,,,,,9,"[107.99510000002385,146.9957000000477,195.58060000002385,216.93060000002384,246.61480000007148,270.3648000000715,289.2486000000238,326.0385,336.51660000002386]","[107.99510000002385,146.99580000007154,195.58080000007152,216.93060000002384,246.61499999999998,270.365,289.249,326.03860000002385,336.51689999997615]",,5,"[109.19379999995232,217.96260000002385,271.73029999995225,290.52099999999996,337.6371000000238]","[109.19389999997617,217.96260000002385,271.7303999999761,290.5211000000238,337.63719999992844]",4,"[148.3445,196.9957000000477,247.58620000004765,327.0202000000477]","[148.34460000002386,196.9957999999523,247.5862999999523,327.0202000000477]","[""scam_button""]",7.016173,1.6203,0.148247978,1.5755,0.234501265,0.5882,0,8,8,21,1,resources/images/scam_23.png,scam,1,0.8,0,0,,,,,,,,,,,,,,,,,,,,,,,,,,,,,,,,,,,,,,,,,,,,,,,,,,,,,,,,,,,,,,,,,,,,,,,,,,,,,,,,,,,,,,,,,,,,,,,,,,,,,,,,,,,,,,,,,,,,,
,,,,,,,,,,,,,2025-05-08_19h24.55.117,SLSI3_O,2022.2.5,Win32,60.24096386,,,,,,,,,,,10,"[107.99510000002385,146.9957000000477,195.58060000002385,216.93060000002384,246.61480000007148,270.3648000000715,289.2486000000238,326.0385,336.51660000002386,367.80030000007156]","[107.99510000002385,146.99580000007154,195.58080000007152,216.93060000002384,246.61499999999998,270.365,289.249,326.03860000002385,336.51689999997615,367.8005]",,5,"[109.19379999995232,217.96260000002385,271.73029999995225,290.52099999999996,337.6371000000238]","[109.19389999997617,217.96260000002385,271.7303999999761,290.5211000000238,337.63719999992844]",5,"[148.3445,196.9957000000477,247.58620000004765,327.0202000000477,368.9987000000477]","[148.34460000002386,196.9957999999523,247.5862999999523,327.0202000000477,368.99879999995227]","[""legit_button""]",6.013477253,1.3459,0.159029896,1.3963,0.288409621,0.5129,0,9,9,2,1,resources/images/legit11.jpg,legit,0.65,0.65,0,0,,,,,,,,,,,,,,,,,,,,,,,,,,,,,,,,,,,,,,,,,,,,,,,,,,,,,,,,,,,,,,,,,,,,,,,,,,,,,,,,,,,,,,,,,,,,,,,,,,,,,,,,,,,,,,,,,,,,,
,,,,,,,,,,,,,2025-05-08_19h24.55.117,SLSI3_O,2022.2.5,Win32,60.24096386,,,,,,,,,,,11,"[107.99510000002385,146.9957000000477,195.58060000002385,216.93060000002384,246.61480000007148,270.3648000000715,289.2486000000238,326.0385,336.51660000002386,367.80030000007156,396.6007000000477]","[107.99510000002385,146.99580000007154,195.58080000007152,216.93060000002384,246.61499999999998,270.365,289.249,326.03860000002385,336.51689999997615,367.8005,396.60080000007156]",,6,"[109.19379999995232,217.96260000002385,271.73029999995225,290.52099999999996,337.6371000000238,397.69989999997614]","[109.19389999997617,217.96260000002385,271.7303999999761,290.5211000000238,337.63719999992844,397.7001000000238]",5,"[148.3445,196.9957000000477,247.58620000004765,327.0202000000477,368.9987000000477]","[148.34460000002386,196.9957999999523,247.5862999999523,327.0202000000477,368.99879999995227]","[""scam_button""]",4.956873151,1.66,0.137466472,2.7046,0.169811403,0.446,0,10,10,10,1,resources/images/scam15.jpg,scam,0.65,0.65,0,0,,,,,,,,,,,,,,,,,,,,,,,,,,,,,,,,,,,,,,,,,,,,,,,,,,,,,,,,,,,,,,,,,,,,,,,,,,,,,,,,,,,,,,,,,,,,,,,,,,,,,,,,,,,,,,,,,,,,,
,,,,,,,,,,,,,2025-05-08_19h24.55.117,SLSI3_O,2022.2.5,Win32,60.24096386,,,,,,,,,,,12,"[107.99510000002385,146.9957000000477,195.58060000002385,216.93060000002384,246.61480000007148,270.3648000000715,289.2486000000238,326.0385,336.51660000002386,367.80030000007156,396.6007000000477,414.10630000007154]","[107.99510000002385,146.99580000007154,195.58080000007152,216.93060000002384,246.61499999999998,270.365,289.249,326.03860000002385,336.51689999997615,367.8005,396.60080000007156,414.10630000007154]",,6,"[109.19379999995232,217.96260000002385,271.73029999995225,290.52099999999996,337.6371000000238,397.69989999997614]","[109.19389999997617,217.96260000002385,271.7303999999761,290.5211000000238,337.63719999992844,397.7001000000238]",6,"[148.3445,196.9957000000477,247.58620000004765,327.0202000000477,368.9987000000477,415.2165]","[148.34460000002386,196.9957999999523,247.5862999999523,327.0202000000477,368.99879999995227,415.2165]","[""legit_button""]",6.994609164,1.8244,1.010781671,8.8474,1.010781671,1.158,0,11,11,8,1,resources/images/legit_23.png,legit,1,0.65,0,0,,,,,,,,,,,,,,,,,,,,,,,,,,,,,,,,,,,,,,,,,,,,,,,,,,,,,,,,,,,,,,,,,,,,,,,,,,,,,,,,,,,,,,,,,,,,,,,,,,,,,,,,,,,,,,,,,,,,,
,,,,,,,,,,,,,2025-05-08_19h24.55.117,SLSI3_O,2022.2.5,Win32,60.24096386,,,,,,,,,,,13,"[107.99510000002385,146.9957000000477,195.58060000002385,216.93060000002384,246.61480000007148,270.3648000000715,289.2486000000238,326.0385,336.51660000002386,367.80030000007156,396.6007000000477,414.10630000007154,488.0358999999762]","[107.99510000002385,146.99580000007154,195.58080000007152,216.93060000002384,246.61499999999998,270.365,289.249,326.03860000002385,336.51689999997615,367.8005,396.60080000007156,414.10630000007154,488.0361000000239]",,7,"[109.19379999995232,217.96260000002385,271.73029999995225,290.52099999999996,337.6371000000238,397.69989999997614,489.5681000000239]","[109.19389999997617,217.96260000002385,271.7303999999761,290.5211000000238,337.63719999992844,397.7001000000238,489.5681999999285]",6,"[148.3445,196.9957000000477,247.58620000004765,327.0202000000477,368.9987000000477,415.2165]","[148.34460000002386,196.9957999999523,247.5862999999523,327.0202000000477,368.99879999995227,415.2165]","[""scam_button""]",5,2.4887,0.514824962,1.2934,0.514824962,0.5764,0,12,12,14,1,resources/images/scam18.png,scam,1,0.65,0,0,,,,,,,,,,,,,,,,,,,,,,,,,,,,,,,,,,,,,,,,,,,,,,,,,,,,,,,,,,,,,,,,,,,,,,,,,,,,,,,,,,,,,,,,,,,,,,,,,,,,,,,,,,,,,,,,,,,,,
,,,,,,,,,,,,,2025-05-08_19h24.55.117,SLSI3_O,2022.2.5,Win32,60.24096386,,,,,,,,,,,14,"[107.99510000002385,146.9957000000477,195.58060000002385,216.93060000002384,246.61480000007148,270.3648000000715,289.2486000000238,326.0385,336.51660000002386,367.80030000007156,396.6007000000477,414.10630000007154,488.0358999999762,507.70289999997624]","[107.99510000002385,146.99580000007154,195.58080000007152,216.93060000002384,246.61499999999998,270.365,289.249,326.03860000002385,336.51689999997615,367.8005,396.60080000007156,414.10630000007154,488.0361000000239,507.70289999997624]",,7,"[109.19379999995232,217.96260000002385,271.73029999995225,290.52099999999996,337.6371000000238,397.69989999997614,489.5681000000239]","[109.19389999997617,217.96260000002385,271.7303999999761,290.5211000000238,337.63719999992844,397.7001000000238,489.5681999999285]",7,"[148.3445,196.9957000000477,247.58620000004765,327.0202000000477,368.9987000000477,415.2165,509.6847000000477]","[148.34460000002386,196.9957999999523,247.5862999999523,327.0202000000477,368.99879999995227,415.2165,509.6847999999523]","[""legit_button""]",5.043126849,1.376,0.568733318,1.2722,0.579514825,0.5881,0,13,13,4,1,resources/images/legit_19.png,legit,0.65,0.65,0,0,,,,,,,,,,,,,,,,,,,,,,,,,,,,,,,,,,,,,,,,,,,,,,,,,,,,,,,,,,,,,,,,,,,,,,,,,,,,,,,,,,,,,,,,,,,,,,,,,,,,,,,,,,,,,,,,,,,,,
,,,,,,,,,,,,,2025-05-08_19h24.55.117,SLSI3_O,2022.2.5,Win32,60.24096386,,,,,,,,,,,15,"[107.99510000002385,146.9957000000477,195.58060000002385,216.93060000002384,246.61480000007148,270.3648000000715,289.2486000000238,326.0385,336.51660000002386,367.80030000007156,396.6007000000477,414.10630000007154,488.0358999999762,507.70289999997624,519.7365000000001]","[107.99510000002385,146.99580000007154,195.58080000007152,216.93060000002384,246.61499999999998,270.365,289.249,326.03860000002385,336.51689999997615,367.8005,396.60080000007156,414.10630000007154,488.0361000000239,507.70289999997624,519.7366000000239]",,8,"[109.19379999995232,217.96260000002385,271.73029999995225,290.52099999999996,337.6371000000238,397.69989999997614,489.5681000000239,521.1183999999762]","[109.19389999997617,217.96260000002385,271.7303999999761,290.5211000000238,337.63719999992844,397.7001000000238,489.5681999999285,521.1185]",7,"[148.3445,196.9957000000477,247.58620000004765,327.0202000000477,368.9987000000477,415.2165,509.6847000000477]","[148.34460000002386,196.9957999999523,247.5862999999523,327.0202000000477,368.99879999995227,415.2165,509.6847999999523]","[""scam_button""]",7.026954507,1.3072,0.622641674,2.8072,0.622641674,0.6719,0,14,14,20,1,resources/images/scam_30.png,scam,1.45,0.6,0,0,,,,,,,,,,,,,,,,,,,,,,,,,,,,,,,,,,,,,,,,,,,,,,,,,,,,,,,,,,,,,,,,,,,,,,,,,,,,,,,,,,,,,,,,,,,,,,,,,,,,,,,,,,,,,,,,,,,,,
,,,,,,,,,,,,,2025-05-08_19h24.55.117,SLSI3_O,2022.2.5,Win32,60.24096386,,,,,,,,,,,16,"[107.99510000002385,146.9957000000477,195.58060000002385,216.93060000002384,246.61480000007148,270.3648000000715,289.2486000000238,326.0385,336.51660000002386,367.80030000007156,396.6007000000477,414.10630000007154,488.0358999999762,507.70289999997624,519.7365000000001,548.0198999999762]","[107.99510000002385,146.99580000007154,195.58080000007152,216.93060000002384,246.61499999999998,270.365,289.249,326.03860000002385,336.51689999997615,367.8005,396.60080000007156,414.10630000007154,488.0361000000239,507.70289999997624,519.7366000000239,548.0198999999762]",,8,"[109.19379999995232,217.96260000002385,271.73029999995225,290.52099999999996,337.6371000000238,397.69989999997614,489.5681000000239,521.1183999999762]","[109.19389999997617,217.96260000002385,271.7303999999761,290.5211000000238,337.63719999992844,397.7001000000238,489.5681999999285,521.1185]",8,"[148.3445,196.9957000000477,247.58620000004765,327.0202000000477,368.9987000000477,415.2165,509.6847000000477,550.0847999999525]","[148.34460000002386,196.9957999999523,247.5862999999523,327.0202000000477,368.99879999995227,415.2165,509.6847999999523,550.0848999999763]","[""legit_button""]",4.913747124,1.3477,4.96765548,1.3912,4.96765548,0.5422,0,15,15,3,1,resources/images/legit_20.png,legit,0.9,0.8,0,0,,,,,,,,,,,,,,,,,,,,,,,,,,,,,,,,,,,,,,,,,,,,,,,,,,,,,,,,,,,,,,,,,,,,,,,,,,,,,,,,,,,,,,,,,,,,,,,,,,,,,,,,,,,,,,,,,,,,,
,,,,,,,,,,,,,2025-05-08_19h24.55.117,SLSI3_O,2022.2.5,Win32,60.24096386,,,,,,,,,,,17,"[107.99510000002385,146.9957000000477,195.58060000002385,216.93060000002384,246.61480000007148,270.3648000000715,289.2486000000238,326.0385,336.51660000002386,367.80030000007156,396.6007000000477,414.10630000007154,488.0358999999762,507.70289999997624,519.7365000000001,548.0198999999762,588.1046000000239]","[107.99510000002385,146.99580000007154,195.58080000007152,216.93060000002384,246.61499999999998,270.365,289.249,326.03860000002385,336.51689999997615,367.8005,396.60080000007156,414.10630000007154,488.0361000000239,507.70289999997624,519.7366000000239,548.0198999999762,588.1048000000716]",,8,"[109.19379999995232,217.96260000002385,271.73029999995225,290.52099999999996,337.6371000000238,397.69989999997614,489.5681000000239,521.1183999999762]","[109.19389999997617,217.96260000002385,271.7303999999761,290.5211000000238,337.63719999992844,397.7001000000238,489.5681999999285,521.1185]",9,"[148.3445,196.9957000000477,247.58620000004765,327.0202000000477,368.9987000000477,415.2165,509.6847000000477,550.0847999999525,589.1528999999763]","[148.34460000002386,196.9957999999523,247.5862999999523,327.0202000000477,368.99879999995227,415.2165,509.6847999999523,550.0848999999763,589.1528999999763]","[""legit_button""]",6.035040267,3.1645,0.698113454,1.4042,0.644205099,0.6051,0,16,16,7,1,resources/images/legit_21.png,legit,0.8,0.8,0,0,,,,,,,,,,,,,,,,,,,,,,,,,,,,,,,,,,,,,,,,,,,,,,,,,,,,,,,,,,,,,,,,,,,,,,,,,,,,,,,,,,,,,,,,,,,,,,,,,,,,,,,,,,,,,,,,,,,,,
,,,,,,,,,,,,,2025-05-08_19h24.55.117,SLSI3_O,2022.2.5,Win32,60.24096386,,,,,,,,,,,18,"[107.99510000002385,146.9957000000477,195.58060000002385,216.93060000002384,246.61480000007148,270.3648000000715,289.2486000000238,326.0385,336.51660000002386,367.80030000007156,396.6007000000477,414.10630000007154,488.0358999999762,507.70289999997624,519.7365000000001,548.0198999999762,588.1046000000239,613.371100000024]","[107.99510000002385,146.99580000007154,195.58080000007152,216.93060000002384,246.61499999999998,270.365,289.249,326.03860000002385,336.51689999997615,367.8005,396.60080000007156,414.10630000007154,488.0361000000239,507.70289999997624,519.7366000000239,548.0198999999762,588.1048000000716,613.371100000024]",,9,"[109.19379999995232,217.96260000002385,271.73029999995225,290.52099999999996,337.6371000000238,397.69989999997614,489.5681000000239,521.1183999999762,614.5035]","[109.19389999997617,217.96260000002385,271.7303999999761,290.5211000000238,337.63719999992844,397.7001000000238,489.5681999999285,521.1185,614.5036999999286]",9,"[148.3445,196.9957000000477,247.58620000004765,327.0202000000477,368.9987000000477,415.2165,509.6847000000477,550.0847999999525,589.1528999999763]","[148.34460000002386,196.9957999999523,247.5862999999523,327.0202000000477,368.99879999995227,415.2165,509.6847999999523,550.0848999999763,589.1528999999763]","[""scam_button""]",4.978436987,1.574,0.396226333,1.038,0.568733318,0.5055,0,17,17,6,1,resources/images/legit13.jpg,legit,0.65,0.65,0,0,,,,,,,,,,,,,,,,,,,,,,,,,,,,,,,,,,,,,,,,,,,,,,,,,,,,,,,,,,,,,,,,,,,,,,,,,,,,,,,,,,,,,,,,,,,,,,,,,,,,,,,,,,,,,,,,,,,,,
,,,,,,,,,,,,,2025-05-08_19h24.55.117,SLSI3_O,2022.2.5,Win32,60.24096386,,,,,,,,,,,19,"[107.99510000002385,146.9957000000477,195.58060000002385,216.93060000002384,246.61480000007148,270.3648000000715,289.2486000000238,326.0385,336.51660000002386,367.80030000007156,396.6007000000477,414.10630000007154,488.0358999999762,507.70289999997624,519.7365000000001,548.0198999999762,588.1046000000239,613.371100000024,653.2887000000477]","[107.99510000002385,146.99580000007154,195.58080000007152,216.93060000002384,246.61499999999998,270.365,289.249,326.03860000002385,336.51689999997615,367.8005,396.60080000007156,414.10630000007154,488.0361000000239,507.70289999997624,519.7366000000239,548.0198999999762,588.1048000000716,613.371100000024,653.2888000000715]",,9,"[109.19379999995232,217.96260000002385,271.73029999995225,290.52099999999996,337.6371000000238,397.69989999997614,489.5681000000239,521.1183999999762,614.5035]","[109.19389999997617,217.96260000002385,271.7303999999761,290.5211000000238,337.63719999992844,397.7001000000238,489.5681999999285,521.1185,614.5036999999286]",10,"[148.3445,196.9957000000477,247.58620000004765,327.0202000000477,368.9987000000477,415.2165,509.6847000000477,550.0847999999525,589.1528999999763,654.970600000024]","[148.34460000002386,196.9957999999523,247.5862999999523,327.0202000000477,368.99879999995227,415.2165,509.6847999999523,550.0848999999763,589.1528999999763,654.9707000000478]","[""legit_button""]",4.051213432,1.5297,0.482480031,1.4404,0.654986605,0.6107,0,18,18,5,1,resources/images/legit12.jpg,legit,1,0.65,0,0,,,,,,,,,,,,,,,,,,,,,,,,,,,,,,,,,,,,,,,,,,,,,,,,,,,,,,,,,,,,,,,,,,,,,,,,,,,,,,,,,,,,,,,,,,,,,,,,,,,,,,,,,,,,,,,,,,,,,
,,,,,,,,,,,,,2025-05-08_19h24.55.117,SLSI3_O,2022.2.5,Win32,60.24096386,,,,,,,,,,,20,"[107.99510000002385,146.9957000000477,195.58060000002385,216.93060000002384,246.61480000007148,270.3648000000715,289.2486000000238,326.0385,336.51660000002386,367.80030000007156,396.6007000000477,414.10630000007154,488.0358999999762,507.70289999997624,519.7365000000001,548.0198999999762,588.1046000000239,613.371100000024,653.2887000000477,668.2723999999762]","[107.99510000002385,146.99580000007154,195.58080000007152,216.93060000002384,246.61499999999998,270.365,289.249,326.03860000002385,336.51689999997615,367.8005,396.60080000007156,414.10630000007154,488.0361000000239,507.70289999997624,519.7366000000239,548.0198999999762,588.1048000000716,613.371100000024,653.2888000000715,668.2723999999762]",,9,"[109.19379999995232,217.96260000002385,271.73029999995225,290.52099999999996,337.6371000000238,397.69989999997614,489.5681000000239,521.1183999999762,614.5035]","[109.19389999997617,217.96260000002385,271.7303999999761,290.5211000000238,337.63719999992844,397.7001000000238,489.5681999999285,521.1185,614.5036999999286]",11,"[148.3445,196.9957000000477,247.58620000004765,327.0202000000477,368.9987000000477,415.2165,509.6847000000477,550.0847999999525,589.1528999999763,654.970600000024,669.0208999999762]","[148.34460000002386,196.9957999999523,247.5862999999523,327.0202000000477,368.99879999995227,415.2165,509.6847999999523,550.0848999999763,589.1528999999763,654.9707000000478,669.0210000000001]","[""legit_button""]",7.005390671,1.3798,0.816711673,1.6086,0.816711673,0.4243,0,19,19,19,1,resources/images/scam_21.png,scam,1,0.65,0,0,,,,,,,,,,,,,,,,,,,,,,,,,,,,,,,,,,,,,,,,,,,,,,,,,,,,,,,,,,,,,,,,,,,,,,,,,,,,,,,,,,,,,,,,,,,,,,,,,,,,,,,,,,,,,,,,,,,,,
,,,,,,,,,,,,,2025-05-08_19h24.55.117,SLSI3_O,2022.2.5,Win32,60.24096386,,,,,,,,,,,21,"[107.99510000002385,146.9957000000477,195.58060000002385,216.93060000002384,246.61480000007148,270.3648000000715,289.2486000000238,326.0385,336.51660000002386,367.80030000007156,396.6007000000477,414.10630000007154,488.0358999999762,507.70289999997624,519.7365000000001,548.0198999999762,588.1046000000239,613.371100000024,653.2887000000477,668.2723999999762,676.1897000000478]","[107.99510000002385,146.99580000007154,195.58080000007152,216.93060000002384,246.61499999999998,270.365,289.249,326.03860000002385,336.51689999997615,367.8005,396.60080000007156,414.10630000007154,488.0361000000239,507.70289999997624,519.7366000000239,548.0198999999762,588.1048000000716,613.371100000024,653.2888000000715,668.2723999999762,676.1897000000478]",,10,"[109.19379999995232,217.96260000002385,271.73029999995225,290.52099999999996,337.6371000000238,397.69989999997614,489.5681000000239,521.1183999999762,614.5035,677.1546999999285]","[109.19389999997617,217.96260000002385,271.7303999999761,290.5211000000238,337.63719999992844,397.7001000000238,489.5681999999285,521.1185,614.5036999999286,677.1547999999524]",11,"[148.3445,196.9957000000477,247.58620000004765,327.0202000000477,368.9987000000477,415.2165,509.6847000000477,550.0847999999525,589.1528999999763,654.970600000024,669.0208999999762]","[148.34460000002386,196.9957999999523,247.5862999999523,327.0202000000477,368.99879999995227,415.2165,509.6847999999523,550.0848999999763,589.1528999999763,654.9707000000478,669.0210000000001]","[""scam_button""]",7.964959569,1.6286,0.67655003,1.4291,0.67655003,0.3955,0,20,20,18,1,resources/images/scam_20.png,scam,1.45,0.6,0,0,,,,,,,,,,,,,,,,,,,,,,,,,,,,,,,,,,,,,,,,,,,,,,,,,,,,,,,,,,,,,,,,,,,,,,,,,,,,,,,,,,,,,,,,,,,,,,,,,,,,,,,,,,,,,,,,,,,,,
,,,,,,,,,,,,,2025-05-08_19h24.55.117,SLSI3_O,2022.2.5,Win32,60.24096386,,,,,,,,,,,22,"[107.99510000002385,146.9957000000477,195.58060000002385,216.93060000002384,246.61480000007148,270.3648000000715,289.2486000000238,326.0385,336.51660000002386,367.80030000007156,396.6007000000477,414.10630000007154,488.0358999999762,507.70289999997624,519.7365000000001,548.0198999999762,588.1046000000239,613.371100000024,653.2887000000477,668.2723999999762,676.1897000000478,692.9648999999762]","[107.99510000002385,146.99580000007154,195.58080000007152,216.93060000002384,246.61499999999998,270.365,289.249,326.03860000002385,336.51689999997615,367.8005,396.60080000007156,414.10630000007154,488.0361000000239,507.70289999997624,519.7366000000239,548.0198999999762,588.1048000000716,613.371100000024,653.2888000000715,668.2723999999762,676.1897000000478,692.9651000000239]",,10,"[109.19379999995232,217.96260000002385,271.73029999995225,290.52099999999996,337.6371000000238,397.69989999997614,489.5681000000239,521.1183999999762,614.5035,677.1546999999285]","[109.19389999997617,217.96260000002385,271.7303999999761,290.5211000000238,337.63719999992844,397.7001000000238,489.5681999999285,521.1185,614.5036999999286,677.1547999999524]",12,"[148.3445,196.9957000000477,247.58620000004765,327.0202000000477,368.9987000000477,415.2165,509.6847000000477,550.0847999999525,589.1528999999763,654.970600000024,669.0208999999762,693.8875]","[148.34460000002386,196.9957999999523,247.5862999999523,327.0202000000477,368.99879999995227,415.2165,509.6847999999523,550.0848999999763,589.1528999999763,654.9707000000478,669.0210000000001,693.8875]","[""legit_button""]",6.02425876,1.592,1.679245777,1.5598,1.657681941,0.4455,0,21,21,13,1,resources/images/legit15.jpg,legit,0.95,0.65,0,0,,,,,,,,,,,,,,,,,,,,,,,,,,,,,,,,,,,,,,,,,,,,,,,,,,,,,,,,,,,,,,,,,,,,,,,,,,,,,,,,,,,,,,,,,,,,,,,,,,,,,,,,,,,,,,,,,,,,,
,,,,,,,,,,,,,2025-05-08_19h24.55.117,SLSI3_O,2022.2.5,Win32,60.24096386,,,,,,,,,,,23,"[107.99510000002385,146.9957000000477,195.58060000002385,216.93060000002384,246.61480000007148,270.3648000000715,289.2486000000238,326.0385,336.51660000002386,367.80030000007156,396.6007000000477,414.10630000007154,488.0358999999762,507.70289999997624,519.7365000000001,548.0198999999762,588.1046000000239,613.371100000024,653.2887000000477,668.2723999999762,676.1897000000478,692.9648999999762,716.0730000000001]","[107.99510000002385,146.99580000007154,195.58080000007152,216.93060000002384,246.61499999999998,270.365,289.249,326.03860000002385,336.51689999997615,367.8005,396.60080000007156,414.10630000007154,488.0361000000239,507.70289999997624,519.7366000000239,548.0198999999762,588.1048000000716,613.371100000024,653.2888000000715,668.2723999999762,676.1897000000478,692.9651000000239,716.0730000000001]",,11,"[109.19379999995232,217.96260000002385,271.73029999995225,290.52099999999996,337.6371000000238,397.69989999997614,489.5681000000239,521.1183999999762,614.5035,677.1546999999285,717.3556999999286]","[109.19389999997617,217.96260000002385,271.7303999999761,290.5211000000238,337.63719999992844,397.7001000000238,489.5681999999285,521.1185,614.5036999999286,677.1547999999524,717.3556999999286]",12,"[148.3445,196.9957000000477,247.58620000004765,327.0202000000477,368.9987000000477,415.2165,509.6847000000477,550.0847999999525,589.1528999999763,654.970600000024,669.0208999999762,693.8875]","[148.34460000002386,196.9957999999523,247.5862999999523,327.0202000000477,368.99879999995227,415.2165,509.6847999999523,550.0848999999763,589.1528999999763,654.9707000000478,669.0210000000001,693.8875]","[""scam_button""]",5.032345343,1.4391,0.665768112,1.089,0.665768112,0.4878,0,22,22,17,1,resources/images/legitimate_18.png,legit,1,0.65,0,0,,,,,,,,,,,,,,,,,,,,,,,,,,,,,,,,,,,,,,,,,,,,,,,,,,,,,,,,,,,,,,,,,,,,,,,,,,,,,,,,,,,,,,,,,,,,,,,,,,,,,,,,,,,,,,,,,,,,,
,,,,,,,,,,,,,2025-05-08_19h24.55.117,SLSI3_O,2022.2.5,Win32,60.24096386,,,,,,,,,,,24,"[107.99510000002385,146.9957000000477,195.58060000002385,216.93060000002384,246.61480000007148,270.3648000000715,289.2486000000238,326.0385,336.51660000002386,367.80030000007156,396.6007000000477,414.10630000007154,488.0358999999762,507.70289999997624,519.7365000000001,548.0198999999762,588.1046000000239,613.371100000024,653.2887000000477,668.2723999999762,676.1897000000478,692.9648999999762,716.0730000000001,739.5401000000239]","[107.99510000002385,146.99580000007154,195.58080000007152,216.93060000002384,246.61499999999998,270.365,289.249,326.03860000002385,336.51689999997615,367.8005,396.60080000007156,414.10630000007154,488.0361000000239,507.70289999997624,519.7366000000239,548.0198999999762,588.1048000000716,613.371100000024,653.2888000000715,668.2723999999762,676.1897000000478,692.9651000000239,716.0730000000001,739.5403999999762]",,12,"[109.19379999995232,217.96260000002385,271.73029999995225,290.52099999999996,337.6371000000238,397.69989999997614,489.5681000000239,521.1183999999762,614.5035,677.1546999999285,717.3556999999286,740.8226999999285]","[109.19389999997617,217.96260000002385,271.7303999999761,290.5211000000238,337.63719999992844,397.7001000000238,489.5681999999285,521.1185,614.5036999999286,677.1547999999524,717.3556999999286,740.8227999999524]",12,"[148.3445,196.9957000000477,247.58620000004765,327.0202000000477,368.9987000000477,415.2165,509.6847000000477,550.0847999999525,589.1528999999763,654.970600000024,669.0208999999762,693.8875]","[148.34460000002386,196.9957999999523,247.5862999999523,327.0202000000477,368.99879999995227,415.2165,509.6847999999523,550.0848999999763,589.1528999999763,654.9707000000478,669.0210000000001,693.8875]","[""scam_button""]",9.086254356,2.046,0.601078249,1.4771,0.654986605,0.4996,0,23,23,0,1,resources/images/scam8.jpg,scam,0.65,0.65,0,0,,,,,,,,,,,,,,,,,,,,,,,,,,,,,,,,,,,,,,,,,,,,,,,,,,,,,,,,,,,,,,,,,,,,,,,,,,,,,,,,,,,,,,,,,,,,,,,,,,,,,,,,,,,,,,,,,,,,,
,,,,,,,,,,,,,2025-05-08_19h24.55.117,SLSI3_O,2022.2.5,Win32,60.24096386,,,,,,,,,,,,,,,,,,,,,,,,,,,,,,,,,,,,,,,space,6.5751,,,,,,,,,,,,,,,,,,,,,,,,,,,,,,,,,,,,,,,,,,,,,,,,,,,,,,,,,,,,,,,,,,,,,,,,,,,,,,,,,,,,,,,,,,,,,,,,,,,,,,,,,,,,,,,,,,,
,,,,,,,,,,,,,2025-05-08_19h24.55.117,SLSI3_O,2022.2.5,Win32,60.24096386,,,,,,,,,,,,,,,,,,,,,,,,,,,,,,,,,,,,,,,,,space,12.5595,,,,,,,,,,,,,,,,,,,,,,,,,,,,,,,,,,,,,,,,,,,,,,,,,,,,,,,,,,,,,,,,,,,,,,,,,,,,,,,,,,,,,,,,,,,,,,,,,,,,,,,,,,,,,,,,,
,,,,,,,,,,,,,2025-05-08_19h24.55.117,SLSI3_O,2022.2.5,Win32,60.24096386,,,,,,,,,,,,,,,,,,,,,,,,,,,,,,,,,,,,,,,,,,,space,8.1839,,,,,,,,,,,,,,,,,,,,,,,,,,,,,,,,,,,,,,,,,,,,,,,,,,,,,,,,,,,,,,,,,,,,,,,,,,,,,,,,,,,,,,,,,,,,,,,,,,,,,,,,,,,,,,,
,,,,,,,,,,,,,2025-05-08_19h24.55.117,SLSI3_O,2022.2.5,Win32,60.24096386,,,,,,,,,,,,,,,,,,,,,,,,,,,,,,,,,,,,,,,,,,,,,We need additonal information for your account. There are mispellings in the email. There's a problem with your account.,1,[816.4646000000239],[816.4647000000477],,,,,,,,,,,,,,,,,,,,,,,,,,,,,,,,,,,,,,,,,,,,,,,,,,,,,,,,,,,,,,,,,,,,,,,,,,,,,,,,,,,,,,,,,,,,,,,,,,,,,,,,,,,
,,,,,,,,,,,,,2025-05-08_19h24.55.117,SLSI3_O,2022.2.5,Win32,60.24096386,,,,,,,,,,,,,,,,,,,,,,,,,,,,,,,,,,,,,,,,,,,,,,,,,space,10.2663,,,,,,,,,,,,,,,,,,,,,,,,,,,,,,,,,,,,,,,,,,,,,,,,,,,,,,,,,,,,,,,,,,,,,,,,,,,,,,,,,,,,,,,,,,,,,,,,,,,,,,,,,
,,,,,,,,,,,,,2025-05-08_19h24.55.117,SLSI3_O,2022.2.5,Win32,60.24096386,,,,,,,,,,,,,,,,,,,,,,,,,,,,,,,,,,,,,,,,,,,,,,,,,,,"[-0.08840967060099393,-0.3536388057904102,-0.07331531452682782]","[-0.07008086253369272,-0.1660377523005812,0.2587601078167116]","[1,1,1]","[0,0,0]","[0,0,0]","[15.047399999976165,25.56409999990467,43.91429999995239]",,,,,,,,,,,,,,,,,,,,,,,,,,,,,,,,,,,,,,,,,,,,,,,,,,,,,,,,,,,,,,,,,,,,,,,,,,,,,,,,,,,,,,,,,,,,,,,,,,,
,,,,,,,,,,,,,2025-05-08_19h24.55.117,SLSI3_O,2022.2.5,Win32,60.24096386,,,,,,,,,,,,,,,,,,,,,,,,,,,,,,,,,,,,,,,,,,,,,,,,,,,,,,,,,space,6.6154,,,,,,,,,,,,,,,,,,,,,,,,,,,,,,,,,,,,,,,,,,,,,,,,,,,,,,,,,,,,,,,,,,,,,,,,,,,,,,,,,,,,,,,,,,,,,,,,,
,,,,,,,,,,,,,2025-05-08_19h24.55.117,SLSI3_O,2022.2.5,Win32,60.24096386,,,,,,,,,,,,,,,,,,,,,,,,,,,,,,,,,,,,,,,,,,,,,,,,,,,,,,,,,,,1,[890.0017000000478],[890.0017999999524],,,,,,,,,,,,,,,,,,,,,,,,,,,,,,,,,,,,,,,,,,,,,,,,,,,,,,,,,,,,,,,,,,,,,,,,,,,,,,,,,,,,,,,,,,,,,,
,,,,,,,,,,,,,2025-05-08_19h24.55.117,SLSI3_O,2022.2.5,Win32,60.24096386,,,,,,,,,,,,,,,,,,,,,,,,,,,,,,,,,,,,,,,,,,,,,,,,,,,,,,,,,,,,,,"[-0.4819407090343876,-0.0711590131980711,0.15417793047717318]","[0.4409703462914315,0.09164420485175202,-0.06361187628979953]","[1,1,1]","[0,0,0]","[0,0,0]","[9.615600000023846,23.3823999999762,45.61619999992854]",,,,,,,,,,,,,,,,,,,,,,,,,,,,,,,,,,,,,,,,,,,,,,,,,,,,,,,,,,,,,,,,,,,,,,,,,,,,,,,,,,,,,,,,
,,,,,,,,,,,,,2025-05-08_19h24.55.117,SLSI3_O,2022.2.5,Win32,60.24096386,,,,,,,,,,,,,,,,,,,,,,,,,,,,,,,,,,,,,,,,,,,,,,,,,,,,,,,,,space,3.9363,,,,,,,,,,,,,,,,,,,,,,,,,,,,,,,,,,,,,,,,,,,,,,,,,,,,,,,,,,,,,,,,,,,,,,,,,,,,,,,,,,,,,,,,,,,,,,,,,
,,,,,,,,,,,,,2025-05-08_19h24.55.117,SLSI3_O,2022.2.5,Win32,60.24096386,,,,,,,,,,,,,,,,,,,,,,,,,,,,,,,,,,,,,,,,,,,,,,,,,,,,,,,,,,,,,,,,,,,,1,[947.0866000000239],[947.0867000000477],,,,,,,,,,,,,,,,,,,,,,,,,,,,,,,,,,,,,,,,,,,,,,,,,,,,,,,,,,,,,,,,,,,,,,,,,,,,,,,,,,,,,
,,,,,,,,,,,,,2025-05-08_19h24.55.117,SLSI3_O,2022.2.5,Win32,60.24096386,,,,,,,,,,,,,,,,,,,,,,,,,,,,,,,,,,,,,,,,,,,,,,,,,,,,,,,,,,,,,,,,,,,,,,,"[-0.10889486225467486,-0.33207542234353943,-0.36334232628506147,-0.32776281968602594,-0.30727762803234504,-0.30727762803234504,-0.2770889158840128,-0.20053906710642688,-0.1973045328556688,-0.29973040886645047,-0.3202156005201314,-0.2857142857142857,-0.35256065512603185,0.05390835579514825]","[-0.375202189237281,0.10134768421759181,0.05283016400195839,0.049595670880011794,-0.015094356074166105,-0.00970352049465128,-0.1940700808625337,-0.34285717576019203,-0.3288409703504043,-0.119676574542516,-0.015094356074166105,-0.011859862952219509,0.09487869797369862,0.1778975741239892]","[1,1,1,1,1,1,1,1,1,1,1,1,1,1]","[0,0,0,0,0,0,0,0,0,0,0,0,0,0]","[0,0,0,0,0,0,0,0,0,0,0,0,0,0]","[23.32620000004772,25.809399999976222,27.359300000071585,28.276000000000067,33.109500000000025,34.19320000004768,41.29260000002387,50.79399999999998,51.39330000007146,54.860000000000014,56.37670000004766,56.994899999976155,58.29350000000011,65.9430000000001]",,,,,,,,,,,,,,,,,,,,,,,,,,,,,,,,,,,,,,,,,,,,,,,,,,,,,,,,,,,,,,,,,,,,,,,,,,,,,,,
,,,,,,,,,,,,,2025-05-08_19h24.55.117,SLSI3_O,2022.2.5,Win32,60.24096386,,,,,,,,,,,,,,,,,,,,,,,,,,,,,,,,,,,,,,,,,,,,,,,,,,,,,,,,,space,3.0106,,,,,,,,,,,,,,,,,,,,,,,,,,,,,,,,,,,,,,,,,,,,,,,,,,,,,,,,,,,,,,,,,,,,,,,,,,,,,,,,,,,,,,,,,,,,,,,,,
,,,,,,,,,,,,,2025-05-08_19h24.55.117,SLSI3_O,2022.2.5,Win32,60.24096386,,,,,,,,,,,,,,,,,,,,,,,,,,,,,,,,,,,,,,,,,,,,,,,,,,,,,,,,,,,,,,,,,,,,,,,,,,,,,1,[1024.0617999999522],[1024.0621000000237],,,,,,,,,,,,,,,,,,,,,,,,,,,,,,,,,,,,,,,,,,,,,,,,,,,,,,,,,,,,,,,,,,,,,,,,,,,,
,,,,,,,,,,,,,2025-05-08_19h24.55.117,SLSI3_O,2022.2.5,Win32,60.24096386,,,,,,,,,space,8.0871,,,,,,,,,,,,,,,,,,,,,,,,,,,,,,,,,,,,,,,,,,,,,,,,,,,,,,,,,,,,,,,,,,,,,,,,,,,,,,,,,,,,,,,,,,,,,,,,,,,,,,,,,,,,,,,,,,,,,,,,,,,,,,,,,,,,,,,,,,,,,,,,,
,,,,,,,,,,,,,2025-05-08_19h24.55.117,SLSI3_O,2022.2.5,Win32,60.24096386,,,,,,,,,,,25,"[107.99510000002385,146.9957000000477,195.58060000002385,216.93060000002384,246.61480000007148,270.3648000000715,289.2486000000238,326.0385,336.51660000002386,367.80030000007156,396.6007000000477,414.10630000007154,488.0358999999762,507.70289999997624,519.7365000000001,548.0198999999762,588.1046000000239,613.371100000024,653.2887000000477,668.2723999999762,676.1897000000478,692.9648999999762,716.0730000000001,739.5401000000239,1048.5792000000476]","[107.99510000002385,146.99580000007154,195.58080000007152,216.93060000002384,246.61499999999998,270.365,289.249,326.03860000002385,336.51689999997615,367.8005,396.60080000007156,414.10630000007154,488.0361000000239,507.70289999997624,519.7366000000239,548.0198999999762,588.1048000000716,613.371100000024,653.2888000000715,668.2723999999762,676.1897000000478,692.9651000000239,716.0730000000001,739.5403999999762,1048.5793999999762]",,13,"[109.19379999995232,217.96260000002385,271.73029999995225,290.52099999999996,337.6371000000238,397.69989999997614,489.5681000000239,521.1183999999762,614.5035,677.1546999999285,717.3556999999286,740.8226999999285,1049.6613999999763]","[109.19389999997617,217.96260000002385,271.7303999999761,290.5211000000238,337.63719999992844,397.7001000000238,489.5681999999285,521.1185,614.5036999999286,677.1547999999524,717.3556999999286,740.8227999999524,1049.661600000024]",12,"[148.3445,196.9957000000477,247.58620000004765,327.0202000000477,368.9987000000477,415.2165,509.6847000000477,550.0847999999525,589.1528999999763,654.970600000024,669.0208999999762,693.8875]","[148.34460000002386,196.9957999999523,247.5862999999523,327.0202000000477,368.99879999995227,415.2165,509.6847999999523,550.0848999999763,589.1528999999763,654.9707000000478,669.0210000000001,693.8875]","[""scam_button""]",8.989218329,2.1474,0.407008251,2.2895,0.439353182,0.771,,,,,,resources/images/legit8.png,legit,0.8,0.72,0,0,,,,,,,,,,,,,,,,,,,,,,,,,,,,,,,,,,,,,,,,,,0,0,0,15,1,,,,,,,,,,,,,,,,,,,,,,,,,,,,,,,,,,,,,,,,,,,,,,,,,,,,,,,,,,,,,,,,,,,,,,,
,,,,,,,,,,,,,2025-05-08_19h24.55.117,SLSI3_O,2022.2.5,Win32,60.24096386,,,,,,,,,,,26,"[107.99510000002385,146.9957000000477,195.58060000002385,216.93060000002384,246.61480000007148,270.3648000000715,289.2486000000238,326.0385,336.51660000002386,367.80030000007156,396.6007000000477,414.10630000007154,488.0358999999762,507.70289999997624,519.7365000000001,548.0198999999762,588.1046000000239,613.371100000024,653.2887000000477,668.2723999999762,676.1897000000478,692.9648999999762,716.0730000000001,739.5401000000239,1048.5792000000476,1078.5305]","[107.99510000002385,146.99580000007154,195.58080000007152,216.93060000002384,246.61499999999998,270.365,289.249,326.03860000002385,336.51689999997615,367.8005,396.60080000007156,414.10630000007154,488.0361000000239,507.70289999997624,519.7366000000239,548.0198999999762,588.1048000000716,613.371100000024,653.2888000000715,668.2723999999762,676.1897000000478,692.9651000000239,716.0730000000001,739.5403999999762,1048.5793999999762,1078.530600000024]",,14,"[109.19379999995232,217.96260000002385,271.73029999995225,290.52099999999996,337.6371000000238,397.69989999997614,489.5681000000239,521.1183999999762,614.5035,677.1546999999285,717.3556999999286,740.8226999999285,1049.6613999999763,1079.5125]","[109.19389999997617,217.96260000002385,271.7303999999761,290.5211000000238,337.63719999992844,397.7001000000238,489.5681999999285,521.1185,614.5036999999286,677.1547999999524,717.3556999999286,740.8227999999524,1049.661600000024,1079.5125]",12,"[148.3445,196.9957000000477,247.58620000004765,327.0202000000477,368.9987000000477,415.2165,509.6847000000477,550.0847999999525,589.1528999999763,654.970600000024,669.0208999999762,693.8875]","[148.34460000002386,196.9957999999523,247.5862999999523,327.0202000000477,368.99879999995227,415.2165,509.6847999999523,550.0848999999763,589.1528999999763,654.9707000000478,669.0210000000001,693.8875]","[""scam_button""]",7.986523405,1.6216,0.590296743,1.2272,0.590296743,0.5053,,,,,,resources/images/scam_1.png,scam,1,0.65,0,0,,,,,,,,,,,,,,,,,,,,,,,,,,,,,,,,,,,,,,,,,,0,1,1,0,1,,,,,,,,,,,,,,,,,,,,,,,,,,,,,,,,,,,,,,,,,,,,,,,,,,,,,,,,,,,,,,,,,,,,,,,
,,,,,,,,,,,,,2025-05-08_19h24.55.117,SLSI3_O,2022.2.5,Win32,60.24096386,,,,,,,,,,,27,"[107.99510000002385,146.9957000000477,195.58060000002385,216.93060000002384,246.61480000007148,270.3648000000715,289.2486000000238,326.0385,336.51660000002386,367.80030000007156,396.6007000000477,414.10630000007154,488.0358999999762,507.70289999997624,519.7365000000001,548.0198999999762,588.1046000000239,613.371100000024,653.2887000000477,668.2723999999762,676.1897000000478,692.9648999999762,716.0730000000001,739.5401000000239,1048.5792000000476,1078.5305,1127.3518000000715]","[107.99510000002385,146.99580000007154,195.58080000007152,216.93060000002384,246.61499999999998,270.365,289.249,326.03860000002385,336.51689999997615,367.8005,396.60080000007156,414.10630000007154,488.0361000000239,507.70289999997624,519.7366000000239,548.0198999999762,588.1048000000716,613.371100000024,653.2888000000715,668.2723999999762,676.1897000000478,692.9651000000239,716.0730000000001,739.5403999999762,1048.5793999999762,1078.530600000024,1127.3518000000715]",,15,"[109.19379999995232,217.96260000002385,271.73029999995225,290.52099999999996,337.6371000000238,397.69989999997614,489.5681000000239,521.1183999999762,614.5035,677.1546999999285,717.3556999999286,740.8226999999285,1049.6613999999763,1079.5125,1128.3796000000239]","[109.19389999997617,217.96260000002385,271.7303999999761,290.5211000000238,337.63719999992844,397.7001000000238,489.5681999999285,521.1185,614.5036999999286,677.1547999999524,717.3556999999286,740.8227999999524,1049.661600000024,1079.5125,1128.3796999999286]",12,"[148.3445,196.9957000000477,247.58620000004765,327.0202000000477,368.9987000000477,415.2165,509.6847000000477,550.0847999999525,589.1528999999763,654.970600000024,669.0208999999762,693.8875]","[148.34460000002386,196.9957999999523,247.5862999999523,327.0202000000477,368.99879999995227,415.2165,509.6847999999523,550.0848999999763,589.1528999999763,654.9707000000478,669.0210000000001,693.8875]","[""scam_button""]",8.029649431,1.373,0.665768112,1.2536,0.590296743,0.7336,,,,,,resources/images/scam14-EDIT.png,scam,1,0.65,0,0,,,,,,,,,,,,,,,,,,,,,,,,,,,,,,,,,,,,,,,,,,0,2,2,23,1,,,,,,,,,,,,,,,,,,,,,,,,,,,,,,,,,,,,,,,,,,,,,,,,,,,,,,,,,,,,,,,,,,,,,,,
,,,,,,,,,,,,,2025-05-08_19h24.55.117,SLSI3_O,2022.2.5,Win32,60.24096386,,,,,,,,,,,28,"[107.99510000002385,146.9957000000477,195.58060000002385,216.93060000002384,246.61480000007148,270.3648000000715,289.2486000000238,326.0385,336.51660000002386,367.80030000007156,396.6007000000477,414.10630000007154,488.0358999999762,507.70289999997624,519.7365000000001,548.0198999999762,588.1046000000239,613.371100000024,653.2887000000477,668.2723999999762,676.1897000000478,692.9648999999762,716.0730000000001,739.5401000000239,1048.5792000000476,1078.5305,1127.3518000000715,1178.3161000000239]","[107.99510000002385,146.99580000007154,195.58080000007152,216.93060000002384,246.61499999999998,270.365,289.249,326.03860000002385,336.51689999997615,367.8005,396.60080000007156,414.10630000007154,488.0361000000239,507.70289999997624,519.7366000000239,548.0198999999762,588.1048000000716,613.371100000024,653.2888000000715,668.2723999999762,676.1897000000478,692.9651000000239,716.0730000000001,739.5403999999762,1048.5793999999762,1078.530600000024,1127.3518000000715,1178.3162000000477]",,16,"[109.19379999995232,217.96260000002385,271.73029999995225,290.52099999999996,337.6371000000238,397.69989999997614,489.5681000000239,521.1183999999762,614.5035,677.1546999999285,717.3556999999286,740.8226999999285,1049.6613999999763,1079.5125,1128.3796000000239,1179.3205]","[109.19389999997617,217.96260000002385,271.7303999999761,290.5211000000238,337.63719999992844,397.7001000000238,489.5681999999285,521.1185,614.5036999999286,677.1547999999524,717.3556999999286,740.8227999999524,1049.661600000024,1079.5125,1128.3796999999286,1179.3205]",12,"[148.3445,196.9957000000477,247.58620000004765,327.0202000000477,368.9987000000477,415.2165,509.6847000000477,550.0847999999525,589.1528999999763,654.970600000024,669.0208999999762,693.8875]","[148.34460000002386,196.9957999999523,247.5862999999523,327.0202000000477,368.99879999995227,415.2165,509.6847999999523,550.0848999999763,589.1528999999763,654.9707000000478,669.0210000000001,693.8875]","[""scam_button""]",9.884097364,1.5736,0.827493179,1.4413,0.784366741,0.4045,,,,,,resources/images/scam12.jpg,scam,0.65,0.65,0,0,,,,,,,,,,,,,,,,,,,,,,,,,,,,,,,,,,,,,,,,,,0,3,3,20,1,,,,,,,,,,,,,,,,,,,,,,,,,,,,,,,,,,,,,,,,,,,,,,,,,,,,,,,,,,,,,,,,,,,,,,,
,,,,,,,,,,,,,2025-05-08_19h24.55.117,SLSI3_O,2022.2.5,Win32,60.24096386,,,,,,,,,,,29,"[107.99510000002385,146.9957000000477,195.58060000002385,216.93060000002384,246.61480000007148,270.3648000000715,289.2486000000238,326.0385,336.51660000002386,367.80030000007156,396.6007000000477,414.10630000007154,488.0358999999762,507.70289999997624,519.7365000000001,548.0198999999762,588.1046000000239,613.371100000024,653.2887000000477,668.2723999999762,676.1897000000478,692.9648999999762,716.0730000000001,739.5401000000239,1048.5792000000476,1078.5305,1127.3518000000715,1178.3161000000239,1222.5658000000715]","[107.99510000002385,146.99580000007154,195.58080000007152,216.93060000002384,246.61499999999998,270.365,289.249,326.03860000002385,336.51689999997615,367.8005,396.60080000007156,414.10630000007154,488.0361000000239,507.70289999997624,519.7366000000239,548.0198999999762,588.1048000000716,613.371100000024,653.2888000000715,668.2723999999762,676.1897000000478,692.9651000000239,716.0730000000001,739.5403999999762,1048.5793999999762,1078.530600000024,1127.3518000000715,1178.3162000000477,1222.5658999999762]",,17,"[109.19379999995232,217.96260000002385,271.73029999995225,290.52099999999996,337.6371000000238,397.69989999997614,489.5681000000239,521.1183999999762,614.5035,677.1546999999285,717.3556999999286,740.8226999999285,1049.6613999999763,1079.5125,1128.3796000000239,1179.3205,1223.532100000024]","[109.19389999997617,217.96260000002385,271.7303999999761,290.5211000000238,337.63719999992844,397.7001000000238,489.5681999999285,521.1185,614.5036999999286,677.1547999999524,717.3556999999286,740.8227999999524,1049.661600000024,1079.5125,1128.3796999999286,1179.3205,1223.5322999999523]",12,"[148.3445,196.9957000000477,247.58620000004765,327.0202000000477,368.9987000000477,415.2165,509.6847000000477,550.0847999999525,589.1528999999763,654.970600000024,669.0208999999762,693.8875]","[148.34460000002386,196.9957999999523,247.5862999999523,327.0202000000477,368.99879999995227,415.2165,509.6847999999523,550.0848999999763,589.1528999999763,654.9707000000478,669.0210000000001,693.8875]","[""scam_button""]",5.894879035,1.4043,0.665768112,1.2763,0.708894961,0.4215,,,,,,resources/images/legit10-EDIT.png,legit,1,0.65,0,0,,,,,,,,,,,,,,,,,,,,,,,,,,,,,,,,,,,,,,,,,,0,4,4,18,1,,,,,,,,,,,,,,,,,,,,,,,,,,,,,,,,,,,,,,,,,,,,,,,,,,,,,,,,,,,,,,,,,,,,,,,
,,,,,,,,,,,,,2025-05-08_19h24.55.117,SLSI3_O,2022.2.5,Win32,60.24096386,,,,,,,,,,,30,"[107.99510000002385,146.9957000000477,195.58060000002385,216.93060000002384,246.61480000007148,270.3648000000715,289.2486000000238,326.0385,336.51660000002386,367.80030000007156,396.6007000000477,414.10630000007154,488.0358999999762,507.70289999997624,519.7365000000001,548.0198999999762,588.1046000000239,613.371100000024,653.2887000000477,668.2723999999762,676.1897000000478,692.9648999999762,716.0730000000001,739.5401000000239,1048.5792000000476,1078.5305,1127.3518000000715,1178.3161000000239,1222.5658000000715,1248.2223999999762]","[107.99510000002385,146.99580000007154,195.58080000007152,216.93060000002384,246.61499999999998,270.365,289.249,326.03860000002385,336.51689999997615,367.8005,396.60080000007156,414.10630000007154,488.0361000000239,507.70289999997624,519.7366000000239,548.0198999999762,588.1048000000716,613.371100000024,653.2888000000715,668.2723999999762,676.1897000000478,692.9651000000239,716.0730000000001,739.5403999999762,1048.5793999999762,1078.530600000024,1127.3518000000715,1178.3162000000477,1222.5658999999762,1248.2225]",,18,"[109.19379999995232,217.96260000002385,271.73029999995225,290.52099999999996,337.6371000000238,397.69989999997614,489.5681000000239,521.1183999999762,614.5035,677.1546999999285,717.3556999999286,740.8226999999285,1049.6613999999763,1079.5125,1128.3796000000239,1179.3205,1223.532100000024,1249.1711999999286]","[109.19389999997617,217.96260000002385,271.7303999999761,290.5211000000238,337.63719999992844,397.7001000000238,489.5681999999285,521.1185,614.5036999999286,677.1547999999524,717.3556999999286,740.8227999999524,1049.661600000024,1079.5125,1128.3796999999286,1179.3205,1223.5322999999523,1249.1711999999286]",12,"[148.3445,196.9957000000477,247.58620000004765,327.0202000000477,368.9987000000477,415.2165,509.6847000000477,550.0847999999525,589.1528999999763,654.970600000024,669.0208999999762,693.8875]","[148.34460000002386,196.9957999999523,247.5862999999523,327.0202000000477,368.99879999995227,415.2165,509.6847999999523,550.0848999999763,589.1528999999763,654.9707000000478,669.0210000000001,693.8875]","[""scam_button""]",6.994609164,1.5329,0.536388387,1.0998,0.547169894,0.4561,,,,,,resources/images/legit2.jpg,legit,1,0.65,0,0,,,,,,,,,,,,,,,,,,,,,,,,,,,,,,,,,,,,,,,,,,0,5,5,4,1,,,,,,,,,,,,,,,,,,,,,,,,,,,,,,,,,,,,,,,,,,,,,,,,,,,,,,,,,,,,,,,,,,,,,,,
,,,,,,,,,,,,,2025-05-08_19h24.55.117,SLSI3_O,2022.2.5,Win32,60.24096386,,,,,,,,,,,31,"[107.99510000002385,146.9957000000477,195.58060000002385,216.93060000002384,246.61480000007148,270.3648000000715,289.2486000000238,326.0385,336.51660000002386,367.80030000007156,396.6007000000477,414.10630000007154,488.0358999999762,507.70289999997624,519.7365000000001,548.0198999999762,588.1046000000239,613.371100000024,653.2887000000477,668.2723999999762,676.1897000000478,692.9648999999762,716.0730000000001,739.5401000000239,1048.5792000000476,1078.5305,1127.3518000000715,1178.3161000000239,1222.5658000000715,1248.2223999999762,1273.1177000000478]","[107.99510000002385,146.99580000007154,195.58080000007152,216.93060000002384,246.61499999999998,270.365,289.249,326.03860000002385,336.51689999997615,367.8005,396.60080000007156,414.10630000007154,488.0361000000239,507.70289999997624,519.7366000000239,548.0198999999762,588.1048000000716,613.371100000024,653.2888000000715,668.2723999999762,676.1897000000478,692.9651000000239,716.0730000000001,739.5403999999762,1048.5793999999762,1078.530600000024,1127.3518000000715,1178.3162000000477,1222.5658999999762,1248.2225,1273.1178999999763]",,18,"[109.19379999995232,217.96260000002385,271.73029999995225,290.52099999999996,337.6371000000238,397.69989999997614,489.5681000000239,521.1183999999762,614.5035,677.1546999999285,717.3556999999286,740.8226999999285,1049.6613999999763,1079.5125,1128.3796000000239,1179.3205,1223.532100000024,1249.1711999999286]","[109.19389999997617,217.96260000002385,271.7303999999761,290.5211000000238,337.63719999992844,397.7001000000238,489.5681999999285,521.1185,614.5036999999286,677.1547999999524,717.3556999999286,740.8227999999524,1049.661600000024,1079.5125,1128.3796999999286,1179.3205,1223.5322999999523,1249.1711999999286]",13,"[148.3445,196.9957000000477,247.58620000004765,327.0202000000477,368.9987000000477,415.2165,509.6847000000477,550.0847999999525,589.1528999999763,654.970600000024,669.0208999999762,693.8875,1273.9661000000237]","[148.34460000002386,196.9957999999523,247.5862999999523,327.0202000000477,368.99879999995227,415.2165,509.6847999999523,550.0848999999763,589.1528999999763,654.9707000000478,669.0210000000001,693.8875,1273.9662000000476]","[""legit_button""]",7.016173,1.5409,0.698113454,1.0978,0.762803317,0.5248,,,,,,resources/images/legit1.png,legit,1,0.72,0,0,,,,,,,,,,,,,,,,,,,,,,,,,,,,,,,,,,,,,,,,,,0,6,6,3,1,,,,,,,,,,,,,,,,,,,,,,,,,,,,,,,,,,,,,,,,,,,,,,,,,,,,,,,,,,,,,,,,,,,,,,,
,,,,,,,,,,,,,2025-05-08_19h24.55.117,SLSI3_O,2022.2.5,Win32,60.24096386,,,,,,,,,,,32,"[107.99510000002385,146.9957000000477,195.58060000002385,216.93060000002384,246.61480000007148,270.3648000000715,289.2486000000238,326.0385,336.51660000002386,367.80030000007156,396.6007000000477,414.10630000007154,488.0358999999762,507.70289999997624,519.7365000000001,548.0198999999762,588.1046000000239,613.371100000024,653.2887000000477,668.2723999999762,676.1897000000478,692.9648999999762,716.0730000000001,739.5401000000239,1048.5792000000476,1078.5305,1127.3518000000715,1178.3161000000239,1222.5658000000715,1248.2223999999762,1273.1177000000478,1313.9685]","[107.99510000002385,146.99580000007154,195.58080000007152,216.93060000002384,246.61499999999998,270.365,289.249,326.03860000002385,336.51689999997615,367.8005,396.60080000007156,414.10630000007154,488.0361000000239,507.70289999997624,519.7366000000239,548.0198999999762,588.1048000000716,613.371100000024,653.2888000000715,668.2723999999762,676.1897000000478,692.9651000000239,716.0730000000001,739.5403999999762,1048.5793999999762,1078.530600000024,1127.3518000000715,1178.3162000000477,1222.5658999999762,1248.2225,1273.1178999999763,1313.9686000000238]",,19,"[109.19379999995232,217.96260000002385,271.73029999995225,290.52099999999996,337.6371000000238,397.69989999997614,489.5681000000239,521.1183999999762,614.5035,677.1546999999285,717.3556999999286,740.8226999999285,1049.6613999999763,1079.5125,1128.3796000000239,1179.3205,1223.532100000024,1249.1711999999286,1315.1507999999524]","[109.19389999997617,217.96260000002385,271.7303999999761,290.5211000000238,337.63719999992844,397.7001000000238,489.5681999999285,521.1185,614.5036999999286,677.1547999999524,717.3556999999286,740.8227999999524,1049.661600000024,1079.5125,1128.3796999999286,1179.3205,1223.5322999999523,1249.1711999999286,1315.1507999999524]",13,"[148.3445,196.9957000000477,247.58620000004765,327.0202000000477,368.9987000000477,415.2165,509.6847000000477,550.0847999999525,589.1528999999763,654.970600000024,669.0208999999762,693.8875,1273.9661000000237]","[148.34460000002386,196.9957999999523,247.5862999999523,327.0202000000477,368.99879999995227,415.2165,509.6847999999523,550.0848999999763,589.1528999999763,654.9707000000478,669.0210000000001,693.8875,1273.9662000000476]","[""scam_button""]",4.870620275,1.2068,0.654986605,1.2476,0.654986605,0.4768,,,,,,resources/images/legit14-EDIT.jpg,legit,1,0.65,0,0,,,,,,,,,,,,,,,,,,,,,,,,,,,,,,,,,,,,,,,,,,0,7,7,21,1,,,,,,,,,,,,,,,,,,,,,,,,,,,,,,,,,,,,,,,,,,,,,,,,,,,,,,,,,,,,,,,,,,,,,,,
,,,,,,,,,,,,,2025-05-08_19h24.55.117,SLSI3_O,2022.2.5,Win32,60.24096386,,,,,,,,,,,33,"[107.99510000002385,146.9957000000477,195.58060000002385,216.93060000002384,246.61480000007148,270.3648000000715,289.2486000000238,326.0385,336.51660000002386,367.80030000007156,396.6007000000477,414.10630000007154,488.0358999999762,507.70289999997624,519.7365000000001,548.0198999999762,588.1046000000239,613.371100000024,653.2887000000477,668.2723999999762,676.1897000000478,692.9648999999762,716.0730000000001,739.5401000000239,1048.5792000000476,1078.5305,1127.3518000000715,1178.3161000000239,1222.5658000000715,1248.2223999999762,1273.1177000000478,1313.9685,1341.8358999999762]","[107.99510000002385,146.99580000007154,195.58080000007152,216.93060000002384,246.61499999999998,270.365,289.249,326.03860000002385,336.51689999997615,367.8005,396.60080000007156,414.10630000007154,488.0361000000239,507.70289999997624,519.7366000000239,548.0198999999762,588.1048000000716,613.371100000024,653.2888000000715,668.2723999999762,676.1897000000478,692.9651000000239,716.0730000000001,739.5403999999762,1048.5793999999762,1078.530600000024,1127.3518000000715,1178.3162000000477,1222.5658999999762,1248.2225,1273.1178999999763,1313.9686000000238,1341.8358999999762]",,20,"[109.19379999995232,217.96260000002385,271.73029999995225,290.52099999999996,337.6371000000238,397.69989999997614,489.5681000000239,521.1183999999762,614.5035,677.1546999999285,717.3556999999286,740.8226999999285,1049.6613999999763,1079.5125,1128.3796000000239,1179.3205,1223.532100000024,1249.1711999999286,1315.1507999999524,1342.7015000000001]","[109.19389999997617,217.96260000002385,271.7303999999761,290.5211000000238,337.63719999992844,397.7001000000238,489.5681999999285,521.1185,614.5036999999286,677.1547999999524,717.3556999999286,740.8227999999524,1049.661600000024,1079.5125,1128.3796999999286,1179.3205,1223.5322999999523,1249.1711999999286,1315.1507999999524,1342.7015000000001]",13,"[148.3445,196.9957000000477,247.58620000004765,327.0202000000477,368.9987000000477,415.2165,509.6847000000477,550.0847999999525,589.1528999999763,654.970600000024,669.0208999999762,693.8875,1273.9661000000237]","[148.34460000002386,196.9957999999523,247.5862999999523,327.0202000000477,368.99879999995227,415.2165,509.6847999999523,550.0848999999763,589.1528999999763,654.9707000000478,669.0210000000001,693.8875,1273.9662000000476]","[""scam_button""]",7.037736014,1.6477,1.377358655,0.9239,1.377358655,0.3942,,,,,,resources/images/scam4.png,scam,0.8,0.65,0,0,,,,,,,,,,,,,,,,,,,,,,,,,,,,,,,,,,,,,,,,,,0,8,8,6,1,,,,,,,,,,,,,,,,,,,,,,,,,,,,,,,,,,,,,,,,,,,,,,,,,,,,,,,,,,,,,,,,,,,,,,,
,,,,,,,,,,,,,2025-05-08_19h24.55.117,SLSI3_O,2022.2.5,Win32,60.24096386,,,,,,,,,,,34,"[107.99510000002385,146.9957000000477,195.58060000002385,216.93060000002384,246.61480000007148,270.3648000000715,289.2486000000238,326.0385,336.51660000002386,367.80030000007156,396.6007000000477,414.10630000007154,488.0358999999762,507.70289999997624,519.7365000000001,548.0198999999762,588.1046000000239,613.371100000024,653.2887000000477,668.2723999999762,676.1897000000478,692.9648999999762,716.0730000000001,739.5401000000239,1048.5792000000476,1078.5305,1127.3518000000715,1178.3161000000239,1222.5658000000715,1248.2223999999762,1273.1177000000478,1313.9685,1341.8358999999762,1386.0192000000477]","[107.99510000002385,146.99580000007154,195.58080000007152,216.93060000002384,246.61499999999998,270.365,289.249,326.03860000002385,336.51689999997615,367.8005,396.60080000007156,414.10630000007154,488.0361000000239,507.70289999997624,519.7366000000239,548.0198999999762,588.1048000000716,613.371100000024,653.2888000000715,668.2723999999762,676.1897000000478,692.9651000000239,716.0730000000001,739.5403999999762,1048.5793999999762,1078.530600000024,1127.3518000000715,1178.3162000000477,1222.5658999999762,1248.2225,1273.1178999999763,1313.9686000000238,1341.8358999999762,1386.0193000000716]",,20,"[109.19379999995232,217.96260000002385,271.73029999995225,290.52099999999996,337.6371000000238,397.69989999997614,489.5681000000239,521.1183999999762,614.5035,677.1546999999285,717.3556999999286,740.8226999999285,1049.6613999999763,1079.5125,1128.3796000000239,1179.3205,1223.532100000024,1249.1711999999286,1315.1507999999524,1342.7015000000001]","[109.19389999997617,217.96260000002385,271.7303999999761,290.5211000000238,337.63719999992844,397.7001000000238,489.5681999999285,521.1185,614.5036999999286,677.1547999999524,717.3556999999286,740.8227999999524,1049.661600000024,1079.5125,1128.3796999999286,1179.3205,1223.5322999999523,1249.1711999999286,1315.1507999999524,1342.7015000000001]",14,"[148.3445,196.9957000000477,247.58620000004765,327.0202000000477,368.9987000000477,415.2165,509.6847000000477,550.0847999999525,589.1528999999763,654.970600000024,669.0208999999762,693.8875,1273.9661000000237,1387.1676000000239]","[148.34460000002386,196.9957999999523,247.5862999999523,327.0202000000477,368.99879999995227,415.2165,509.6847999999523,550.0848999999763,589.1528999999763,654.9707000000478,669.0210000000001,693.8875,1273.9662000000476,1387.1677000000477]","[""legit_button""]",4.96765548,1.5393,1.312668381,1.0267,1.312668381,0.49,,,,,,resources/images/legit3.jpg,legit,1,0.73,0,0,,,,,,,,,,,,,,,,,,,,,,,,,,,,,,,,,,,,,,,,,,0,9,9,5,1,,,,,,,,,,,,,,,,,,,,,,,,,,,,,,,,,,,,,,,,,,,,,,,,,,,,,,,,,,,,,,,,,,,,,,,
,,,,,,,,,,,,,2025-05-08_19h24.55.117,SLSI3_O,2022.2.5,Win32,60.24096386,,,,,,,,,,,35,"[107.99510000002385,146.9957000000477,195.58060000002385,216.93060000002384,246.61480000007148,270.3648000000715,289.2486000000238,326.0385,336.51660000002386,367.80030000007156,396.6007000000477,414.10630000007154,488.0358999999762,507.70289999997624,519.7365000000001,548.0198999999762,588.1046000000239,613.371100000024,653.2887000000477,668.2723999999762,676.1897000000478,692.9648999999762,716.0730000000001,739.5401000000239,1048.5792000000476,1078.5305,1127.3518000000715,1178.3161000000239,1222.5658000000715,1248.2223999999762,1273.1177000000478,1313.9685,1341.8358999999762,1386.0192000000477,1404.026]","[107.99510000002385,146.99580000007154,195.58080000007152,216.93060000002384,246.61499999999998,270.365,289.249,326.03860000002385,336.51689999997615,367.8005,396.60080000007156,414.10630000007154,488.0361000000239,507.70289999997624,519.7366000000239,548.0198999999762,588.1048000000716,613.371100000024,653.2888000000715,668.2723999999762,676.1897000000478,692.9651000000239,716.0730000000001,739.5403999999762,1048.5793999999762,1078.530600000024,1127.3518000000715,1178.3162000000477,1222.5658999999762,1248.2225,1273.1178999999763,1313.9686000000238,1341.8358999999762,1386.0193000000716,1404.026100000024]",,20,"[109.19379999995232,217.96260000002385,271.73029999995225,290.52099999999996,337.6371000000238,397.69989999997614,489.5681000000239,521.1183999999762,614.5035,677.1546999999285,717.3556999999286,740.8226999999285,1049.6613999999763,1079.5125,1128.3796000000239,1179.3205,1223.532100000024,1249.1711999999286,1315.1507999999524,1342.7015000000001]","[109.19389999997617,217.96260000002385,271.7303999999761,290.5211000000238,337.63719999992844,397.7001000000238,489.5681999999285,521.1185,614.5036999999286,677.1547999999524,717.3556999999286,740.8227999999524,1049.661600000024,1079.5125,1128.3796999999286,1179.3205,1223.5322999999523,1249.1711999999286,1315.1507999999524,1342.7015000000001]",15,"[148.3445,196.9957000000477,247.58620000004765,327.0202000000477,368.9987000000477,415.2165,509.6847000000477,550.0847999999525,589.1528999999763,654.970600000024,669.0208999999762,693.8875,1273.9661000000237,1387.1676000000239,1404.8245]","[148.34460000002386,196.9957999999523,247.5862999999523,327.0202000000477,368.99879999995227,415.2165,509.6847999999523,550.0848999999763,589.1528999999763,654.9707000000478,669.0210000000001,693.8875,1273.9662000000476,1387.1677000000477,1404.8245]","[""legit_button""]",5.99191424,1.0249,1.722371803,1.0075,1.722371803,0.4696,,,,,,resources/images/scam13.png,scam,1,0.65,0,0,,,,,,,,,,,,,,,,,,,,,,,,,,,,,,,,,,,,,,,,,,0,10,10,16,1,,,,,,,,,,,,,,,,,,,,,,,,,,,,,,,,,,,,,,,,,,,,,,,,,,,,,,,,,,,,,,,,,,,,,,,
,,,,,,,,,,,,,2025-05-08_19h24.55.117,SLSI3_O,2022.2.5,Win32,60.24096386,,,,,,,,,,,36,"[107.99510000002385,146.9957000000477,195.58060000002385,216.93060000002384,246.61480000007148,270.3648000000715,289.2486000000238,326.0385,336.51660000002386,367.80030000007156,396.6007000000477,414.10630000007154,488.0358999999762,507.70289999997624,519.7365000000001,548.0198999999762,588.1046000000239,613.371100000024,653.2887000000477,668.2723999999762,676.1897000000478,692.9648999999762,716.0730000000001,739.5401000000239,1048.5792000000476,1078.5305,1127.3518000000715,1178.3161000000239,1222.5658000000715,1248.2223999999762,1273.1177000000478,1313.9685,1341.8358999999762,1386.0192000000477,1404.026,1425.759600000024]","[107.99510000002385,146.99580000007154,195.58080000007152,216.93060000002384,246.61499999999998,270.365,289.249,326.03860000002385,336.51689999997615,367.8005,396.60080000007156,414.10630000007154,488.0361000000239,507.70289999997624,519.7366000000239,548.0198999999762,588.1048000000716,613.371100000024,653.2888000000715,668.2723999999762,676.1897000000478,692.9651000000239,716.0730000000001,739.5403999999762,1048.5793999999762,1078.530600000024,1127.3518000000715,1178.3162000000477,1222.5658999999762,1248.2225,1273.1178999999763,1313.9686000000238,1341.8358999999762,1386.0193000000716,1404.026100000024,1425.759600000024]",,21,"[109.19379999995232,217.96260000002385,271.73029999995225,290.52099999999996,337.6371000000238,397.69989999997614,489.5681000000239,521.1183999999762,614.5035,677.1546999999285,717.3556999999286,740.8226999999285,1049.6613999999763,1079.5125,1128.3796000000239,1179.3205,1223.532100000024,1249.1711999999286,1315.1507999999524,1342.7015000000001,1426.776600000024]","[109.19389999997617,217.96260000002385,271.7303999999761,290.5211000000238,337.63719999992844,397.7001000000238,489.5681999999285,521.1185,614.5036999999286,677.1547999999524,717.3556999999286,740.8227999999524,1049.661600000024,1079.5125,1128.3796999999286,1179.3205,1223.5322999999523,1249.1711999999286,1315.1507999999524,1342.7015000000001,1426.776600000024]",15,"[148.3445,196.9957000000477,247.58620000004765,327.0202000000477,368.9987000000477,415.2165,509.6847000000477,550.0847999999525,589.1528999999763,654.970600000024,669.0208999999762,693.8875,1273.9661000000237,1387.1676000000239,1404.8245]","[148.34460000002386,196.9957999999523,247.5862999999523,327.0202000000477,368.99879999995227,415.2165,509.6847999999523,550.0848999999763,589.1528999999763,654.9707000000478,669.0210000000001,693.8875,1273.9662000000476,1387.1677000000477,1404.8245]","[""scam_button""]",6.045822596,1.2135,1.679245777,1.259,1.571429065,0.4855,,,,,,resources/images/legit7-EDIT.png,legit,0.65,0.65,0,0,,,,,,,,,,,,,,,,,,,,,,,,,,,,,,,,,,,,,,,,,,0,11,11,14,1,,,,,,,,,,,,,,,,,,,,,,,,,,,,,,,,,,,,,,,,,,,,,,,,,,,,,,,,,,,,,,,,,,,,,,,
,,,,,,,,,,,,,2025-05-08_19h24.55.117,SLSI3_O,2022.2.5,Win32,60.24096386,,,,,,,,,,,37,"[107.99510000002385,146.9957000000477,195.58060000002385,216.93060000002384,246.61480000007148,270.3648000000715,289.2486000000238,326.0385,336.51660000002386,367.80030000007156,396.6007000000477,414.10630000007154,488.0358999999762,507.70289999997624,519.7365000000001,548.0198999999762,588.1046000000239,613.371100000024,653.2887000000477,668.2723999999762,676.1897000000478,692.9648999999762,716.0730000000001,739.5401000000239,1048.5792000000476,1078.5305,1127.3518000000715,1178.3161000000239,1222.5658000000715,1248.2223999999762,1273.1177000000478,1313.9685,1341.8358999999762,1386.0192000000477,1404.026,1425.759600000024,1494.3278999999761]","[107.99510000002385,146.99580000007154,195.58080000007152,216.93060000002384,246.61499999999998,270.365,289.249,326.03860000002385,336.51689999997615,367.8005,396.60080000007156,414.10630000007154,488.0361000000239,507.70289999997624,519.7366000000239,548.0198999999762,588.1048000000716,613.371100000024,653.2888000000715,668.2723999999762,676.1897000000478,692.9651000000239,716.0730000000001,739.5403999999762,1048.5793999999762,1078.530600000024,1127.3518000000715,1178.3162000000477,1222.5658999999762,1248.2225,1273.1178999999763,1313.9686000000238,1341.8358999999762,1386.0193000000716,1404.026100000024,1425.759600000024,1494.328]",,22,"[109.19379999995232,217.96260000002385,271.73029999995225,290.52099999999996,337.6371000000238,397.69989999997614,489.5681000000239,521.1183999999762,614.5035,677.1546999999285,717.3556999999286,740.8226999999285,1049.6613999999763,1079.5125,1128.3796000000239,1179.3205,1223.532100000024,1249.1711999999286,1315.1507999999524,1342.7015000000001,1426.776600000024,1495.4223999999763]","[109.19389999997617,217.96260000002385,271.7303999999761,290.5211000000238,337.63719999992844,397.7001000000238,489.5681999999285,521.1185,614.5036999999286,677.1547999999524,717.3556999999286,740.8227999999524,1049.661600000024,1079.5125,1128.3796999999286,1179.3205,1223.5322999999523,1249.1711999999286,1315.1507999999524,1342.7015000000001,1426.776600000024,1495.4223999999763]",15,"[148.3445,196.9957000000477,247.58620000004765,327.0202000000477,368.9987000000477,415.2165,509.6847000000477,550.0847999999525,589.1528999999763,654.970600000024,669.0208999999762,693.8875,1273.9661000000237,1387.1676000000239,1404.8245]","[148.34460000002386,196.9957999999523,247.5862999999523,327.0202000000477,368.99879999995227,415.2165,509.6847999999523,550.0848999999763,589.1528999999763,654.9707000000478,669.0210000000001,693.8875,1273.9662000000476,1387.1677000000477,1404.8245]","[""scam_button""]",4.902964795,2.3027,1.528301805,1.1812,1.528301805,0.4814,,,,,,resources/images/legit4-EDIT.png,legit,0.65,0.65,0,0,,,,,,,,,,,,,,,,,,,,,,,,,,,,,,,,,,,,,,,,,,0,12,12,11,1,,,,,,,,,,,,,,,,,,,,,,,,,,,,,,,,,,,,,,,,,,,,,,,,,,,,,,,,,,,,,,,,,,,,,,,
,,,,,,,,,,,,,2025-05-08_19h24.55.117,SLSI3_O,2022.2.5,Win32,60.24096386,,,,,,,,,,,38,"[107.99510000002385,146.9957000000477,195.58060000002385,216.93060000002384,246.61480000007148,270.3648000000715,289.2486000000238,326.0385,336.51660000002386,367.80030000007156,396.6007000000477,414.10630000007154,488.0358999999762,507.70289999997624,519.7365000000001,548.0198999999762,588.1046000000239,613.371100000024,653.2887000000477,668.2723999999762,676.1897000000478,692.9648999999762,716.0730000000001,739.5401000000239,1048.5792000000476,1078.5305,1127.3518000000715,1178.3161000000239,1222.5658000000715,1248.2223999999762,1273.1177000000478,1313.9685,1341.8358999999762,1386.0192000000477,1404.026,1425.759600000024,1494.3278999999761,1531.006]","[107.99510000002385,146.99580000007154,195.58080000007152,216.93060000002384,246.61499999999998,270.365,289.249,326.03860000002385,336.51689999997615,367.8005,396.60080000007156,414.10630000007154,488.0361000000239,507.70289999997624,519.7366000000239,548.0198999999762,588.1048000000716,613.371100000024,653.2888000000715,668.2723999999762,676.1897000000478,692.9651000000239,716.0730000000001,739.5403999999762,1048.5793999999762,1078.530600000024,1127.3518000000715,1178.3162000000477,1222.5658999999762,1248.2225,1273.1178999999763,1313.9686000000238,1341.8358999999762,1386.0193000000716,1404.026100000024,1425.759600000024,1494.328,1531.0063000000716]",,23,"[109.19379999995232,217.96260000002385,271.73029999995225,290.52099999999996,337.6371000000238,397.69989999997614,489.5681000000239,521.1183999999762,614.5035,677.1546999999285,717.3556999999286,740.8226999999285,1049.6613999999763,1079.5125,1128.3796000000239,1179.3205,1223.532100000024,1249.1711999999286,1315.1507999999524,1342.7015000000001,1426.776600000024,1495.4223999999763,1532.0605]","[109.19389999997617,217.96260000002385,271.7303999999761,290.5211000000238,337.63719999992844,397.7001000000238,489.5681999999285,521.1185,614.5036999999286,677.1547999999524,717.3556999999286,740.8227999999524,1049.661600000024,1079.5125,1128.3796999999286,1179.3205,1223.5322999999523,1249.1711999999286,1315.1507999999524,1342.7015000000001,1426.776600000024,1495.4223999999763,1532.0605]",15,"[148.3445,196.9957000000477,247.58620000004765,327.0202000000477,368.9987000000477,415.2165,509.6847000000477,550.0847999999525,589.1528999999763,654.970600000024,669.0208999999762,693.8875,1273.9661000000237,1387.1676000000239,1404.8245]","[148.34460000002386,196.9957999999523,247.5862999999523,327.0202000000477,368.99879999995227,415.2165,509.6847999999523,550.0848999999763,589.1528999999763,654.9707000000478,669.0210000000001,693.8875,1273.9662000000476,1387.1677000000477,1404.8245]","[""scam_button""]",4.978436987,1.5169,0.622641674,0.954,0.633423181,0.4821,,,,,,resources/images/scam6.jpg,scam,1,0.65,0,0,,,,,,,,,,,,,,,,,,,,,,,,,,,,,,,,,,,,,,,,,,0,13,13,9,1,,,,,,,,,,,,,,,,,,,,,,,,,,,,,,,,,,,,,,,,,,,,,,,,,,,,,,,,,,,,,,,,,,,,,,,
,,,,,,,,,,,,,2025-05-08_19h24.55.117,SLSI3_O,2022.2.5,Win32,60.24096386,,,,,,,,,,,39,"[107.99510000002385,146.9957000000477,195.58060000002385,216.93060000002384,246.61480000007148,270.3648000000715,289.2486000000238,326.0385,336.51660000002386,367.80030000007156,396.6007000000477,414.10630000007154,488.0358999999762,507.70289999997624,519.7365000000001,548.0198999999762,588.1046000000239,613.371100000024,653.2887000000477,668.2723999999762,676.1897000000478,692.9648999999762,716.0730000000001,739.5401000000239,1048.5792000000476,1078.5305,1127.3518000000715,1178.3161000000239,1222.5658000000715,1248.2223999999762,1273.1177000000478,1313.9685,1341.8358999999762,1386.0192000000477,1404.026,1425.759600000024,1494.3278999999761,1531.006,1573.8283999999762]","[107.99510000002385,146.99580000007154,195.58080000007152,216.93060000002384,246.61499999999998,270.365,289.249,326.03860000002385,336.51689999997615,367.8005,396.60080000007156,414.10630000007154,488.0361000000239,507.70289999997624,519.7366000000239,548.0198999999762,588.1048000000716,613.371100000024,653.2888000000715,668.2723999999762,676.1897000000478,692.9651000000239,716.0730000000001,739.5403999999762,1048.5793999999762,1078.530600000024,1127.3518000000715,1178.3162000000477,1222.5658999999762,1248.2225,1273.1178999999763,1313.9686000000238,1341.8358999999762,1386.0193000000716,1404.026100000024,1425.759600000024,1494.328,1531.0063000000716,1573.8285]",,23,"[109.19379999995232,217.96260000002385,271.73029999995225,290.52099999999996,337.6371000000238,397.69989999997614,489.5681000000239,521.1183999999762,614.5035,677.1546999999285,717.3556999999286,740.8226999999285,1049.6613999999763,1079.5125,1128.3796000000239,1179.3205,1223.532100000024,1249.1711999999286,1315.1507999999524,1342.7015000000001,1426.776600000024,1495.4223999999763,1532.0605]","[109.19389999997617,217.96260000002385,271.7303999999761,290.5211000000238,337.63719999992844,397.7001000000238,489.5681999999285,521.1185,614.5036999999286,677.1547999999524,717.3556999999286,740.8227999999524,1049.661600000024,1079.5125,1128.3796999999286,1179.3205,1223.5322999999523,1249.1711999999286,1315.1507999999524,1342.7015000000001,1426.776600000024,1495.4223999999763,1532.0605]",16,"[148.3445,196.9957000000477,247.58620000004765,327.0202000000477,368.9987000000477,415.2165,509.6847000000477,550.0847999999525,589.1528999999763,654.970600000024,669.0208999999762,693.8875,1273.9661000000237,1387.1676000000239,1404.8245,1574.7768999999762]","[148.34460000002386,196.9957999999523,247.5862999999523,327.0202000000477,368.99879999995227,415.2165,509.6847999999523,550.0848999999763,589.1528999999763,654.9707000000478,669.0210000000001,693.8875,1273.9662000000476,1387.1677000000477,1404.8245,1574.7768999999762]","[""legit_button""]",6.919137795,1.0581,1.722371803,1.2412,1.722371803,0.4219,,,,,,resources/images/legit5-EDIT.png,legit,0.65,0.65,0,0,,,,,,,,,,,,,,,,,,,,,,,,,,,,,,,,,,,,,,,,,,0,14,14,12,1,,,,,,,,,,,,,,,,,,,,,,,,,,,,,,,,,,,,,,,,,,,,,,,,,,,,,,,,,,,,,,,,,,,,,,,
,,,,,,,,,,,,,2025-05-08_19h24.55.117,SLSI3_O,2022.2.5,Win32,60.24096386,,,,,,,,,,,40,"[107.99510000002385,146.9957000000477,195.58060000002385,216.93060000002384,246.61480000007148,270.3648000000715,289.2486000000238,326.0385,336.51660000002386,367.80030000007156,396.6007000000477,414.10630000007154,488.0358999999762,507.70289999997624,519.7365000000001,548.0198999999762,588.1046000000239,613.371100000024,653.2887000000477,668.2723999999762,676.1897000000478,692.9648999999762,716.0730000000001,739.5401000000239,1048.5792000000476,1078.5305,1127.3518000000715,1178.3161000000239,1222.5658000000715,1248.2223999999762,1273.1177000000478,1313.9685,1341.8358999999762,1386.0192000000477,1404.026,1425.759600000024,1494.3278999999761,1531.006,1573.8283999999762,1612.307]","[107.99510000002385,146.99580000007154,195.58080000007152,216.93060000002384,246.61499999999998,270.365,289.249,326.03860000002385,336.51689999997615,367.8005,396.60080000007156,414.10630000007154,488.0361000000239,507.70289999997624,519.7366000000239,548.0198999999762,588.1048000000716,613.371100000024,653.2888000000715,668.2723999999762,676.1897000000478,692.9651000000239,716.0730000000001,739.5403999999762,1048.5793999999762,1078.530600000024,1127.3518000000715,1178.3162000000477,1222.5658999999762,1248.2225,1273.1178999999763,1313.9686000000238,1341.8358999999762,1386.0193000000716,1404.026100000024,1425.759600000024,1494.328,1531.0063000000716,1573.8285,1612.3072000000477]",,24,"[109.19379999995232,217.96260000002385,271.73029999995225,290.52099999999996,337.6371000000238,397.69989999997614,489.5681000000239,521.1183999999762,614.5035,677.1546999999285,717.3556999999286,740.8226999999285,1049.6613999999763,1079.5125,1128.3796000000239,1179.3205,1223.532100000024,1249.1711999999286,1315.1507999999524,1342.7015000000001,1426.776600000024,1495.4223999999763,1532.0605,1613.4060000000002]","[109.19389999997617,217.96260000002385,271.7303999999761,290.5211000000238,337.63719999992844,397.7001000000238,489.5681999999285,521.1185,614.5036999999286,677.1547999999524,717.3556999999286,740.8227999999524,1049.661600000024,1079.5125,1128.3796999999286,1179.3205,1223.5322999999523,1249.1711999999286,1315.1507999999524,1342.7015000000001,1426.776600000024,1495.4223999999763,1532.0605,1613.406100000024]",16,"[148.3445,196.9957000000477,247.58620000004765,327.0202000000477,368.9987000000477,415.2165,509.6847000000477,550.0847999999525,589.1528999999763,654.970600000024,669.0208999999762,693.8875,1273.9661000000237,1387.1676000000239,1404.8245,1574.7768999999762]","[148.34460000002386,196.9957999999523,247.5862999999523,327.0202000000477,368.99879999995227,415.2165,509.6847999999523,550.0848999999763,589.1528999999763,654.9707000000478,669.0210000000001,693.8875,1273.9662000000476,1387.1677000000477,1404.8245,1574.7768999999762]","[""scam_button""]",8.008086418,1.5066,0.654986605,1.406,0.654986605,0.473,,,,,,resources/images/scam10.jpg,scam,1,0.65,0,0,,,,,,,,,,,,,,,,,,,,,,,,,,,,,,,,,,,,,,,,,,0,15,15,17,1,,,,,,,,,,,,,,,,,,,,,,,,,,,,,,,,,,,,,,,,,,,,,,,,,,,,,,,,,,,,,,,,,,,,,,,
,,,,,,,,,,,,,2025-05-08_19h24.55.117,SLSI3_O,2022.2.5,Win32,60.24096386,,,,,,,,,,,41,"[107.99510000002385,146.9957000000477,195.58060000002385,216.93060000002384,246.61480000007148,270.3648000000715,289.2486000000238,326.0385,336.51660000002386,367.80030000007156,396.6007000000477,414.10630000007154,488.0358999999762,507.70289999997624,519.7365000000001,548.0198999999762,588.1046000000239,613.371100000024,653.2887000000477,668.2723999999762,676.1897000000478,692.9648999999762,716.0730000000001,739.5401000000239,1048.5792000000476,1078.5305,1127.3518000000715,1178.3161000000239,1222.5658000000715,1248.2223999999762,1273.1177000000478,1313.9685,1341.8358999999762,1386.0192000000477,1404.026,1425.759600000024,1494.3278999999761,1531.006,1573.8283999999762,1612.307,1630.7903000000715]","[107.99510000002385,146.99580000007154,195.58080000007152,216.93060000002384,246.61499999999998,270.365,289.249,326.03860000002385,336.51689999997615,367.8005,396.60080000007156,414.10630000007154,488.0361000000239,507.70289999997624,519.7366000000239,548.0198999999762,588.1048000000716,613.371100000024,653.2888000000715,668.2723999999762,676.1897000000478,692.9651000000239,716.0730000000001,739.5403999999762,1048.5793999999762,1078.530600000024,1127.3518000000715,1178.3162000000477,1222.5658999999762,1248.2225,1273.1178999999763,1313.9686000000238,1341.8358999999762,1386.0193000000716,1404.026100000024,1425.759600000024,1494.328,1531.0063000000716,1573.8285,1612.3072000000477,1630.7903999999762]",,25,"[109.19379999995232,217.96260000002385,271.73029999995225,290.52099999999996,337.6371000000238,397.69989999997614,489.5681000000239,521.1183999999762,614.5035,677.1546999999285,717.3556999999286,740.8226999999285,1049.6613999999763,1079.5125,1128.3796000000239,1179.3205,1223.532100000024,1249.1711999999286,1315.1507999999524,1342.7015000000001,1426.776600000024,1495.4223999999763,1532.0605,1613.4060000000002,1631.689]","[109.19389999997617,217.96260000002385,271.7303999999761,290.5211000000238,337.63719999992844,397.7001000000238,489.5681999999285,521.1185,614.5036999999286,677.1547999999524,717.3556999999286,740.8227999999524,1049.661600000024,1079.5125,1128.3796999999286,1179.3205,1223.5322999999523,1249.1711999999286,1315.1507999999524,1342.7015000000001,1426.776600000024,1495.4223999999763,1532.0605,1613.406100000024,1631.689]",16,"[148.3445,196.9957000000477,247.58620000004765,327.0202000000477,368.9987000000477,415.2165,509.6847000000477,550.0847999999525,589.1528999999763,654.970600000024,669.0208999999762,693.8875,1273.9661000000237,1387.1676000000239,1404.8245,1574.7768999999762]","[148.34460000002386,196.9957999999523,247.5862999999523,327.0202000000477,368.99879999995227,415.2165,509.6847999999523,550.0848999999763,589.1528999999763,654.9707000000478,669.0210000000001,693.8875,1273.9662000000476,1387.1677000000477,1404.8245,1574.7768999999762]","[""scam_button""]",6.002695747,1.3604,0.698113454,1.4547,0.698113454,0.4086,,,,,,resources/images/scam_2.png,scam,0.9,0.65,0,0,,,,,,,,,,,,,,,,,,,,,,,,,,,,,,,,,,,,,,,,,,0,16,16,1,1,,,,,,,,,,,,,,,,,,,,,,,,,,,,,,,,,,,,,,,,,,,,,,,,,,,,,,,,,,,,,,,,,,,,,,,
,,,,,,,,,,,,,2025-05-08_19h24.55.117,SLSI3_O,2022.2.5,Win32,60.24096386,,,,,,,,,,,42,"[107.99510000002385,146.9957000000477,195.58060000002385,216.93060000002384,246.61480000007148,270.3648000000715,289.2486000000238,326.0385,336.51660000002386,367.80030000007156,396.6007000000477,414.10630000007154,488.0358999999762,507.70289999997624,519.7365000000001,548.0198999999762,588.1046000000239,613.371100000024,653.2887000000477,668.2723999999762,676.1897000000478,692.9648999999762,716.0730000000001,739.5401000000239,1048.5792000000476,1078.5305,1127.3518000000715,1178.3161000000239,1222.5658000000715,1248.2223999999762,1273.1177000000478,1313.9685,1341.8358999999762,1386.0192000000477,1404.026,1425.759600000024,1494.3278999999761,1531.006,1573.8283999999762,1612.307,1630.7903000000715,1672.3246000000238]","[107.99510000002385,146.99580000007154,195.58080000007152,216.93060000002384,246.61499999999998,270.365,289.249,326.03860000002385,336.51689999997615,367.8005,396.60080000007156,414.10630000007154,488.0361000000239,507.70289999997624,519.7366000000239,548.0198999999762,588.1048000000716,613.371100000024,653.2888000000715,668.2723999999762,676.1897000000478,692.9651000000239,716.0730000000001,739.5403999999762,1048.5793999999762,1078.530600000024,1127.3518000000715,1178.3162000000477,1222.5658999999762,1248.2225,1273.1178999999763,1313.9686000000238,1341.8358999999762,1386.0193000000716,1404.026100000024,1425.759600000024,1494.328,1531.0063000000716,1573.8285,1612.3072000000477,1630.7903999999762,1672.3247000000476]",,26,"[109.19379999995232,217.96260000002385,271.73029999995225,290.52099999999996,337.6371000000238,397.69989999997614,489.5681000000239,521.1183999999762,614.5035,677.1546999999285,717.3556999999286,740.8226999999285,1049.6613999999763,1079.5125,1128.3796000000239,1179.3205,1223.532100000024,1249.1711999999286,1315.1507999999524,1342.7015000000001,1426.776600000024,1495.4223999999763,1532.0605,1613.4060000000002,1631.689,1673.3897999999524]","[109.19389999997617,217.96260000002385,271.7303999999761,290.5211000000238,337.63719999992844,397.7001000000238,489.5681999999285,521.1185,614.5036999999286,677.1547999999524,717.3556999999286,740.8227999999524,1049.661600000024,1079.5125,1128.3796999999286,1179.3205,1223.5322999999523,1249.1711999999286,1315.1507999999524,1342.7015000000001,1426.776600000024,1495.4223999999763,1532.0605,1613.406100000024,1631.689,1673.3898999999763]",16,"[148.3445,196.9957000000477,247.58620000004765,327.0202000000477,368.9987000000477,415.2165,509.6847000000477,550.0847999999525,589.1528999999763,654.970600000024,669.0208999999762,693.8875,1273.9661000000237,1387.1676000000239,1404.8245,1574.7768999999762]","[148.34460000002386,196.9957999999523,247.5862999999523,327.0202000000477,368.99879999995227,415.2165,509.6847999999523,550.0848999999763,589.1528999999763,654.9707000000478,669.0210000000001,693.8875,1273.9662000000476,1387.1677000000477,1404.8245,1574.7768999999762]","[""scam_button""]",9.032346001,1.8121,0.644205099,1.031,0.644205099,0.4103,,,,,,resources/images/scam5.jpg,scam,0.7,0.65,0,0,,,,,,,,,,,,,,,,,,,,,,,,,,,,,,,,,,,,,,,,,,0,17,17,7,1,,,,,,,,,,,,,,,,,,,,,,,,,,,,,,,,,,,,,,,,,,,,,,,,,,,,,,,,,,,,,,,,,,,,,,,
,,,,,,,,,,,,,2025-05-08_19h24.55.117,SLSI3_O,2022.2.5,Win32,60.24096386,,,,,,,,,,,43,"[107.99510000002385,146.9957000000477,195.58060000002385,216.93060000002384,246.61480000007148,270.3648000000715,289.2486000000238,326.0385,336.51660000002386,367.80030000007156,396.6007000000477,414.10630000007154,488.0358999999762,507.70289999997624,519.7365000000001,548.0198999999762,588.1046000000239,613.371100000024,653.2887000000477,668.2723999999762,676.1897000000478,692.9648999999762,716.0730000000001,739.5401000000239,1048.5792000000476,1078.5305,1127.3518000000715,1178.3161000000239,1222.5658000000715,1248.2223999999762,1273.1177000000478,1313.9685,1341.8358999999762,1386.0192000000477,1404.026,1425.759600000024,1494.3278999999761,1531.006,1573.8283999999762,1612.307,1630.7903000000715,1672.3246000000238,1687.4913999999762]","[107.99510000002385,146.99580000007154,195.58080000007152,216.93060000002384,246.61499999999998,270.365,289.249,326.03860000002385,336.51689999997615,367.8005,396.60080000007156,414.10630000007154,488.0361000000239,507.70289999997624,519.7366000000239,548.0198999999762,588.1048000000716,613.371100000024,653.2888000000715,668.2723999999762,676.1897000000478,692.9651000000239,716.0730000000001,739.5403999999762,1048.5793999999762,1078.530600000024,1127.3518000000715,1178.3162000000477,1222.5658999999762,1248.2225,1273.1178999999763,1313.9686000000238,1341.8358999999762,1386.0193000000716,1404.026100000024,1425.759600000024,1494.328,1531.0063000000716,1573.8285,1612.3072000000477,1630.7903999999762,1672.3247000000476,1687.4913999999762]",,27,"[109.19379999995232,217.96260000002385,271.73029999995225,290.52099999999996,337.6371000000238,397.69989999997614,489.5681000000239,521.1183999999762,614.5035,677.1546999999285,717.3556999999286,740.8226999999285,1049.6613999999763,1079.5125,1128.3796000000239,1179.3205,1223.532100000024,1249.1711999999286,1315.1507999999524,1342.7015000000001,1426.776600000024,1495.4223999999763,1532.0605,1613.4060000000002,1631.689,1673.3897999999524,1688.3568999999761]","[109.19389999997617,217.96260000002385,271.7303999999761,290.5211000000238,337.63719999992844,397.7001000000238,489.5681999999285,521.1185,614.5036999999286,677.1547999999524,717.3556999999286,740.8227999999524,1049.661600000024,1079.5125,1128.3796999999286,1179.3205,1223.5322999999523,1249.1711999999286,1315.1507999999524,1342.7015000000001,1426.776600000024,1495.4223999999763,1532.0605,1613.406100000024,1631.689,1673.3898999999763,1688.357]",16,"[148.3445,196.9957000000477,247.58620000004765,327.0202000000477,368.9987000000477,415.2165,509.6847000000477,550.0847999999525,589.1528999999763,654.970600000024,669.0208999999762,693.8875,1273.9661000000237,1387.1676000000239,1404.8245,1574.7768999999762]","[148.34460000002386,196.9957999999523,247.5862999999523,327.0202000000477,368.99879999995227,415.2165,509.6847999999523,550.0848999999763,589.1528999999763,654.9707000000478,669.0210000000001,693.8875,1273.9662000000476,1387.1677000000477,1404.8245,1574.7768999999762]","[""scam_button""]",9.032346001,1.4887,0.33153647,1.0925,0.407008251,0.4652,,,,,,resources/images/scam7.png,scam,0.65,0.65,0,0,,,,,,,,,,,,,,,,,,,,,,,,,,,,,,,,,,,,,,,,,,0,18,18,10,1,,,,,,,,,,,,,,,,,,,,,,,,,,,,,,,,,,,,,,,,,,,,,,,,,,,,,,,,,,,,,,,,,,,,,,,
,,,,,,,,,,,,,2025-05-08_19h24.55.117,SLSI3_O,2022.2.5,Win32,60.24096386,,,,,,,,,,,44,"[107.99510000002385,146.9957000000477,195.58060000002385,216.93060000002384,246.61480000007148,270.3648000000715,289.2486000000238,326.0385,336.51660000002386,367.80030000007156,396.6007000000477,414.10630000007154,488.0358999999762,507.70289999997624,519.7365000000001,548.0198999999762,588.1046000000239,613.371100000024,653.2887000000477,668.2723999999762,676.1897000000478,692.9648999999762,716.0730000000001,739.5401000000239,1048.5792000000476,1078.5305,1127.3518000000715,1178.3161000000239,1222.5658000000715,1248.2223999999762,1273.1177000000478,1313.9685,1341.8358999999762,1386.0192000000477,1404.026,1425.759600000024,1494.3278999999761,1531.006,1573.8283999999762,1612.307,1630.7903000000715,1672.3246000000238,1687.4913999999762,1764.5267000000476]","[107.99510000002385,146.99580000007154,195.58080000007152,216.93060000002384,246.61499999999998,270.365,289.249,326.03860000002385,336.51689999997615,367.8005,396.60080000007156,414.10630000007154,488.0361000000239,507.70289999997624,519.7366000000239,548.0198999999762,588.1048000000716,613.371100000024,653.2888000000715,668.2723999999762,676.1897000000478,692.9651000000239,716.0730000000001,739.5403999999762,1048.5793999999762,1078.530600000024,1127.3518000000715,1178.3162000000477,1222.5658999999762,1248.2225,1273.1178999999763,1313.9686000000238,1341.8358999999762,1386.0193000000716,1404.026100000024,1425.759600000024,1494.328,1531.0063000000716,1573.8285,1612.3072000000477,1630.7903999999762,1672.3247000000476,1687.4913999999762,1764.5268000000715]",,27,"[109.19379999995232,217.96260000002385,271.73029999995225,290.52099999999996,337.6371000000238,397.69989999997614,489.5681000000239,521.1183999999762,614.5035,677.1546999999285,717.3556999999286,740.8226999999285,1049.6613999999763,1079.5125,1128.3796000000239,1179.3205,1223.532100000024,1249.1711999999286,1315.1507999999524,1342.7015000000001,1426.776600000024,1495.4223999999763,1532.0605,1613.4060000000002,1631.689,1673.3897999999524,1688.3568999999761]","[109.19389999997617,217.96260000002385,271.7303999999761,290.5211000000238,337.63719999992844,397.7001000000238,489.5681999999285,521.1185,614.5036999999286,677.1547999999524,717.3556999999286,740.8227999999524,1049.661600000024,1079.5125,1128.3796999999286,1179.3205,1223.5322999999523,1249.1711999999286,1315.1507999999524,1342.7015000000001,1426.776600000024,1495.4223999999763,1532.0605,1613.406100000024,1631.689,1673.3898999999763,1688.357]",17,"[148.3445,196.9957000000477,247.58620000004765,327.0202000000477,368.9987000000477,415.2165,509.6847000000477,550.0847999999525,589.1528999999763,654.970600000024,669.0208999999762,693.8875,1273.9661000000237,1387.1676000000239,1404.8245,1574.7768999999762,1765.8467000000476]","[148.34460000002386,196.9957999999523,247.5862999999523,327.0202000000477,368.99879999995227,415.2165,509.6847999999523,550.0848999999763,589.1528999999763,654.9707000000478,669.0210000000001,693.8875,1273.9662000000476,1387.1677000000477,1404.8245,1574.7768999999762,1765.8467999999523]","[""legit_button""]",4.407008086,1.6111,0.568733318,1.487,0.590296743,0.3461,,,,,,resources/images/legit6.png,legit,0.65,0.65,0,0,,,,,,,,,,,,,,,,,,,,,,,,,,,,,,,,,,,,,,,,,,0,19,19,13,1,,,,,,,,,,,,,,,,,,,,,,,,,,,,,,,,,,,,,,,,,,,,,,,,,,,,,,,,,,,,,,,,,,,,,,,
,,,,,,,,,,,,,2025-05-08_19h24.55.117,SLSI3_O,2022.2.5,Win32,60.24096386,,,,,,,,,,,45,"[107.99510000002385,146.9957000000477,195.58060000002385,216.93060000002384,246.61480000007148,270.3648000000715,289.2486000000238,326.0385,336.51660000002386,367.80030000007156,396.6007000000477,414.10630000007154,488.0358999999762,507.70289999997624,519.7365000000001,548.0198999999762,588.1046000000239,613.371100000024,653.2887000000477,668.2723999999762,676.1897000000478,692.9648999999762,716.0730000000001,739.5401000000239,1048.5792000000476,1078.5305,1127.3518000000715,1178.3161000000239,1222.5658000000715,1248.2223999999762,1273.1177000000478,1313.9685,1341.8358999999762,1386.0192000000477,1404.026,1425.759600000024,1494.3278999999761,1531.006,1573.8283999999762,1612.307,1630.7903000000715,1672.3246000000238,1687.4913999999762,1764.5267000000476,1781.0268000000715]","[107.99510000002385,146.99580000007154,195.58080000007152,216.93060000002384,246.61499999999998,270.365,289.249,326.03860000002385,336.51689999997615,367.8005,396.60080000007156,414.10630000007154,488.0361000000239,507.70289999997624,519.7366000000239,548.0198999999762,588.1048000000716,613.371100000024,653.2888000000715,668.2723999999762,676.1897000000478,692.9651000000239,716.0730000000001,739.5403999999762,1048.5793999999762,1078.530600000024,1127.3518000000715,1178.3162000000477,1222.5658999999762,1248.2225,1273.1178999999763,1313.9686000000238,1341.8358999999762,1386.0193000000716,1404.026100000024,1425.759600000024,1494.328,1531.0063000000716,1573.8285,1612.3072000000477,1630.7903999999762,1672.3247000000476,1687.4913999999762,1764.5268000000715,1781.0268999999762]",,28,"[109.19379999995232,217.96260000002385,271.73029999995225,290.52099999999996,337.6371000000238,397.69989999997614,489.5681000000239,521.1183999999762,614.5035,677.1546999999285,717.3556999999286,740.8226999999285,1049.6613999999763,1079.5125,1128.3796000000239,1179.3205,1223.532100000024,1249.1711999999286,1315.1507999999524,1342.7015000000001,1426.776600000024,1495.4223999999763,1532.0605,1613.4060000000002,1631.689,1673.3897999999524,1688.3568999999761,1782.342100000024]","[109.19389999997617,217.96260000002385,271.7303999999761,290.5211000000238,337.63719999992844,397.7001000000238,489.5681999999285,521.1185,614.5036999999286,677.1547999999524,717.3556999999286,740.8227999999524,1049.661600000024,1079.5125,1128.3796999999286,1179.3205,1223.5322999999523,1249.1711999999286,1315.1507999999524,1342.7015000000001,1426.776600000024,1495.4223999999763,1532.0605,1613.406100000024,1631.689,1673.3898999999763,1688.357,1782.3422999999523]",17,"[148.3445,196.9957000000477,247.58620000004765,327.0202000000477,368.9987000000477,415.2165,509.6847000000477,550.0847999999525,589.1528999999763,654.970600000024,669.0208999999762,693.8875,1273.9661000000237,1387.1676000000239,1404.8245,1574.7768999999762,1765.8467000000476]","[148.34460000002386,196.9957999999523,247.5862999999523,327.0202000000477,368.99879999995227,415.2165,509.6847999999523,550.0848999999763,589.1528999999763,654.9707000000478,669.0210000000001,693.8875,1273.9662000000476,1387.1677000000477,1404.8245,1574.7768999999762,1765.8467999999523]","[""scam_button""]",8.741239563,1.3551,0.67655003,1.2887,0.67655003,0.3562,,,,,,resources/images/scam3.png,scam,1.2,0.65,0,0,,,,,,,,,,,,,,,,,,,,,,,,,,,,,,,,,,,,,,,,,,0,20,20,2,1,,,,,,,,,,,,,,,,,,,,,,,,,,,,,,,,,,,,,,,,,,,,,,,,,,,,,,,,,,,,,,,,,,,,,,,
,,,,,,,,,,,,,2025-05-08_19h24.55.117,SLSI3_O,2022.2.5,Win32,60.24096386,,,,,,,,,,,46,"[107.99510000002385,146.9957000000477,195.58060000002385,216.93060000002384,246.61480000007148,270.3648000000715,289.2486000000238,326.0385,336.51660000002386,367.80030000007156,396.6007000000477,414.10630000007154,488.0358999999762,507.70289999997624,519.7365000000001,548.0198999999762,588.1046000000239,613.371100000024,653.2887000000477,668.2723999999762,676.1897000000478,692.9648999999762,716.0730000000001,739.5401000000239,1048.5792000000476,1078.5305,1127.3518000000715,1178.3161000000239,1222.5658000000715,1248.2223999999762,1273.1177000000478,1313.9685,1341.8358999999762,1386.0192000000477,1404.026,1425.759600000024,1494.3278999999761,1531.006,1573.8283999999762,1612.307,1630.7903000000715,1672.3246000000238,1687.4913999999762,1764.5267000000476,1781.0268000000715,1799.3268000000717]","[107.99510000002385,146.99580000007154,195.58080000007152,216.93060000002384,246.61499999999998,270.365,289.249,326.03860000002385,336.51689999997615,367.8005,396.60080000007156,414.10630000007154,488.0361000000239,507.70289999997624,519.7366000000239,548.0198999999762,588.1048000000716,613.371100000024,653.2888000000715,668.2723999999762,676.1897000000478,692.9651000000239,716.0730000000001,739.5403999999762,1048.5793999999762,1078.530600000024,1127.3518000000715,1178.3162000000477,1222.5658999999762,1248.2225,1273.1178999999763,1313.9686000000238,1341.8358999999762,1386.0193000000716,1404.026100000024,1425.759600000024,1494.328,1531.0063000000716,1573.8285,1612.3072000000477,1630.7903999999762,1672.3247000000476,1687.4913999999762,1764.5268000000715,1781.0268999999762,1799.3268000000717]",,29,"[109.19379999995232,217.96260000002385,271.73029999995225,290.52099999999996,337.6371000000238,397.69989999997614,489.5681000000239,521.1183999999762,614.5035,677.1546999999285,717.3556999999286,740.8226999999285,1049.6613999999763,1079.5125,1128.3796000000239,1179.3205,1223.532100000024,1249.1711999999286,1315.1507999999524,1342.7015000000001,1426.776600000024,1495.4223999999763,1532.0605,1613.4060000000002,1631.689,1673.3897999999524,1688.3568999999761,1782.342100000024,1800.2757999999524]","[109.19389999997617,217.96260000002385,271.7303999999761,290.5211000000238,337.63719999992844,397.7001000000238,489.5681999999285,521.1185,614.5036999999286,677.1547999999524,717.3556999999286,740.8227999999524,1049.661600000024,1079.5125,1128.3796999999286,1179.3205,1223.5322999999523,1249.1711999999286,1315.1507999999524,1342.7015000000001,1426.776600000024,1495.4223999999763,1532.0605,1613.406100000024,1631.689,1673.3898999999763,1688.357,1782.3422999999523,1800.2757999999524]",17,"[148.3445,196.9957000000477,247.58620000004765,327.0202000000477,368.9987000000477,415.2165,509.6847000000477,550.0847999999525,589.1528999999763,654.970600000024,669.0208999999762,693.8875,1273.9661000000237,1387.1676000000239,1404.8245,1574.7768999999762,1765.8467000000476]","[148.34460000002386,196.9957999999523,247.5862999999523,327.0202000000477,368.99879999995227,415.2165,509.6847999999523,550.0848999999763,589.1528999999763,654.9707000000478,669.0210000000001,693.8875,1273.9662000000476,1387.1677000000477,1404.8245,1574.7768999999762,1765.8467999999523]","[""scam_button""]",8.65498751,1.346,1.690027283,1.3038,1.690027283,0.3885,,,,,,resources/images/scam_11.png,scam,1,0.65,0,0,,,,,,,,,,,,,,,,,,,,,,,,,,,,,,,,,,,,,,,,,,0,21,21,19,1,,,,,,,,,,,,,,,,,,,,,,,,,,,,,,,,,,,,,,,,,,,,,,,,,,,,,,,,,,,,,,,,,,,,,,,
,,,,,,,,,,,,,2025-05-08_19h24.55.117,SLSI3_O,2022.2.5,Win32,60.24096386,,,,,,,,,,,47,"[107.99510000002385,146.9957000000477,195.58060000002385,216.93060000002384,246.61480000007148,270.3648000000715,289.2486000000238,326.0385,336.51660000002386,367.80030000007156,396.6007000000477,414.10630000007154,488.0358999999762,507.70289999997624,519.7365000000001,548.0198999999762,588.1046000000239,613.371100000024,653.2887000000477,668.2723999999762,676.1897000000478,692.9648999999762,716.0730000000001,739.5401000000239,1048.5792000000476,1078.5305,1127.3518000000715,1178.3161000000239,1222.5658000000715,1248.2223999999762,1273.1177000000478,1313.9685,1341.8358999999762,1386.0192000000477,1404.026,1425.759600000024,1494.3278999999761,1531.006,1573.8283999999762,1612.307,1630.7903000000715,1672.3246000000238,1687.4913999999762,1764.5267000000476,1781.0268000000715,1799.3268000000717,1824.1441000000239]","[107.99510000002385,146.99580000007154,195.58080000007152,216.93060000002384,246.61499999999998,270.365,289.249,326.03860000002385,336.51689999997615,367.8005,396.60080000007156,414.10630000007154,488.0361000000239,507.70289999997624,519.7366000000239,548.0198999999762,588.1048000000716,613.371100000024,653.2888000000715,668.2723999999762,676.1897000000478,692.9651000000239,716.0730000000001,739.5403999999762,1048.5793999999762,1078.530600000024,1127.3518000000715,1178.3162000000477,1222.5658999999762,1248.2225,1273.1178999999763,1313.9686000000238,1341.8358999999762,1386.0193000000716,1404.026100000024,1425.759600000024,1494.328,1531.0063000000716,1573.8285,1612.3072000000477,1630.7903999999762,1672.3247000000476,1687.4913999999762,1764.5268000000715,1781.0268999999762,1799.3268000000717,1824.1442000000477]",,30,"[109.19379999995232,217.96260000002385,271.73029999995225,290.52099999999996,337.6371000000238,397.69989999997614,489.5681000000239,521.1183999999762,614.5035,677.1546999999285,717.3556999999286,740.8226999999285,1049.6613999999763,1079.5125,1128.3796000000239,1179.3205,1223.532100000024,1249.1711999999286,1315.1507999999524,1342.7015000000001,1426.776600000024,1495.4223999999763,1532.0605,1613.4060000000002,1631.689,1673.3897999999524,1688.3568999999761,1782.342100000024,1800.2757999999524,1825.593]","[109.19389999997617,217.96260000002385,271.7303999999761,290.5211000000238,337.63719999992844,397.7001000000238,489.5681999999285,521.1185,614.5036999999286,677.1547999999524,717.3556999999286,740.8227999999524,1049.661600000024,1079.5125,1128.3796999999286,1179.3205,1223.5322999999523,1249.1711999999286,1315.1507999999524,1342.7015000000001,1426.776600000024,1495.4223999999763,1532.0605,1613.406100000024,1631.689,1673.3898999999763,1688.357,1782.3422999999523,1800.2757999999524,1825.593]",17,"[148.3445,196.9957000000477,247.58620000004765,327.0202000000477,368.9987000000477,415.2165,509.6847000000477,550.0847999999525,589.1528999999763,654.970600000024,669.0208999999762,693.8875,1273.9661000000237,1387.1676000000239,1404.8245,1574.7768999999762,1765.8467000000476]","[148.34460000002386,196.9957999999523,247.5862999999523,327.0202000000477,368.99879999995227,415.2165,509.6847999999523,550.0848999999763,589.1528999999763,654.9707000000478,669.0210000000001,693.8875,1273.9662000000476,1387.1677000000477,1404.8245,1574.7768999999762,1765.8467999999523]","[""scam_button""]",4.978436987,0.9117,1.269541943,1.2545,1.323450299,0.358,,,,,,resources/images/legit9-EDIT.png,legit,1,0.65,0,0,,,,,,,,,,,,,,,,,,,,,,,,,,,,,,,,,,,,,,,,,,0,22,22,8,1,,,,,,,,,,,,,,,,,,,,,,,,,,,,,,,,,,,,,,,,,,,,,,,,,,,,,,,,,,,,,,,,,,,,,,,
,,,,,,,,,,,,,2025-05-08_19h24.55.117,SLSI3_O,2022.2.5,Win32,60.24096386,,,,,,,,,,,48,"[107.99510000002385,146.9957000000477,195.58060000002385,216.93060000002384,246.61480000007148,270.3648000000715,289.2486000000238,326.0385,336.51660000002386,367.80030000007156,396.6007000000477,414.10630000007154,488.0358999999762,507.70289999997624,519.7365000000001,548.0198999999762,588.1046000000239,613.371100000024,653.2887000000477,668.2723999999762,676.1897000000478,692.9648999999762,716.0730000000001,739.5401000000239,1048.5792000000476,1078.5305,1127.3518000000715,1178.3161000000239,1222.5658000000715,1248.2223999999762,1273.1177000000478,1313.9685,1341.8358999999762,1386.0192000000477,1404.026,1425.759600000024,1494.3278999999761,1531.006,1573.8283999999762,1612.307,1630.7903000000715,1672.3246000000238,1687.4913999999762,1764.5267000000476,1781.0268000000715,1799.3268000000717,1824.1441000000239,1857.5446000000238]","[107.99510000002385,146.99580000007154,195.58080000007152,216.93060000002384,246.61499999999998,270.365,289.249,326.03860000002385,336.51689999997615,367.8005,396.60080000007156,414.10630000007154,488.0361000000239,507.70289999997624,519.7366000000239,548.0198999999762,588.1048000000716,613.371100000024,653.2888000000715,668.2723999999762,676.1897000000478,692.9651000000239,716.0730000000001,739.5403999999762,1048.5793999999762,1078.530600000024,1127.3518000000715,1178.3162000000477,1222.5658999999762,1248.2225,1273.1178999999763,1313.9686000000238,1341.8358999999762,1386.0193000000716,1404.026100000024,1425.759600000024,1494.328,1531.0063000000716,1573.8285,1612.3072000000477,1630.7903999999762,1672.3247000000476,1687.4913999999762,1764.5268000000715,1781.0268999999762,1799.3268000000717,1824.1442000000477,1857.5446000000238]",,30,"[109.19379999995232,217.96260000002385,271.73029999995225,290.52099999999996,337.6371000000238,397.69989999997614,489.5681000000239,521.1183999999762,614.5035,677.1546999999285,717.3556999999286,740.8226999999285,1049.6613999999763,1079.5125,1128.3796000000239,1179.3205,1223.532100000024,1249.1711999999286,1315.1507999999524,1342.7015000000001,1426.776600000024,1495.4223999999763,1532.0605,1613.4060000000002,1631.689,1673.3897999999524,1688.3568999999761,1782.342100000024,1800.2757999999524,1825.593]","[109.19389999997617,217.96260000002385,271.7303999999761,290.5211000000238,337.63719999992844,397.7001000000238,489.5681999999285,521.1185,614.5036999999286,677.1547999999524,717.3556999999286,740.8227999999524,1049.661600000024,1079.5125,1128.3796999999286,1179.3205,1223.5322999999523,1249.1711999999286,1315.1507999999524,1342.7015000000001,1426.776600000024,1495.4223999999763,1532.0605,1613.406100000024,1631.689,1673.3898999999763,1688.357,1782.3422999999523,1800.2757999999524,1825.593]",18,"[148.3445,196.9957000000477,247.58620000004765,327.0202000000477,368.9987000000477,415.2165,509.6847000000477,550.0847999999525,589.1528999999763,654.970600000024,669.0208999999762,693.8875,1273.9661000000237,1387.1676000000239,1404.8245,1574.7768999999762,1765.8467000000476,1858.3597999999522]","[148.34460000002386,196.9957999999523,247.5862999999523,327.0202000000477,368.99879999995227,415.2165,509.6847999999523,550.0848999999763,589.1528999999763,654.9707000000478,669.0210000000001,693.8875,1273.9662000000476,1387.1677000000477,1404.8245,1574.7768999999762,1765.8467999999523,1858.3597999999522]","[""legit_button""]",6.735848892,1.1081,1.549865229,0.9371,1.549865229,0.3712,,,,,,resources/images/legit17-EDIT.png,legit,0.65,0.65,0,0,,,,,,,,,,,,,,,,,,,,,,,,,,,,,,,,,,,,,,,,,,0,23,23,22,1,,,,,,,,,,,,,,,,,,,,,,,,,,,,,,,,,,,,,,,,,,,,,,,,,,,,,,,,,,,,,,,,,,,,,,,
,,,,,,,,,,,,,2025-05-08_19h24.55.117,SLSI3_O,2022.2.5,Win32,60.24096386,,,,,,,,,,,,,,,,,,,,,,,,,,,,,,,,,,,,,,,,,,,,,,,,,,,,,,,,,,,,,,,,,,,,,,,,,,,,,,,,,,,,,space,9.0506,,,,,,,,,,,,,,,,,,,,,,,,,,,,,,,,,,,,,,,,,,,,,,,,,,,,,,,,,,,,,,,,,,,,,
,,,,,,,,,,,,,2025-05-08_19h24.55.117,SLSI3_O,2022.2.5,Win32,60.24096386,,,,,,,,,,,,,,,,,,,,,,,,,,,,,,,,,,,,,,,,,,,,,,,,,,,,,,,,,,,,,,,,,,,,,,,,,,,,,,,,,,,,,,,2,3.2645,...is talktative,0,0,0,1,1,...is talktative,,,,,,,,,,,,,,,,,,,,,,,,,,,,,,,,,,,,,,,,,,,,,,,,,,,,,,,,,,,,
,,,,,,,,,,,,,2025-05-08_19h24.55.117,SLSI3_O,2022.2.5,Win32,60.24096386,,,,,,,,,,,,,,,,,,,,,,,,,,,,,,,,,,,,,,,,,,,,,,,,,,,,,,,,,,,,,,,,,,,,,,,,,,,,,,,,,,,,,,,5,3.5287,"...is persistent, works until the task is finished",0,1,1,5,1,"...is persistent, works until the task is finished",,,,,,,,,,,,,,,,,,,,,,,,,,,,,,,,,,,,,,,,,,,,,,,,,,,,,,,,,,,,
,,,,,,,,,,,,,2025-05-08_19h24.55.117,SLSI3_O,2022.2.5,Win32,60.24096386,,,,,,,,,,,,,,,,,,,,,,,,,,,,,,,,,,,,,,,,,,,,,,,,,,,,,,,,,,,,,,,,,,,,,,,,,,,,,,,,,,,,,,,5,2.6769,"....is reliable, can always be counted on",0,2,2,4,1,"....is reliable, can always be counted on",,,,,,,,,,,,,,,,,,,,,,,,,,,,,,,,,,,,,,,,,,,,,,,,,,,,,,,,,,,,
,,,,,,,,,,,,,2025-05-08_19h24.55.117,SLSI3_O,2022.2.5,Win32,60.24096386,,,,,,,,,,,,,,,,,,,,,,,,,,,,,,,,,,,,,,,,,,,,,,,,,,,,,,,,,,,,,,,,,,,,,,,,,,,,,,,,,,,,,,,4,2.8625,...finds clever ways to do things,0,3,3,3,1,...finds clever ways to do things,,,,,,,,,,,,,,,,,,,,,,,,,,,,,,,,,,,,,,,,,,,,,,,,,,,,,,,,,,,,
,,,,,,,,,,,,,2025-05-08_19h24.55.117,SLSI3_O,2022.2.5,Win32,60.24096386,,,,,,,,,,,,,,,,,,,,,,,,,,,,,,,,,,,,,,,,,,,,,,,,,,,,,,,,,,,,,,,,,,,,,,,,,,,,,,,,,,,,,,,4,2.8598,...is inventive,0,4,4,2,1,...is inventive,,,,,,,,,,,,,,,,,,,,,,,,,,,,,,,,,,,,,,,,,,,,,,,,,,,,,,,,,,,,
,,,,,,,,,,,,,2025-05-08_19h24.55.117,SLSI3_O,2022.2.5,Win32,60.24096386,,,,,,,,,,,,,,,,,,,,,,,,,,,,,,,,,,,,,,,,,,,,,,,,,,,,,,,,,,,,,,,,,,,,,,,,,,,,,,,,,,,,,,,1,2.8536,...often feels sad,0,5,5,0,1,...often feels sad,,,,,,,,,,,,,,,,,,,,,,,,,,,,,,,,,,,,,,,,,,,,,,,,,,,,,,,,,,,,
,,,,,,,,,,,,,2025-05-08_19h24.55.117,SLSI3_O,2022.2.5,Win32,60.24096386,,,,,,,,,,,,,,,,,,,,,,,,,,,,,,,,,,,,,,,,,,,,,,,,,,,,,,,,,,,,,,,,,,,,,,,,,,,,,,,,,,,,,,,,,,,,,,,,space,6.928,,,,,,,,,,,,,,,,,,,,,,,,,,,,,,,,,,,,,,,,,,,,,,,,,,,,,,,,,,
,,,,,,,,,,,,,2025-05-08_19h24.55.117,SLSI3_O,2022.2.5,Win32,60.24096386,,,,,,,,,,,,,,,,,,,,,,,,,,,,,,,,,,,,,,,,,,,,,,,,,,,,,,,,,,,,,,,,,,,,,,,,,,,,,,,,,,,,,,,,,,,,,,,,,,3,6.8907,,0,0,0,5,1,I have made and created things that have had an impact on other people.,,,,,,,,,,,,,,,,,,,,,,,,,,,,,,,,,,,,,,,,,,,,,,,,,
,,,,,,,,,,,,,2025-05-08_19h24.55.117,SLSI3_O,2022.2.5,Win32,60.24096386,,,,,,,,,,,,,,,,,,,,,,,,,,,,,,,,,,,,,,,,,,,,,,,,,,,,,,,,,,,,,,,,,,,,,,,,,,,,,,,,,,,,,,,,,,,,,,,,,,4,4.5958,,0,1,1,0,1,Try to pass along the knowledge I have gained through my experiences.,,,,,,,,,,,,,,,,,,,,,,,,,,,,,,,,,,,,,,,,,,,,,,,,,
,,,,,,,,,,,,,2025-05-08_19h24.55.117,SLSI3_O,2022.2.5,Win32,60.24096386,,,,,,,,,,,,,,,,,,,,,,,,,,,,,,,,,,,,,,,,,,,,,,,,,,,,,,,,,,,,,,,,,,,,,,,,,,,,,,,,,,,,,,,,,,,,,,,,,,4,6.9923,,0,2,2,3,1,I feel as though I have made a difference to many people.,,,,,,,,,,,,,,,,,,,,,,,,,,,,,,,,,,,,,,,,,,,,,,,,,
,,,,,,,,,,,,,2025-05-08_19h24.55.117,SLSI3_O,2022.2.5,Win32,60.24096386,,,,,,,,,,,,,,,,,,,,,,,,,,,,,,,,,,,,,,,,,,,,,,,,,,,,,,,,,,,,,,,,,,,,,,,,,,,,,,,,,,,,,,,,,,,,,,,,,,4,2.3846,,0,3,3,17,1,I have a responsibility to improve the neighborhood in which I live.,,,,,,,,,,,,,,,,,,,,,,,,,,,,,,,,,,,,,,,,,,,,,,,,,
,,,,,,,,,,,,,2025-05-08_19h24.55.117,SLSI3_O,2022.2.5,Win32,60.24096386,,,,,,,,,,,,,,,,,,,,,,,,,,,,,,,,,,,,,,,,,,,,,,,,,,,,,,,,,,,,,,,,,,,,,,,,,,,,,,,,,,,,,,,,,,,,,,,,,,3,2.5782,,0,4,4,11,1,I have important skills that I try to teach others.,,,,,,,,,,,,,,,,,,,,,,,,,,,,,,,,,,,,,,,,,,,,,,,,,
,,,,,,,,,,,,,2025-05-08_19h24.55.117,SLSI3_O,2022.2.5,Win32,60.24096386,,,,,,,,,,,,,,,,,,,,,,,,,,,,,,,,,,,,,,,,,,,,,,,,,,,,,,,,,,,,,,,,,,,,,,,,,,,,,,,,,,,,,,,,,,,,,,,,,,3,1.9846,,0,5,5,16,1,Other people say that I am a very productive person.,,,,,,,,,,,,,,,,,,,,,,,,,,,,,,,,,,,,,,,,,,,,,,,,,
,,,,,,,,,,,,,2025-05-08_19h24.55.117,SLSI3_O,2022.2.5,Win32,60.24096386,,,,,,,,,,,,,,,,,,,,,,,,,,,,,,,,,,,,,,,,,,,,,,,,,,,,,,,,,,,,,,,,,,,,,,,,,,,,,,,,,,,,,,,,,,,,,,,,,,3,2.3509,,0,6,6,14,1,I feel as though I have done a lot to contribute to others.,,,,,,,,,,,,,,,,,,,,,,,,,,,,,,,,,,,,,,,,,,,,,,,,,
,,,,,,,,,,,,,2025-05-08_19h24.55.117,SLSI3_O,2022.2.5,Win32,60.24096386,,,,,,,,,,,,,,,,,,,,,,,,,,,,,,,,,,,,,,,,,,,,,,,,,,,,,,,,,,,,,,,,,,,,,,,,,,,,,,,,,,,,,,,,,,,,,,,,,,4,3.8763,,0,7,7,13,1,"In general, my actions have a positive effect on other people.",,,,,,,,,,,,,,,,,,,,,,,,,,,,,,,,,,,,,,,,,,,,,,,,,
,,,,,,,,,,,,,2025-05-08_19h24.55.117,SLSI3_O,2022.2.5,Win32,60.24096386,,,,,,,,,,,,,,,,,,,,,,,,,,,,,,,,,,,,,,,,,,,,,,,,,,,,,,,,,,,,,,,,,,,,,,,,,,,,,,,,,,,,,,,,,,,,,,,,,,4,2.4009,,0,8,8,15,1,"I have made many commitments to many different kinds of people, groups, and activities in my life.",,,,,,,,,,,,,,,,,,,,,,,,,,,,,,,,,,,,,,,,,,,,,,,,,
,,,,,,,,,,,,,2025-05-08_19h24.55.117,SLSI3_O,2022.2.5,Win32,60.24096386,,,,,,,,,,,,,,,,,,,,,,,,,,,,,,,,,,,,,,,,,,,,,,,,,,,,,,,,,,,,,,,,,,,,,,,,,,,,,,,,,,,,,,,,,,,,,,,,,,3,1.0709,,0,9,9,18,1,People come to me for advice.,,,,,,,,,,,,,,,,,,,,,,,,,,,,,,,,,,,,,,,,,,,,,,,,,
,,,,,,,,,,,,,2025-05-08_19h24.55.117,SLSI3_O,2022.2.5,Win32,60.24096386,,,,,,,,,,,,,,,,,,,,,,,,,,,,,,,,,,,,,,,,,,,,,,,,,,,,,,,,,,,,,,,,,,,,,,,,,,,,,,,,,,,,,,,,,,,,,,,,,,4,2.8863,,0,10,10,8,1,I believe that society should be responsible for providing food and shelter for all homeless people.,,,,,,,,,,,,,,,,,,,,,,,,,,,,,,,,,,,,,,,,,,,,,,,,,
,,,,,,,,,,,,,2025-05-08_19h24.55.117,SLSI3_O,2022.2.5,Win32,60.24096386,,,,,,,,,,,,,,,,,,,,,,,,,,,,,,,,,,,,,,,,,,,,,,,,,,,,,,,,,,,,,,,,,,,,,,,,,,,,,,,,,,,,,,,,,,,,,,,,,,4,2.7549,,0,11,11,12,1,I feel that things I have done in my life will survive after I die.,,,,,,,,,,,,,,,,,,,,,,,,,,,,,,,,,,,,,,,,,,,,,,,,,
,,,,,,,,,,,,,2025-05-08_19h24.55.117,SLSI3_O,2022.2.5,Win32,60.24096386,,,,,,,,,,,,,,,,,,,,,,,,,,,,,,,,,,,,,,,,,,,,,,,,,,,,,,,,,,,,,,,,,,,,,,,,,,,,,,,,,,,,,,,,,,,,,,,,,,4,0.8849,,0,12,12,1,1,I feel that other people need me.,,,,,,,,,,,,,,,,,,,,,,,,,,,,,,,,,,,,,,,,,,,,,,,,,
,,,,,,,,,,,,,2025-05-08_19h24.55.117,SLSI3_O,2022.2.5,Win32,60.24096386,,,,,,,,,,,,,,,,,,,,,,,,,,,,,,,,,,,,,,,,,,,,,,,,,,,,,,,,,,,,,,,,,,,,,,,,,,,,,,,,,,,,,,,,,,,,,,,,,,3,1.3054,,0,13,13,6,1,I try to be creative in most things that I do.,,,,,,,,,,,,,,,,,,,,,,,,,,,,,,,,,,,,,,,,,,,,,,,,,
,,,,,,,,,,,,,2025-05-08_19h24.55.117,SLSI3_O,2022.2.5,Win32,60.24096386,,,,,,,,,,,,,,,,,,,,,,,,,,,,,,,,,,,,,,,,,,,,,,,,,,,,,,,,,,,,,,,,,,,,,,,,,,,,,,,,,,,,,,,,,,,,,,,,,,4,2.4514,,0,14,14,7,1,I think that I will be remembered for a long time after I die.,,,,,,,,,,,,,,,,,,,,,,,,,,,,,,,,,,,,,,,,,,,,,,,,,
,,,,,,,,,,,,,2025-05-08_19h24.55.117,SLSI3_O,2022.2.5,Win32,60.24096386,,,,,,,,,,,,,,,,,,,,,,,,,,,,,,,,,,,,,,,,,,,,,,,,,,,,,,,,,,,,,,,,,,,,,,,,,,,,,,,,,,,,,,,,,,,,,,,,,,4,2.3032,,0,15,15,10,1,"If I were unable to have children of my own, I would like to adopt children.",,,,,,,,,,,,,,,,,,,,,,,,,,,,,,,,,,,,,,,,,,,,,,,,,
,,,,,,,,,,,,,2025-05-08_19h24.55.117,SLSI3_O,2022.2.5,Win32,60.24096386,,,,,,,,,,,,,,,,,,,,,,,,,,,,,,,,,,,,,,,,,,,,,,,,,,,,,,,,,,,,,,,,,,,,,,,,,,,,,,,,,,,,,,,,,,,,,,,,,,3,1.9603,,0,16,16,9,1,Others would say that I have made unique contributions to society.,,,,,,,,,,,,,,,,,,,,,,,,,,,,,,,,,,,,,,,,,,,,,,,,,
,,,,,,,,,,,,,2025-05-08_19h24.55.117,SLSI3_O,2022.2.5,Win32,60.24096386,,,,,,,,,,,,,,,,,,,,,,,,,,,,,,,,,,,,,,,,,,,,,,,,,,,,,,,,,,,,,,,,,,,,,,,,,,,,,,,,,,,,,,,,,,,,,,,,,,4,2.8442,,0,17,17,2,1,I think I would like the work of a teacher.,,,,,,,,,,,,,,,,,,,,,,,,,,,,,,,,,,,,,,,,,,,,,,,,,
,,,,,,,,,,,,,2025-05-08_19h24.55.117,SLSI3_O,2022.2.5,Win32,60.24096386,,,,,,,,,,,,,,,,,,,,,,,,,,,,,,,,,,,,,,,,,,,,,,,,,,,,,,,,,,,,,,,,,,,,,,,,,,,,,,,,,,,,,,,,,,,,,,,,,,3,1.4929,,0,18,18,19,1,I feel as though my contributions will exist after I die.,,,,,,,,,,,,,,,,,,,,,,,,,,,,,,,,,,,,,,,,,,,,,,,,,
,,,,,,,,,,,,,2025-05-08_19h24.55.117,SLSI3_O,2022.2.5,Win32,60.24096386,,,,,,,,,,,,,,,,,,,,,,,,,,,,,,,,,,,,,,,,,,,,,,,,,,,,,,,,,,,,,,,,,,,,,,,,,,,,,,,,,,,,,,,,,,,,,,,,,,3,1.0208,,0,19,19,4,1,I volunteer to work for a charity.,,,,,,,,,,,,,,,,,,,,,,,,,,,,,,,,,,,,,,,,,,,,,,,,,
,,,,,,,,,,,,,2025-05-08_19h24.55.117,SLSI3_O,2022.2.5,Win32,60.24096386,,,,,,,,,,,,,,,,,,,,,,,,,,,,,,,,,,,,,,,,,,,,,,,,,,,,,,,,,,,,,,,,,,,,,,,,,,,,,,,,,,,,,,,,,,,,,,,,,,,,,,,,,,,space,3.4126,,,,,,,,,,,,,,,,,,,,,,,,,,,,,,,,,,,,,,,,,,,,,,,
,,,,,,,,,,,,,2025-05-08_19h24.55.117,SLSI3_O,2022.2.5,Win32,60.24096386,,,,,,,,,,,,,,,,,,,,,,,,,,,,,,,,,,,,,,,,,,,,,,,,,,,,,,,,,,,,,,,,,,,,,,,,,,,,,,,,,,,,,,,,,,,,,,,,,,,,,,,,,,There are people I can turn to,,,4,2.9698,,0,0,0,19,1,,,,,,,,,,,,,,,,,,,,,,,,,,,,,,,,,,,,,,,
,,,,,,,,,,,,,2025-05-08_19h24.55.117,SLSI3_O,2022.2.5,Win32,60.24096386,,,,,,,,,,,,,,,,,,,,,,,,,,,,,,,,,,,,,,,,,,,,,,,,,,,,,,,,,,,,,,,,,,,,,,,,,,,,,,,,,,,,,,,,,,,,,,,,,,,,,,,,,,There are people who really understand me,,,4,1.4067,,0,1,1,15,1,,,,,,,,,,,,,,,,,,,,,,,,,,,,,,,,,,,,,,,
,,,,,,,,,,,,,2025-05-08_19h24.55.117,SLSI3_O,2022.2.5,Win32,60.24096386,,,,,,,,,,,,,,,,,,,,,,,,,,,,,,,,,,,,,,,,,,,,,,,,,,,,,,,,,,,,,,,,,,,,,,,,,,,,,,,,,,,,,,,,,,,,,,,,,,,,,,,,,,I am unhappy being so withdrawn ,,,1,1.9342,,0,2,2,16,1,,,,,,,,,,,,,,,,,,,,,,,,,,,,,,,,,,,,,,,
,,,,,,,,,,,,,2025-05-08_19h24.55.117,SLSI3_O,2022.2.5,Win32,60.24096386,,,,,,,,,,,,,,,,,,,,,,,,,,,,,,,,,,,,,,,,,,,,,,,,,,,,,,,,,,,,,,,,,,,,,,,,,,,,,,,,,,,,,,,,,,,,,,,,,,,,,,,,,,I am no longer close to anyone,,,1,0.7676,,0,3,3,6,1,,,,,,,,,,,,,,,,,,,,,,,,,,,,,,,,,,,,,,,
,,,,,,,,,,,,,2025-05-08_19h24.55.117,SLSI3_O,2022.2.5,Win32,60.24096386,,,,,,,,,,,,,,,,,,,,,,,,,,,,,,,,,,,,,,,,,,,,,,,,,,,,,,,,,,,,,,,,,,,,,,,,,,,,,,,,,,,,,,,,,,,,,,,,,,,,,,,,,,I feel part of a group of friends,,,4,1.9869,,0,4,4,4,1,,,,,,,,,,,,,,,,,,,,,,,,,,,,,,,,,,,,,,,
,,,,,,,,,,,,,2025-05-08_19h24.55.117,SLSI3_O,2022.2.5,Win32,60.24096386,,,,,,,,,,,,,,,,,,,,,,,,,,,,,,,,,,,,,,,,,,,,,,,,,,,,,,,,,,,,,,,,,,,,,,,,,,,,,,,,,,,,,,,,,,,,,,,,,,,,,,,,,,I can find companionship when I want it,,,4,0.7676,,0,5,5,14,1,,,,,,,,,,,,,,,,,,,,,,,,,,,,,,,,,,,,,,,
,,,,,,,,,,,,,2025-05-08_19h24.55.117,SLSI3_O,2022.2.5,Win32,60.24096386,,,,,,,,,,,,,,,,,,,,,,,,,,,,,,,,,,,,,,,,,,,,,,,,,,,,,,,,,,,,,,,,,,,,,,,,,,,,,,,,,,,,,,,,,,,,,,,,,,,,,,,,,,I feel in tune with the people around me,,,4,0.8115,,0,6,6,0,1,,,,,,,,,,,,,,,,,,,,,,,,,,,,,,,,,,,,,,,
,,,,,,,,,,,,,2025-05-08_19h24.55.117,SLSI3_O,2022.2.5,Win32,60.24096386,,,,,,,,,,,,,,,,,,,,,,,,,,,,,,,,,,,,,,,,,,,,,,,,,,,,,,,,,,,,,,,,,,,,,,,,,,,,,,,,,,,,,,,,,,,,,,,,,,,,,,,,,,There are people I feel close to,,,4,0.6249,,0,7,7,9,1,,,,,,,,,,,,,,,,,,,,,,,,,,,,,,,,,,,,,,,
,,,,,,,,,,,,,2025-05-08_19h24.55.117,SLSI3_O,2022.2.5,Win32,60.24096386,,,,,,,,,,,,,,,,,,,,,,,,,,,,,,,,,,,,,,,,,,,,,,,,,,,,,,,,,,,,,,,,,,,,,,,,,,,,,,,,,,,,,,,,,,,,,,,,,,,,,,,,,,I feel isolated from others,,,1,0.502,,0,8,8,13,1,,,,,,,,,,,,,,,,,,,,,,,,,,,,,,,,,,,,,,,
,,,,,,,,,,,,,2025-05-08_19h24.55.117,SLSI3_O,2022.2.5,Win32,60.24096386,,,,,,,,,,,,,,,,,,,,,,,,,,,,,,,,,,,,,,,,,,,,,,,,,,,,,,,,,,,,,,,,,,,,,,,,,,,,,,,,,,,,,,,,,,,,,,,,,,,,,,,,,,I have a lot in common with the people around me,,,4,1.0179,,0,9,9,5,1,,,,,,,,,,,,,,,,,,,,,,,,,,,,,,,,,,,,,,,
,,,,,,,,,,,,,2025-05-08_19h24.55.117,SLSI3_O,2022.2.5,Win32,60.24096386,,,,,,,,,,,,,,,,,,,,,,,,,,,,,,,,,,,,,,,,,,,,,,,,,,,,,,,,,,,,,,,,,,,,,,,,,,,,,,,,,,,,,,,,,,,,,,,,,,,,,,,,,,There is no one I can turn to,,,1,0.5375,,0,10,10,2,1,,,,,,,,,,,,,,,,,,,,,,,,,,,,,,,,,,,,,,,
,,,,,,,,,,,,,2025-05-08_19h24.55.117,SLSI3_O,2022.2.5,Win32,60.24096386,,,,,,,,,,,,,,,,,,,,,,,,,,,,,,,,,,,,,,,,,,,,,,,,,,,,,,,,,,,,,,,,,,,,,,,,,,,,,,,,,,,,,,,,,,,,,,,,,,,,,,,,,,I lack companionship,,,1,0.4843,,0,11,11,1,1,,,,,,,,,,,,,,,,,,,,,,,,,,,,,,,,,,,,,,,
,,,,,,,,,,,,,2025-05-08_19h24.55.117,SLSI3_O,2022.2.5,Win32,60.24096386,,,,,,,,,,,,,,,,,,,,,,,,,,,,,,,,,,,,,,,,,,,,,,,,,,,,,,,,,,,,,,,,,,,,,,,,,,,,,,,,,,,,,,,,,,,,,,,,,,,,,,,,,,People are around me but not with me,,,4,0.9107,,0,12,12,17,1,,,,,,,,,,,,,,,,,,,,,,,,,,,,,,,,,,,,,,,
,,,,,,,,,,,,,2025-05-08_19h24.55.117,SLSI3_O,2022.2.5,Win32,60.24096386,,,,,,,,,,,,,,,,,,,,,,,,,,,,,,,,,,,,,,,,,,,,,,,,,,,,,,,,,,,,,,,,,,,,,,,,,,,,,,,,,,,,,,,,,,,,,,,,,,,,,,,,,,My social relationships are superficial,,,1,1.1876,,0,13,13,11,1,,,,,,,,,,,,,,,,,,,,,,,,,,,,,,,,,,,,,,,
,,,,,,,,,,,,,2025-05-08_19h24.55.117,SLSI3_O,2022.2.5,Win32,60.24096386,,,,,,,,,,,,,,,,,,,,,,,,,,,,,,,,,,,,,,,,,,,,,,,,,,,,,,,,,,,,,,,,,,,,,,,,,,,,,,,,,,,,,,,,,,,,,,,,,,,,,,,,,,There are people I can talk to,,,4,0.5345,,0,14,14,18,1,,,,,,,,,,,,,,,,,,,,,,,,,,,,,,,,,,,,,,,
,,,,,,,,,,,,,2025-05-08_19h24.55.117,SLSI3_O,2022.2.5,Win32,60.24096386,,,,,,,,,,,,,,,,,,,,,,,,,,,,,,,,,,,,,,,,,,,,,,,,,,,,,,,,,,,,,,,,,,,,,,,,,,,,,,,,,,,,,,,,,,,,,,,,,,,,,,,,,,My interests and ideas are not shared by those around me,,,1,1.601,,0,15,15,7,1,,,,,,,,,,,,,,,,,,,,,,,,,,,,,,,,,,,,,,,
,,,,,,,,,,,,,2025-05-08_19h24.55.117,SLSI3_O,2022.2.5,Win32,60.24096386,,,,,,,,,,,,,,,,,,,,,,,,,,,,,,,,,,,,,,,,,,,,,,,,,,,,,,,,,,,,,,,,,,,,,,,,,,,,,,,,,,,,,,,,,,,,,,,,,,,,,,,,,,No one really knows me well,,,1,1.0516,,0,16,16,12,1,,,,,,,,,,,,,,,,,,,,,,,,,,,,,,,,,,,,,,,
,,,,,,,,,,,,,2025-05-08_19h24.55.117,SLSI3_O,2022.2.5,Win32,60.24096386,,,,,,,,,,,,,,,,,,,,,,,,,,,,,,,,,,,,,,,,,,,,,,,,,,,,,,,,,,,,,,,,,,,,,,,,,,,,,,,,,,,,,,,,,,,,,,,,,,,,,,,,,,I do not feel alone,,,4,0.8357,,0,17,17,3,1,,,,,,,,,,,,,,,,,,,,,,,,,,,,,,,,,,,,,,,
,,,,,,,,,,,,,2025-05-08_19h24.55.117,SLSI3_O,2022.2.5,Win32,60.24096386,,,,,,,,,,,,,,,,,,,,,,,,,,,,,,,,,,,,,,,,,,,,,,,,,,,,,,,,,,,,,,,,,,,,,,,,,,,,,,,,,,,,,,,,,,,,,,,,,,,,,,,,,,I am an outgoing person,,,3,2.29,,0,18,18,8,1,,,,,,,,,,,,,,,,,,,,,,,,,,,,,,,,,,,,,,,
,,,,,,,,,,,,,2025-05-08_19h24.55.117,SLSI3_O,2022.2.5,Win32,60.24096386,,,,,,,,,,,,,,,,,,,,,,,,,,,,,,,,,,,,,,,,,,,,,,,,,,,,,,,,,,,,,,,,,,,,,,,,,,,,,,,,,,,,,,,,,,,,,,,,,,,,,,,,,,I feel left out,,,1,0.6037,,0,19,19,10,1,,,,,,,,,,,,,,,,,,,,,,,,,,,,,,,,,,,,,,,
,,,,,,,,,,,,,2025-05-08_19h24.55.117,SLSI3_O,2022.2.5,Win32,60.24096386,,,,,,,,,,,,,,,,,,,,,,,,,,,,,,,,,,,,,,,,,,,,,,,,,,,,,,,,,,,,,,,,,,,,,,,,,,,,,,,,,,,,,,,,,,,,,,,,,,,,,,,,,,,,,,,,,,,,,space,4.1077,,,,,,,,,,,,,,,,,,,,,,,,,,,,,,,,,,,,,
,,,,,,,,,,,,,2025-05-08_19h24.55.117,SLSI3_O,2022.2.5,Win32,60.24096386,,,,,,,,,,,,,,,,,,,,,,,,,,,,,,,,,,,,,,,,,,,,,,,,,,,,,,,,,,,,,,,,,,,,,,,,,,,,,,,,,,,,,,,,,,,,,,,,,,,,,,,,,,,,,,,,,,,,,,,2,5.2657,I think I probably worry more about Alzheimer’s disease and related dementias than other people my same age.,0,0,0,11,1,I think I probably worry more about Alzheimer’s disease and related dementias than other people my same age.,,,,,,,,,,,,,,,,,,,,,,,,,,,,
,,,,,,,,,,,,,2025-05-08_19h24.55.117,SLSI3_O,2022.2.5,Win32,60.24096386,,,,,,,,,,,,,,,,,,,,,,,,,,,,,,,,,,,,,,,,,,,,,,,,,,,,,,,,,,,,,,,,,,,,,,,,,,,,,,,,,,,,,,,,,,,,,,,,,,,,,,,,,,,,,,,,,,,,,,,2,3.9171,"When I can’t remember something, I find myself wondering whether I have Alzheimer’s disease or a related dementia.",0,1,1,2,1,"When I can’t remember something, I find myself wondering whether I have Alzheimer’s disease or a related dementia.",,,,,,,,,,,,,,,,,,,,,,,,,,,,
,,,,,,,,,,,,,2025-05-08_19h24.55.117,SLSI3_O,2022.2.5,Win32,60.24096386,,,,,,,,,,,,,,,,,,,,,,,,,,,,,,,,,,,,,,,,,,,,,,,,,,,,,,,,,,,,,,,,,,,,,,,,,,,,,,,,,,,,,,,,,,,,,,,,,,,,,,,,,,,,,,,,,,,,,,,2,7.5989,"I know I shouldn’t worry about developing Alzheimer’s disease and related dementias, but I just cannot help it.",0,2,2,0,1,"I know I shouldn’t worry about developing Alzheimer’s disease and related dementias, but I just cannot help it.",,,,,,,,,,,,,,,,,,,,,,,,,,,,
,,,,,,,,,,,,,2025-05-08_19h24.55.117,SLSI3_O,2022.2.5,Win32,60.24096386,,,,,,,,,,,,,,,,,,,,,,,,,,,,,,,,,,,,,,,,,,,,,,,,,,,,,,,,,,,,,,,,,,,,,,,,,,,,,,,,,,,,,,,,,,,,,,,,,,,,,,,,,,,,,,,,,,,,,,,2,4.2363,"Even though I know it doesn’t help to focus on it, I can’t help thinking about whether or not I have Alzheimer’s disease or a related dementia.",0,3,3,7,1,"Even though I know it doesn’t help to focus on it, I can’t help thinking about whether or not I have Alzheimer’s disease or a related dementia.",,,,,,,,,,,,,,,,,,,,,,,,,,,,
,,,,,,,,,,,,,2025-05-08_19h24.55.117,SLSI3_O,2022.2.5,Win32,60.24096386,,,,,,,,,,,,,,,,,,,,,,,,,,,,,,,,,,,,,,,,,,,,,,,,,,,,,,,,,,,,,,,,,,,,,,,,,,,,,,,,,,,,,,,,,,,,,,,,,,,,,,,,,,,,,,,,,,,,,,,2,5.153,"When I am not distracted, I find my thoughts focusing on my own cognitive changes and concerns.",0,4,4,6,1,"When I am not distracted, I find my thoughts focusing on my own cognitive changes and concerns.",,,,,,,,,,,,,,,,,,,,,,,,,,,,
,,,,,,,,,,,,,2025-05-08_19h24.55.117,SLSI3_O,2022.2.5,Win32,60.24096386,,,,,,,,,,,,,,,,,,,,,,,,,,,,,,,,,,,,,,,,,,,,,,,,,,,,,,,,,,,,,,,,,,,,,,,,,,,,,,,,,,,,,,,,,,,,,,,,,,,,,,,,,,,,,,,,,,,,,,,1,4.096,"	When I hear about someone having Alzheimer’s disease or a related dementia, I start to worry about having it myself.",0,5,5,5,1,"	When I hear about someone having Alzheimer’s disease or a related dementia, I start to worry about having it myself.",,,,,,,,,,,,,,,,,,,,,,,,,,,,
,,,,,,,,,,,,,2025-05-08_19h24.55.117,SLSI3_O,2022.2.5,Win32,60.24096386,,,,,,,,,,,,,,,,,,,,,,,,,,,,,,,,,,,,,,,,,,,,,,,,,,,,,,,,,,,,,,,,,,,,,,,,,,,,,,,,,,,,,,,,,,,,,,,,,,,,,,,,,,,,,,,,,,,,,,,1,3.1862,My worries about Alzheimer’s disease and related dementias overwhelm me.,0,6,6,3,1,My worries about Alzheimer’s disease and related dementias overwhelm me.,,,,,,,,,,,,,,,,,,,,,,,,,,,,
,,,,,,,,,,,,,2025-05-08_19h24.55.117,SLSI3_O,2022.2.5,Win32,60.24096386,,,,,,,,,,,,,,,,,,,,,,,,,,,,,,,,,,,,,,,,,,,,,,,,,,,,,,,,,,,,,,,,,,,,,,,,,,,,,,,,,,,,,,,,,,,,,,,,,,,,,,,,,,,,,,,,,,,,,,,1,3.4819,"More often than not, I find my thoughts returning to concerns that I have Alzheimer’s disease or a related dementia.",0,7,7,4,1,"More often than not, I find my thoughts returning to concerns that I have Alzheimer’s disease or a related dementia.",,,,,,,,,,,,,,,,,,,,,,,,,,,,
,,,,,,,,,,,,,2025-05-08_19h24.55.117,SLSI3_O,2022.2.5,Win32,60.24096386,,,,,,,,,,,,,,,,,,,,,,,,,,,,,,,,,,,,,,,,,,,,,,,,,,,,,,,,,,,,,,,,,,,,,,,,,,,,,,,,,,,,,,,,,,,,,,,,,,,,,,,,,,,,,,,,,,,,,,,1,2.9019,"When I forget a word that I want to say, my thoughts immediately turn to Alzheimer’s disease and related dementias.",0,8,8,10,1,"When I forget a word that I want to say, my thoughts immediately turn to Alzheimer’s disease and related dementias.",,,,,,,,,,,,,,,,,,,,,,,,,,,,
,,,,,,,,,,,,,2025-05-08_19h24.55.117,SLSI3_O,2022.2.5,Win32,60.24096386,,,,,,,,,,,,,,,,,,,,,,,,,,,,,,,,,,,,,,,,,,,,,,,,,,,,,,,,,,,,,,,,,,,,,,,,,,,,,,,,,,,,,,,,,,,,,,,,,,,,,,,,,,,,,,,,,,,,,,,1,2.3864,"Sometimes when trying to go to sleep, I find my thoughts drift to my concerns about having Alzheimer’s disease or a related dementia.",0,9,9,9,1,"Sometimes when trying to go to sleep, I find my thoughts drift to my concerns about having Alzheimer’s disease or a related dementia.",,,,,,,,,,,,,,,,,,,,,,,,,,,,
,,,,,,,,,,,,,2025-05-08_19h24.55.117,SLSI3_O,2022.2.5,Win32,60.24096386,,,,,,,,,,,,,,,,,,,,,,,,,,,,,,,,,,,,,,,,,,,,,,,,,,,,,,,,,,,,,,,,,,,,,,,,,,,,,,,,,,,,,,,,,,,,,,,,,,,,,,,,,,,,,,,,,,,,,,,1,1.8533,"Once I start worrying about Alzheimer’s disease and related dementias, I just cannot stop.",0,10,10,8,1,"Once I start worrying about Alzheimer’s disease and related dementias, I just cannot stop.",,,,,,,,,,,,,,,,,,,,,,,,,,,,
,,,,,,,,,,,,,2025-05-08_19h24.55.117,SLSI3_O,2022.2.5,Win32,60.24096386,,,,,,,,,,,,,,,,,,,,,,,,,,,,,,,,,,,,,,,,,,,,,,,,,,,,,,,,,,,,,,,,,,,,,,,,,,,,,,,,,,,,,,,,,,,,,,,,,,,,,,,,,,,,,,,,,,,,,,,1,1.6865,I find it difficult to control my worries about developing Alzheimer’s disease and related dementias.,0,11,11,1,1,I find it difficult to control my worries about developing Alzheimer’s disease and related dementias.,,,,,,,,,,,,,,,,,,,,,,,,,,,,
,,,,,,,,,,,,,2025-05-08_19h24.55.117,SLSI3_O,2022.2.5,Win32,60.24096386,,,,,,,,,,,,,,,,,,,,,,,,,,,,,,,,,,,,,,,,,,,,,,,,,,,,,,,,,,,,,,,,,,,,,,,,,,,,,,,,,,,,,,,,,,,,,,,,,,,,,,,,,,,,,,,,,,,,,,,,,,,,,,,,space,5.5557,,,,,,,,,,,,,,,,,,,,,,,,,,
,,,,,,,,,,,,,2025-05-08_19h24.55.117,SLSI3_O,2022.2.5,Win32,60.24096386,,,,,,,,,,,,,,,,,,,,,,,,,,,,,,,,,,,,,,,,,,,,,,,,,,,,,,,,,,,,,,,,,,,,,,,,,,,,,,,,,,,,,,,,,,,,,,,,,,,,,,,,,,,,,,,,,,,,,,,,,,,,,,,,,,1,5.2133,"I answer the phone whenever it rings, even if I do not know who is calling",0,0,0,0,1,"I answer the phone whenever it rings, even if I do not know who is calling",,,,,,,,,,,,,,,,,
,,,,,,,,,,,,,2025-05-08_19h24.55.117,SLSI3_O,2022.2.5,Win32,60.24096386,,,,,,,,,,,,,,,,,,,,,,,,,,,,,,,,,,,,,,,,,,,,,,,,,,,,,,,,,,,,,,,,,,,,,,,,,,,,,,,,,,,,,,,,,,,,,,,,,,,,,,,,,,,,,,,,,,,,,,,,,,,,,,,,,,4,5.1795,Persons over the age of 65 are often targeted by con-artists,0,1,1,3,1,Persons over the age of 65 are often targeted by con-artists,,,,,,,,,,,,,,,,,
,,,,,,,,,,,,,2025-05-08_19h24.55.117,SLSI3_O,2022.2.5,Win32,60.24096386,,,,,,,,,,,,,,,,,,,,,,,,,,,,,,,,,,,,,,,,,,,,,,,,,,,,,,,,,,,,,,,,,,,,,,,,,,,,,,,,,,,,,,,,,,,,,,,,,,,,,,,,,,,,,,,,,,,,,,,,,,,,,,,,,,5,8.2683,"If something sounds too good to be true, it usually is",0,2,2,2,1,"If something sounds too good to be true, it usually is",,,,,,,,,,,,,,,,,
,,,,,,,,,,,,,2025-05-08_19h24.55.117,SLSI3_O,2022.2.5,Win32,60.24096386,,,,,,,,,,,,,,,,,,,,,,,,,,,,,,,,,,,,,,,,,,,,,,,,,,,,,,,,,,,,,,,,,,,,,,,,,,,,,,,,,,,,,,,,,,,,,,,,,,,,,,,,,,,,,,,,,,,,,,,,,,,,,,,,,,1,10.0606,"I have difficulty ending a phone call, even if the caller is a telemarketer, someone I do not know, or someone I do not wish to call me",0,3,3,1,1,"I have difficulty ending a phone call, even if the caller is a telemarketer, someone I do not know, or someone I do not wish to call me",,,,,,,,,,,,,,,,,
,,,,,,,,,,,,,2025-05-08_19h24.55.117,SLSI3_O,2022.2.5,Win32,60.24096386,,,,,,,,,,,,,,,,,,,,,,,,,,,,,,,,,,,,,,,,,,,,,,,,,,,,,,,,,,,,,,,,,,,,,,,,,,,,,,,,,,,,,,,,,,,,,,,,,,,,,,,,,,,,,,,,,,,,,,,,,,,,,,,,,,1,2.4533,"If a telemarketer calls me, I usually listen to what they have to say",0,4,4,4,1,"If a telemarketer calls me, I usually listen to what they have to say",,,,,,,,,,,,,,,,,
,,,,,,,,,,,,,2025-05-08_19h24.55.117,SLSI3_O,2022.2.5,Win32,60.24096386,,,,,,,,,,,,,,,,,,,,,,,,,,,,,,,,,,,,,,,,,,,,,,,,,,,,,,,,,,,,,,,,,,,,,,,,,,,,,,,,,,,,,,,,,,,,,,,,,,,,,,,,,,,,,,,,,,,,,,,,,,,,,,,,,,,,,,,,,,,2.517520216,4.3116,,,,,,,,,,,,,,,
,,,,,,,,,,,,,2025-05-08_19h24.55.117,SLSI3_O,2022.2.5,Win32,60.24096386,,,,,,,,,,,,,,,,,,,,,,,,,,,,,,,,,,,,,,,,,,,,,,,,,,,,,,,,,,,,,,,,,,,,,,,,,,,,,,,,,,,,,,,,,,,,,,,,,,,,,,,,,,,,,,,,,,,,,,,,,,,,,,,,,,,,,,,,,,,,,,,,,,,,,,,,,,,
,,,,,,,,,,,,,2025-05-08_19h24.55.117,SLSI3_O,2022.2.5,Win32,60.24096386,,,,,,,,,,,,,,,,,,,,,,,,,,,,,,,,,,,,,,,,,,,,,,,,,,,,,,,,,,,,,,,,,,,,,,,,,,,,,,,,,,,,,,,,,,,,,,,,,,,,,,,,,,,,,,,,,,,,,,,,,,,,,,,,,,,,,,,,,,,,,"[""female_option""]",,,,,,,,,,,,,,
,,,,,,,,,,,,,2025-05-08_19h24.55.117,SLSI3_O,2022.2.5,Win32,60.24096386,,,,,,,,,,,,,,,,,,,,,,,,,,,,,,,,,,,,,,,,,,,,,,,,,,,,,,,,,,,,,,,,,,,,,,,,,,,,,,,,,,,,,,,,,,,,,,,,,,,,,,,,,,,,,,,,,,,,,,,,,,,,,,,,,,,,,,,,,,,,,,,,,,,,,,,,,,,
,,,,,,,,,,,,,2025-05-08_19h24.55.117,SLSI3_O,2022.2.5,Win32,60.24096386,,,,,,,,,,,,,,,,,,,,,,,,,,,,,,,,,,,,,,,,,,,,,,,,,,,,,,,,,,,,,,,,,,,,,,,,,,,,,,,,,,,,,,,,,,,,,,,,,,,,,,,,,,,,,,,,,,,,,,,,,,,,,,,,,,,,,,,,,,,,,,70,10111954,,,,,,,,,,,,
,,,,,,,,,,,,,2025-05-08_19h24.55.117,SLSI3_O,2022.2.5,Win32,60.24096386,,,,,,,,,,,,,,,,,,,,,,,,,,,,,,,,,,,,,,,,,,,,,,,,,,,,,,,,,,,,,,,,,,,,,,,,,,,,,,,,,,,,,,,,,,,,,,,,,,,,,,,,,,,,,,,,,,,,,,,,,,,,,,,,,,,,,,,,,,,,,,,,,,,,,,,,,,,
,,,,,,,,,,,,,2025-05-08_19h24.55.117,SLSI3_O,2022.2.5,Win32,60.24096386,,,,,,,,,,,,,,,,,,,,,,,,,,,,,,,,,,,,,,,,,,,,,,,,,,,,,,,,,,,,,,,,,,,,,,,,,,,,,,,,,,,,,,,,,,,,,,,,,,,,,,,,,,,,,,,,,,,,,,,,,,,,,,,,,,,,,,,,,,,,,,,,"[""EduOpt3""]",,,,,,,,,,,
,,,,,,,,,,,,,2025-05-08_19h24.55.117,SLSI3_O,2022.2.5,Win32,60.24096386,,,,,,,,,,,,,,,,,,,,,,,,,,,,,,,,,,,,,,,,,,,,,,,,,,,,,,,,,,,,,,,,,,,,,,,,,,,,,,,,,,,,,,,,,,,,,,,,,,,,,,,,,,,,,,,,,,,,,,,,,,,,,,,,,,,,,,,,,,,,,,,,,,,,,,,,,,,
,,,,,,,,,,,,,2025-05-08_19h24.55.117,SLSI3_O,2022.2.5,Win32,60.24096386,,,,,,,,,,,,,,,,,,,,,,,,,,,,,,,,,,,,,,,,,,,,,,,,,,,,,,,,,,,,,,,,,,,,,,,,,,,,,,,,,,,,,,,,,,,,,,,,,,,,,,,,,,,,,,,,,,,,,,,,,,,,,,,,,,,,,,,,,,,,,,,,,"[""EthnOpt5""]",,,,,,,,,,
,,,,,,,,,,,,,2025-05-08_19h24.55.117,SLSI3_O,2022.2.5,Win32,60.24096386,,,,,,,,,,,,,,,,,,,,,,,,,,,,,,,,,,,,,,,,,,,,,,,,,,,,,,,,,,,,,,,,,,,,,,,,,,,,,,,,,,,,,,,,,,,,,,,,,,,,,,,,,,,,,,,,,,,,,,,,,,,,,,,,,,,,,,,,,,,,,,,,,,,,,,,,,,,
,,,,,,,,,,,,,2025-05-08_19h24.55.117,SLSI3_O,2022.2.5,Win32,60.24096386,,,,,,,,,,,,,,,,,,,,,,,,,,,,,,,,,,,,,,,,,,,,,,,,,,,,,,,,,,,,,,,,,,,,,,,,,,,,,,,,,,,,,,,,,,,,,,,,,,,,,,,,,,,,,,,,,,,,,,,,,,,,,,,,,,,,,,,,,,,,,,,,,,"[""EngFlncyY""]",,,,,,,,,
,,,,,,,,,,,,,2025-05-08_19h24.55.117,SLSI3_O,2022.2.5,Win32,60.24096386,,,,,,,,,,,,,,,,,,,,,,,,,,,,,,,,,,,,,,,,,,,,,,,,,,,,,,,,,,,,,,,,,,,,,,,,,,,,,,,,,,,,,,,,,,,,,,,,,,,,,,,,,,,,,,,,,,,,,,,,,,,,,,,,,,,,,,,,,,,,,,,,,,,,,,,,,,,
,,,,,,,,,,,,,2025-05-08_19h24.55.117,SLSI3_O,2022.2.5,Win32,60.24096386,,,,,,,,,,,,,,,,,,,,,,,,,,,,,,,,,,,,,,,,,,,,,,,,,,,,,,,,,,,,,,,,,,,,,,,,,,,,,,,,,,,,,,,,,,,,,,,,,,,,,,,,,,,,,,,,,,,,,,,,,,,,,,,,,,,,,,,,,,,,,,,,,,,1,United States,,,,,,,
,,,,,,,,,,,,,2025-05-08_19h24.55.117,SLSI3_O,2022.2.5,Win32,60.24096386,,,,,,,,,,,,,,,,,,,,,,,,,,,,,,,,,,,,,,,,,,,,,,,,,,,,,,,,,,,,,,,,,,,,,,,,,,,,,,,,,,,,,,,,,,,,,,,,,,,,,,,,,,,,,,,,,,,,,,,,,,,,,,,,,,,,,,,,,,,,,,,,,,,,,,,,,,,
,,,,,,,,,,,,,2025-05-08_19h24.55.117,SLSI3_O,2022.2.5,Win32,60.24096386,,,,,,,,,,,,,,,,,,,,,,,,,,,,,,,,,,,,,,,,,,,,,,,,,,,,,,,,,,,,,,,,,,,,,,,,,,,,,,,,,,,,,,,,,,,,,,,,,,,,,,,,,,,,,,,,,,,,,,,,,,,,,,,,,,,,,,,,,,,,,,,,,,,,,D,,,,,,
,,,,,,,,,,,,,2025-05-08_19h24.55.117,SLSI3_O,2022.2.5,Win32,60.24096386,,,,,,,,,,,,,,,,,,,,,,,,,,,,,,,,,,,,,,,,,,,,,,,,,,,,,,,,,,,,,,,,,,,,,,,,,,,,,,,,,,,,,,,,,,,,,,,,,,,,,,,,,,,,,,,,,,,,,,,,,,,,,,,,,,,,,,,,,,,,,,,,,,,,,,,,,,,
,,,,,,,,,,,,,2025-05-08_19h24.55.117,SLSI3_O,2022.2.5,Win32,60.24096386,,,,,,,,,,,,,,,,,,,,,,,,,,,,,,,,,,,,,,,,,,,,,,,,,,,,,,,,,,,,,,,,,,,,,,,,,,,,,,,,,,,,,,,,,,,,,,,,,,,,,,,,,,,,,,,,,,,,,,,,,,,,,,,,,,,,,,,,,,,,,,,,,,,,,,"I was not doing anything else, only concentrating on this study.",,,,,
,,,,,,,,,,,,,2025-05-08_19h24.55.117,SLSI3_O,2022.2.5,Win32,60.24096386,,,,,,,,,,,,,,,,,,,,,,,,,,,,,,,,,,,,,,,,,,,,,,,,,,,,,,,,,,,,,,,,,,,,,,,,,,,,,,,,,,,,,,,,,,,,,,,,,,,,,,,,,,,,,,,,,,,,,,,,,,,,,,,,,,,,,,,,,,,,,,,,,,,,,,,,,,,
,,,,,,,,,,,,,2025-05-08_19h24.55.117,SLSI3_O,2022.2.5,Win32,60.24096386,,,,,,,,,,,,,,,,,,,,,,,,,,,,,,,,,,,,,,,,,,,,,,,,,,,,,,,,,,,,,,,,,,,,,,,,,,,,,,,,,,,,,,,,,,,,,,,,,,,,,,,,,,,,,,,,,,,,,,,,,,,,,,,,,,,,,,,,,,,,,,,,,,,,,,,The task was interesting. We always need to be on the lookout for scams.,,,,
,,,,,,,,,,,,,2025-05-08_19h24.55.117,SLSI3_O,2022.2.5,Win32,60.24096386,,,,,,,,,,,,,,,,,,,,,,,,,,,,,,,,,,,,,,,,,,,,,,,,,,,,,,,,,,,,,,,,,,,,,,,,,,,,,,,,,,,,,,,,,,,,,,,,,,,,,,,,,,,,,,,,,,,,,,,,,,,,,,,,,,,,,,,,,,,,,,,,,,,,,,,,,,,
,,,,,,,,,,,,,2025-05-08_19h24.55.117,SLSI3_O,2022.2.5,Win32,60.24096386,,,,,,,,,,,,,,,,,,,,,,,,,,,,,,,,,,,,,,,,,,,,,,,,,,,,,,,,,,,,,,,,,,,,,,,,,,,,,,,,,,,,,,,,,,,,,,,,,,,,,,,,,,,,,,,,,,,,,,,,,,,,,,,,,,,,,,,,,,,,,,,,,,,,,,,,"[""Q4option1""]",,,
,,,,,,,,,,,,,2025-05-08_19h24.55.117,SLSI3_O,2022.2.5,Win32,60.24096386,,,,,,,,,,,,,,,,,,,,,,,,,,,,,,,,,,,,,,,,,,,,,,,,,,,,,,,,,,,,,,,,,,,,,,,,,,,,,,,,,,,,,,,,,,,,,,,,,,,,,,,,,,,,,,,,,,,,,,,,,,,,,,,,,,,,,,,,,,,,,,,,,,,,,,,,,,,
,,,,,,,,,,,,,2025-05-08_19h24.55.117,SLSI3_O,2022.2.5,Win32,60.24096386,,,,,,,,,,,,,,,,,,,,,,,,,,,,,,,,,,,,,,,,,,,,,,,,,,,,,,,,,,,,,,,,,,,,,,,,,,,,,,,,,,,,,,,,,,,,,,,,,,,,,,,,,,,,,,,,,,,,,,,,,,,,,,,,,,,,,,,,,,,,,,,,,,,,,,,,,1,[2223.3615999999047],[2223.3616999999285]
