bruinID.text,button.numClicks,button.timesOn,button.timesOff,mouseLogIn.x,mouseLogIn.y,mouseLogIn.leftButton,mouseLogIn.midButton,mouseLogIn.rightButton,mouseLogIn.time,mouseLogIn.clicked_name,session,date,expName,psychopyVersion,OS,frameRate,key_resp_6.keys,key_resp_6.rt,key_resp_5.keys,key_resp_5.rt,subjage_slider.response,subjage_slider.rt,confidence_scale.response,confidence_scale.rt,key_resp_7.keys,key_resp_7.rt,button_2.numClicks,button_2.timesOn,button_2.timesOff,email_type,scam_button.numClicks,scam_button.timesOn,scam_button.timesOff,legit_button.numClicks,legit_button.timesOn,legit_button.timesOff,button_selections_1,confidence_scale_email.response,confidence_scale_email.rt,personal_rel_scale.response,personal_rel_scale.rt,curiosity_scale.response,curiosity_scale.rt,email_loop.thisRepN,email_loop.thisTrialN,email_loop.thisN,email_loop.thisIndex,email_loop.ran,emails,type,xsize,ysize,xpos,ypos,key_resp_11.keys,key_resp_11.rt,key_resp_9.keys,key_resp_9.rt,key_resp_10.keys,key_resp_10.rt,textbox.text,next_button.numClicks,next_button.timesOn,next_button.timesOff,email_loops2.thisRepN,email_loops2.thisTrialN,email_loops2.thisN,email_loops2.thisIndex,email_loops2.ran,key_resp_3.keys,key_resp_3.rt,slider1_2.response,slider1_2.rt,trust_question,loop_GT.thisRepN,loop_GT.thisTrialN,loop_GT.thisN,loop_GT.thisIndex,loop_GT.ran,Phrases,instructionresp_2.keys,instructionresp_2.rt,key_resp_13.keys,key_resp_13.rt,gen_question,loop_G.thisRepN,loop_G.thisTrialN,loop_G.thisN,loop_G.thisIndex,loop_G.ran,Questions,instructionresp.keys,instructionresp.rt,key_resp_2.keys,key_resp_2.rt,lonely_question,loop_LS.thisRepN,loop_LS.thisTrialN,loop_LS.thisN,loop_LS.thisIndex,loop_LS.ran,key_resp_4.keys,key_resp_4.rt,rating.response,rating.rt,dementia_question,loop_dm.thisRepN,loop_dm.thisTrialN,loop_dm.thisN,loop_dm.thisIndex,loop_dm.ran,Items,key_resp.keys,key_resp.rt,slider1.response,slider1.rt,ss_question,loop_SS.thisRepN,loop_SS.thisTrialN,loop_SS.thisN,loop_SS.thisIndex,loop_SS.ran,Statements,slider.response,slider.rt,Gender,textboxAge.text,textboxBirthday.text,Education Level,Ethnicity,English Fluency,textboxAge_2.text,textboxCountry.text,FQ1textbox.text,textboxQuestion2.text,textboxQuestion3.text,FQ4 selection,Finish.numClicks,Finish.timesOn,Finish.timesOff
64a826f6220bf56dca731156,1,[139.92110000002413],[139.9211999999884],-0.098478445,-0.057903635,1,0,0,137.4921,button,001,2025-05-08_19h26.31.434,SLSINC2_O,2022.2.5,Win32,50.25125628,,,,,,,,,,,,,,,,,,,,,,,,,,,,,,,,,,,,,,,,,,,,,,,,,,,,,,,,,,,,,,,,,,,,,,,,,,,,,,,,,,,,,,,,,,,,,,,,,,,,,,,,,,,,,,,,,,,,,,,,,,,,
,,,,,,,,,,,001,2025-05-08_19h26.31.434,SLSINC2_O,2022.2.5,Win32,50.25125628,space,17.357,,,,,,,,,,,,,,,,,,,,,,,,,,,,,,,,,,,,,,,,,,,,,,,,,,,,,,,,,,,,,,,,,,,,,,,,,,,,,,,,,,,,,,,,,,,,,,,,,,,,,,,,,,,,,,,,,,,,,,,,,,
,,,,,,,,,,,001,2025-05-08_19h26.31.434,SLSINC2_O,2022.2.5,Win32,50.25125628,,,space,3.6954,,,,,,,,,,,,,,,,,,,,,,,,,,,,,,,,,,,,,,,,,,,,,,,,,,,,,,,,,,,,,,,,,,,,,,,,,,,,,,,,,,,,,,,,,,,,,,,,,,,,,,,,,,,,,,,,,,,,,,,,
,,,,,,,,,,,001,2025-05-08_19h26.31.434,SLSINC2_O,2022.2.5,Win32,50.25125628,,,,,66.52173655,3.6135,,,,,,,,,,,,,,,,,,,,,,,,,,,,,,,,,,,,,,,,,,,,,,,,,,,,,,,,,,,,,,,,,,,,,,,,,,,,,,,,,,,,,,,,,,,,,,,,,,,,,,,,,,,,,,,,,,,,,,
,,,,,,,,,,,001,2025-05-08_19h26.31.434,SLSINC2_O,2022.2.5,Win32,50.25125628,,,,,,,6.989130198,5.787,,,,,,,,,,,,,,,,,,,,,,,,,,,,,,,,,,,,,,,,,,,,,,,,,,,,,,,,,,,,,,,,,,,,,,,,,,,,,,,,,,,,,,,,,,,,,,,,,,,,,,,,,,,,,,,,,,,,
,,,,,,,,,,,001,2025-05-08_19h26.31.434,SLSINC2_O,2022.2.5,Win32,50.25125628,,,,,,,,,space,0.7396,,,,,,,,,,,,,,,,,,,,,,,,,,,,,,,,,,,,,,,,,,,,,,,,,,,,,,,,,,,,,,,,,,,,,,,,,,,,,,,,,,,,,,,,,,,,,,,,,,,,,,,,,,,,,,,,,,
,,,,,,,,,,,001,2025-05-08_19h26.31.434,SLSINC2_O,2022.2.5,Win32,50.25125628,,,,,,,,,,,1,[181.53189999997585],[181.53189999997585],,1,[183.99099999999999],[183.99099999999999],0,[],[],"[""scam_button""]",8.043478009,2.6577,1.934782448,3.8935,3.989130243,4.316,0,0,0,1,1,resources/images/scam9.jpg,scam,0.65,0.65,0,0,,,,,,,,,,,,,,,,,,,,,,,,,,,,,,,,,,,,,,,,,,,,,,,,,,,,,,,,,,,,,,,,,,,,,,,,,,,,,,,,,,,,,,
,,,,,,,,,,,001,2025-05-08_19h26.31.434,SLSINC2_O,2022.2.5,Win32,50.25125628,,,,,,,,,,,2,"[181.53189999997585,250.192]","[181.53189999997585,250.192]",,2,"[183.99099999999999,251.59160000002385]","[183.99099999999999,251.59160000002385]",0,[],[],"[""scam_button""]",8.043478009,2.5272,5.989130213,4.0758,7.010869329,4.1763,0,1,1,14,1,resources/images/scam18.png,scam,1,0.65,0,0,,,,,,,,,,,,,,,,,,,,,,,,,,,,,,,,,,,,,,,,,,,,,,,,,,,,,,,,,,,,,,,,,,,,,,,,,,,,,,,,,,,,,,
,,,,,,,,,,,001,2025-05-08_19h26.31.434,SLSINC2_O,2022.2.5,Win32,50.25125628,,,,,,,,,,,3,"[181.53189999997585,250.192,285.37999999999965]","[181.53189999997585,250.192,285.37999999999965]",,2,"[183.99099999999999,251.59160000002385]","[183.99099999999999,251.59160000002385]",1,[286.9708000000119],[286.9708000000119],"[""legit_button""]",5.891304128,3.2738,6.869564983,70.5445,6.967391068,3.4922,0,2,2,7,1,resources/images/legit_21.png,legit,0.8,0.8,0,0,,,,,,,,,,,,,,,,,,,,,,,,,,,,,,,,,,,,,,,,,,,,,,,,,,,,,,,,,,,,,,,,,,,,,,,,,,,,,,,,,,,,,,
,,,,,,,,,,,001,2025-05-08_19h26.31.434,SLSINC2_O,2022.2.5,Win32,50.25125628,,,,,,,,,,,4,"[181.53189999997585,250.192,285.37999999999965,369.332199999988]","[181.53189999997585,250.192,285.37999999999965,369.332199999988]",,3,"[183.99099999999999,251.59160000002385,371.0708000000118]","[183.99099999999999,251.59160000002385,371.0708000000118]",1,[286.9708000000119],[286.9708000000119],"[""scam_button""]",8.967391039,2.0706,4.967391098,2.5269,2.010869403,3.1744,0,3,3,20,1,resources/images/scam_30.png,scam,1.45,0.6,0,0,,,,,,,,,,,,,,,,,,,,,,,,,,,,,,,,,,,,,,,,,,,,,,,,,,,,,,,,,,,,,,,,,,,,,,,,,,,,,,,,,,,,,,
,,,,,,,,,,,001,2025-05-08_19h26.31.434,SLSINC2_O,2022.2.5,Win32,50.25125628,,,,,,,,,,,5,"[181.53189999997585,250.192,285.37999999999965,369.332199999988,400.13289999997596]","[181.53189999997585,250.192,285.37999999999965,369.332199999988,400.13289999997596]",,4,"[183.99099999999999,251.59160000002385,371.0708000000118,401.6111000000237]","[183.99099999999999,251.59160000002385,371.0708000000118,401.611199999988]",1,[286.9708000000119],[286.9708000000119],"[""scam_button""]",8.086956269,2.6879,1.978260708,2.1961,4.945651968,2.5104,0,4,4,17,1,resources/images/legitimate_18.png,legit,1,0.65,0,0,,,,,,,,,,,,,,,,,,,,,,,,,,,,,,,,,,,,,,,,,,,,,,,,,,,,,,,,,,,,,,,,,,,,,,,,,,,,,,,,,,,,,,
,,,,,,,,,,,001,2025-05-08_19h26.31.434,SLSINC2_O,2022.2.5,Win32,50.25125628,,,,,,,,,,,6,"[181.53189999997585,250.192,285.37999999999965,369.332199999988,400.13289999997596,416.9127999999523]","[181.53189999997585,250.192,285.37999999999965,369.332199999988,400.13289999997596,416.9127999999523]",,5,"[183.99099999999999,251.59160000002385,371.0708000000118,401.6111000000237,418.3710000000001]","[183.99099999999999,251.59160000002385,371.0708000000118,401.611199999988,418.3710000000001]",1,[286.9708000000119],[286.9708000000119],"[""scam_button""]",9.010869299,2.31,1.956521578,2.7257,2.032608533,2.7479,0,5,5,2,1,resources/images/legit11.jpg,legit,0.65,0.65,0,0,,,,,,,,,,,,,,,,,,,,,,,,,,,,,,,,,,,,,,,,,,,,,,,,,,,,,,,,,,,,,,,,,,,,,,,,,,,,,,,,,,,,,,
,,,,,,,,,,,001,2025-05-08_19h26.31.434,SLSINC2_O,2022.2.5,Win32,50.25125628,,,,,,,,,,,7,"[181.53189999997585,250.192,285.37999999999965,369.332199999988,400.13289999997596,416.9127999999523,446.34039999997594]","[181.53189999997585,250.192,285.37999999999965,369.332199999988,400.13289999997596,416.9127999999523,446.34039999997594]",,6,"[183.99099999999999,251.59160000002385,371.0708000000118,401.6111000000237,418.3710000000001,447.5156999999881]","[183.99099999999999,251.59160000002385,371.0708000000118,401.611199999988,418.3710000000001,447.51580000001195]",1,[286.9708000000119],[286.9708000000119],"[""scam_button""]",9.934782328,2.6254,2.923912868,5.6451,0.945652028,2.6143,0,6,6,21,1,resources/images/scam_23.png,scam,1,0.8,0,0,,,,,,,,,,,,,,,,,,,,,,,,,,,,,,,,,,,,,,,,,,,,,,,,,,,,,,,,,,,,,,,,,,,,,,,,,,,,,,,,,,,,,,
,,,,,,,,,,,001,2025-05-08_19h26.31.434,SLSINC2_O,2022.2.5,Win32,50.25125628,,,,,,,,,,,8,"[181.53189999997585,250.192,285.37999999999965,369.332199999988,400.13289999997596,416.9127999999523,446.34039999997594,468.21189999997614]","[181.53189999997585,250.192,285.37999999999965,369.332199999988,400.13289999997596,416.9127999999523,446.34039999997594,468.21189999997614]",,7,"[183.99099999999999,251.59160000002385,371.0708000000118,401.6111000000237,418.3710000000001,447.5156999999881,469.5311000000238]","[183.99099999999999,251.59160000002385,371.0708000000118,401.611199999988,418.3710000000001,447.51580000001195,469.5311000000238]",1,[286.9708000000119],[286.9708000000119],"[""scam_button""]",9.967391024,2.486,8.010869314,3.7763,1.945652013,7.3853,0,7,7,4,1,resources/images/legit_19.png,legit,0.65,0.65,0,0,,,,,,,,,,,,,,,,,,,,,,,,,,,,,,,,,,,,,,,,,,,,,,,,,,,,,,,,,,,,,,,,,,,,,,,,,,,,,,,,,,,,,,
,,,,,,,,,,,001,2025-05-08_19h26.31.434,SLSINC2_O,2022.2.5,Win32,50.25125628,,,,,,,,,,,9,"[181.53189999997585,250.192,285.37999999999965,369.332199999988,400.13289999997596,416.9127999999523,446.34039999997594,468.21189999997614,603.8129999999996]","[181.53189999997585,250.192,285.37999999999965,369.332199999988,400.13289999997596,416.9127999999523,446.34039999997594,468.21189999997614,603.8129999999996]",,8,"[183.99099999999999,251.59160000002385,371.0708000000118,401.6111000000237,418.3710000000001,447.5156999999881,469.5311000000238,605.1111000000237]","[183.99099999999999,251.59160000002385,371.0708000000118,401.611199999988,418.3710000000001,447.51580000001195,469.5311000000238,605.1111000000237]",1,[286.9708000000119],[286.9708000000119],"[""scam_button""]",9.923912763,1.5451,0.847825942,5.0284,1.032608548,2.5762,0,8,8,5,1,resources/images/legit12.jpg,legit,1,0.65,0,0,,,,,,,,,,,,,,,,,,,,,,,,,,,,,,,,,,,,,,,,,,,,,,,,,,,,,,,,,,,,,,,,,,,,,,,,,,,,,,,,,,,,,,
,,,,,,,,,,,001,2025-05-08_19h26.31.434,SLSINC2_O,2022.2.5,Win32,50.25125628,,,,,,,,,,,10,"[181.53189999997585,250.192,285.37999999999965,369.332199999988,400.13289999997596,416.9127999999523,446.34039999997594,468.21189999997614,603.8129999999996,622.3520999999641]","[181.53189999997585,250.192,285.37999999999965,369.332199999988,400.13289999997596,416.9127999999523,446.34039999997594,468.21189999997614,603.8129999999996,622.3520999999641]",,9,"[183.99099999999999,251.59160000002385,371.0708000000118,401.6111000000237,418.3710000000001,447.5156999999881,469.5311000000238,605.1111000000237,623.6308000000117]","[183.99099999999999,251.59160000002385,371.0708000000118,401.611199999988,418.3710000000001,447.51580000001195,469.5311000000238,605.1111000000237,623.6308000000117]",1,[286.9708000000119],[286.9708000000119],"[""scam_button""]",8.967391039,2.7509,0.956521593,2.8683,0.989130288,6.0093,0,9,9,16,1,resources/images/legit_30.png,legit,1,0.85,0,0,,,,,,,,,,,,,,,,,,,,,,,,,,,,,,,,,,,,,,,,,,,,,,,,,,,,,,,,,,,,,,,,,,,,,,,,,,,,,,,,,,,,,,
,,,,,,,,,,,001,2025-05-08_19h26.31.434,SLSINC2_O,2022.2.5,Win32,50.25125628,,,,,,,,,,,11,"[181.53189999997585,250.192,285.37999999999965,369.332199999988,400.13289999997596,416.9127999999523,446.34039999997594,468.21189999997614,603.8129999999996,622.3520999999641,645.9918999999759]","[181.53189999997585,250.192,285.37999999999965,369.332199999988,400.13289999997596,416.9127999999523,446.34039999997594,468.21189999997614,603.8129999999996,622.3520999999641,645.9918999999759]",,9,"[183.99099999999999,251.59160000002385,371.0708000000118,401.6111000000237,418.3710000000001,447.5156999999881,469.5311000000238,605.1111000000237,623.6308000000117]","[183.99099999999999,251.59160000002385,371.0708000000118,401.611199999988,418.3710000000001,447.51580000001195,469.5311000000238,605.1111000000237,623.6308000000117]",2,"[286.9708000000119,647.9107000000477]","[286.9708000000119,647.9107000000477]","[""legit_button""]",4.999999793,1.9897,6.967391068,3.1982,6.956521503,2.6303,0,10,10,15,1,resources/images/legit16.jpg,legit,0.65,0.65,0,0,,,,,,,,,,,,,,,,,,,,,,,,,,,,,,,,,,,,,,,,,,,,,,,,,,,,,,,,,,,,,,,,,,,,,,,,,,,,,,,,,,,,,,
,,,,,,,,,,,001,2025-05-08_19h26.31.434,SLSINC2_O,2022.2.5,Win32,50.25125628,,,,,,,,,,,12,"[181.53189999997585,250.192,285.37999999999965,369.332199999988,400.13289999997596,416.9127999999523,446.34039999997594,468.21189999997614,603.8129999999996,622.3520999999641,645.9918999999759,736.1394999999998]","[181.53189999997585,250.192,285.37999999999965,369.332199999988,400.13289999997596,416.9127999999523,446.34039999997594,468.21189999997614,603.8129999999996,622.3520999999641,645.9918999999759,736.139599999964]",,10,"[183.99099999999999,251.59160000002385,371.0708000000118,401.6111000000237,418.3710000000001,447.5156999999881,469.5311000000238,605.1111000000237,623.6308000000117,737.7311000000236]","[183.99099999999999,251.59160000002385,371.0708000000118,401.611199999988,418.3710000000001,447.51580000001195,469.5311000000238,605.1111000000237,623.6308000000117,737.7311000000236]",2,"[286.9708000000119,647.9107000000477]","[286.9708000000119,647.9107000000477]","[""scam_button""]",2.978260693,3.0711,8.945651908,3.2514,8.923912778,2.6448,0,11,11,22,1,resources/images/scam_24.png,scam,1,0.8,0,0,,,,,,,,,,,,,,,,,,,,,,,,,,,,,,,,,,,,,,,,,,,,,,,,,,,,,,,,,,,,,,,,,,,,,,,,,,,,,,,,,,,,,,
,,,,,,,,,,,001,2025-05-08_19h26.31.434,SLSINC2_O,2022.2.5,Win32,50.25125628,,,,,,,,,,,13,"[181.53189999997585,250.192,285.37999999999965,369.332199999988,400.13289999997596,416.9127999999523,446.34039999997594,468.21189999997614,603.8129999999996,622.3520999999641,645.9918999999759,736.1394999999998,752.0522999999521]","[181.53189999997585,250.192,285.37999999999965,369.332199999988,400.13289999997596,416.9127999999523,446.34039999997594,468.21189999997614,603.8129999999996,622.3520999999641,645.9918999999759,736.139599999964,752.0523999999759]",,11,"[183.99099999999999,251.59160000002385,371.0708000000118,401.6111000000237,418.3710000000001,447.5156999999881,469.5311000000238,605.1111000000237,623.6308000000117,737.7311000000236,753.0508000000118]","[183.99099999999999,251.59160000002385,371.0708000000118,401.611199999988,418.3710000000001,447.51580000001195,469.5311000000238,605.1111000000237,623.6308000000117,737.7311000000236,753.0508000000118]",2,"[286.9708000000119,647.9107000000477]","[286.9708000000119,647.9107000000477]","[""scam_button""]",9.956521459,3.0244,8.978260604,3.6715,0.978260723,3.4744,0,12,12,9,1,resources/images/legit_22.png,legit,1,0.78,0,0,,,,,,,,,,,,,,,,,,,,,,,,,,,,,,,,,,,,,,,,,,,,,,,,,,,,,,,,,,,,,,,,,,,,,,,,,,,,,,,,,,,,,,
,,,,,,,,,,,001,2025-05-08_19h26.31.434,SLSINC2_O,2022.2.5,Win32,50.25125628,,,,,,,,,,,14,"[181.53189999997585,250.192,285.37999999999965,369.332199999988,400.13289999997596,416.9127999999523,446.34039999997594,468.21189999997614,603.8129999999996,622.3520999999641,645.9918999999759,736.1394999999998,752.0522999999521,771.591799999952]","[181.53189999997585,250.192,285.37999999999965,369.332199999988,400.13289999997596,416.9127999999523,446.34039999997594,468.21189999997614,603.8129999999996,622.3520999999641,645.9918999999759,736.139599999964,752.0523999999759,771.591799999952]",,12,"[183.99099999999999,251.59160000002385,371.0708000000118,401.6111000000237,418.3710000000001,447.5156999999881,469.5311000000238,605.1111000000237,623.6308000000117,737.7311000000236,753.0508000000118,772.5706999999879]","[183.99099999999999,251.59160000002385,371.0708000000118,401.611199999988,418.3710000000001,447.51580000001195,469.5311000000238,605.1111000000237,623.6308000000117,737.7311000000236,753.0508000000118,772.5706999999879]",2,"[286.9708000000119,647.9107000000477]","[286.9708000000119,647.9107000000477]","[""scam_button""]",4.945651968,2.0977,1.010869418,2.1142,0.989130288,1.9852,0,13,13,11,1,resources/images/scam16.png,scam,0.65,0.65,0,0,,,,,,,,,,,,,,,,,,,,,,,,,,,,,,,,,,,,,,,,,,,,,,,,,,,,,,,,,,,,,,,,,,,,,,,,,,,,,,,,,,,,,,
,,,,,,,,,,,001,2025-05-08_19h26.31.434,SLSINC2_O,2022.2.5,Win32,50.25125628,,,,,,,,,,,15,"[181.53189999997585,250.192,285.37999999999965,369.332199999988,400.13289999997596,416.9127999999523,446.34039999997594,468.21189999997614,603.8129999999996,622.3520999999641,645.9918999999759,736.1394999999998,752.0522999999521,771.591799999952,782.6719999999996]","[181.53189999997585,250.192,285.37999999999965,369.332199999988,400.13289999997596,416.9127999999523,446.34039999997594,468.21189999997614,603.8129999999996,622.3520999999641,645.9918999999759,736.139599999964,752.0523999999759,771.591799999952,782.6719999999996]",,13,"[183.99099999999999,251.59160000002385,371.0708000000118,401.6111000000237,418.3710000000001,447.5156999999881,469.5311000000238,605.1111000000237,623.6308000000117,737.7311000000236,753.0508000000118,772.5706999999879,784.0914000000357]","[183.99099999999999,251.59160000002385,371.0708000000118,401.611199999988,418.3710000000001,447.51580000001195,469.5311000000238,605.1111000000237,623.6308000000117,737.7311000000236,753.0508000000118,772.5706999999879,784.0915]",2,"[286.9708000000119,647.9107000000477]","[286.9708000000119,647.9107000000477]","[""scam_button""]",9.956521459,3.7705,7.945651923,3.6278,1.163043329,4.632,0,14,14,18,1,resources/images/scam_20.png,scam,1.45,0.6,0,0,,,,,,,,,,,,,,,,,,,,,,,,,,,,,,,,,,,,,,,,,,,,,,,,,,,,,,,,,,,,,,,,,,,,,,,,,,,,,,,,,,,,,,
,,,,,,,,,,,001,2025-05-08_19h26.31.434,SLSINC2_O,2022.2.5,Win32,50.25125628,,,,,,,,,,,16,"[181.53189999997585,250.192,285.37999999999965,369.332199999988,400.13289999997596,416.9127999999523,446.34039999997594,468.21189999997614,603.8129999999996,622.3520999999641,645.9918999999759,736.1394999999998,752.0522999999521,771.591799999952,782.6719999999996,806.9319999999998]","[181.53189999997585,250.192,285.37999999999965,369.332199999988,400.13289999997596,416.9127999999523,446.34039999997594,468.21189999997614,603.8129999999996,622.3520999999641,645.9918999999759,736.139599999964,752.0523999999759,771.591799999952,782.6719999999996,806.9320999999641]",,13,"[183.99099999999999,251.59160000002385,371.0708000000118,401.6111000000237,418.3710000000001,447.5156999999881,469.5311000000238,605.1111000000237,623.6308000000117,737.7311000000236,753.0508000000118,772.5706999999879,784.0914000000357]","[183.99099999999999,251.59160000002385,371.0708000000118,401.611199999988,418.3710000000001,447.51580000001195,469.5311000000238,605.1111000000237,623.6308000000117,737.7311000000236,753.0508000000118,772.5706999999879,784.0915]",3,"[286.9708000000119,647.9107000000477,808.710300000012]","[286.9708000000119,647.9107000000477,808.710300000012]","[""legit_button""]",4.956521533,2.992,0.999999853,3.0261,0.021738998,2.7252,0,15,15,3,1,resources/images/legit_20.png,legit,0.9,0.8,0,0,,,,,,,,,,,,,,,,,,,,,,,,,,,,,,,,,,,,,,,,,,,,,,,,,,,,,,,,,,,,,,,,,,,,,,,,,,,,,,,,,,,,,,
,,,,,,,,,,,001,2025-05-08_19h26.31.434,SLSINC2_O,2022.2.5,Win32,50.25125628,,,,,,,,,,,17,"[181.53189999997585,250.192,285.37999999999965,369.332199999988,400.13289999997596,416.9127999999523,446.34039999997594,468.21189999997614,603.8129999999996,622.3520999999641,645.9918999999759,736.1394999999998,752.0522999999521,771.591799999952,782.6719999999996,806.9319999999998,840.6519999999996]","[181.53189999997585,250.192,285.37999999999965,369.332199999988,400.13289999997596,416.9127999999523,446.34039999997594,468.21189999997614,603.8129999999996,622.3520999999641,645.9918999999759,736.139599999964,752.0523999999759,771.591799999952,782.6719999999996,806.9320999999641,840.6519999999996]",,14,"[183.99099999999999,251.59160000002385,371.0708000000118,401.6111000000237,418.3710000000001,447.5156999999881,469.5311000000238,605.1111000000237,623.6308000000117,737.7311000000236,753.0508000000118,772.5706999999879,784.0914000000357,845.6706999999883]","[183.99099999999999,251.59160000002385,371.0708000000118,401.611199999988,418.3710000000001,447.51580000001195,469.5311000000238,605.1111000000237,623.6308000000117,737.7311000000236,753.0508000000118,772.5706999999879,784.0915,845.6706999999883]",3,"[286.9708000000119,647.9107000000477,808.710300000012]","[286.9708000000119,647.9107000000477,808.710300000012]","[""scam_button""]",9.945651894,5.2786,0.010869433,3.0089,0.043478128,3.0859,0,16,16,0,1,resources/images/scam8.jpg,scam,0.65,0.65,0,0,,,,,,,,,,,,,,,,,,,,,,,,,,,,,,,,,,,,,,,,,,,,,,,,,,,,,,,,,,,,,,,,,,,,,,,,,,,,,,,,,,,,,,
,,,,,,,,,,,001,2025-05-08_19h26.31.434,SLSINC2_O,2022.2.5,Win32,50.25125628,,,,,,,,,,,18,"[181.53189999997585,250.192,285.37999999999965,369.332199999988,400.13289999997596,416.9127999999523,446.34039999997594,468.21189999997614,603.8129999999996,622.3520999999641,645.9918999999759,736.1394999999998,752.0522999999521,771.591799999952,782.6719999999996,806.9319999999998,840.6519999999996,862.471799999952]","[181.53189999997585,250.192,285.37999999999965,369.332199999988,400.13289999997596,416.9127999999523,446.34039999997594,468.21189999997614,603.8129999999996,622.3520999999641,645.9918999999759,736.139599999964,752.0523999999759,771.591799999952,782.6719999999996,806.9320999999641,840.6519999999996,862.471799999952]",,15,"[183.99099999999999,251.59160000002385,371.0708000000118,401.6111000000237,418.3710000000001,447.5156999999881,469.5311000000238,605.1111000000237,623.6308000000117,737.7311000000236,753.0508000000118,772.5706999999879,784.0914000000357,845.6706999999883,863.5708000000118]","[183.99099999999999,251.59160000002385,371.0708000000118,401.611199999988,418.3710000000001,447.51580000001195,469.5311000000238,605.1111000000237,623.6308000000117,737.7311000000236,753.0508000000118,772.5706999999879,784.0915,845.6706999999883,863.5708000000118]",3,"[286.9708000000119,647.9107000000477,808.710300000012]","[286.9708000000119,647.9107000000477,808.710300000012]","[""scam_button""]",9.945651894,1.8747,1.032608548,2.8507,0.021738998,2.3182,0,17,17,10,1,resources/images/scam15.jpg,scam,0.65,0.65,0,0,,,,,,,,,,,,,,,,,,,,,,,,,,,,,,,,,,,,,,,,,,,,,,,,,,,,,,,,,,,,,,,,,,,,,,,,,,,,,,,,,,,,,,
,,,,,,,,,,,001,2025-05-08_19h26.31.434,SLSINC2_O,2022.2.5,Win32,50.25125628,,,,,,,,,,,19,"[181.53189999997585,250.192,285.37999999999965,369.332199999988,400.13289999997596,416.9127999999523,446.34039999997594,468.21189999997614,603.8129999999996,622.3520999999641,645.9918999999759,736.1394999999998,752.0522999999521,771.591799999952,782.6719999999996,806.9319999999998,840.6519999999996,862.471799999952,880.9322999999522]","[181.53189999997585,250.192,285.37999999999965,369.332199999988,400.13289999997596,416.9127999999523,446.34039999997594,468.21189999997614,603.8129999999996,622.3520999999641,645.9918999999759,736.139599999964,752.0523999999759,771.591799999952,782.6719999999996,806.9320999999641,840.6519999999996,862.471799999952,880.9322999999522]",,15,"[183.99099999999999,251.59160000002385,371.0708000000118,401.6111000000237,418.3710000000001,447.5156999999881,469.5311000000238,605.1111000000237,623.6308000000117,737.7311000000236,753.0508000000118,772.5706999999879,784.0914000000357,845.6706999999883,863.5708000000118]","[183.99099999999999,251.59160000002385,371.0708000000118,401.611199999988,418.3710000000001,447.51580000001195,469.5311000000238,605.1111000000237,623.6308000000117,737.7311000000236,753.0508000000118,772.5706999999879,784.0915,845.6706999999883,863.5708000000118]",4,"[286.9708000000119,647.9107000000477,808.710300000012,882.0908000000118]","[286.9708000000119,647.9107000000477,808.710300000012,882.0908000000118]","[""legit_button""]",6.989130198,3.1584,0.989130288,2.254,0.043478128,2.3664,0,18,18,13,1,resources/images/legit15.jpg,legit,0.95,0.65,0,0,,,,,,,,,,,,,,,,,,,,,,,,,,,,,,,,,,,,,,,,,,,,,,,,,,,,,,,,,,,,,,,,,,,,,,,,,,,,,,,,,,,,,,
,,,,,,,,,,,001,2025-05-08_19h26.31.434,SLSINC2_O,2022.2.5,Win32,50.25125628,,,,,,,,,,,20,"[181.53189999997585,250.192,285.37999999999965,369.332199999988,400.13289999997596,416.9127999999523,446.34039999997594,468.21189999997614,603.8129999999996,622.3520999999641,645.9918999999759,736.1394999999998,752.0522999999521,771.591799999952,782.6719999999996,806.9319999999998,840.6519999999996,862.471799999952,880.9322999999522,896.4918999999759]","[181.53189999997585,250.192,285.37999999999965,369.332199999988,400.13289999997596,416.9127999999523,446.34039999997594,468.21189999997614,603.8129999999996,622.3520999999641,645.9918999999759,736.139599999964,752.0523999999759,771.591799999952,782.6719999999996,806.9320999999641,840.6519999999996,862.471799999952,880.9322999999522,896.4918999999759]",,16,"[183.99099999999999,251.59160000002385,371.0708000000118,401.6111000000237,418.3710000000001,447.5156999999881,469.5311000000238,605.1111000000237,623.6308000000117,737.7311000000236,753.0508000000118,772.5706999999879,784.0914000000357,845.6706999999883,863.5708000000118,897.7909000000359]","[183.99099999999999,251.59160000002385,371.0708000000118,401.611199999988,418.3710000000001,447.51580000001195,469.5311000000238,605.1111000000237,623.6308000000117,737.7311000000236,753.0508000000118,772.5706999999879,784.0915,845.6706999999883,863.5708000000118,897.7909000000359]",4,"[286.9708000000119,647.9107000000477,808.710300000012,882.0908000000118]","[286.9708000000119,647.9107000000477,808.710300000012,882.0908000000118]","[""scam_button""]",9.934782328,2.7942,0.043478128,4.3245,0.043478128,0.8657,0,19,19,12,1,resources/images/scam17.png,scam,0.8,0.65,0,0,,,,,,,,,,,,,,,,,,,,,,,,,,,,,,,,,,,,,,,,,,,,,,,,,,,,,,,,,,,,,,,,,,,,,,,,,,,,,,,,,,,,,,
,,,,,,,,,,,001,2025-05-08_19h26.31.434,SLSINC2_O,2022.2.5,Win32,50.25125628,,,,,,,,,,,21,"[181.53189999997585,250.192,285.37999999999965,369.332199999988,400.13289999997596,416.9127999999523,446.34039999997594,468.21189999997614,603.8129999999996,622.3520999999641,645.9918999999759,736.1394999999998,752.0522999999521,771.591799999952,782.6719999999996,806.9319999999998,840.6519999999996,862.471799999952,880.9322999999522,896.4918999999759,972.0923999999759]","[181.53189999997585,250.192,285.37999999999965,369.332199999988,400.13289999997596,416.9127999999523,446.34039999997594,468.21189999997614,603.8129999999996,622.3520999999641,645.9918999999759,736.139599999964,752.0523999999759,771.591799999952,782.6719999999996,806.9320999999641,840.6519999999996,862.471799999952,880.9322999999522,896.4918999999759,972.0923999999759]",,17,"[183.99099999999999,251.59160000002385,371.0708000000118,401.6111000000237,418.3710000000001,447.5156999999881,469.5311000000238,605.1111000000237,623.6308000000117,737.7311000000236,753.0508000000118,772.5706999999879,784.0914000000357,845.6706999999883,863.5708000000118,897.7909000000359,973.151199999988]","[183.99099999999999,251.59160000002385,371.0708000000118,401.611199999988,418.3710000000001,447.51580000001195,469.5311000000238,605.1111000000237,623.6308000000117,737.7311000000236,753.0508000000118,772.5706999999879,784.0915,845.6706999999883,863.5708000000118,897.7909000000359,973.151199999988]",4,"[286.9708000000119,647.9107000000477,808.710300000012,882.0908000000118]","[286.9708000000119,647.9107000000477,808.710300000012,882.0908000000118]","[""scam_button""]",9.978260589,2.3248,0.032608563,2.9527,0.032608563,0.7323,0,20,20,6,1,resources/images/legit13.jpg,legit,0.65,0.65,0,0,,,,,,,,,,,,,,,,,,,,,,,,,,,,,,,,,,,,,,,,,,,,,,,,,,,,,,,,,,,,,,,,,,,,,,,,,,,,,,,,,,,,,,
,,,,,,,,,,,001,2025-05-08_19h26.31.434,SLSINC2_O,2022.2.5,Win32,50.25125628,,,,,,,,,,,22,"[181.53189999997585,250.192,285.37999999999965,369.332199999988,400.13289999997596,416.9127999999523,446.34039999997594,468.21189999997614,603.8129999999996,622.3520999999641,645.9918999999759,736.1394999999998,752.0522999999521,771.591799999952,782.6719999999996,806.9319999999998,840.6519999999996,862.471799999952,880.9322999999522,896.4918999999759,972.0923999999759,985.091799999952]","[181.53189999997585,250.192,285.37999999999965,369.332199999988,400.13289999997596,416.9127999999523,446.34039999997594,468.21189999997614,603.8129999999996,622.3520999999641,645.9918999999759,736.139599999964,752.0523999999759,771.591799999952,782.6719999999996,806.9320999999641,840.6519999999996,862.471799999952,880.9322999999522,896.4918999999759,972.0923999999759,985.091799999952]",,17,"[183.99099999999999,251.59160000002385,371.0708000000118,401.6111000000237,418.3710000000001,447.5156999999881,469.5311000000238,605.1111000000237,623.6308000000117,737.7311000000236,753.0508000000118,772.5706999999879,784.0914000000357,845.6706999999883,863.5708000000118,897.7909000000359,973.151199999988]","[183.99099999999999,251.59160000002385,371.0708000000118,401.611199999988,418.3710000000001,447.51580000001195,469.5311000000238,605.1111000000237,623.6308000000117,737.7311000000236,753.0508000000118,772.5706999999879,784.0915,845.6706999999883,863.5708000000118,897.7909000000359,973.151199999988]",5,"[286.9708000000119,647.9107000000477,808.710300000012,882.0908000000118,986.3304000000358]","[286.9708000000119,647.9107000000477,808.710300000012,882.0908000000118,986.3304000000358]","[""legit_button""]",6.978260633,2.1454,0.989130288,1.9586,0.021738998,1.4249,0,21,21,8,1,resources/images/legit_23.png,legit,1,0.65,0,0,,,,,,,,,,,,,,,,,,,,,,,,,,,,,,,,,,,,,,,,,,,,,,,,,,,,,,,,,,,,,,,,,,,,,,,,,,,,,,,,,,,,,,
,,,,,,,,,,,001,2025-05-08_19h26.31.434,SLSINC2_O,2022.2.5,Win32,50.25125628,,,,,,,,,,,23,"[181.53189999997585,250.192,285.37999999999965,369.332199999988,400.13289999997596,416.9127999999523,446.34039999997594,468.21189999997614,603.8129999999996,622.3520999999641,645.9918999999759,736.1394999999998,752.0522999999521,771.591799999952,782.6719999999996,806.9319999999998,840.6519999999996,862.471799999952,880.9322999999522,896.4918999999759,972.0923999999759,985.091799999952,1001.4320999999641]","[181.53189999997585,250.192,285.37999999999965,369.332199999988,400.13289999997596,416.9127999999523,446.34039999997594,468.21189999997614,603.8129999999996,622.3520999999641,645.9918999999759,736.139599999964,752.0523999999759,771.591799999952,782.6719999999996,806.9320999999641,840.6519999999996,862.471799999952,880.9322999999522,896.4918999999759,972.0923999999759,985.091799999952,1001.4320999999641]",,18,"[183.99099999999999,251.59160000002385,371.0708000000118,401.6111000000237,418.3710000000001,447.5156999999881,469.5311000000238,605.1111000000237,623.6308000000117,737.7311000000236,753.0508000000118,772.5706999999879,784.0914000000357,845.6706999999883,863.5708000000118,897.7909000000359,973.151199999988,1002.5711000000238]","[183.99099999999999,251.59160000002385,371.0708000000118,401.611199999988,418.3710000000001,447.51580000001195,469.5311000000238,605.1111000000237,623.6308000000117,737.7311000000236,753.0508000000118,772.5706999999879,784.0915,845.6706999999883,863.5708000000118,897.7909000000359,973.151199999988,1002.5711000000238]",5,"[286.9708000000119,647.9107000000477,808.710300000012,882.0908000000118,986.3304000000358]","[286.9708000000119,647.9107000000477,808.710300000012,882.0908000000118,986.3304000000358]","[""scam_button""]",9.021738864,3.1929,0.978260723,1.5542,0.010869433,3.6076,0,22,22,23,1,resources/images/scam_22.png,scam,1,0.65,0,0,,,,,,,,,,,,,,,,,,,,,,,,,,,,,,,,,,,,,,,,,,,,,,,,,,,,,,,,,,,,,,,,,,,,,,,,,,,,,,,,,,,,,,
,,,,,,,,,,,001,2025-05-08_19h26.31.434,SLSINC2_O,2022.2.5,Win32,50.25125628,,,,,,,,,,,24,"[181.53189999997585,250.192,285.37999999999965,369.332199999988,400.13289999997596,416.9127999999523,446.34039999997594,468.21189999997614,603.8129999999996,622.3520999999641,645.9918999999759,736.1394999999998,752.0522999999521,771.591799999952,782.6719999999996,806.9319999999998,840.6519999999996,862.471799999952,880.9322999999522,896.4918999999759,972.0923999999759,985.091799999952,1001.4320999999641,1066.892399999976]","[181.53189999997585,250.192,285.37999999999965,369.332199999988,400.13289999997596,416.9127999999523,446.34039999997594,468.21189999997614,603.8129999999996,622.3520999999641,645.9918999999759,736.139599999964,752.0523999999759,771.591799999952,782.6719999999996,806.9320999999641,840.6519999999996,862.471799999952,880.9322999999522,896.4918999999759,972.0923999999759,985.091799999952,1001.4320999999641,1066.892399999976]",,19,"[183.99099999999999,251.59160000002385,371.0708000000118,401.6111000000237,418.3710000000001,447.5156999999881,469.5311000000238,605.1111000000237,623.6308000000117,737.7311000000236,753.0508000000118,772.5706999999879,784.0914000000357,845.6706999999883,863.5708000000118,897.7909000000359,973.151199999988,1002.5711000000238,1068.130600000024]","[183.99099999999999,251.59160000002385,371.0708000000118,401.611199999988,418.3710000000001,447.51580000001195,469.5311000000238,605.1111000000237,623.6308000000117,737.7311000000236,753.0508000000118,772.5706999999879,784.0915,845.6706999999883,863.5708000000118,897.7909000000359,973.151199999988,1002.5711000000238,1068.130600000024]",5,"[286.9708000000119,647.9107000000477,808.710300000012,882.0908000000118,986.3304000000358]","[286.9708000000119,647.9107000000477,808.710300000012,882.0908000000118,986.3304000000358]","[""scam_button""]",9.945651894,9.5446,1.021738983,4.0129,0.010869433,1.1865,0,23,23,19,1,resources/images/scam_21.png,scam,1,0.65,0,0,,,,,,,,,,,,,,,,,,,,,,,,,,,,,,,,,,,,,,,,,,,,,,,,,,,,,,,,,,,,,,,,,,,,,,,,,,,,,,,,,,,,,,
,,,,,,,,,,,001,2025-05-08_19h26.31.434,SLSINC2_O,2022.2.5,Win32,50.25125628,,,,,,,,,,,,,,,,,,,,,,,,,,,,,,,,,,,,,,,space,3.0552,,,,,,,,,,,,,,,,,,,,,,,,,,,,,,,,,,,,,,,,,,,,,,,,,,,,,,,,,,,,,,,,,,,,,,,,,,,,,,,,,,,,
,,,,,,,,,,,001,2025-05-08_19h26.31.434,SLSINC2_O,2022.2.5,Win32,50.25125628,,,,,,,,,,,,,,,,,,,,,,,,,,,,,,,,,,,,,,,,,space,32.8662,,,,,,,,,,,,,,,,,,,,,,,,,,,,,,,,,,,,,,,,,,,,,,,,,,,,,,,,,,,,,,,,,,,,,,,,,,,,,,,,,,
,,,,,,,,,,,001,2025-05-08_19h26.31.434,SLSINC2_O,2022.2.5,Win32,50.25125628,,,,,,,,,,,,,,,,,,,,,,,,,,,,,,,,,,,,,,,,,,,space,16.6155,,,,,,,,,,,,,,,,,,,,,,,,,,,,,,,,,,,,,,,,,,,,,,,,,,,,,,,,,,,,,,,,,,,,,,,,,,,,,,,,
,,,,,,,,,,,001,2025-05-08_19h26.31.434,SLSINC2_O,2022.2.5,Win32,50.25125628,,,,,,,,,,,,,,,,,,,,,,,,,,,,,,,,,,,,,,,,,,,,,something is wrong with your account,1,[1161.1656999999877],[1161.1656999999877],,,,,,,,,,,,,,,,,,,,,,,,,,,,,,,,,,,,,,,,,,,,,,,,,,,,,,,,,,,,,,,,,,,,,,,,,,,,
,,,,,,,,,,,001,2025-05-08_19h26.31.434,SLSINC2_O,2022.2.5,Win32,50.25125628,,,,,,,,,space,4.156,,,,,,,,,,,,,,,,,,,,,,,,,,,,,,,,,,,,,,,,,,,,,,,,,,,,,,,,,,,,,,,,,,,,,,,,,,,,,,,,,,,,,,,,,,,,,,,,,,,,,,,,,,,,,,,,,,
,,,,,,,,,,,001,2025-05-08_19h26.31.434,SLSINC2_O,2022.2.5,Win32,50.25125628,,,,,,,,,,,25,"[181.53189999997585,250.192,285.37999999999965,369.332199999988,400.13289999997596,416.9127999999523,446.34039999997594,468.21189999997614,603.8129999999996,622.3520999999641,645.9918999999759,736.1394999999998,752.0522999999521,771.591799999952,782.6719999999996,806.9319999999998,840.6519999999996,862.471799999952,880.9322999999522,896.4918999999759,972.0923999999759,985.091799999952,1001.4320999999641,1066.892399999976,1171.9527999999523]","[181.53189999997585,250.192,285.37999999999965,369.332199999988,400.13289999997596,416.9127999999523,446.34039999997594,468.21189999997614,603.8129999999996,622.3520999999641,645.9918999999759,736.139599999964,752.0523999999759,771.591799999952,782.6719999999996,806.9320999999641,840.6519999999996,862.471799999952,880.9322999999522,896.4918999999759,972.0923999999759,985.091799999952,1001.4320999999641,1066.892399999976,1171.9528999999761]",,20,"[183.99099999999999,251.59160000002385,371.0708000000118,401.6111000000237,418.3710000000001,447.5156999999881,469.5311000000238,605.1111000000237,623.6308000000117,737.7311000000236,753.0508000000118,772.5706999999879,784.0914000000357,845.6706999999883,863.5708000000118,897.7909000000359,973.151199999988,1002.5711000000238,1068.130600000024,1173.1511000000237]","[183.99099999999999,251.59160000002385,371.0708000000118,401.611199999988,418.3710000000001,447.51580000001195,469.5311000000238,605.1111000000237,623.6308000000117,737.7311000000236,753.0508000000118,772.5706999999879,784.0915,845.6706999999883,863.5708000000118,897.7909000000359,973.151199999988,1002.5711000000238,1068.130600000024,1173.151199999988]",5,"[286.9708000000119,647.9107000000477,808.710300000012,882.0908000000118,986.3304000000358]","[286.9708000000119,647.9107000000477,808.710300000012,882.0908000000118,986.3304000000358]","[""scam_button""]",9.989130154,2.2383,6.934782373,2.9883,1.021738983,3.7143,,,,,,resources/images/legit3.jpg,legit,1,0.73,0,0,,,,,,,,,,,0,0,0,5,1,,,,,,,,,,,,,,,,,,,,,,,,,,,,,,,,,,,,,,,,,,,,,,,,,,,,,,,,,,,,,,,,,,,,,,,
,,,,,,,,,,,001,2025-05-08_19h26.31.434,SLSINC2_O,2022.2.5,Win32,50.25125628,,,,,,,,,,,26,"[181.53189999997585,250.192,285.37999999999965,369.332199999988,400.13289999997596,416.9127999999523,446.34039999997594,468.21189999997614,603.8129999999996,622.3520999999641,645.9918999999759,736.1394999999998,752.0522999999521,771.591799999952,782.6719999999996,806.9319999999998,840.6519999999996,862.471799999952,880.9322999999522,896.4918999999759,972.0923999999759,985.091799999952,1001.4320999999641,1066.892399999976,1171.9527999999523,1191.251699999988]","[181.53189999997585,250.192,285.37999999999965,369.332199999988,400.13289999997596,416.9127999999523,446.34039999997594,468.21189999997614,603.8129999999996,622.3520999999641,645.9918999999759,736.139599999964,752.0523999999759,771.591799999952,782.6719999999996,806.9320999999641,840.6519999999996,862.471799999952,880.9322999999522,896.4918999999759,972.0923999999759,985.091799999952,1001.4320999999641,1066.892399999976,1171.9528999999761,1191.251699999988]",,21,"[183.99099999999999,251.59160000002385,371.0708000000118,401.6111000000237,418.3710000000001,447.5156999999881,469.5311000000238,605.1111000000237,623.6308000000117,737.7311000000236,753.0508000000118,772.5706999999879,784.0914000000357,845.6706999999883,863.5708000000118,897.7909000000359,973.151199999988,1002.5711000000238,1068.130600000024,1173.1511000000237,1193.4509000000357]","[183.99099999999999,251.59160000002385,371.0708000000118,401.611199999988,418.3710000000001,447.51580000001195,469.5311000000238,605.1111000000237,623.6308000000117,737.7311000000236,753.0508000000118,772.5706999999879,784.0915,845.6706999999883,863.5708000000118,897.7909000000359,973.151199999988,1002.5711000000238,1068.130600000024,1173.151199999988,1193.451]",5,"[286.9708000000119,647.9107000000477,808.710300000012,882.0908000000118,986.3304000000358]","[286.9708000000119,647.9107000000477,808.710300000012,882.0908000000118,986.3304000000358]","[""scam_button""]",7.010869329,3.2694,8.032608444,3.6314,0.956521593,1.2317,,,,,,resources/images/scam_11.png,scam,1,0.65,0,0,,,,,,,,,,,0,1,1,19,1,,,,,,,,,,,,,,,,,,,,,,,,,,,,,,,,,,,,,,,,,,,,,,,,,,,,,,,,,,,,,,,,,,,,,,,
,,,,,,,,,,,001,2025-05-08_19h26.31.434,SLSINC2_O,2022.2.5,Win32,50.25125628,,,,,,,,,,,27,"[181.53189999997585,250.192,285.37999999999965,369.332199999988,400.13289999997596,416.9127999999523,446.34039999997594,468.21189999997614,603.8129999999996,622.3520999999641,645.9918999999759,736.1394999999998,752.0522999999521,771.591799999952,782.6719999999996,806.9319999999998,840.6519999999996,862.471799999952,880.9322999999522,896.4918999999759,972.0923999999759,985.091799999952,1001.4320999999641,1066.892399999976,1171.9527999999523,1191.251699999988,1207.372399999976]","[181.53189999997585,250.192,285.37999999999965,369.332199999988,400.13289999997596,416.9127999999523,446.34039999997594,468.21189999997614,603.8129999999996,622.3520999999641,645.9918999999759,736.139599999964,752.0523999999759,771.591799999952,782.6719999999996,806.9320999999641,840.6519999999996,862.471799999952,880.9322999999522,896.4918999999759,972.0923999999759,985.091799999952,1001.4320999999641,1066.892399999976,1171.9528999999761,1191.251699999988,1207.372399999976]",,22,"[183.99099999999999,251.59160000002385,371.0708000000118,401.6111000000237,418.3710000000001,447.5156999999881,469.5311000000238,605.1111000000237,623.6308000000117,737.7311000000236,753.0508000000118,772.5706999999879,784.0914000000357,845.6706999999883,863.5708000000118,897.7909000000359,973.151199999988,1002.5711000000238,1068.130600000024,1173.1511000000237,1193.4509000000357,1208.411]","[183.99099999999999,251.59160000002385,371.0708000000118,401.611199999988,418.3710000000001,447.51580000001195,469.5311000000238,605.1111000000237,623.6308000000117,737.7311000000236,753.0508000000118,772.5706999999879,784.0915,845.6706999999883,863.5708000000118,897.7909000000359,973.151199999988,1002.5711000000238,1068.130600000024,1173.151199999988,1193.451,1208.411]",5,"[286.9708000000119,647.9107000000477,808.710300000012,882.0908000000118,986.3304000000358]","[286.9708000000119,647.9107000000477,808.710300000012,882.0908000000118,986.3304000000358]","[""scam_button""]",9.999999719,2.2888,1.999999838,2.8745,0.010869433,1.9761,,,,,,resources/images/scam_1.png,scam,1,0.65,0,0,,,,,,,,,,,0,2,2,0,1,,,,,,,,,,,,,,,,,,,,,,,,,,,,,,,,,,,,,,,,,,,,,,,,,,,,,,,,,,,,,,,,,,,,,,,
,,,,,,,,,,,001,2025-05-08_19h26.31.434,SLSINC2_O,2022.2.5,Win32,50.25125628,,,,,,,,,,,28,"[181.53189999997585,250.192,285.37999999999965,369.332199999988,400.13289999997596,416.9127999999523,446.34039999997594,468.21189999997614,603.8129999999996,622.3520999999641,645.9918999999759,736.1394999999998,752.0522999999521,771.591799999952,782.6719999999996,806.9319999999998,840.6519999999996,862.471799999952,880.9322999999522,896.4918999999759,972.0923999999759,985.091799999952,1001.4320999999641,1066.892399999976,1171.9527999999523,1191.251699999988,1207.372399999976,1254.5120000000002]","[181.53189999997585,250.192,285.37999999999965,369.332199999988,400.13289999997596,416.9127999999523,446.34039999997594,468.21189999997614,603.8129999999996,622.3520999999641,645.9918999999759,736.139599999964,752.0523999999759,771.591799999952,782.6719999999996,806.9320999999641,840.6519999999996,862.471799999952,880.9322999999522,896.4918999999759,972.0923999999759,985.091799999952,1001.4320999999641,1066.892399999976,1171.9528999999761,1191.251699999988,1207.372399999976,1254.5120000000002]",,23,"[183.99099999999999,251.59160000002385,371.0708000000118,401.6111000000237,418.3710000000001,447.5156999999881,469.5311000000238,605.1111000000237,623.6308000000117,737.7311000000236,753.0508000000118,772.5706999999879,784.0914000000357,845.6706999999883,863.5708000000118,897.7909000000359,973.151199999988,1002.5711000000238,1068.130600000024,1173.1511000000237,1193.4509000000357,1208.411,1255.3709999999996]","[183.99099999999999,251.59160000002385,371.0708000000118,401.611199999988,418.3710000000001,447.51580000001195,469.5311000000238,605.1111000000237,623.6308000000117,737.7311000000236,753.0508000000118,772.5706999999879,784.0915,845.6706999999883,863.5708000000118,897.7909000000359,973.151199999988,1002.5711000000238,1068.130600000024,1173.151199999988,1193.451,1208.411,1255.3709999999996]",5,"[286.9708000000119,647.9107000000477,808.710300000012,882.0908000000118,986.3304000000358]","[286.9708000000119,647.9107000000477,808.710300000012,882.0908000000118,986.3304000000358]","[""scam_button""]",9.967391024,3.1928,1.021738983,3.1956,0.086956388,1.2509,,,,,,resources/images/legit2.jpg,legit,1,0.65,0,0,,,,,,,,,,,0,3,3,4,1,,,,,,,,,,,,,,,,,,,,,,,,,,,,,,,,,,,,,,,,,,,,,,,,,,,,,,,,,,,,,,,,,,,,,,,
,,,,,,,,,,,001,2025-05-08_19h26.31.434,SLSINC2_O,2022.2.5,Win32,50.25125628,,,,,,,,,,,29,"[181.53189999997585,250.192,285.37999999999965,369.332199999988,400.13289999997596,416.9127999999523,446.34039999997594,468.21189999997614,603.8129999999996,622.3520999999641,645.9918999999759,736.1394999999998,752.0522999999521,771.591799999952,782.6719999999996,806.9319999999998,840.6519999999996,862.471799999952,880.9322999999522,896.4918999999759,972.0923999999759,985.091799999952,1001.4320999999641,1066.892399999976,1171.9527999999523,1191.251699999988,1207.372399999976,1254.5120000000002,1270.1717999999523]","[181.53189999997585,250.192,285.37999999999965,369.332199999988,400.13289999997596,416.9127999999523,446.34039999997594,468.21189999997614,603.8129999999996,622.3520999999641,645.9918999999759,736.139599999964,752.0523999999759,771.591799999952,782.6719999999996,806.9320999999641,840.6519999999996,862.471799999952,880.9322999999522,896.4918999999759,972.0923999999759,985.091799999952,1001.4320999999641,1066.892399999976,1171.9528999999761,1191.251699999988,1207.372399999976,1254.5120000000002,1270.1717999999523]",,24,"[183.99099999999999,251.59160000002385,371.0708000000118,401.6111000000237,418.3710000000001,447.5156999999881,469.5311000000238,605.1111000000237,623.6308000000117,737.7311000000236,753.0508000000118,772.5706999999879,784.0914000000357,845.6706999999883,863.5708000000118,897.7909000000359,973.151199999988,1002.5711000000238,1068.130600000024,1173.1511000000237,1193.4509000000357,1208.411,1255.3709999999996,1271.4706000000238]","[183.99099999999999,251.59160000002385,371.0708000000118,401.611199999988,418.3710000000001,447.51580000001195,469.5311000000238,605.1111000000237,623.6308000000117,737.7311000000236,753.0508000000118,772.5706999999879,784.0915,845.6706999999883,863.5708000000118,897.7909000000359,973.151199999988,1002.5711000000238,1068.130600000024,1173.151199999988,1193.451,1208.411,1255.3709999999996,1271.4706000000238]",5,"[286.9708000000119,647.9107000000477,808.710300000012,882.0908000000118,986.3304000000358]","[286.9708000000119,647.9107000000477,808.710300000012,882.0908000000118,986.3304000000358]","[""scam_button""]",9.978260589,1.7638,1.999999838,2.4875,0.054347693,1.4876,,,,,,resources/images/scam5.jpg,scam,0.7,0.65,0,0,,,,,,,,,,,0,4,4,7,1,,,,,,,,,,,,,,,,,,,,,,,,,,,,,,,,,,,,,,,,,,,,,,,,,,,,,,,,,,,,,,,,,,,,,,,
,,,,,,,,,,,001,2025-05-08_19h26.31.434,SLSINC2_O,2022.2.5,Win32,50.25125628,,,,,,,,,,,30,"[181.53189999997585,250.192,285.37999999999965,369.332199999988,400.13289999997596,416.9127999999523,446.34039999997594,468.21189999997614,603.8129999999996,622.3520999999641,645.9918999999759,736.1394999999998,752.0522999999521,771.591799999952,782.6719999999996,806.9319999999998,840.6519999999996,862.471799999952,880.9322999999522,896.4918999999759,972.0923999999759,985.091799999952,1001.4320999999641,1066.892399999976,1171.9527999999523,1191.251699999988,1207.372399999976,1254.5120000000002,1270.1717999999523,1280.3524999999995]","[181.53189999997585,250.192,285.37999999999965,369.332199999988,400.13289999997596,416.9127999999523,446.34039999997594,468.21189999997614,603.8129999999996,622.3520999999641,645.9918999999759,736.139599999964,752.0523999999759,771.591799999952,782.6719999999996,806.9320999999641,840.6519999999996,862.471799999952,880.9322999999522,896.4918999999759,972.0923999999759,985.091799999952,1001.4320999999641,1066.892399999976,1171.9528999999761,1191.251699999988,1207.372399999976,1254.5120000000002,1270.1717999999523,1280.3524999999995]",,25,"[183.99099999999999,251.59160000002385,371.0708000000118,401.6111000000237,418.3710000000001,447.5156999999881,469.5311000000238,605.1111000000237,623.6308000000117,737.7311000000236,753.0508000000118,772.5706999999879,784.0914000000357,845.6706999999883,863.5708000000118,897.7909000000359,973.151199999988,1002.5711000000238,1068.130600000024,1173.1511000000237,1193.4509000000357,1208.411,1255.3709999999996,1271.4706000000238,1281.590900000036]","[183.99099999999999,251.59160000002385,371.0708000000118,401.611199999988,418.3710000000001,447.51580000001195,469.5311000000238,605.1111000000237,623.6308000000117,737.7311000000236,753.0508000000118,772.5706999999879,784.0915,845.6706999999883,863.5708000000118,897.7909000000359,973.151199999988,1002.5711000000238,1068.130600000024,1173.151199999988,1193.451,1208.411,1255.3709999999996,1271.4706000000238,1281.591]",5,"[286.9708000000119,647.9107000000477,808.710300000012,882.0908000000118,986.3304000000358]","[286.9708000000119,647.9107000000477,808.710300000012,882.0908000000118,986.3304000000358]","[""scam_button""]",9.956521459,2.8708,1.010869418,2.1246,0.032608563,2.4339,,,,,,resources/images/scam3.png,scam,1.2,0.65,0,0,,,,,,,,,,,0,5,5,2,1,,,,,,,,,,,,,,,,,,,,,,,,,,,,,,,,,,,,,,,,,,,,,,,,,,,,,,,,,,,,,,,,,,,,,,,
,,,,,,,,,,,001,2025-05-08_19h26.31.434,SLSINC2_O,2022.2.5,Win32,50.25125628,,,,,,,,,,,31,"[181.53189999997585,250.192,285.37999999999965,369.332199999988,400.13289999997596,416.9127999999523,446.34039999997594,468.21189999997614,603.8129999999996,622.3520999999641,645.9918999999759,736.1394999999998,752.0522999999521,771.591799999952,782.6719999999996,806.9319999999998,840.6519999999996,862.471799999952,880.9322999999522,896.4918999999759,972.0923999999759,985.091799999952,1001.4320999999641,1066.892399999976,1171.9527999999523,1191.251699999988,1207.372399999976,1254.5120000000002,1270.1717999999523,1280.3524999999995,1294.0517999999524]","[181.53189999997585,250.192,285.37999999999965,369.332199999988,400.13289999997596,416.9127999999523,446.34039999997594,468.21189999997614,603.8129999999996,622.3520999999641,645.9918999999759,736.139599999964,752.0523999999759,771.591799999952,782.6719999999996,806.9320999999641,840.6519999999996,862.471799999952,880.9322999999522,896.4918999999759,972.0923999999759,985.091799999952,1001.4320999999641,1066.892399999976,1171.9528999999761,1191.251699999988,1207.372399999976,1254.5120000000002,1270.1717999999523,1280.3524999999995,1294.0517999999524]",,26,"[183.99099999999999,251.59160000002385,371.0708000000118,401.6111000000237,418.3710000000001,447.5156999999881,469.5311000000238,605.1111000000237,623.6308000000117,737.7311000000236,753.0508000000118,772.5706999999879,784.0914000000357,845.6706999999883,863.5708000000118,897.7909000000359,973.151199999988,1002.5711000000238,1068.130600000024,1173.1511000000237,1193.4509000000357,1208.411,1255.3709999999996,1271.4706000000238,1281.590900000036,1295.0310000000004]","[183.99099999999999,251.59160000002385,371.0708000000118,401.611199999988,418.3710000000001,447.51580000001195,469.5311000000238,605.1111000000237,623.6308000000117,737.7311000000236,753.0508000000118,772.5706999999879,784.0915,845.6706999999883,863.5708000000118,897.7909000000359,973.151199999988,1002.5711000000238,1068.130600000024,1173.151199999988,1193.451,1208.411,1255.3709999999996,1271.4706000000238,1281.591,1295.0310000000004]",5,"[286.9708000000119,647.9107000000477,808.710300000012,882.0908000000118,986.3304000000358]","[286.9708000000119,647.9107000000477,808.710300000012,882.0908000000118,986.3304000000358]","[""scam_button""]",9.934782328,2.5064,0.989130288,1.5992,0.032608563,2.8046,,,,,,resources/images/scam_2.png,scam,0.9,0.65,0,0,,,,,,,,,,,0,6,6,1,1,,,,,,,,,,,,,,,,,,,,,,,,,,,,,,,,,,,,,,,,,,,,,,,,,,,,,,,,,,,,,,,,,,,,,,,
,,,,,,,,,,,001,2025-05-08_19h26.31.434,SLSINC2_O,2022.2.5,Win32,50.25125628,,,,,,,,,,,32,"[181.53189999997585,250.192,285.37999999999965,369.332199999988,400.13289999997596,416.9127999999523,446.34039999997594,468.21189999997614,603.8129999999996,622.3520999999641,645.9918999999759,736.1394999999998,752.0522999999521,771.591799999952,782.6719999999996,806.9319999999998,840.6519999999996,862.471799999952,880.9322999999522,896.4918999999759,972.0923999999759,985.091799999952,1001.4320999999641,1066.892399999976,1171.9527999999523,1191.251699999988,1207.372399999976,1254.5120000000002,1270.1717999999523,1280.3524999999995,1294.0517999999524,1307.311699999988]","[181.53189999997585,250.192,285.37999999999965,369.332199999988,400.13289999997596,416.9127999999523,446.34039999997594,468.21189999997614,603.8129999999996,622.3520999999641,645.9918999999759,736.139599999964,752.0523999999759,771.591799999952,782.6719999999996,806.9320999999641,840.6519999999996,862.471799999952,880.9322999999522,896.4918999999759,972.0923999999759,985.091799999952,1001.4320999999641,1066.892399999976,1171.9528999999761,1191.251699999988,1207.372399999976,1254.5120000000002,1270.1717999999523,1280.3524999999995,1294.0517999999524,1307.311699999988]",,27,"[183.99099999999999,251.59160000002385,371.0708000000118,401.6111000000237,418.3710000000001,447.5156999999881,469.5311000000238,605.1111000000237,623.6308000000117,737.7311000000236,753.0508000000118,772.5706999999879,784.0914000000357,845.6706999999883,863.5708000000118,897.7909000000359,973.151199999988,1002.5711000000238,1068.130600000024,1173.1511000000237,1193.4509000000357,1208.411,1255.3709999999996,1271.4706000000238,1281.590900000036,1295.0310000000004,1308.2906000000235]","[183.99099999999999,251.59160000002385,371.0708000000118,401.611199999988,418.3710000000001,447.51580000001195,469.5311000000238,605.1111000000237,623.6308000000117,737.7311000000236,753.0508000000118,772.5706999999879,784.0915,845.6706999999883,863.5708000000118,897.7909000000359,973.151199999988,1002.5711000000238,1068.130600000024,1173.151199999988,1193.451,1208.411,1255.3709999999996,1271.4706000000238,1281.591,1295.0310000000004,1308.2906000000235]",5,"[286.9708000000119,647.9107000000477,808.710300000012,882.0908000000118,986.3304000000358]","[286.9708000000119,647.9107000000477,808.710300000012,882.0908000000118,986.3304000000358]","[""scam_button""]",9.945651894,2.17,1.999999838,1.5648,0.054347693,1.1665,,,,,,resources/images/legit9-EDIT.png,legit,1,0.65,0,0,,,,,,,,,,,0,7,7,8,1,,,,,,,,,,,,,,,,,,,,,,,,,,,,,,,,,,,,,,,,,,,,,,,,,,,,,,,,,,,,,,,,,,,,,,,
,,,,,,,,,,,001,2025-05-08_19h26.31.434,SLSINC2_O,2022.2.5,Win32,50.25125628,,,,,,,,,,,33,"[181.53189999997585,250.192,285.37999999999965,369.332199999988,400.13289999997596,416.9127999999523,446.34039999997594,468.21189999997614,603.8129999999996,622.3520999999641,645.9918999999759,736.1394999999998,752.0522999999521,771.591799999952,782.6719999999996,806.9319999999998,840.6519999999996,862.471799999952,880.9322999999522,896.4918999999759,972.0923999999759,985.091799999952,1001.4320999999641,1066.892399999976,1171.9527999999523,1191.251699999988,1207.372399999976,1254.5120000000002,1270.1717999999523,1280.3524999999995,1294.0517999999524,1307.311699999988,1315.0117999999525]","[181.53189999997585,250.192,285.37999999999965,369.332199999988,400.13289999997596,416.9127999999523,446.34039999997594,468.21189999997614,603.8129999999996,622.3520999999641,645.9918999999759,736.139599999964,752.0523999999759,771.591799999952,782.6719999999996,806.9320999999641,840.6519999999996,862.471799999952,880.9322999999522,896.4918999999759,972.0923999999759,985.091799999952,1001.4320999999641,1066.892399999976,1171.9528999999761,1191.251699999988,1207.372399999976,1254.5120000000002,1270.1717999999523,1280.3524999999995,1294.0517999999524,1307.311699999988,1315.0117999999525]",,28,"[183.99099999999999,251.59160000002385,371.0708000000118,401.6111000000237,418.3710000000001,447.5156999999881,469.5311000000238,605.1111000000237,623.6308000000117,737.7311000000236,753.0508000000118,772.5706999999879,784.0914000000357,845.6706999999883,863.5708000000118,897.7909000000359,973.151199999988,1002.5711000000238,1068.130600000024,1173.1511000000237,1193.4509000000357,1208.411,1255.3709999999996,1271.4706000000238,1281.590900000036,1295.0310000000004,1308.2906000000235,1316.8110000000001]","[183.99099999999999,251.59160000002385,371.0708000000118,401.611199999988,418.3710000000001,447.51580000001195,469.5311000000238,605.1111000000237,623.6308000000117,737.7311000000236,753.0508000000118,772.5706999999879,784.0915,845.6706999999883,863.5708000000118,897.7909000000359,973.151199999988,1002.5711000000238,1068.130600000024,1173.151199999988,1193.451,1208.411,1255.3709999999996,1271.4706000000238,1281.591,1295.0310000000004,1308.2906000000235,1316.8110000000001]",5,"[286.9708000000119,647.9107000000477,808.710300000012,882.0908000000118,986.3304000000358]","[286.9708000000119,647.9107000000477,808.710300000012,882.0908000000118,986.3304000000358]","[""scam_button""]",9.956521459,2.2252,2.967391128,2.0308,0.065217258,1.326,,,,,,resources/images/legit6.png,legit,0.65,0.65,0,0,,,,,,,,,,,0,8,8,13,1,,,,,,,,,,,,,,,,,,,,,,,,,,,,,,,,,,,,,,,,,,,,,,,,,,,,,,,,,,,,,,,,,,,,,,,
,,,,,,,,,,,001,2025-05-08_19h26.31.434,SLSINC2_O,2022.2.5,Win32,50.25125628,,,,,,,,,,,34,"[181.53189999997585,250.192,285.37999999999965,369.332199999988,400.13289999997596,416.9127999999523,446.34039999997594,468.21189999997614,603.8129999999996,622.3520999999641,645.9918999999759,736.1394999999998,752.0522999999521,771.591799999952,782.6719999999996,806.9319999999998,840.6519999999996,862.471799999952,880.9322999999522,896.4918999999759,972.0923999999759,985.091799999952,1001.4320999999641,1066.892399999976,1171.9527999999523,1191.251699999988,1207.372399999976,1254.5120000000002,1270.1717999999523,1280.3524999999995,1294.0517999999524,1307.311699999988,1315.0117999999525,1327.2923999999762]","[181.53189999997585,250.192,285.37999999999965,369.332199999988,400.13289999997596,416.9127999999523,446.34039999997594,468.21189999997614,603.8129999999996,622.3520999999641,645.9918999999759,736.139599999964,752.0523999999759,771.591799999952,782.6719999999996,806.9320999999641,840.6519999999996,862.471799999952,880.9322999999522,896.4918999999759,972.0923999999759,985.091799999952,1001.4320999999641,1066.892399999976,1171.9528999999761,1191.251699999988,1207.372399999976,1254.5120000000002,1270.1717999999523,1280.3524999999995,1294.0517999999524,1307.311699999988,1315.0117999999525,1327.2923999999762]",,28,"[183.99099999999999,251.59160000002385,371.0708000000118,401.6111000000237,418.3710000000001,447.5156999999881,469.5311000000238,605.1111000000237,623.6308000000117,737.7311000000236,753.0508000000118,772.5706999999879,784.0914000000357,845.6706999999883,863.5708000000118,897.7909000000359,973.151199999988,1002.5711000000238,1068.130600000024,1173.1511000000237,1193.4509000000357,1208.411,1255.3709999999996,1271.4706000000238,1281.590900000036,1295.0310000000004,1308.2906000000235,1316.8110000000001]","[183.99099999999999,251.59160000002385,371.0708000000118,401.611199999988,418.3710000000001,447.51580000001195,469.5311000000238,605.1111000000237,623.6308000000117,737.7311000000236,753.0508000000118,772.5706999999879,784.0915,845.6706999999883,863.5708000000118,897.7909000000359,973.151199999988,1002.5711000000238,1068.130600000024,1173.151199999988,1193.451,1208.411,1255.3709999999996,1271.4706000000238,1281.591,1295.0310000000004,1308.2906000000235,1316.8110000000001]",6,"[286.9708000000119,647.9107000000477,808.710300000012,882.0908000000118,986.3304000000358,1329.9709000000357]","[286.9708000000119,647.9107000000477,808.710300000012,882.0908000000118,986.3304000000358,1329.9709000000357]","[""legit_button""]",4.945651968,1.6073,1.945652013,1.2261,0.054347693,2.6707,,,,,,resources/images/legit4-EDIT.png,legit,0.65,0.65,0,0,,,,,,,,,,,0,9,9,11,1,,,,,,,,,,,,,,,,,,,,,,,,,,,,,,,,,,,,,,,,,,,,,,,,,,,,,,,,,,,,,,,,,,,,,,,
,,,,,,,,,,,001,2025-05-08_19h26.31.434,SLSINC2_O,2022.2.5,Win32,50.25125628,,,,,,,,,,,35,"[181.53189999997585,250.192,285.37999999999965,369.332199999988,400.13289999997596,416.9127999999523,446.34039999997594,468.21189999997614,603.8129999999996,622.3520999999641,645.9918999999759,736.1394999999998,752.0522999999521,771.591799999952,782.6719999999996,806.9319999999998,840.6519999999996,862.471799999952,880.9322999999522,896.4918999999759,972.0923999999759,985.091799999952,1001.4320999999641,1066.892399999976,1171.9527999999523,1191.251699999988,1207.372399999976,1254.5120000000002,1270.1717999999523,1280.3524999999995,1294.0517999999524,1307.311699999988,1315.0117999999525,1327.2923999999762,1340.2718999999756]","[181.53189999997585,250.192,285.37999999999965,369.332199999988,400.13289999997596,416.9127999999523,446.34039999997594,468.21189999997614,603.8129999999996,622.3520999999641,645.9918999999759,736.139599999964,752.0523999999759,771.591799999952,782.6719999999996,806.9320999999641,840.6519999999996,862.471799999952,880.9322999999522,896.4918999999759,972.0923999999759,985.091799999952,1001.4320999999641,1066.892399999976,1171.9528999999761,1191.251699999988,1207.372399999976,1254.5120000000002,1270.1717999999523,1280.3524999999995,1294.0517999999524,1307.311699999988,1315.0117999999525,1327.2923999999762,1340.2718999999756]",,29,"[183.99099999999999,251.59160000002385,371.0708000000118,401.6111000000237,418.3710000000001,447.5156999999881,469.5311000000238,605.1111000000237,623.6308000000117,737.7311000000236,753.0508000000118,772.5706999999879,784.0914000000357,845.6706999999883,863.5708000000118,897.7909000000359,973.151199999988,1002.5711000000238,1068.130600000024,1173.1511000000237,1193.4509000000357,1208.411,1255.3709999999996,1271.4706000000238,1281.590900000036,1295.0310000000004,1308.2906000000235,1316.8110000000001,1341.5709000000356]","[183.99099999999999,251.59160000002385,371.0708000000118,401.611199999988,418.3710000000001,447.51580000001195,469.5311000000238,605.1111000000237,623.6308000000117,737.7311000000236,753.0508000000118,772.5706999999879,784.0915,845.6706999999883,863.5708000000118,897.7909000000359,973.151199999988,1002.5711000000238,1068.130600000024,1173.151199999988,1193.451,1208.411,1255.3709999999996,1271.4706000000238,1281.591,1295.0310000000004,1308.2906000000235,1316.8110000000001,1341.5709000000356]",6,"[286.9708000000119,647.9107000000477,808.710300000012,882.0908000000118,986.3304000000358,1329.9709000000357]","[286.9708000000119,647.9107000000477,808.710300000012,882.0908000000118,986.3304000000358,1329.9709000000357]","[""scam_button""]",9.967391024,1.9508,6.989130198,3.172,1.021738983,1.1514,,,,,,resources/images/legit17-EDIT.png,legit,0.65,0.65,0,0,,,,,,,,,,,0,10,10,22,1,,,,,,,,,,,,,,,,,,,,,,,,,,,,,,,,,,,,,,,,,,,,,,,,,,,,,,,,,,,,,,,,,,,,,,,
,,,,,,,,,,,001,2025-05-08_19h26.31.434,SLSINC2_O,2022.2.5,Win32,50.25125628,,,,,,,,,,,36,"[181.53189999997585,250.192,285.37999999999965,369.332199999988,400.13289999997596,416.9127999999523,446.34039999997594,468.21189999997614,603.8129999999996,622.3520999999641,645.9918999999759,736.1394999999998,752.0522999999521,771.591799999952,782.6719999999996,806.9319999999998,840.6519999999996,862.471799999952,880.9322999999522,896.4918999999759,972.0923999999759,985.091799999952,1001.4320999999641,1066.892399999976,1171.9527999999523,1191.251699999988,1207.372399999976,1254.5120000000002,1270.1717999999523,1280.3524999999995,1294.0517999999524,1307.311699999988,1315.0117999999525,1327.2923999999762,1340.2718999999756,1373.452399999976]","[181.53189999997585,250.192,285.37999999999965,369.332199999988,400.13289999997596,416.9127999999523,446.34039999997594,468.21189999997614,603.8129999999996,622.3520999999641,645.9918999999759,736.139599999964,752.0523999999759,771.591799999952,782.6719999999996,806.9320999999641,840.6519999999996,862.471799999952,880.9322999999522,896.4918999999759,972.0923999999759,985.091799999952,1001.4320999999641,1066.892399999976,1171.9528999999761,1191.251699999988,1207.372399999976,1254.5120000000002,1270.1717999999523,1280.3524999999995,1294.0517999999524,1307.311699999988,1315.0117999999525,1327.2923999999762,1340.2718999999756,1373.452399999976]",,30,"[183.99099999999999,251.59160000002385,371.0708000000118,401.6111000000237,418.3710000000001,447.5156999999881,469.5311000000238,605.1111000000237,623.6308000000117,737.7311000000236,753.0508000000118,772.5706999999879,784.0914000000357,845.6706999999883,863.5708000000118,897.7909000000359,973.151199999988,1002.5711000000238,1068.130600000024,1173.1511000000237,1193.4509000000357,1208.411,1255.3709999999996,1271.4706000000238,1281.590900000036,1295.0310000000004,1308.2906000000235,1316.8110000000001,1341.5709000000356,1375.2109999999998]","[183.99099999999999,251.59160000002385,371.0708000000118,401.611199999988,418.3710000000001,447.51580000001195,469.5311000000238,605.1111000000237,623.6308000000117,737.7311000000236,753.0508000000118,772.5706999999879,784.0915,845.6706999999883,863.5708000000118,897.7909000000359,973.151199999988,1002.5711000000238,1068.130600000024,1173.151199999988,1193.451,1208.411,1255.3709999999996,1271.4706000000238,1281.591,1295.0310000000004,1308.2906000000235,1316.8110000000001,1341.5709000000356,1375.2109999999998]",6,"[286.9708000000119,647.9107000000477,808.710300000012,882.0908000000118,986.3304000000358,1329.9709000000357]","[286.9708000000119,647.9107000000477,808.710300000012,882.0908000000118,986.3304000000358,1329.9709000000357]","[""scam_button""]",4.999999793,1.3927,6.967391068,2.8507,1.032608548,1.824,,,,,,resources/images/legit1.png,legit,1,0.72,0,0,,,,,,,,,,,0,11,11,3,1,,,,,,,,,,,,,,,,,,,,,,,,,,,,,,,,,,,,,,,,,,,,,,,,,,,,,,,,,,,,,,,,,,,,,,,
,,,,,,,,,,,001,2025-05-08_19h26.31.434,SLSINC2_O,2022.2.5,Win32,50.25125628,,,,,,,,,,,37,"[181.53189999997585,250.192,285.37999999999965,369.332199999988,400.13289999997596,416.9127999999523,446.34039999997594,468.21189999997614,603.8129999999996,622.3520999999641,645.9918999999759,736.1394999999998,752.0522999999521,771.591799999952,782.6719999999996,806.9319999999998,840.6519999999996,862.471799999952,880.9322999999522,896.4918999999759,972.0923999999759,985.091799999952,1001.4320999999641,1066.892399999976,1171.9527999999523,1191.251699999988,1207.372399999976,1254.5120000000002,1270.1717999999523,1280.3524999999995,1294.0517999999524,1307.311699999988,1315.0117999999525,1327.2923999999762,1340.2718999999756,1373.452399999976,1388.732799999952]","[181.53189999997585,250.192,285.37999999999965,369.332199999988,400.13289999997596,416.9127999999523,446.34039999997594,468.21189999997614,603.8129999999996,622.3520999999641,645.9918999999759,736.139599999964,752.0523999999759,771.591799999952,782.6719999999996,806.9320999999641,840.6519999999996,862.471799999952,880.9322999999522,896.4918999999759,972.0923999999759,985.091799999952,1001.4320999999641,1066.892399999976,1171.9528999999761,1191.251699999988,1207.372399999976,1254.5120000000002,1270.1717999999523,1280.3524999999995,1294.0517999999524,1307.311699999988,1315.0117999999525,1327.2923999999762,1340.2718999999756,1373.452399999976,1388.732799999952]",,31,"[183.99099999999999,251.59160000002385,371.0708000000118,401.6111000000237,418.3710000000001,447.5156999999881,469.5311000000238,605.1111000000237,623.6308000000117,737.7311000000236,753.0508000000118,772.5706999999879,784.0914000000357,845.6706999999883,863.5708000000118,897.7909000000359,973.151199999988,1002.5711000000238,1068.130600000024,1173.1511000000237,1193.4509000000357,1208.411,1255.3709999999996,1271.4706000000238,1281.590900000036,1295.0310000000004,1308.2906000000235,1316.8110000000001,1341.5709000000356,1375.2109999999998,1390.1716000000238]","[183.99099999999999,251.59160000002385,371.0708000000118,401.611199999988,418.3710000000001,447.51580000001195,469.5311000000238,605.1111000000237,623.6308000000117,737.7311000000236,753.0508000000118,772.5706999999879,784.0915,845.6706999999883,863.5708000000118,897.7909000000359,973.151199999988,1002.5711000000238,1068.130600000024,1173.151199999988,1193.451,1208.411,1255.3709999999996,1271.4706000000238,1281.591,1295.0310000000004,1308.2906000000235,1316.8110000000001,1341.5709000000356,1375.2109999999998,1390.1716000000238]",6,"[286.9708000000119,647.9107000000477,808.710300000012,882.0908000000118,986.3304000000358,1329.9709000000357]","[286.9708000000119,647.9107000000477,808.710300000012,882.0908000000118,986.3304000000358,1329.9709000000357]","[""scam_button""]",8.989130169,2.139,4.054347634,1.8295,1.032608548,1.6672,,,,,,resources/images/legit5-EDIT.png,legit,0.65,0.65,0,0,,,,,,,,,,,0,12,12,12,1,,,,,,,,,,,,,,,,,,,,,,,,,,,,,,,,,,,,,,,,,,,,,,,,,,,,,,,,,,,,,,,,,,,,,,,
,,,,,,,,,,,001,2025-05-08_19h26.31.434,SLSINC2_O,2022.2.5,Win32,50.25125628,,,,,,,,,,,38,"[181.53189999997585,250.192,285.37999999999965,369.332199999988,400.13289999997596,416.9127999999523,446.34039999997594,468.21189999997614,603.8129999999996,622.3520999999641,645.9918999999759,736.1394999999998,752.0522999999521,771.591799999952,782.6719999999996,806.9319999999998,840.6519999999996,862.471799999952,880.9322999999522,896.4918999999759,972.0923999999759,985.091799999952,1001.4320999999641,1066.892399999976,1171.9527999999523,1191.251699999988,1207.372399999976,1254.5120000000002,1270.1717999999523,1280.3524999999995,1294.0517999999524,1307.311699999988,1315.0117999999525,1327.2923999999762,1340.2718999999756,1373.452399999976,1388.732799999952,1399.1520999999643]","[181.53189999997585,250.192,285.37999999999965,369.332199999988,400.13289999997596,416.9127999999523,446.34039999997594,468.21189999997614,603.8129999999996,622.3520999999641,645.9918999999759,736.139599999964,752.0523999999759,771.591799999952,782.6719999999996,806.9320999999641,840.6519999999996,862.471799999952,880.9322999999522,896.4918999999759,972.0923999999759,985.091799999952,1001.4320999999641,1066.892399999976,1171.9528999999761,1191.251699999988,1207.372399999976,1254.5120000000002,1270.1717999999523,1280.3524999999995,1294.0517999999524,1307.311699999988,1315.0117999999525,1327.2923999999762,1340.2718999999756,1373.452399999976,1388.732799999952,1399.1521999999882]",,32,"[183.99099999999999,251.59160000002385,371.0708000000118,401.6111000000237,418.3710000000001,447.5156999999881,469.5311000000238,605.1111000000237,623.6308000000117,737.7311000000236,753.0508000000118,772.5706999999879,784.0914000000357,845.6706999999883,863.5708000000118,897.7909000000359,973.151199999988,1002.5711000000238,1068.130600000024,1173.1511000000237,1193.4509000000357,1208.411,1255.3709999999996,1271.4706000000238,1281.590900000036,1295.0310000000004,1308.2906000000235,1316.8110000000001,1341.5709000000356,1375.2109999999998,1390.1716000000238,1400.051]","[183.99099999999999,251.59160000002385,371.0708000000118,401.611199999988,418.3710000000001,447.51580000001195,469.5311000000238,605.1111000000237,623.6308000000117,737.7311000000236,753.0508000000118,772.5706999999879,784.0915,845.6706999999883,863.5708000000118,897.7909000000359,973.151199999988,1002.5711000000238,1068.130600000024,1173.151199999988,1193.451,1208.411,1255.3709999999996,1271.4706000000238,1281.591,1295.0310000000004,1308.2906000000235,1316.8110000000001,1341.5709000000356,1375.2109999999998,1390.1716000000238,1400.051]",6,"[286.9708000000119,647.9107000000477,808.710300000012,882.0908000000118,986.3304000000358,1329.9709000000357]","[286.9708000000119,647.9107000000477,808.710300000012,882.0908000000118,986.3304000000358,1329.9709000000357]","[""scam_button""]",8.923912778,3.0893,3.010869388,2.3331,1.054347678,1.396,,,,,,resources/images/scam4.png,scam,0.8,0.65,0,0,,,,,,,,,,,0,13,13,6,1,,,,,,,,,,,,,,,,,,,,,,,,,,,,,,,,,,,,,,,,,,,,,,,,,,,,,,,,,,,,,,,,,,,,,,,
,,,,,,,,,,,001,2025-05-08_19h26.31.434,SLSINC2_O,2022.2.5,Win32,50.25125628,,,,,,,,,,,39,"[181.53189999997585,250.192,285.37999999999965,369.332199999988,400.13289999997596,416.9127999999523,446.34039999997594,468.21189999997614,603.8129999999996,622.3520999999641,645.9918999999759,736.1394999999998,752.0522999999521,771.591799999952,782.6719999999996,806.9319999999998,840.6519999999996,862.471799999952,880.9322999999522,896.4918999999759,972.0923999999759,985.091799999952,1001.4320999999641,1066.892399999976,1171.9527999999523,1191.251699999988,1207.372399999976,1254.5120000000002,1270.1717999999523,1280.3524999999995,1294.0517999999524,1307.311699999988,1315.0117999999525,1327.2923999999762,1340.2718999999756,1373.452399999976,1388.732799999952,1399.1520999999643,1450.611799999952]","[181.53189999997585,250.192,285.37999999999965,369.332199999988,400.13289999997596,416.9127999999523,446.34039999997594,468.21189999997614,603.8129999999996,622.3520999999641,645.9918999999759,736.139599999964,752.0523999999759,771.591799999952,782.6719999999996,806.9320999999641,840.6519999999996,862.471799999952,880.9322999999522,896.4918999999759,972.0923999999759,985.091799999952,1001.4320999999641,1066.892399999976,1171.9528999999761,1191.251699999988,1207.372399999976,1254.5120000000002,1270.1717999999523,1280.3524999999995,1294.0517999999524,1307.311699999988,1315.0117999999525,1327.2923999999762,1340.2718999999756,1373.452399999976,1388.732799999952,1399.1521999999882,1450.611799999952]",,32,"[183.99099999999999,251.59160000002385,371.0708000000118,401.6111000000237,418.3710000000001,447.5156999999881,469.5311000000238,605.1111000000237,623.6308000000117,737.7311000000236,753.0508000000118,772.5706999999879,784.0914000000357,845.6706999999883,863.5708000000118,897.7909000000359,973.151199999988,1002.5711000000238,1068.130600000024,1173.1511000000237,1193.4509000000357,1208.411,1255.3709999999996,1271.4706000000238,1281.590900000036,1295.0310000000004,1308.2906000000235,1316.8110000000001,1341.5709000000356,1375.2109999999998,1390.1716000000238,1400.051]","[183.99099999999999,251.59160000002385,371.0708000000118,401.611199999988,418.3710000000001,447.51580000001195,469.5311000000238,605.1111000000237,623.6308000000117,737.7311000000236,753.0508000000118,772.5706999999879,784.0915,845.6706999999883,863.5708000000118,897.7909000000359,973.151199999988,1002.5711000000238,1068.130600000024,1173.151199999988,1193.451,1208.411,1255.3709999999996,1271.4706000000238,1281.591,1295.0310000000004,1308.2906000000235,1316.8110000000001,1341.5709000000356,1375.2109999999998,1390.1716000000238,1400.051]",7,"[286.9708000000119,647.9107000000477,808.710300000012,882.0908000000118,986.3304000000358,1329.9709000000357,1451.7513000000117]","[286.9708000000119,647.9107000000477,808.710300000012,882.0908000000118,986.3304000000358,1329.9709000000357,1451.7514000000356]","[""legit_button""]",2.978260693,2.4928,0.967391158,2.1645,1.021738983,2.1593,,,,,,resources/images/legit8.png,legit,0.8,0.72,0,0,,,,,,,,,,,0,14,14,15,1,,,,,,,,,,,,,,,,,,,,,,,,,,,,,,,,,,,,,,,,,,,,,,,,,,,,,,,,,,,,,,,,,,,,,,,
,,,,,,,,,,,001,2025-05-08_19h26.31.434,SLSINC2_O,2022.2.5,Win32,50.25125628,,,,,,,,,,,40,"[181.53189999997585,250.192,285.37999999999965,369.332199999988,400.13289999997596,416.9127999999523,446.34039999997594,468.21189999997614,603.8129999999996,622.3520999999641,645.9918999999759,736.1394999999998,752.0522999999521,771.591799999952,782.6719999999996,806.9319999999998,840.6519999999996,862.471799999952,880.9322999999522,896.4918999999759,972.0923999999759,985.091799999952,1001.4320999999641,1066.892399999976,1171.9527999999523,1191.251699999988,1207.372399999976,1254.5120000000002,1270.1717999999523,1280.3524999999995,1294.0517999999524,1307.311699999988,1315.0117999999525,1327.2923999999762,1340.2718999999756,1373.452399999976,1388.732799999952,1399.1520999999643,1450.611799999952,1465.472099999964]","[181.53189999997585,250.192,285.37999999999965,369.332199999988,400.13289999997596,416.9127999999523,446.34039999997594,468.21189999997614,603.8129999999996,622.3520999999641,645.9918999999759,736.139599999964,752.0523999999759,771.591799999952,782.6719999999996,806.9320999999641,840.6519999999996,862.471799999952,880.9322999999522,896.4918999999759,972.0923999999759,985.091799999952,1001.4320999999641,1066.892399999976,1171.9528999999761,1191.251699999988,1207.372399999976,1254.5120000000002,1270.1717999999523,1280.3524999999995,1294.0517999999524,1307.311699999988,1315.0117999999525,1327.2923999999762,1340.2718999999756,1373.452399999976,1388.732799999952,1399.1521999999882,1450.611799999952,1465.472099999964]",,33,"[183.99099999999999,251.59160000002385,371.0708000000118,401.6111000000237,418.3710000000001,447.5156999999881,469.5311000000238,605.1111000000237,623.6308000000117,737.7311000000236,753.0508000000118,772.5706999999879,784.0914000000357,845.6706999999883,863.5708000000118,897.7909000000359,973.151199999988,1002.5711000000238,1068.130600000024,1173.1511000000237,1193.4509000000357,1208.411,1255.3709999999996,1271.4706000000238,1281.590900000036,1295.0310000000004,1308.2906000000235,1316.8110000000001,1341.5709000000356,1375.2109999999998,1390.1716000000238,1400.051,1466.7113000000122]","[183.99099999999999,251.59160000002385,371.0708000000118,401.611199999988,418.3710000000001,447.51580000001195,469.5311000000238,605.1111000000237,623.6308000000117,737.7311000000236,753.0508000000118,772.5706999999879,784.0915,845.6706999999883,863.5708000000118,897.7909000000359,973.151199999988,1002.5711000000238,1068.130600000024,1173.151199999988,1193.451,1208.411,1255.3709999999996,1271.4706000000238,1281.591,1295.0310000000004,1308.2906000000235,1316.8110000000001,1341.5709000000356,1375.2109999999998,1390.1716000000238,1400.051,1466.711400000036]",7,"[286.9708000000119,647.9107000000477,808.710300000012,882.0908000000118,986.3304000000358,1329.9709000000357,1451.7513000000117]","[286.9708000000119,647.9107000000477,808.710300000012,882.0908000000118,986.3304000000358,1329.9709000000357,1451.7514000000356]","[""scam_button""]",9.989130154,3.5053,6.934782373,2.6946,0.989130288,1.707,,,,,,resources/images/scam12.jpg,scam,0.65,0.65,0,0,,,,,,,,,,,0,15,15,20,1,,,,,,,,,,,,,,,,,,,,,,,,,,,,,,,,,,,,,,,,,,,,,,,,,,,,,,,,,,,,,,,,,,,,,,,
,,,,,,,,,,,001,2025-05-08_19h26.31.434,SLSINC2_O,2022.2.5,Win32,50.25125628,,,,,,,,,,,41,"[181.53189999997585,250.192,285.37999999999965,369.332199999988,400.13289999997596,416.9127999999523,446.34039999997594,468.21189999997614,603.8129999999996,622.3520999999641,645.9918999999759,736.1394999999998,752.0522999999521,771.591799999952,782.6719999999996,806.9319999999998,840.6519999999996,862.471799999952,880.9322999999522,896.4918999999759,972.0923999999759,985.091799999952,1001.4320999999641,1066.892399999976,1171.9527999999523,1191.251699999988,1207.372399999976,1254.5120000000002,1270.1717999999523,1280.3524999999995,1294.0517999999524,1307.311699999988,1315.0117999999525,1327.2923999999762,1340.2718999999756,1373.452399999976,1388.732799999952,1399.1520999999643,1450.611799999952,1465.472099999964,1481.0718999999758]","[181.53189999997585,250.192,285.37999999999965,369.332199999988,400.13289999997596,416.9127999999523,446.34039999997594,468.21189999997614,603.8129999999996,622.3520999999641,645.9918999999759,736.139599999964,752.0523999999759,771.591799999952,782.6719999999996,806.9320999999641,840.6519999999996,862.471799999952,880.9322999999522,896.4918999999759,972.0923999999759,985.091799999952,1001.4320999999641,1066.892399999976,1171.9528999999761,1191.251699999988,1207.372399999976,1254.5120000000002,1270.1717999999523,1280.3524999999995,1294.0517999999524,1307.311699999988,1315.0117999999525,1327.2923999999762,1340.2718999999756,1373.452399999976,1388.732799999952,1399.1521999999882,1450.611799999952,1465.472099999964,1481.0718999999758]",,34,"[183.99099999999999,251.59160000002385,371.0708000000118,401.6111000000237,418.3710000000001,447.5156999999881,469.5311000000238,605.1111000000237,623.6308000000117,737.7311000000236,753.0508000000118,772.5706999999879,784.0914000000357,845.6706999999883,863.5708000000118,897.7909000000359,973.151199999988,1002.5711000000238,1068.130600000024,1173.1511000000237,1193.4509000000357,1208.411,1255.3709999999996,1271.4706000000238,1281.590900000036,1295.0310000000004,1308.2906000000235,1316.8110000000001,1341.5709000000356,1375.2109999999998,1390.1716000000238,1400.051,1466.7113000000122,1482.7310000000002]","[183.99099999999999,251.59160000002385,371.0708000000118,401.611199999988,418.3710000000001,447.51580000001195,469.5311000000238,605.1111000000237,623.6308000000117,737.7311000000236,753.0508000000118,772.5706999999879,784.0915,845.6706999999883,863.5708000000118,897.7909000000359,973.151199999988,1002.5711000000238,1068.130600000024,1173.151199999988,1193.451,1208.411,1255.3709999999996,1271.4706000000238,1281.591,1295.0310000000004,1308.2906000000235,1316.8110000000001,1341.5709000000356,1375.2109999999998,1390.1716000000238,1400.051,1466.711400000036,1482.7310000000002]",7,"[286.9708000000119,647.9107000000477,808.710300000012,882.0908000000118,986.3304000000358,1329.9709000000357,1451.7513000000117]","[286.9708000000119,647.9107000000477,808.710300000012,882.0908000000118,986.3304000000358,1329.9709000000357,1451.7514000000356]","[""scam_button""]",9.945651894,1.7942,4.967391098,1.4125,0.978260723,5.6502,,,,,,resources/images/scam6.jpg,scam,1,0.65,0,0,,,,,,,,,,,0,16,16,9,1,,,,,,,,,,,,,,,,,,,,,,,,,,,,,,,,,,,,,,,,,,,,,,,,,,,,,,,,,,,,,,,,,,,,,,,
,,,,,,,,,,,001,2025-05-08_19h26.31.434,SLSINC2_O,2022.2.5,Win32,50.25125628,,,,,,,,,,,42,"[181.53189999997585,250.192,285.37999999999965,369.332199999988,400.13289999997596,416.9127999999523,446.34039999997594,468.21189999997614,603.8129999999996,622.3520999999641,645.9918999999759,736.1394999999998,752.0522999999521,771.591799999952,782.6719999999996,806.9319999999998,840.6519999999996,862.471799999952,880.9322999999522,896.4918999999759,972.0923999999759,985.091799999952,1001.4320999999641,1066.892399999976,1171.9527999999523,1191.251699999988,1207.372399999976,1254.5120000000002,1270.1717999999523,1280.3524999999995,1294.0517999999524,1307.311699999988,1315.0117999999525,1327.2923999999762,1340.2718999999756,1373.452399999976,1388.732799999952,1399.1520999999643,1450.611799999952,1465.472099999964,1481.0718999999758,1495.1525999999644]","[181.53189999997585,250.192,285.37999999999965,369.332199999988,400.13289999997596,416.9127999999523,446.34039999997594,468.21189999997614,603.8129999999996,622.3520999999641,645.9918999999759,736.139599999964,752.0523999999759,771.591799999952,782.6719999999996,806.9320999999641,840.6519999999996,862.471799999952,880.9322999999522,896.4918999999759,972.0923999999759,985.091799999952,1001.4320999999641,1066.892399999976,1171.9528999999761,1191.251699999988,1207.372399999976,1254.5120000000002,1270.1717999999523,1280.3524999999995,1294.0517999999524,1307.311699999988,1315.0117999999525,1327.2923999999762,1340.2718999999756,1373.452399999976,1388.732799999952,1399.1521999999882,1450.611799999952,1465.472099999964,1481.0718999999758,1495.1525999999644]",,35,"[183.99099999999999,251.59160000002385,371.0708000000118,401.6111000000237,418.3710000000001,447.5156999999881,469.5311000000238,605.1111000000237,623.6308000000117,737.7311000000236,753.0508000000118,772.5706999999879,784.0914000000357,845.6706999999883,863.5708000000118,897.7909000000359,973.151199999988,1002.5711000000238,1068.130600000024,1173.1511000000237,1193.4509000000357,1208.411,1255.3709999999996,1271.4706000000238,1281.590900000036,1295.0310000000004,1308.2906000000235,1316.8110000000001,1341.5709000000356,1375.2109999999998,1390.1716000000238,1400.051,1466.7113000000122,1482.7310000000002,1496.2708000000116]","[183.99099999999999,251.59160000002385,371.0708000000118,401.611199999988,418.3710000000001,447.51580000001195,469.5311000000238,605.1111000000237,623.6308000000117,737.7311000000236,753.0508000000118,772.5706999999879,784.0915,845.6706999999883,863.5708000000118,897.7909000000359,973.151199999988,1002.5711000000238,1068.130600000024,1173.151199999988,1193.451,1208.411,1255.3709999999996,1271.4706000000238,1281.591,1295.0310000000004,1308.2906000000235,1316.8110000000001,1341.5709000000356,1375.2109999999998,1390.1716000000238,1400.051,1466.711400000036,1482.7310000000002,1496.2709000000355]",7,"[286.9708000000119,647.9107000000477,808.710300000012,882.0908000000118,986.3304000000358,1329.9709000000357,1451.7513000000117]","[286.9708000000119,647.9107000000477,808.710300000012,882.0908000000118,986.3304000000358,1329.9709000000357,1451.7514000000356]","[""scam_button""]",9.956521459,1.9186,6.978260633,2.137,1.032608548,1.3486,,,,,,resources/images/scam7.png,scam,0.65,0.65,0,0,,,,,,,,,,,0,17,17,10,1,,,,,,,,,,,,,,,,,,,,,,,,,,,,,,,,,,,,,,,,,,,,,,,,,,,,,,,,,,,,,,,,,,,,,,,
,,,,,,,,,,,001,2025-05-08_19h26.31.434,SLSINC2_O,2022.2.5,Win32,50.25125628,,,,,,,,,,,43,"[181.53189999997585,250.192,285.37999999999965,369.332199999988,400.13289999997596,416.9127999999523,446.34039999997594,468.21189999997614,603.8129999999996,622.3520999999641,645.9918999999759,736.1394999999998,752.0522999999521,771.591799999952,782.6719999999996,806.9319999999998,840.6519999999996,862.471799999952,880.9322999999522,896.4918999999759,972.0923999999759,985.091799999952,1001.4320999999641,1066.892399999976,1171.9527999999523,1191.251699999988,1207.372399999976,1254.5120000000002,1270.1717999999523,1280.3524999999995,1294.0517999999524,1307.311699999988,1315.0117999999525,1327.2923999999762,1340.2718999999756,1373.452399999976,1388.732799999952,1399.1520999999643,1450.611799999952,1465.472099999964,1481.0718999999758,1495.1525999999644,1505.312199999988]","[181.53189999997585,250.192,285.37999999999965,369.332199999988,400.13289999997596,416.9127999999523,446.34039999997594,468.21189999997614,603.8129999999996,622.3520999999641,645.9918999999759,736.139599999964,752.0523999999759,771.591799999952,782.6719999999996,806.9320999999641,840.6519999999996,862.471799999952,880.9322999999522,896.4918999999759,972.0923999999759,985.091799999952,1001.4320999999641,1066.892399999976,1171.9528999999761,1191.251699999988,1207.372399999976,1254.5120000000002,1270.1717999999523,1280.3524999999995,1294.0517999999524,1307.311699999988,1315.0117999999525,1327.2923999999762,1340.2718999999756,1373.452399999976,1388.732799999952,1399.1521999999882,1450.611799999952,1465.472099999964,1481.0718999999758,1495.1525999999644,1505.312199999988]",,36,"[183.99099999999999,251.59160000002385,371.0708000000118,401.6111000000237,418.3710000000001,447.5156999999881,469.5311000000238,605.1111000000237,623.6308000000117,737.7311000000236,753.0508000000118,772.5706999999879,784.0914000000357,845.6706999999883,863.5708000000118,897.7909000000359,973.151199999988,1002.5711000000238,1068.130600000024,1173.1511000000237,1193.4509000000357,1208.411,1255.3709999999996,1271.4706000000238,1281.590900000036,1295.0310000000004,1308.2906000000235,1316.8110000000001,1341.5709000000356,1375.2109999999998,1390.1716000000238,1400.051,1466.7113000000122,1482.7310000000002,1496.2708000000116,1506.6110000000003]","[183.99099999999999,251.59160000002385,371.0708000000118,401.611199999988,418.3710000000001,447.51580000001195,469.5311000000238,605.1111000000237,623.6308000000117,737.7311000000236,753.0508000000118,772.5706999999879,784.0915,845.6706999999883,863.5708000000118,897.7909000000359,973.151199999988,1002.5711000000238,1068.130600000024,1173.151199999988,1193.451,1208.411,1255.3709999999996,1271.4706000000238,1281.591,1295.0310000000004,1308.2906000000235,1316.8110000000001,1341.5709000000356,1375.2109999999998,1390.1716000000238,1400.051,1466.711400000036,1482.7310000000002,1496.2709000000355,1506.6110000000003]",7,"[286.9708000000119,647.9107000000477,808.710300000012,882.0908000000118,986.3304000000358,1329.9709000000357,1451.7513000000117]","[286.9708000000119,647.9107000000477,808.710300000012,882.0908000000118,986.3304000000358,1329.9709000000357,1451.7514000000356]","[""scam_button""]",9.956521459,1.83,7.978260619,2.7072,0.967391158,1.6285,,,,,,resources/images/scam14-EDIT.png,scam,1,0.65,0,0,,,,,,,,,,,0,18,18,23,1,,,,,,,,,,,,,,,,,,,,,,,,,,,,,,,,,,,,,,,,,,,,,,,,,,,,,,,,,,,,,,,,,,,,,,,
,,,,,,,,,,,001,2025-05-08_19h26.31.434,SLSINC2_O,2022.2.5,Win32,50.25125628,,,,,,,,,,,44,"[181.53189999997585,250.192,285.37999999999965,369.332199999988,400.13289999997596,416.9127999999523,446.34039999997594,468.21189999997614,603.8129999999996,622.3520999999641,645.9918999999759,736.1394999999998,752.0522999999521,771.591799999952,782.6719999999996,806.9319999999998,840.6519999999996,862.471799999952,880.9322999999522,896.4918999999759,972.0923999999759,985.091799999952,1001.4320999999641,1066.892399999976,1171.9527999999523,1191.251699999988,1207.372399999976,1254.5120000000002,1270.1717999999523,1280.3524999999995,1294.0517999999524,1307.311699999988,1315.0117999999525,1327.2923999999762,1340.2718999999756,1373.452399999976,1388.732799999952,1399.1520999999643,1450.611799999952,1465.472099999964,1481.0718999999758,1495.1525999999644,1505.312199999988,1517.5521999999878]","[181.53189999997585,250.192,285.37999999999965,369.332199999988,400.13289999997596,416.9127999999523,446.34039999997594,468.21189999997614,603.8129999999996,622.3520999999641,645.9918999999759,736.139599999964,752.0523999999759,771.591799999952,782.6719999999996,806.9320999999641,840.6519999999996,862.471799999952,880.9322999999522,896.4918999999759,972.0923999999759,985.091799999952,1001.4320999999641,1066.892399999976,1171.9528999999761,1191.251699999988,1207.372399999976,1254.5120000000002,1270.1717999999523,1280.3524999999995,1294.0517999999524,1307.311699999988,1315.0117999999525,1327.2923999999762,1340.2718999999756,1373.452399999976,1388.732799999952,1399.1521999999882,1450.611799999952,1465.472099999964,1481.0718999999758,1495.1525999999644,1505.312199999988,1517.5521999999878]",,37,"[183.99099999999999,251.59160000002385,371.0708000000118,401.6111000000237,418.3710000000001,447.5156999999881,469.5311000000238,605.1111000000237,623.6308000000117,737.7311000000236,753.0508000000118,772.5706999999879,784.0914000000357,845.6706999999883,863.5708000000118,897.7909000000359,973.151199999988,1002.5711000000238,1068.130600000024,1173.1511000000237,1193.4509000000357,1208.411,1255.3709999999996,1271.4706000000238,1281.590900000036,1295.0310000000004,1308.2906000000235,1316.8110000000001,1341.5709000000356,1375.2109999999998,1390.1716000000238,1400.051,1466.7113000000122,1482.7310000000002,1496.2708000000116,1506.6110000000003,1518.9511999999881]","[183.99099999999999,251.59160000002385,371.0708000000118,401.611199999988,418.3710000000001,447.51580000001195,469.5311000000238,605.1111000000237,623.6308000000117,737.7311000000236,753.0508000000118,772.5706999999879,784.0915,845.6706999999883,863.5708000000118,897.7909000000359,973.151199999988,1002.5711000000238,1068.130600000024,1173.151199999988,1193.451,1208.411,1255.3709999999996,1271.4706000000238,1281.591,1295.0310000000004,1308.2906000000235,1316.8110000000001,1341.5709000000356,1375.2109999999998,1390.1716000000238,1400.051,1466.711400000036,1482.7310000000002,1496.2709000000355,1506.6110000000003,1518.9511999999881]",7,"[286.9708000000119,647.9107000000477,808.710300000012,882.0908000000118,986.3304000000358,1329.9709000000357,1451.7513000000117]","[286.9708000000119,647.9107000000477,808.710300000012,882.0908000000118,986.3304000000358,1329.9709000000357,1451.7514000000356]","[""scam_button""]",9.934782328,2.0931,2.021738968,2.0511,0.076086823,1.3454,,,,,,resources/images/legit7-EDIT.png,legit,0.65,0.65,0,0,,,,,,,,,,,0,19,19,14,1,,,,,,,,,,,,,,,,,,,,,,,,,,,,,,,,,,,,,,,,,,,,,,,,,,,,,,,,,,,,,,,,,,,,,,,
,,,,,,,,,,,001,2025-05-08_19h26.31.434,SLSINC2_O,2022.2.5,Win32,50.25125628,,,,,,,,,,,45,"[181.53189999997585,250.192,285.37999999999965,369.332199999988,400.13289999997596,416.9127999999523,446.34039999997594,468.21189999997614,603.8129999999996,622.3520999999641,645.9918999999759,736.1394999999998,752.0522999999521,771.591799999952,782.6719999999996,806.9319999999998,840.6519999999996,862.471799999952,880.9322999999522,896.4918999999759,972.0923999999759,985.091799999952,1001.4320999999641,1066.892399999976,1171.9527999999523,1191.251699999988,1207.372399999976,1254.5120000000002,1270.1717999999523,1280.3524999999995,1294.0517999999524,1307.311699999988,1315.0117999999525,1327.2923999999762,1340.2718999999756,1373.452399999976,1388.732799999952,1399.1520999999643,1450.611799999952,1465.472099999964,1481.0718999999758,1495.1525999999644,1505.312199999988,1517.5521999999878,1525.5516999999877]","[181.53189999997585,250.192,285.37999999999965,369.332199999988,400.13289999997596,416.9127999999523,446.34039999997594,468.21189999997614,603.8129999999996,622.3520999999641,645.9918999999759,736.139599999964,752.0523999999759,771.591799999952,782.6719999999996,806.9320999999641,840.6519999999996,862.471799999952,880.9322999999522,896.4918999999759,972.0923999999759,985.091799999952,1001.4320999999641,1066.892399999976,1171.9528999999761,1191.251699999988,1207.372399999976,1254.5120000000002,1270.1717999999523,1280.3524999999995,1294.0517999999524,1307.311699999988,1315.0117999999525,1327.2923999999762,1340.2718999999756,1373.452399999976,1388.732799999952,1399.1521999999882,1450.611799999952,1465.472099999964,1481.0718999999758,1495.1525999999644,1505.312199999988,1517.5521999999878,1525.5517999999524]",,38,"[183.99099999999999,251.59160000002385,371.0708000000118,401.6111000000237,418.3710000000001,447.5156999999881,469.5311000000238,605.1111000000237,623.6308000000117,737.7311000000236,753.0508000000118,772.5706999999879,784.0914000000357,845.6706999999883,863.5708000000118,897.7909000000359,973.151199999988,1002.5711000000238,1068.130600000024,1173.1511000000237,1193.4509000000357,1208.411,1255.3709999999996,1271.4706000000238,1281.590900000036,1295.0310000000004,1308.2906000000235,1316.8110000000001,1341.5709000000356,1375.2109999999998,1390.1716000000238,1400.051,1466.7113000000122,1482.7310000000002,1496.2708000000116,1506.6110000000003,1518.9511999999881,1527.7913000000121]","[183.99099999999999,251.59160000002385,371.0708000000118,401.611199999988,418.3710000000001,447.51580000001195,469.5311000000238,605.1111000000237,623.6308000000117,737.7311000000236,753.0508000000118,772.5706999999879,784.0915,845.6706999999883,863.5708000000118,897.7909000000359,973.151199999988,1002.5711000000238,1068.130600000024,1173.151199999988,1193.451,1208.411,1255.3709999999996,1271.4706000000238,1281.591,1295.0310000000004,1308.2906000000235,1316.8110000000001,1341.5709000000356,1375.2109999999998,1390.1716000000238,1400.051,1466.711400000036,1482.7310000000002,1496.2709000000355,1506.6110000000003,1518.9511999999881,1527.7913000000121]",7,"[286.9708000000119,647.9107000000477,808.710300000012,882.0908000000118,986.3304000000358,1329.9709000000357,1451.7513000000117]","[286.9708000000119,647.9107000000477,808.710300000012,882.0908000000118,986.3304000000358,1329.9709000000357,1451.7514000000356]","[""scam_button""]",9.967391024,2.9332,5.923912823,3.1107,1.956521578,3.8858,,,,,,resources/images/scam10.jpg,scam,1,0.65,0,0,,,,,,,,,,,0,20,20,17,1,,,,,,,,,,,,,,,,,,,,,,,,,,,,,,,,,,,,,,,,,,,,,,,,,,,,,,,,,,,,,,,,,,,,,,,
,,,,,,,,,,,001,2025-05-08_19h26.31.434,SLSINC2_O,2022.2.5,Win32,50.25125628,,,,,,,,,,,46,"[181.53189999997585,250.192,285.37999999999965,369.332199999988,400.13289999997596,416.9127999999523,446.34039999997594,468.21189999997614,603.8129999999996,622.3520999999641,645.9918999999759,736.1394999999998,752.0522999999521,771.591799999952,782.6719999999996,806.9319999999998,840.6519999999996,862.471799999952,880.9322999999522,896.4918999999759,972.0923999999759,985.091799999952,1001.4320999999641,1066.892399999976,1171.9527999999523,1191.251699999988,1207.372399999976,1254.5120000000002,1270.1717999999523,1280.3524999999995,1294.0517999999524,1307.311699999988,1315.0117999999525,1327.2923999999762,1340.2718999999756,1373.452399999976,1388.732799999952,1399.1520999999643,1450.611799999952,1465.472099999964,1481.0718999999758,1495.1525999999644,1505.312199999988,1517.5521999999878,1525.5516999999877,1541.672599999964]","[181.53189999997585,250.192,285.37999999999965,369.332199999988,400.13289999997596,416.9127999999523,446.34039999997594,468.21189999997614,603.8129999999996,622.3520999999641,645.9918999999759,736.139599999964,752.0523999999759,771.591799999952,782.6719999999996,806.9320999999641,840.6519999999996,862.471799999952,880.9322999999522,896.4918999999759,972.0923999999759,985.091799999952,1001.4320999999641,1066.892399999976,1171.9528999999761,1191.251699999988,1207.372399999976,1254.5120000000002,1270.1717999999523,1280.3524999999995,1294.0517999999524,1307.311699999988,1315.0117999999525,1327.2923999999762,1340.2718999999756,1373.452399999976,1388.732799999952,1399.1521999999882,1450.611799999952,1465.472099999964,1481.0718999999758,1495.1525999999644,1505.312199999988,1517.5521999999878,1525.5517999999524,1541.6726999999878]",,39,"[183.99099999999999,251.59160000002385,371.0708000000118,401.6111000000237,418.3710000000001,447.5156999999881,469.5311000000238,605.1111000000237,623.6308000000117,737.7311000000236,753.0508000000118,772.5706999999879,784.0914000000357,845.6706999999883,863.5708000000118,897.7909000000359,973.151199999988,1002.5711000000238,1068.130600000024,1173.1511000000237,1193.4509000000357,1208.411,1255.3709999999996,1271.4706000000238,1281.590900000036,1295.0310000000004,1308.2906000000235,1316.8110000000001,1341.5709000000356,1375.2109999999998,1390.1716000000238,1400.051,1466.7113000000122,1482.7310000000002,1496.2708000000116,1506.6110000000003,1518.9511999999881,1527.7913000000121,1542.751400000036]","[183.99099999999999,251.59160000002385,371.0708000000118,401.611199999988,418.3710000000001,447.51580000001195,469.5311000000238,605.1111000000237,623.6308000000117,737.7311000000236,753.0508000000118,772.5706999999879,784.0915,845.6706999999883,863.5708000000118,897.7909000000359,973.151199999988,1002.5711000000238,1068.130600000024,1173.151199999988,1193.451,1208.411,1255.3709999999996,1271.4706000000238,1281.591,1295.0310000000004,1308.2906000000235,1316.8110000000001,1341.5709000000356,1375.2109999999998,1390.1716000000238,1400.051,1466.711400000036,1482.7310000000002,1496.2709000000355,1506.6110000000003,1518.9511999999881,1527.7913000000121,1542.751400000036]",7,"[286.9708000000119,647.9107000000477,808.710300000012,882.0908000000118,986.3304000000358,1329.9709000000357,1451.7513000000117]","[286.9708000000119,647.9107000000477,808.710300000012,882.0908000000118,986.3304000000358,1329.9709000000357,1451.7514000000356]","[""scam_button""]",9.956521459,2.0563,5.978260648,3.0167,0.999999853,1.6969,,,,,,resources/images/legit10-EDIT.png,legit,1,0.65,0,0,,,,,,,,,,,0,21,21,18,1,,,,,,,,,,,,,,,,,,,,,,,,,,,,,,,,,,,,,,,,,,,,,,,,,,,,,,,,,,,,,,,,,,,,,,,
,,,,,,,,,,,001,2025-05-08_19h26.31.434,SLSINC2_O,2022.2.5,Win32,50.25125628,,,,,,,,,,,47,"[181.53189999997585,250.192,285.37999999999965,369.332199999988,400.13289999997596,416.9127999999523,446.34039999997594,468.21189999997614,603.8129999999996,622.3520999999641,645.9918999999759,736.1394999999998,752.0522999999521,771.591799999952,782.6719999999996,806.9319999999998,840.6519999999996,862.471799999952,880.9322999999522,896.4918999999759,972.0923999999759,985.091799999952,1001.4320999999641,1066.892399999976,1171.9527999999523,1191.251699999988,1207.372399999976,1254.5120000000002,1270.1717999999523,1280.3524999999995,1294.0517999999524,1307.311699999988,1315.0117999999525,1327.2923999999762,1340.2718999999756,1373.452399999976,1388.732799999952,1399.1520999999643,1450.611799999952,1465.472099999964,1481.0718999999758,1495.1525999999644,1505.312199999988,1517.5521999999878,1525.5516999999877,1541.672599999964,1554.7921999999876]","[181.53189999997585,250.192,285.37999999999965,369.332199999988,400.13289999997596,416.9127999999523,446.34039999997594,468.21189999997614,603.8129999999996,622.3520999999641,645.9918999999759,736.139599999964,752.0523999999759,771.591799999952,782.6719999999996,806.9320999999641,840.6519999999996,862.471799999952,880.9322999999522,896.4918999999759,972.0923999999759,985.091799999952,1001.4320999999641,1066.892399999976,1171.9528999999761,1191.251699999988,1207.372399999976,1254.5120000000002,1270.1717999999523,1280.3524999999995,1294.0517999999524,1307.311699999988,1315.0117999999525,1327.2923999999762,1340.2718999999756,1373.452399999976,1388.732799999952,1399.1521999999882,1450.611799999952,1465.472099999964,1481.0718999999758,1495.1525999999644,1505.312199999988,1517.5521999999878,1525.5517999999524,1541.6726999999878,1554.7921999999876]",,40,"[183.99099999999999,251.59160000002385,371.0708000000118,401.6111000000237,418.3710000000001,447.5156999999881,469.5311000000238,605.1111000000237,623.6308000000117,737.7311000000236,753.0508000000118,772.5706999999879,784.0914000000357,845.6706999999883,863.5708000000118,897.7909000000359,973.151199999988,1002.5711000000238,1068.130600000024,1173.1511000000237,1193.4509000000357,1208.411,1255.3709999999996,1271.4706000000238,1281.590900000036,1295.0310000000004,1308.2906000000235,1316.8110000000001,1341.5709000000356,1375.2109999999998,1390.1716000000238,1400.051,1466.7113000000122,1482.7310000000002,1496.2708000000116,1506.6110000000003,1518.9511999999881,1527.7913000000121,1542.751400000036,1555.6510000000003]","[183.99099999999999,251.59160000002385,371.0708000000118,401.611199999988,418.3710000000001,447.51580000001195,469.5311000000238,605.1111000000237,623.6308000000117,737.7311000000236,753.0508000000118,772.5706999999879,784.0915,845.6706999999883,863.5708000000118,897.7909000000359,973.151199999988,1002.5711000000238,1068.130600000024,1173.151199999988,1193.451,1208.411,1255.3709999999996,1271.4706000000238,1281.591,1295.0310000000004,1308.2906000000235,1316.8110000000001,1341.5709000000356,1375.2109999999998,1390.1716000000238,1400.051,1466.711400000036,1482.7310000000002,1496.2709000000355,1506.6110000000003,1518.9511999999881,1527.7913000000121,1542.751400000036,1555.6511000000241]",7,"[286.9708000000119,647.9107000000477,808.710300000012,882.0908000000118,986.3304000000358,1329.9709000000357,1451.7513000000117]","[286.9708000000119,647.9107000000477,808.710300000012,882.0908000000118,986.3304000000358,1329.9709000000357,1451.7514000000356]","[""scam_button""]",9.956521459,1.8951,2.010869403,2.873,0.010869433,1.8246,,,,,,resources/images/scam13.png,scam,1,0.65,0,0,,,,,,,,,,,0,22,22,16,1,,,,,,,,,,,,,,,,,,,,,,,,,,,,,,,,,,,,,,,,,,,,,,,,,,,,,,,,,,,,,,,,,,,,,,,
,,,,,,,,,,,001,2025-05-08_19h26.31.434,SLSINC2_O,2022.2.5,Win32,50.25125628,,,,,,,,,,,48,"[181.53189999997585,250.192,285.37999999999965,369.332199999988,400.13289999997596,416.9127999999523,446.34039999997594,468.21189999997614,603.8129999999996,622.3520999999641,645.9918999999759,736.1394999999998,752.0522999999521,771.591799999952,782.6719999999996,806.9319999999998,840.6519999999996,862.471799999952,880.9322999999522,896.4918999999759,972.0923999999759,985.091799999952,1001.4320999999641,1066.892399999976,1171.9527999999523,1191.251699999988,1207.372399999976,1254.5120000000002,1270.1717999999523,1280.3524999999995,1294.0517999999524,1307.311699999988,1315.0117999999525,1327.2923999999762,1340.2718999999756,1373.452399999976,1388.732799999952,1399.1520999999643,1450.611799999952,1465.472099999964,1481.0718999999758,1495.1525999999644,1505.312199999988,1517.5521999999878,1525.5516999999877,1541.672599999964,1554.7921999999876,1570.4722999999517]","[181.53189999997585,250.192,285.37999999999965,369.332199999988,400.13289999997596,416.9127999999523,446.34039999997594,468.21189999997614,603.8129999999996,622.3520999999641,645.9918999999759,736.139599999964,752.0523999999759,771.591799999952,782.6719999999996,806.9320999999641,840.6519999999996,862.471799999952,880.9322999999522,896.4918999999759,972.0923999999759,985.091799999952,1001.4320999999641,1066.892399999976,1171.9528999999761,1191.251699999988,1207.372399999976,1254.5120000000002,1270.1717999999523,1280.3524999999995,1294.0517999999524,1307.311699999988,1315.0117999999525,1327.2923999999762,1340.2718999999756,1373.452399999976,1388.732799999952,1399.1521999999882,1450.611799999952,1465.472099999964,1481.0718999999758,1495.1525999999644,1505.312199999988,1517.5521999999878,1525.5517999999524,1541.6726999999878,1554.7921999999876,1570.4723999999756]",,41,"[183.99099999999999,251.59160000002385,371.0708000000118,401.6111000000237,418.3710000000001,447.5156999999881,469.5311000000238,605.1111000000237,623.6308000000117,737.7311000000236,753.0508000000118,772.5706999999879,784.0914000000357,845.6706999999883,863.5708000000118,897.7909000000359,973.151199999988,1002.5711000000238,1068.130600000024,1173.1511000000237,1193.4509000000357,1208.411,1255.3709999999996,1271.4706000000238,1281.590900000036,1295.0310000000004,1308.2906000000235,1316.8110000000001,1341.5709000000356,1375.2109999999998,1390.1716000000238,1400.051,1466.7113000000122,1482.7310000000002,1496.2708000000116,1506.6110000000003,1518.9511999999881,1527.7913000000121,1542.751400000036,1555.6510000000003,1571.8513000000116]","[183.99099999999999,251.59160000002385,371.0708000000118,401.611199999988,418.3710000000001,447.51580000001195,469.5311000000238,605.1111000000237,623.6308000000117,737.7311000000236,753.0508000000118,772.5706999999879,784.0915,845.6706999999883,863.5708000000118,897.7909000000359,973.151199999988,1002.5711000000238,1068.130600000024,1173.151199999988,1193.451,1208.411,1255.3709999999996,1271.4706000000238,1281.591,1295.0310000000004,1308.2906000000235,1316.8110000000001,1341.5709000000356,1375.2109999999998,1390.1716000000238,1400.051,1466.711400000036,1482.7310000000002,1496.2709000000355,1506.6110000000003,1518.9511999999881,1527.7913000000121,1542.751400000036,1555.6511000000241,1571.8514000000355]",7,"[286.9708000000119,647.9107000000477,808.710300000012,882.0908000000118,986.3304000000358,1329.9709000000357,1451.7513000000117]","[286.9708000000119,647.9107000000477,808.710300000012,882.0908000000118,986.3304000000358,1329.9709000000357,1451.7514000000356]","[""scam_button""]",9.945651894,2.7465,1.021738983,3.2901,0.021738998,3.5145,,,,,,resources/images/legit14-EDIT.jpg,legit,1,0.65,0,0,,,,,,,,,,,0,23,23,21,1,,,,,,,,,,,,,,,,,,,,,,,,,,,,,,,,,,,,,,,,,,,,,,,,,,,,,,,,,,,,,,,,,,,,,,,
,,,,,,,,,,,001,2025-05-08_19h26.31.434,SLSINC2_O,2022.2.5,Win32,50.25125628,,,,,,,,,,,,,,,,,,,,,,,,,,,,,,,,,,,,,,,,,,,,,,,,,,,,,,space,2.1647,,,,,,,,,,,,,,,,,,,,,,,,,,,,,,,,,,,,,,,,,,,,,,,,,,,,,,,,,,,,,,,,,,,,,
,,,,,,,,,,,001,2025-05-08_19h26.31.434,SLSINC2_O,2022.2.5,Win32,50.25125628,,,,,,,,,,,,,,,,,,,,,,,,,,,,,,,,,,,,,,,,,,,,,,,,,,,,,,,,4,4.1885,...finds clever ways to do things,0,0,0,3,1,...finds clever ways to do things,,,,,,,,,,,,,,,,,,,,,,,,,,,,,,,,,,,,,,,,,,,,,,,,,,,,,,,,,,,,
,,,,,,,,,,,001,2025-05-08_19h26.31.434,SLSINC2_O,2022.2.5,Win32,50.25125628,,,,,,,,,,,,,,,,,,,,,,,,,,,,,,,,,,,,,,,,,,,,,,,,,,,,,,,,2,2.465,...is talktative,0,1,1,1,1,...is talktative,,,,,,,,,,,,,,,,,,,,,,,,,,,,,,,,,,,,,,,,,,,,,,,,,,,,,,,,,,,,
,,,,,,,,,,,001,2025-05-08_19h26.31.434,SLSINC2_O,2022.2.5,Win32,50.25125628,,,,,,,,,,,,,,,,,,,,,,,,,,,,,,,,,,,,,,,,,,,,,,,,,,,,,,,,3,2.5572,...is inventive,0,2,2,2,1,...is inventive,,,,,,,,,,,,,,,,,,,,,,,,,,,,,,,,,,,,,,,,,,,,,,,,,,,,,,,,,,,,
,,,,,,,,,,,001,2025-05-08_19h26.31.434,SLSINC2_O,2022.2.5,Win32,50.25125628,,,,,,,,,,,,,,,,,,,,,,,,,,,,,,,,,,,,,,,,,,,,,,,,,,,,,,,,2,2.325,...often feels sad,0,3,3,0,1,...often feels sad,,,,,,,,,,,,,,,,,,,,,,,,,,,,,,,,,,,,,,,,,,,,,,,,,,,,,,,,,,,,
,,,,,,,,,,,001,2025-05-08_19h26.31.434,SLSINC2_O,2022.2.5,Win32,50.25125628,,,,,,,,,,,,,,,,,,,,,,,,,,,,,,,,,,,,,,,,,,,,,,,,,,,,,,,,4,3.0108,"....is reliable, can always be counted on",0,4,4,4,1,"....is reliable, can always be counted on",,,,,,,,,,,,,,,,,,,,,,,,,,,,,,,,,,,,,,,,,,,,,,,,,,,,,,,,,,,,
,,,,,,,,,,,001,2025-05-08_19h26.31.434,SLSINC2_O,2022.2.5,Win32,50.25125628,,,,,,,,,,,,,,,,,,,,,,,,,,,,,,,,,,,,,,,,,,,,,,,,,,,,,,,,4,1.4255,"...is persistent, works until the task is finished",0,5,5,5,1,"...is persistent, works until the task is finished",,,,,,,,,,,,,,,,,,,,,,,,,,,,,,,,,,,,,,,,,,,,,,,,,,,,,,,,,,,,
,,,,,,,,,,,001,2025-05-08_19h26.31.434,SLSINC2_O,2022.2.5,Win32,50.25125628,,,,,,,,,,,,,,,,,,,,,,,,,,,,,,,,,,,,,,,,,,,,,,,,,,,,,,,,,,,,,,,,,space,5.0502,,,,,,,,,,,,,,,,,,,,,,,,,,,,,,,,,,,,,,,,,,,,,,,,,,,,,,,,,,
,,,,,,,,,,,001,2025-05-08_19h26.31.434,SLSINC2_O,2022.2.5,Win32,50.25125628,,,,,,,,,,,,,,,,,,,,,,,,,,,,,,,,,,,,,,,,,,,,,,,,,,,,,,,,,,,,,,,,,,,3,5.1724,,0,0,0,3,1,I feel as though I have made a difference to many people.,,,,,,,,,,,,,,,,,,,,,,,,,,,,,,,,,,,,,,,,,,,,,,,,,
,,,,,,,,,,,001,2025-05-08_19h26.31.434,SLSINC2_O,2022.2.5,Win32,50.25125628,,,,,,,,,,,,,,,,,,,,,,,,,,,,,,,,,,,,,,,,,,,,,,,,,,,,,,,,,,,,,,,,,,,3,2.1285,,0,1,1,18,1,People come to me for advice.,,,,,,,,,,,,,,,,,,,,,,,,,,,,,,,,,,,,,,,,,,,,,,,,,
,,,,,,,,,,,001,2025-05-08_19h26.31.434,SLSINC2_O,2022.2.5,Win32,50.25125628,,,,,,,,,,,,,,,,,,,,,,,,,,,,,,,,,,,,,,,,,,,,,,,,,,,,,,,,,,,,,,,,,,,3,2.9145,,0,2,2,12,1,I feel that things I have done in my life will survive after I die.,,,,,,,,,,,,,,,,,,,,,,,,,,,,,,,,,,,,,,,,,,,,,,,,,
,,,,,,,,,,,001,2025-05-08_19h26.31.434,SLSINC2_O,2022.2.5,Win32,50.25125628,,,,,,,,,,,,,,,,,,,,,,,,,,,,,,,,,,,,,,,,,,,,,,,,,,,,,,,,,,,,,,,,,,,2,2.1202,,0,3,3,1,1,I feel that other people need me.,,,,,,,,,,,,,,,,,,,,,,,,,,,,,,,,,,,,,,,,,,,,,,,,,
,,,,,,,,,,,001,2025-05-08_19h26.31.434,SLSINC2_O,2022.2.5,Win32,50.25125628,,,,,,,,,,,,,,,,,,,,,,,,,,,,,,,,,,,,,,,,,,,,,,,,,,,,,,,,,,,,,,,,,,,3,2.9105,,0,4,4,6,1,I try to be creative in most things that I do.,,,,,,,,,,,,,,,,,,,,,,,,,,,,,,,,,,,,,,,,,,,,,,,,,
,,,,,,,,,,,001,2025-05-08_19h26.31.434,SLSINC2_O,2022.2.5,Win32,50.25125628,,,,,,,,,,,,,,,,,,,,,,,,,,,,,,,,,,,,,,,,,,,,,,,,,,,,,,,,,,,,,,,,,,,2,3.1075,,0,5,5,19,1,I feel as though my contributions will exist after I die.,,,,,,,,,,,,,,,,,,,,,,,,,,,,,,,,,,,,,,,,,,,,,,,,,
,,,,,,,,,,,001,2025-05-08_19h26.31.434,SLSINC2_O,2022.2.5,Win32,50.25125628,,,,,,,,,,,,,,,,,,,,,,,,,,,,,,,,,,,,,,,,,,,,,,,,,,,,,,,,,,,,,,,,,,,2,4.1876,,0,6,6,15,1,"I have made many commitments to many different kinds of people, groups, and activities in my life.",,,,,,,,,,,,,,,,,,,,,,,,,,,,,,,,,,,,,,,,,,,,,,,,,
,,,,,,,,,,,001,2025-05-08_19h26.31.434,SLSINC2_O,2022.2.5,Win32,50.25125628,,,,,,,,,,,,,,,,,,,,,,,,,,,,,,,,,,,,,,,,,,,,,,,,,,,,,,,,,,,,,,,,,,,2,3.1328,,0,7,7,14,1,I feel as though I have done a lot to contribute to others.,,,,,,,,,,,,,,,,,,,,,,,,,,,,,,,,,,,,,,,,,,,,,,,,,
,,,,,,,,,,,001,2025-05-08_19h26.31.434,SLSINC2_O,2022.2.5,Win32,50.25125628,,,,,,,,,,,,,,,,,,,,,,,,,,,,,,,,,,,,,,,,,,,,,,,,,,,,,,,,,,,,,,,,,,,3,3.8833,,0,8,8,5,1,I have made and created things that have had an impact on other people.,,,,,,,,,,,,,,,,,,,,,,,,,,,,,,,,,,,,,,,,,,,,,,,,,
,,,,,,,,,,,001,2025-05-08_19h26.31.434,SLSINC2_O,2022.2.5,Win32,50.25125628,,,,,,,,,,,,,,,,,,,,,,,,,,,,,,,,,,,,,,,,,,,,,,,,,,,,,,,,,,,,,,,,,,,3,1.5655,,0,9,9,11,1,I have important skills that I try to teach others.,,,,,,,,,,,,,,,,,,,,,,,,,,,,,,,,,,,,,,,,,,,,,,,,,
,,,,,,,,,,,001,2025-05-08_19h26.31.434,SLSINC2_O,2022.2.5,Win32,50.25125628,,,,,,,,,,,,,,,,,,,,,,,,,,,,,,,,,,,,,,,,,,,,,,,,,,,,,,,,,,,,,,,,,,,3,4.6634,,0,10,10,10,1,"If I were unable to have children of my own, I would like to adopt children.",,,,,,,,,,,,,,,,,,,,,,,,,,,,,,,,,,,,,,,,,,,,,,,,,
,,,,,,,,,,,001,2025-05-08_19h26.31.434,SLSINC2_O,2022.2.5,Win32,50.25125628,,,,,,,,,,,,,,,,,,,,,,,,,,,,,,,,,,,,,,,,,,,,,,,,,,,,,,,,,,,,,,,,,,,3,2.0579,,0,11,11,16,1,Other people say that I am a very productive person.,,,,,,,,,,,,,,,,,,,,,,,,,,,,,,,,,,,,,,,,,,,,,,,,,
,,,,,,,,,,,001,2025-05-08_19h26.31.434,SLSINC2_O,2022.2.5,Win32,50.25125628,,,,,,,,,,,,,,,,,,,,,,,,,,,,,,,,,,,,,,,,,,,,,,,,,,,,,,,,,,,,,,,,,,,2,2.9402,,0,12,12,7,1,I think that I will be remembered for a long time after I die.,,,,,,,,,,,,,,,,,,,,,,,,,,,,,,,,,,,,,,,,,,,,,,,,,
,,,,,,,,,,,001,2025-05-08_19h26.31.434,SLSINC2_O,2022.2.5,Win32,50.25125628,,,,,,,,,,,,,,,,,,,,,,,,,,,,,,,,,,,,,,,,,,,,,,,,,,,,,,,,,,,,,,,,,,,3,3.4474,,0,13,13,8,1,I believe that society should be responsible for providing food and shelter for all homeless people.,,,,,,,,,,,,,,,,,,,,,,,,,,,,,,,,,,,,,,,,,,,,,,,,,
,,,,,,,,,,,001,2025-05-08_19h26.31.434,SLSINC2_O,2022.2.5,Win32,50.25125628,,,,,,,,,,,,,,,,,,,,,,,,,,,,,,,,,,,,,,,,,,,,,,,,,,,,,,,,,,,,,,,,,,,3,3.7208,,0,14,14,2,1,I think I would like the work of a teacher.,,,,,,,,,,,,,,,,,,,,,,,,,,,,,,,,,,,,,,,,,,,,,,,,,
,,,,,,,,,,,001,2025-05-08_19h26.31.434,SLSINC2_O,2022.2.5,Win32,50.25125628,,,,,,,,,,,,,,,,,,,,,,,,,,,,,,,,,,,,,,,,,,,,,,,,,,,,,,,,,,,,,,,,,,,3,3.3145,,0,15,15,0,1,Try to pass along the knowledge I have gained through my experiences.,,,,,,,,,,,,,,,,,,,,,,,,,,,,,,,,,,,,,,,,,,,,,,,,,
,,,,,,,,,,,001,2025-05-08_19h26.31.434,SLSINC2_O,2022.2.5,Win32,50.25125628,,,,,,,,,,,,,,,,,,,,,,,,,,,,,,,,,,,,,,,,,,,,,,,,,,,,,,,,,,,,,,,,,,,1,2.9217,,0,16,16,4,1,I volunteer to work for a charity.,,,,,,,,,,,,,,,,,,,,,,,,,,,,,,,,,,,,,,,,,,,,,,,,,
,,,,,,,,,,,001,2025-05-08_19h26.31.434,SLSINC2_O,2022.2.5,Win32,50.25125628,,,,,,,,,,,,,,,,,,,,,,,,,,,,,,,,,,,,,,,,,,,,,,,,,,,,,,,,,,,,,,,,,,,2,2.021,,0,17,17,9,1,Others would say that I have made unique contributions to society.,,,,,,,,,,,,,,,,,,,,,,,,,,,,,,,,,,,,,,,,,,,,,,,,,
,,,,,,,,,,,001,2025-05-08_19h26.31.434,SLSINC2_O,2022.2.5,Win32,50.25125628,,,,,,,,,,,,,,,,,,,,,,,,,,,,,,,,,,,,,,,,,,,,,,,,,,,,,,,,,,,,,,,,,,,2,2.4002,,0,18,18,17,1,I have a responsibility to improve the neighborhood in which I live.,,,,,,,,,,,,,,,,,,,,,,,,,,,,,,,,,,,,,,,,,,,,,,,,,
,,,,,,,,,,,001,2025-05-08_19h26.31.434,SLSINC2_O,2022.2.5,Win32,50.25125628,,,,,,,,,,,,,,,,,,,,,,,,,,,,,,,,,,,,,,,,,,,,,,,,,,,,,,,,,,,,,,,,,,,2,1.44,,0,19,19,13,1,"In general, my actions have a positive effect on other people.",,,,,,,,,,,,,,,,,,,,,,,,,,,,,,,,,,,,,,,,,,,,,,,,,
,,,,,,,,,,,001,2025-05-08_19h26.31.434,SLSINC2_O,2022.2.5,Win32,50.25125628,,,,,,,,,,,,,,,,,,,,,,,,,,,,,,,,,,,,,,,,,,,,,,,,,,,,,,,,,,,,,,,,,,,,,,,,,,,,space,1.7185,,,,,,,,,,,,,,,,,,,,,,,,,,,,,,,,,,,,,,,,,,,,,,,
,,,,,,,,,,,001,2025-05-08_19h26.31.434,SLSINC2_O,2022.2.5,Win32,50.25125628,,,,,,,,,,,,,,,,,,,,,,,,,,,,,,,,,,,,,,,,,,,,,,,,,,,,,,,,,,,,,,,,,,,,,,,,,,,My interests and ideas are not shared by those around me,,,1,8.8138,,0,0,0,7,1,,,,,,,,,,,,,,,,,,,,,,,,,,,,,,,,,,,,,,,
,,,,,,,,,,,001,2025-05-08_19h26.31.434,SLSINC2_O,2022.2.5,Win32,50.25125628,,,,,,,,,,,,,,,,,,,,,,,,,,,,,,,,,,,,,,,,,,,,,,,,,,,,,,,,,,,,,,,,,,,,,,,,,,,I feel left out,,,1,1.2081,,0,1,1,10,1,,,,,,,,,,,,,,,,,,,,,,,,,,,,,,,,,,,,,,,
,,,,,,,,,,,001,2025-05-08_19h26.31.434,SLSINC2_O,2022.2.5,Win32,50.25125628,,,,,,,,,,,,,,,,,,,,,,,,,,,,,,,,,,,,,,,,,,,,,,,,,,,,,,,,,,,,,,,,,,,,,,,,,,,I do not feel alone,,,1,0.7491,,0,2,2,3,1,,,,,,,,,,,,,,,,,,,,,,,,,,,,,,,,,,,,,,,
,,,,,,,,,,,001,2025-05-08_19h26.31.434,SLSINC2_O,2022.2.5,Win32,50.25125628,,,,,,,,,,,,,,,,,,,,,,,,,,,,,,,,,,,,,,,,,,,,,,,,,,,,,,,,,,,,,,,,,,,,,,,,,,,I feel part of a group of friends,,,3,2.4205,,0,3,3,4,1,,,,,,,,,,,,,,,,,,,,,,,,,,,,,,,,,,,,,,,
,,,,,,,,,,,001,2025-05-08_19h26.31.434,SLSINC2_O,2022.2.5,Win32,50.25125628,,,,,,,,,,,,,,,,,,,,,,,,,,,,,,,,,,,,,,,,,,,,,,,,,,,,,,,,,,,,,,,,,,,,,,,,,,,There is no one I can turn to,,,2,1.6936,,0,4,4,2,1,,,,,,,,,,,,,,,,,,,,,,,,,,,,,,,,,,,,,,,
,,,,,,,,,,,001,2025-05-08_19h26.31.434,SLSINC2_O,2022.2.5,Win32,50.25125628,,,,,,,,,,,,,,,,,,,,,,,,,,,,,,,,,,,,,,,,,,,,,,,,,,,,,,,,,,,,,,,,,,,,,,,,,,,People are around me but not with me,,,2,1.8838,,0,5,5,17,1,,,,,,,,,,,,,,,,,,,,,,,,,,,,,,,,,,,,,,,
,,,,,,,,,,,001,2025-05-08_19h26.31.434,SLSINC2_O,2022.2.5,Win32,50.25125628,,,,,,,,,,,,,,,,,,,,,,,,,,,,,,,,,,,,,,,,,,,,,,,,,,,,,,,,,,,,,,,,,,,,,,,,,,,I feel in tune with the people around me,,,3,1.3333,,0,6,6,0,1,,,,,,,,,,,,,,,,,,,,,,,,,,,,,,,,,,,,,,,
,,,,,,,,,,,001,2025-05-08_19h26.31.434,SLSINC2_O,2022.2.5,Win32,50.25125628,,,,,,,,,,,,,,,,,,,,,,,,,,,,,,,,,,,,,,,,,,,,,,,,,,,,,,,,,,,,,,,,,,,,,,,,,,,I lack companionship,,,2,3.4018,,0,7,7,1,1,,,,,,,,,,,,,,,,,,,,,,,,,,,,,,,,,,,,,,,
,,,,,,,,,,,001,2025-05-08_19h26.31.434,SLSINC2_O,2022.2.5,Win32,50.25125628,,,,,,,,,,,,,,,,,,,,,,,,,,,,,,,,,,,,,,,,,,,,,,,,,,,,,,,,,,,,,,,,,,,,,,,,,,,There are people I can turn to,,,3,2.5073,,0,8,8,19,1,,,,,,,,,,,,,,,,,,,,,,,,,,,,,,,,,,,,,,,
,,,,,,,,,,,001,2025-05-08_19h26.31.434,SLSINC2_O,2022.2.5,Win32,50.25125628,,,,,,,,,,,,,,,,,,,,,,,,,,,,,,,,,,,,,,,,,,,,,,,,,,,,,,,,,,,,,,,,,,,,,,,,,,,There are people I can talk to,,,3,10.7009,,0,9,9,18,1,,,,,,,,,,,,,,,,,,,,,,,,,,,,,,,,,,,,,,,
,,,,,,,,,,,001,2025-05-08_19h26.31.434,SLSINC2_O,2022.2.5,Win32,50.25125628,,,,,,,,,,,,,,,,,,,,,,,,,,,,,,,,,,,,,,,,,,,,,,,,,,,,,,,,,,,,,,,,,,,,,,,,,,,I can find companionship when I want it,,,3,1.2692,,0,10,10,14,1,,,,,,,,,,,,,,,,,,,,,,,,,,,,,,,,,,,,,,,
,,,,,,,,,,,001,2025-05-08_19h26.31.434,SLSINC2_O,2022.2.5,Win32,50.25125628,,,,,,,,,,,,,,,,,,,,,,,,,,,,,,,,,,,,,,,,,,,,,,,,,,,,,,,,,,,,,,,,,,,,,,,,,,,I am no longer close to anyone,,,1,3.0665,,0,11,11,6,1,,,,,,,,,,,,,,,,,,,,,,,,,,,,,,,,,,,,,,,
,,,,,,,,,,,001,2025-05-08_19h26.31.434,SLSINC2_O,2022.2.5,Win32,50.25125628,,,,,,,,,,,,,,,,,,,,,,,,,,,,,,,,,,,,,,,,,,,,,,,,,,,,,,,,,,,,,,,,,,,,,,,,,,,I am an outgoing person,,,2,1.9806,,0,12,12,8,1,,,,,,,,,,,,,,,,,,,,,,,,,,,,,,,,,,,,,,,
,,,,,,,,,,,001,2025-05-08_19h26.31.434,SLSINC2_O,2022.2.5,Win32,50.25125628,,,,,,,,,,,,,,,,,,,,,,,,,,,,,,,,,,,,,,,,,,,,,,,,,,,,,,,,,,,,,,,,,,,,,,,,,,,I feel isolated from others,,,2,1.6988,,0,13,13,13,1,,,,,,,,,,,,,,,,,,,,,,,,,,,,,,,,,,,,,,,
,,,,,,,,,,,001,2025-05-08_19h26.31.434,SLSINC2_O,2022.2.5,Win32,50.25125628,,,,,,,,,,,,,,,,,,,,,,,,,,,,,,,,,,,,,,,,,,,,,,,,,,,,,,,,,,,,,,,,,,,,,,,,,,,My social relationships are superficial,,,3,2.2484,,0,14,14,11,1,,,,,,,,,,,,,,,,,,,,,,,,,,,,,,,,,,,,,,,
,,,,,,,,,,,001,2025-05-08_19h26.31.434,SLSINC2_O,2022.2.5,Win32,50.25125628,,,,,,,,,,,,,,,,,,,,,,,,,,,,,,,,,,,,,,,,,,,,,,,,,,,,,,,,,,,,,,,,,,,,,,,,,,,There are people who really understand me,,,3,1.6186,,0,15,15,15,1,,,,,,,,,,,,,,,,,,,,,,,,,,,,,,,,,,,,,,,
,,,,,,,,,,,001,2025-05-08_19h26.31.434,SLSINC2_O,2022.2.5,Win32,50.25125628,,,,,,,,,,,,,,,,,,,,,,,,,,,,,,,,,,,,,,,,,,,,,,,,,,,,,,,,,,,,,,,,,,,,,,,,,,,There are people I feel close to,,,3,2.304,,0,16,16,9,1,,,,,,,,,,,,,,,,,,,,,,,,,,,,,,,,,,,,,,,
,,,,,,,,,,,001,2025-05-08_19h26.31.434,SLSINC2_O,2022.2.5,Win32,50.25125628,,,,,,,,,,,,,,,,,,,,,,,,,,,,,,,,,,,,,,,,,,,,,,,,,,,,,,,,,,,,,,,,,,,,,,,,,,,I am unhappy being so withdrawn ,,,2,3.0162,,0,17,17,16,1,,,,,,,,,,,,,,,,,,,,,,,,,,,,,,,,,,,,,,,
,,,,,,,,,,,001,2025-05-08_19h26.31.434,SLSINC2_O,2022.2.5,Win32,50.25125628,,,,,,,,,,,,,,,,,,,,,,,,,,,,,,,,,,,,,,,,,,,,,,,,,,,,,,,,,,,,,,,,,,,,,,,,,,,No one really knows me well,,,2,2.2905,,0,18,18,12,1,,,,,,,,,,,,,,,,,,,,,,,,,,,,,,,,,,,,,,,
,,,,,,,,,,,001,2025-05-08_19h26.31.434,SLSINC2_O,2022.2.5,Win32,50.25125628,,,,,,,,,,,,,,,,,,,,,,,,,,,,,,,,,,,,,,,,,,,,,,,,,,,,,,,,,,,,,,,,,,,,,,,,,,,I have a lot in common with the people around me,,,3,3.1967,,0,19,19,5,1,,,,,,,,,,,,,,,,,,,,,,,,,,,,,,,,,,,,,,,
,,,,,,,,,,,001,2025-05-08_19h26.31.434,SLSINC2_O,2022.2.5,Win32,50.25125628,,,,,,,,,,,,,,,,,,,,,,,,,,,,,,,,,,,,,,,,,,,,,,,,,,,,,,,,,,,,,,,,,,,,,,,,,,,,,,,,,,,,,,space,1.4032,,,,,,,,,,,,,,,,,,,,,,,,,,,,,,,,,,,,,
,,,,,,,,,,,001,2025-05-08_19h26.31.434,SLSINC2_O,2022.2.5,Win32,50.25125628,,,,,,,,,,,,,,,,,,,,,,,,,,,,,,,,,,,,,,,,,,,,,,,,,,,,,,,,,,,,,,,,,,,,,,,,,,,,,,,,,,,,,,,,2,7.0176,"When I am not distracted, I find my thoughts focusing on my own cognitive changes and concerns.",0,0,0,6,1,"When I am not distracted, I find my thoughts focusing on my own cognitive changes and concerns.",,,,,,,,,,,,,,,,,,,,,,,,,,,,
,,,,,,,,,,,001,2025-05-08_19h26.31.434,SLSINC2_O,2022.2.5,Win32,50.25125628,,,,,,,,,,,,,,,,,,,,,,,,,,,,,,,,,,,,,,,,,,,,,,,,,,,,,,,,,,,,,,,,,,,,,,,,,,,,,,,,,,,,,,,,2,3.0319,My worries about Alzheimer’s disease and related dementias overwhelm me.,0,1,1,3,1,My worries about Alzheimer’s disease and related dementias overwhelm me.,,,,,,,,,,,,,,,,,,,,,,,,,,,,
,,,,,,,,,,,001,2025-05-08_19h26.31.434,SLSINC2_O,2022.2.5,Win32,50.25125628,,,,,,,,,,,,,,,,,,,,,,,,,,,,,,,,,,,,,,,,,,,,,,,,,,,,,,,,,,,,,,,,,,,,,,,,,,,,,,,,,,,,,,,,1,5.85,"	When I hear about someone having Alzheimer’s disease or a related dementia, I start to worry about having it myself.",0,2,2,5,1,"	When I hear about someone having Alzheimer’s disease or a related dementia, I start to worry about having it myself.",,,,,,,,,,,,,,,,,,,,,,,,,,,,
,,,,,,,,,,,001,2025-05-08_19h26.31.434,SLSINC2_O,2022.2.5,Win32,50.25125628,,,,,,,,,,,,,,,,,,,,,,,,,,,,,,,,,,,,,,,,,,,,,,,,,,,,,,,,,,,,,,,,,,,,,,,,,,,,,,,,,,,,,,,,1,1.8107,"More often than not, I find my thoughts returning to concerns that I have Alzheimer’s disease or a related dementia.",0,3,3,4,1,"More often than not, I find my thoughts returning to concerns that I have Alzheimer’s disease or a related dementia.",,,,,,,,,,,,,,,,,,,,,,,,,,,,
,,,,,,,,,,,001,2025-05-08_19h26.31.434,SLSINC2_O,2022.2.5,Win32,50.25125628,,,,,,,,,,,,,,,,,,,,,,,,,,,,,,,,,,,,,,,,,,,,,,,,,,,,,,,,,,,,,,,,,,,,,,,,,,,,,,,,,,,,,,,,2,3.5837,"When I can’t remember something, I find myself wondering whether I have Alzheimer’s disease or a related dementia.",0,4,4,2,1,"When I can’t remember something, I find myself wondering whether I have Alzheimer’s disease or a related dementia.",,,,,,,,,,,,,,,,,,,,,,,,,,,,
,,,,,,,,,,,001,2025-05-08_19h26.31.434,SLSINC2_O,2022.2.5,Win32,50.25125628,,,,,,,,,,,,,,,,,,,,,,,,,,,,,,,,,,,,,,,,,,,,,,,,,,,,,,,,,,,,,,,,,,,,,,,,,,,,,,,,,,,,,,,,2,5.5662,"Even though I know it doesn’t help to focus on it, I can’t help thinking about whether or not I have Alzheimer’s disease or a related dementia.",0,5,5,7,1,"Even though I know it doesn’t help to focus on it, I can’t help thinking about whether or not I have Alzheimer’s disease or a related dementia.",,,,,,,,,,,,,,,,,,,,,,,,,,,,
,,,,,,,,,,,001,2025-05-08_19h26.31.434,SLSINC2_O,2022.2.5,Win32,50.25125628,,,,,,,,,,,,,,,,,,,,,,,,,,,,,,,,,,,,,,,,,,,,,,,,,,,,,,,,,,,,,,,,,,,,,,,,,,,,,,,,,,,,,,,,1,4.8124,"Sometimes when trying to go to sleep, I find my thoughts drift to my concerns about having Alzheimer’s disease or a related dementia.",0,6,6,9,1,"Sometimes when trying to go to sleep, I find my thoughts drift to my concerns about having Alzheimer’s disease or a related dementia.",,,,,,,,,,,,,,,,,,,,,,,,,,,,
,,,,,,,,,,,001,2025-05-08_19h26.31.434,SLSINC2_O,2022.2.5,Win32,50.25125628,,,,,,,,,,,,,,,,,,,,,,,,,,,,,,,,,,,,,,,,,,,,,,,,,,,,,,,,,,,,,,,,,,,,,,,,,,,,,,,,,,,,,,,,4,4.4275,"I know I shouldn’t worry about developing Alzheimer’s disease and related dementias, but I just cannot help it.",0,7,7,0,1,"I know I shouldn’t worry about developing Alzheimer’s disease and related dementias, but I just cannot help it.",,,,,,,,,,,,,,,,,,,,,,,,,,,,
,,,,,,,,,,,001,2025-05-08_19h26.31.434,SLSINC2_O,2022.2.5,Win32,50.25125628,,,,,,,,,,,,,,,,,,,,,,,,,,,,,,,,,,,,,,,,,,,,,,,,,,,,,,,,,,,,,,,,,,,,,,,,,,,,,,,,,,,,,,,,3,4.8313,I think I probably worry more about Alzheimer’s disease and related dementias than other people my same age.,0,8,8,11,1,I think I probably worry more about Alzheimer’s disease and related dementias than other people my same age.,,,,,,,,,,,,,,,,,,,,,,,,,,,,
,,,,,,,,,,,001,2025-05-08_19h26.31.434,SLSINC2_O,2022.2.5,Win32,50.25125628,,,,,,,,,,,,,,,,,,,,,,,,,,,,,,,,,,,,,,,,,,,,,,,,,,,,,,,,,,,,,,,,,,,,,,,,,,,,,,,,,,,,,,,,2,2.6858,I find it difficult to control my worries about developing Alzheimer’s disease and related dementias.,0,9,9,1,1,I find it difficult to control my worries about developing Alzheimer’s disease and related dementias.,,,,,,,,,,,,,,,,,,,,,,,,,,,,
,,,,,,,,,,,001,2025-05-08_19h26.31.434,SLSINC2_O,2022.2.5,Win32,50.25125628,,,,,,,,,,,,,,,,,,,,,,,,,,,,,,,,,,,,,,,,,,,,,,,,,,,,,,,,,,,,,,,,,,,,,,,,,,,,,,,,,,,,,,,,1,2.3634,"Once I start worrying about Alzheimer’s disease and related dementias, I just cannot stop.",0,10,10,8,1,"Once I start worrying about Alzheimer’s disease and related dementias, I just cannot stop.",,,,,,,,,,,,,,,,,,,,,,,,,,,,
,,,,,,,,,,,001,2025-05-08_19h26.31.434,SLSINC2_O,2022.2.5,Win32,50.25125628,,,,,,,,,,,,,,,,,,,,,,,,,,,,,,,,,,,,,,,,,,,,,,,,,,,,,,,,,,,,,,,,,,,,,,,,,,,,,,,,,,,,,,,,2,4.285,"When I forget a word that I want to say, my thoughts immediately turn to Alzheimer’s disease and related dementias.",0,11,11,10,1,"When I forget a word that I want to say, my thoughts immediately turn to Alzheimer’s disease and related dementias.",,,,,,,,,,,,,,,,,,,,,,,,,,,,
,,,,,,,,,,,001,2025-05-08_19h26.31.434,SLSINC2_O,2022.2.5,Win32,50.25125628,,,,,,,,,,,,,,,,,,,,,,,,,,,,,,,,,,,,,,,,,,,,,,,,,,,,,,,,,,,,,,,,,,,,,,,,,,,,,,,,,,,,,,,,,,,,,,,,,space,80.4221,,,,,,,,,,,,,,,,,,,,,,,,,,
,,,,,,,,,,,001,2025-05-08_19h26.31.434,SLSINC2_O,2022.2.5,Win32,50.25125628,,,,,,,,,,,,,,,,,,,,,,,,,,,,,,,,,,,,,,,,,,,,,,,,,,,,,,,,,,,,,,,,,,,,,,,,,,,,,,,,,,,,,,,,,,,,,,,,,,,2,3.8182,"If a telemarketer calls me, I usually listen to what they have to say",0,0,0,4,1,"If a telemarketer calls me, I usually listen to what they have to say",,,,,,,,,,,,,,,,,
,,,,,,,,,,,001,2025-05-08_19h26.31.434,SLSINC2_O,2022.2.5,Win32,50.25125628,,,,,,,,,,,,,,,,,,,,,,,,,,,,,,,,,,,,,,,,,,,,,,,,,,,,,,,,,,,,,,,,,,,,,,,,,,,,,,,,,,,,,,,,,,,,,,,,,,,4,3.4064,"If something sounds too good to be true, it usually is",0,1,1,2,1,"If something sounds too good to be true, it usually is",,,,,,,,,,,,,,,,,
,,,,,,,,,,,001,2025-05-08_19h26.31.434,SLSINC2_O,2022.2.5,Win32,50.25125628,,,,,,,,,,,,,,,,,,,,,,,,,,,,,,,,,,,,,,,,,,,,,,,,,,,,,,,,,,,,,,,,,,,,,,,,,,,,,,,,,,,,,,,,,,,,,,,,,,,1,3.3444,"I have difficulty ending a phone call, even if the caller is a telemarketer, someone I do not know, or someone I do not wish to call me",0,2,2,1,1,"I have difficulty ending a phone call, even if the caller is a telemarketer, someone I do not know, or someone I do not wish to call me",,,,,,,,,,,,,,,,,
,,,,,,,,,,,001,2025-05-08_19h26.31.434,SLSINC2_O,2022.2.5,Win32,50.25125628,,,,,,,,,,,,,,,,,,,,,,,,,,,,,,,,,,,,,,,,,,,,,,,,,,,,,,,,,,,,,,,,,,,,,,,,,,,,,,,,,,,,,,,,,,,,,,,,,,,1,3.1706,"I answer the phone whenever it rings, even if I do not know who is calling",0,3,3,0,1,"I answer the phone whenever it rings, even if I do not know who is calling",,,,,,,,,,,,,,,,,
,,,,,,,,,,,001,2025-05-08_19h26.31.434,SLSINC2_O,2022.2.5,Win32,50.25125628,,,,,,,,,,,,,,,,,,,,,,,,,,,,,,,,,,,,,,,,,,,,,,,,,,,,,,,,,,,,,,,,,,,,,,,,,,,,,,,,,,,,,,,,,,,,,,,,,,,4,3.7188,Persons over the age of 65 are often targeted by con-artists,0,4,4,3,1,Persons over the age of 65 are often targeted by con-artists,,,,,,,,,,,,,,,,,
,,,,,,,,,,,001,2025-05-08_19h26.31.434,SLSINC2_O,2022.2.5,Win32,50.25125628,,,,,,,,,,,,,,,,,,,,,,,,,,,,,,,,,,,,,,,,,,,,,,,,,,,,,,,,,,,,,,,,,,,,,,,,,,,,,,,,,,,,,,,,,,,,,,,,,,,,,,,,,,,,1.176086927,3.5473,,,,,,,,,,,,,,,
,,,,,,,,,,,001,2025-05-08_19h26.31.434,SLSINC2_O,2022.2.5,Win32,50.25125628,,,,,,,,,,,,,,,,,,,,,,,,,,,,,,,,,,,,,,,,,,,,,,,,,,,,,,,,,,,,,,,,,,,,,,,,,,,,,,,,,,,,,,,,,,,,,,,,,,,,,,,,,,,,,,,,,,,,,,,,,,,,
,,,,,,,,,,,001,2025-05-08_19h26.31.434,SLSINC2_O,2022.2.5,Win32,50.25125628,,,,,,,,,,,,,,,,,,,,,,,,,,,,,,,,,,,,,,,,,,,,,,,,,,,,,,,,,,,,,,,,,,,,,,,,,,,,,,,,,,,,,,,,,,,,,,,,,,,,,,,,,,,,,,"[""female_option""]",,,,,,,,,,,,,,
,,,,,,,,,,,001,2025-05-08_19h26.31.434,SLSINC2_O,2022.2.5,Win32,50.25125628,,,,,,,,,,,,,,,,,,,,,,,,,,,,,,,,,,,,,,,,,,,,,,,,,,,,,,,,,,,,,,,,,,,,,,,,,,,,,,,,,,,,,,,,,,,,,,,,,,,,,,,,,,,,,,,,,,,,,,,,,,,,
,,,,,,,,,,,001,2025-05-08_19h26.31.434,SLSINC2_O,2022.2.5,Win32,50.25125628,,,,,,,,,,,,,,,,,,,,,,,,,,,,,,,,,,,,,,,,,,,,,,,,,,,,,,,,,,,,,,,,,,,,,,,,,,,,,,,,,,,,,,,,,,,,,,,,,,,,,,,,,,,,,,,66,08/23/1958,,,,,,,,,,,,
,,,,,,,,,,,001,2025-05-08_19h26.31.434,SLSINC2_O,2022.2.5,Win32,50.25125628,,,,,,,,,,,,,,,,,,,,,,,,,,,,,,,,,,,,,,,,,,,,,,,,,,,,,,,,,,,,,,,,,,,,,,,,,,,,,,,,,,,,,,,,,,,,,,,,,,,,,,,,,,,,,,,,,,,,,,,,,,,,
,,,,,,,,,,,001,2025-05-08_19h26.31.434,SLSINC2_O,2022.2.5,Win32,50.25125628,,,,,,,,,,,,,,,,,,,,,,,,,,,,,,,,,,,,,,,,,,,,,,,,,,,,,,,,,,,,,,,,,,,,,,,,,,,,,,,,,,,,,,,,,,,,,,,,,,,,,,,,,,,,,,,,,"[""EduOpt5""]",,,,,,,,,,,
,,,,,,,,,,,001,2025-05-08_19h26.31.434,SLSINC2_O,2022.2.5,Win32,50.25125628,,,,,,,,,,,,,,,,,,,,,,,,,,,,,,,,,,,,,,,,,,,,,,,,,,,,,,,,,,,,,,,,,,,,,,,,,,,,,,,,,,,,,,,,,,,,,,,,,,,,,,,,,,,,,,,,,,,,,,,,,,,,
,,,,,,,,,,,001,2025-05-08_19h26.31.434,SLSINC2_O,2022.2.5,Win32,50.25125628,,,,,,,,,,,,,,,,,,,,,,,,,,,,,,,,,,,,,,,,,,,,,,,,,,,,,,,,,,,,,,,,,,,,,,,,,,,,,,,,,,,,,,,,,,,,,,,,,,,,,,,,,,,,,,,,,,"[""EthnOpt5""]",,,,,,,,,,
,,,,,,,,,,,001,2025-05-08_19h26.31.434,SLSINC2_O,2022.2.5,Win32,50.25125628,,,,,,,,,,,,,,,,,,,,,,,,,,,,,,,,,,,,,,,,,,,,,,,,,,,,,,,,,,,,,,,,,,,,,,,,,,,,,,,,,,,,,,,,,,,,,,,,,,,,,,,,,,,,,,,,,,,,,,,,,,,,
,,,,,,,,,,,001,2025-05-08_19h26.31.434,SLSINC2_O,2022.2.5,Win32,50.25125628,,,,,,,,,,,,,,,,,,,,,,,,,,,,,,,,,,,,,,,,,,,,,,,,,,,,,,,,,,,,,,,,,,,,,,,,,,,,,,,,,,,,,,,,,,,,,,,,,,,,,,,,,,,,,,,,,,,"[""EngFlncyY""]",,,,,,,,,
,,,,,,,,,,,001,2025-05-08_19h26.31.434,SLSINC2_O,2022.2.5,Win32,50.25125628,,,,,,,,,,,,,,,,,,,,,,,,,,,,,,,,,,,,,,,,,,,,,,,,,,,,,,,,,,,,,,,,,,,,,,,,,,,,,,,,,,,,,,,,,,,,,,,,,,,,,,,,,,,,,,,,,,,,,,,,,,,,
,,,,,,,,,,,001,2025-05-08_19h26.31.434,SLSINC2_O,2022.2.5,Win32,50.25125628,,,,,,,,,,,,,,,,,,,,,,,,,,,,,,,,,,,,,,,,,,,,,,,,,,,,,,,,,,,,,,,,,,,,,,,,,,,,,,,,,,,,,,,,,,,,,,,,,,,,,,,,,,,,,,,,,,,,0,United States,,,,,,,
,,,,,,,,,,,001,2025-05-08_19h26.31.434,SLSINC2_O,2022.2.5,Win32,50.25125628,,,,,,,,,,,,,,,,,,,,,,,,,,,,,,,,,,,,,,,,,,,,,,,,,,,,,,,,,,,,,,,,,,,,,,,,,,,,,,,,,,,,,,,,,,,,,,,,,,,,,,,,,,,,,,,,,,,,,,,,,,,,
,,,,,,,,,,,001,2025-05-08_19h26.31.434,SLSINC2_O,2022.2.5,Win32,50.25125628,,,,,,,,,,,,,,,,,,,,,,,,,,,,,,,,,,,,,,,,,,,,,,,,,,,,,,,,,,,,,,,,,,,,,,,,,,,,,,,,,,,,,,,,,,,,,,,,,,,,,,,,,,,,,,,,,,,,,,D,,,,,,
,,,,,,,,,,,001,2025-05-08_19h26.31.434,SLSINC2_O,2022.2.5,Win32,50.25125628,,,,,,,,,,,,,,,,,,,,,,,,,,,,,,,,,,,,,,,,,,,,,,,,,,,,,,,,,,,,,,,,,,,,,,,,,,,,,,,,,,,,,,,,,,,,,,,,,,,,,,,,,,,,,,,,,,,,,,,,,,,,
,,,,,,,,,,,001,2025-05-08_19h26.31.434,SLSINC2_O,2022.2.5,Win32,50.25125628,,,,,,,,,,,,,,,,,,,,,,,,,,,,,,,,,,,,,,,,,,,,,,,,,,,,,,,,,,,,,,,,,,,,,,,,,,,,,,,,,,,,,,,,,,,,,,,,,,,,,,,,,,,,,,,,,,,,,,,"Nope, all good went faster than I thought it would",,,,,
,,,,,,,,,,,001,2025-05-08_19h26.31.434,SLSINC2_O,2022.2.5,Win32,50.25125628,,,,,,,,,,,,,,,,,,,,,,,,,,,,,,,,,,,,,,,,,,,,,,,,,,,,,,,,,,,,,,,,,,,,,,,,,,,,,,,,,,,,,,,,,,,,,,,,,,,,,,,,,,,,,,,,,,,,,,,,,,,,
,,,,,,,,,,,001,2025-05-08_19h26.31.434,SLSINC2_O,2022.2.5,Win32,50.25125628,,,,,,,,,,,,,,,,,,,,,,,,,,,,,,,,,,,,,,,,,,,,,,,,,,,,,,,,,,,,,,,,,,,,,,,,,,,,,,,,,,,,,,,,,,,,,,,,,,,,,,,,,,,,,,,,,,,,,,,,"There are lots of scams out there, I try to be viligant and this was a good reminder, thank you",,,,
,,,,,,,,,,,001,2025-05-08_19h26.31.434,SLSINC2_O,2022.2.5,Win32,50.25125628,,,,,,,,,,,,,,,,,,,,,,,,,,,,,,,,,,,,,,,,,,,,,,,,,,,,,,,,,,,,,,,,,,,,,,,,,,,,,,,,,,,,,,,,,,,,,,,,,,,,,,,,,,,,,,,,,,,,,,,,,,,,
,,,,,,,,,,,001,2025-05-08_19h26.31.434,SLSINC2_O,2022.2.5,Win32,50.25125628,,,,,,,,,,,,,,,,,,,,,,,,,,,,,,,,,,,,,,,,,,,,,,,,,,,,,,,,,,,,,,,,,,,,,,,,,,,,,,,,,,,,,,,,,,,,,,,,,,,,,,,,,,,,,,,,,,,,,,,,,"[""Q4option1""]",,,
,,,,,,,,,,,001,2025-05-08_19h26.31.434,SLSINC2_O,2022.2.5,Win32,50.25125628,,,,,,,,,,,,,,,,,,,,,,,,,,,,,,,,,,,,,,,,,,,,,,,,,,,,,,,,,,,,,,,,,,,,,,,,,,,,,,,,,,,,,,,,,,,,,,,,,,,,,,,,,,,,,,,,,,,,,,,,,,,,
,,,,,,,,,,,001,2025-05-08_19h26.31.434,SLSINC2_O,2022.2.5,Win32,50.25125628,,,,,,,,,,,,,,,,,,,,,,,,,,,,,,,,,,,,,,,,,,,,,,,,,,,,,,,,,,,,,,,,,,,,,,,,,,,,,,,,,,,,,,,,,,,,,,,,,,,,,,,,,,,,,,,,,,,,,,,,,,1,[2011.300900000036],[2011.301]
