bruinID.text,button.numClicks,button.timesOn,button.timesOff,mouseLogIn.x,mouseLogIn.y,mouseLogIn.leftButton,mouseLogIn.midButton,mouseLogIn.rightButton,mouseLogIn.time,mouseLogIn.clicked_name,session,date,expName,psychopyVersion,OS,frameRate,key_resp_6.keys,key_resp_6.rt,key_resp_5.keys,key_resp_5.rt,subjage_slider.response,subjage_slider.rt,confidence_scale.response,confidence_scale.rt,key_resp_7.keys,key_resp_7.rt,button_2.numClicks,button_2.timesOn,button_2.timesOff,email_type,scam_button.numClicks,scam_button.timesOn,scam_button.timesOff,legit_button.numClicks,legit_button.timesOn,legit_button.timesOff,button_selections_1,confidence_scale_email.response,confidence_scale_email.rt,personal_rel_scale.response,personal_rel_scale.rt,curiosity_scale.response,curiosity_scale.rt,email_loop.thisRepN,email_loop.thisTrialN,email_loop.thisN,email_loop.thisIndex,email_loop.ran,emails,type,xsize,ysize,xpos,ypos,key_resp_11.keys,key_resp_11.rt,key_resp_9.keys,key_resp_9.rt,key_resp_10.keys,key_resp_10.rt,textbox.text,next_button.numClicks,next_button.timesOn,next_button.timesOff,email_loops2.thisRepN,email_loops2.thisTrialN,email_loops2.thisN,email_loops2.thisIndex,email_loops2.ran,key_resp_3.keys,key_resp_3.rt,slider1_2.response,slider1_2.rt,trust_question,loop_GT.thisRepN,loop_GT.thisTrialN,loop_GT.thisN,loop_GT.thisIndex,loop_GT.ran,Phrases,instructionresp_2.keys,instructionresp_2.rt,key_resp_13.keys,key_resp_13.rt,gen_question,loop_G.thisRepN,loop_G.thisTrialN,loop_G.thisN,loop_G.thisIndex,loop_G.ran,Questions,instructionresp.keys,instructionresp.rt,key_resp_2.keys,key_resp_2.rt,lonely_question,loop_LS.thisRepN,loop_LS.thisTrialN,loop_LS.thisN,loop_LS.thisIndex,loop_LS.ran,key_resp_4.keys,key_resp_4.rt,rating.response,rating.rt,dementia_question,loop_dm.thisRepN,loop_dm.thisTrialN,loop_dm.thisN,loop_dm.thisIndex,loop_dm.ran,Items,key_resp.keys,key_resp.rt,slider1.response,slider1.rt,ss_question,loop_SS.thisRepN,loop_SS.thisTrialN,loop_SS.thisN,loop_SS.thisIndex,loop_SS.ran,Statements,slider.response,slider.rt,Gender,textboxAge.text,textboxBirthday.text,Education Level,Ethnicity,English Fluency,textboxAge_2.text,textboxCountry.text,FQ1textbox.text,textboxQuestion2.text,textboxQuestion3.text,FQ4 selection,Finish.numClicks,Finish.timesOn,Finish.timesOff
6756889918e4d36105a501ca,1,[228.89039999997613],[228.89060000002382],-0.066849298,-0.054794521,1,0,0,15.051,button,001,2025-05-08_19h29.25.246,SLSINC2_O,2022.2.5,Win32,59.52380952,,,,,,,,,,,,,,,,,,,,,,,,,,,,,,,,,,,,,,,,,,,,,,,,,,,,,,,,,,,,,,,,,,,,,,,,,,,,,,,,,,,,,,,,,,,,,,,,,,,,,,,,,,,,,,,,,,,,,,,,,,,,
,,,,,,,,,,,001,2025-05-08_19h29.25.246,SLSINC2_O,2022.2.5,Win32,59.52380952,space,73.2555,,,,,,,,,,,,,,,,,,,,,,,,,,,,,,,,,,,,,,,,,,,,,,,,,,,,,,,,,,,,,,,,,,,,,,,,,,,,,,,,,,,,,,,,,,,,,,,,,,,,,,,,,,,,,,,,,,,,,,,,,,
,,,,,,,,,,,001,2025-05-08_19h29.25.246,SLSINC2_O,2022.2.5,Win32,59.52380952,,,space,34.707,,,,,,,,,,,,,,,,,,,,,,,,,,,,,,,,,,,,,,,,,,,,,,,,,,,,,,,,,,,,,,,,,,,,,,,,,,,,,,,,,,,,,,,,,,,,,,,,,,,,,,,,,,,,,,,,,,,,,,,,
,,,,,,,,,,,001,2025-05-08_19h29.25.246,SLSINC2_O,2022.2.5,Win32,59.52380952,,,,,54.60822118,6.6107,,,,,,,,,,,,,,,,,,,,,,,,,,,,,,,,,,,,,,,,,,,,,,,,,,,,,,,,,,,,,,,,,,,,,,,,,,,,,,,,,,,,,,,,,,,,,,,,,,,,,,,,,,,,,,,,,,,,,,
,,,,,,,,,,,001,2025-05-08_19h29.25.246,SLSINC2_O,2022.2.5,Win32,59.52380952,,,,,,,8.156164718,15.3266,,,,,,,,,,,,,,,,,,,,,,,,,,,,,,,,,,,,,,,,,,,,,,,,,,,,,,,,,,,,,,,,,,,,,,,,,,,,,,,,,,,,,,,,,,,,,,,,,,,,,,,,,,,,,,,,,,,,
,,,,,,,,,,,001,2025-05-08_19h29.25.246,SLSINC2_O,2022.2.5,Win32,59.52380952,,,,,,,,,space,86.6197,,,,,,,,,,,,,,,,,,,,,,,,,,,,,,,,,,,,,,,,,,,,,,,,,,,,,,,,,,,,,,,,,,,,,,,,,,,,,,,,,,,,,,,,,,,,,,,,,,,,,,,,,,,,,,,,,,
,,,,,,,,,,,001,2025-05-08_19h29.25.246,SLSINC2_O,2022.2.5,Win32,59.52380952,,,,,,,,,,,1,[485.6],[485.6001000000239],,1,[493.33039999997624],[493.3305000000001],0,[],[],"[""scam_button""]",6.99452105,2.2685,3.02739726,3.8027,2.895890745,5.0691,0,0,0,4,1,resources/images/legit_19.png,legit,0.65,0.65,0,0,,,,,,,,,,,,,,,,,,,,,,,,,,,,,,,,,,,,,,,,,,,,,,,,,,,,,,,,,,,,,,,,,,,,,,,,,,,,,,,,,,,,,,
,,,,,,,,,,,001,2025-05-08_19h29.25.246,SLSINC2_O,2022.2.5,Win32,59.52380952,,,,,,,,,,,2,"[485.6,586.1972000000477]","[485.6001000000239,586.1972999999524]",,2,"[493.33039999997624,588.1618999999763]","[493.3305000000001,588.1618999999763]",0,[],[],"[""scam_button""]",8.945205479,3.2234,7.126027564,3.7976,3.016438523,5.4928,0,1,1,12,1,resources/images/scam17.png,scam,0.8,0.65,0,0,,,,,,,,,,,,,,,,,,,,,,,,,,,,,,,,,,,,,,,,,,,,,,,,,,,,,,,,,,,,,,,,,,,,,,,,,,,,,,,,,,,,,,
,,,,,,,,,,,001,2025-05-08_19h29.25.246,SLSINC2_O,2022.2.5,Win32,59.52380952,,,,,,,,,,,3,"[485.6,586.1972000000477,632.3882000000477]","[485.6001000000239,586.1972999999524,632.3882000000477]",,2,"[493.33039999997624,588.1618999999763]","[493.3305000000001,588.1618999999763]",1,[633.5352999999523],[633.5352999999523],"[""legit_button""]",8.243835449,1.1301,6.764383394,2.4372,6.819177915,1.693,0,2,2,16,1,resources/images/legit_30.png,legit,1,0.85,0,0,,,,,,,,,,,,,,,,,,,,,,,,,,,,,,,,,,,,,,,,,,,,,,,,,,,,,,,,,,,,,,,,,,,,,,,,,,,,,,,,,,,,,,
,,,,,,,,,,,001,2025-05-08_19h29.25.246,SLSINC2_O,2022.2.5,Win32,59.52380952,,,,,,,,,,,4,"[485.6,586.1972000000477,632.3882000000477,648.1012000000477]","[485.6001000000239,586.1972999999524,632.3882000000477,648.1012000000477]",,2,"[493.33039999997624,588.1618999999763]","[493.3305000000001,588.1618999999763]",2,"[633.5352999999523,648.8992999999523]","[633.5352999999523,648.8992999999523]","[""legit_button""]",6.928766956,0.8897,6.99452105,0.661,6.830137488,2.1381,0,3,3,13,1,resources/images/legit15.jpg,legit,0.95,0.65,0,0,,,,,,,,,,,,,,,,,,,,,,,,,,,,,,,,,,,,,,,,,,,,,,,,,,,,,,,,,,,,,,,,,,,,,,,,,,,,,,,,,,,,,,
,,,,,,,,,,,001,2025-05-08_19h29.25.246,SLSINC2_O,2022.2.5,Win32,59.52380952,,,,,,,,,,,5,"[485.6,586.1972000000477,632.3882000000477,648.1012000000477,668.6975000000001]","[485.6001000000239,586.1972999999524,632.3882000000477,648.1012000000477,668.6975000000001]",,2,"[493.33039999997624,588.1618999999763]","[493.3305000000001,588.1618999999763]",3,"[633.5352999999523,648.8992999999523,669.3952000000477]","[633.5352999999523,648.8992999999523,669.3952999999524]","[""legit_button""]",9.032877047,1.6594,6.950685266,1.37,7.082191781,0.8962,0,4,4,8,1,resources/images/legit_23.png,legit,1,0.65,0,0,,,,,,,,,,,,,,,,,,,,,,,,,,,,,,,,,,,,,,,,,,,,,,,,,,,,,,,,,,,,,,,,,,,,,,,,,,,,,,,,,,,,,,
,,,,,,,,,,,001,2025-05-08_19h29.25.246,SLSINC2_O,2022.2.5,Win32,59.52380952,,,,,,,,,,,6,"[485.6,586.1972000000477,632.3882000000477,648.1012000000477,668.6975000000001,720.7537999999523]","[485.6001000000239,586.1972999999524,632.3882000000477,648.1012000000477,668.6975000000001,720.7537999999523]",,2,"[493.33039999997624,588.1618999999763]","[493.3305000000001,588.1618999999763]",4,"[633.5352999999523,648.8992999999523,669.3952000000477,721.5182999999524]","[633.5352999999523,648.8992999999523,669.3952999999524,721.5182999999524]","[""legit_button""]",8.956165052,1.1524,6.753424658,1.02,4.01369863,2.5195,0,5,5,3,1,resources/images/legit_20.png,legit,0.9,0.8,0,0,,,,,,,,,,,,,,,,,,,,,,,,,,,,,,,,,,,,,,,,,,,,,,,,,,,,,,,,,,,,,,,,,,,,,,,,,,,,,,,,,,,,,,
,,,,,,,,,,,001,2025-05-08_19h29.25.246,SLSINC2_O,2022.2.5,Win32,59.52380952,,,,,,,,,,,7,"[485.6,586.1972000000477,632.3882000000477,648.1012000000477,668.6975000000001,720.7537999999523,736.3722000000478]","[485.6001000000239,586.1972999999524,632.3882000000477,648.1012000000477,668.6975000000001,720.7537999999523,736.3722000000478]",,2,"[493.33039999997624,588.1618999999763]","[493.3305000000001,588.1618999999763]",5,"[633.5352999999523,648.8992999999523,669.3952000000477,721.5182999999524,737.1653999999762]","[633.5352999999523,648.8992999999523,669.3952999999524,721.5182999999524,737.1655000000001]","[""legit_button""]",7.991781156,1.0577,6.00821968,1.2097,3.082191781,0.6891,0,6,6,19,1,resources/images/scam_21.png,scam,1,0.65,0,0,,,,,,,,,,,,,,,,,,,,,,,,,,,,,,,,,,,,,,,,,,,,,,,,,,,,,,,,,,,,,,,,,,,,,,,,,,,,,,,,,,,,,,
,,,,,,,,,,,001,2025-05-08_19h29.25.246,SLSINC2_O,2022.2.5,Win32,59.52380952,,,,,,,,,,,8,"[485.6,586.1972000000477,632.3882000000477,648.1012000000477,668.6975000000001,720.7537999999523,736.3722000000478,783.0413999999762]","[485.6001000000239,586.1972999999524,632.3882000000477,648.1012000000477,668.6975000000001,720.7537999999523,736.3722000000478,783.0415]",,3,"[493.33039999997624,588.1618999999763,784.1235000000001]","[493.3305000000001,588.1618999999763,784.1235000000001]",5,"[633.5352999999523,648.8992999999523,669.3952000000477,721.5182999999524,737.1653999999762]","[633.5352999999523,648.8992999999523,669.3952999999524,721.5182999999524,737.1655000000001]","[""scam_button""]",7.827397595,1.5055,4.254795022,1.3529,7.005479786,0.9112,0,7,7,14,1,resources/images/scam18.png,scam,1,0.65,0,0,,,,,,,,,,,,,,,,,,,,,,,,,,,,,,,,,,,,,,,,,,,,,,,,,,,,,,,,,,,,,,,,,,,,,,,,,,,,,,,,,,,,,,
,,,,,,,,,,,001,2025-05-08_19h29.25.246,SLSINC2_O,2022.2.5,Win32,59.52380952,,,,,,,,,,,9,"[485.6,586.1972000000477,632.3882000000477,648.1012000000477,668.6975000000001,720.7537999999523,736.3722000000478,783.0413999999762,806.3870000000001]","[485.6001000000239,586.1972999999524,632.3882000000477,648.1012000000477,668.6975000000001,720.7537999999523,736.3722000000478,783.0415,806.3871000000239]",,3,"[493.33039999997624,588.1618999999763,784.1235000000001]","[493.3305000000001,588.1618999999763,784.1235000000001]",6,"[633.5352999999523,648.8992999999523,669.3952000000477,721.5182999999524,737.1653999999762,808.7512000000477]","[633.5352999999523,648.8992999999523,669.3952999999524,721.5182999999524,737.1655000000001,808.7512000000477]","[""legit_button""]",8.03561694,1.3361,5.876712329,0.723,8.101370197,2.2552,0,8,8,20,1,resources/images/scam_30.png,scam,1.45,0.6,0,0,,,,,,,,,,,,,,,,,,,,,,,,,,,,,,,,,,,,,,,,,,,,,,,,,,,,,,,,,,,,,,,,,,,,,,,,,,,,,,,,,,,,,,
,,,,,,,,,,,001,2025-05-08_19h29.25.246,SLSINC2_O,2022.2.5,Win32,59.52380952,,,,,,,,,,,10,"[485.6,586.1972000000477,632.3882000000477,648.1012000000477,668.6975000000001,720.7537999999523,736.3722000000478,783.0413999999762,806.3870000000001,826.1335]","[485.6001000000239,586.1972999999524,632.3882000000477,648.1012000000477,668.6975000000001,720.7537999999523,736.3722000000478,783.0415,806.3871000000239,826.1336000000239]",,4,"[493.33039999997624,588.1618999999763,784.1235000000001,827.1980000000001]","[493.3305000000001,588.1618999999763,784.1235000000001,827.1980000000001]",6,"[633.5352999999523,648.8992999999523,669.3952000000477,721.5182999999524,737.1653999999762,808.7512000000477]","[633.5352999999523,648.8992999999523,669.3952999999524,721.5182999999524,737.1655000000001,808.7512000000477]","[""scam_button""]",9.065754094,1.5581,7.082191781,0.6211,7.980822419,1.6743,0,9,9,6,1,resources/images/legit13.jpg,legit,0.65,0.65,0,0,,,,,,,,,,,,,,,,,,,,,,,,,,,,,,,,,,,,,,,,,,,,,,,,,,,,,,,,,,,,,,,,,,,,,,,,,,,,,,,,,,,,,,
,,,,,,,,,,,001,2025-05-08_19h29.25.246,SLSINC2_O,2022.2.5,Win32,59.52380952,,,,,,,,,,,11,"[485.6,586.1972000000477,632.3882000000477,648.1012000000477,668.6975000000001,720.7537999999523,736.3722000000478,783.0413999999762,806.3870000000001,826.1335,848.9451000000239]","[485.6001000000239,586.1972999999524,632.3882000000477,648.1012000000477,668.6975000000001,720.7537999999523,736.3722000000478,783.0415,806.3871000000239,826.1336000000239,848.9452000000477]",,5,"[493.33039999997624,588.1618999999763,784.1235000000001,827.1980000000001,849.6275]","[493.3305000000001,588.1618999999763,784.1235000000001,827.1980000000001,849.6275]",6,"[633.5352999999523,648.8992999999523,669.3952000000477,721.5182999999524,737.1653999999762,808.7512000000477]","[633.5352999999523,648.8992999999523,669.3952999999524,721.5182999999524,737.1655000000001,808.7512000000477]","[""scam_button""]",9.010959573,1.1452,6.797260441,0.7218,5.98630137,0.6123,0,10,10,0,1,resources/images/scam8.jpg,scam,0.65,0.65,0,0,,,,,,,,,,,,,,,,,,,,,,,,,,,,,,,,,,,,,,,,,,,,,,,,,,,,,,,,,,,,,,,,,,,,,,,,,,,,,,,,,,,,,,
,,,,,,,,,,,001,2025-05-08_19h29.25.246,SLSINC2_O,2022.2.5,Win32,59.52380952,,,,,,,,,,,12,"[485.6,586.1972000000477,632.3882000000477,648.1012000000477,668.6975000000001,720.7537999999523,736.3722000000478,783.0413999999762,806.3870000000001,826.1335,848.9451000000239,897.936]","[485.6001000000239,586.1972999999524,632.3882000000477,648.1012000000477,668.6975000000001,720.7537999999523,736.3722000000478,783.0415,806.3871000000239,826.1336000000239,848.9452000000477,897.9361000000239]",,5,"[493.33039999997624,588.1618999999763,784.1235000000001,827.1980000000001,849.6275]","[493.3305000000001,588.1618999999763,784.1235000000001,827.1980000000001,849.6275]",7,"[633.5352999999523,648.8992999999523,669.3952000000477,721.5182999999524,737.1653999999762,808.7512000000477,898.8003999999762]","[633.5352999999523,648.8992999999523,669.3952999999524,721.5182999999524,737.1655000000001,808.7512000000477,898.8003999999762]","[""legit_button""]",8.945205479,1.1858,7.257534079,0.8095,7.071233044,0.7043,0,11,11,9,1,resources/images/legit_22.png,legit,1,0.78,0,0,,,,,,,,,,,,,,,,,,,,,,,,,,,,,,,,,,,,,,,,,,,,,,,,,,,,,,,,,,,,,,,,,,,,,,,,,,,,,,,,,,,,,,
,,,,,,,,,,,001,2025-05-08_19h29.25.246,SLSINC2_O,2022.2.5,Win32,59.52380952,,,,,,,,,,,13,"[485.6,586.1972000000477,632.3882000000477,648.1012000000477,668.6975000000001,720.7537999999523,736.3722000000478,783.0413999999762,806.3870000000001,826.1335,848.9451000000239,897.936,919.1987000000478]","[485.6001000000239,586.1972999999524,632.3882000000477,648.1012000000477,668.6975000000001,720.7537999999523,736.3722000000478,783.0415,806.3871000000239,826.1336000000239,848.9452000000477,897.9361000000239,919.1987000000478]",,5,"[493.33039999997624,588.1618999999763,784.1235000000001,827.1980000000001,849.6275]","[493.3305000000001,588.1618999999763,784.1235000000001,827.1980000000001,849.6275]",8,"[633.5352999999523,648.8992999999523,669.3952000000477,721.5182999999524,737.1653999999762,808.7512000000477,898.8003999999762,919.779600000024]","[633.5352999999523,648.8992999999523,669.3952999999524,721.5182999999524,737.1655000000001,808.7512000000477,898.8003999999762,919.779600000024]","[""legit_button""]",9.065754094,1.4712,6.99452105,0.795,7.04931557,0.3715,0,12,12,17,1,resources/images/legitimate_18.png,legit,1,0.65,0,0,,,,,,,,,,,,,,,,,,,,,,,,,,,,,,,,,,,,,,,,,,,,,,,,,,,,,,,,,,,,,,,,,,,,,,,,,,,,,,,,,,,,,,
,,,,,,,,,,,001,2025-05-08_19h29.25.246,SLSINC2_O,2022.2.5,Win32,59.52380952,,,,,,,,,,,14,"[485.6,586.1972000000477,632.3882000000477,648.1012000000477,668.6975000000001,720.7537999999523,736.3722000000478,783.0413999999762,806.3870000000001,826.1335,848.9451000000239,897.936,919.1987000000478,948.5267000000478]","[485.6001000000239,586.1972999999524,632.3882000000477,648.1012000000477,668.6975000000001,720.7537999999523,736.3722000000478,783.0415,806.3871000000239,826.1336000000239,848.9452000000477,897.9361000000239,919.1987000000478,948.5267999999523]",,6,"[493.33039999997624,588.1618999999763,784.1235000000001,827.1980000000001,849.6275,949.2743999999763]","[493.3305000000001,588.1618999999763,784.1235000000001,827.1980000000001,849.6275,949.2745000000001]",8,"[633.5352999999523,648.8992999999523,669.3952000000477,721.5182999999524,737.1653999999762,808.7512000000477,898.8003999999762,919.779600000024]","[633.5352999999523,648.8992999999523,669.3952999999524,721.5182999999524,737.1655000000001,808.7512000000477,898.8003999999762,919.779600000024]","[""scam_button""]",7.038355997,0.8217,6.00821968,0.7071,7.060274307,0.6277,0,13,13,2,1,resources/images/legit11.jpg,legit,0.65,0.65,0,0,,,,,,,,,,,,,,,,,,,,,,,,,,,,,,,,,,,,,,,,,,,,,,,,,,,,,,,,,,,,,,,,,,,,,,,,,,,,,,,,,,,,,,
,,,,,,,,,,,001,2025-05-08_19h29.25.246,SLSINC2_O,2022.2.5,Win32,59.52380952,,,,,,,,,,,15,"[485.6,586.1972000000477,632.3882000000477,648.1012000000477,668.6975000000001,720.7537999999523,736.3722000000478,783.0413999999762,806.3870000000001,826.1335,848.9451000000239,897.936,919.1987000000478,948.5267000000478,957.2907999999524]","[485.6001000000239,586.1972999999524,632.3882000000477,648.1012000000477,668.6975000000001,720.7537999999523,736.3722000000478,783.0415,806.3871000000239,826.1336000000239,848.9452000000477,897.9361000000239,919.1987000000478,948.5267999999523,957.2907999999524]",,6,"[493.33039999997624,588.1618999999763,784.1235000000001,827.1980000000001,849.6275,949.2743999999763]","[493.3305000000001,588.1618999999763,784.1235000000001,827.1980000000001,849.6275,949.2745000000001]",9,"[633.5352999999523,648.8992999999523,669.3952000000477,721.5182999999524,737.1653999999762,808.7512000000477,898.8003999999762,919.779600000024,958.8722000000478]","[633.5352999999523,648.8992999999523,669.3952999999524,721.5182999999524,737.1655000000001,808.7512000000477,898.8003999999762,919.779600000024,958.8722999999522]","[""legit_button""]",6.983561477,1.33,6.04109589,0.5558,5.942465586,0.3218,0,14,14,11,1,resources/images/scam16.png,scam,0.65,0.65,0,0,,,,,,,,,,,,,,,,,,,,,,,,,,,,,,,,,,,,,,,,,,,,,,,,,,,,,,,,,,,,,,,,,,,,,,,,,,,,,,,,,,,,,,
,,,,,,,,,,,001,2025-05-08_19h29.25.246,SLSINC2_O,2022.2.5,Win32,59.52380952,,,,,,,,,,,16,"[485.6,586.1972000000477,632.3882000000477,648.1012000000477,668.6975000000001,720.7537999999523,736.3722000000478,783.0413999999762,806.3870000000001,826.1335,848.9451000000239,897.936,919.1987000000478,948.5267000000478,957.2907999999524,1001.5155000000001]","[485.6001000000239,586.1972999999524,632.3882000000477,648.1012000000477,668.6975000000001,720.7537999999523,736.3722000000478,783.0415,806.3871000000239,826.1336000000239,848.9452000000477,897.9361000000239,919.1987000000478,948.5267999999523,957.2907999999524,1001.5156000000239]",,6,"[493.33039999997624,588.1618999999763,784.1235000000001,827.1980000000001,849.6275,949.2743999999763]","[493.3305000000001,588.1618999999763,784.1235000000001,827.1980000000001,849.6275,949.2745000000001]",10,"[633.5352999999523,648.8992999999523,669.3952000000477,721.5182999999524,737.1653999999762,808.7512000000477,898.8003999999762,919.779600000024,958.8722000000478,1002.797]","[633.5352999999523,648.8992999999523,669.3952999999524,721.5182999999524,737.1655000000001,808.7512000000477,898.8003999999762,919.779600000024,958.8722999999522,1002.7971000000239]","[""legit_button""]",9.032877047,1.3148,7.136986301,0.8924,7.95890411,0.4744,0,15,15,23,1,resources/images/scam_22.png,scam,1,0.65,0,0,,,,,,,,,,,,,,,,,,,,,,,,,,,,,,,,,,,,,,,,,,,,,,,,,,,,,,,,,,,,,,,,,,,,,,,,,,,,,,,,,,,,,,
,,,,,,,,,,,001,2025-05-08_19h29.25.246,SLSINC2_O,2022.2.5,Win32,59.52380952,,,,,,,,,,,17,"[485.6,586.1972000000477,632.3882000000477,648.1012000000477,668.6975000000001,720.7537999999523,736.3722000000478,783.0413999999762,806.3870000000001,826.1335,848.9451000000239,897.936,919.1987000000478,948.5267000000478,957.2907999999524,1001.5155000000001,1012.2471000000238]","[485.6001000000239,586.1972999999524,632.3882000000477,648.1012000000477,668.6975000000001,720.7537999999523,736.3722000000478,783.0415,806.3871000000239,826.1336000000239,848.9452000000477,897.9361000000239,919.1987000000478,948.5267999999523,957.2907999999524,1001.5156000000239,1012.2471000000238]",,7,"[493.33039999997624,588.1618999999763,784.1235000000001,827.1980000000001,849.6275,949.2743999999763,1012.8453999999763]","[493.3305000000001,588.1618999999763,784.1235000000001,827.1980000000001,849.6275,949.2745000000001,1012.8455000000001]",10,"[633.5352999999523,648.8992999999523,669.3952000000477,721.5182999999524,737.1653999999762,808.7512000000477,898.8003999999762,919.779600000024,958.8722000000478,1002.797]","[633.5352999999523,648.8992999999523,669.3952999999524,721.5182999999524,737.1655000000001,808.7512000000477,898.8003999999762,919.779600000024,958.8722999999522,1002.7971000000239]","[""scam_button""]",7.202739559,0.9697,6.128767458,0.5741,5.263013866,0.4908,0,16,16,1,1,resources/images/scam9.jpg,scam,0.65,0.65,0,0,,,,,,,,,,,,,,,,,,,,,,,,,,,,,,,,,,,,,,,,,,,,,,,,,,,,,,,,,,,,,,,,,,,,,,,,,,,,,,,,,,,,,,
,,,,,,,,,,,001,2025-05-08_19h29.25.246,SLSINC2_O,2022.2.5,Win32,59.52380952,,,,,,,,,,,18,"[485.6,586.1972000000477,632.3882000000477,648.1012000000477,668.6975000000001,720.7537999999523,736.3722000000478,783.0413999999762,806.3870000000001,826.1335,848.9451000000239,897.936,919.1987000000478,948.5267000000478,957.2907999999524,1001.5155000000001,1012.2471000000238,1028.5102999999522]","[485.6001000000239,586.1972999999524,632.3882000000477,648.1012000000477,668.6975000000001,720.7537999999523,736.3722000000478,783.0415,806.3871000000239,826.1336000000239,848.9452000000477,897.9361000000239,919.1987000000478,948.5267999999523,957.2907999999524,1001.5156000000239,1012.2471000000238,1028.510399999976]",,7,"[493.33039999997624,588.1618999999763,784.1235000000001,827.1980000000001,849.6275,949.2743999999763,1012.8453999999763]","[493.3305000000001,588.1618999999763,784.1235000000001,827.1980000000001,849.6275,949.2745000000001,1012.8455000000001]",11,"[633.5352999999523,648.8992999999523,669.3952000000477,721.5182999999524,737.1653999999762,808.7512000000477,898.8003999999762,919.779600000024,958.8722000000478,1002.797,1029.1582999999523]","[633.5352999999523,648.8992999999523,669.3952999999524,721.5182999999524,737.1655000000001,808.7512000000477,898.8003999999762,919.779600000024,958.8722999999522,1002.7971000000239,1029.1582999999523]","[""legit_button""]",7.706849817,1.103,6.293151019,0.7385,6.084931674,0.349,0,17,17,18,1,resources/images/scam_20.png,scam,1.45,0.6,0,0,,,,,,,,,,,,,,,,,,,,,,,,,,,,,,,,,,,,,,,,,,,,,,,,,,,,,,,,,,,,,,,,,,,,,,,,,,,,,,,,,,,,,,
,,,,,,,,,,,001,2025-05-08_19h29.25.246,SLSINC2_O,2022.2.5,Win32,59.52380952,,,,,,,,,,,19,"[485.6,586.1972000000477,632.3882000000477,648.1012000000477,668.6975000000001,720.7537999999523,736.3722000000478,783.0413999999762,806.3870000000001,826.1335,848.9451000000239,897.936,919.1987000000478,948.5267000000478,957.2907999999524,1001.5155000000001,1012.2471000000238,1028.5102999999522,1049.8897000000477]","[485.6001000000239,586.1972999999524,632.3882000000477,648.1012000000477,668.6975000000001,720.7537999999523,736.3722000000478,783.0415,806.3871000000239,826.1336000000239,848.9452000000477,897.9361000000239,919.1987000000478,948.5267999999523,957.2907999999524,1001.5156000000239,1012.2471000000238,1028.510399999976,1049.8897000000477]",,8,"[493.33039999997624,588.1618999999763,784.1235000000001,827.1980000000001,849.6275,949.2743999999763,1012.8453999999763,1050.5878999999763]","[493.3305000000001,588.1618999999763,784.1235000000001,827.1980000000001,849.6275,949.2745000000001,1012.8455000000001,1050.5880000000002]",11,"[633.5352999999523,648.8992999999523,669.3952000000477,721.5182999999524,737.1653999999762,808.7512000000477,898.8003999999762,919.779600000024,958.8722000000478,1002.797,1029.1582999999523]","[633.5352999999523,648.8992999999523,669.3952999999524,721.5182999999524,737.1655000000001,808.7512000000477,898.8003999999762,919.779600000024,958.8722999999522,1002.7971000000239,1029.1582999999523]","[""scam_button""]",8.386301537,1.0356,6.643835616,0.6366,6.709588874,0.3617,0,18,18,10,1,resources/images/scam15.jpg,scam,0.65,0.65,0,0,,,,,,,,,,,,,,,,,,,,,,,,,,,,,,,,,,,,,,,,,,,,,,,,,,,,,,,,,,,,,,,,,,,,,,,,,,,,,,,,,,,,,,
,,,,,,,,,,,001,2025-05-08_19h29.25.246,SLSINC2_O,2022.2.5,Win32,59.52380952,,,,,,,,,,,20,"[485.6,586.1972000000477,632.3882000000477,648.1012000000477,668.6975000000001,720.7537999999523,736.3722000000478,783.0413999999762,806.3870000000001,826.1335,848.9451000000239,897.936,919.1987000000478,948.5267000000478,957.2907999999524,1001.5155000000001,1012.2471000000238,1028.5102999999522,1049.8897000000477,1093.5146000000238]","[485.6001000000239,586.1972999999524,632.3882000000477,648.1012000000477,668.6975000000001,720.7537999999523,736.3722000000478,783.0415,806.3871000000239,826.1336000000239,848.9452000000477,897.9361000000239,919.1987000000478,948.5267999999523,957.2907999999524,1001.5156000000239,1012.2471000000238,1028.510399999976,1049.8897000000477,1093.5146000000238]",,9,"[493.33039999997624,588.1618999999763,784.1235000000001,827.1980000000001,849.6275,949.2743999999763,1012.8453999999763,1050.5878999999763,1094.2627000000477]","[493.3305000000001,588.1618999999763,784.1235000000001,827.1980000000001,849.6275,949.2745000000001,1012.8455000000001,1050.5880000000002,1094.2627000000477]",11,"[633.5352999999523,648.8992999999523,669.3952000000477,721.5182999999524,737.1653999999762,808.7512000000477,898.8003999999762,919.779600000024,958.8722000000478,1002.797,1029.1582999999523]","[633.5352999999523,648.8992999999523,669.3952999999524,721.5182999999524,737.1655000000001,808.7512000000477,898.8003999999762,919.779600000024,958.8722999999522,1002.7971000000239,1029.1582999999523]","[""scam_button""]",7.126027564,1.2223,4.550685099,0.7646,9.054794521,1.2372,0,19,19,22,1,resources/images/scam_24.png,scam,1,0.8,0,0,,,,,,,,,,,,,,,,,,,,,,,,,,,,,,,,,,,,,,,,,,,,,,,,,,,,,,,,,,,,,,,,,,,,,,,,,,,,,,,,,,,,,,
,,,,,,,,,,,001,2025-05-08_19h29.25.246,SLSINC2_O,2022.2.5,Win32,59.52380952,,,,,,,,,,,21,"[485.6,586.1972000000477,632.3882000000477,648.1012000000477,668.6975000000001,720.7537999999523,736.3722000000478,783.0413999999762,806.3870000000001,826.1335,848.9451000000239,897.936,919.1987000000478,948.5267000000478,957.2907999999524,1001.5155000000001,1012.2471000000238,1028.5102999999522,1049.8897000000477,1093.5146000000238,1112.7105]","[485.6001000000239,586.1972999999524,632.3882000000477,648.1012000000477,668.6975000000001,720.7537999999523,736.3722000000478,783.0415,806.3871000000239,826.1336000000239,848.9452000000477,897.9361000000239,919.1987000000478,948.5267999999523,957.2907999999524,1001.5156000000239,1012.2471000000238,1028.510399999976,1049.8897000000477,1093.5146000000238,1112.7105]",,9,"[493.33039999997624,588.1618999999763,784.1235000000001,827.1980000000001,849.6275,949.2743999999763,1012.8453999999763,1050.5878999999763,1094.2627000000477]","[493.3305000000001,588.1618999999763,784.1235000000001,827.1980000000001,849.6275,949.2745000000001,1012.8455000000001,1050.5880000000002,1094.2627000000477]",12,"[633.5352999999523,648.8992999999523,669.3952000000477,721.5182999999524,737.1653999999762,808.7512000000477,898.8003999999762,919.779600000024,958.8722000000478,1002.797,1029.1582999999523,1113.791600000024]","[633.5352999999523,648.8992999999523,669.3952999999524,721.5182999999524,737.1655000000001,808.7512000000477,898.8003999999762,919.779600000024,958.8722999999522,1002.7971000000239,1029.1582999999523,1113.791600000024]","[""legit_button""]",7.104110091,1.3236,6.172603241,0.6418,5.975342633,0.3074,0,20,20,15,1,resources/images/legit16.jpg,legit,0.65,0.65,0,0,,,,,,,,,,,,,,,,,,,,,,,,,,,,,,,,,,,,,,,,,,,,,,,,,,,,,,,,,,,,,,,,,,,,,,,,,,,,,,,,,,,,,,
,,,,,,,,,,,001,2025-05-08_19h29.25.246,SLSINC2_O,2022.2.5,Win32,59.52380952,,,,,,,,,,,22,"[485.6,586.1972000000477,632.3882000000477,648.1012000000477,668.6975000000001,720.7537999999523,736.3722000000478,783.0413999999762,806.3870000000001,826.1335,848.9451000000239,897.936,919.1987000000478,948.5267000000478,957.2907999999524,1001.5155000000001,1012.2471000000238,1028.5102999999522,1049.8897000000477,1093.5146000000238,1112.7105,1187.579]","[485.6001000000239,586.1972999999524,632.3882000000477,648.1012000000477,668.6975000000001,720.7537999999523,736.3722000000478,783.0415,806.3871000000239,826.1336000000239,848.9452000000477,897.9361000000239,919.1987000000478,948.5267999999523,957.2907999999524,1001.5156000000239,1012.2471000000238,1028.510399999976,1049.8897000000477,1093.5146000000238,1112.7105,1187.5791000000238]",,9,"[493.33039999997624,588.1618999999763,784.1235000000001,827.1980000000001,849.6275,949.2743999999763,1012.8453999999763,1050.5878999999763,1094.2627000000477]","[493.3305000000001,588.1618999999763,784.1235000000001,827.1980000000001,849.6275,949.2745000000001,1012.8455000000001,1050.5880000000002,1094.2627000000477]",13,"[633.5352999999523,648.8992999999523,669.3952000000477,721.5182999999524,737.1653999999762,808.7512000000477,898.8003999999762,919.779600000024,958.8722000000478,1002.797,1029.1582999999523,1113.791600000024,1188.277399999976]","[633.5352999999523,648.8992999999523,669.3952999999524,721.5182999999524,737.1655000000001,808.7512000000477,898.8003999999762,919.779600000024,958.8722999999522,1002.7971000000239,1029.1582999999523,1113.791600000024,1188.2775]","[""legit_button""]",6.906849482,1.4359,6.04109589,1.0018,4.156164718,1.4457,0,21,21,7,1,resources/images/legit_21.png,legit,0.8,0.8,0,0,,,,,,,,,,,,,,,,,,,,,,,,,,,,,,,,,,,,,,,,,,,,,,,,,,,,,,,,,,,,,,,,,,,,,,,,,,,,,,,,,,,,,,
,,,,,,,,,,,001,2025-05-08_19h29.25.246,SLSINC2_O,2022.2.5,Win32,59.52380952,,,,,,,,,,,23,"[485.6,586.1972000000477,632.3882000000477,648.1012000000477,668.6975000000001,720.7537999999523,736.3722000000478,783.0413999999762,806.3870000000001,826.1335,848.9451000000239,897.936,919.1987000000478,948.5267000000478,957.2907999999524,1001.5155000000001,1012.2471000000238,1028.5102999999522,1049.8897000000477,1093.5146000000238,1112.7105,1187.579,1219.7392999999522]","[485.6001000000239,586.1972999999524,632.3882000000477,648.1012000000477,668.6975000000001,720.7537999999523,736.3722000000478,783.0415,806.3871000000239,826.1336000000239,848.9452000000477,897.9361000000239,919.1987000000478,948.5267999999523,957.2907999999524,1001.5156000000239,1012.2471000000238,1028.510399999976,1049.8897000000477,1093.5146000000238,1112.7105,1187.5791000000238,1219.7392999999522]",,10,"[493.33039999997624,588.1618999999763,784.1235000000001,827.1980000000001,849.6275,949.2743999999763,1012.8453999999763,1050.5878999999763,1094.2627000000477,1220.921]","[493.3305000000001,588.1618999999763,784.1235000000001,827.1980000000001,849.6275,949.2745000000001,1012.8455000000001,1050.5880000000002,1094.2627000000477,1220.921100000024]",13,"[633.5352999999523,648.8992999999523,669.3952000000477,721.5182999999524,737.1653999999762,808.7512000000477,898.8003999999762,919.779600000024,958.8722000000478,1002.797,1029.1582999999523,1113.791600000024,1188.277399999976]","[633.5352999999523,648.8992999999523,669.3952999999524,721.5182999999524,737.1655000000001,808.7512000000477,898.8003999999762,919.779600000024,958.8722999999522,1002.7971000000239,1029.1582999999523,1113.791600000024,1188.2775]","[""scam_button""]",7.926027899,0.9782,6.00821968,0.7565,5.876712329,0.5221,0,22,22,5,1,resources/images/legit12.jpg,legit,1,0.65,0,0,,,,,,,,,,,,,,,,,,,,,,,,,,,,,,,,,,,,,,,,,,,,,,,,,,,,,,,,,,,,,,,,,,,,,,,,,,,,,,,,,,,,,,
,,,,,,,,,,,001,2025-05-08_19h29.25.246,SLSINC2_O,2022.2.5,Win32,59.52380952,,,,,,,,,,,24,"[485.6,586.1972000000477,632.3882000000477,648.1012000000477,668.6975000000001,720.7537999999523,736.3722000000478,783.0413999999762,806.3870000000001,826.1335,848.9451000000239,897.936,919.1987000000478,948.5267000000478,957.2907999999524,1001.5155000000001,1012.2471000000238,1028.5102999999522,1049.8897000000477,1093.5146000000238,1112.7105,1187.579,1219.7392999999522,1231.5041000000238]","[485.6001000000239,586.1972999999524,632.3882000000477,648.1012000000477,668.6975000000001,720.7537999999523,736.3722000000478,783.0415,806.3871000000239,826.1336000000239,848.9452000000477,897.9361000000239,919.1987000000478,948.5267999999523,957.2907999999524,1001.5156000000239,1012.2471000000238,1028.510399999976,1049.8897000000477,1093.5146000000238,1112.7105,1187.5791000000238,1219.7392999999522,1231.5041000000238]",,11,"[493.33039999997624,588.1618999999763,784.1235000000001,827.1980000000001,849.6275,949.2743999999763,1012.8453999999763,1050.5878999999763,1094.2627000000477,1220.921,1232.3358999999762]","[493.3305000000001,588.1618999999763,784.1235000000001,827.1980000000001,849.6275,949.2745000000001,1012.8455000000001,1050.5880000000002,1094.2627000000477,1220.921100000024,1232.336]",13,"[633.5352999999523,648.8992999999523,669.3952000000477,721.5182999999524,737.1653999999762,808.7512000000477,898.8003999999762,919.779600000024,958.8722000000478,1002.797,1029.1582999999523,1113.791600000024,1188.277399999976]","[633.5352999999523,648.8992999999523,669.3952999999524,721.5182999999524,737.1655000000001,808.7512000000477,898.8003999999762,919.779600000024,958.8722999999522,1002.7971000000239,1029.1582999999523,1113.791600000024,1188.2775]","[""scam_button""]",8.210959239,0.8718,6.04109589,1.8904,4.068493151,0.5034,0,23,23,21,1,resources/images/scam_23.png,scam,1,0.8,0,0,,,,,,,,,,,,,,,,,,,,,,,,,,,,,,,,,,,,,,,,,,,,,,,,,,,,,,,,,,,,,,,,,,,,,,,,,,,,,,,,,,,,,,
,,,,,,,,,,,001,2025-05-08_19h29.25.246,SLSINC2_O,2022.2.5,Win32,59.52380952,,,,,,,,,,,,,,,,,,,,,,,,,,,,,,,,,,,,,,,space,7.9082,,,,,,,,,,,,,,,,,,,,,,,,,,,,,,,,,,,,,,,,,,,,,,,,,,,,,,,,,,,,,,,,,,,,,,,,,,,,,,,,,,,,
,,,,,,,,,,,001,2025-05-08_19h29.25.246,SLSINC2_O,2022.2.5,Win32,59.52380952,,,,,,,,,,,,,,,,,,,,,,,,,,,,,,,,,,,,,,,,,space,27.2049,,,,,,,,,,,,,,,,,,,,,,,,,,,,,,,,,,,,,,,,,,,,,,,,,,,,,,,,,,,,,,,,,,,,,,,,,,,,,,,,,,
,,,,,,,,,,,001,2025-05-08_19h29.25.246,SLSINC2_O,2022.2.5,Win32,59.52380952,,,,,,,,,,,,,,,,,,,,,,,,,,,,,,,,,,,,,,,,,,,space,17.8939,,,,,,,,,,,,,,,,,,,,,,,,,,,,,,,,,,,,,,,,,,,,,,,,,,,,,,,,,,,,,,,,,,,,,,,,,,,,,,,,
,,,,,,,,,,,001,2025-05-08_19h29.25.246,SLSINC2_O,2022.2.5,Win32,59.52380952,,,,,,,,,,,,,,,,,,,,,,,,,,,,,,,,,,,,,,,,,,,,,"misspellings within the email, the email is poorly written and the email message creates a sense of urgency.",1,[1405.4218000000717],[1405.4219000000955],,,,,,,,,,,,,,,,,,,,,,,,,,,,,,,,,,,,,,,,,,,,,,,,,,,,,,,,,,,,,,,,,,,,,,,,,,,,
,,,,,,,,,,,001,2025-05-08_19h29.25.246,SLSINC2_O,2022.2.5,Win32,59.52380952,,,,,,,,,space,16.3871,,,,,,,,,,,,,,,,,,,,,,,,,,,,,,,,,,,,,,,,,,,,,,,,,,,,,,,,,,,,,,,,,,,,,,,,,,,,,,,,,,,,,,,,,,,,,,,,,,,,,,,,,,,,,,,,,,
,,,,,,,,,,,001,2025-05-08_19h29.25.246,SLSINC2_O,2022.2.5,Win32,59.52380952,,,,,,,,,,,25,"[485.6,586.1972000000477,632.3882000000477,648.1012000000477,668.6975000000001,720.7537999999523,736.3722000000478,783.0413999999762,806.3870000000001,826.1335,848.9451000000239,897.936,919.1987000000478,948.5267000000478,957.2907999999524,1001.5155000000001,1012.2471000000238,1028.5102999999522,1049.8897000000477,1093.5146000000238,1112.7105,1187.579,1219.7392999999522,1231.5041000000238,1456.1601000000237]","[485.6001000000239,586.1972999999524,632.3882000000477,648.1012000000477,668.6975000000001,720.7537999999523,736.3722000000478,783.0415,806.3871000000239,826.1336000000239,848.9452000000477,897.9361000000239,919.1987000000478,948.5267999999523,957.2907999999524,1001.5156000000239,1012.2471000000238,1028.510399999976,1049.8897000000477,1093.5146000000238,1112.7105,1187.5791000000238,1219.7392999999522,1231.5041000000238,1456.1601000000237]",,11,"[493.33039999997624,588.1618999999763,784.1235000000001,827.1980000000001,849.6275,949.2743999999763,1012.8453999999763,1050.5878999999763,1094.2627000000477,1220.921,1232.3358999999762]","[493.3305000000001,588.1618999999763,784.1235000000001,827.1980000000001,849.6275,949.2745000000001,1012.8455000000001,1050.5880000000002,1094.2627000000477,1220.921100000024,1232.336]",14,"[633.5352999999523,648.8992999999523,669.3952000000477,721.5182999999524,737.1653999999762,808.7512000000477,898.8003999999762,919.779600000024,958.8722000000478,1002.797,1029.1582999999523,1113.791600000024,1188.277399999976,1457.2243999999762]","[633.5352999999523,648.8992999999523,669.3952999999524,721.5182999999524,737.1655000000001,808.7512000000477,898.8003999999762,919.779600000024,958.8722999999522,1002.7971000000239,1029.1582999999523,1113.791600000024,1188.2775,1457.2243999999762]","[""legit_button""]",8.824658538,1.1978,6.04109589,6.4304,8.254795022,3.606,,,,,,resources/images/legit1.png,legit,1,0.72,0,0,,,,,,,,,,,0,0,0,3,1,,,,,,,,,,,,,,,,,,,,,,,,,,,,,,,,,,,,,,,,,,,,,,,,,,,,,,,,,,,,,,,,,,,,,,,
,,,,,,,,,,,001,2025-05-08_19h29.25.246,SLSINC2_O,2022.2.5,Win32,59.52380952,,,,,,,,,,,26,"[485.6,586.1972000000477,632.3882000000477,648.1012000000477,668.6975000000001,720.7537999999523,736.3722000000478,783.0413999999762,806.3870000000001,826.1335,848.9451000000239,897.936,919.1987000000478,948.5267000000478,957.2907999999524,1001.5155000000001,1012.2471000000238,1028.5102999999522,1049.8897000000477,1093.5146000000238,1112.7105,1187.579,1219.7392999999522,1231.5041000000238,1456.1601000000237,1480.4222000000477]","[485.6001000000239,586.1972999999524,632.3882000000477,648.1012000000477,668.6975000000001,720.7537999999523,736.3722000000478,783.0415,806.3871000000239,826.1336000000239,848.9452000000477,897.9361000000239,919.1987000000478,948.5267999999523,957.2907999999524,1001.5156000000239,1012.2471000000238,1028.510399999976,1049.8897000000477,1093.5146000000238,1112.7105,1187.5791000000238,1219.7392999999522,1231.5041000000238,1456.1601000000237,1480.4222000000477]",,11,"[493.33039999997624,588.1618999999763,784.1235000000001,827.1980000000001,849.6275,949.2743999999763,1012.8453999999763,1050.5878999999763,1094.2627000000477,1220.921,1232.3358999999762]","[493.3305000000001,588.1618999999763,784.1235000000001,827.1980000000001,849.6275,949.2745000000001,1012.8455000000001,1050.5880000000002,1094.2627000000477,1220.921100000024,1232.336]",15,"[633.5352999999523,648.8992999999523,669.3952000000477,721.5182999999524,737.1653999999762,808.7512000000477,898.8003999999762,919.779600000024,958.8722000000478,1002.797,1029.1582999999523,1113.791600000024,1188.277399999976,1457.2243999999762,1481.253]","[633.5352999999523,648.8992999999523,669.3952999999524,721.5182999999524,737.1655000000001,808.7512000000477,898.8003999999762,919.779600000024,958.8722999999522,1002.7971000000239,1029.1582999999523,1113.791600000024,1188.2775,1457.2243999999762,1481.2531000000238]","[""legit_button""]",8.561643836,0.9959,7.071233044,1.2624,4.057534414,0.7945,,,,,,resources/images/legit8.png,legit,0.8,0.72,0,0,,,,,,,,,,,0,1,1,15,1,,,,,,,,,,,,,,,,,,,,,,,,,,,,,,,,,,,,,,,,,,,,,,,,,,,,,,,,,,,,,,,,,,,,,,,
,,,,,,,,,,,001,2025-05-08_19h29.25.246,SLSINC2_O,2022.2.5,Win32,59.52380952,,,,,,,,,,,27,"[485.6,586.1972000000477,632.3882000000477,648.1012000000477,668.6975000000001,720.7537999999523,736.3722000000478,783.0413999999762,806.3870000000001,826.1335,848.9451000000239,897.936,919.1987000000478,948.5267000000478,957.2907999999524,1001.5155000000001,1012.2471000000238,1028.5102999999522,1049.8897000000477,1093.5146000000238,1112.7105,1187.579,1219.7392999999522,1231.5041000000238,1456.1601000000237,1480.4222000000477,1499.1847999999522]","[485.6001000000239,586.1972999999524,632.3882000000477,648.1012000000477,668.6975000000001,720.7537999999523,736.3722000000478,783.0415,806.3871000000239,826.1336000000239,848.9452000000477,897.9361000000239,919.1987000000478,948.5267999999523,957.2907999999524,1001.5156000000239,1012.2471000000238,1028.510399999976,1049.8897000000477,1093.5146000000238,1112.7105,1187.5791000000238,1219.7392999999522,1231.5041000000238,1456.1601000000237,1480.4222000000477,1499.184899999976]",,12,"[493.33039999997624,588.1618999999763,784.1235000000001,827.1980000000001,849.6275,949.2743999999763,1012.8453999999763,1050.5878999999763,1094.2627000000477,1220.921,1232.3358999999762,1499.9168999999763]","[493.3305000000001,588.1618999999763,784.1235000000001,827.1980000000001,849.6275,949.2745000000001,1012.8455000000001,1050.5880000000002,1094.2627000000477,1220.921100000024,1232.336,1499.9170000000001]",15,"[633.5352999999523,648.8992999999523,669.3952000000477,721.5182999999524,737.1653999999762,808.7512000000477,898.8003999999762,919.779600000024,958.8722000000478,1002.797,1029.1582999999523,1113.791600000024,1188.277399999976,1457.2243999999762,1481.253]","[633.5352999999523,648.8992999999523,669.3952999999524,721.5182999999524,737.1655000000001,808.7512000000477,898.8003999999762,919.779600000024,958.8722999999522,1002.7971000000239,1029.1582999999523,1113.791600000024,1188.2775,1457.2243999999762,1481.2531000000238]","[""scam_button""]",9,1.8695,6.194520715,1.6962,7.38904143,0.8958,,,,,,resources/images/legit5-EDIT.png,legit,0.65,0.65,0,0,,,,,,,,,,,0,2,2,12,1,,,,,,,,,,,,,,,,,,,,,,,,,,,,,,,,,,,,,,,,,,,,,,,,,,,,,,,,,,,,,,,,,,,,,,,
,,,,,,,,,,,001,2025-05-08_19h29.25.246,SLSINC2_O,2022.2.5,Win32,59.52380952,,,,,,,,,,,28,"[485.6,586.1972000000477,632.3882000000477,648.1012000000477,668.6975000000001,720.7537999999523,736.3722000000478,783.0413999999762,806.3870000000001,826.1335,848.9451000000239,897.936,919.1987000000478,948.5267000000478,957.2907999999524,1001.5155000000001,1012.2471000000238,1028.5102999999522,1049.8897000000477,1093.5146000000238,1112.7105,1187.579,1219.7392999999522,1231.5041000000238,1456.1601000000237,1480.4222000000477,1499.1847999999522,1519.4977999999523]","[485.6001000000239,586.1972999999524,632.3882000000477,648.1012000000477,668.6975000000001,720.7537999999523,736.3722000000478,783.0415,806.3871000000239,826.1336000000239,848.9452000000477,897.9361000000239,919.1987000000478,948.5267999999523,957.2907999999524,1001.5156000000239,1012.2471000000238,1028.510399999976,1049.8897000000477,1093.5146000000238,1112.7105,1187.5791000000238,1219.7392999999522,1231.5041000000238,1456.1601000000237,1480.4222000000477,1499.184899999976,1519.4977999999523]",,13,"[493.33039999997624,588.1618999999763,784.1235000000001,827.1980000000001,849.6275,949.2743999999763,1012.8453999999763,1050.5878999999763,1094.2627000000477,1220.921,1232.3358999999762,1499.9168999999763,1520.496100000024]","[493.3305000000001,588.1618999999763,784.1235000000001,827.1980000000001,849.6275,949.2745000000001,1012.8455000000001,1050.5880000000002,1094.2627000000477,1220.921100000024,1232.336,1499.9170000000001,1520.496100000024]",15,"[633.5352999999523,648.8992999999523,669.3952000000477,721.5182999999524,737.1653999999762,808.7512000000477,898.8003999999762,919.779600000024,958.8722000000478,1002.797,1029.1582999999523,1113.791600000024,1188.277399999976,1457.2243999999762,1481.253]","[633.5352999999523,648.8992999999523,669.3952999999524,721.5182999999524,737.1655000000001,808.7512000000477,898.8003999999762,919.779600000024,958.8722999999522,1002.7971000000239,1029.1582999999523,1113.791600000024,1188.2775,1457.2243999999762,1481.2531000000238]","[""scam_button""]",8.945205479,1.3468,5.98630137,1.7073,7.213699132,1.3745,,,,,,resources/images/legit2.jpg,legit,1,0.65,0,0,,,,,,,,,,,0,3,3,4,1,,,,,,,,,,,,,,,,,,,,,,,,,,,,,,,,,,,,,,,,,,,,,,,,,,,,,,,,,,,,,,,,,,,,,,,
,,,,,,,,,,,001,2025-05-08_19h29.25.246,SLSINC2_O,2022.2.5,Win32,59.52380952,,,,,,,,,,,29,"[485.6,586.1972000000477,632.3882000000477,648.1012000000477,668.6975000000001,720.7537999999523,736.3722000000478,783.0413999999762,806.3870000000001,826.1335,848.9451000000239,897.936,919.1987000000478,948.5267000000478,957.2907999999524,1001.5155000000001,1012.2471000000238,1028.5102999999522,1049.8897000000477,1093.5146000000238,1112.7105,1187.579,1219.7392999999522,1231.5041000000238,1456.1601000000237,1480.4222000000477,1499.1847999999522,1519.4977999999523,1537.177]","[485.6001000000239,586.1972999999524,632.3882000000477,648.1012000000477,668.6975000000001,720.7537999999523,736.3722000000478,783.0415,806.3871000000239,826.1336000000239,848.9452000000477,897.9361000000239,919.1987000000478,948.5267999999523,957.2907999999524,1001.5156000000239,1012.2471000000238,1028.510399999976,1049.8897000000477,1093.5146000000238,1112.7105,1187.5791000000238,1219.7392999999522,1231.5041000000238,1456.1601000000237,1480.4222000000477,1499.184899999976,1519.4977999999523,1537.177]",,14,"[493.33039999997624,588.1618999999763,784.1235000000001,827.1980000000001,849.6275,949.2743999999763,1012.8453999999763,1050.5878999999763,1094.2627000000477,1220.921,1232.3358999999762,1499.9168999999763,1520.496100000024,1537.8425000000002]","[493.3305000000001,588.1618999999763,784.1235000000001,827.1980000000001,849.6275,949.2745000000001,1012.8455000000001,1050.5880000000002,1094.2627000000477,1220.921100000024,1232.336,1499.9170000000001,1520.496100000024,1537.8426000000238]",15,"[633.5352999999523,648.8992999999523,669.3952000000477,721.5182999999524,737.1653999999762,808.7512000000477,898.8003999999762,919.779600000024,958.8722000000478,1002.797,1029.1582999999523,1113.791600000024,1188.277399999976,1457.2243999999762,1481.253]","[633.5352999999523,648.8992999999523,669.3952999999524,721.5182999999524,737.1655000000001,808.7512000000477,898.8003999999762,919.779600000024,958.8722999999522,1002.7971000000239,1029.1582999999523,1113.791600000024,1188.2775,1457.2243999999762,1481.2531000000238]","[""scam_button""]",8.473973104,1.9597,6.446575844,0.8092,6.775342967,0.4934,,,,,,resources/images/scam_2.png,scam,0.9,0.65,0,0,,,,,,,,,,,0,4,4,1,1,,,,,,,,,,,,,,,,,,,,,,,,,,,,,,,,,,,,,,,,,,,,,,,,,,,,,,,,,,,,,,,,,,,,,,,
,,,,,,,,,,,001,2025-05-08_19h29.25.246,SLSINC2_O,2022.2.5,Win32,59.52380952,,,,,,,,,,,30,"[485.6,586.1972000000477,632.3882000000477,648.1012000000477,668.6975000000001,720.7537999999523,736.3722000000478,783.0413999999762,806.3870000000001,826.1335,848.9451000000239,897.936,919.1987000000478,948.5267000000478,957.2907999999524,1001.5155000000001,1012.2471000000238,1028.5102999999522,1049.8897000000477,1093.5146000000238,1112.7105,1187.579,1219.7392999999522,1231.5041000000238,1456.1601000000237,1480.4222000000477,1499.1847999999522,1519.4977999999523,1537.177,1561.7557999999522]","[485.6001000000239,586.1972999999524,632.3882000000477,648.1012000000477,668.6975000000001,720.7537999999523,736.3722000000478,783.0415,806.3871000000239,826.1336000000239,848.9452000000477,897.9361000000239,919.1987000000478,948.5267999999523,957.2907999999524,1001.5156000000239,1012.2471000000238,1028.510399999976,1049.8897000000477,1093.5146000000238,1112.7105,1187.5791000000238,1219.7392999999522,1231.5041000000238,1456.1601000000237,1480.4222000000477,1499.184899999976,1519.4977999999523,1537.177,1561.7557999999522]",,14,"[493.33039999997624,588.1618999999763,784.1235000000001,827.1980000000001,849.6275,949.2743999999763,1012.8453999999763,1050.5878999999763,1094.2627000000477,1220.921,1232.3358999999762,1499.9168999999763,1520.496100000024,1537.8425000000002]","[493.3305000000001,588.1618999999763,784.1235000000001,827.1980000000001,849.6275,949.2745000000001,1012.8455000000001,1050.5880000000002,1094.2627000000477,1220.921100000024,1232.336,1499.9170000000001,1520.496100000024,1537.8426000000238]",16,"[633.5352999999523,648.8992999999523,669.3952000000477,721.5182999999524,737.1653999999762,808.7512000000477,898.8003999999762,919.779600000024,958.8722000000478,1002.797,1029.1582999999523,1113.791600000024,1188.277399999976,1457.2243999999762,1481.253,1562.704]","[633.5352999999523,648.8992999999523,669.3952999999524,721.5182999999524,737.1655000000001,808.7512000000477,898.8003999999762,919.779600000024,958.8722999999522,1002.7971000000239,1029.1582999999523,1113.791600000024,1188.2775,1457.2243999999762,1481.2531000000238,1562.704]","[""legit_button""]",6.731507184,1.2693,3.838356332,0.758,5.876712329,1.0456,,,,,,resources/images/legit17-EDIT.png,legit,0.65,0.65,0,0,,,,,,,,,,,0,5,5,22,1,,,,,,,,,,,,,,,,,,,,,,,,,,,,,,,,,,,,,,,,,,,,,,,,,,,,,,,,,,,,,,,,,,,,,,,
,,,,,,,,,,,001,2025-05-08_19h29.25.246,SLSINC2_O,2022.2.5,Win32,59.52380952,,,,,,,,,,,31,"[485.6,586.1972000000477,632.3882000000477,648.1012000000477,668.6975000000001,720.7537999999523,736.3722000000478,783.0413999999762,806.3870000000001,826.1335,848.9451000000239,897.936,919.1987000000478,948.5267000000478,957.2907999999524,1001.5155000000001,1012.2471000000238,1028.5102999999522,1049.8897000000477,1093.5146000000238,1112.7105,1187.579,1219.7392999999522,1231.5041000000238,1456.1601000000237,1480.4222000000477,1499.1847999999522,1519.4977999999523,1537.177,1561.7557999999522,1576.119899999976]","[485.6001000000239,586.1972999999524,632.3882000000477,648.1012000000477,668.6975000000001,720.7537999999523,736.3722000000478,783.0415,806.3871000000239,826.1336000000239,848.9452000000477,897.9361000000239,919.1987000000478,948.5267999999523,957.2907999999524,1001.5156000000239,1012.2471000000238,1028.510399999976,1049.8897000000477,1093.5146000000238,1112.7105,1187.5791000000238,1219.7392999999522,1231.5041000000238,1456.1601000000237,1480.4222000000477,1499.184899999976,1519.4977999999523,1537.177,1561.7557999999522,1576.119899999976]",,15,"[493.33039999997624,588.1618999999763,784.1235000000001,827.1980000000001,849.6275,949.2743999999763,1012.8453999999763,1050.5878999999763,1094.2627000000477,1220.921,1232.3358999999762,1499.9168999999763,1520.496100000024,1537.8425000000002,1576.7352000000478]","[493.3305000000001,588.1618999999763,784.1235000000001,827.1980000000001,849.6275,949.2745000000001,1012.8455000000001,1050.5880000000002,1094.2627000000477,1220.921100000024,1232.336,1499.9170000000001,1520.496100000024,1537.8426000000238,1576.7353000000717]",16,"[633.5352999999523,648.8992999999523,669.3952000000477,721.5182999999524,737.1653999999762,808.7512000000477,898.8003999999762,919.779600000024,958.8722000000478,1002.797,1029.1582999999523,1113.791600000024,1188.277399999976,1457.2243999999762,1481.253,1562.704]","[633.5352999999523,648.8992999999523,669.3952999999524,721.5182999999524,737.1655000000001,808.7512000000477,898.8003999999762,919.779600000024,958.8722999999522,1002.7971000000239,1029.1582999999523,1113.791600000024,1188.2775,1457.2243999999762,1481.2531000000238,1562.704]","[""scam_button""]",9.032877047,1.0257,6.589041096,0.8221,8.024657367,1.2883,,,,,,resources/images/legit4-EDIT.png,legit,0.65,0.65,0,0,,,,,,,,,,,0,6,6,11,1,,,,,,,,,,,,,,,,,,,,,,,,,,,,,,,,,,,,,,,,,,,,,,,,,,,,,,,,,,,,,,,,,,,,,,,
,,,,,,,,,,,001,2025-05-08_19h29.25.246,SLSINC2_O,2022.2.5,Win32,59.52380952,,,,,,,,,,,32,"[485.6,586.1972000000477,632.3882000000477,648.1012000000477,668.6975000000001,720.7537999999523,736.3722000000478,783.0413999999762,806.3870000000001,826.1335,848.9451000000239,897.936,919.1987000000478,948.5267000000478,957.2907999999524,1001.5155000000001,1012.2471000000238,1028.5102999999522,1049.8897000000477,1093.5146000000238,1112.7105,1187.579,1219.7392999999522,1231.5041000000238,1456.1601000000237,1480.4222000000477,1499.1847999999522,1519.4977999999523,1537.177,1561.7557999999522,1576.119899999976,1594.933]","[485.6001000000239,586.1972999999524,632.3882000000477,648.1012000000477,668.6975000000001,720.7537999999523,736.3722000000478,783.0415,806.3871000000239,826.1336000000239,848.9452000000477,897.9361000000239,919.1987000000478,948.5267999999523,957.2907999999524,1001.5156000000239,1012.2471000000238,1028.510399999976,1049.8897000000477,1093.5146000000238,1112.7105,1187.5791000000238,1219.7392999999522,1231.5041000000238,1456.1601000000237,1480.4222000000477,1499.184899999976,1519.4977999999523,1537.177,1561.7557999999522,1576.119899999976,1594.9331000000238]",,16,"[493.33039999997624,588.1618999999763,784.1235000000001,827.1980000000001,849.6275,949.2743999999763,1012.8453999999763,1050.5878999999763,1094.2627000000477,1220.921,1232.3358999999762,1499.9168999999763,1520.496100000024,1537.8425000000002,1576.7352000000478,1595.8812000000478]","[493.3305000000001,588.1618999999763,784.1235000000001,827.1980000000001,849.6275,949.2745000000001,1012.8455000000001,1050.5880000000002,1094.2627000000477,1220.921100000024,1232.336,1499.9170000000001,1520.496100000024,1537.8426000000238,1576.7353000000717,1595.8812000000478]",16,"[633.5352999999523,648.8992999999523,669.3952000000477,721.5182999999524,737.1653999999762,808.7512000000477,898.8003999999762,919.779600000024,958.8722000000478,1002.797,1029.1582999999523,1113.791600000024,1188.277399999976,1457.2243999999762,1481.253,1562.704]","[633.5352999999523,648.8992999999523,669.3952999999524,721.5182999999524,737.1655000000001,808.7512000000477,898.8003999999762,919.779600000024,958.8722999999522,1002.7971000000239,1029.1582999999523,1113.791600000024,1188.2775,1457.2243999999762,1481.2531000000238,1562.704]","[""scam_button""]",8.747944871,0.9455,6.0630142,0.7366,6.621918143,0.5531,,,,,,resources/images/scam14-EDIT.png,scam,1,0.65,0,0,,,,,,,,,,,0,7,7,23,1,,,,,,,,,,,,,,,,,,,,,,,,,,,,,,,,,,,,,,,,,,,,,,,,,,,,,,,,,,,,,,,,,,,,,,,
,,,,,,,,,,,001,2025-05-08_19h29.25.246,SLSINC2_O,2022.2.5,Win32,59.52380952,,,,,,,,,,,33,"[485.6,586.1972000000477,632.3882000000477,648.1012000000477,668.6975000000001,720.7537999999523,736.3722000000478,783.0413999999762,806.3870000000001,826.1335,848.9451000000239,897.936,919.1987000000478,948.5267000000478,957.2907999999524,1001.5155000000001,1012.2471000000238,1028.5102999999522,1049.8897000000477,1093.5146000000238,1112.7105,1187.579,1219.7392999999522,1231.5041000000238,1456.1601000000237,1480.4222000000477,1499.1847999999522,1519.4977999999523,1537.177,1561.7557999999522,1576.119899999976,1594.933,1620.0612000000476]","[485.6001000000239,586.1972999999524,632.3882000000477,648.1012000000477,668.6975000000001,720.7537999999523,736.3722000000478,783.0415,806.3871000000239,826.1336000000239,848.9452000000477,897.9361000000239,919.1987000000478,948.5267999999523,957.2907999999524,1001.5156000000239,1012.2471000000238,1028.510399999976,1049.8897000000477,1093.5146000000238,1112.7105,1187.5791000000238,1219.7392999999522,1231.5041000000238,1456.1601000000237,1480.4222000000477,1499.184899999976,1519.4977999999523,1537.177,1561.7557999999522,1576.119899999976,1594.9331000000238,1620.0612999999523]",,16,"[493.33039999997624,588.1618999999763,784.1235000000001,827.1980000000001,849.6275,949.2743999999763,1012.8453999999763,1050.5878999999763,1094.2627000000477,1220.921,1232.3358999999762,1499.9168999999763,1520.496100000024,1537.8425000000002,1576.7352000000478,1595.8812000000478]","[493.3305000000001,588.1618999999763,784.1235000000001,827.1980000000001,849.6275,949.2745000000001,1012.8455000000001,1050.5880000000002,1094.2627000000477,1220.921100000024,1232.336,1499.9170000000001,1520.496100000024,1537.8426000000238,1576.7353000000717,1595.8812000000478]",17,"[633.5352999999523,648.8992999999523,669.3952000000477,721.5182999999524,737.1653999999762,808.7512000000477,898.8003999999762,919.779600000024,958.8722000000478,1002.797,1029.1582999999523,1113.791600000024,1188.277399999976,1457.2243999999762,1481.253,1562.704,1620.7425]","[633.5352999999523,648.8992999999523,669.3952999999524,721.5182999999524,737.1655000000001,808.7512000000477,898.8003999999762,919.779600000024,958.8722999999522,1002.7971000000239,1029.1582999999523,1113.791600000024,1188.2775,1457.2243999999762,1481.2531000000238,1562.704,1620.7425]","[""legit_button""]",7.301369863,0.9244,4.29862997,0.7465,3.871233378,0.488,,,,,,resources/images/legit3.jpg,legit,1,0.73,0,0,,,,,,,,,,,0,8,8,5,1,,,,,,,,,,,,,,,,,,,,,,,,,,,,,,,,,,,,,,,,,,,,,,,,,,,,,,,,,,,,,,,,,,,,,,,
,,,,,,,,,,,001,2025-05-08_19h29.25.246,SLSINC2_O,2022.2.5,Win32,59.52380952,,,,,,,,,,,34,"[485.6,586.1972000000477,632.3882000000477,648.1012000000477,668.6975000000001,720.7537999999523,736.3722000000478,783.0413999999762,806.3870000000001,826.1335,848.9451000000239,897.936,919.1987000000478,948.5267000000478,957.2907999999524,1001.5155000000001,1012.2471000000238,1028.5102999999522,1049.8897000000477,1093.5146000000238,1112.7105,1187.579,1219.7392999999522,1231.5041000000238,1456.1601000000237,1480.4222000000477,1499.1847999999522,1519.4977999999523,1537.177,1561.7557999999522,1576.119899999976,1594.933,1620.0612000000476,1631.7092999999522]","[485.6001000000239,586.1972999999524,632.3882000000477,648.1012000000477,668.6975000000001,720.7537999999523,736.3722000000478,783.0415,806.3871000000239,826.1336000000239,848.9452000000477,897.9361000000239,919.1987000000478,948.5267999999523,957.2907999999524,1001.5156000000239,1012.2471000000238,1028.510399999976,1049.8897000000477,1093.5146000000238,1112.7105,1187.5791000000238,1219.7392999999522,1231.5041000000238,1456.1601000000237,1480.4222000000477,1499.184899999976,1519.4977999999523,1537.177,1561.7557999999522,1576.119899999976,1594.9331000000238,1620.0612999999523,1631.7092999999522]",,17,"[493.33039999997624,588.1618999999763,784.1235000000001,827.1980000000001,849.6275,949.2743999999763,1012.8453999999763,1050.5878999999763,1094.2627000000477,1220.921,1232.3358999999762,1499.9168999999763,1520.496100000024,1537.8425000000002,1576.7352000000478,1595.8812000000478,1632.9405000000002]","[493.3305000000001,588.1618999999763,784.1235000000001,827.1980000000001,849.6275,949.2745000000001,1012.8455000000001,1050.5880000000002,1094.2627000000477,1220.921100000024,1232.336,1499.9170000000001,1520.496100000024,1537.8426000000238,1576.7353000000717,1595.8812000000478,1632.9405000000002]",17,"[633.5352999999523,648.8992999999523,669.3952000000477,721.5182999999524,737.1653999999762,808.7512000000477,898.8003999999762,919.779600000024,958.8722000000478,1002.797,1029.1582999999523,1113.791600000024,1188.277399999976,1457.2243999999762,1481.253,1562.704,1620.7425]","[633.5352999999523,648.8992999999523,669.3952999999524,721.5182999999524,737.1655000000001,808.7512000000477,898.8003999999762,919.779600000024,958.8722999999522,1002.7971000000239,1029.1582999999523,1113.791600000024,1188.2775,1457.2243999999762,1481.2531000000238,1562.704,1620.7425]","[""scam_button""]",8.824658538,0.9899,6.227397762,0.8865,7.290411126,0.5961,,,,,,resources/images/scam_11.png,scam,1,0.65,0,0,,,,,,,,,,,0,9,9,19,1,,,,,,,,,,,,,,,,,,,,,,,,,,,,,,,,,,,,,,,,,,,,,,,,,,,,,,,,,,,,,,,,,,,,,,,
,,,,,,,,,,,001,2025-05-08_19h29.25.246,SLSINC2_O,2022.2.5,Win32,59.52380952,,,,,,,,,,,35,"[485.6,586.1972000000477,632.3882000000477,648.1012000000477,668.6975000000001,720.7537999999523,736.3722000000478,783.0413999999762,806.3870000000001,826.1335,848.9451000000239,897.936,919.1987000000478,948.5267000000478,957.2907999999524,1001.5155000000001,1012.2471000000238,1028.5102999999522,1049.8897000000477,1093.5146000000238,1112.7105,1187.579,1219.7392999999522,1231.5041000000238,1456.1601000000237,1480.4222000000477,1499.1847999999522,1519.4977999999523,1537.177,1561.7557999999522,1576.119899999976,1594.933,1620.0612000000476,1631.7092999999522,1657.7536000000239]","[485.6001000000239,586.1972999999524,632.3882000000477,648.1012000000477,668.6975000000001,720.7537999999523,736.3722000000478,783.0415,806.3871000000239,826.1336000000239,848.9452000000477,897.9361000000239,919.1987000000478,948.5267999999523,957.2907999999524,1001.5156000000239,1012.2471000000238,1028.510399999976,1049.8897000000477,1093.5146000000238,1112.7105,1187.5791000000238,1219.7392999999522,1231.5041000000238,1456.1601000000237,1480.4222000000477,1499.184899999976,1519.4977999999523,1537.177,1561.7557999999522,1576.119899999976,1594.9331000000238,1620.0612999999523,1631.7092999999522,1657.7536000000239]",,17,"[493.33039999997624,588.1618999999763,784.1235000000001,827.1980000000001,849.6275,949.2743999999763,1012.8453999999763,1050.5878999999763,1094.2627000000477,1220.921,1232.3358999999762,1499.9168999999763,1520.496100000024,1537.8425000000002,1576.7352000000478,1595.8812000000478,1632.9405000000002]","[493.3305000000001,588.1618999999763,784.1235000000001,827.1980000000001,849.6275,949.2745000000001,1012.8455000000001,1050.5880000000002,1094.2627000000477,1220.921100000024,1232.336,1499.9170000000001,1520.496100000024,1537.8426000000238,1576.7353000000717,1595.8812000000478,1632.9405000000002]",18,"[633.5352999999523,648.8992999999523,669.3952000000477,721.5182999999524,737.1653999999762,808.7512000000477,898.8003999999762,919.779600000024,958.8722000000478,1002.797,1029.1582999999523,1113.791600000024,1188.277399999976,1457.2243999999762,1481.253,1562.704,1620.7425,1659.0346000000238]","[633.5352999999523,648.8992999999523,669.3952999999524,721.5182999999524,737.1655000000001,808.7512000000477,898.8003999999762,919.779600000024,958.8722999999522,1002.7971000000239,1029.1582999999523,1113.791600000024,1188.2775,1457.2243999999762,1481.2531000000238,1562.704,1620.7425,1659.0347000000477]","[""legit_button""]",7.169863348,0.8392,5.942465586,0.543,5.942465586,0.4486,,,,,,resources/images/legit10-EDIT.png,legit,1,0.65,0,0,,,,,,,,,,,0,10,10,18,1,,,,,,,,,,,,,,,,,,,,,,,,,,,,,,,,,,,,,,,,,,,,,,,,,,,,,,,,,,,,,,,,,,,,,,,
,,,,,,,,,,,001,2025-05-08_19h29.25.246,SLSINC2_O,2022.2.5,Win32,59.52380952,,,,,,,,,,,36,"[485.6,586.1972000000477,632.3882000000477,648.1012000000477,668.6975000000001,720.7537999999523,736.3722000000478,783.0413999999762,806.3870000000001,826.1335,848.9451000000239,897.936,919.1987000000478,948.5267000000478,957.2907999999524,1001.5155000000001,1012.2471000000238,1028.5102999999522,1049.8897000000477,1093.5146000000238,1112.7105,1187.579,1219.7392999999522,1231.5041000000238,1456.1601000000237,1480.4222000000477,1499.1847999999522,1519.4977999999523,1537.177,1561.7557999999522,1576.119899999976,1594.933,1620.0612000000476,1631.7092999999522,1657.7536000000239,1667.202]","[485.6001000000239,586.1972999999524,632.3882000000477,648.1012000000477,668.6975000000001,720.7537999999523,736.3722000000478,783.0415,806.3871000000239,826.1336000000239,848.9452000000477,897.9361000000239,919.1987000000478,948.5267999999523,957.2907999999524,1001.5156000000239,1012.2471000000238,1028.510399999976,1049.8897000000477,1093.5146000000238,1112.7105,1187.5791000000238,1219.7392999999522,1231.5041000000238,1456.1601000000237,1480.4222000000477,1499.184899999976,1519.4977999999523,1537.177,1561.7557999999522,1576.119899999976,1594.9331000000238,1620.0612999999523,1631.7092999999522,1657.7536000000239,1667.202]",,18,"[493.33039999997624,588.1618999999763,784.1235000000001,827.1980000000001,849.6275,949.2743999999763,1012.8453999999763,1050.5878999999763,1094.2627000000477,1220.921,1232.3358999999762,1499.9168999999763,1520.496100000024,1537.8425000000002,1576.7352000000478,1595.8812000000478,1632.9405000000002,1667.8503000000717]","[493.3305000000001,588.1618999999763,784.1235000000001,827.1980000000001,849.6275,949.2745000000001,1012.8455000000001,1050.5880000000002,1094.2627000000477,1220.921100000024,1232.336,1499.9170000000001,1520.496100000024,1537.8426000000238,1576.7353000000717,1595.8812000000478,1632.9405000000002,1667.8503000000717]",18,"[633.5352999999523,648.8992999999523,669.3952000000477,721.5182999999524,737.1653999999762,808.7512000000477,898.8003999999762,919.779600000024,958.8722000000478,1002.797,1029.1582999999523,1113.791600000024,1188.277399999976,1457.2243999999762,1481.253,1562.704,1620.7425,1659.0346000000238]","[633.5352999999523,648.8992999999523,669.3952999999524,721.5182999999524,737.1655000000001,808.7512000000477,898.8003999999762,919.779600000024,958.8722999999522,1002.7971000000239,1029.1582999999523,1113.791600000024,1188.2775,1457.2243999999762,1481.2531000000238,1562.704,1620.7425,1659.0347000000477]","[""scam_button""]",9.197260608,0.8534,6.950685266,0.6704,5.843836118,0.8326,,,,,,resources/images/scam7.png,scam,0.65,0.65,0,0,,,,,,,,,,,0,11,11,10,1,,,,,,,,,,,,,,,,,,,,,,,,,,,,,,,,,,,,,,,,,,,,,,,,,,,,,,,,,,,,,,,,,,,,,,,
,,,,,,,,,,,001,2025-05-08_19h29.25.246,SLSINC2_O,2022.2.5,Win32,59.52380952,,,,,,,,,,,37,"[485.6,586.1972000000477,632.3882000000477,648.1012000000477,668.6975000000001,720.7537999999523,736.3722000000478,783.0413999999762,806.3870000000001,826.1335,848.9451000000239,897.936,919.1987000000478,948.5267000000478,957.2907999999524,1001.5155000000001,1012.2471000000238,1028.5102999999522,1049.8897000000477,1093.5146000000238,1112.7105,1187.579,1219.7392999999522,1231.5041000000238,1456.1601000000237,1480.4222000000477,1499.1847999999522,1519.4977999999523,1537.177,1561.7557999999522,1576.119899999976,1594.933,1620.0612000000476,1631.7092999999522,1657.7536000000239,1667.202,1681.249]","[485.6001000000239,586.1972999999524,632.3882000000477,648.1012000000477,668.6975000000001,720.7537999999523,736.3722000000478,783.0415,806.3871000000239,826.1336000000239,848.9452000000477,897.9361000000239,919.1987000000478,948.5267999999523,957.2907999999524,1001.5156000000239,1012.2471000000238,1028.510399999976,1049.8897000000477,1093.5146000000238,1112.7105,1187.5791000000238,1219.7392999999522,1231.5041000000238,1456.1601000000237,1480.4222000000477,1499.184899999976,1519.4977999999523,1537.177,1561.7557999999522,1576.119899999976,1594.9331000000238,1620.0612999999523,1631.7092999999522,1657.7536000000239,1667.202,1681.249]",,19,"[493.33039999997624,588.1618999999763,784.1235000000001,827.1980000000001,849.6275,949.2743999999763,1012.8453999999763,1050.5878999999763,1094.2627000000477,1220.921,1232.3358999999762,1499.9168999999763,1520.496100000024,1537.8425000000002,1576.7352000000478,1595.8812000000478,1632.9405000000002,1667.8503000000717,1682.1478000000716]","[493.3305000000001,588.1618999999763,784.1235000000001,827.1980000000001,849.6275,949.2745000000001,1012.8455000000001,1050.5880000000002,1094.2627000000477,1220.921100000024,1232.336,1499.9170000000001,1520.496100000024,1537.8426000000238,1576.7353000000717,1595.8812000000478,1632.9405000000002,1667.8503000000717,1682.1478999999763]",18,"[633.5352999999523,648.8992999999523,669.3952000000477,721.5182999999524,737.1653999999762,808.7512000000477,898.8003999999762,919.779600000024,958.8722000000478,1002.797,1029.1582999999523,1113.791600000024,1188.277399999976,1457.2243999999762,1481.253,1562.704,1620.7425,1659.0346000000238]","[633.5352999999523,648.8992999999523,669.3952999999524,721.5182999999524,737.1655000000001,808.7512000000477,898.8003999999762,919.779600000024,958.8722999999522,1002.7971000000239,1029.1582999999523,1113.791600000024,1188.2775,1457.2243999999762,1481.2531000000238,1562.704,1620.7425,1659.0347000000477]","[""scam_button""]",7.509589208,0.8718,6.073972937,1.3551,5.02191831,1.4867,,,,,,resources/images/scam3.png,scam,1.2,0.65,0,0,,,,,,,,,,,0,12,12,2,1,,,,,,,,,,,,,,,,,,,,,,,,,,,,,,,,,,,,,,,,,,,,,,,,,,,,,,,,,,,,,,,,,,,,,,,
,,,,,,,,,,,001,2025-05-08_19h29.25.246,SLSINC2_O,2022.2.5,Win32,59.52380952,,,,,,,,,,,38,"[485.6,586.1972000000477,632.3882000000477,648.1012000000477,668.6975000000001,720.7537999999523,736.3722000000478,783.0413999999762,806.3870000000001,826.1335,848.9451000000239,897.936,919.1987000000478,948.5267000000478,957.2907999999524,1001.5155000000001,1012.2471000000238,1028.5102999999522,1049.8897000000477,1093.5146000000238,1112.7105,1187.579,1219.7392999999522,1231.5041000000238,1456.1601000000237,1480.4222000000477,1499.1847999999522,1519.4977999999523,1537.177,1561.7557999999522,1576.119899999976,1594.933,1620.0612000000476,1631.7092999999522,1657.7536000000239,1667.202,1681.249,1707.8105]","[485.6001000000239,586.1972999999524,632.3882000000477,648.1012000000477,668.6975000000001,720.7537999999523,736.3722000000478,783.0415,806.3871000000239,826.1336000000239,848.9452000000477,897.9361000000239,919.1987000000478,948.5267999999523,957.2907999999524,1001.5156000000239,1012.2471000000238,1028.510399999976,1049.8897000000477,1093.5146000000238,1112.7105,1187.5791000000238,1219.7392999999522,1231.5041000000238,1456.1601000000237,1480.4222000000477,1499.184899999976,1519.4977999999523,1537.177,1561.7557999999522,1576.119899999976,1594.9331000000238,1620.0612999999523,1631.7092999999522,1657.7536000000239,1667.202,1681.249,1707.8105]",,20,"[493.33039999997624,588.1618999999763,784.1235000000001,827.1980000000001,849.6275,949.2743999999763,1012.8453999999763,1050.5878999999763,1094.2627000000477,1220.921,1232.3358999999762,1499.9168999999763,1520.496100000024,1537.8425000000002,1576.7352000000478,1595.8812000000478,1632.9405000000002,1667.8503000000717,1682.1478000000716,1708.7928000000716]","[493.3305000000001,588.1618999999763,784.1235000000001,827.1980000000001,849.6275,949.2745000000001,1012.8455000000001,1050.5880000000002,1094.2627000000477,1220.921100000024,1232.336,1499.9170000000001,1520.496100000024,1537.8426000000238,1576.7353000000717,1595.8812000000478,1632.9405000000002,1667.8503000000717,1682.1478999999763,1708.7928000000716]",18,"[633.5352999999523,648.8992999999523,669.3952000000477,721.5182999999524,737.1653999999762,808.7512000000477,898.8003999999762,919.779600000024,958.8722000000478,1002.797,1029.1582999999523,1113.791600000024,1188.277399999976,1457.2243999999762,1481.253,1562.704,1620.7425,1659.0346000000238]","[633.5352999999523,648.8992999999523,669.3952999999524,721.5182999999524,737.1655000000001,808.7512000000477,898.8003999999762,919.779600000024,958.8722999999522,1002.7971000000239,1029.1582999999523,1113.791600000024,1188.2775,1457.2243999999762,1481.2531000000238,1562.704,1620.7425,1659.0347000000477]","[""scam_button""]",9.909589376,0.8545,4.287671233,2.204,6.786301704,0.5558,,,,,,resources/images/legit9-EDIT.png,legit,1,0.65,0,0,,,,,,,,,,,0,13,13,8,1,,,,,,,,,,,,,,,,,,,,,,,,,,,,,,,,,,,,,,,,,,,,,,,,,,,,,,,,,,,,,,,,,,,,,,,
,,,,,,,,,,,001,2025-05-08_19h29.25.246,SLSINC2_O,2022.2.5,Win32,59.52380952,,,,,,,,,,,39,"[485.6,586.1972000000477,632.3882000000477,648.1012000000477,668.6975000000001,720.7537999999523,736.3722000000478,783.0413999999762,806.3870000000001,826.1335,848.9451000000239,897.936,919.1987000000478,948.5267000000478,957.2907999999524,1001.5155000000001,1012.2471000000238,1028.5102999999522,1049.8897000000477,1093.5146000000238,1112.7105,1187.579,1219.7392999999522,1231.5041000000238,1456.1601000000237,1480.4222000000477,1499.1847999999522,1519.4977999999523,1537.177,1561.7557999999522,1576.119899999976,1594.933,1620.0612000000476,1631.7092999999522,1657.7536000000239,1667.202,1681.249,1707.8105,1724.7076000000238]","[485.6001000000239,586.1972999999524,632.3882000000477,648.1012000000477,668.6975000000001,720.7537999999523,736.3722000000478,783.0415,806.3871000000239,826.1336000000239,848.9452000000477,897.9361000000239,919.1987000000478,948.5267999999523,957.2907999999524,1001.5156000000239,1012.2471000000238,1028.510399999976,1049.8897000000477,1093.5146000000238,1112.7105,1187.5791000000238,1219.7392999999522,1231.5041000000238,1456.1601000000237,1480.4222000000477,1499.184899999976,1519.4977999999523,1537.177,1561.7557999999522,1576.119899999976,1594.9331000000238,1620.0612999999523,1631.7092999999522,1657.7536000000239,1667.202,1681.249,1707.8105,1724.7077000000477]",,20,"[493.33039999997624,588.1618999999763,784.1235000000001,827.1980000000001,849.6275,949.2743999999763,1012.8453999999763,1050.5878999999763,1094.2627000000477,1220.921,1232.3358999999762,1499.9168999999763,1520.496100000024,1537.8425000000002,1576.7352000000478,1595.8812000000478,1632.9405000000002,1667.8503000000717,1682.1478000000716,1708.7928000000716]","[493.3305000000001,588.1618999999763,784.1235000000001,827.1980000000001,849.6275,949.2745000000001,1012.8455000000001,1050.5880000000002,1094.2627000000477,1220.921100000024,1232.336,1499.9170000000001,1520.496100000024,1537.8426000000238,1576.7353000000717,1595.8812000000478,1632.9405000000002,1667.8503000000717,1682.1478999999763,1708.7928000000716]",19,"[633.5352999999523,648.8992999999523,669.3952000000477,721.5182999999524,737.1653999999762,808.7512000000477,898.8003999999762,919.779600000024,958.8722000000478,1002.797,1029.1582999999523,1113.791600000024,1188.277399999976,1457.2243999999762,1481.253,1562.704,1620.7425,1659.0346000000238,1725.7385]","[633.5352999999523,648.8992999999523,669.3952999999524,721.5182999999524,737.1655000000001,808.7512000000477,898.8003999999762,919.779600000024,958.8722999999522,1002.7971000000239,1029.1582999999523,1113.791600000024,1188.2775,1457.2243999999762,1481.2531000000238,1562.704,1620.7425,1659.0347000000477,1725.7385]","[""legit_button""]",7.126027564,1.4572,5.975342633,1.0532,5.909589376,0.333,,,,,,resources/images/scam5.jpg,scam,0.7,0.65,0,0,,,,,,,,,,,0,14,14,7,1,,,,,,,,,,,,,,,,,,,,,,,,,,,,,,,,,,,,,,,,,,,,,,,,,,,,,,,,,,,,,,,,,,,,,,,
,,,,,,,,,,,001,2025-05-08_19h29.25.246,SLSINC2_O,2022.2.5,Win32,59.52380952,,,,,,,,,,,40,"[485.6,586.1972000000477,632.3882000000477,648.1012000000477,668.6975000000001,720.7537999999523,736.3722000000478,783.0413999999762,806.3870000000001,826.1335,848.9451000000239,897.936,919.1987000000478,948.5267000000478,957.2907999999524,1001.5155000000001,1012.2471000000238,1028.5102999999522,1049.8897000000477,1093.5146000000238,1112.7105,1187.579,1219.7392999999522,1231.5041000000238,1456.1601000000237,1480.4222000000477,1499.1847999999522,1519.4977999999523,1537.177,1561.7557999999522,1576.119899999976,1594.933,1620.0612000000476,1631.7092999999522,1657.7536000000239,1667.202,1681.249,1707.8105,1724.7076000000238,1761.5503999999762]","[485.6001000000239,586.1972999999524,632.3882000000477,648.1012000000477,668.6975000000001,720.7537999999523,736.3722000000478,783.0415,806.3871000000239,826.1336000000239,848.9452000000477,897.9361000000239,919.1987000000478,948.5267999999523,957.2907999999524,1001.5156000000239,1012.2471000000238,1028.510399999976,1049.8897000000477,1093.5146000000238,1112.7105,1187.5791000000238,1219.7392999999522,1231.5041000000238,1456.1601000000237,1480.4222000000477,1499.184899999976,1519.4977999999523,1537.177,1561.7557999999522,1576.119899999976,1594.9331000000238,1620.0612999999523,1631.7092999999522,1657.7536000000239,1667.202,1681.249,1707.8105,1724.7077000000477,1761.5504999999998]",,21,"[493.33039999997624,588.1618999999763,784.1235000000001,827.1980000000001,849.6275,949.2743999999763,1012.8453999999763,1050.5878999999763,1094.2627000000477,1220.921,1232.3358999999762,1499.9168999999763,1520.496100000024,1537.8425000000002,1576.7352000000478,1595.8812000000478,1632.9405000000002,1667.8503000000717,1682.1478000000716,1708.7928000000716,1762.4656000000239]","[493.3305000000001,588.1618999999763,784.1235000000001,827.1980000000001,849.6275,949.2745000000001,1012.8455000000001,1050.5880000000002,1094.2627000000477,1220.921100000024,1232.336,1499.9170000000001,1520.496100000024,1537.8426000000238,1576.7353000000717,1595.8812000000478,1632.9405000000002,1667.8503000000717,1682.1478999999763,1708.7928000000716,1762.4657000000477]",19,"[633.5352999999523,648.8992999999523,669.3952000000477,721.5182999999524,737.1653999999762,808.7512000000477,898.8003999999762,919.779600000024,958.8722000000478,1002.797,1029.1582999999523,1113.791600000024,1188.277399999976,1457.2243999999762,1481.253,1562.704,1620.7425,1659.0346000000238,1725.7385]","[633.5352999999523,648.8992999999523,669.3952999999524,721.5182999999524,737.1655000000001,808.7512000000477,898.8003999999762,919.779600000024,958.8722999999522,1002.7971000000239,1029.1582999999523,1113.791600000024,1188.2775,1457.2243999999762,1481.2531000000238,1562.704,1620.7425,1659.0347000000477,1725.7385]","[""scam_button""]",9.010959573,1.4876,6.775342967,0.6788,5.876712329,2.0362,,,,,,resources/images/scam12.jpg,scam,0.65,0.65,0,0,,,,,,,,,,,0,15,15,20,1,,,,,,,,,,,,,,,,,,,,,,,,,,,,,,,,,,,,,,,,,,,,,,,,,,,,,,,,,,,,,,,,,,,,,,,
,,,,,,,,,,,001,2025-05-08_19h29.25.246,SLSINC2_O,2022.2.5,Win32,59.52380952,,,,,,,,,,,41,"[485.6,586.1972000000477,632.3882000000477,648.1012000000477,668.6975000000001,720.7537999999523,736.3722000000478,783.0413999999762,806.3870000000001,826.1335,848.9451000000239,897.936,919.1987000000478,948.5267000000478,957.2907999999524,1001.5155000000001,1012.2471000000238,1028.5102999999522,1049.8897000000477,1093.5146000000238,1112.7105,1187.579,1219.7392999999522,1231.5041000000238,1456.1601000000237,1480.4222000000477,1499.1847999999522,1519.4977999999523,1537.177,1561.7557999999522,1576.119899999976,1594.933,1620.0612000000476,1631.7092999999522,1657.7536000000239,1667.202,1681.249,1707.8105,1724.7076000000238,1761.5503999999762,1790.5327000000477]","[485.6001000000239,586.1972999999524,632.3882000000477,648.1012000000477,668.6975000000001,720.7537999999523,736.3722000000478,783.0415,806.3871000000239,826.1336000000239,848.9452000000477,897.9361000000239,919.1987000000478,948.5267999999523,957.2907999999524,1001.5156000000239,1012.2471000000238,1028.510399999976,1049.8897000000477,1093.5146000000238,1112.7105,1187.5791000000238,1219.7392999999522,1231.5041000000238,1456.1601000000237,1480.4222000000477,1499.184899999976,1519.4977999999523,1537.177,1561.7557999999522,1576.119899999976,1594.9331000000238,1620.0612999999523,1631.7092999999522,1657.7536000000239,1667.202,1681.249,1707.8105,1724.7077000000477,1761.5504999999998,1790.5327000000477]",,22,"[493.33039999997624,588.1618999999763,784.1235000000001,827.1980000000001,849.6275,949.2743999999763,1012.8453999999763,1050.5878999999763,1094.2627000000477,1220.921,1232.3358999999762,1499.9168999999763,1520.496100000024,1537.8425000000002,1576.7352000000478,1595.8812000000478,1632.9405000000002,1667.8503000000717,1682.1478000000716,1708.7928000000716,1762.4656000000239,1791.3143999999763]","[493.3305000000001,588.1618999999763,784.1235000000001,827.1980000000001,849.6275,949.2745000000001,1012.8455000000001,1050.5880000000002,1094.2627000000477,1220.921100000024,1232.336,1499.9170000000001,1520.496100000024,1537.8426000000238,1576.7353000000717,1595.8812000000478,1632.9405000000002,1667.8503000000717,1682.1478999999763,1708.7928000000716,1762.4657000000477,1791.3145000000002]",19,"[633.5352999999523,648.8992999999523,669.3952000000477,721.5182999999524,737.1653999999762,808.7512000000477,898.8003999999762,919.779600000024,958.8722000000478,1002.797,1029.1582999999523,1113.791600000024,1188.277399999976,1457.2243999999762,1481.253,1562.704,1620.7425,1659.0346000000238,1725.7385]","[633.5352999999523,648.8992999999523,669.3952999999524,721.5182999999524,737.1655000000001,808.7512000000477,898.8003999999762,919.779600000024,958.8722999999522,1002.7971000000239,1029.1582999999523,1113.791600000024,1188.2775,1457.2243999999762,1481.2531000000238,1562.704,1620.7425,1659.0347000000477,1725.7385]","[""scam_button""]",8.024657367,0.8658,6.97260274,0.5487,6.139726195,0.4819,,,,,,resources/images/scam6.jpg,scam,1,0.65,0,0,,,,,,,,,,,0,16,16,9,1,,,,,,,,,,,,,,,,,,,,,,,,,,,,,,,,,,,,,,,,,,,,,,,,,,,,,,,,,,,,,,,,,,,,,,,
,,,,,,,,,,,001,2025-05-08_19h29.25.246,SLSINC2_O,2022.2.5,Win32,59.52380952,,,,,,,,,,,42,"[485.6,586.1972000000477,632.3882000000477,648.1012000000477,668.6975000000001,720.7537999999523,736.3722000000478,783.0413999999762,806.3870000000001,826.1335,848.9451000000239,897.936,919.1987000000478,948.5267000000478,957.2907999999524,1001.5155000000001,1012.2471000000238,1028.5102999999522,1049.8897000000477,1093.5146000000238,1112.7105,1187.579,1219.7392999999522,1231.5041000000238,1456.1601000000237,1480.4222000000477,1499.1847999999522,1519.4977999999523,1537.177,1561.7557999999522,1576.119899999976,1594.933,1620.0612000000476,1631.7092999999522,1657.7536000000239,1667.202,1681.249,1707.8105,1724.7076000000238,1761.5503999999762,1790.5327000000477,1836.7866000000238]","[485.6001000000239,586.1972999999524,632.3882000000477,648.1012000000477,668.6975000000001,720.7537999999523,736.3722000000478,783.0415,806.3871000000239,826.1336000000239,848.9452000000477,897.9361000000239,919.1987000000478,948.5267999999523,957.2907999999524,1001.5156000000239,1012.2471000000238,1028.510399999976,1049.8897000000477,1093.5146000000238,1112.7105,1187.5791000000238,1219.7392999999522,1231.5041000000238,1456.1601000000237,1480.4222000000477,1499.184899999976,1519.4977999999523,1537.177,1561.7557999999522,1576.119899999976,1594.9331000000238,1620.0612999999523,1631.7092999999522,1657.7536000000239,1667.202,1681.249,1707.8105,1724.7077000000477,1761.5504999999998,1790.5327000000477,1836.7867999999523]",,23,"[493.33039999997624,588.1618999999763,784.1235000000001,827.1980000000001,849.6275,949.2743999999763,1012.8453999999763,1050.5878999999763,1094.2627000000477,1220.921,1232.3358999999762,1499.9168999999763,1520.496100000024,1537.8425000000002,1576.7352000000478,1595.8812000000478,1632.9405000000002,1667.8503000000717,1682.1478000000716,1708.7928000000716,1762.4656000000239,1791.3143999999763,1837.4178000000716]","[493.3305000000001,588.1618999999763,784.1235000000001,827.1980000000001,849.6275,949.2745000000001,1012.8455000000001,1050.5880000000002,1094.2627000000477,1220.921100000024,1232.336,1499.9170000000001,1520.496100000024,1537.8426000000238,1576.7353000000717,1595.8812000000478,1632.9405000000002,1667.8503000000717,1682.1478999999763,1708.7928000000716,1762.4657000000477,1791.3145000000002,1837.4178999999763]",19,"[633.5352999999523,648.8992999999523,669.3952000000477,721.5182999999524,737.1653999999762,808.7512000000477,898.8003999999762,919.779600000024,958.8722000000478,1002.797,1029.1582999999523,1113.791600000024,1188.277399999976,1457.2243999999762,1481.253,1562.704,1620.7425,1659.0346000000238,1725.7385]","[633.5352999999523,648.8992999999523,669.3952999999524,721.5182999999524,737.1655000000001,808.7512000000477,898.8003999999762,919.779600000024,958.8722999999522,1002.7971000000239,1029.1582999999523,1113.791600000024,1188.2775,1457.2243999999762,1481.2531000000238,1562.704,1620.7425,1659.0347000000477,1725.7385]","[""scam_button""]",8.857533912,0.8823,7.169863348,1.2361,8.123287671,0.6348,,,,,,resources/images/scam10.jpg,scam,1,0.65,0,0,,,,,,,,,,,0,17,17,17,1,,,,,,,,,,,,,,,,,,,,,,,,,,,,,,,,,,,,,,,,,,,,,,,,,,,,,,,,,,,,,,,,,,,,,,,
,,,,,,,,,,,001,2025-05-08_19h29.25.246,SLSINC2_O,2022.2.5,Win32,59.52380952,,,,,,,,,,,43,"[485.6,586.1972000000477,632.3882000000477,648.1012000000477,668.6975000000001,720.7537999999523,736.3722000000478,783.0413999999762,806.3870000000001,826.1335,848.9451000000239,897.936,919.1987000000478,948.5267000000478,957.2907999999524,1001.5155000000001,1012.2471000000238,1028.5102999999522,1049.8897000000477,1093.5146000000238,1112.7105,1187.579,1219.7392999999522,1231.5041000000238,1456.1601000000237,1480.4222000000477,1499.1847999999522,1519.4977999999523,1537.177,1561.7557999999522,1576.119899999976,1594.933,1620.0612000000476,1631.7092999999522,1657.7536000000239,1667.202,1681.249,1707.8105,1724.7076000000238,1761.5503999999762,1790.5327000000477,1836.7866000000238,1848.2044999999998]","[485.6001000000239,586.1972999999524,632.3882000000477,648.1012000000477,668.6975000000001,720.7537999999523,736.3722000000478,783.0415,806.3871000000239,826.1336000000239,848.9452000000477,897.9361000000239,919.1987000000478,948.5267999999523,957.2907999999524,1001.5156000000239,1012.2471000000238,1028.510399999976,1049.8897000000477,1093.5146000000238,1112.7105,1187.5791000000238,1219.7392999999522,1231.5041000000238,1456.1601000000237,1480.4222000000477,1499.184899999976,1519.4977999999523,1537.177,1561.7557999999522,1576.119899999976,1594.9331000000238,1620.0612999999523,1631.7092999999522,1657.7536000000239,1667.202,1681.249,1707.8105,1724.7077000000477,1761.5504999999998,1790.5327000000477,1836.7867999999523,1848.2046000000237]",,23,"[493.33039999997624,588.1618999999763,784.1235000000001,827.1980000000001,849.6275,949.2743999999763,1012.8453999999763,1050.5878999999763,1094.2627000000477,1220.921,1232.3358999999762,1499.9168999999763,1520.496100000024,1537.8425000000002,1576.7352000000478,1595.8812000000478,1632.9405000000002,1667.8503000000717,1682.1478000000716,1708.7928000000716,1762.4656000000239,1791.3143999999763,1837.4178000000716]","[493.3305000000001,588.1618999999763,784.1235000000001,827.1980000000001,849.6275,949.2745000000001,1012.8455000000001,1050.5880000000002,1094.2627000000477,1220.921100000024,1232.336,1499.9170000000001,1520.496100000024,1537.8426000000238,1576.7353000000717,1595.8812000000478,1632.9405000000002,1667.8503000000717,1682.1478999999763,1708.7928000000716,1762.4657000000477,1791.3145000000002,1837.4178999999763]",20,"[633.5352999999523,648.8992999999523,669.3952000000477,721.5182999999524,737.1653999999762,808.7512000000477,898.8003999999762,919.779600000024,958.8722000000478,1002.797,1029.1582999999523,1113.791600000024,1188.277399999976,1457.2243999999762,1481.253,1562.704,1620.7425,1659.0346000000238,1725.7385,1848.8683999999762]","[633.5352999999523,648.8992999999523,669.3952999999524,721.5182999999524,737.1655000000001,808.7512000000477,898.8003999999762,919.779600000024,958.8722999999522,1002.7971000000239,1029.1582999999523,1113.791600000024,1188.2775,1457.2243999999762,1481.2531000000238,1562.704,1620.7425,1659.0347000000477,1725.7385,1848.8685]","[""legit_button""]",8.046575677,0.6695,6.97260274,0.7086,7.016438523,0.3198,,,,,,resources/images/scam13.png,scam,1,0.65,0,0,,,,,,,,,,,0,18,18,16,1,,,,,,,,,,,,,,,,,,,,,,,,,,,,,,,,,,,,,,,,,,,,,,,,,,,,,,,,,,,,,,,,,,,,,,,
,,,,,,,,,,,001,2025-05-08_19h29.25.246,SLSINC2_O,2022.2.5,Win32,59.52380952,,,,,,,,,,,44,"[485.6,586.1972000000477,632.3882000000477,648.1012000000477,668.6975000000001,720.7537999999523,736.3722000000478,783.0413999999762,806.3870000000001,826.1335,848.9451000000239,897.936,919.1987000000478,948.5267000000478,957.2907999999524,1001.5155000000001,1012.2471000000238,1028.5102999999522,1049.8897000000477,1093.5146000000238,1112.7105,1187.579,1219.7392999999522,1231.5041000000238,1456.1601000000237,1480.4222000000477,1499.1847999999522,1519.4977999999523,1537.177,1561.7557999999522,1576.119899999976,1594.933,1620.0612000000476,1631.7092999999522,1657.7536000000239,1667.202,1681.249,1707.8105,1724.7076000000238,1761.5503999999762,1790.5327000000477,1836.7866000000238,1848.2044999999998,1880.6767999999522]","[485.6001000000239,586.1972999999524,632.3882000000477,648.1012000000477,668.6975000000001,720.7537999999523,736.3722000000478,783.0415,806.3871000000239,826.1336000000239,848.9452000000477,897.9361000000239,919.1987000000478,948.5267999999523,957.2907999999524,1001.5156000000239,1012.2471000000238,1028.510399999976,1049.8897000000477,1093.5146000000238,1112.7105,1187.5791000000238,1219.7392999999522,1231.5041000000238,1456.1601000000237,1480.4222000000477,1499.184899999976,1519.4977999999523,1537.177,1561.7557999999522,1576.119899999976,1594.9331000000238,1620.0612999999523,1631.7092999999522,1657.7536000000239,1667.202,1681.249,1707.8105,1724.7077000000477,1761.5504999999998,1790.5327000000477,1836.7867999999523,1848.2046000000237,1880.676899999976]",,23,"[493.33039999997624,588.1618999999763,784.1235000000001,827.1980000000001,849.6275,949.2743999999763,1012.8453999999763,1050.5878999999763,1094.2627000000477,1220.921,1232.3358999999762,1499.9168999999763,1520.496100000024,1537.8425000000002,1576.7352000000478,1595.8812000000478,1632.9405000000002,1667.8503000000717,1682.1478000000716,1708.7928000000716,1762.4656000000239,1791.3143999999763,1837.4178000000716]","[493.3305000000001,588.1618999999763,784.1235000000001,827.1980000000001,849.6275,949.2745000000001,1012.8455000000001,1050.5880000000002,1094.2627000000477,1220.921100000024,1232.336,1499.9170000000001,1520.496100000024,1537.8426000000238,1576.7353000000717,1595.8812000000478,1632.9405000000002,1667.8503000000717,1682.1478999999763,1708.7928000000716,1762.4657000000477,1791.3145000000002,1837.4178999999763]",21,"[633.5352999999523,648.8992999999523,669.3952000000477,721.5182999999524,737.1653999999762,808.7512000000477,898.8003999999762,919.779600000024,958.8722000000478,1002.797,1029.1582999999523,1113.791600000024,1188.277399999976,1457.2243999999762,1481.253,1562.704,1620.7425,1659.0346000000238,1725.7385,1848.8683999999762,1881.5915]","[633.5352999999523,648.8992999999523,669.3952999999524,721.5182999999524,737.1655000000001,808.7512000000477,898.8003999999762,919.779600000024,958.8722999999522,1002.7971000000239,1029.1582999999523,1113.791600000024,1188.2775,1457.2243999999762,1481.2531000000238,1562.704,1620.7425,1659.0347000000477,1725.7385,1848.8685,1881.5916000000238]","[""legit_button""]",7.02739726,0.7052,5.843836118,0.6331,5.767123288,0.8121,,,,,,resources/images/legit6.png,legit,0.65,0.65,0,0,,,,,,,,,,,0,19,19,13,1,,,,,,,,,,,,,,,,,,,,,,,,,,,,,,,,,,,,,,,,,,,,,,,,,,,,,,,,,,,,,,,,,,,,,,,
,,,,,,,,,,,001,2025-05-08_19h29.25.246,SLSINC2_O,2022.2.5,Win32,59.52380952,,,,,,,,,,,45,"[485.6,586.1972000000477,632.3882000000477,648.1012000000477,668.6975000000001,720.7537999999523,736.3722000000478,783.0413999999762,806.3870000000001,826.1335,848.9451000000239,897.936,919.1987000000478,948.5267000000478,957.2907999999524,1001.5155000000001,1012.2471000000238,1028.5102999999522,1049.8897000000477,1093.5146000000238,1112.7105,1187.579,1219.7392999999522,1231.5041000000238,1456.1601000000237,1480.4222000000477,1499.1847999999522,1519.4977999999523,1537.177,1561.7557999999522,1576.119899999976,1594.933,1620.0612000000476,1631.7092999999522,1657.7536000000239,1667.202,1681.249,1707.8105,1724.7076000000238,1761.5503999999762,1790.5327000000477,1836.7866000000238,1848.2044999999998,1880.6767999999522,1895.4742999999523]","[485.6001000000239,586.1972999999524,632.3882000000477,648.1012000000477,668.6975000000001,720.7537999999523,736.3722000000478,783.0415,806.3871000000239,826.1336000000239,848.9452000000477,897.9361000000239,919.1987000000478,948.5267999999523,957.2907999999524,1001.5156000000239,1012.2471000000238,1028.510399999976,1049.8897000000477,1093.5146000000238,1112.7105,1187.5791000000238,1219.7392999999522,1231.5041000000238,1456.1601000000237,1480.4222000000477,1499.184899999976,1519.4977999999523,1537.177,1561.7557999999522,1576.119899999976,1594.9331000000238,1620.0612999999523,1631.7092999999522,1657.7536000000239,1667.202,1681.249,1707.8105,1724.7077000000477,1761.5504999999998,1790.5327000000477,1836.7867999999523,1848.2046000000237,1880.676899999976,1895.4742999999523]",,24,"[493.33039999997624,588.1618999999763,784.1235000000001,827.1980000000001,849.6275,949.2743999999763,1012.8453999999763,1050.5878999999763,1094.2627000000477,1220.921,1232.3358999999762,1499.9168999999763,1520.496100000024,1537.8425000000002,1576.7352000000478,1595.8812000000478,1632.9405000000002,1667.8503000000717,1682.1478000000716,1708.7928000000716,1762.4656000000239,1791.3143999999763,1837.4178000000716,1896.1057000000478]","[493.3305000000001,588.1618999999763,784.1235000000001,827.1980000000001,849.6275,949.2745000000001,1012.8455000000001,1050.5880000000002,1094.2627000000477,1220.921100000024,1232.336,1499.9170000000001,1520.496100000024,1537.8426000000238,1576.7353000000717,1595.8812000000478,1632.9405000000002,1667.8503000000717,1682.1478999999763,1708.7928000000716,1762.4657000000477,1791.3145000000002,1837.4178999999763,1896.1057000000478]",21,"[633.5352999999523,648.8992999999523,669.3952000000477,721.5182999999524,737.1653999999762,808.7512000000477,898.8003999999762,919.779600000024,958.8722000000478,1002.797,1029.1582999999523,1113.791600000024,1188.277399999976,1457.2243999999762,1481.253,1562.704,1620.7425,1659.0346000000238,1725.7385,1848.8683999999762,1881.5915]","[633.5352999999523,648.8992999999523,669.3952999999524,721.5182999999524,737.1655000000001,808.7512000000477,898.8003999999762,919.779600000024,958.8722999999522,1002.7971000000239,1029.1582999999523,1113.791600000024,1188.2775,1457.2243999999762,1481.2531000000238,1562.704,1620.7425,1659.0347000000477,1725.7385,1848.8685,1881.5916000000238]","[""scam_button""]",7.871233378,0.9875,6.819177915,0.837,7.04931557,0.4907,,,,,,resources/images/legit7-EDIT.png,legit,0.65,0.65,0,0,,,,,,,,,,,0,20,20,14,1,,,,,,,,,,,,,,,,,,,,,,,,,,,,,,,,,,,,,,,,,,,,,,,,,,,,,,,,,,,,,,,,,,,,,,,
,,,,,,,,,,,001,2025-05-08_19h29.25.246,SLSINC2_O,2022.2.5,Win32,59.52380952,,,,,,,,,,,46,"[485.6,586.1972000000477,632.3882000000477,648.1012000000477,668.6975000000001,720.7537999999523,736.3722000000478,783.0413999999762,806.3870000000001,826.1335,848.9451000000239,897.936,919.1987000000478,948.5267000000478,957.2907999999524,1001.5155000000001,1012.2471000000238,1028.5102999999522,1049.8897000000477,1093.5146000000238,1112.7105,1187.579,1219.7392999999522,1231.5041000000238,1456.1601000000237,1480.4222000000477,1499.1847999999522,1519.4977999999523,1537.177,1561.7557999999522,1576.119899999976,1594.933,1620.0612000000476,1631.7092999999522,1657.7536000000239,1667.202,1681.249,1707.8105,1724.7076000000238,1761.5503999999762,1790.5327000000477,1836.7866000000238,1848.2044999999998,1880.6767999999522,1895.4742999999523,1911.8376000000237]","[485.6001000000239,586.1972999999524,632.3882000000477,648.1012000000477,668.6975000000001,720.7537999999523,736.3722000000478,783.0415,806.3871000000239,826.1336000000239,848.9452000000477,897.9361000000239,919.1987000000478,948.5267999999523,957.2907999999524,1001.5156000000239,1012.2471000000238,1028.510399999976,1049.8897000000477,1093.5146000000238,1112.7105,1187.5791000000238,1219.7392999999522,1231.5041000000238,1456.1601000000237,1480.4222000000477,1499.184899999976,1519.4977999999523,1537.177,1561.7557999999522,1576.119899999976,1594.9331000000238,1620.0612999999523,1631.7092999999522,1657.7536000000239,1667.202,1681.249,1707.8105,1724.7077000000477,1761.5504999999998,1790.5327000000477,1836.7867999999523,1848.2046000000237,1880.676899999976,1895.4742999999523,1911.8376000000237]",,25,"[493.33039999997624,588.1618999999763,784.1235000000001,827.1980000000001,849.6275,949.2743999999763,1012.8453999999763,1050.5878999999763,1094.2627000000477,1220.921,1232.3358999999762,1499.9168999999763,1520.496100000024,1537.8425000000002,1576.7352000000478,1595.8812000000478,1632.9405000000002,1667.8503000000717,1682.1478000000716,1708.7928000000716,1762.4656000000239,1791.3143999999763,1837.4178000000716,1896.1057000000478,1912.519]","[493.3305000000001,588.1618999999763,784.1235000000001,827.1980000000001,849.6275,949.2745000000001,1012.8455000000001,1050.5880000000002,1094.2627000000477,1220.921100000024,1232.336,1499.9170000000001,1520.496100000024,1537.8426000000238,1576.7353000000717,1595.8812000000478,1632.9405000000002,1667.8503000000717,1682.1478999999763,1708.7928000000716,1762.4657000000477,1791.3145000000002,1837.4178999999763,1896.1057000000478,1912.519]",21,"[633.5352999999523,648.8992999999523,669.3952000000477,721.5182999999524,737.1653999999762,808.7512000000477,898.8003999999762,919.779600000024,958.8722000000478,1002.797,1029.1582999999523,1113.791600000024,1188.277399999976,1457.2243999999762,1481.253,1562.704,1620.7425,1659.0346000000238,1725.7385,1848.8683999999762,1881.5915]","[633.5352999999523,648.8992999999523,669.3952999999524,721.5182999999524,737.1655000000001,808.7512000000477,898.8003999999762,919.779600000024,958.8722999999522,1002.7971000000239,1029.1582999999523,1113.791600000024,1188.2775,1457.2243999999762,1481.2531000000238,1562.704,1620.7425,1659.0347000000477,1725.7385,1848.8685,1881.5916000000238]","[""scam_button""]",8.824658538,0.7806,7.915068326,0.5401,7.871233378,0.3979,,,,,,resources/images/legit14-EDIT.jpg,legit,1,0.65,0,0,,,,,,,,,,,0,21,21,21,1,,,,,,,,,,,,,,,,,,,,,,,,,,,,,,,,,,,,,,,,,,,,,,,,,,,,,,,,,,,,,,,,,,,,,,,
,,,,,,,,,,,001,2025-05-08_19h29.25.246,SLSINC2_O,2022.2.5,Win32,59.52380952,,,,,,,,,,,47,"[485.6,586.1972000000477,632.3882000000477,648.1012000000477,668.6975000000001,720.7537999999523,736.3722000000478,783.0413999999762,806.3870000000001,826.1335,848.9451000000239,897.936,919.1987000000478,948.5267000000478,957.2907999999524,1001.5155000000001,1012.2471000000238,1028.5102999999522,1049.8897000000477,1093.5146000000238,1112.7105,1187.579,1219.7392999999522,1231.5041000000238,1456.1601000000237,1480.4222000000477,1499.1847999999522,1519.4977999999523,1537.177,1561.7557999999522,1576.119899999976,1594.933,1620.0612000000476,1631.7092999999522,1657.7536000000239,1667.202,1681.249,1707.8105,1724.7076000000238,1761.5503999999762,1790.5327000000477,1836.7866000000238,1848.2044999999998,1880.6767999999522,1895.4742999999523,1911.8376000000237,1923.902]","[485.6001000000239,586.1972999999524,632.3882000000477,648.1012000000477,668.6975000000001,720.7537999999523,736.3722000000478,783.0415,806.3871000000239,826.1336000000239,848.9452000000477,897.9361000000239,919.1987000000478,948.5267999999523,957.2907999999524,1001.5156000000239,1012.2471000000238,1028.510399999976,1049.8897000000477,1093.5146000000238,1112.7105,1187.5791000000238,1219.7392999999522,1231.5041000000238,1456.1601000000237,1480.4222000000477,1499.184899999976,1519.4977999999523,1537.177,1561.7557999999522,1576.119899999976,1594.9331000000238,1620.0612999999523,1631.7092999999522,1657.7536000000239,1667.202,1681.249,1707.8105,1724.7077000000477,1761.5504999999998,1790.5327000000477,1836.7867999999523,1848.2046000000237,1880.676899999976,1895.4742999999523,1911.8376000000237,1923.902]",,26,"[493.33039999997624,588.1618999999763,784.1235000000001,827.1980000000001,849.6275,949.2743999999763,1012.8453999999763,1050.5878999999763,1094.2627000000477,1220.921,1232.3358999999762,1499.9168999999763,1520.496100000024,1537.8425000000002,1576.7352000000478,1595.8812000000478,1632.9405000000002,1667.8503000000717,1682.1478000000716,1708.7928000000716,1762.4656000000239,1791.3143999999763,1837.4178000000716,1896.1057000000478,1912.519,1924.4672000000478]","[493.3305000000001,588.1618999999763,784.1235000000001,827.1980000000001,849.6275,949.2745000000001,1012.8455000000001,1050.5880000000002,1094.2627000000477,1220.921100000024,1232.336,1499.9170000000001,1520.496100000024,1537.8426000000238,1576.7353000000717,1595.8812000000478,1632.9405000000002,1667.8503000000717,1682.1478999999763,1708.7928000000716,1762.4657000000477,1791.3145000000002,1837.4178999999763,1896.1057000000478,1912.519,1924.4672000000478]",21,"[633.5352999999523,648.8992999999523,669.3952000000477,721.5182999999524,737.1653999999762,808.7512000000477,898.8003999999762,919.779600000024,958.8722000000478,1002.797,1029.1582999999523,1113.791600000024,1188.277399999976,1457.2243999999762,1481.253,1562.704,1620.7425,1659.0346000000238,1725.7385,1848.8683999999762,1881.5915]","[633.5352999999523,648.8992999999523,669.3952999999524,721.5182999999524,737.1655000000001,808.7512000000477,898.8003999999762,919.779600000024,958.8722999999522,1002.7971000000239,1029.1582999999523,1113.791600000024,1188.2775,1457.2243999999762,1481.2531000000238,1562.704,1620.7425,1659.0347000000477,1725.7385,1848.8685,1881.5916000000238]","[""scam_button""]",8.791781491,0.7574,8.024657367,0.6402,8.002739893,0.4436,,,,,,resources/images/scam4.png,scam,0.8,0.65,0,0,,,,,,,,,,,0,22,22,6,1,,,,,,,,,,,,,,,,,,,,,,,,,,,,,,,,,,,,,,,,,,,,,,,,,,,,,,,,,,,,,,,,,,,,,,,
,,,,,,,,,,,001,2025-05-08_19h29.25.246,SLSINC2_O,2022.2.5,Win32,59.52380952,,,,,,,,,,,48,"[485.6,586.1972000000477,632.3882000000477,648.1012000000477,668.6975000000001,720.7537999999523,736.3722000000478,783.0413999999762,806.3870000000001,826.1335,848.9451000000239,897.936,919.1987000000478,948.5267000000478,957.2907999999524,1001.5155000000001,1012.2471000000238,1028.5102999999522,1049.8897000000477,1093.5146000000238,1112.7105,1187.579,1219.7392999999522,1231.5041000000238,1456.1601000000237,1480.4222000000477,1499.1847999999522,1519.4977999999523,1537.177,1561.7557999999522,1576.119899999976,1594.933,1620.0612000000476,1631.7092999999522,1657.7536000000239,1667.202,1681.249,1707.8105,1724.7076000000238,1761.5503999999762,1790.5327000000477,1836.7866000000238,1848.2044999999998,1880.6767999999522,1895.4742999999523,1911.8376000000237,1923.902,1932.2668999999762]","[485.6001000000239,586.1972999999524,632.3882000000477,648.1012000000477,668.6975000000001,720.7537999999523,736.3722000000478,783.0415,806.3871000000239,826.1336000000239,848.9452000000477,897.9361000000239,919.1987000000478,948.5267999999523,957.2907999999524,1001.5156000000239,1012.2471000000238,1028.510399999976,1049.8897000000477,1093.5146000000238,1112.7105,1187.5791000000238,1219.7392999999522,1231.5041000000238,1456.1601000000237,1480.4222000000477,1499.184899999976,1519.4977999999523,1537.177,1561.7557999999522,1576.119899999976,1594.9331000000238,1620.0612999999523,1631.7092999999522,1657.7536000000239,1667.202,1681.249,1707.8105,1724.7077000000477,1761.5504999999998,1790.5327000000477,1836.7867999999523,1848.2046000000237,1880.676899999976,1895.4742999999523,1911.8376000000237,1923.902,1932.2669999999998]",,27,"[493.33039999997624,588.1618999999763,784.1235000000001,827.1980000000001,849.6275,949.2743999999763,1012.8453999999763,1050.5878999999763,1094.2627000000477,1220.921,1232.3358999999762,1499.9168999999763,1520.496100000024,1537.8425000000002,1576.7352000000478,1595.8812000000478,1632.9405000000002,1667.8503000000717,1682.1478000000716,1708.7928000000716,1762.4656000000239,1791.3143999999763,1837.4178000000716,1896.1057000000478,1912.519,1924.4672000000478,1932.9648999999763]","[493.3305000000001,588.1618999999763,784.1235000000001,827.1980000000001,849.6275,949.2745000000001,1012.8455000000001,1050.5880000000002,1094.2627000000477,1220.921100000024,1232.336,1499.9170000000001,1520.496100000024,1537.8426000000238,1576.7353000000717,1595.8812000000478,1632.9405000000002,1667.8503000000717,1682.1478999999763,1708.7928000000716,1762.4657000000477,1791.3145000000002,1837.4178999999763,1896.1057000000478,1912.519,1924.4672000000478,1932.9648999999763]",21,"[633.5352999999523,648.8992999999523,669.3952000000477,721.5182999999524,737.1653999999762,808.7512000000477,898.8003999999762,919.779600000024,958.8722000000478,1002.797,1029.1582999999523,1113.791600000024,1188.277399999976,1457.2243999999762,1481.253,1562.704,1620.7425,1659.0346000000238,1725.7385,1848.8683999999762,1881.5915]","[633.5352999999523,648.8992999999523,669.3952999999524,721.5182999999524,737.1655000000001,808.7512000000477,898.8003999999762,919.779600000024,958.8722999999522,1002.7971000000239,1029.1582999999523,1113.791600000024,1188.2775,1457.2243999999762,1481.2531000000238,1562.704,1620.7425,1659.0347000000477,1725.7385,1848.8685,1881.5916000000238]","[""scam_button""]",8.846576011,0.7204,7.684931507,0.505,7.761644337,0.342,,,,,,resources/images/scam_1.png,scam,1,0.65,0,0,,,,,,,,,,,0,23,23,0,1,,,,,,,,,,,,,,,,,,,,,,,,,,,,,,,,,,,,,,,,,,,,,,,,,,,,,,,,,,,,,,,,,,,,,,,
,,,,,,,,,,,001,2025-05-08_19h29.25.246,SLSINC2_O,2022.2.5,Win32,59.52380952,,,,,,,,,,,,,,,,,,,,,,,,,,,,,,,,,,,,,,,,,,,,,,,,,,,,,,space,15.296,,,,,,,,,,,,,,,,,,,,,,,,,,,,,,,,,,,,,,,,,,,,,,,,,,,,,,,,,,,,,,,,,,,,,
,,,,,,,,,,,001,2025-05-08_19h29.25.246,SLSINC2_O,2022.2.5,Win32,59.52380952,,,,,,,,,,,,,,,,,,,,,,,,,,,,,,,,,,,,,,,,,,,,,,,,,,,,,,,,5,5.7739,"....is reliable, can always be counted on",0,0,0,4,1,"....is reliable, can always be counted on",,,,,,,,,,,,,,,,,,,,,,,,,,,,,,,,,,,,,,,,,,,,,,,,,,,,,,,,,,,,
,,,,,,,,,,,001,2025-05-08_19h29.25.246,SLSINC2_O,2022.2.5,Win32,59.52380952,,,,,,,,,,,,,,,,,,,,,,,,,,,,,,,,,,,,,,,,,,,,,,,,,,,,,,,,5,4.254,...finds clever ways to do things,0,1,1,3,1,...finds clever ways to do things,,,,,,,,,,,,,,,,,,,,,,,,,,,,,,,,,,,,,,,,,,,,,,,,,,,,,,,,,,,,
,,,,,,,,,,,001,2025-05-08_19h29.25.246,SLSINC2_O,2022.2.5,Win32,59.52380952,,,,,,,,,,,,,,,,,,,,,,,,,,,,,,,,,,,,,,,,,,,,,,,,,,,,,,,,2,5.8284,...often feels sad,0,2,2,0,1,...often feels sad,,,,,,,,,,,,,,,,,,,,,,,,,,,,,,,,,,,,,,,,,,,,,,,,,,,,,,,,,,,,
,,,,,,,,,,,001,2025-05-08_19h29.25.246,SLSINC2_O,2022.2.5,Win32,59.52380952,,,,,,,,,,,,,,,,,,,,,,,,,,,,,,,,,,,,,,,,,,,,,,,,,,,,,,,,4,2.876,"...is persistent, works until the task is finished",0,3,3,5,1,"...is persistent, works until the task is finished",,,,,,,,,,,,,,,,,,,,,,,,,,,,,,,,,,,,,,,,,,,,,,,,,,,,,,,,,,,,
,,,,,,,,,,,001,2025-05-08_19h29.25.246,SLSINC2_O,2022.2.5,Win32,59.52380952,,,,,,,,,,,,,,,,,,,,,,,,,,,,,,,,,,,,,,,,,,,,,,,,,,,,,,,,4,2.2528,...is inventive,0,4,4,2,1,...is inventive,,,,,,,,,,,,,,,,,,,,,,,,,,,,,,,,,,,,,,,,,,,,,,,,,,,,,,,,,,,,
,,,,,,,,,,,001,2025-05-08_19h29.25.246,SLSINC2_O,2022.2.5,Win32,59.52380952,,,,,,,,,,,,,,,,,,,,,,,,,,,,,,,,,,,,,,,,,,,,,,,,,,,,,,,,2,3.1802,...is talktative,0,5,5,1,1,...is talktative,,,,,,,,,,,,,,,,,,,,,,,,,,,,,,,,,,,,,,,,,,,,,,,,,,,,,,,,,,,,
,,,,,,,,,,,001,2025-05-08_19h29.25.246,SLSINC2_O,2022.2.5,Win32,59.52380952,,,,,,,,,,,,,,,,,,,,,,,,,,,,,,,,,,,,,,,,,,,,,,,,,,,,,,,,,,,,,,,,,space,7.0494,,,,,,,,,,,,,,,,,,,,,,,,,,,,,,,,,,,,,,,,,,,,,,,,,,,,,,,,,,
,,,,,,,,,,,001,2025-05-08_19h29.25.246,SLSINC2_O,2022.2.5,Win32,59.52380952,,,,,,,,,,,,,,,,,,,,,,,,,,,,,,,,,,,,,,,,,,,,,,,,,,,,,,,,,,,,,,,,,,,4,6.8659,,0,0,0,7,1,I think that I will be remembered for a long time after I die.,,,,,,,,,,,,,,,,,,,,,,,,,,,,,,,,,,,,,,,,,,,,,,,,,
,,,,,,,,,,,001,2025-05-08_19h29.25.246,SLSINC2_O,2022.2.5,Win32,59.52380952,,,,,,,,,,,,,,,,,,,,,,,,,,,,,,,,,,,,,,,,,,,,,,,,,,,,,,,,,,,,,,,,,,,3,5.6211,,0,1,1,14,1,I feel as though I have done a lot to contribute to others.,,,,,,,,,,,,,,,,,,,,,,,,,,,,,,,,,,,,,,,,,,,,,,,,,
,,,,,,,,,,,001,2025-05-08_19h29.25.246,SLSINC2_O,2022.2.5,Win32,59.52380952,,,,,,,,,,,,,,,,,,,,,,,,,,,,,,,,,,,,,,,,,,,,,,,,,,,,,,,,,,,,,,,,,,,3,3.366,,0,2,2,6,1,I try to be creative in most things that I do.,,,,,,,,,,,,,,,,,,,,,,,,,,,,,,,,,,,,,,,,,,,,,,,,,
,,,,,,,,,,,001,2025-05-08_19h29.25.246,SLSINC2_O,2022.2.5,Win32,59.52380952,,,,,,,,,,,,,,,,,,,,,,,,,,,,,,,,,,,,,,,,,,,,,,,,,,,,,,,,,,,,,,,,,,,3,4.2008,,0,3,3,13,1,"In general, my actions have a positive effect on other people.",,,,,,,,,,,,,,,,,,,,,,,,,,,,,,,,,,,,,,,,,,,,,,,,,
,,,,,,,,,,,001,2025-05-08_19h29.25.246,SLSINC2_O,2022.2.5,Win32,59.52380952,,,,,,,,,,,,,,,,,,,,,,,,,,,,,,,,,,,,,,,,,,,,,,,,,,,,,,,,,,,,,,,,,,,3,2.5337,,0,4,4,4,1,I volunteer to work for a charity.,,,,,,,,,,,,,,,,,,,,,,,,,,,,,,,,,,,,,,,,,,,,,,,,,
,,,,,,,,,,,001,2025-05-08_19h29.25.246,SLSINC2_O,2022.2.5,Win32,59.52380952,,,,,,,,,,,,,,,,,,,,,,,,,,,,,,,,,,,,,,,,,,,,,,,,,,,,,,,,,,,,,,,,,,,3,2.812,,0,5,5,16,1,Other people say that I am a very productive person.,,,,,,,,,,,,,,,,,,,,,,,,,,,,,,,,,,,,,,,,,,,,,,,,,
,,,,,,,,,,,001,2025-05-08_19h29.25.246,SLSINC2_O,2022.2.5,Win32,59.52380952,,,,,,,,,,,,,,,,,,,,,,,,,,,,,,,,,,,,,,,,,,,,,,,,,,,,,,,,,,,,,,,,,,,3,2.7378,,0,6,6,18,1,People come to me for advice.,,,,,,,,,,,,,,,,,,,,,,,,,,,,,,,,,,,,,,,,,,,,,,,,,
,,,,,,,,,,,001,2025-05-08_19h29.25.246,SLSINC2_O,2022.2.5,Win32,59.52380952,,,,,,,,,,,,,,,,,,,,,,,,,,,,,,,,,,,,,,,,,,,,,,,,,,,,,,,,,,,,,,,,,,,3,4.2437,,0,7,7,1,1,I feel that other people need me.,,,,,,,,,,,,,,,,,,,,,,,,,,,,,,,,,,,,,,,,,,,,,,,,,
,,,,,,,,,,,001,2025-05-08_19h29.25.246,SLSINC2_O,2022.2.5,Win32,59.52380952,,,,,,,,,,,,,,,,,,,,,,,,,,,,,,,,,,,,,,,,,,,,,,,,,,,,,,,,,,,,,,,,,,,4,5.8232,,0,8,8,8,1,I believe that society should be responsible for providing food and shelter for all homeless people.,,,,,,,,,,,,,,,,,,,,,,,,,,,,,,,,,,,,,,,,,,,,,,,,,
,,,,,,,,,,,001,2025-05-08_19h29.25.246,SLSINC2_O,2022.2.5,Win32,59.52380952,,,,,,,,,,,,,,,,,,,,,,,,,,,,,,,,,,,,,,,,,,,,,,,,,,,,,,,,,,,,,,,,,,,3,3.2021,,0,9,9,3,1,I feel as though I have made a difference to many people.,,,,,,,,,,,,,,,,,,,,,,,,,,,,,,,,,,,,,,,,,,,,,,,,,
,,,,,,,,,,,001,2025-05-08_19h29.25.246,SLSINC2_O,2022.2.5,Win32,59.52380952,,,,,,,,,,,,,,,,,,,,,,,,,,,,,,,,,,,,,,,,,,,,,,,,,,,,,,,,,,,,,,,,,,,3,2.4562,,0,10,10,11,1,I have important skills that I try to teach others.,,,,,,,,,,,,,,,,,,,,,,,,,,,,,,,,,,,,,,,,,,,,,,,,,
,,,,,,,,,,,001,2025-05-08_19h29.25.246,SLSINC2_O,2022.2.5,Win32,59.52380952,,,,,,,,,,,,,,,,,,,,,,,,,,,,,,,,,,,,,,,,,,,,,,,,,,,,,,,,,,,,,,,,,,,2,3.7519,,0,11,11,17,1,I have a responsibility to improve the neighborhood in which I live.,,,,,,,,,,,,,,,,,,,,,,,,,,,,,,,,,,,,,,,,,,,,,,,,,
,,,,,,,,,,,001,2025-05-08_19h29.25.246,SLSINC2_O,2022.2.5,Win32,59.52380952,,,,,,,,,,,,,,,,,,,,,,,,,,,,,,,,,,,,,,,,,,,,,,,,,,,,,,,,,,,,,,,,,,,2,4.3099,,0,12,12,2,1,I think I would like the work of a teacher.,,,,,,,,,,,,,,,,,,,,,,,,,,,,,,,,,,,,,,,,,,,,,,,,,
,,,,,,,,,,,001,2025-05-08_19h29.25.246,SLSINC2_O,2022.2.5,Win32,59.52380952,,,,,,,,,,,,,,,,,,,,,,,,,,,,,,,,,,,,,,,,,,,,,,,,,,,,,,,,,,,,,,,,,,,3,5.3538,,0,13,13,12,1,I feel that things I have done in my life will survive after I die.,,,,,,,,,,,,,,,,,,,,,,,,,,,,,,,,,,,,,,,,,,,,,,,,,
,,,,,,,,,,,001,2025-05-08_19h29.25.246,SLSINC2_O,2022.2.5,Win32,59.52380952,,,,,,,,,,,,,,,,,,,,,,,,,,,,,,,,,,,,,,,,,,,,,,,,,,,,,,,,,,,,,,,,,,,3,3.2681,,0,14,14,5,1,I have made and created things that have had an impact on other people.,,,,,,,,,,,,,,,,,,,,,,,,,,,,,,,,,,,,,,,,,,,,,,,,,
,,,,,,,,,,,001,2025-05-08_19h29.25.246,SLSINC2_O,2022.2.5,Win32,59.52380952,,,,,,,,,,,,,,,,,,,,,,,,,,,,,,,,,,,,,,,,,,,,,,,,,,,,,,,,,,,,,,,,,,,3,4.9222,,0,15,15,9,1,Others would say that I have made unique contributions to society.,,,,,,,,,,,,,,,,,,,,,,,,,,,,,,,,,,,,,,,,,,,,,,,,,
,,,,,,,,,,,001,2025-05-08_19h29.25.246,SLSINC2_O,2022.2.5,Win32,59.52380952,,,,,,,,,,,,,,,,,,,,,,,,,,,,,,,,,,,,,,,,,,,,,,,,,,,,,,,,,,,,,,,,,,,3,3.9837,,0,16,16,15,1,"I have made many commitments to many different kinds of people, groups, and activities in my life.",,,,,,,,,,,,,,,,,,,,,,,,,,,,,,,,,,,,,,,,,,,,,,,,,
,,,,,,,,,,,001,2025-05-08_19h29.25.246,SLSINC2_O,2022.2.5,Win32,59.52380952,,,,,,,,,,,,,,,,,,,,,,,,,,,,,,,,,,,,,,,,,,,,,,,,,,,,,,,,,,,,,,,,,,,3,4.5409,,0,17,17,0,1,Try to pass along the knowledge I have gained through my experiences.,,,,,,,,,,,,,,,,,,,,,,,,,,,,,,,,,,,,,,,,,,,,,,,,,
,,,,,,,,,,,001,2025-05-08_19h29.25.246,SLSINC2_O,2022.2.5,Win32,59.52380952,,,,,,,,,,,,,,,,,,,,,,,,,,,,,,,,,,,,,,,,,,,,,,,,,,,,,,,,,,,,,,,,,,,3,3.429,,0,18,18,19,1,I feel as though my contributions will exist after I die.,,,,,,,,,,,,,,,,,,,,,,,,,,,,,,,,,,,,,,,,,,,,,,,,,
,,,,,,,,,,,001,2025-05-08_19h29.25.246,SLSINC2_O,2022.2.5,Win32,59.52380952,,,,,,,,,,,,,,,,,,,,,,,,,,,,,,,,,,,,,,,,,,,,,,,,,,,,,,,,,,,,,,,,,,,4,7.0096,,0,19,19,10,1,"If I were unable to have children of my own, I would like to adopt children.",,,,,,,,,,,,,,,,,,,,,,,,,,,,,,,,,,,,,,,,,,,,,,,,,
,,,,,,,,,,,001,2025-05-08_19h29.25.246,SLSINC2_O,2022.2.5,Win32,59.52380952,,,,,,,,,,,,,,,,,,,,,,,,,,,,,,,,,,,,,,,,,,,,,,,,,,,,,,,,,,,,,,,,,,,,,,,,,,,,space,7.2068,,,,,,,,,,,,,,,,,,,,,,,,,,,,,,,,,,,,,,,,,,,,,,,
,,,,,,,,,,,001,2025-05-08_19h29.25.246,SLSINC2_O,2022.2.5,Win32,59.52380952,,,,,,,,,,,,,,,,,,,,,,,,,,,,,,,,,,,,,,,,,,,,,,,,,,,,,,,,,,,,,,,,,,,,,,,,,,,I feel part of a group of friends,,,2,6.023,,0,0,0,4,1,,,,,,,,,,,,,,,,,,,,,,,,,,,,,,,,,,,,,,,
,,,,,,,,,,,001,2025-05-08_19h29.25.246,SLSINC2_O,2022.2.5,Win32,59.52380952,,,,,,,,,,,,,,,,,,,,,,,,,,,,,,,,,,,,,,,,,,,,,,,,,,,,,,,,,,,,,,,,,,,,,,,,,,,There is no one I can turn to,,,1,5.2849,,0,1,1,2,1,,,,,,,,,,,,,,,,,,,,,,,,,,,,,,,,,,,,,,,
,,,,,,,,,,,001,2025-05-08_19h29.25.246,SLSINC2_O,2022.2.5,Win32,59.52380952,,,,,,,,,,,,,,,,,,,,,,,,,,,,,,,,,,,,,,,,,,,,,,,,,,,,,,,,,,,,,,,,,,,,,,,,,,,I do not feel alone,,,4,5.7392,,0,2,2,3,1,,,,,,,,,,,,,,,,,,,,,,,,,,,,,,,,,,,,,,,
,,,,,,,,,,,001,2025-05-08_19h29.25.246,SLSINC2_O,2022.2.5,Win32,59.52380952,,,,,,,,,,,,,,,,,,,,,,,,,,,,,,,,,,,,,,,,,,,,,,,,,,,,,,,,,,,,,,,,,,,,,,,,,,,I am no longer close to anyone,,,1,2.2887,,0,3,3,6,1,,,,,,,,,,,,,,,,,,,,,,,,,,,,,,,,,,,,,,,
,,,,,,,,,,,001,2025-05-08_19h29.25.246,SLSINC2_O,2022.2.5,Win32,59.52380952,,,,,,,,,,,,,,,,,,,,,,,,,,,,,,,,,,,,,,,,,,,,,,,,,,,,,,,,,,,,,,,,,,,,,,,,,,,No one really knows me well,,,2,2.518,,0,4,4,12,1,,,,,,,,,,,,,,,,,,,,,,,,,,,,,,,,,,,,,,,
,,,,,,,,,,,001,2025-05-08_19h29.25.246,SLSINC2_O,2022.2.5,Win32,59.52380952,,,,,,,,,,,,,,,,,,,,,,,,,,,,,,,,,,,,,,,,,,,,,,,,,,,,,,,,,,,,,,,,,,,,,,,,,,,I lack companionship,,,1,1.8335,,0,5,5,1,1,,,,,,,,,,,,,,,,,,,,,,,,,,,,,,,,,,,,,,,
,,,,,,,,,,,001,2025-05-08_19h29.25.246,SLSINC2_O,2022.2.5,Win32,59.52380952,,,,,,,,,,,,,,,,,,,,,,,,,,,,,,,,,,,,,,,,,,,,,,,,,,,,,,,,,,,,,,,,,,,,,,,,,,,I feel left out,,,1,2.2561,,0,6,6,10,1,,,,,,,,,,,,,,,,,,,,,,,,,,,,,,,,,,,,,,,
,,,,,,,,,,,001,2025-05-08_19h29.25.246,SLSINC2_O,2022.2.5,Win32,59.52380952,,,,,,,,,,,,,,,,,,,,,,,,,,,,,,,,,,,,,,,,,,,,,,,,,,,,,,,,,,,,,,,,,,,,,,,,,,,There are people I can turn to,,,4,2.8,,0,7,7,19,1,,,,,,,,,,,,,,,,,,,,,,,,,,,,,,,,,,,,,,,
,,,,,,,,,,,001,2025-05-08_19h29.25.246,SLSINC2_O,2022.2.5,Win32,59.52380952,,,,,,,,,,,,,,,,,,,,,,,,,,,,,,,,,,,,,,,,,,,,,,,,,,,,,,,,,,,,,,,,,,,,,,,,,,,There are people who really understand me,,,4,1.851,,0,8,8,15,1,,,,,,,,,,,,,,,,,,,,,,,,,,,,,,,,,,,,,,,
,,,,,,,,,,,001,2025-05-08_19h29.25.246,SLSINC2_O,2022.2.5,Win32,59.52380952,,,,,,,,,,,,,,,,,,,,,,,,,,,,,,,,,,,,,,,,,,,,,,,,,,,,,,,,,,,,,,,,,,,,,,,,,,,People are around me but not with me,,,2,3.5367,,0,9,9,17,1,,,,,,,,,,,,,,,,,,,,,,,,,,,,,,,,,,,,,,,
,,,,,,,,,,,001,2025-05-08_19h29.25.246,SLSINC2_O,2022.2.5,Win32,59.52380952,,,,,,,,,,,,,,,,,,,,,,,,,,,,,,,,,,,,,,,,,,,,,,,,,,,,,,,,,,,,,,,,,,,,,,,,,,,I am an outgoing person,,,2,3.7661,,0,10,10,8,1,,,,,,,,,,,,,,,,,,,,,,,,,,,,,,,,,,,,,,,
,,,,,,,,,,,001,2025-05-08_19h29.25.246,SLSINC2_O,2022.2.5,Win32,59.52380952,,,,,,,,,,,,,,,,,,,,,,,,,,,,,,,,,,,,,,,,,,,,,,,,,,,,,,,,,,,,,,,,,,,,,,,,,,,My interests and ideas are not shared by those around me,,,2,7.1409,,0,11,11,7,1,,,,,,,,,,,,,,,,,,,,,,,,,,,,,,,,,,,,,,,
,,,,,,,,,,,001,2025-05-08_19h29.25.246,SLSINC2_O,2022.2.5,Win32,59.52380952,,,,,,,,,,,,,,,,,,,,,,,,,,,,,,,,,,,,,,,,,,,,,,,,,,,,,,,,,,,,,,,,,,,,,,,,,,,I have a lot in common with the people around me,,,3,3.4227,,0,12,12,5,1,,,,,,,,,,,,,,,,,,,,,,,,,,,,,,,,,,,,,,,
,,,,,,,,,,,001,2025-05-08_19h29.25.246,SLSINC2_O,2022.2.5,Win32,59.52380952,,,,,,,,,,,,,,,,,,,,,,,,,,,,,,,,,,,,,,,,,,,,,,,,,,,,,,,,,,,,,,,,,,,,,,,,,,,I am unhappy being so withdrawn ,,,2,7.1724,,0,13,13,16,1,,,,,,,,,,,,,,,,,,,,,,,,,,,,,,,,,,,,,,,
,,,,,,,,,,,001,2025-05-08_19h29.25.246,SLSINC2_O,2022.2.5,Win32,59.52380952,,,,,,,,,,,,,,,,,,,,,,,,,,,,,,,,,,,,,,,,,,,,,,,,,,,,,,,,,,,,,,,,,,,,,,,,,,,There are people I feel close to,,,4,2.9857,,0,14,14,9,1,,,,,,,,,,,,,,,,,,,,,,,,,,,,,,,,,,,,,,,
,,,,,,,,,,,001,2025-05-08_19h29.25.246,SLSINC2_O,2022.2.5,Win32,59.52380952,,,,,,,,,,,,,,,,,,,,,,,,,,,,,,,,,,,,,,,,,,,,,,,,,,,,,,,,,,,,,,,,,,,,,,,,,,,There are people I can talk to,,,4,1.4438,,0,15,15,18,1,,,,,,,,,,,,,,,,,,,,,,,,,,,,,,,,,,,,,,,
,,,,,,,,,,,001,2025-05-08_19h29.25.246,SLSINC2_O,2022.2.5,Win32,59.52380952,,,,,,,,,,,,,,,,,,,,,,,,,,,,,,,,,,,,,,,,,,,,,,,,,,,,,,,,,,,,,,,,,,,,,,,,,,,I feel in tune with the people around me,,,3,2.2951,,0,16,16,0,1,,,,,,,,,,,,,,,,,,,,,,,,,,,,,,,,,,,,,,,
,,,,,,,,,,,001,2025-05-08_19h29.25.246,SLSINC2_O,2022.2.5,Win32,59.52380952,,,,,,,,,,,,,,,,,,,,,,,,,,,,,,,,,,,,,,,,,,,,,,,,,,,,,,,,,,,,,,,,,,,,,,,,,,,I can find companionship when I want it,,,4,2.2882,,0,17,17,14,1,,,,,,,,,,,,,,,,,,,,,,,,,,,,,,,,,,,,,,,
,,,,,,,,,,,001,2025-05-08_19h29.25.246,SLSINC2_O,2022.2.5,Win32,59.52380952,,,,,,,,,,,,,,,,,,,,,,,,,,,,,,,,,,,,,,,,,,,,,,,,,,,,,,,,,,,,,,,,,,,,,,,,,,,My social relationships are superficial,,,3,2.2876,,0,18,18,11,1,,,,,,,,,,,,,,,,,,,,,,,,,,,,,,,,,,,,,,,
,,,,,,,,,,,001,2025-05-08_19h29.25.246,SLSINC2_O,2022.2.5,Win32,59.52380952,,,,,,,,,,,,,,,,,,,,,,,,,,,,,,,,,,,,,,,,,,,,,,,,,,,,,,,,,,,,,,,,,,,,,,,,,,,I feel isolated from others,,,2,2.1003,,0,19,19,13,1,,,,,,,,,,,,,,,,,,,,,,,,,,,,,,,,,,,,,,,
,,,,,,,,,,,001,2025-05-08_19h29.25.246,SLSINC2_O,2022.2.5,Win32,59.52380952,,,,,,,,,,,,,,,,,,,,,,,,,,,,,,,,,,,,,,,,,,,,,,,,,,,,,,,,,,,,,,,,,,,,,,,,,,,,,,,,,,,,,,space,7.4017,,,,,,,,,,,,,,,,,,,,,,,,,,,,,,,,,,,,,
,,,,,,,,,,,001,2025-05-08_19h29.25.246,SLSINC2_O,2022.2.5,Win32,59.52380952,,,,,,,,,,,,,,,,,,,,,,,,,,,,,,,,,,,,,,,,,,,,,,,,,,,,,,,,,,,,,,,,,,,,,,,,,,,,,,,,,,,,,,,,2,10.403,"More often than not, I find my thoughts returning to concerns that I have Alzheimer’s disease or a related dementia.",0,0,0,4,1,"More often than not, I find my thoughts returning to concerns that I have Alzheimer’s disease or a related dementia.",,,,,,,,,,,,,,,,,,,,,,,,,,,,
,,,,,,,,,,,001,2025-05-08_19h29.25.246,SLSINC2_O,2022.2.5,Win32,59.52380952,,,,,,,,,,,,,,,,,,,,,,,,,,,,,,,,,,,,,,,,,,,,,,,,,,,,,,,,,,,,,,,,,,,,,,,,,,,,,,,,,,,,,,,,2,6.6632,"When I forget a word that I want to say, my thoughts immediately turn to Alzheimer’s disease and related dementias.",0,1,1,10,1,"When I forget a word that I want to say, my thoughts immediately turn to Alzheimer’s disease and related dementias.",,,,,,,,,,,,,,,,,,,,,,,,,,,,
,,,,,,,,,,,001,2025-05-08_19h29.25.246,SLSINC2_O,2022.2.5,Win32,59.52380952,,,,,,,,,,,,,,,,,,,,,,,,,,,,,,,,,,,,,,,,,,,,,,,,,,,,,,,,,,,,,,,,,,,,,,,,,,,,,,,,,,,,,,,,4,7.6301,"When I am not distracted, I find my thoughts focusing on my own cognitive changes and concerns.",0,2,2,6,1,"When I am not distracted, I find my thoughts focusing on my own cognitive changes and concerns.",,,,,,,,,,,,,,,,,,,,,,,,,,,,
,,,,,,,,,,,001,2025-05-08_19h29.25.246,SLSINC2_O,2022.2.5,Win32,59.52380952,,,,,,,,,,,,,,,,,,,,,,,,,,,,,,,,,,,,,,,,,,,,,,,,,,,,,,,,,,,,,,,,,,,,,,,,,,,,,,,,,,,,,,,,2,10.5477,"I know I shouldn’t worry about developing Alzheimer’s disease and related dementias, but I just cannot help it.",0,3,3,0,1,"I know I shouldn’t worry about developing Alzheimer’s disease and related dementias, but I just cannot help it.",,,,,,,,,,,,,,,,,,,,,,,,,,,,
,,,,,,,,,,,001,2025-05-08_19h29.25.246,SLSINC2_O,2022.2.5,Win32,59.52380952,,,,,,,,,,,,,,,,,,,,,,,,,,,,,,,,,,,,,,,,,,,,,,,,,,,,,,,,,,,,,,,,,,,,,,,,,,,,,,,,,,,,,,,,3,6.2182,"	When I hear about someone having Alzheimer’s disease or a related dementia, I start to worry about having it myself.",0,4,4,5,1,"	When I hear about someone having Alzheimer’s disease or a related dementia, I start to worry about having it myself.",,,,,,,,,,,,,,,,,,,,,,,,,,,,
,,,,,,,,,,,001,2025-05-08_19h29.25.246,SLSINC2_O,2022.2.5,Win32,59.52380952,,,,,,,,,,,,,,,,,,,,,,,,,,,,,,,,,,,,,,,,,,,,,,,,,,,,,,,,,,,,,,,,,,,,,,,,,,,,,,,,,,,,,,,,2,4.8731,I find it difficult to control my worries about developing Alzheimer’s disease and related dementias.,0,5,5,1,1,I find it difficult to control my worries about developing Alzheimer’s disease and related dementias.,,,,,,,,,,,,,,,,,,,,,,,,,,,,
,,,,,,,,,,,001,2025-05-08_19h29.25.246,SLSINC2_O,2022.2.5,Win32,59.52380952,,,,,,,,,,,,,,,,,,,,,,,,,,,,,,,,,,,,,,,,,,,,,,,,,,,,,,,,,,,,,,,,,,,,,,,,,,,,,,,,,,,,,,,,2,5.7687,I think I probably worry more about Alzheimer’s disease and related dementias than other people my same age.,0,6,6,11,1,I think I probably worry more about Alzheimer’s disease and related dementias than other people my same age.,,,,,,,,,,,,,,,,,,,,,,,,,,,,
,,,,,,,,,,,001,2025-05-08_19h29.25.246,SLSINC2_O,2022.2.5,Win32,59.52380952,,,,,,,,,,,,,,,,,,,,,,,,,,,,,,,,,,,,,,,,,,,,,,,,,,,,,,,,,,,,,,,,,,,,,,,,,,,,,,,,,,,,,,,,2,4.9288,"Once I start worrying about Alzheimer’s disease and related dementias, I just cannot stop.",0,7,7,8,1,"Once I start worrying about Alzheimer’s disease and related dementias, I just cannot stop.",,,,,,,,,,,,,,,,,,,,,,,,,,,,
,,,,,,,,,,,001,2025-05-08_19h29.25.246,SLSINC2_O,2022.2.5,Win32,59.52380952,,,,,,,,,,,,,,,,,,,,,,,,,,,,,,,,,,,,,,,,,,,,,,,,,,,,,,,,,,,,,,,,,,,,,,,,,,,,,,,,,,,,,,,,1,7.2103,"When I can’t remember something, I find myself wondering whether I have Alzheimer’s disease or a related dementia.",0,8,8,2,1,"When I can’t remember something, I find myself wondering whether I have Alzheimer’s disease or a related dementia.",,,,,,,,,,,,,,,,,,,,,,,,,,,,
,,,,,,,,,,,001,2025-05-08_19h29.25.246,SLSINC2_O,2022.2.5,Win32,59.52380952,,,,,,,,,,,,,,,,,,,,,,,,,,,,,,,,,,,,,,,,,,,,,,,,,,,,,,,,,,,,,,,,,,,,,,,,,,,,,,,,,,,,,,,,1,4.3858,My worries about Alzheimer’s disease and related dementias overwhelm me.,0,9,9,3,1,My worries about Alzheimer’s disease and related dementias overwhelm me.,,,,,,,,,,,,,,,,,,,,,,,,,,,,
,,,,,,,,,,,001,2025-05-08_19h29.25.246,SLSINC2_O,2022.2.5,Win32,59.52380952,,,,,,,,,,,,,,,,,,,,,,,,,,,,,,,,,,,,,,,,,,,,,,,,,,,,,,,,,,,,,,,,,,,,,,,,,,,,,,,,,,,,,,,,2,14.6113,"Even though I know it doesn’t help to focus on it, I can’t help thinking about whether or not I have Alzheimer’s disease or a related dementia.",0,10,10,7,1,"Even though I know it doesn’t help to focus on it, I can’t help thinking about whether or not I have Alzheimer’s disease or a related dementia.",,,,,,,,,,,,,,,,,,,,,,,,,,,,
,,,,,,,,,,,001,2025-05-08_19h29.25.246,SLSINC2_O,2022.2.5,Win32,59.52380952,,,,,,,,,,,,,,,,,,,,,,,,,,,,,,,,,,,,,,,,,,,,,,,,,,,,,,,,,,,,,,,,,,,,,,,,,,,,,,,,,,,,,,,,2,10.0743,"Sometimes when trying to go to sleep, I find my thoughts drift to my concerns about having Alzheimer’s disease or a related dementia.",0,11,11,9,1,"Sometimes when trying to go to sleep, I find my thoughts drift to my concerns about having Alzheimer’s disease or a related dementia.",,,,,,,,,,,,,,,,,,,,,,,,,,,,
,,,,,,,,,,,001,2025-05-08_19h29.25.246,SLSINC2_O,2022.2.5,Win32,59.52380952,,,,,,,,,,,,,,,,,,,,,,,,,,,,,,,,,,,,,,,,,,,,,,,,,,,,,,,,,,,,,,,,,,,,,,,,,,,,,,,,,,,,,,,,,,,,,,,,,space,6.7603,,,,,,,,,,,,,,,,,,,,,,,,,,
,,,,,,,,,,,001,2025-05-08_19h29.25.246,SLSINC2_O,2022.2.5,Win32,59.52380952,,,,,,,,,,,,,,,,,,,,,,,,,,,,,,,,,,,,,,,,,,,,,,,,,,,,,,,,,,,,,,,,,,,,,,,,,,,,,,,,,,,,,,,,,,,,,,,,,,,4,8.9571,"I answer the phone whenever it rings, even if I do not know who is calling",0,0,0,0,1,"I answer the phone whenever it rings, even if I do not know who is calling",,,,,,,,,,,,,,,,,
,,,,,,,,,,,001,2025-05-08_19h29.25.246,SLSINC2_O,2022.2.5,Win32,59.52380952,,,,,,,,,,,,,,,,,,,,,,,,,,,,,,,,,,,,,,,,,,,,,,,,,,,,,,,,,,,,,,,,,,,,,,,,,,,,,,,,,,,,,,,,,,,,,,,,,,,4,7.65,"If a telemarketer calls me, I usually listen to what they have to say",0,1,1,4,1,"If a telemarketer calls me, I usually listen to what they have to say",,,,,,,,,,,,,,,,,
,,,,,,,,,,,001,2025-05-08_19h29.25.246,SLSINC2_O,2022.2.5,Win32,59.52380952,,,,,,,,,,,,,,,,,,,,,,,,,,,,,,,,,,,,,,,,,,,,,,,,,,,,,,,,,,,,,,,,,,,,,,,,,,,,,,,,,,,,,,,,,,,,,,,,,,,2,8.9045,"I have difficulty ending a phone call, even if the caller is a telemarketer, someone I do not know, or someone I do not wish to call me",0,2,2,1,1,"I have difficulty ending a phone call, even if the caller is a telemarketer, someone I do not know, or someone I do not wish to call me",,,,,,,,,,,,,,,,,
,,,,,,,,,,,001,2025-05-08_19h29.25.246,SLSINC2_O,2022.2.5,Win32,59.52380952,,,,,,,,,,,,,,,,,,,,,,,,,,,,,,,,,,,,,,,,,,,,,,,,,,,,,,,,,,,,,,,,,,,,,,,,,,,,,,,,,,,,,,,,,,,,,,,,,,,4,8.001,Persons over the age of 65 are often targeted by con-artists,0,3,3,3,1,Persons over the age of 65 are often targeted by con-artists,,,,,,,,,,,,,,,,,
,,,,,,,,,,,001,2025-05-08_19h29.25.246,SLSINC2_O,2022.2.5,Win32,59.52380952,,,,,,,,,,,,,,,,,,,,,,,,,,,,,,,,,,,,,,,,,,,,,,,,,,,,,,,,,,,,,,,,,,,,,,,,,,,,,,,,,,,,,,,,,,,,,,,,,,,4,5.6344,"If something sounds too good to be true, it usually is",0,4,4,2,1,"If something sounds too good to be true, it usually is",,,,,,,,,,,,,,,,,
,,,,,,,,,,,001,2025-05-08_19h29.25.246,SLSINC2_O,2022.2.5,Win32,59.52380952,,,,,,,,,,,,,,,,,,,,,,,,,,,,,,,,,,,,,,,,,,,,,,,,,,,,,,,,,,,,,,,,,,,,,,,,,,,,,,,,,,,,,,,,,,,,,,,,,,,,,,,,,,,,1.033424691,6.4685,,,,,,,,,,,,,,,
,,,,,,,,,,,001,2025-05-08_19h29.25.246,SLSINC2_O,2022.2.5,Win32,59.52380952,,,,,,,,,,,,,,,,,,,,,,,,,,,,,,,,,,,,,,,,,,,,,,,,,,,,,,,,,,,,,,,,,,,,,,,,,,,,,,,,,,,,,,,,,,,,,,,,,,,,,,,,,,,,,,,,,,,,,,,,,,,,
,,,,,,,,,,,001,2025-05-08_19h29.25.246,SLSINC2_O,2022.2.5,Win32,59.52380952,,,,,,,,,,,,,,,,,,,,,,,,,,,,,,,,,,,,,,,,,,,,,,,,,,,,,,,,,,,,,,,,,,,,,,,,,,,,,,,,,,,,,,,,,,,,,,,,,,,,,,,,,,,,,,"[""male_option""]",,,,,,,,,,,,,,
,,,,,,,,,,,001,2025-05-08_19h29.25.246,SLSINC2_O,2022.2.5,Win32,59.52380952,,,,,,,,,,,,,,,,,,,,,,,,,,,,,,,,,,,,,,,,,,,,,,,,,,,,,,,,,,,,,,,,,,,,,,,,,,,,,,,,,,,,,,,,,,,,,,,,,,,,,,,,,,,,,,,,,,,,,,,,,,,,
,,,,,,,,,,,001,2025-05-08_19h29.25.246,SLSINC2_O,2022.2.5,Win32,59.52380952,,,,,,,,,,,,,,,,,,,,,,,,,,,,,,,,,,,,,,,,,,,,,,,,,,,,,,,,,,,,,,,,,,,,,,,,,,,,,,,,,,,,,,,,,,,,,,,,,,,,,,,,,,,,,,,70,05/16/1954,,,,,,,,,,,,
,,,,,,,,,,,001,2025-05-08_19h29.25.246,SLSINC2_O,2022.2.5,Win32,59.52380952,,,,,,,,,,,,,,,,,,,,,,,,,,,,,,,,,,,,,,,,,,,,,,,,,,,,,,,,,,,,,,,,,,,,,,,,,,,,,,,,,,,,,,,,,,,,,,,,,,,,,,,,,,,,,,,,,,,,,,,,,,,,
,,,,,,,,,,,001,2025-05-08_19h29.25.246,SLSINC2_O,2022.2.5,Win32,59.52380952,,,,,,,,,,,,,,,,,,,,,,,,,,,,,,,,,,,,,,,,,,,,,,,,,,,,,,,,,,,,,,,,,,,,,,,,,,,,,,,,,,,,,,,,,,,,,,,,,,,,,,,,,,,,,,,,,"[""EduOpt6""]",,,,,,,,,,,
,,,,,,,,,,,001,2025-05-08_19h29.25.246,SLSINC2_O,2022.2.5,Win32,59.52380952,,,,,,,,,,,,,,,,,,,,,,,,,,,,,,,,,,,,,,,,,,,,,,,,,,,,,,,,,,,,,,,,,,,,,,,,,,,,,,,,,,,,,,,,,,,,,,,,,,,,,,,,,,,,,,,,,,,,,,,,,,,,
,,,,,,,,,,,001,2025-05-08_19h29.25.246,SLSINC2_O,2022.2.5,Win32,59.52380952,,,,,,,,,,,,,,,,,,,,,,,,,,,,,,,,,,,,,,,,,,,,,,,,,,,,,,,,,,,,,,,,,,,,,,,,,,,,,,,,,,,,,,,,,,,,,,,,,,,,,,,,,,,,,,,,,,"[""EthnOpt5""]",,,,,,,,,,
,,,,,,,,,,,001,2025-05-08_19h29.25.246,SLSINC2_O,2022.2.5,Win32,59.52380952,,,,,,,,,,,,,,,,,,,,,,,,,,,,,,,,,,,,,,,,,,,,,,,,,,,,,,,,,,,,,,,,,,,,,,,,,,,,,,,,,,,,,,,,,,,,,,,,,,,,,,,,,,,,,,,,,,,,,,,,,,,,
,,,,,,,,,,,001,2025-05-08_19h29.25.246,SLSINC2_O,2022.2.5,Win32,59.52380952,,,,,,,,,,,,,,,,,,,,,,,,,,,,,,,,,,,,,,,,,,,,,,,,,,,,,,,,,,,,,,,,,,,,,,,,,,,,,,,,,,,,,,,,,,,,,,,,,,,,,,,,,,,,,,,,,,,"[""EngFlncyY""]",,,,,,,,,
,,,,,,,,,,,001,2025-05-08_19h29.25.246,SLSINC2_O,2022.2.5,Win32,59.52380952,,,,,,,,,,,,,,,,,,,,,,,,,,,,,,,,,,,,,,,,,,,,,,,,,,,,,,,,,,,,,,,,,,,,,,,,,,,,,,,,,,,,,,,,,,,,,,,,,,,,,,,,,,,,,,,,,,,,,,,,,,,,
,,,,,,,,,,,001,2025-05-08_19h29.25.246,SLSINC2_O,2022.2.5,Win32,59.52380952,,,,,,,,,,,,,,,,,,,,,,,,,,,,,,,,,,,,,,,,,,,,,,,,,,,,,,,,,,,,,,,,,,,,,,,,,,,,,,,,,,,,,,,,,,,,,,,,,,,,,,,,,,,,,,,,,,,,0,United States,,,,,,,
,,,,,,,,,,,001,2025-05-08_19h29.25.246,SLSINC2_O,2022.2.5,Win32,59.52380952,,,,,,,,,,,,,,,,,,,,,,,,,,,,,,,,,,,,,,,,,,,,,,,,,,,,,,,,,,,,,,,,,,,,,,,,,,,,,,,,,,,,,,,,,,,,,,,,,,,,,,,,,,,,,,,,,,,,,,,,,,,,
,,,,,,,,,,,001,2025-05-08_19h29.25.246,SLSINC2_O,2022.2.5,Win32,59.52380952,,,,,,,,,,,,,,,,,,,,,,,,,,,,,,,,,,,,,,,,,,,,,,,,,,,,,,,,,,,,,,,,,,,,,,,,,,,,,,,,,,,,,,,,,,,,,,,,,,,,,,,,,,,,,,,,,,,,,,D,,,,,,
,,,,,,,,,,,001,2025-05-08_19h29.25.246,SLSINC2_O,2022.2.5,Win32,59.52380952,,,,,,,,,,,,,,,,,,,,,,,,,,,,,,,,,,,,,,,,,,,,,,,,,,,,,,,,,,,,,,,,,,,,,,,,,,,,,,,,,,,,,,,,,,,,,,,,,,,,,,,,,,,,,,,,,,,,,,,,,,,,
,,,,,,,,,,,001,2025-05-08_19h29.25.246,SLSINC2_O,2022.2.5,Win32,59.52380952,,,,,,,,,,,,,,,,,,,,,,,,,,,,,,,,,,,,,,,,,,,,,,,,,,,,,,,,,,,,,,,,,,,,,,,,,,,,,,,,,,,,,,,,,,,,,,,,,,,,,,,,,,,,,,,,,,,,,,,not at all.,,,,,
,,,,,,,,,,,001,2025-05-08_19h29.25.246,SLSINC2_O,2022.2.5,Win32,59.52380952,,,,,,,,,,,,,,,,,,,,,,,,,,,,,,,,,,,,,,,,,,,,,,,,,,,,,,,,,,,,,,,,,,,,,,,,,,,,,,,,,,,,,,,,,,,,,,,,,,,,,,,,,,,,,,,,,,,,,,,,,,,,
,,,,,,,,,,,001,2025-05-08_19h29.25.246,SLSINC2_O,2022.2.5,Win32,59.52380952,,,,,,,,,,,,,,,,,,,,,,,,,,,,,,,,,,,,,,,,,,,,,,,,,,,,,,,,,,,,,,,,,,,,,,,,,,,,,,,,,,,,,,,,,,,,,,,,,,,,,,,,,,,,,,,,,,,,,,,,it was a nice study.,,,,
,,,,,,,,,,,001,2025-05-08_19h29.25.246,SLSINC2_O,2022.2.5,Win32,59.52380952,,,,,,,,,,,,,,,,,,,,,,,,,,,,,,,,,,,,,,,,,,,,,,,,,,,,,,,,,,,,,,,,,,,,,,,,,,,,,,,,,,,,,,,,,,,,,,,,,,,,,,,,,,,,,,,,,,,,,,,,,,,,
,,,,,,,,,,,001,2025-05-08_19h29.25.246,SLSINC2_O,2022.2.5,Win32,59.52380952,,,,,,,,,,,,,,,,,,,,,,,,,,,,,,,,,,,,,,,,,,,,,,,,,,,,,,,,,,,,,,,,,,,,,,,,,,,,,,,,,,,,,,,,,,,,,,,,,,,,,,,,,,,,,,,,,,,,,,,,,"[""Q4option1""]",,,
,,,,,,,,,,,001,2025-05-08_19h29.25.246,SLSINC2_O,2022.2.5,Win32,59.52380952,,,,,,,,,,,,,,,,,,,,,,,,,,,,,,,,,,,,,,,,,,,,,,,,,,,,,,,,,,,,,,,,,,,,,,,,,,,,,,,,,,,,,,,,,,,,,,,,,,,,,,,,,,,,,,,,,,,,,,,,,,,,
,,,,,,,,,,,001,2025-05-08_19h29.25.246,SLSINC2_O,2022.2.5,Win32,59.52380952,,,,,,,,,,,,,,,,,,,,,,,,,,,,,,,,,,,,,,,,,,,,,,,,,,,,,,,,,,,,,,,,,,,,,,,,,,,,,,,,,,,,,,,,,,,,,,,,,,,,,,,,,,,,,,,,,,,,,,,,,,1,[2531.827099999905],[2531.8272999999526]
