bruinID.text,button.numClicks,button.timesOn,button.timesOff,mouseLogIn.x,mouseLogIn.y,mouseLogIn.leftButton,mouseLogIn.midButton,mouseLogIn.rightButton,mouseLogIn.time,mouseLogIn.clicked_name,session,date,expName,psychopyVersion,OS,frameRate,key_resp_6.keys,key_resp_6.rt,key_resp_5.keys,key_resp_5.rt,subjage_slider.response,subjage_slider.rt,confidence_scale.response,confidence_scale.rt,key_resp_7.keys,key_resp_7.rt,button_2.numClicks,button_2.timesOn,button_2.timesOff,email_type,scam_button.numClicks,scam_button.timesOn,scam_button.timesOff,legit_button.numClicks,legit_button.timesOn,legit_button.timesOff,button_selections_1,confidence_scale_email.response,confidence_scale_email.rt,personal_rel_scale.response,personal_rel_scale.rt,curiosity_scale.response,curiosity_scale.rt,email_loop.thisRepN,email_loop.thisTrialN,email_loop.thisN,email_loop.thisIndex,email_loop.ran,emails,type,xsize,ysize,xpos,ypos,key_resp_11.keys,key_resp_11.rt,key_resp_9.keys,key_resp_9.rt,key_resp_10.keys,key_resp_10.rt,textbox.text,next_button.numClicks,next_button.timesOn,next_button.timesOff,email_loops2.thisRepN,email_loops2.thisTrialN,email_loops2.thisN,email_loops2.thisIndex,email_loops2.ran,key_resp_3.keys,key_resp_3.rt,slider1_2.response,slider1_2.rt,trust_question,loop_GT.thisRepN,loop_GT.thisTrialN,loop_GT.thisN,loop_GT.thisIndex,loop_GT.ran,Phrases,instructionresp_2.keys,instructionresp_2.rt,key_resp_13.keys,key_resp_13.rt,gen_question,loop_G.thisRepN,loop_G.thisTrialN,loop_G.thisN,loop_G.thisIndex,loop_G.ran,Questions,instructionresp.keys,instructionresp.rt,key_resp_2.keys,key_resp_2.rt,lonely_question,loop_LS.thisRepN,loop_LS.thisTrialN,loop_LS.thisN,loop_LS.thisIndex,loop_LS.ran,key_resp_4.keys,key_resp_4.rt,rating.response,rating.rt,dementia_question,loop_dm.thisRepN,loop_dm.thisTrialN,loop_dm.thisN,loop_dm.thisIndex,loop_dm.ran,Items,key_resp.keys,key_resp.rt,slider1.response,slider1.rt,ss_question,loop_SS.thisRepN,loop_SS.thisTrialN,loop_SS.thisN,loop_SS.thisIndex,loop_SS.ran,Statements,slider.response,slider.rt,Gender,textboxAge.text,textboxBirthday.text,Education Level,Ethnicity,English Fluency,textboxAge_2.text,textboxCountry.text,FQ1textbox.text,textboxQuestion2.text,textboxQuestion3.text,FQ4 selection,Finish.numClicks,Finish.timesOn,Finish.timesOff
6132542039ead71f30971bd6,1,[20.42889999997618],[20.42889999997618],-0.0506475,-0.062589928,1,0,0,14.4035,button,001,2025-05-08_19h30.59.858,SLSINC2_O,2022.2.5,Win32,60.24096386,,,,,,,,,,,,,,,,,,,,,,,,,,,,,,,,,,,,,,,,,,,,,,,,,,,,,,,,,,,,,,,,,,,,,,,,,,,,,,,,,,,,,,,,,,,,,,,,,,,,,,,,,,,,,,,,,,,,,,,,,,,,
,,,,,,,,,,,001,2025-05-08_19h30.59.858,SLSINC2_O,2022.2.5,Win32,60.24096386,space,195.7899,,,,,,,,,,,,,,,,,,,,,,,,,,,,,,,,,,,,,,,,,,,,,,,,,,,,,,,,,,,,,,,,,,,,,,,,,,,,,,,,,,,,,,,,,,,,,,,,,,,,,,,,,,,,,,,,,,,,,,,,,,
,,,,,,,,,,,001,2025-05-08_19h30.59.858,SLSINC2_O,2022.2.5,Win32,60.24096386,,,space,35.5029,,,,,,,,,,,,,,,,,,,,,,,,,,,,,,,,,,,,,,,,,,,,,,,,,,,,,,,,,,,,,,,,,,,,,,,,,,,,,,,,,,,,,,,,,,,,,,,,,,,,,,,,,,,,,,,,,,,,,,,,
,,,,,,,,,,,001,2025-05-08_19h30.59.858,SLSINC2_O,2022.2.5,Win32,60.24096386,,,,,45.35827549,25.6124,,,,,,,,,,,,,,,,,,,,,,,,,,,,,,,,,,,,,,,,,,,,,,,,,,,,,,,,,,,,,,,,,,,,,,,,,,,,,,,,,,,,,,,,,,,,,,,,,,,,,,,,,,,,,,,,,,,,,,
,,,,,,,,,,,001,2025-05-08_19h30.59.858,SLSINC2_O,2022.2.5,Win32,60.24096386,,,,,,,6.991367258,5.931,,,,,,,,,,,,,,,,,,,,,,,,,,,,,,,,,,,,,,,,,,,,,,,,,,,,,,,,,,,,,,,,,,,,,,,,,,,,,,,,,,,,,,,,,,,,,,,,,,,,,,,,,,,,,,,,,,,,
,,,,,,,,,,,001,2025-05-08_19h30.59.858,SLSINC2_O,2022.2.5,Win32,60.24096386,,,,,,,,,space,4.6556,,,,,,,,,,,,,,,,,,,,,,,,,,,,,,,,,,,,,,,,,,,,,,,,,,,,,,,,,,,,,,,,,,,,,,,,,,,,,,,,,,,,,,,,,,,,,,,,,,,,,,,,,,,,,,,,,,
,,,,,,,,,,,001,2025-05-08_19h30.59.858,SLSINC2_O,2022.2.5,Win32,60.24096386,,,,,,,,,,,1,[312.2096000000239],[312.20970000004763],,1,[314.34119999992845],[314.34119999992845],0,[],[],"[""scam_button""]",7.912230567,2.4624,9.063309704,3.3104,9.915107562,6.5217,0,0,0,5,1,resources/images/legit12.jpg,legit,1,0.65,0,0,,,,,,,,,,,,,,,,,,,,,,,,,,,,,,,,,,,,,,,,,,,,,,,,,,,,,,,,,,,,,,,,,,,,,,,,,,,,,,,,,,,,,,
,,,,,,,,,,,001,2025-05-08_19h30.59.858,SLSINC2_O,2022.2.5,Win32,60.24096386,,,,,,,,,,,2,"[312.2096000000239,354.4097000000477]","[312.20970000004763,354.4097000000477]",,1,[314.34119999992845],[314.34119999992845],1,[356.10749999999996],[356.1076000000238],"[""legit_button""]",8.395683453,4.1437,9.984173013,2.6307,8.959713284,2.41,0,1,1,14,1,resources/images/scam18.png,scam,1,0.65,0,0,,,,,,,,,,,,,,,,,,,,,,,,,,,,,,,,,,,,,,,,,,,,,,,,,,,,,,,,,,,,,,,,,,,,,,,,,,,,,,,,,,,,,,
,,,,,,,,,,,001,2025-05-08_19h30.59.858,SLSINC2_O,2022.2.5,Win32,60.24096386,,,,,,,,,,,3,"[312.2096000000239,354.4097000000477,658.6597000000477]","[312.20970000004763,354.4097000000477,658.6598000000715]",,1,[314.34119999992845],[314.34119999992845],2,"[356.10749999999996,659.5908000000716]","[356.1076000000238,659.5908000000716]","[""legit_button""]",7.843165995,1.9636,9.005755747,1.2398,8.407194069,1.2321,0,2,2,13,1,resources/images/legit15.jpg,legit,0.95,0.65,0,0,,,,,,,,,,,,,,,,,,,,,,,,,,,,,,,,,,,,,,,,,,,,,,,,,,,,,,,,,,,,,,,,,,,,,,,,,,,,,,,,,,,,,,
,,,,,,,,,,,001,2025-05-08_19h30.59.858,SLSINC2_O,2022.2.5,Win32,60.24096386,,,,,,,,,,,4,"[312.2096000000239,354.4097000000477,658.6597000000477,673.3932000000476]","[312.20970000004763,354.4097000000477,658.6598000000715,673.3932000000476]",,1,[314.34119999992845],[314.34119999992845],3,"[356.10749999999996,659.5908000000716,674.3407000000477]","[356.1076000000238,659.5908000000716,674.3407000000477]","[""legit_button""]",6.968345148,1.0582,8.349640112,1.1927,7.348201614,1.8389,0,3,3,3,1,resources/images/legit_20.png,legit,0.9,0.8,0,0,,,,,,,,,,,,,,,,,,,,,,,,,,,,,,,,,,,,,,,,,,,,,,,,,,,,,,,,,,,,,,,,,,,,,,,,,,,,,,,,,,,,,,
,,,,,,,,,,,001,2025-05-08_19h30.59.858,SLSINC2_O,2022.2.5,Win32,60.24096386,,,,,,,,,,,5,"[312.2096000000239,354.4097000000477,658.6597000000477,673.3932000000476,693.3924999999999]","[312.20970000004763,354.4097000000477,658.6598000000715,673.3932000000476,693.3926000000238]",,1,[314.34119999992845],[314.34119999992845],4,"[356.10749999999996,659.5908000000716,674.3407000000477,694.3404000000954]","[356.1076000000238,659.5908000000716,674.3407000000477,694.3404000000954]","[""legit_button""]",6.715108089,1.0553,8.660432006,0.9324,7.152518513,0.8403,0,4,4,18,1,resources/images/scam_20.png,scam,1.45,0.6,0,0,,,,,,,,,,,,,,,,,,,,,,,,,,,,,,,,,,,,,,,,,,,,,,,,,,,,,,,,,,,,,,,,,,,,,,,,,,,,,,,,,,,,,,
,,,,,,,,,,,001,2025-05-08_19h30.59.858,SLSINC2_O,2022.2.5,Win32,60.24096386,,,,,,,,,,,6,"[312.2096000000239,354.4097000000477,658.6597000000477,673.3932000000476,693.3924999999999,711.4431000000238]","[312.20970000004763,354.4097000000477,658.6598000000715,673.3932000000476,693.3926000000238,711.4431000000238]",,1,[314.34119999992845],[314.34119999992845],5,"[356.10749999999996,659.5908000000716,674.3407000000477,694.3404000000954,712.474]","[356.1076000000238,659.5908000000716,674.3407000000477,694.3404000000954,712.474]","[""legit_button""]",6.162589752,0.8227,7.785612038,0.5124,6.646043517,1.0049,0,5,5,2,1,resources/images/legit11.jpg,legit,0.65,0.65,0,0,,,,,,,,,,,,,,,,,,,,,,,,,,,,,,,,,,,,,,,,,,,,,,,,,,,,,,,,,,,,,,,,,,,,,,,,,,,,,,,,,,,,,,
,,,,,,,,,,,001,2025-05-08_19h30.59.858,SLSINC2_O,2022.2.5,Win32,60.24096386,,,,,,,,,,,7,"[312.2096000000239,354.4097000000477,658.6597000000477,673.3932000000476,693.3924999999999,711.4431000000238,723.6923000000716]","[312.20970000004763,354.4097000000477,658.6598000000715,673.3932000000476,693.3926000000238,711.4431000000238,723.6923000000716]",,2,"[314.34119999992845,724.9076999999285]","[314.34119999992845,724.9077999999523]",5,"[356.10749999999996,659.5908000000716,674.3407000000477,694.3404000000954,712.474]","[356.1076000000238,659.5908000000716,674.3407000000477,694.3404000000954,712.474]","[""scam_button""]",9.93813055,2.945,9.93813055,3.4878,0.407194508,2.929,0,6,6,12,1,resources/images/scam17.png,scam,0.8,0.65,0,0,,,,,,,,,,,,,,,,,,,,,,,,,,,,,,,,,,,,,,,,,,,,,,,,,,,,,,,,,,,,,,,,,,,,,,,,,,,,,,,,,,,,,,
,,,,,,,,,,,001,2025-05-08_19h30.59.858,SLSINC2_O,2022.2.5,Win32,60.24096386,,,,,,,,,,,8,"[312.2096000000239,354.4097000000477,658.6597000000477,673.3932000000476,693.3924999999999,711.4431000000238,723.6923000000716,740.7923999999762]","[312.20970000004763,354.4097000000477,658.6598000000715,673.3932000000476,693.3926000000238,711.4431000000238,723.6923000000716,740.7923999999762]",,2,"[314.34119999992845,724.9076999999285]","[314.34119999992845,724.9077999999523]",6,"[356.10749999999996,659.5908000000716,674.3407000000477,694.3404000000954,712.474,742.1745000000001]","[356.1076000000238,659.5908000000716,674.3407000000477,694.3404000000954,712.474,742.1745000000001]","[""legit_button""]",6.795683278,1.2097,8.15395701,0.5642,8.027338481,0.6393,0,7,7,8,1,resources/images/legit_23.png,legit,1,0.65,0,0,,,,,,,,,,,,,,,,,,,,,,,,,,,,,,,,,,,,,,,,,,,,,,,,,,,,,,,,,,,,,,,,,,,,,,,,,,,,,,,,,,,,,,
,,,,,,,,,,,001,2025-05-08_19h30.59.858,SLSINC2_O,2022.2.5,Win32,60.24096386,,,,,,,,,,,9,"[312.2096000000239,354.4097000000477,658.6597000000477,673.3932000000476,693.3924999999999,711.4431000000238,723.6923000000716,740.7923999999762,819.0257000000477]","[312.20970000004763,354.4097000000477,658.6598000000715,673.3932000000476,693.3926000000238,711.4431000000238,723.6923000000716,740.7923999999762,819.0258000000715]",,3,"[314.34119999992845,724.9076999999285,820.4407999999523]","[314.34119999992845,724.9077999999523,820.4408999999762]",6,"[356.10749999999996,659.5908000000716,674.3407000000477,694.3404000000954,712.474,742.1745000000001]","[356.1076000000238,659.5908000000716,674.3407000000477,694.3404000000954,712.474,742.1745000000001]","[""scam_button""]",7.705035971,1.2291,8.902159327,0.6246,9.431654676,0.6047,0,8,8,6,1,resources/images/legit13.jpg,legit,0.65,0.65,0,0,,,,,,,,,,,,,,,,,,,,,,,,,,,,,,,,,,,,,,,,,,,,,,,,,,,,,,,,,,,,,,,,,,,,,,,,,,,,,,,,,,,,,,
,,,,,,,,,,,001,2025-05-08_19h30.59.858,SLSINC2_O,2022.2.5,Win32,60.24096386,,,,,,,,,,,10,"[312.2096000000239,354.4097000000477,658.6597000000477,673.3932000000476,693.3924999999999,711.4431000000238,723.6923000000716,740.7923999999762,819.0257000000477,836.2593000000714]","[312.20970000004763,354.4097000000477,658.6598000000715,673.3932000000476,693.3926000000238,711.4431000000238,723.6923000000716,740.7923999999762,819.0258000000715,836.2593000000714]",,4,"[314.34119999992845,724.9076999999285,820.4407999999523,837.3408999999762]","[314.34119999992845,724.9077999999523,820.4408999999762,837.3408999999762]",6,"[356.10749999999996,659.5908000000716,674.3407000000477,694.3404000000954,712.474,742.1745000000001]","[356.1076000000238,659.5908000000716,674.3407000000477,694.3404000000954,712.474,742.1745000000001]","[""scam_button""]",7.440288297,0.9089,8.372662222,1.1096,9.466187402,0.797,0,9,9,20,1,resources/images/scam_30.png,scam,1.45,0.6,0,0,,,,,,,,,,,,,,,,,,,,,,,,,,,,,,,,,,,,,,,,,,,,,,,,,,,,,,,,,,,,,,,,,,,,,,,,,,,,,,,,,,,,,,
,,,,,,,,,,,001,2025-05-08_19h30.59.858,SLSINC2_O,2022.2.5,Win32,60.24096386,,,,,,,,,,,11,"[312.2096000000239,354.4097000000477,658.6597000000477,673.3932000000476,693.3924999999999,711.4431000000238,723.6923000000716,740.7923999999762,819.0257000000477,836.2593000000714,856.9925]","[312.20970000004763,354.4097000000477,658.6598000000715,673.3932000000476,693.3926000000238,711.4431000000238,723.6923000000716,740.7923999999762,819.0258000000715,836.2593000000714,856.9925]",,5,"[314.34119999992845,724.9076999999285,820.4407999999523,837.3408999999762,858.1572999999523]","[314.34119999992845,724.9077999999523,820.4408999999762,837.3408999999762,858.1572999999523]",6,"[356.10749999999996,659.5908000000716,674.3407000000477,694.3404000000954,712.474,742.1745000000001]","[356.1076000000238,659.5908000000716,674.3407000000477,694.3404000000954,712.474,742.1745000000001]","[""scam_button""]",6.39280558,0.9375,7.025899105,0.4965,7.923741183,0.5129,0,10,10,15,1,resources/images/legit16.jpg,legit,0.65,0.65,0,0,,,,,,,,,,,,,,,,,,,,,,,,,,,,,,,,,,,,,,,,,,,,,,,,,,,,,,,,,,,,,,,,,,,,,,,,,,,,,,,,,,,,,,
,,,,,,,,,,,001,2025-05-08_19h30.59.858,SLSINC2_O,2022.2.5,Win32,60.24096386,,,,,,,,,,,12,"[312.2096000000239,354.4097000000477,658.6597000000477,673.3932000000476,693.3924999999999,711.4431000000238,723.6923000000716,740.7923999999762,819.0257000000477,836.2593000000714,856.9925,882.2757000000477]","[312.20970000004763,354.4097000000477,658.6598000000715,673.3932000000476,693.3926000000238,711.4431000000238,723.6923000000716,740.7923999999762,819.0258000000715,836.2593000000714,856.9925,882.2758000000715]",,6,"[314.34119999992845,724.9076999999285,820.4407999999523,837.3408999999762,858.1572999999523,883.2741000000239]","[314.34119999992845,724.9077999999523,820.4408999999762,837.3408999999762,858.1572999999523,883.2741000000239]",6,"[356.10749999999996,659.5908000000716,674.3407000000477,694.3404000000954,712.474,742.1745000000001]","[356.1076000000238,659.5908000000716,674.3407000000477,694.3404000000954,712.474,742.1745000000001]","[""scam_button""]",7.520863485,1.2227,6.277697666,0.8825,9.54676259,0.9248,0,11,11,21,1,resources/images/scam_23.png,scam,1,0.8,0,0,,,,,,,,,,,,,,,,,,,,,,,,,,,,,,,,,,,,,,,,,,,,,,,,,,,,,,,,,,,,,,,,,,,,,,,,,,,,,,,,,,,,,,
,,,,,,,,,,,001,2025-05-08_19h30.59.858,SLSINC2_O,2022.2.5,Win32,60.24096386,,,,,,,,,,,13,"[312.2096000000239,354.4097000000477,658.6597000000477,673.3932000000476,693.3924999999999,711.4431000000238,723.6923000000716,740.7923999999762,819.0257000000477,836.2593000000714,856.9925,882.2757000000477,907.3423000000716]","[312.20970000004763,354.4097000000477,658.6598000000715,673.3932000000476,693.3926000000238,711.4431000000238,723.6923000000716,740.7923999999762,819.0258000000715,836.2593000000714,856.9925,882.2758000000715,907.3423000000716]",,6,"[314.34119999992845,724.9076999999285,820.4407999999523,837.3408999999762,858.1572999999523,883.2741000000239]","[314.34119999992845,724.9077999999523,820.4408999999762,837.3408999999762,858.1572999999523,883.2741000000239]",7,"[356.10749999999996,659.5908000000716,674.3407000000477,694.3404000000954,712.474,742.1745000000001,908.407100000024]","[356.1076000000238,659.5908000000716,674.3407000000477,694.3404000000954,712.474,742.1745000000001,908.407100000024]","[""legit_button""]",7.141007019,1.3388,5.667626251,0.8601,3.894964204,0.7327,0,12,12,7,1,resources/images/legit_21.png,legit,0.8,0.8,0,0,,,,,,,,,,,,,,,,,,,,,,,,,,,,,,,,,,,,,,,,,,,,,,,,,,,,,,,,,,,,,,,,,,,,,,,,,,,,,,,,,,,,,,
,,,,,,,,,,,001,2025-05-08_19h30.59.858,SLSINC2_O,2022.2.5,Win32,60.24096386,,,,,,,,,,,14,"[312.2096000000239,354.4097000000477,658.6597000000477,673.3932000000476,693.3924999999999,711.4431000000238,723.6923000000716,740.7923999999762,819.0257000000477,836.2593000000714,856.9925,882.2757000000477,907.3423000000716,937.525600000024]","[312.20970000004763,354.4097000000477,658.6598000000715,673.3932000000476,693.3926000000238,711.4431000000238,723.6923000000716,740.7923999999762,819.0258000000715,836.2593000000714,856.9925,882.2758000000715,907.3423000000716,937.5257000000477]",,7,"[314.34119999992845,724.9076999999285,820.4407999999523,837.3408999999762,858.1572999999523,883.2741000000239,938.8906999999286]","[314.34119999992845,724.9077999999523,820.4408999999762,837.3408999999762,858.1572999999523,883.2741000000239,938.8907999999525]",7,"[356.10749999999996,659.5908000000716,674.3407000000477,694.3404000000954,712.474,742.1745000000001,908.407100000024]","[356.1076000000238,659.5908000000716,674.3407000000477,694.3404000000954,712.474,742.1745000000001,908.407100000024]","[""scam_button""]",6.634532901,1.0399,7.85467661,0.5387,6.945323917,0.7067,0,13,13,9,1,resources/images/legit_22.png,legit,1,0.78,0,0,,,,,,,,,,,,,,,,,,,,,,,,,,,,,,,,,,,,,,,,,,,,,,,,,,,,,,,,,,,,,,,,,,,,,,,,,,,,,,,,,,,,,,
,,,,,,,,,,,001,2025-05-08_19h30.59.858,SLSINC2_O,2022.2.5,Win32,60.24096386,,,,,,,,,,,15,"[312.2096000000239,354.4097000000477,658.6597000000477,673.3932000000476,693.3924999999999,711.4431000000238,723.6923000000716,740.7923999999762,819.0257000000477,836.2593000000714,856.9925,882.2757000000477,907.3423000000716,937.525600000024,947.4090000000001]","[312.20970000004763,354.4097000000477,658.6598000000715,673.3932000000476,693.3926000000238,711.4431000000238,723.6923000000716,740.7923999999762,819.0258000000715,836.2593000000714,856.9925,882.2758000000715,907.3423000000716,937.5257000000477,947.4090000000001]",,8,"[314.34119999992845,724.9076999999285,820.4407999999523,837.3408999999762,858.1572999999523,883.2741000000239,938.8906999999286,948.6406000000239]","[314.34119999992845,724.9077999999523,820.4408999999762,837.3408999999762,858.1572999999523,883.2741000000239,938.8907999999525,948.6406999999286]",7,"[356.10749999999996,659.5908000000716,674.3407000000477,694.3404000000954,712.474,742.1745000000001,908.407100000024]","[356.1076000000238,659.5908000000716,674.3407000000477,694.3404000000954,712.474,742.1745000000001,908.407100000024]","[""scam_button""]",8.787051414,1.5647,8.787051414,0.5408,7.256114932,0.7131,0,14,14,10,1,resources/images/scam15.jpg,scam,0.65,0.65,0,0,,,,,,,,,,,,,,,,,,,,,,,,,,,,,,,,,,,,,,,,,,,,,,,,,,,,,,,,,,,,,,,,,,,,,,,,,,,,,,,,,,,,,,
,,,,,,,,,,,001,2025-05-08_19h30.59.858,SLSINC2_O,2022.2.5,Win32,60.24096386,,,,,,,,,,,16,"[312.2096000000239,354.4097000000477,658.6597000000477,673.3932000000476,693.3924999999999,711.4431000000238,723.6923000000716,740.7923999999762,819.0257000000477,836.2593000000714,856.9925,882.2757000000477,907.3423000000716,937.525600000024,947.4090000000001,959.0420000000001]","[312.20970000004763,354.4097000000477,658.6598000000715,673.3932000000476,693.3926000000238,711.4431000000238,723.6923000000716,740.7923999999762,819.0258000000715,836.2593000000714,856.9925,882.2758000000715,907.3423000000716,937.5257000000477,947.4090000000001,959.042100000024]",,9,"[314.34119999992845,724.9076999999285,820.4407999999523,837.3408999999762,858.1572999999523,883.2741000000239,938.8906999999286,948.6406000000239,960.1741000000239]","[314.34119999992845,724.9077999999523,820.4408999999762,837.3408999999762,858.1572999999523,883.2741000000239,938.8907999999525,948.6406999999286,960.1741999999286]",7,"[356.10749999999996,659.5908000000716,674.3407000000477,694.3404000000954,712.474,742.1745000000001,908.407100000024]","[356.1076000000238,659.5908000000716,674.3407000000477,694.3404000000954,712.474,742.1745000000001,908.407100000024]","[""scam_button""]",9.846043868,3.9544,9.71942446,4.9393,4.424460432,2.3073,0,15,15,0,1,resources/images/scam8.jpg,scam,0.65,0.65,0,0,,,,,,,,,,,,,,,,,,,,,,,,,,,,,,,,,,,,,,,,,,,,,,,,,,,,,,,,,,,,,,,,,,,,,,,,,,,,,,,,,,,,,,
,,,,,,,,,,,001,2025-05-08_19h30.59.858,SLSINC2_O,2022.2.5,Win32,60.24096386,,,,,,,,,,,17,"[312.2096000000239,354.4097000000477,658.6597000000477,673.3932000000476,693.3924999999999,711.4431000000238,723.6923000000716,740.7923999999762,819.0257000000477,836.2593000000714,856.9925,882.2757000000477,907.3423000000716,937.525600000024,947.4090000000001,959.0420000000001,986.3753999999763]","[312.20970000004763,354.4097000000477,658.6598000000715,673.3932000000476,693.3926000000238,711.4431000000238,723.6923000000716,740.7923999999762,819.0258000000715,836.2593000000714,856.9925,882.2758000000715,907.3423000000716,937.5257000000477,947.4090000000001,959.042100000024,986.3755000000001]",,10,"[314.34119999992845,724.9076999999285,820.4407999999523,837.3408999999762,858.1572999999523,883.2741000000239,938.8906999999286,948.6406000000239,960.1741000000239,987.5405000000002]","[314.34119999992845,724.9077999999523,820.4408999999762,837.3408999999762,858.1572999999523,883.2741000000239,938.8907999999525,948.6406999999286,960.1741999999286,987.5405000000002]",7,"[356.10749999999996,659.5908000000716,674.3407000000477,694.3404000000954,712.474,742.1745000000001,908.407100000024]","[356.1076000000238,659.5908000000716,674.3407000000477,694.3404000000954,712.474,742.1745000000001,908.407100000024]","[""scam_button""]",8.315108265,1.405,7.037410599,0.6791,5.805755396,0.8242,0,16,16,22,1,resources/images/scam_24.png,scam,1,0.8,0,0,,,,,,,,,,,,,,,,,,,,,,,,,,,,,,,,,,,,,,,,,,,,,,,,,,,,,,,,,,,,,,,,,,,,,,,,,,,,,,,,,,,,,,
,,,,,,,,,,,001,2025-05-08_19h30.59.858,SLSINC2_O,2022.2.5,Win32,60.24096386,,,,,,,,,,,18,"[312.2096000000239,354.4097000000477,658.6597000000477,673.3932000000476,693.3924999999999,711.4431000000238,723.6923000000716,740.7923999999762,819.0257000000477,836.2593000000714,856.9925,882.2757000000477,907.3423000000716,937.525600000024,947.4090000000001,959.0420000000001,986.3753999999763,1009.0420000000001]","[312.20970000004763,354.4097000000477,658.6598000000715,673.3932000000476,693.3926000000238,711.4431000000238,723.6923000000716,740.7923999999762,819.0258000000715,836.2593000000714,856.9925,882.2758000000715,907.3423000000716,937.5257000000477,947.4090000000001,959.042100000024,986.3755000000001,1009.042100000024]",,10,"[314.34119999992845,724.9076999999285,820.4407999999523,837.3408999999762,858.1572999999523,883.2741000000239,938.8906999999286,948.6406000000239,960.1741000000239,987.5405000000002]","[314.34119999992845,724.9077999999523,820.4408999999762,837.3408999999762,858.1572999999523,883.2741000000239,938.8907999999525,948.6406999999286,960.1741999999286,987.5405000000002]",8,"[356.10749999999996,659.5908000000716,674.3407000000477,694.3404000000954,712.474,742.1745000000001,908.407100000024,1010.7573000000716]","[356.1076000000238,659.5908000000716,674.3407000000477,694.3404000000954,712.474,742.1745000000001,908.407100000024,1010.7573000000716]","[""legit_button""]",4.884892086,1.0895,7.325180383,0.5922,6.082014564,0.5056,0,17,17,23,1,resources/images/scam_22.png,scam,1,0.65,0,0,,,,,,,,,,,,,,,,,,,,,,,,,,,,,,,,,,,,,,,,,,,,,,,,,,,,,,,,,,,,,,,,,,,,,,,,,,,,,,,,,,,,,,
,,,,,,,,,,,001,2025-05-08_19h30.59.858,SLSINC2_O,2022.2.5,Win32,60.24096386,,,,,,,,,,,19,"[312.2096000000239,354.4097000000477,658.6597000000477,673.3932000000476,693.3924999999999,711.4431000000238,723.6923000000716,740.7923999999762,819.0257000000477,836.2593000000714,856.9925,882.2757000000477,907.3423000000716,937.525600000024,947.4090000000001,959.0420000000001,986.3753999999763,1009.0420000000001,1016.892]","[312.20970000004763,354.4097000000477,658.6598000000715,673.3932000000476,693.3926000000238,711.4431000000238,723.6923000000716,740.7923999999762,819.0258000000715,836.2593000000714,856.9925,882.2758000000715,907.3423000000716,937.5257000000477,947.4090000000001,959.042100000024,986.3755000000001,1009.042100000024,1016.8921000000239]",,11,"[314.34119999992845,724.9076999999285,820.4407999999523,837.3408999999762,858.1572999999523,883.2741000000239,938.8906999999286,948.6406000000239,960.1741000000239,987.5405000000002,1018.8740000000001]","[314.34119999992845,724.9077999999523,820.4408999999762,837.3408999999762,858.1572999999523,883.2741000000239,938.8907999999525,948.6406999999286,960.1741999999286,987.5405000000002,1018.8740000000001]",8,"[356.10749999999996,659.5908000000716,674.3407000000477,694.3404000000954,712.474,742.1745000000001,908.407100000024,1010.7573000000716]","[356.1076000000238,659.5908000000716,674.3407000000477,694.3404000000954,712.474,742.1745000000001,908.407100000024,1010.7573000000716]","[""scam_button""]",9.362590982,2.5599,8.188489736,0.7142,6.715108089,0.7287,0,18,18,1,1,resources/images/scam9.jpg,scam,0.65,0.65,0,0,,,,,,,,,,,,,,,,,,,,,,,,,,,,,,,,,,,,,,,,,,,,,,,,,,,,,,,,,,,,,,,,,,,,,,,,,,,,,,,,,,,,,,
,,,,,,,,,,,001,2025-05-08_19h30.59.858,SLSINC2_O,2022.2.5,Win32,60.24096386,,,,,,,,,,,20,"[312.2096000000239,354.4097000000477,658.6597000000477,673.3932000000476,693.3924999999999,711.4431000000238,723.6923000000716,740.7923999999762,819.0257000000477,836.2593000000714,856.9925,882.2757000000477,907.3423000000716,937.525600000024,947.4090000000001,959.0420000000001,986.3753999999763,1009.0420000000001,1016.892,1062.3753999999763]","[312.20970000004763,354.4097000000477,658.6598000000715,673.3932000000476,693.3926000000238,711.4431000000238,723.6923000000716,740.7923999999762,819.0258000000715,836.2593000000714,856.9925,882.2758000000715,907.3423000000716,937.5257000000477,947.4090000000001,959.042100000024,986.3755000000001,1009.042100000024,1016.8921000000239,1062.3755]",,11,"[314.34119999992845,724.9076999999285,820.4407999999523,837.3408999999762,858.1572999999523,883.2741000000239,938.8906999999286,948.6406000000239,960.1741000000239,987.5405000000002,1018.8740000000001]","[314.34119999992845,724.9077999999523,820.4408999999762,837.3408999999762,858.1572999999523,883.2741000000239,938.8907999999525,948.6406999999286,960.1741999999286,987.5405000000002,1018.8740000000001]",9,"[356.10749999999996,659.5908000000716,674.3407000000477,694.3404000000954,712.474,742.1745000000001,908.407100000024,1010.7573000000716,1063.190100000024]","[356.1076000000238,659.5908000000716,674.3407000000477,694.3404000000954,712.474,742.1745000000001,908.407100000024,1010.7573000000716,1063.190100000024]","[""legit_button""]",7.958273908,1.3729,8.764028426,0.7431,7.371222846,0.9388,0,19,19,16,1,resources/images/legit_30.png,legit,1,0.85,0,0,,,,,,,,,,,,,,,,,,,,,,,,,,,,,,,,,,,,,,,,,,,,,,,,,,,,,,,,,,,,,,,,,,,,,,,,,,,,,,,,,,,,,,
,,,,,,,,,,,001,2025-05-08_19h30.59.858,SLSINC2_O,2022.2.5,Win32,60.24096386,,,,,,,,,,,21,"[312.2096000000239,354.4097000000477,658.6597000000477,673.3932000000476,693.3924999999999,711.4431000000238,723.6923000000716,740.7923999999762,819.0257000000477,836.2593000000714,856.9925,882.2757000000477,907.3423000000716,937.525600000024,947.4090000000001,959.0420000000001,986.3753999999763,1009.0420000000001,1016.892,1062.3753999999763,1075.742600000024]","[312.20970000004763,354.4097000000477,658.6598000000715,673.3932000000476,693.3926000000238,711.4431000000238,723.6923000000716,740.7923999999762,819.0258000000715,836.2593000000714,856.9925,882.2758000000715,907.3423000000716,937.5257000000477,947.4090000000001,959.042100000024,986.3755000000001,1009.042100000024,1016.8921000000239,1062.3755,1075.742600000024]",,11,"[314.34119999992845,724.9076999999285,820.4407999999523,837.3408999999762,858.1572999999523,883.2741000000239,938.8906999999286,948.6406000000239,960.1741000000239,987.5405000000002,1018.8740000000001]","[314.34119999992845,724.9077999999523,820.4408999999762,837.3408999999762,858.1572999999523,883.2741000000239,938.8907999999525,948.6406999999286,960.1741999999286,987.5405000000002,1018.8740000000001]",10,"[356.10749999999996,659.5908000000716,674.3407000000477,694.3404000000954,712.474,742.1745000000001,908.407100000024,1010.7573000000716,1063.190100000024,1076.706700000048]","[356.1076000000238,659.5908000000716,674.3407000000477,694.3404000000954,712.474,742.1745000000001,908.407100000024,1010.7573000000716,1063.190100000024,1076.706700000048]","[""legit_button""]",7.612950167,1.2154,9.155396386,0.9555,7.670504124,0.7233,0,20,20,19,1,resources/images/scam_21.png,scam,1,0.65,0,0,,,,,,,,,,,,,,,,,,,,,,,,,,,,,,,,,,,,,,,,,,,,,,,,,,,,,,,,,,,,,,,,,,,,,,,,,,,,,,,,,,,,,,
,,,,,,,,,,,001,2025-05-08_19h30.59.858,SLSINC2_O,2022.2.5,Win32,60.24096386,,,,,,,,,,,22,"[312.2096000000239,354.4097000000477,658.6597000000477,673.3932000000476,693.3924999999999,711.4431000000238,723.6923000000716,740.7923999999762,819.0257000000477,836.2593000000714,856.9925,882.2757000000477,907.3423000000716,937.525600000024,947.4090000000001,959.0420000000001,986.3753999999763,1009.0420000000001,1016.892,1062.3753999999763,1075.742600000024,1149.5753999999763]","[312.20970000004763,354.4097000000477,658.6598000000715,673.3932000000476,693.3926000000238,711.4431000000238,723.6923000000716,740.7923999999762,819.0258000000715,836.2593000000714,856.9925,882.2758000000715,907.3423000000716,937.5257000000477,947.4090000000001,959.042100000024,986.3755000000001,1009.042100000024,1016.8921000000239,1062.3755,1075.742600000024,1149.5753999999763]",,11,"[314.34119999992845,724.9076999999285,820.4407999999523,837.3408999999762,858.1572999999523,883.2741000000239,938.8906999999286,948.6406000000239,960.1741000000239,987.5405000000002,1018.8740000000001]","[314.34119999992845,724.9077999999523,820.4408999999762,837.3408999999762,858.1572999999523,883.2741000000239,938.8907999999525,948.6406999999286,960.1741999999286,987.5405000000002,1018.8740000000001]",11,"[356.10749999999996,659.5908000000716,674.3407000000477,694.3404000000954,712.474,742.1745000000001,908.407100000024,1010.7573000000716,1063.190100000024,1076.706700000048,1151.2899000000955]","[356.1076000000238,659.5908000000716,674.3407000000477,694.3404000000954,712.474,742.1745000000001,908.407100000024,1010.7573000000716,1063.190100000024,1076.706700000048,1151.2899000000955]","[""legit_button""]",7.18705036,1.1741,8.84460537,1.6747,7.831654501,0.5282,0,21,21,17,1,resources/images/legitimate_18.png,legit,1,0.65,0,0,,,,,,,,,,,,,,,,,,,,,,,,,,,,,,,,,,,,,,,,,,,,,,,,,,,,,,,,,,,,,,,,,,,,,,,,,,,,,,,,,,,,,,
,,,,,,,,,,,001,2025-05-08_19h30.59.858,SLSINC2_O,2022.2.5,Win32,60.24096386,,,,,,,,,,,23,"[312.2096000000239,354.4097000000477,658.6597000000477,673.3932000000476,693.3924999999999,711.4431000000238,723.6923000000716,740.7923999999762,819.0257000000477,836.2593000000714,856.9925,882.2757000000477,907.3423000000716,937.525600000024,947.4090000000001,959.0420000000001,986.3753999999763,1009.0420000000001,1016.892,1062.3753999999763,1075.742600000024,1149.5753999999763,1166.875600000024]","[312.20970000004763,354.4097000000477,658.6598000000715,673.3932000000476,693.3926000000238,711.4431000000238,723.6923000000716,740.7923999999762,819.0258000000715,836.2593000000714,856.9925,882.2758000000715,907.3423000000716,937.5257000000477,947.4090000000001,959.042100000024,986.3755000000001,1009.042100000024,1016.8921000000239,1062.3755,1075.742600000024,1149.5753999999763,1166.875600000024]",,11,"[314.34119999992845,724.9076999999285,820.4407999999523,837.3408999999762,858.1572999999523,883.2741000000239,938.8906999999286,948.6406000000239,960.1741000000239,987.5405000000002,1018.8740000000001]","[314.34119999992845,724.9077999999523,820.4408999999762,837.3408999999762,858.1572999999523,883.2741000000239,938.8907999999525,948.6406999999286,960.1741999999286,987.5405000000002,1018.8740000000001]",12,"[356.10749999999996,659.5908000000716,674.3407000000477,694.3404000000954,712.474,742.1745000000001,908.407100000024,1010.7573000000716,1063.190100000024,1076.706700000048,1151.2899000000955,1168.0732000000478]","[356.1076000000238,659.5908000000716,674.3407000000477,694.3404000000954,712.474,742.1745000000001,908.407100000024,1010.7573000000716,1063.190100000024,1076.706700000048,1151.2899000000955,1168.0732000000478]","[""legit_button""]",4.884892086,2.1911,2.479136515,0.9392,2.559712581,0.7613,0,22,22,11,1,resources/images/scam16.png,scam,0.65,0.65,0,0,,,,,,,,,,,,,,,,,,,,,,,,,,,,,,,,,,,,,,,,,,,,,,,,,,,,,,,,,,,,,,,,,,,,,,,,,,,,,,,,,,,,,,
,,,,,,,,,,,001,2025-05-08_19h30.59.858,SLSINC2_O,2022.2.5,Win32,60.24096386,,,,,,,,,,,24,"[312.2096000000239,354.4097000000477,658.6597000000477,673.3932000000476,693.3924999999999,711.4431000000238,723.6923000000716,740.7923999999762,819.0257000000477,836.2593000000714,856.9925,882.2757000000477,907.3423000000716,937.525600000024,947.4090000000001,959.0420000000001,986.3753999999763,1009.0420000000001,1016.892,1062.3753999999763,1075.742600000024,1149.5753999999763,1166.875600000024,1187.608600000024]","[312.20970000004763,354.4097000000477,658.6598000000715,673.3932000000476,693.3926000000238,711.4431000000238,723.6923000000716,740.7923999999762,819.0258000000715,836.2593000000714,856.9925,882.2758000000715,907.3423000000716,937.5257000000477,947.4090000000001,959.042100000024,986.3755000000001,1009.042100000024,1016.8921000000239,1062.3755,1075.742600000024,1149.5753999999763,1166.875600000024,1187.608600000024]",,11,"[314.34119999992845,724.9076999999285,820.4407999999523,837.3408999999762,858.1572999999523,883.2741000000239,938.8906999999286,948.6406000000239,960.1741000000239,987.5405000000002,1018.8740000000001]","[314.34119999992845,724.9077999999523,820.4408999999762,837.3408999999762,858.1572999999523,883.2741000000239,938.8907999999525,948.6406999999286,960.1741999999286,987.5405000000002,1018.8740000000001]",13,"[356.10749999999996,659.5908000000716,674.3407000000477,694.3404000000954,712.474,742.1745000000001,908.407100000024,1010.7573000000716,1063.190100000024,1076.706700000048,1151.2899000000955,1168.0732000000478,1188.9405000000002]","[356.1076000000238,659.5908000000716,674.3407000000477,694.3404000000954,712.474,742.1745000000001,908.407100000024,1010.7573000000716,1063.190100000024,1076.706700000048,1151.2899000000955,1168.0732000000478,1188.9405000000002]","[""legit_button""]",7.900719951,1.4082,8.787051414,1.0734,7.520863485,0.6628,0,23,23,4,1,resources/images/legit_19.png,legit,0.65,0.65,0,0,,,,,,,,,,,,,,,,,,,,,,,,,,,,,,,,,,,,,,,,,,,,,,,,,,,,,,,,,,,,,,,,,,,,,,,,,,,,,,,,,,,,,,
,,,,,,,,,,,001,2025-05-08_19h30.59.858,SLSINC2_O,2022.2.5,Win32,60.24096386,,,,,,,,,,,,,,,,,,,,,,,,,,,,,,,,,,,,,,,space,4.9583,,,,,,,,,,,,,,,,,,,,,,,,,,,,,,,,,,,,,,,,,,,,,,,,,,,,,,,,,,,,,,,,,,,,,,,,,,,,,,,,,,,,
,,,,,,,,,,,001,2025-05-08_19h30.59.858,SLSINC2_O,2022.2.5,Win32,60.24096386,,,,,,,,,,,,,,,,,,,,,,,,,,,,,,,,,,,,,,,,,space,4.2843,,,,,,,,,,,,,,,,,,,,,,,,,,,,,,,,,,,,,,,,,,,,,,,,,,,,,,,,,,,,,,,,,,,,,,,,,,,,,,,,,,
,,,,,,,,,,,001,2025-05-08_19h30.59.858,SLSINC2_O,2022.2.5,Win32,60.24096386,,,,,,,,,,,,,,,,,,,,,,,,,,,,,,,,,,,,,,,,,,,space,5.9759,,,,,,,,,,,,,,,,,,,,,,,,,,,,,,,,,,,,,,,,,,,,,,,,,,,,,,,,,,,,,,,,,,,,,,,,,,,,,,,,
,,,,,,,,,,,001,2025-05-08_19h30.59.858,SLSINC2_O,2022.2.5,Win32,60.24096386,,,,,,,,,,,,,,,,,,,,,,,,,,,,,,,,,,,,,,,,,,,,,Message of urgency to do an action right awayMisspelled words and punctautionPoor gramm,1,[1510.1337000000478],[1510.1337000000478],,,,,,,,,,,,,,,,,,,,,,,,,,,,,,,,,,,,,,,,,,,,,,,,,,,,,,,,,,,,,,,,,,,,,,,,,,,,
,,,,,,,,,,,001,2025-05-08_19h30.59.858,SLSINC2_O,2022.2.5,Win32,60.24096386,,,,,,,,,space,1.9505,,,,,,,,,,,,,,,,,,,,,,,,,,,,,,,,,,,,,,,,,,,,,,,,,,,,,,,,,,,,,,,,,,,,,,,,,,,,,,,,,,,,,,,,,,,,,,,,,,,,,,,,,,,,,,,,,,
,,,,,,,,,,,001,2025-05-08_19h30.59.858,SLSINC2_O,2022.2.5,Win32,60.24096386,,,,,,,,,,,25,"[312.2096000000239,354.4097000000477,658.6597000000477,673.3932000000476,693.3924999999999,711.4431000000238,723.6923000000716,740.7923999999762,819.0257000000477,836.2593000000714,856.9925,882.2757000000477,907.3423000000716,937.525600000024,947.4090000000001,959.0420000000001,986.3753999999763,1009.0420000000001,1016.892,1062.3753999999763,1075.742600000024,1149.5753999999763,1166.875600000024,1187.608600000024,1521.4417000000478]","[312.20970000004763,354.4097000000477,658.6598000000715,673.3932000000476,693.3926000000238,711.4431000000238,723.6923000000716,740.7923999999762,819.0258000000715,836.2593000000714,856.9925,882.2758000000715,907.3423000000716,937.5257000000477,947.4090000000001,959.042100000024,986.3755000000001,1009.042100000024,1016.8921000000239,1062.3755,1075.742600000024,1149.5753999999763,1166.875600000024,1187.608600000024,1521.4417000000478]",,11,"[314.34119999992845,724.9076999999285,820.4407999999523,837.3408999999762,858.1572999999523,883.2741000000239,938.8906999999286,948.6406000000239,960.1741000000239,987.5405000000002,1018.8740000000001]","[314.34119999992845,724.9077999999523,820.4408999999762,837.3408999999762,858.1572999999523,883.2741000000239,938.8907999999525,948.6406999999286,960.1741999999286,987.5405000000002,1018.8740000000001]",14,"[356.10749999999996,659.5908000000716,674.3407000000477,694.3404000000954,712.474,742.1745000000001,908.407100000024,1010.7573000000716,1063.190100000024,1076.706700000048,1151.2899000000955,1168.0732000000478,1188.9405000000002,1523.873]","[356.1076000000238,659.5908000000716,674.3407000000477,694.3404000000954,712.474,742.1745000000001,908.407100000024,1010.7573000000716,1063.190100000024,1076.706700000048,1151.2899000000955,1168.0732000000478,1188.9405000000002,1523.873100000024]","[""legit_button""]",9.235971574,2.5744,7.785612038,0.6926,5.782734164,0.681,,,,,,resources/images/legit7-EDIT.png,legit,0.65,0.65,0,0,,,,,,,,,,,0,0,0,14,1,,,,,,,,,,,,,,,,,,,,,,,,,,,,,,,,,,,,,,,,,,,,,,,,,,,,,,,,,,,,,,,,,,,,,,,
,,,,,,,,,,,001,2025-05-08_19h30.59.858,SLSINC2_O,2022.2.5,Win32,60.24096386,,,,,,,,,,,26,"[312.2096000000239,354.4097000000477,658.6597000000477,673.3932000000476,693.3924999999999,711.4431000000238,723.6923000000716,740.7923999999762,819.0257000000477,836.2593000000714,856.9925,882.2757000000477,907.3423000000716,937.525600000024,947.4090000000001,959.0420000000001,986.3753999999763,1009.0420000000001,1016.892,1062.3753999999763,1075.742600000024,1149.5753999999763,1166.875600000024,1187.608600000024,1521.4417000000478,1533.392]","[312.20970000004763,354.4097000000477,658.6598000000715,673.3932000000476,693.3926000000238,711.4431000000238,723.6923000000716,740.7923999999762,819.0258000000715,836.2593000000714,856.9925,882.2758000000715,907.3423000000716,937.5257000000477,947.4090000000001,959.042100000024,986.3755000000001,1009.042100000024,1016.8921000000239,1062.3755,1075.742600000024,1149.5753999999763,1166.875600000024,1187.608600000024,1521.4417000000478,1533.392100000024]",,12,"[314.34119999992845,724.9076999999285,820.4407999999523,837.3408999999762,858.1572999999523,883.2741000000239,938.8906999999286,948.6406000000239,960.1741000000239,987.5405000000002,1018.8740000000001,1534.4737999999525]","[314.34119999992845,724.9077999999523,820.4408999999762,837.3408999999762,858.1572999999523,883.2741000000239,938.8907999999525,948.6406999999286,960.1741999999286,987.5405000000002,1018.8740000000001,1534.4737999999525]",14,"[356.10749999999996,659.5908000000716,674.3407000000477,694.3404000000954,712.474,742.1745000000001,908.407100000024,1010.7573000000716,1063.190100000024,1076.706700000048,1151.2899000000955,1168.0732000000478,1188.9405000000002,1523.873]","[356.1076000000238,659.5908000000716,674.3407000000477,694.3404000000954,712.474,742.1745000000001,908.407100000024,1010.7573000000716,1063.190100000024,1076.706700000048,1151.2899000000955,1168.0732000000478,1188.9405000000002,1523.873100000024]","[""scam_button""]",9.880576593,1.8099,8.073381822,1.2649,5.874819968,0.9936,,,,,,resources/images/scam_11.png,scam,1,0.65,0,0,,,,,,,,,,,0,1,1,19,1,,,,,,,,,,,,,,,,,,,,,,,,,,,,,,,,,,,,,,,,,,,,,,,,,,,,,,,,,,,,,,,,,,,,,,,
,,,,,,,,,,,001,2025-05-08_19h30.59.858,SLSINC2_O,2022.2.5,Win32,60.24096386,,,,,,,,,,,27,"[312.2096000000239,354.4097000000477,658.6597000000477,673.3932000000476,693.3924999999999,711.4431000000238,723.6923000000716,740.7923999999762,819.0257000000477,836.2593000000714,856.9925,882.2757000000477,907.3423000000716,937.525600000024,947.4090000000001,959.0420000000001,986.3753999999763,1009.0420000000001,1016.892,1062.3753999999763,1075.742600000024,1149.5753999999763,1166.875600000024,1187.608600000024,1521.4417000000478,1533.392,1558.6583999999762]","[312.20970000004763,354.4097000000477,658.6598000000715,673.3932000000476,693.3926000000238,711.4431000000238,723.6923000000716,740.7923999999762,819.0258000000715,836.2593000000714,856.9925,882.2758000000715,907.3423000000716,937.5257000000477,947.4090000000001,959.042100000024,986.3755000000001,1009.042100000024,1016.8921000000239,1062.3755,1075.742600000024,1149.5753999999763,1166.875600000024,1187.608600000024,1521.4417000000478,1533.392100000024,1558.6583999999762]",,13,"[314.34119999992845,724.9076999999285,820.4407999999523,837.3408999999762,858.1572999999523,883.2741000000239,938.8906999999286,948.6406000000239,960.1741000000239,987.5405000000002,1018.8740000000001,1534.4737999999525,1559.9898999999764]","[314.34119999992845,724.9077999999523,820.4408999999762,837.3408999999762,858.1572999999523,883.2741000000239,938.8907999999525,948.6406999999286,960.1741999999286,987.5405000000002,1018.8740000000001,1534.4737999999525,1559.9898999999764]",14,"[356.10749999999996,659.5908000000716,674.3407000000477,694.3404000000954,712.474,742.1745000000001,908.407100000024,1010.7573000000716,1063.190100000024,1076.706700000048,1151.2899000000955,1168.0732000000478,1188.9405000000002,1523.873]","[356.1076000000238,659.5908000000716,674.3407000000477,694.3404000000954,712.474,742.1745000000001,908.407100000024,1010.7573000000716,1063.190100000024,1076.706700000048,1151.2899000000955,1168.0732000000478,1188.9405000000002,1523.873100000024]","[""scam_button""]",8.579855939,1.3566,7.083453062,0.974,5.771223549,0.6323,,,,,,resources/images/scam6.jpg,scam,1,0.65,0,0,,,,,,,,,,,0,2,2,9,1,,,,,,,,,,,,,,,,,,,,,,,,,,,,,,,,,,,,,,,,,,,,,,,,,,,,,,,,,,,,,,,,,,,,,,,
,,,,,,,,,,,001,2025-05-08_19h30.59.858,SLSINC2_O,2022.2.5,Win32,60.24096386,,,,,,,,,,,28,"[312.2096000000239,354.4097000000477,658.6597000000477,673.3932000000476,693.3924999999999,711.4431000000238,723.6923000000716,740.7923999999762,819.0257000000477,836.2593000000714,856.9925,882.2757000000477,907.3423000000716,937.525600000024,947.4090000000001,959.0420000000001,986.3753999999763,1009.0420000000001,1016.892,1062.3753999999763,1075.742600000024,1149.5753999999763,1166.875600000024,1187.608600000024,1521.4417000000478,1533.392,1558.6583999999762,1573.2918999999763]","[312.20970000004763,354.4097000000477,658.6598000000715,673.3932000000476,693.3926000000238,711.4431000000238,723.6923000000716,740.7923999999762,819.0258000000715,836.2593000000714,856.9925,882.2758000000715,907.3423000000716,937.5257000000477,947.4090000000001,959.042100000024,986.3755000000001,1009.042100000024,1016.8921000000239,1062.3755,1075.742600000024,1149.5753999999763,1166.875600000024,1187.608600000024,1521.4417000000478,1533.392100000024,1558.6583999999762,1573.2918999999763]",,14,"[314.34119999992845,724.9076999999285,820.4407999999523,837.3408999999762,858.1572999999523,883.2741000000239,938.8906999999286,948.6406000000239,960.1741000000239,987.5405000000002,1018.8740000000001,1534.4737999999525,1559.9898999999764,1574.2233999999762]","[314.34119999992845,724.9077999999523,820.4408999999762,837.3408999999762,858.1572999999523,883.2741000000239,938.8907999999525,948.6406999999286,960.1741999999286,987.5405000000002,1018.8740000000001,1534.4737999999525,1559.9898999999764,1574.2233999999762]",14,"[356.10749999999996,659.5908000000716,674.3407000000477,694.3404000000954,712.474,742.1745000000001,908.407100000024,1010.7573000000716,1063.190100000024,1076.706700000048,1151.2899000000955,1168.0732000000478,1188.9405000000002,1523.873]","[356.1076000000238,659.5908000000716,674.3407000000477,694.3404000000954,712.474,742.1745000000001,908.407100000024,1010.7573000000716,1063.190100000024,1076.706700000048,1151.2899000000955,1168.0732000000478,1188.9405000000002,1523.873100000024]","[""scam_button""]",8.994244253,1.1898,8.004316371,0.6287,8.050359712,0.7404,,,,,,resources/images/scam5.jpg,scam,0.7,0.65,0,0,,,,,,,,,,,0,3,3,7,1,,,,,,,,,,,,,,,,,,,,,,,,,,,,,,,,,,,,,,,,,,,,,,,,,,,,,,,,,,,,,,,,,,,,,,,
,,,,,,,,,,,001,2025-05-08_19h30.59.858,SLSINC2_O,2022.2.5,Win32,60.24096386,,,,,,,,,,,29,"[312.2096000000239,354.4097000000477,658.6597000000477,673.3932000000476,693.3924999999999,711.4431000000238,723.6923000000716,740.7923999999762,819.0257000000477,836.2593000000714,856.9925,882.2757000000477,907.3423000000716,937.525600000024,947.4090000000001,959.0420000000001,986.3753999999763,1009.0420000000001,1016.892,1062.3753999999763,1075.742600000024,1149.5753999999763,1166.875600000024,1187.608600000024,1521.4417000000478,1533.392,1558.6583999999762,1573.2918999999763,1583.842]","[312.20970000004763,354.4097000000477,658.6598000000715,673.3932000000476,693.3926000000238,711.4431000000238,723.6923000000716,740.7923999999762,819.0258000000715,836.2593000000714,856.9925,882.2758000000715,907.3423000000716,937.5257000000477,947.4090000000001,959.042100000024,986.3755000000001,1009.042100000024,1016.8921000000239,1062.3755,1075.742600000024,1149.5753999999763,1166.875600000024,1187.608600000024,1521.4417000000478,1533.392100000024,1558.6583999999762,1573.2918999999763,1583.842100000024]",,15,"[314.34119999992845,724.9076999999285,820.4407999999523,837.3408999999762,858.1572999999523,883.2741000000239,938.8906999999286,948.6406000000239,960.1741000000239,987.5405000000002,1018.8740000000001,1534.4737999999525,1559.9898999999764,1574.2233999999762,1584.7735000000002]","[314.34119999992845,724.9077999999523,820.4408999999762,837.3408999999762,858.1572999999523,883.2741000000239,938.8907999999525,948.6406999999286,960.1741999999286,987.5405000000002,1018.8740000000001,1534.4737999999525,1559.9898999999764,1574.2233999999762,1584.773600000024]",14,"[356.10749999999996,659.5908000000716,674.3407000000477,694.3404000000954,712.474,742.1745000000001,908.407100000024,1010.7573000000716,1063.190100000024,1076.706700000048,1151.2899000000955,1168.0732000000478,1188.9405000000002,1523.873]","[356.1076000000238,659.5908000000716,674.3407000000477,694.3404000000954,712.474,742.1745000000001,908.407100000024,1010.7573000000716,1063.190100000024,1076.706700000048,1151.2899000000955,1168.0732000000478,1188.9405000000002,1523.873100000024]","[""scam_button""]",9.54676259,1.8733,7.808633269,1.0156,6.323741007,0.5923,,,,,,resources/images/legit6.png,legit,0.65,0.65,0,0,,,,,,,,,,,0,4,4,13,1,,,,,,,,,,,,,,,,,,,,,,,,,,,,,,,,,,,,,,,,,,,,,,,,,,,,,,,,,,,,,,,,,,,,,,,
,,,,,,,,,,,001,2025-05-08_19h30.59.858,SLSINC2_O,2022.2.5,Win32,60.24096386,,,,,,,,,,,30,"[312.2096000000239,354.4097000000477,658.6597000000477,673.3932000000476,693.3924999999999,711.4431000000238,723.6923000000716,740.7923999999762,819.0257000000477,836.2593000000714,856.9925,882.2757000000477,907.3423000000716,937.525600000024,947.4090000000001,959.0420000000001,986.3753999999763,1009.0420000000001,1016.892,1062.3753999999763,1075.742600000024,1149.5753999999763,1166.875600000024,1187.608600000024,1521.4417000000478,1533.392,1558.6583999999762,1573.2918999999763,1583.842,1656.5085000000001]","[312.20970000004763,354.4097000000477,658.6598000000715,673.3932000000476,693.3926000000238,711.4431000000238,723.6923000000716,740.7923999999762,819.0258000000715,836.2593000000714,856.9925,882.2758000000715,907.3423000000716,937.5257000000477,947.4090000000001,959.042100000024,986.3755000000001,1009.042100000024,1016.8921000000239,1062.3755,1075.742600000024,1149.5753999999763,1166.875600000024,1187.608600000024,1521.4417000000478,1533.392100000024,1558.6583999999762,1573.2918999999763,1583.842100000024,1656.508600000024]",,16,"[314.34119999992845,724.9076999999285,820.4407999999523,837.3408999999762,858.1572999999523,883.2741000000239,938.8906999999286,948.6406000000239,960.1741000000239,987.5405000000002,1018.8740000000001,1534.4737999999525,1559.9898999999764,1574.2233999999762,1584.7735000000002,1657.8566000000242]","[314.34119999992845,724.9077999999523,820.4408999999762,837.3408999999762,858.1572999999523,883.2741000000239,938.8907999999525,948.6406999999286,960.1741999999286,987.5405000000002,1018.8740000000001,1534.4737999999525,1559.9898999999764,1574.2233999999762,1584.773600000024,1657.8566999999284]",14,"[356.10749999999996,659.5908000000716,674.3407000000477,694.3404000000954,712.474,742.1745000000001,908.407100000024,1010.7573000000716,1063.190100000024,1076.706700000048,1151.2899000000955,1168.0732000000478,1188.9405000000002,1523.873]","[356.1076000000238,659.5908000000716,674.3407000000477,694.3404000000954,712.474,742.1745000000001,908.407100000024,1010.7573000000716,1063.190100000024,1076.706700000048,1151.2899000000955,1168.0732000000478,1188.9405000000002,1523.873100000024]","[""scam_button""]",8.200000351,1.1563,8.533813477,0.6232,8.130935779,1.124,,,,,,resources/images/scam14-EDIT.png,scam,1,0.65,0,0,,,,,,,,,,,0,5,5,23,1,,,,,,,,,,,,,,,,,,,,,,,,,,,,,,,,,,,,,,,,,,,,,,,,,,,,,,,,,,,,,,,,,,,,,,,
,,,,,,,,,,,001,2025-05-08_19h30.59.858,SLSINC2_O,2022.2.5,Win32,60.24096386,,,,,,,,,,,31,"[312.2096000000239,354.4097000000477,658.6597000000477,673.3932000000476,693.3924999999999,711.4431000000238,723.6923000000716,740.7923999999762,819.0257000000477,836.2593000000714,856.9925,882.2757000000477,907.3423000000716,937.525600000024,947.4090000000001,959.0420000000001,986.3753999999763,1009.0420000000001,1016.892,1062.3753999999763,1075.742600000024,1149.5753999999763,1166.875600000024,1187.608600000024,1521.4417000000478,1533.392,1558.6583999999762,1573.2918999999763,1583.842,1656.5085000000001,1664.491600000024]","[312.20970000004763,354.4097000000477,658.6598000000715,673.3932000000476,693.3926000000238,711.4431000000238,723.6923000000716,740.7923999999762,819.0258000000715,836.2593000000714,856.9925,882.2758000000715,907.3423000000716,937.5257000000477,947.4090000000001,959.042100000024,986.3755000000001,1009.042100000024,1016.8921000000239,1062.3755,1075.742600000024,1149.5753999999763,1166.875600000024,1187.608600000024,1521.4417000000478,1533.392100000024,1558.6583999999762,1573.2918999999763,1583.842100000024,1656.508600000024,1664.4917000000478]",,17,"[314.34119999992845,724.9076999999285,820.4407999999523,837.3408999999762,858.1572999999523,883.2741000000239,938.8906999999286,948.6406000000239,960.1741000000239,987.5405000000002,1018.8740000000001,1534.4737999999525,1559.9898999999764,1574.2233999999762,1584.7735000000002,1657.8566000000242,1665.6896999999285]","[314.34119999992845,724.9077999999523,820.4408999999762,837.3408999999762,858.1572999999523,883.2741000000239,938.8907999999525,948.6406999999286,960.1741999999286,987.5405000000002,1018.8740000000001,1534.4737999999525,1559.9898999999764,1574.2233999999762,1584.773600000024,1657.8566999999284,1665.6896999999285]",14,"[356.10749999999996,659.5908000000716,674.3407000000477,694.3404000000954,712.474,742.1745000000001,908.407100000024,1010.7573000000716,1063.190100000024,1076.706700000048,1151.2899000000955,1168.0732000000478,1188.9405000000002,1523.873]","[356.1076000000238,659.5908000000716,674.3407000000477,694.3404000000954,712.474,742.1745000000001,908.407100000024,1010.7573000000716,1063.190100000024,1076.706700000048,1151.2899000000955,1168.0732000000478,1188.9405000000002,1523.873100000024]","[""scam_button""]",9.673381998,1.3093,8.913669065,0.6425,9.892086331,1.557,,,,,,resources/images/scam4.png,scam,0.8,0.65,0,0,,,,,,,,,,,0,6,6,6,1,,,,,,,,,,,,,,,,,,,,,,,,,,,,,,,,,,,,,,,,,,,,,,,,,,,,,,,,,,,,,,,,,,,,,,,
,,,,,,,,,,,001,2025-05-08_19h30.59.858,SLSINC2_O,2022.2.5,Win32,60.24096386,,,,,,,,,,,32,"[312.2096000000239,354.4097000000477,658.6597000000477,673.3932000000476,693.3924999999999,711.4431000000238,723.6923000000716,740.7923999999762,819.0257000000477,836.2593000000714,856.9925,882.2757000000477,907.3423000000716,937.525600000024,947.4090000000001,959.0420000000001,986.3753999999763,1009.0420000000001,1016.892,1062.3753999999763,1075.742600000024,1149.5753999999763,1166.875600000024,1187.608600000024,1521.4417000000478,1533.392,1558.6583999999762,1573.2918999999763,1583.842,1656.5085000000001,1664.491600000024,1678.8587000000477]","[312.20970000004763,354.4097000000477,658.6598000000715,673.3932000000476,693.3926000000238,711.4431000000238,723.6923000000716,740.7923999999762,819.0258000000715,836.2593000000714,856.9925,882.2758000000715,907.3423000000716,937.5257000000477,947.4090000000001,959.042100000024,986.3755000000001,1009.042100000024,1016.8921000000239,1062.3755,1075.742600000024,1149.5753999999763,1166.875600000024,1187.608600000024,1521.4417000000478,1533.392100000024,1558.6583999999762,1573.2918999999763,1583.842100000024,1656.508600000024,1664.4917000000478,1678.8587000000477]",,18,"[314.34119999992845,724.9076999999285,820.4407999999523,837.3408999999762,858.1572999999523,883.2741000000239,938.8906999999286,948.6406000000239,960.1741000000239,987.5405000000002,1018.8740000000001,1534.4737999999525,1559.9898999999764,1574.2233999999762,1584.7735000000002,1657.8566000000242,1665.6896999999285,1680.04]","[314.34119999992845,724.9077999999523,820.4408999999762,837.3408999999762,858.1572999999523,883.2741000000239,938.8907999999525,948.6406999999286,960.1741999999286,987.5405000000002,1018.8740000000001,1534.4737999999525,1559.9898999999764,1574.2233999999762,1584.773600000024,1657.8566999999284,1665.6896999999285,1680.04]",14,"[356.10749999999996,659.5908000000716,674.3407000000477,694.3404000000954,712.474,742.1745000000001,908.407100000024,1010.7573000000716,1063.190100000024,1076.706700000048,1151.2899000000955,1168.0732000000478,1188.9405000000002,1523.873]","[356.1076000000238,659.5908000000716,674.3407000000477,694.3404000000954,712.474,742.1745000000001,908.407100000024,1010.7573000000716,1063.190100000024,1076.706700000048,1151.2899000000955,1168.0732000000478,1188.9405000000002,1523.873100000024]","[""scam_button""]",9.615828041,1.5298,9.615828041,0.9483,8.200000351,0.9808,,,,,,resources/images/legit2.jpg,legit,1,0.65,0,0,,,,,,,,,,,0,7,7,4,1,,,,,,,,,,,,,,,,,,,,,,,,,,,,,,,,,,,,,,,,,,,,,,,,,,,,,,,,,,,,,,,,,,,,,,,
,,,,,,,,,,,001,2025-05-08_19h30.59.858,SLSINC2_O,2022.2.5,Win32,60.24096386,,,,,,,,,,,33,"[312.2096000000239,354.4097000000477,658.6597000000477,673.3932000000476,693.3924999999999,711.4431000000238,723.6923000000716,740.7923999999762,819.0257000000477,836.2593000000714,856.9925,882.2757000000477,907.3423000000716,937.525600000024,947.4090000000001,959.0420000000001,986.3753999999763,1009.0420000000001,1016.892,1062.3753999999763,1075.742600000024,1149.5753999999763,1166.875600000024,1187.608600000024,1521.4417000000478,1533.392,1558.6583999999762,1573.2918999999763,1583.842,1656.5085000000001,1664.491600000024,1678.8587000000477,1691.7918999999763]","[312.20970000004763,354.4097000000477,658.6598000000715,673.3932000000476,693.3926000000238,711.4431000000238,723.6923000000716,740.7923999999762,819.0258000000715,836.2593000000714,856.9925,882.2758000000715,907.3423000000716,937.5257000000477,947.4090000000001,959.042100000024,986.3755000000001,1009.042100000024,1016.8921000000239,1062.3755,1075.742600000024,1149.5753999999763,1166.875600000024,1187.608600000024,1521.4417000000478,1533.392100000024,1558.6583999999762,1573.2918999999763,1583.842100000024,1656.508600000024,1664.4917000000478,1678.8587000000477,1691.7920000000001]",,19,"[314.34119999992845,724.9076999999285,820.4407999999523,837.3408999999762,858.1572999999523,883.2741000000239,938.8906999999286,948.6406000000239,960.1741000000239,987.5405000000002,1018.8740000000001,1534.4737999999525,1559.9898999999764,1574.2233999999762,1584.7735000000002,1657.8566000000242,1665.6896999999285,1680.04,1693.1567999999525]","[314.34119999992845,724.9077999999523,820.4408999999762,837.3408999999762,858.1572999999523,883.2741000000239,938.8907999999525,948.6406999999286,960.1741999999286,987.5405000000002,1018.8740000000001,1534.4737999999525,1559.9898999999764,1574.2233999999762,1584.773600000024,1657.8566999999284,1665.6896999999285,1680.04,1693.1568999999763]",14,"[356.10749999999996,659.5908000000716,674.3407000000477,694.3404000000954,712.474,742.1745000000001,908.407100000024,1010.7573000000716,1063.190100000024,1076.706700000048,1151.2899000000955,1168.0732000000478,1188.9405000000002,1523.873]","[356.1076000000238,659.5908000000716,674.3407000000477,694.3404000000954,712.474,742.1745000000001,908.407100000024,1010.7573000000716,1063.190100000024,1076.706700000048,1151.2899000000955,1168.0732000000478,1188.9405000000002,1523.873100000024]","[""scam_button""]",8.487770135,1.0734,8.487770135,0.6074,6.450359537,0.7739,,,,,,resources/images/scam12.jpg,scam,0.65,0.65,0,0,,,,,,,,,,,0,8,8,20,1,,,,,,,,,,,,,,,,,,,,,,,,,,,,,,,,,,,,,,,,,,,,,,,,,,,,,,,,,,,,,,,,,,,,,,,
,,,,,,,,,,,001,2025-05-08_19h30.59.858,SLSINC2_O,2022.2.5,Win32,60.24096386,,,,,,,,,,,34,"[312.2096000000239,354.4097000000477,658.6597000000477,673.3932000000476,693.3924999999999,711.4431000000238,723.6923000000716,740.7923999999762,819.0257000000477,836.2593000000714,856.9925,882.2757000000477,907.3423000000716,937.525600000024,947.4090000000001,959.0420000000001,986.3753999999763,1009.0420000000001,1016.892,1062.3753999999763,1075.742600000024,1149.5753999999763,1166.875600000024,1187.608600000024,1521.4417000000478,1533.392,1558.6583999999762,1573.2918999999763,1583.842,1656.5085000000001,1664.491600000024,1678.8587000000477,1691.7918999999763,1704.475100000024]","[312.20970000004763,354.4097000000477,658.6598000000715,673.3932000000476,693.3926000000238,711.4431000000238,723.6923000000716,740.7923999999762,819.0258000000715,836.2593000000714,856.9925,882.2758000000715,907.3423000000716,937.5257000000477,947.4090000000001,959.042100000024,986.3755000000001,1009.042100000024,1016.8921000000239,1062.3755,1075.742600000024,1149.5753999999763,1166.875600000024,1187.608600000024,1521.4417000000478,1533.392100000024,1558.6583999999762,1573.2918999999763,1583.842100000024,1656.508600000024,1664.4917000000478,1678.8587000000477,1691.7920000000001,1704.4752000000478]",,20,"[314.34119999992845,724.9076999999285,820.4407999999523,837.3408999999762,858.1572999999523,883.2741000000239,938.8906999999286,948.6406000000239,960.1741000000239,987.5405000000002,1018.8740000000001,1534.4737999999525,1559.9898999999764,1574.2233999999762,1584.7735000000002,1657.8566000000242,1665.6896999999285,1680.04,1693.1567999999525,1705.3398999999763]","[314.34119999992845,724.9077999999523,820.4408999999762,837.3408999999762,858.1572999999523,883.2741000000239,938.8907999999525,948.6406999999286,960.1741999999286,987.5405000000002,1018.8740000000001,1534.4737999999525,1559.9898999999764,1574.2233999999762,1584.773600000024,1657.8566999999284,1665.6896999999285,1680.04,1693.1568999999763,1705.3398999999763]",14,"[356.10749999999996,659.5908000000716,674.3407000000477,694.3404000000954,712.474,742.1745000000001,908.407100000024,1010.7573000000716,1063.190100000024,1076.706700000048,1151.2899000000955,1168.0732000000478,1188.9405000000002,1523.873]","[356.1076000000238,659.5908000000716,674.3407000000477,694.3404000000954,712.474,742.1745000000001,908.407100000024,1010.7573000000716,1063.190100000024,1076.706700000048,1151.2899000000955,1168.0732000000478,1188.9405000000002,1523.873100000024]","[""scam_button""]",8.372662222,1.5071,9.017267241,0.7913,9.661870504,0.9986,,,,,,resources/images/scam3.png,scam,1.2,0.65,0,0,,,,,,,,,,,0,9,9,2,1,,,,,,,,,,,,,,,,,,,,,,,,,,,,,,,,,,,,,,,,,,,,,,,,,,,,,,,,,,,,,,,,,,,,,,,
,,,,,,,,,,,001,2025-05-08_19h30.59.858,SLSINC2_O,2022.2.5,Win32,60.24096386,,,,,,,,,,,35,"[312.2096000000239,354.4097000000477,658.6597000000477,673.3932000000476,693.3924999999999,711.4431000000238,723.6923000000716,740.7923999999762,819.0257000000477,836.2593000000714,856.9925,882.2757000000477,907.3423000000716,937.525600000024,947.4090000000001,959.0420000000001,986.3753999999763,1009.0420000000001,1016.892,1062.3753999999763,1075.742600000024,1149.5753999999763,1166.875600000024,1187.608600000024,1521.4417000000478,1533.392,1558.6583999999762,1573.2918999999763,1583.842,1656.5085000000001,1664.491600000024,1678.8587000000477,1691.7918999999763,1704.475100000024,1713.8416000000238]","[312.20970000004763,354.4097000000477,658.6598000000715,673.3932000000476,693.3926000000238,711.4431000000238,723.6923000000716,740.7923999999762,819.0258000000715,836.2593000000714,856.9925,882.2758000000715,907.3423000000716,937.5257000000477,947.4090000000001,959.042100000024,986.3755000000001,1009.042100000024,1016.8921000000239,1062.3755,1075.742600000024,1149.5753999999763,1166.875600000024,1187.608600000024,1521.4417000000478,1533.392100000024,1558.6583999999762,1573.2918999999763,1583.842100000024,1656.508600000024,1664.4917000000478,1678.8587000000477,1691.7920000000001,1704.4752000000478,1713.8416000000238]",,21,"[314.34119999992845,724.9076999999285,820.4407999999523,837.3408999999762,858.1572999999523,883.2741000000239,938.8906999999286,948.6406000000239,960.1741000000239,987.5405000000002,1018.8740000000001,1534.4737999999525,1559.9898999999764,1574.2233999999762,1584.7735000000002,1657.8566000000242,1665.6896999999285,1680.04,1693.1567999999525,1705.3398999999763,1714.723600000024]","[314.34119999992845,724.9077999999523,820.4408999999762,837.3408999999762,858.1572999999523,883.2741000000239,938.8907999999525,948.6406999999286,960.1741999999286,987.5405000000002,1018.8740000000001,1534.4737999999525,1559.9898999999764,1574.2233999999762,1584.773600000024,1657.8566999999284,1665.6896999999285,1680.04,1693.1568999999763,1705.3398999999763,1714.7236999999286]",14,"[356.10749999999996,659.5908000000716,674.3407000000477,694.3404000000954,712.474,742.1745000000001,908.407100000024,1010.7573000000716,1063.190100000024,1076.706700000048,1151.2899000000955,1168.0732000000478,1188.9405000000002,1523.873]","[356.1076000000238,659.5908000000716,674.3407000000477,694.3404000000954,712.474,742.1745000000001,908.407100000024,1010.7573000000716,1063.190100000024,1076.706700000048,1151.2899000000955,1168.0732000000478,1188.9405000000002,1523.873100000024]","[""scam_button""]",8.982734516,1.1243,9.71942446,0.5455,7.992805755,0.8071,,,,,,resources/images/scam_2.png,scam,0.9,0.65,0,0,,,,,,,,,,,0,10,10,1,1,,,,,,,,,,,,,,,,,,,,,,,,,,,,,,,,,,,,,,,,,,,,,,,,,,,,,,,,,,,,,,,,,,,,,,,
,,,,,,,,,,,001,2025-05-08_19h30.59.858,SLSINC2_O,2022.2.5,Win32,60.24096386,,,,,,,,,,,36,"[312.2096000000239,354.4097000000477,658.6597000000477,673.3932000000476,693.3924999999999,711.4431000000238,723.6923000000716,740.7923999999762,819.0257000000477,836.2593000000714,856.9925,882.2757000000477,907.3423000000716,937.525600000024,947.4090000000001,959.0420000000001,986.3753999999763,1009.0420000000001,1016.892,1062.3753999999763,1075.742600000024,1149.5753999999763,1166.875600000024,1187.608600000024,1521.4417000000478,1533.392,1558.6583999999762,1573.2918999999763,1583.842,1656.5085000000001,1664.491600000024,1678.8587000000477,1691.7918999999763,1704.475100000024,1713.8416000000238,1722.1085]","[312.20970000004763,354.4097000000477,658.6598000000715,673.3932000000476,693.3926000000238,711.4431000000238,723.6923000000716,740.7923999999762,819.0258000000715,836.2593000000714,856.9925,882.2758000000715,907.3423000000716,937.5257000000477,947.4090000000001,959.042100000024,986.3755000000001,1009.042100000024,1016.8921000000239,1062.3755,1075.742600000024,1149.5753999999763,1166.875600000024,1187.608600000024,1521.4417000000478,1533.392100000024,1558.6583999999762,1573.2918999999763,1583.842100000024,1656.508600000024,1664.4917000000478,1678.8587000000477,1691.7920000000001,1704.4752000000478,1713.8416000000238,1722.1085]",,22,"[314.34119999992845,724.9076999999285,820.4407999999523,837.3408999999762,858.1572999999523,883.2741000000239,938.8906999999286,948.6406000000239,960.1741000000239,987.5405000000002,1018.8740000000001,1534.4737999999525,1559.9898999999764,1574.2233999999762,1584.7735000000002,1657.8566000000242,1665.6896999999285,1680.04,1693.1567999999525,1705.3398999999763,1714.723600000024,1723.0065]","[314.34119999992845,724.9077999999523,820.4408999999762,837.3408999999762,858.1572999999523,883.2741000000239,938.8907999999525,948.6406999999286,960.1741999999286,987.5405000000002,1018.8740000000001,1534.4737999999525,1559.9898999999764,1574.2233999999762,1584.773600000024,1657.8566999999284,1665.6896999999285,1680.04,1693.1568999999763,1705.3398999999763,1714.7236999999286,1723.0065]",14,"[356.10749999999996,659.5908000000716,674.3407000000477,694.3404000000954,712.474,742.1745000000001,908.407100000024,1010.7573000000716,1063.190100000024,1076.706700000048,1151.2899000000955,1168.0732000000478,1188.9405000000002,1523.873]","[356.1076000000238,659.5908000000716,674.3407000000477,694.3404000000954,712.474,742.1745000000001,908.407100000024,1010.7573000000716,1063.190100000024,1076.706700000048,1151.2899000000955,1168.0732000000478,1188.9405000000002,1523.873100000024]","[""scam_button""]",9.650360766,1.3104,9.627337778,0.4068,8.28057554,0.6233,,,,,,resources/images/legit5-EDIT.png,legit,0.65,0.65,0,0,,,,,,,,,,,0,11,11,12,1,,,,,,,,,,,,,,,,,,,,,,,,,,,,,,,,,,,,,,,,,,,,,,,,,,,,,,,,,,,,,,,,,,,,,,,
,,,,,,,,,,,001,2025-05-08_19h30.59.858,SLSINC2_O,2022.2.5,Win32,60.24096386,,,,,,,,,,,37,"[312.2096000000239,354.4097000000477,658.6597000000477,673.3932000000476,693.3924999999999,711.4431000000238,723.6923000000716,740.7923999999762,819.0257000000477,836.2593000000714,856.9925,882.2757000000477,907.3423000000716,937.525600000024,947.4090000000001,959.0420000000001,986.3753999999763,1009.0420000000001,1016.892,1062.3753999999763,1075.742600000024,1149.5753999999763,1166.875600000024,1187.608600000024,1521.4417000000478,1533.392,1558.6583999999762,1573.2918999999763,1583.842,1656.5085000000001,1664.491600000024,1678.8587000000477,1691.7918999999763,1704.475100000024,1713.8416000000238,1722.1085,1730.6912000000477]","[312.20970000004763,354.4097000000477,658.6598000000715,673.3932000000476,693.3926000000238,711.4431000000238,723.6923000000716,740.7923999999762,819.0258000000715,836.2593000000714,856.9925,882.2758000000715,907.3423000000716,937.5257000000477,947.4090000000001,959.042100000024,986.3755000000001,1009.042100000024,1016.8921000000239,1062.3755,1075.742600000024,1149.5753999999763,1166.875600000024,1187.608600000024,1521.4417000000478,1533.392100000024,1558.6583999999762,1573.2918999999763,1583.842100000024,1656.508600000024,1664.4917000000478,1678.8587000000477,1691.7920000000001,1704.4752000000478,1713.8416000000238,1722.1085,1730.6912000000477]",,22,"[314.34119999992845,724.9076999999285,820.4407999999523,837.3408999999762,858.1572999999523,883.2741000000239,938.8906999999286,948.6406000000239,960.1741000000239,987.5405000000002,1018.8740000000001,1534.4737999999525,1559.9898999999764,1574.2233999999762,1584.7735000000002,1657.8566000000242,1665.6896999999285,1680.04,1693.1567999999525,1705.3398999999763,1714.723600000024,1723.0065]","[314.34119999992845,724.9077999999523,820.4408999999762,837.3408999999762,858.1572999999523,883.2741000000239,938.8907999999525,948.6406999999286,960.1741999999286,987.5405000000002,1018.8740000000001,1534.4737999999525,1559.9898999999764,1574.2233999999762,1584.773600000024,1657.8566999999284,1665.6896999999285,1680.04,1693.1568999999763,1705.3398999999763,1714.7236999999286,1723.0065]",15,"[356.10749999999996,659.5908000000716,674.3407000000477,694.3404000000954,712.474,742.1745000000001,908.407100000024,1010.7573000000716,1063.190100000024,1076.706700000048,1151.2899000000955,1168.0732000000478,1188.9405000000002,1523.873,1731.8065000000001]","[356.1076000000238,659.5908000000716,674.3407000000477,694.3404000000954,712.474,742.1745000000001,908.407100000024,1010.7573000000716,1063.190100000024,1076.706700000048,1151.2899000000955,1168.0732000000478,1188.9405000000002,1523.873100000024,1731.8065000000001]","[""legit_button""]",5.817266011,0.7927,7.797122653,0.524,7.048921215,0.5921,,,,,,resources/images/legit8.png,legit,0.8,0.72,0,0,,,,,,,,,,,0,12,12,15,1,,,,,,,,,,,,,,,,,,,,,,,,,,,,,,,,,,,,,,,,,,,,,,,,,,,,,,,,,,,,,,,,,,,,,,,
,,,,,,,,,,,001,2025-05-08_19h30.59.858,SLSINC2_O,2022.2.5,Win32,60.24096386,,,,,,,,,,,38,"[312.2096000000239,354.4097000000477,658.6597000000477,673.3932000000476,693.3924999999999,711.4431000000238,723.6923000000716,740.7923999999762,819.0257000000477,836.2593000000714,856.9925,882.2757000000477,907.3423000000716,937.525600000024,947.4090000000001,959.0420000000001,986.3753999999763,1009.0420000000001,1016.892,1062.3753999999763,1075.742600000024,1149.5753999999763,1166.875600000024,1187.608600000024,1521.4417000000478,1533.392,1558.6583999999762,1573.2918999999763,1583.842,1656.5085000000001,1664.491600000024,1678.8587000000477,1691.7918999999763,1704.475100000024,1713.8416000000238,1722.1085,1730.6912000000477,1736.408100000024]","[312.20970000004763,354.4097000000477,658.6598000000715,673.3932000000476,693.3926000000238,711.4431000000238,723.6923000000716,740.7923999999762,819.0258000000715,836.2593000000714,856.9925,882.2758000000715,907.3423000000716,937.5257000000477,947.4090000000001,959.042100000024,986.3755000000001,1009.042100000024,1016.8921000000239,1062.3755,1075.742600000024,1149.5753999999763,1166.875600000024,1187.608600000024,1521.4417000000478,1533.392100000024,1558.6583999999762,1573.2918999999763,1583.842100000024,1656.508600000024,1664.4917000000478,1678.8587000000477,1691.7920000000001,1704.4752000000478,1713.8416000000238,1722.1085,1730.6912000000477,1736.4082000000478]",,23,"[314.34119999992845,724.9076999999285,820.4407999999523,837.3408999999762,858.1572999999523,883.2741000000239,938.8906999999286,948.6406000000239,960.1741000000239,987.5405000000002,1018.8740000000001,1534.4737999999525,1559.9898999999764,1574.2233999999762,1584.7735000000002,1657.8566000000242,1665.6896999999285,1680.04,1693.1567999999525,1705.3398999999763,1714.723600000024,1723.0065,1737.2898999999761]","[314.34119999992845,724.9077999999523,820.4408999999762,837.3408999999762,858.1572999999523,883.2741000000239,938.8907999999525,948.6406999999286,960.1741999999286,987.5405000000002,1018.8740000000001,1534.4737999999525,1559.9898999999764,1574.2233999999762,1584.773600000024,1657.8566999999284,1665.6896999999285,1680.04,1693.1568999999763,1705.3398999999763,1714.7236999999286,1723.0065,1737.29]",15,"[356.10749999999996,659.5908000000716,674.3407000000477,694.3404000000954,712.474,742.1745000000001,908.407100000024,1010.7573000000716,1063.190100000024,1076.706700000048,1151.2899000000955,1168.0732000000478,1188.9405000000002,1523.873,1731.8065000000001]","[356.1076000000238,659.5908000000716,674.3407000000477,694.3404000000954,712.474,742.1745000000001,908.407100000024,1010.7573000000716,1063.190100000024,1076.706700000048,1151.2899000000955,1168.0732000000478,1188.9405000000002,1523.873100000024,1731.8065000000001]","[""scam_button""]",8.303597649,1.2959,9.569783821,0.5582,8.982734516,0.6261,,,,,,resources/images/scam13.png,scam,1,0.65,0,0,,,,,,,,,,,0,13,13,16,1,,,,,,,,,,,,,,,,,,,,,,,,,,,,,,,,,,,,,,,,,,,,,,,,,,,,,,,,,,,,,,,,,,,,,,,
,,,,,,,,,,,001,2025-05-08_19h30.59.858,SLSINC2_O,2022.2.5,Win32,60.24096386,,,,,,,,,,,39,"[312.2096000000239,354.4097000000477,658.6597000000477,673.3932000000476,693.3924999999999,711.4431000000238,723.6923000000716,740.7923999999762,819.0257000000477,836.2593000000714,856.9925,882.2757000000477,907.3423000000716,937.525600000024,947.4090000000001,959.0420000000001,986.3753999999763,1009.0420000000001,1016.892,1062.3753999999763,1075.742600000024,1149.5753999999763,1166.875600000024,1187.608600000024,1521.4417000000478,1533.392,1558.6583999999762,1573.2918999999763,1583.842,1656.5085000000001,1664.491600000024,1678.8587000000477,1691.7918999999763,1704.475100000024,1713.8416000000238,1722.1085,1730.6912000000477,1736.408100000024,1761.9413000000716]","[312.20970000004763,354.4097000000477,658.6598000000715,673.3932000000476,693.3926000000238,711.4431000000238,723.6923000000716,740.7923999999762,819.0258000000715,836.2593000000714,856.9925,882.2758000000715,907.3423000000716,937.5257000000477,947.4090000000001,959.042100000024,986.3755000000001,1009.042100000024,1016.8921000000239,1062.3755,1075.742600000024,1149.5753999999763,1166.875600000024,1187.608600000024,1521.4417000000478,1533.392100000024,1558.6583999999762,1573.2918999999763,1583.842100000024,1656.508600000024,1664.4917000000478,1678.8587000000477,1691.7920000000001,1704.4752000000478,1713.8416000000238,1722.1085,1730.6912000000477,1736.4082000000478,1761.9413000000716]",,23,"[314.34119999992845,724.9076999999285,820.4407999999523,837.3408999999762,858.1572999999523,883.2741000000239,938.8906999999286,948.6406000000239,960.1741000000239,987.5405000000002,1018.8740000000001,1534.4737999999525,1559.9898999999764,1574.2233999999762,1584.7735000000002,1657.8566000000242,1665.6896999999285,1680.04,1693.1567999999525,1705.3398999999763,1714.723600000024,1723.0065,1737.2898999999761]","[314.34119999992845,724.9077999999523,820.4408999999762,837.3408999999762,858.1572999999523,883.2741000000239,938.8907999999525,948.6406999999286,960.1741999999286,987.5405000000002,1018.8740000000001,1534.4737999999525,1559.9898999999764,1574.2233999999762,1584.773600000024,1657.8566999999284,1665.6896999999285,1680.04,1693.1568999999763,1705.3398999999763,1714.7236999999286,1723.0065,1737.29]",16,"[356.10749999999996,659.5908000000716,674.3407000000477,694.3404000000954,712.474,742.1745000000001,908.407100000024,1010.7573000000716,1063.190100000024,1076.706700000048,1151.2899000000955,1168.0732000000478,1188.9405000000002,1523.873,1731.8065000000001,1763.69]","[356.1076000000238,659.5908000000716,674.3407000000477,694.3404000000954,712.474,742.1745000000001,908.407100000024,1010.7573000000716,1063.190100000024,1076.706700000048,1151.2899000000955,1168.0732000000478,1188.9405000000002,1523.873100000024,1731.8065000000001,1763.69]","[""legit_button""]",3.365467977,2.4555,6.864748728,0.7765,5.920863309,1.5737,,,,,,resources/images/legit3.jpg,legit,1,0.73,0,0,,,,,,,,,,,0,14,14,5,1,,,,,,,,,,,,,,,,,,,,,,,,,,,,,,,,,,,,,,,,,,,,,,,,,,,,,,,,,,,,,,,,,,,,,,,
,,,,,,,,,,,001,2025-05-08_19h30.59.858,SLSINC2_O,2022.2.5,Win32,60.24096386,,,,,,,,,,,40,"[312.2096000000239,354.4097000000477,658.6597000000477,673.3932000000476,693.3924999999999,711.4431000000238,723.6923000000716,740.7923999999762,819.0257000000477,836.2593000000714,856.9925,882.2757000000477,907.3423000000716,937.525600000024,947.4090000000001,959.0420000000001,986.3753999999763,1009.0420000000001,1016.892,1062.3753999999763,1075.742600000024,1149.5753999999763,1166.875600000024,1187.608600000024,1521.4417000000478,1533.392,1558.6583999999762,1573.2918999999763,1583.842,1656.5085000000001,1664.491600000024,1678.8587000000477,1691.7918999999763,1704.475100000024,1713.8416000000238,1722.1085,1730.6912000000477,1736.408100000024,1761.9413000000716,1813.0083000000716]","[312.20970000004763,354.4097000000477,658.6598000000715,673.3932000000476,693.3926000000238,711.4431000000238,723.6923000000716,740.7923999999762,819.0258000000715,836.2593000000714,856.9925,882.2758000000715,907.3423000000716,937.5257000000477,947.4090000000001,959.042100000024,986.3755000000001,1009.042100000024,1016.8921000000239,1062.3755,1075.742600000024,1149.5753999999763,1166.875600000024,1187.608600000024,1521.4417000000478,1533.392100000024,1558.6583999999762,1573.2918999999763,1583.842100000024,1656.508600000024,1664.4917000000478,1678.8587000000477,1691.7920000000001,1704.4752000000478,1713.8416000000238,1722.1085,1730.6912000000477,1736.4082000000478,1761.9413000000716,1813.0083999999763]",,23,"[314.34119999992845,724.9076999999285,820.4407999999523,837.3408999999762,858.1572999999523,883.2741000000239,938.8906999999286,948.6406000000239,960.1741000000239,987.5405000000002,1018.8740000000001,1534.4737999999525,1559.9898999999764,1574.2233999999762,1584.7735000000002,1657.8566000000242,1665.6896999999285,1680.04,1693.1567999999525,1705.3398999999763,1714.723600000024,1723.0065,1737.2898999999761]","[314.34119999992845,724.9077999999523,820.4408999999762,837.3408999999762,858.1572999999523,883.2741000000239,938.8907999999525,948.6406999999286,960.1741999999286,987.5405000000002,1018.8740000000001,1534.4737999999525,1559.9898999999764,1574.2233999999762,1584.773600000024,1657.8566999999284,1665.6896999999285,1680.04,1693.1568999999763,1705.3398999999763,1714.7236999999286,1723.0065,1737.29]",17,"[356.10749999999996,659.5908000000716,674.3407000000477,694.3404000000954,712.474,742.1745000000001,908.407100000024,1010.7573000000716,1063.190100000024,1076.706700000048,1151.2899000000955,1168.0732000000478,1188.9405000000002,1523.873,1731.8065000000001,1763.69,1814.006]","[356.1076000000238,659.5908000000716,674.3407000000477,694.3404000000954,712.474,742.1745000000001,908.407100000024,1010.7573000000716,1063.190100000024,1076.706700000048,1151.2899000000955,1168.0732000000478,1188.9405000000002,1523.873100000024,1731.8065000000001,1763.69,1814.006100000024]","[""legit_button""]",7.474820144,1.3401,5.851798737,0.673,4.412949816,0.6408,,,,,,resources/images/legit17-EDIT.png,legit,0.65,0.65,0,0,,,,,,,,,,,0,15,15,22,1,,,,,,,,,,,,,,,,,,,,,,,,,,,,,,,,,,,,,,,,,,,,,,,,,,,,,,,,,,,,,,,,,,,,,,,
,,,,,,,,,,,001,2025-05-08_19h30.59.858,SLSINC2_O,2022.2.5,Win32,60.24096386,,,,,,,,,,,41,"[312.2096000000239,354.4097000000477,658.6597000000477,673.3932000000476,693.3924999999999,711.4431000000238,723.6923000000716,740.7923999999762,819.0257000000477,836.2593000000714,856.9925,882.2757000000477,907.3423000000716,937.525600000024,947.4090000000001,959.0420000000001,986.3753999999763,1009.0420000000001,1016.892,1062.3753999999763,1075.742600000024,1149.5753999999763,1166.875600000024,1187.608600000024,1521.4417000000478,1533.392,1558.6583999999762,1573.2918999999763,1583.842,1656.5085000000001,1664.491600000024,1678.8587000000477,1691.7918999999763,1704.475100000024,1713.8416000000238,1722.1085,1730.6912000000477,1736.408100000024,1761.9413000000716,1813.0083000000716,1829.741600000024]","[312.20970000004763,354.4097000000477,658.6598000000715,673.3932000000476,693.3926000000238,711.4431000000238,723.6923000000716,740.7923999999762,819.0258000000715,836.2593000000714,856.9925,882.2758000000715,907.3423000000716,937.5257000000477,947.4090000000001,959.042100000024,986.3755000000001,1009.042100000024,1016.8921000000239,1062.3755,1075.742600000024,1149.5753999999763,1166.875600000024,1187.608600000024,1521.4417000000478,1533.392100000024,1558.6583999999762,1573.2918999999763,1583.842100000024,1656.508600000024,1664.4917000000478,1678.8587000000477,1691.7920000000001,1704.4752000000478,1713.8416000000238,1722.1085,1730.6912000000477,1736.4082000000478,1761.9413000000716,1813.0083999999763,1829.741600000024]",,24,"[314.34119999992845,724.9076999999285,820.4407999999523,837.3408999999762,858.1572999999523,883.2741000000239,938.8906999999286,948.6406000000239,960.1741000000239,987.5405000000002,1018.8740000000001,1534.4737999999525,1559.9898999999764,1574.2233999999762,1584.7735000000002,1657.8566000000242,1665.6896999999285,1680.04,1693.1567999999525,1705.3398999999763,1714.723600000024,1723.0065,1737.2898999999761,1830.722899999976]","[314.34119999992845,724.9077999999523,820.4408999999762,837.3408999999762,858.1572999999523,883.2741000000239,938.8907999999525,948.6406999999286,960.1741999999286,987.5405000000002,1018.8740000000001,1534.4737999999525,1559.9898999999764,1574.2233999999762,1584.773600000024,1657.8566999999284,1665.6896999999285,1680.04,1693.1568999999763,1705.3398999999763,1714.7236999999286,1723.0065,1737.29,1830.723]",17,"[356.10749999999996,659.5908000000716,674.3407000000477,694.3404000000954,712.474,742.1745000000001,908.407100000024,1010.7573000000716,1063.190100000024,1076.706700000048,1151.2899000000955,1168.0732000000478,1188.9405000000002,1523.873,1731.8065000000001,1763.69,1814.006]","[356.1076000000238,659.5908000000716,674.3407000000477,694.3404000000954,712.474,742.1745000000001,908.407100000024,1010.7573000000716,1063.190100000024,1076.706700000048,1151.2899000000955,1168.0732000000478,1188.9405000000002,1523.873100000024,1731.8065000000001,1763.69,1814.006100000024]","[""scam_button""]",8.522301983,1.0075,8.522301983,0.4262,6.461871031,0.642,,,,,,resources/images/legit9-EDIT.png,legit,1,0.65,0,0,,,,,,,,,,,0,16,16,8,1,,,,,,,,,,,,,,,,,,,,,,,,,,,,,,,,,,,,,,,,,,,,,,,,,,,,,,,,,,,,,,,,,,,,,,,
,,,,,,,,,,,001,2025-05-08_19h30.59.858,SLSINC2_O,2022.2.5,Win32,60.24096386,,,,,,,,,,,42,"[312.2096000000239,354.4097000000477,658.6597000000477,673.3932000000476,693.3924999999999,711.4431000000238,723.6923000000716,740.7923999999762,819.0257000000477,836.2593000000714,856.9925,882.2757000000477,907.3423000000716,937.525600000024,947.4090000000001,959.0420000000001,986.3753999999763,1009.0420000000001,1016.892,1062.3753999999763,1075.742600000024,1149.5753999999763,1166.875600000024,1187.608600000024,1521.4417000000478,1533.392,1558.6583999999762,1573.2918999999763,1583.842,1656.5085000000001,1664.491600000024,1678.8587000000477,1691.7918999999763,1704.475100000024,1713.8416000000238,1722.1085,1730.6912000000477,1736.408100000024,1761.9413000000716,1813.0083000000716,1829.741600000024,1843.5913999999761]","[312.20970000004763,354.4097000000477,658.6598000000715,673.3932000000476,693.3926000000238,711.4431000000238,723.6923000000716,740.7923999999762,819.0258000000715,836.2593000000714,856.9925,882.2758000000715,907.3423000000716,937.5257000000477,947.4090000000001,959.042100000024,986.3755000000001,1009.042100000024,1016.8921000000239,1062.3755,1075.742600000024,1149.5753999999763,1166.875600000024,1187.608600000024,1521.4417000000478,1533.392100000024,1558.6583999999762,1573.2918999999763,1583.842100000024,1656.508600000024,1664.4917000000478,1678.8587000000477,1691.7920000000001,1704.4752000000478,1713.8416000000238,1722.1085,1730.6912000000477,1736.4082000000478,1761.9413000000716,1813.0083999999763,1829.741600000024,1843.5915]",,25,"[314.34119999992845,724.9076999999285,820.4407999999523,837.3408999999762,858.1572999999523,883.2741000000239,938.8906999999286,948.6406000000239,960.1741000000239,987.5405000000002,1018.8740000000001,1534.4737999999525,1559.9898999999764,1574.2233999999762,1584.7735000000002,1657.8566000000242,1665.6896999999285,1680.04,1693.1567999999525,1705.3398999999763,1714.723600000024,1723.0065,1737.2898999999761,1830.722899999976,1844.4397999999524]","[314.34119999992845,724.9077999999523,820.4408999999762,837.3408999999762,858.1572999999523,883.2741000000239,938.8907999999525,948.6406999999286,960.1741999999286,987.5405000000002,1018.8740000000001,1534.4737999999525,1559.9898999999764,1574.2233999999762,1584.773600000024,1657.8566999999284,1665.6896999999285,1680.04,1693.1568999999763,1705.3398999999763,1714.7236999999286,1723.0065,1737.29,1830.723,1844.4398999999762]",17,"[356.10749999999996,659.5908000000716,674.3407000000477,694.3404000000954,712.474,742.1745000000001,908.407100000024,1010.7573000000716,1063.190100000024,1076.706700000048,1151.2899000000955,1168.0732000000478,1188.9405000000002,1523.873,1731.8065000000001,1763.69,1814.006]","[356.1076000000238,659.5908000000716,674.3407000000477,694.3404000000954,712.474,742.1745000000001,908.407100000024,1010.7573000000716,1063.190100000024,1076.706700000048,1151.2899000000955,1168.0732000000478,1188.9405000000002,1523.873100000024,1731.8065000000001,1763.69,1814.006100000024]","[""scam_button""]",8.856115108,1.5549,6.358273733,0.7118,4.850360239,0.7908,,,,,,resources/images/legit10-EDIT.png,legit,1,0.65,0,0,,,,,,,,,,,0,17,17,18,1,,,,,,,,,,,,,,,,,,,,,,,,,,,,,,,,,,,,,,,,,,,,,,,,,,,,,,,,,,,,,,,,,,,,,,,
,,,,,,,,,,,001,2025-05-08_19h30.59.858,SLSINC2_O,2022.2.5,Win32,60.24096386,,,,,,,,,,,43,"[312.2096000000239,354.4097000000477,658.6597000000477,673.3932000000476,693.3924999999999,711.4431000000238,723.6923000000716,740.7923999999762,819.0257000000477,836.2593000000714,856.9925,882.2757000000477,907.3423000000716,937.525600000024,947.4090000000001,959.0420000000001,986.3753999999763,1009.0420000000001,1016.892,1062.3753999999763,1075.742600000024,1149.5753999999763,1166.875600000024,1187.608600000024,1521.4417000000478,1533.392,1558.6583999999762,1573.2918999999763,1583.842,1656.5085000000001,1664.491600000024,1678.8587000000477,1691.7918999999763,1704.475100000024,1713.8416000000238,1722.1085,1730.6912000000477,1736.408100000024,1761.9413000000716,1813.0083000000716,1829.741600000024,1843.5913999999761,1857.0582000000477]","[312.20970000004763,354.4097000000477,658.6598000000715,673.3932000000476,693.3926000000238,711.4431000000238,723.6923000000716,740.7923999999762,819.0258000000715,836.2593000000714,856.9925,882.2758000000715,907.3423000000716,937.5257000000477,947.4090000000001,959.042100000024,986.3755000000001,1009.042100000024,1016.8921000000239,1062.3755,1075.742600000024,1149.5753999999763,1166.875600000024,1187.608600000024,1521.4417000000478,1533.392100000024,1558.6583999999762,1573.2918999999763,1583.842100000024,1656.508600000024,1664.4917000000478,1678.8587000000477,1691.7920000000001,1704.4752000000478,1713.8416000000238,1722.1085,1730.6912000000477,1736.4082000000478,1761.9413000000716,1813.0083999999763,1829.741600000024,1843.5915,1857.0583000000715]",,26,"[314.34119999992845,724.9076999999285,820.4407999999523,837.3408999999762,858.1572999999523,883.2741000000239,938.8906999999286,948.6406000000239,960.1741000000239,987.5405000000002,1018.8740000000001,1534.4737999999525,1559.9898999999764,1574.2233999999762,1584.7735000000002,1657.8566000000242,1665.6896999999285,1680.04,1693.1567999999525,1705.3398999999763,1714.723600000024,1723.0065,1737.2898999999761,1830.722899999976,1844.4397999999524,1857.8897999999526]","[314.34119999992845,724.9077999999523,820.4408999999762,837.3408999999762,858.1572999999523,883.2741000000239,938.8907999999525,948.6406999999286,960.1741999999286,987.5405000000002,1018.8740000000001,1534.4737999999525,1559.9898999999764,1574.2233999999762,1584.773600000024,1657.8566999999284,1665.6896999999285,1680.04,1693.1568999999763,1705.3398999999763,1714.7236999999286,1723.0065,1737.29,1830.723,1844.4398999999762,1857.8898999999765]",17,"[356.10749999999996,659.5908000000716,674.3407000000477,694.3404000000954,712.474,742.1745000000001,908.407100000024,1010.7573000000716,1063.190100000024,1076.706700000048,1151.2899000000955,1168.0732000000478,1188.9405000000002,1523.873,1731.8065000000001,1763.69,1814.006]","[356.1076000000238,659.5908000000716,674.3407000000477,694.3404000000954,712.474,742.1745000000001,908.407100000024,1010.7573000000716,1063.190100000024,1076.706700000048,1151.2899000000955,1168.0732000000478,1188.9405000000002,1523.873100000024,1731.8065000000001,1763.69,1814.006100000024]","[""scam_button""]",9.892086331,1.4954,8.637409896,0.6388,7.831654501,0.5887,,,,,,resources/images/legit4-EDIT.png,legit,0.65,0.65,0,0,,,,,,,,,,,0,18,18,11,1,,,,,,,,,,,,,,,,,,,,,,,,,,,,,,,,,,,,,,,,,,,,,,,,,,,,,,,,,,,,,,,,,,,,,,,
,,,,,,,,,,,001,2025-05-08_19h30.59.858,SLSINC2_O,2022.2.5,Win32,60.24096386,,,,,,,,,,,44,"[312.2096000000239,354.4097000000477,658.6597000000477,673.3932000000476,693.3924999999999,711.4431000000238,723.6923000000716,740.7923999999762,819.0257000000477,836.2593000000714,856.9925,882.2757000000477,907.3423000000716,937.525600000024,947.4090000000001,959.0420000000001,986.3753999999763,1009.0420000000001,1016.892,1062.3753999999763,1075.742600000024,1149.5753999999763,1166.875600000024,1187.608600000024,1521.4417000000478,1533.392,1558.6583999999762,1573.2918999999763,1583.842,1656.5085000000001,1664.491600000024,1678.8587000000477,1691.7918999999763,1704.475100000024,1713.8416000000238,1722.1085,1730.6912000000477,1736.408100000024,1761.9413000000716,1813.0083000000716,1829.741600000024,1843.5913999999761,1857.0582000000477,1871.6912000000477]","[312.20970000004763,354.4097000000477,658.6598000000715,673.3932000000476,693.3926000000238,711.4431000000238,723.6923000000716,740.7923999999762,819.0258000000715,836.2593000000714,856.9925,882.2758000000715,907.3423000000716,937.5257000000477,947.4090000000001,959.042100000024,986.3755000000001,1009.042100000024,1016.8921000000239,1062.3755,1075.742600000024,1149.5753999999763,1166.875600000024,1187.608600000024,1521.4417000000478,1533.392100000024,1558.6583999999762,1573.2918999999763,1583.842100000024,1656.508600000024,1664.4917000000478,1678.8587000000477,1691.7920000000001,1704.4752000000478,1713.8416000000238,1722.1085,1730.6912000000477,1736.4082000000478,1761.9413000000716,1813.0083999999763,1829.741600000024,1843.5915,1857.0583000000715,1871.6912000000477]",,27,"[314.34119999992845,724.9076999999285,820.4407999999523,837.3408999999762,858.1572999999523,883.2741000000239,938.8906999999286,948.6406000000239,960.1741000000239,987.5405000000002,1018.8740000000001,1534.4737999999525,1559.9898999999764,1574.2233999999762,1584.7735000000002,1657.8566000000242,1665.6896999999285,1680.04,1693.1567999999525,1705.3398999999763,1714.723600000024,1723.0065,1737.2898999999761,1830.722899999976,1844.4397999999524,1857.8897999999526,1873.089600000024]","[314.34119999992845,724.9077999999523,820.4408999999762,837.3408999999762,858.1572999999523,883.2741000000239,938.8907999999525,948.6406999999286,960.1741999999286,987.5405000000002,1018.8740000000001,1534.4737999999525,1559.9898999999764,1574.2233999999762,1584.773600000024,1657.8566999999284,1665.6896999999285,1680.04,1693.1568999999763,1705.3398999999763,1714.7236999999286,1723.0065,1737.29,1830.723,1844.4398999999762,1857.8898999999765,1873.089600000024]",17,"[356.10749999999996,659.5908000000716,674.3407000000477,694.3404000000954,712.474,742.1745000000001,908.407100000024,1010.7573000000716,1063.190100000024,1076.706700000048,1151.2899000000955,1168.0732000000478,1188.9405000000002,1523.873,1731.8065000000001,1763.69,1814.006]","[356.1076000000238,659.5908000000716,674.3407000000477,694.3404000000954,712.474,742.1745000000001,908.407100000024,1010.7573000000716,1063.190100000024,1076.706700000048,1151.2899000000955,1168.0732000000478,1188.9405000000002,1523.873100000024,1731.8065000000001,1763.69,1814.006100000024]","[""scam_button""]",8.683453237,1.1713,7.463309528,0.5154,8.464748026,0.5615,,,,,,resources/images/scam10.jpg,scam,1,0.65,0,0,,,,,,,,,,,0,19,19,17,1,,,,,,,,,,,,,,,,,,,,,,,,,,,,,,,,,,,,,,,,,,,,,,,,,,,,,,,,,,,,,,,,,,,,,,,
,,,,,,,,,,,001,2025-05-08_19h30.59.858,SLSINC2_O,2022.2.5,Win32,60.24096386,,,,,,,,,,,45,"[312.2096000000239,354.4097000000477,658.6597000000477,673.3932000000476,693.3924999999999,711.4431000000238,723.6923000000716,740.7923999999762,819.0257000000477,836.2593000000714,856.9925,882.2757000000477,907.3423000000716,937.525600000024,947.4090000000001,959.0420000000001,986.3753999999763,1009.0420000000001,1016.892,1062.3753999999763,1075.742600000024,1149.5753999999763,1166.875600000024,1187.608600000024,1521.4417000000478,1533.392,1558.6583999999762,1573.2918999999763,1583.842,1656.5085000000001,1664.491600000024,1678.8587000000477,1691.7918999999763,1704.475100000024,1713.8416000000238,1722.1085,1730.6912000000477,1736.408100000024,1761.9413000000716,1813.0083000000716,1829.741600000024,1843.5913999999761,1857.0582000000477,1871.6912000000477,1883.5248999999762]","[312.20970000004763,354.4097000000477,658.6598000000715,673.3932000000476,693.3926000000238,711.4431000000238,723.6923000000716,740.7923999999762,819.0258000000715,836.2593000000714,856.9925,882.2758000000715,907.3423000000716,937.5257000000477,947.4090000000001,959.042100000024,986.3755000000001,1009.042100000024,1016.8921000000239,1062.3755,1075.742600000024,1149.5753999999763,1166.875600000024,1187.608600000024,1521.4417000000478,1533.392100000024,1558.6583999999762,1573.2918999999763,1583.842100000024,1656.508600000024,1664.4917000000478,1678.8587000000477,1691.7920000000001,1704.4752000000478,1713.8416000000238,1722.1085,1730.6912000000477,1736.4082000000478,1761.9413000000716,1813.0083999999763,1829.741600000024,1843.5915,1857.0583000000715,1871.6912000000477,1883.5248999999762]",,28,"[314.34119999992845,724.9076999999285,820.4407999999523,837.3408999999762,858.1572999999523,883.2741000000239,938.8906999999286,948.6406000000239,960.1741000000239,987.5405000000002,1018.8740000000001,1534.4737999999525,1559.9898999999764,1574.2233999999762,1584.7735000000002,1657.8566000000242,1665.6896999999285,1680.04,1693.1567999999525,1705.3398999999763,1714.723600000024,1723.0065,1737.2898999999761,1830.722899999976,1844.4397999999524,1857.8897999999526,1873.089600000024,1884.3732999999525]","[314.34119999992845,724.9077999999523,820.4408999999762,837.3408999999762,858.1572999999523,883.2741000000239,938.8907999999525,948.6406999999286,960.1741999999286,987.5405000000002,1018.8740000000001,1534.4737999999525,1559.9898999999764,1574.2233999999762,1584.773600000024,1657.8566999999284,1665.6896999999285,1680.04,1693.1568999999763,1705.3398999999763,1714.7236999999286,1723.0065,1737.29,1830.723,1844.4398999999762,1857.8898999999765,1873.089600000024,1884.3732999999525]",17,"[356.10749999999996,659.5908000000716,674.3407000000477,694.3404000000954,712.474,742.1745000000001,908.407100000024,1010.7573000000716,1063.190100000024,1076.706700000048,1151.2899000000955,1168.0732000000478,1188.9405000000002,1523.873,1731.8065000000001,1763.69,1814.006]","[356.1076000000238,659.5908000000716,674.3407000000477,694.3404000000954,712.474,742.1745000000001,908.407100000024,1010.7573000000716,1063.190100000024,1076.706700000048,1151.2899000000955,1168.0732000000478,1188.9405000000002,1523.873100000024,1731.8065000000001,1763.69,1814.006100000024]","[""scam_button""]",8.165467626,1.0726,8.913669065,0.6129,6.807194772,0.8471,,,,,,resources/images/legit14-EDIT.jpg,legit,1,0.65,0,0,,,,,,,,,,,0,20,20,21,1,,,,,,,,,,,,,,,,,,,,,,,,,,,,,,,,,,,,,,,,,,,,,,,,,,,,,,,,,,,,,,,,,,,,,,,
,,,,,,,,,,,001,2025-05-08_19h30.59.858,SLSINC2_O,2022.2.5,Win32,60.24096386,,,,,,,,,,,46,"[312.2096000000239,354.4097000000477,658.6597000000477,673.3932000000476,693.3924999999999,711.4431000000238,723.6923000000716,740.7923999999762,819.0257000000477,836.2593000000714,856.9925,882.2757000000477,907.3423000000716,937.525600000024,947.4090000000001,959.0420000000001,986.3753999999763,1009.0420000000001,1016.892,1062.3753999999763,1075.742600000024,1149.5753999999763,1166.875600000024,1187.608600000024,1521.4417000000478,1533.392,1558.6583999999762,1573.2918999999763,1583.842,1656.5085000000001,1664.491600000024,1678.8587000000477,1691.7918999999763,1704.475100000024,1713.8416000000238,1722.1085,1730.6912000000477,1736.408100000024,1761.9413000000716,1813.0083000000716,1829.741600000024,1843.5913999999761,1857.0582000000477,1871.6912000000477,1883.5248999999762,1890.1245000000001]","[312.20970000004763,354.4097000000477,658.6598000000715,673.3932000000476,693.3926000000238,711.4431000000238,723.6923000000716,740.7923999999762,819.0258000000715,836.2593000000714,856.9925,882.2758000000715,907.3423000000716,937.5257000000477,947.4090000000001,959.042100000024,986.3755000000001,1009.042100000024,1016.8921000000239,1062.3755,1075.742600000024,1149.5753999999763,1166.875600000024,1187.608600000024,1521.4417000000478,1533.392100000024,1558.6583999999762,1573.2918999999763,1583.842100000024,1656.508600000024,1664.4917000000478,1678.8587000000477,1691.7920000000001,1704.4752000000478,1713.8416000000238,1722.1085,1730.6912000000477,1736.4082000000478,1761.9413000000716,1813.0083999999763,1829.741600000024,1843.5915,1857.0583000000715,1871.6912000000477,1883.5248999999762,1890.1245000000001]",,29,"[314.34119999992845,724.9076999999285,820.4407999999523,837.3408999999762,858.1572999999523,883.2741000000239,938.8906999999286,948.6406000000239,960.1741000000239,987.5405000000002,1018.8740000000001,1534.4737999999525,1559.9898999999764,1574.2233999999762,1584.7735000000002,1657.8566000000242,1665.6896999999285,1680.04,1693.1567999999525,1705.3398999999763,1714.723600000024,1723.0065,1737.2898999999761,1830.722899999976,1844.4397999999524,1857.8897999999526,1873.089600000024,1884.3732999999525,1890.8565000000003]","[314.34119999992845,724.9077999999523,820.4408999999762,837.3408999999762,858.1572999999523,883.2741000000239,938.8907999999525,948.6406999999286,960.1741999999286,987.5405000000002,1018.8740000000001,1534.4737999999525,1559.9898999999764,1574.2233999999762,1584.773600000024,1657.8566999999284,1665.6896999999285,1680.04,1693.1568999999763,1705.3398999999763,1714.7236999999286,1723.0065,1737.29,1830.723,1844.4398999999762,1857.8898999999765,1873.089600000024,1884.3732999999525,1890.8565000000003]",17,"[356.10749999999996,659.5908000000716,674.3407000000477,694.3404000000954,712.474,742.1745000000001,908.407100000024,1010.7573000000716,1063.190100000024,1076.706700000048,1151.2899000000955,1168.0732000000478,1188.9405000000002,1523.873,1731.8065000000001,1763.69,1814.006]","[356.1076000000238,659.5908000000716,674.3407000000477,694.3404000000954,712.474,742.1745000000001,908.407100000024,1010.7573000000716,1063.190100000024,1076.706700000048,1151.2899000000955,1168.0732000000478,1188.9405000000002,1523.873100000024,1731.8065000000001,1763.69,1814.006100000024]","[""scam_button""]",8.326618881,0.8472,9.569783821,0.8095,8.326618881,0.5886,,,,,,resources/images/scam_1.png,scam,1,0.65,0,0,,,,,,,,,,,0,21,21,0,1,,,,,,,,,,,,,,,,,,,,,,,,,,,,,,,,,,,,,,,,,,,,,,,,,,,,,,,,,,,,,,,,,,,,,,,
,,,,,,,,,,,001,2025-05-08_19h30.59.858,SLSINC2_O,2022.2.5,Win32,60.24096386,,,,,,,,,,,47,"[312.2096000000239,354.4097000000477,658.6597000000477,673.3932000000476,693.3924999999999,711.4431000000238,723.6923000000716,740.7923999999762,819.0257000000477,836.2593000000714,856.9925,882.2757000000477,907.3423000000716,937.525600000024,947.4090000000001,959.0420000000001,986.3753999999763,1009.0420000000001,1016.892,1062.3753999999763,1075.742600000024,1149.5753999999763,1166.875600000024,1187.608600000024,1521.4417000000478,1533.392,1558.6583999999762,1573.2918999999763,1583.842,1656.5085000000001,1664.491600000024,1678.8587000000477,1691.7918999999763,1704.475100000024,1713.8416000000238,1722.1085,1730.6912000000477,1736.408100000024,1761.9413000000716,1813.0083000000716,1829.741600000024,1843.5913999999761,1857.0582000000477,1871.6912000000477,1883.5248999999762,1890.1245000000001,1895.1078999999763]","[312.20970000004763,354.4097000000477,658.6598000000715,673.3932000000476,693.3926000000238,711.4431000000238,723.6923000000716,740.7923999999762,819.0258000000715,836.2593000000714,856.9925,882.2758000000715,907.3423000000716,937.5257000000477,947.4090000000001,959.042100000024,986.3755000000001,1009.042100000024,1016.8921000000239,1062.3755,1075.742600000024,1149.5753999999763,1166.875600000024,1187.608600000024,1521.4417000000478,1533.392100000024,1558.6583999999762,1573.2918999999763,1583.842100000024,1656.508600000024,1664.4917000000478,1678.8587000000477,1691.7920000000001,1704.4752000000478,1713.8416000000238,1722.1085,1730.6912000000477,1736.4082000000478,1761.9413000000716,1813.0083999999763,1829.741600000024,1843.5915,1857.0583000000715,1871.6912000000477,1883.5248999999762,1890.1245000000001,1895.1078999999763]",,30,"[314.34119999992845,724.9076999999285,820.4407999999523,837.3408999999762,858.1572999999523,883.2741000000239,938.8906999999286,948.6406000000239,960.1741000000239,987.5405000000002,1018.8740000000001,1534.4737999999525,1559.9898999999764,1574.2233999999762,1584.7735000000002,1657.8566000000242,1665.6896999999285,1680.04,1693.1567999999525,1705.3398999999763,1714.723600000024,1723.0065,1737.2898999999761,1830.722899999976,1844.4397999999524,1857.8897999999526,1873.089600000024,1884.3732999999525,1890.8565000000003,1895.9065]","[314.34119999992845,724.9077999999523,820.4408999999762,837.3408999999762,858.1572999999523,883.2741000000239,938.8907999999525,948.6406999999286,960.1741999999286,987.5405000000002,1018.8740000000001,1534.4737999999525,1559.9898999999764,1574.2233999999762,1584.773600000024,1657.8566999999284,1665.6896999999285,1680.04,1693.1568999999763,1705.3398999999763,1714.7236999999286,1723.0065,1737.29,1830.723,1844.4398999999762,1857.8898999999765,1873.089600000024,1884.3732999999525,1890.8565000000003,1895.9065]",17,"[356.10749999999996,659.5908000000716,674.3407000000477,694.3404000000954,712.474,742.1745000000001,908.407100000024,1010.7573000000716,1063.190100000024,1076.706700000048,1151.2899000000955,1168.0732000000478,1188.9405000000002,1523.873,1731.8065000000001,1763.69,1814.006]","[356.1076000000238,659.5908000000716,674.3407000000477,694.3404000000954,712.474,742.1745000000001,908.407100000024,1010.7573000000716,1063.190100000024,1076.706700000048,1151.2899000000955,1168.0732000000478,1188.9405000000002,1523.873100000024,1731.8065000000001,1763.69,1814.006100000024]","[""scam_button""]",9.305037025,1.0553,8.15395701,0.7292,8.142446394,0.8052,,,,,,resources/images/scam7.png,scam,0.65,0.65,0,0,,,,,,,,,,,0,22,22,10,1,,,,,,,,,,,,,,,,,,,,,,,,,,,,,,,,,,,,,,,,,,,,,,,,,,,,,,,,,,,,,,,,,,,,,,,
,,,,,,,,,,,001,2025-05-08_19h30.59.858,SLSINC2_O,2022.2.5,Win32,60.24096386,,,,,,,,,,,48,"[312.2096000000239,354.4097000000477,658.6597000000477,673.3932000000476,693.3924999999999,711.4431000000238,723.6923000000716,740.7923999999762,819.0257000000477,836.2593000000714,856.9925,882.2757000000477,907.3423000000716,937.525600000024,947.4090000000001,959.0420000000001,986.3753999999763,1009.0420000000001,1016.892,1062.3753999999763,1075.742600000024,1149.5753999999763,1166.875600000024,1187.608600000024,1521.4417000000478,1533.392,1558.6583999999762,1573.2918999999763,1583.842,1656.5085000000001,1664.491600000024,1678.8587000000477,1691.7918999999763,1704.475100000024,1713.8416000000238,1722.1085,1730.6912000000477,1736.408100000024,1761.9413000000716,1813.0083000000716,1829.741600000024,1843.5913999999761,1857.0582000000477,1871.6912000000477,1883.5248999999762,1890.1245000000001,1895.1078999999763,1903.7578999999762]","[312.20970000004763,354.4097000000477,658.6598000000715,673.3932000000476,693.3926000000238,711.4431000000238,723.6923000000716,740.7923999999762,819.0258000000715,836.2593000000714,856.9925,882.2758000000715,907.3423000000716,937.5257000000477,947.4090000000001,959.042100000024,986.3755000000001,1009.042100000024,1016.8921000000239,1062.3755,1075.742600000024,1149.5753999999763,1166.875600000024,1187.608600000024,1521.4417000000478,1533.392100000024,1558.6583999999762,1573.2918999999763,1583.842100000024,1656.508600000024,1664.4917000000478,1678.8587000000477,1691.7920000000001,1704.4752000000478,1713.8416000000238,1722.1085,1730.6912000000477,1736.4082000000478,1761.9413000000716,1813.0083999999763,1829.741600000024,1843.5915,1857.0583000000715,1871.6912000000477,1883.5248999999762,1890.1245000000001,1895.1078999999763,1903.7578999999762]",,30,"[314.34119999992845,724.9076999999285,820.4407999999523,837.3408999999762,858.1572999999523,883.2741000000239,938.8906999999286,948.6406000000239,960.1741000000239,987.5405000000002,1018.8740000000001,1534.4737999999525,1559.9898999999764,1574.2233999999762,1584.7735000000002,1657.8566000000242,1665.6896999999285,1680.04,1693.1567999999525,1705.3398999999763,1714.723600000024,1723.0065,1737.2898999999761,1830.722899999976,1844.4397999999524,1857.8897999999526,1873.089600000024,1884.3732999999525,1890.8565000000003,1895.9065]","[314.34119999992845,724.9077999999523,820.4408999999762,837.3408999999762,858.1572999999523,883.2741000000239,938.8907999999525,948.6406999999286,960.1741999999286,987.5405000000002,1018.8740000000001,1534.4737999999525,1559.9898999999764,1574.2233999999762,1584.773600000024,1657.8566999999284,1665.6896999999285,1680.04,1693.1568999999763,1705.3398999999763,1714.7236999999286,1723.0065,1737.29,1830.723,1844.4398999999762,1857.8898999999765,1873.089600000024,1884.3732999999525,1890.8565000000003,1895.9065]",18,"[356.10749999999996,659.5908000000716,674.3407000000477,694.3404000000954,712.474,742.1745000000001,908.407100000024,1010.7573000000716,1063.190100000024,1076.706700000048,1151.2899000000955,1168.0732000000478,1188.9405000000002,1523.873,1731.8065000000001,1763.69,1814.006,1905.0062000000478]","[356.1076000000238,659.5908000000716,674.3407000000477,694.3404000000954,712.474,742.1745000000001,908.407100000024,1010.7573000000716,1063.190100000024,1076.706700000048,1151.2899000000955,1168.0732000000478,1188.9405000000002,1523.873100000024,1731.8065000000001,1763.69,1814.006100000024,1905.0062000000478]","[""legit_button""]",8.798561151,1.6606,7.198560975,0.5738,5.161151255,0.7147,,,,,,resources/images/legit1.png,legit,1,0.72,0,0,,,,,,,,,,,0,23,23,3,1,,,,,,,,,,,,,,,,,,,,,,,,,,,,,,,,,,,,,,,,,,,,,,,,,,,,,,,,,,,,,,,,,,,,,,,
,,,,,,,,,,,001,2025-05-08_19h30.59.858,SLSINC2_O,2022.2.5,Win32,60.24096386,,,,,,,,,,,,,,,,,,,,,,,,,,,,,,,,,,,,,,,,,,,,,,,,,,,,,,space,0.87,,,,,,,,,,,,,,,,,,,,,,,,,,,,,,,,,,,,,,,,,,,,,,,,,,,,,,,,,,,,,,,,,,,,,
,,,,,,,,,,,001,2025-05-08_19h30.59.858,SLSINC2_O,2022.2.5,Win32,60.24096386,,,,,,,,,,,,,,,,,,,,,,,,,,,,,,,,,,,,,,,,,,,,,,,,,,,,,,,,4,4.1933,...is inventive,0,0,0,2,1,...is inventive,,,,,,,,,,,,,,,,,,,,,,,,,,,,,,,,,,,,,,,,,,,,,,,,,,,,,,,,,,,,
,,,,,,,,,,,001,2025-05-08_19h30.59.858,SLSINC2_O,2022.2.5,Win32,60.24096386,,,,,,,,,,,,,,,,,,,,,,,,,,,,,,,,,,,,,,,,,,,,,,,,,,,,,,,,1,2.6719,...often feels sad,0,1,1,0,1,...often feels sad,,,,,,,,,,,,,,,,,,,,,,,,,,,,,,,,,,,,,,,,,,,,,,,,,,,,,,,,,,,,
,,,,,,,,,,,001,2025-05-08_19h30.59.858,SLSINC2_O,2022.2.5,Win32,60.24096386,,,,,,,,,,,,,,,,,,,,,,,,,,,,,,,,,,,,,,,,,,,,,,,,,,,,,,,,5,3.2544,"....is reliable, can always be counted on",0,2,2,4,1,"....is reliable, can always be counted on",,,,,,,,,,,,,,,,,,,,,,,,,,,,,,,,,,,,,,,,,,,,,,,,,,,,,,,,,,,,
,,,,,,,,,,,001,2025-05-08_19h30.59.858,SLSINC2_O,2022.2.5,Win32,60.24096386,,,,,,,,,,,,,,,,,,,,,,,,,,,,,,,,,,,,,,,,,,,,,,,,,,,,,,,,5,3.4419,...is talktative,0,3,3,1,1,...is talktative,,,,,,,,,,,,,,,,,,,,,,,,,,,,,,,,,,,,,,,,,,,,,,,,,,,,,,,,,,,,
,,,,,,,,,,,001,2025-05-08_19h30.59.858,SLSINC2_O,2022.2.5,Win32,60.24096386,,,,,,,,,,,,,,,,,,,,,,,,,,,,,,,,,,,,,,,,,,,,,,,,,,,,,,,,5,1.5568,"...is persistent, works until the task is finished",0,4,4,5,1,"...is persistent, works until the task is finished",,,,,,,,,,,,,,,,,,,,,,,,,,,,,,,,,,,,,,,,,,,,,,,,,,,,,,,,,,,,
,,,,,,,,,,,001,2025-05-08_19h30.59.858,SLSINC2_O,2022.2.5,Win32,60.24096386,,,,,,,,,,,,,,,,,,,,,,,,,,,,,,,,,,,,,,,,,,,,,,,,,,,,,,,,4,2.0889,...finds clever ways to do things,0,5,5,3,1,...finds clever ways to do things,,,,,,,,,,,,,,,,,,,,,,,,,,,,,,,,,,,,,,,,,,,,,,,,,,,,,,,,,,,,
,,,,,,,,,,,001,2025-05-08_19h30.59.858,SLSINC2_O,2022.2.5,Win32,60.24096386,,,,,,,,,,,,,,,,,,,,,,,,,,,,,,,,,,,,,,,,,,,,,,,,,,,,,,,,,,,,,,,,,space,3.5039,,,,,,,,,,,,,,,,,,,,,,,,,,,,,,,,,,,,,,,,,,,,,,,,,,,,,,,,,,
,,,,,,,,,,,001,2025-05-08_19h30.59.858,SLSINC2_O,2022.2.5,Win32,60.24096386,,,,,,,,,,,,,,,,,,,,,,,,,,,,,,,,,,,,,,,,,,,,,,,,,,,,,,,,,,,,,,,,,,,3,28.4174,,0,0,0,19,1,I feel as though my contributions will exist after I die.,,,,,,,,,,,,,,,,,,,,,,,,,,,,,,,,,,,,,,,,,,,,,,,,,
,,,,,,,,,,,001,2025-05-08_19h30.59.858,SLSINC2_O,2022.2.5,Win32,60.24096386,,,,,,,,,,,,,,,,,,,,,,,,,,,,,,,,,,,,,,,,,,,,,,,,,,,,,,,,,,,,,,,,,,,3,6.2876,,0,1,1,3,1,I feel as though I have made a difference to many people.,,,,,,,,,,,,,,,,,,,,,,,,,,,,,,,,,,,,,,,,,,,,,,,,,
,,,,,,,,,,,001,2025-05-08_19h30.59.858,SLSINC2_O,2022.2.5,Win32,60.24096386,,,,,,,,,,,,,,,,,,,,,,,,,,,,,,,,,,,,,,,,,,,,,,,,,,,,,,,,,,,,,,,,,,,3,2.4663,,0,2,2,12,1,I feel that things I have done in my life will survive after I die.,,,,,,,,,,,,,,,,,,,,,,,,,,,,,,,,,,,,,,,,,,,,,,,,,
,,,,,,,,,,,001,2025-05-08_19h30.59.858,SLSINC2_O,2022.2.5,Win32,60.24096386,,,,,,,,,,,,,,,,,,,,,,,,,,,,,,,,,,,,,,,,,,,,,,,,,,,,,,,,,,,,,,,,,,,3,4.7709,,0,3,3,4,1,I volunteer to work for a charity.,,,,,,,,,,,,,,,,,,,,,,,,,,,,,,,,,,,,,,,,,,,,,,,,,
,,,,,,,,,,,001,2025-05-08_19h30.59.858,SLSINC2_O,2022.2.5,Win32,60.24096386,,,,,,,,,,,,,,,,,,,,,,,,,,,,,,,,,,,,,,,,,,,,,,,,,,,,,,,,,,,,,,,,,,,4,4.5442,,0,4,4,5,1,I have made and created things that have had an impact on other people.,,,,,,,,,,,,,,,,,,,,,,,,,,,,,,,,,,,,,,,,,,,,,,,,,
,,,,,,,,,,,001,2025-05-08_19h30.59.858,SLSINC2_O,2022.2.5,Win32,60.24096386,,,,,,,,,,,,,,,,,,,,,,,,,,,,,,,,,,,,,,,,,,,,,,,,,,,,,,,,,,,,,,,,,,,4,1.6833,,0,5,5,11,1,I have important skills that I try to teach others.,,,,,,,,,,,,,,,,,,,,,,,,,,,,,,,,,,,,,,,,,,,,,,,,,
,,,,,,,,,,,001,2025-05-08_19h30.59.858,SLSINC2_O,2022.2.5,Win32,60.24096386,,,,,,,,,,,,,,,,,,,,,,,,,,,,,,,,,,,,,,,,,,,,,,,,,,,,,,,,,,,,,,,,,,,4,1.4742,,0,6,6,1,1,I feel that other people need me.,,,,,,,,,,,,,,,,,,,,,,,,,,,,,,,,,,,,,,,,,,,,,,,,,
,,,,,,,,,,,001,2025-05-08_19h30.59.858,SLSINC2_O,2022.2.5,Win32,60.24096386,,,,,,,,,,,,,,,,,,,,,,,,,,,,,,,,,,,,,,,,,,,,,,,,,,,,,,,,,,,,,,,,,,,3,4.0086,,0,7,7,10,1,"If I were unable to have children of my own, I would like to adopt children.",,,,,,,,,,,,,,,,,,,,,,,,,,,,,,,,,,,,,,,,,,,,,,,,,
,,,,,,,,,,,001,2025-05-08_19h30.59.858,SLSINC2_O,2022.2.5,Win32,60.24096386,,,,,,,,,,,,,,,,,,,,,,,,,,,,,,,,,,,,,,,,,,,,,,,,,,,,,,,,,,,,,,,,,,,2,5.4839,,0,8,8,2,1,I think I would like the work of a teacher.,,,,,,,,,,,,,,,,,,,,,,,,,,,,,,,,,,,,,,,,,,,,,,,,,
,,,,,,,,,,,001,2025-05-08_19h30.59.858,SLSINC2_O,2022.2.5,Win32,60.24096386,,,,,,,,,,,,,,,,,,,,,,,,,,,,,,,,,,,,,,,,,,,,,,,,,,,,,,,,,,,,,,,,,,,4,2.2834,,0,9,9,18,1,People come to me for advice.,,,,,,,,,,,,,,,,,,,,,,,,,,,,,,,,,,,,,,,,,,,,,,,,,
,,,,,,,,,,,001,2025-05-08_19h30.59.858,SLSINC2_O,2022.2.5,Win32,60.24096386,,,,,,,,,,,,,,,,,,,,,,,,,,,,,,,,,,,,,,,,,,,,,,,,,,,,,,,,,,,,,,,,,,,2,2.7509,,0,10,10,6,1,I try to be creative in most things that I do.,,,,,,,,,,,,,,,,,,,,,,,,,,,,,,,,,,,,,,,,,,,,,,,,,
,,,,,,,,,,,001,2025-05-08_19h30.59.858,SLSINC2_O,2022.2.5,Win32,60.24096386,,,,,,,,,,,,,,,,,,,,,,,,,,,,,,,,,,,,,,,,,,,,,,,,,,,,,,,,,,,,,,,,,,,4,1.9535,,0,11,11,16,1,Other people say that I am a very productive person.,,,,,,,,,,,,,,,,,,,,,,,,,,,,,,,,,,,,,,,,,,,,,,,,,
,,,,,,,,,,,001,2025-05-08_19h30.59.858,SLSINC2_O,2022.2.5,Win32,60.24096386,,,,,,,,,,,,,,,,,,,,,,,,,,,,,,,,,,,,,,,,,,,,,,,,,,,,,,,,,,,,,,,,,,,1,3.8709,,0,12,12,8,1,I believe that society should be responsible for providing food and shelter for all homeless people.,,,,,,,,,,,,,,,,,,,,,,,,,,,,,,,,,,,,,,,,,,,,,,,,,
,,,,,,,,,,,001,2025-05-08_19h30.59.858,SLSINC2_O,2022.2.5,Win32,60.24096386,,,,,,,,,,,,,,,,,,,,,,,,,,,,,,,,,,,,,,,,,,,,,,,,,,,,,,,,,,,,,,,,,,,3,3.1864,,0,13,13,9,1,Others would say that I have made unique contributions to society.,,,,,,,,,,,,,,,,,,,,,,,,,,,,,,,,,,,,,,,,,,,,,,,,,
,,,,,,,,,,,001,2025-05-08_19h30.59.858,SLSINC2_O,2022.2.5,Win32,60.24096386,,,,,,,,,,,,,,,,,,,,,,,,,,,,,,,,,,,,,,,,,,,,,,,,,,,,,,,,,,,,,,,,,,,3,2.7018,,0,14,14,17,1,I have a responsibility to improve the neighborhood in which I live.,,,,,,,,,,,,,,,,,,,,,,,,,,,,,,,,,,,,,,,,,,,,,,,,,
,,,,,,,,,,,001,2025-05-08_19h30.59.858,SLSINC2_O,2022.2.5,Win32,60.24096386,,,,,,,,,,,,,,,,,,,,,,,,,,,,,,,,,,,,,,,,,,,,,,,,,,,,,,,,,,,,,,,,,,,4,3.1173,,0,15,15,0,1,Try to pass along the knowledge I have gained through my experiences.,,,,,,,,,,,,,,,,,,,,,,,,,,,,,,,,,,,,,,,,,,,,,,,,,
,,,,,,,,,,,001,2025-05-08_19h30.59.858,SLSINC2_O,2022.2.5,Win32,60.24096386,,,,,,,,,,,,,,,,,,,,,,,,,,,,,,,,,,,,,,,,,,,,,,,,,,,,,,,,,,,,,,,,,,,3,2.7578,,0,16,16,15,1,"I have made many commitments to many different kinds of people, groups, and activities in my life.",,,,,,,,,,,,,,,,,,,,,,,,,,,,,,,,,,,,,,,,,,,,,,,,,
,,,,,,,,,,,001,2025-05-08_19h30.59.858,SLSINC2_O,2022.2.5,Win32,60.24096386,,,,,,,,,,,,,,,,,,,,,,,,,,,,,,,,,,,,,,,,,,,,,,,,,,,,,,,,,,,,,,,,,,,4,1.7252,,0,17,17,14,1,I feel as though I have done a lot to contribute to others.,,,,,,,,,,,,,,,,,,,,,,,,,,,,,,,,,,,,,,,,,,,,,,,,,
,,,,,,,,,,,001,2025-05-08_19h30.59.858,SLSINC2_O,2022.2.5,Win32,60.24096386,,,,,,,,,,,,,,,,,,,,,,,,,,,,,,,,,,,,,,,,,,,,,,,,,,,,,,,,,,,,,,,,,,,4,2.7822,,0,18,18,13,1,"In general, my actions have a positive effect on other people.",,,,,,,,,,,,,,,,,,,,,,,,,,,,,,,,,,,,,,,,,,,,,,,,,
,,,,,,,,,,,001,2025-05-08_19h30.59.858,SLSINC2_O,2022.2.5,Win32,60.24096386,,,,,,,,,,,,,,,,,,,,,,,,,,,,,,,,,,,,,,,,,,,,,,,,,,,,,,,,,,,,,,,,,,,3,1.9667,,0,19,19,7,1,I think that I will be remembered for a long time after I die.,,,,,,,,,,,,,,,,,,,,,,,,,,,,,,,,,,,,,,,,,,,,,,,,,
,,,,,,,,,,,001,2025-05-08_19h30.59.858,SLSINC2_O,2022.2.5,Win32,60.24096386,,,,,,,,,,,,,,,,,,,,,,,,,,,,,,,,,,,,,,,,,,,,,,,,,,,,,,,,,,,,,,,,,,,,,,,,,,,,space,1.6386,,,,,,,,,,,,,,,,,,,,,,,,,,,,,,,,,,,,,,,,,,,,,,,
,,,,,,,,,,,001,2025-05-08_19h30.59.858,SLSINC2_O,2022.2.5,Win32,60.24096386,,,,,,,,,,,,,,,,,,,,,,,,,,,,,,,,,,,,,,,,,,,,,,,,,,,,,,,,,,,,,,,,,,,,,,,,,,,I can find companionship when I want it,,,4,3.6872,,0,0,0,14,1,,,,,,,,,,,,,,,,,,,,,,,,,,,,,,,,,,,,,,,
,,,,,,,,,,,001,2025-05-08_19h30.59.858,SLSINC2_O,2022.2.5,Win32,60.24096386,,,,,,,,,,,,,,,,,,,,,,,,,,,,,,,,,,,,,,,,,,,,,,,,,,,,,,,,,,,,,,,,,,,,,,,,,,,I am no longer close to anyone,,,1,2.6846,,0,1,1,6,1,,,,,,,,,,,,,,,,,,,,,,,,,,,,,,,,,,,,,,,
,,,,,,,,,,,001,2025-05-08_19h30.59.858,SLSINC2_O,2022.2.5,Win32,60.24096386,,,,,,,,,,,,,,,,,,,,,,,,,,,,,,,,,,,,,,,,,,,,,,,,,,,,,,,,,,,,,,,,,,,,,,,,,,,There are people I can talk to,,,4,1.4337,,0,2,2,18,1,,,,,,,,,,,,,,,,,,,,,,,,,,,,,,,,,,,,,,,
,,,,,,,,,,,001,2025-05-08_19h30.59.858,SLSINC2_O,2022.2.5,Win32,60.24096386,,,,,,,,,,,,,,,,,,,,,,,,,,,,,,,,,,,,,,,,,,,,,,,,,,,,,,,,,,,,,,,,,,,,,,,,,,,My social relationships are superficial,,,1,1.8885,,0,3,3,11,1,,,,,,,,,,,,,,,,,,,,,,,,,,,,,,,,,,,,,,,
,,,,,,,,,,,001,2025-05-08_19h30.59.858,SLSINC2_O,2022.2.5,Win32,60.24096386,,,,,,,,,,,,,,,,,,,,,,,,,,,,,,,,,,,,,,,,,,,,,,,,,,,,,,,,,,,,,,,,,,,,,,,,,,,I do not feel alone,,,4,3.3677,,0,4,4,3,1,,,,,,,,,,,,,,,,,,,,,,,,,,,,,,,,,,,,,,,
,,,,,,,,,,,001,2025-05-08_19h30.59.858,SLSINC2_O,2022.2.5,Win32,60.24096386,,,,,,,,,,,,,,,,,,,,,,,,,,,,,,,,,,,,,,,,,,,,,,,,,,,,,,,,,,,,,,,,,,,,,,,,,,,No one really knows me well,,,1,1.6061,,0,5,5,12,1,,,,,,,,,,,,,,,,,,,,,,,,,,,,,,,,,,,,,,,
,,,,,,,,,,,001,2025-05-08_19h30.59.858,SLSINC2_O,2022.2.5,Win32,60.24096386,,,,,,,,,,,,,,,,,,,,,,,,,,,,,,,,,,,,,,,,,,,,,,,,,,,,,,,,,,,,,,,,,,,,,,,,,,,People are around me but not with me,,,1,1.4616,,0,6,6,17,1,,,,,,,,,,,,,,,,,,,,,,,,,,,,,,,,,,,,,,,
,,,,,,,,,,,001,2025-05-08_19h30.59.858,SLSINC2_O,2022.2.5,Win32,60.24096386,,,,,,,,,,,,,,,,,,,,,,,,,,,,,,,,,,,,,,,,,,,,,,,,,,,,,,,,,,,,,,,,,,,,,,,,,,,There is no one I can turn to,,,1,1.1919,,0,7,7,2,1,,,,,,,,,,,,,,,,,,,,,,,,,,,,,,,,,,,,,,,
,,,,,,,,,,,001,2025-05-08_19h30.59.858,SLSINC2_O,2022.2.5,Win32,60.24096386,,,,,,,,,,,,,,,,,,,,,,,,,,,,,,,,,,,,,,,,,,,,,,,,,,,,,,,,,,,,,,,,,,,,,,,,,,,I feel isolated from others,,,1,0.5908,,0,8,8,13,1,,,,,,,,,,,,,,,,,,,,,,,,,,,,,,,,,,,,,,,
,,,,,,,,,,,001,2025-05-08_19h30.59.858,SLSINC2_O,2022.2.5,Win32,60.24096386,,,,,,,,,,,,,,,,,,,,,,,,,,,,,,,,,,,,,,,,,,,,,,,,,,,,,,,,,,,,,,,,,,,,,,,,,,,I lack companionship,,,1,0.5725,,0,9,9,1,1,,,,,,,,,,,,,,,,,,,,,,,,,,,,,,,,,,,,,,,
,,,,,,,,,,,001,2025-05-08_19h30.59.858,SLSINC2_O,2022.2.5,Win32,60.24096386,,,,,,,,,,,,,,,,,,,,,,,,,,,,,,,,,,,,,,,,,,,,,,,,,,,,,,,,,,,,,,,,,,,,,,,,,,,There are people I can turn to,,,4,2.503,,0,10,10,19,1,,,,,,,,,,,,,,,,,,,,,,,,,,,,,,,,,,,,,,,
,,,,,,,,,,,001,2025-05-08_19h30.59.858,SLSINC2_O,2022.2.5,Win32,60.24096386,,,,,,,,,,,,,,,,,,,,,,,,,,,,,,,,,,,,,,,,,,,,,,,,,,,,,,,,,,,,,,,,,,,,,,,,,,,There are people who really understand me,,,4,1.3066,,0,11,11,15,1,,,,,,,,,,,,,,,,,,,,,,,,,,,,,,,,,,,,,,,
,,,,,,,,,,,001,2025-05-08_19h30.59.858,SLSINC2_O,2022.2.5,Win32,60.24096386,,,,,,,,,,,,,,,,,,,,,,,,,,,,,,,,,,,,,,,,,,,,,,,,,,,,,,,,,,,,,,,,,,,,,,,,,,,I feel part of a group of friends,,,4,0.7279,,0,12,12,4,1,,,,,,,,,,,,,,,,,,,,,,,,,,,,,,,,,,,,,,,
,,,,,,,,,,,001,2025-05-08_19h30.59.858,SLSINC2_O,2022.2.5,Win32,60.24096386,,,,,,,,,,,,,,,,,,,,,,,,,,,,,,,,,,,,,,,,,,,,,,,,,,,,,,,,,,,,,,,,,,,,,,,,,,,I feel in tune with the people around me,,,4,0.8837,,0,13,13,0,1,,,,,,,,,,,,,,,,,,,,,,,,,,,,,,,,,,,,,,,
,,,,,,,,,,,001,2025-05-08_19h30.59.858,SLSINC2_O,2022.2.5,Win32,60.24096386,,,,,,,,,,,,,,,,,,,,,,,,,,,,,,,,,,,,,,,,,,,,,,,,,,,,,,,,,,,,,,,,,,,,,,,,,,,I feel left out,,,1,1.0234,,0,14,14,10,1,,,,,,,,,,,,,,,,,,,,,,,,,,,,,,,,,,,,,,,
,,,,,,,,,,,001,2025-05-08_19h30.59.858,SLSINC2_O,2022.2.5,Win32,60.24096386,,,,,,,,,,,,,,,,,,,,,,,,,,,,,,,,,,,,,,,,,,,,,,,,,,,,,,,,,,,,,,,,,,,,,,,,,,,I have a lot in common with the people around me,,,4,1.3512,,0,15,15,5,1,,,,,,,,,,,,,,,,,,,,,,,,,,,,,,,,,,,,,,,
,,,,,,,,,,,001,2025-05-08_19h30.59.858,SLSINC2_O,2022.2.5,Win32,60.24096386,,,,,,,,,,,,,,,,,,,,,,,,,,,,,,,,,,,,,,,,,,,,,,,,,,,,,,,,,,,,,,,,,,,,,,,,,,,My interests and ideas are not shared by those around me,,,4,1.5507,,0,16,16,7,1,,,,,,,,,,,,,,,,,,,,,,,,,,,,,,,,,,,,,,,
,,,,,,,,,,,001,2025-05-08_19h30.59.858,SLSINC2_O,2022.2.5,Win32,60.24096386,,,,,,,,,,,,,,,,,,,,,,,,,,,,,,,,,,,,,,,,,,,,,,,,,,,,,,,,,,,,,,,,,,,,,,,,,,,I am unhappy being so withdrawn ,,,1,1.6592,,0,17,17,16,1,,,,,,,,,,,,,,,,,,,,,,,,,,,,,,,,,,,,,,,
,,,,,,,,,,,001,2025-05-08_19h30.59.858,SLSINC2_O,2022.2.5,Win32,60.24096386,,,,,,,,,,,,,,,,,,,,,,,,,,,,,,,,,,,,,,,,,,,,,,,,,,,,,,,,,,,,,,,,,,,,,,,,,,,There are people I feel close to,,,4,1.5765,,0,18,18,9,1,,,,,,,,,,,,,,,,,,,,,,,,,,,,,,,,,,,,,,,
,,,,,,,,,,,001,2025-05-08_19h30.59.858,SLSINC2_O,2022.2.5,Win32,60.24096386,,,,,,,,,,,,,,,,,,,,,,,,,,,,,,,,,,,,,,,,,,,,,,,,,,,,,,,,,,,,,,,,,,,,,,,,,,,I am an outgoing person,,,4,0.8121,,0,19,19,8,1,,,,,,,,,,,,,,,,,,,,,,,,,,,,,,,,,,,,,,,
,,,,,,,,,,,001,2025-05-08_19h30.59.858,SLSINC2_O,2022.2.5,Win32,60.24096386,,,,,,,,,,,,,,,,,,,,,,,,,,,,,,,,,,,,,,,,,,,,,,,,,,,,,,,,,,,,,,,,,,,,,,,,,,,,,,,,,,,,,,space,0.5612,,,,,,,,,,,,,,,,,,,,,,,,,,,,,,,,,,,,,
,,,,,,,,,,,001,2025-05-08_19h30.59.858,SLSINC2_O,2022.2.5,Win32,60.24096386,,,,,,,,,,,,,,,,,,,,,,,,,,,,,,,,,,,,,,,,,,,,,,,,,,,,,,,,,,,,,,,,,,,,,,,,,,,,,,,,,,,,,,,,4,4.8599,"Even though I know it doesn’t help to focus on it, I can’t help thinking about whether or not I have Alzheimer’s disease or a related dementia.",0,0,0,7,1,"Even though I know it doesn’t help to focus on it, I can’t help thinking about whether or not I have Alzheimer’s disease or a related dementia.",,,,,,,,,,,,,,,,,,,,,,,,,,,,
,,,,,,,,,,,001,2025-05-08_19h30.59.858,SLSINC2_O,2022.2.5,Win32,60.24096386,,,,,,,,,,,,,,,,,,,,,,,,,,,,,,,,,,,,,,,,,,,,,,,,,,,,,,,,,,,,,,,,,,,,,,,,,,,,,,,,,,,,,,,,4,2.8866,"More often than not, I find my thoughts returning to concerns that I have Alzheimer’s disease or a related dementia.",0,1,1,4,1,"More often than not, I find my thoughts returning to concerns that I have Alzheimer’s disease or a related dementia.",,,,,,,,,,,,,,,,,,,,,,,,,,,,
,,,,,,,,,,,001,2025-05-08_19h30.59.858,SLSINC2_O,2022.2.5,Win32,60.24096386,,,,,,,,,,,,,,,,,,,,,,,,,,,,,,,,,,,,,,,,,,,,,,,,,,,,,,,,,,,,,,,,,,,,,,,,,,,,,,,,,,,,,,,,5,2.4442,"When I can’t remember something, I find myself wondering whether I have Alzheimer’s disease or a related dementia.",0,2,2,2,1,"When I can’t remember something, I find myself wondering whether I have Alzheimer’s disease or a related dementia.",,,,,,,,,,,,,,,,,,,,,,,,,,,,
,,,,,,,,,,,001,2025-05-08_19h30.59.858,SLSINC2_O,2022.2.5,Win32,60.24096386,,,,,,,,,,,,,,,,,,,,,,,,,,,,,,,,,,,,,,,,,,,,,,,,,,,,,,,,,,,,,,,,,,,,,,,,,,,,,,,,,,,,,,,,4,2.4146,"	When I hear about someone having Alzheimer’s disease or a related dementia, I start to worry about having it myself.",0,3,3,5,1,"	When I hear about someone having Alzheimer’s disease or a related dementia, I start to worry about having it myself.",,,,,,,,,,,,,,,,,,,,,,,,,,,,
,,,,,,,,,,,001,2025-05-08_19h30.59.858,SLSINC2_O,2022.2.5,Win32,60.24096386,,,,,,,,,,,,,,,,,,,,,,,,,,,,,,,,,,,,,,,,,,,,,,,,,,,,,,,,,,,,,,,,,,,,,,,,,,,,,,,,,,,,,,,,4,1.8797,"When I forget a word that I want to say, my thoughts immediately turn to Alzheimer’s disease and related dementias.",0,4,4,10,1,"When I forget a word that I want to say, my thoughts immediately turn to Alzheimer’s disease and related dementias.",,,,,,,,,,,,,,,,,,,,,,,,,,,,
,,,,,,,,,,,001,2025-05-08_19h30.59.858,SLSINC2_O,2022.2.5,Win32,60.24096386,,,,,,,,,,,,,,,,,,,,,,,,,,,,,,,,,,,,,,,,,,,,,,,,,,,,,,,,,,,,,,,,,,,,,,,,,,,,,,,,,,,,,,,,5,209.4595,"Sometimes when trying to go to sleep, I find my thoughts drift to my concerns about having Alzheimer’s disease or a related dementia.",0,5,5,9,1,"Sometimes when trying to go to sleep, I find my thoughts drift to my concerns about having Alzheimer’s disease or a related dementia.",,,,,,,,,,,,,,,,,,,,,,,,,,,,
,,,,,,,,,,,001,2025-05-08_19h30.59.858,SLSINC2_O,2022.2.5,Win32,60.24096386,,,,,,,,,,,,,,,,,,,,,,,,,,,,,,,,,,,,,,,,,,,,,,,,,,,,,,,,,,,,,,,,,,,,,,,,,,,,,,,,,,,,,,,,4,3.2037,"I know I shouldn’t worry about developing Alzheimer’s disease and related dementias, but I just cannot help it.",0,6,6,0,1,"I know I shouldn’t worry about developing Alzheimer’s disease and related dementias, but I just cannot help it.",,,,,,,,,,,,,,,,,,,,,,,,,,,,
,,,,,,,,,,,001,2025-05-08_19h30.59.858,SLSINC2_O,2022.2.5,Win32,60.24096386,,,,,,,,,,,,,,,,,,,,,,,,,,,,,,,,,,,,,,,,,,,,,,,,,,,,,,,,,,,,,,,,,,,,,,,,,,,,,,,,,,,,,,,,4,1.5739,I find it difficult to control my worries about developing Alzheimer’s disease and related dementias.,0,7,7,1,1,I find it difficult to control my worries about developing Alzheimer’s disease and related dementias.,,,,,,,,,,,,,,,,,,,,,,,,,,,,
,,,,,,,,,,,001,2025-05-08_19h30.59.858,SLSINC2_O,2022.2.5,Win32,60.24096386,,,,,,,,,,,,,,,,,,,,,,,,,,,,,,,,,,,,,,,,,,,,,,,,,,,,,,,,,,,,,,,,,,,,,,,,,,,,,,,,,,,,,,,,4,1.4053,"Once I start worrying about Alzheimer’s disease and related dementias, I just cannot stop.",0,8,8,8,1,"Once I start worrying about Alzheimer’s disease and related dementias, I just cannot stop.",,,,,,,,,,,,,,,,,,,,,,,,,,,,
,,,,,,,,,,,001,2025-05-08_19h30.59.858,SLSINC2_O,2022.2.5,Win32,60.24096386,,,,,,,,,,,,,,,,,,,,,,,,,,,,,,,,,,,,,,,,,,,,,,,,,,,,,,,,,,,,,,,,,,,,,,,,,,,,,,,,,,,,,,,,4,1.1389,I think I probably worry more about Alzheimer’s disease and related dementias than other people my same age.,0,9,9,11,1,I think I probably worry more about Alzheimer’s disease and related dementias than other people my same age.,,,,,,,,,,,,,,,,,,,,,,,,,,,,
,,,,,,,,,,,001,2025-05-08_19h30.59.858,SLSINC2_O,2022.2.5,Win32,60.24096386,,,,,,,,,,,,,,,,,,,,,,,,,,,,,,,,,,,,,,,,,,,,,,,,,,,,,,,,,,,,,,,,,,,,,,,,,,,,,,,,,,,,,,,,5,2.2961,My worries about Alzheimer’s disease and related dementias overwhelm me.,0,10,10,3,1,My worries about Alzheimer’s disease and related dementias overwhelm me.,,,,,,,,,,,,,,,,,,,,,,,,,,,,
,,,,,,,,,,,001,2025-05-08_19h30.59.858,SLSINC2_O,2022.2.5,Win32,60.24096386,,,,,,,,,,,,,,,,,,,,,,,,,,,,,,,,,,,,,,,,,,,,,,,,,,,,,,,,,,,,,,,,,,,,,,,,,,,,,,,,,,,,,,,,3,3.0258,"When I am not distracted, I find my thoughts focusing on my own cognitive changes and concerns.",0,11,11,6,1,"When I am not distracted, I find my thoughts focusing on my own cognitive changes and concerns.",,,,,,,,,,,,,,,,,,,,,,,,,,,,
,,,,,,,,,,,001,2025-05-08_19h30.59.858,SLSINC2_O,2022.2.5,Win32,60.24096386,,,,,,,,,,,,,,,,,,,,,,,,,,,,,,,,,,,,,,,,,,,,,,,,,,,,,,,,,,,,,,,,,,,,,,,,,,,,,,,,,,,,,,,,,,,,,,,,,space,0.9401,,,,,,,,,,,,,,,,,,,,,,,,,,
,,,,,,,,,,,001,2025-05-08_19h30.59.858,SLSINC2_O,2022.2.5,Win32,60.24096386,,,,,,,,,,,,,,,,,,,,,,,,,,,,,,,,,,,,,,,,,,,,,,,,,,,,,,,,,,,,,,,,,,,,,,,,,,,,,,,,,,,,,,,,,,,,,,,,,,,1,3.3243,"If a telemarketer calls me, I usually listen to what they have to say",0,0,0,4,1,"If a telemarketer calls me, I usually listen to what they have to say",,,,,,,,,,,,,,,,,
,,,,,,,,,,,001,2025-05-08_19h30.59.858,SLSINC2_O,2022.2.5,Win32,60.24096386,,,,,,,,,,,,,,,,,,,,,,,,,,,,,,,,,,,,,,,,,,,,,,,,,,,,,,,,,,,,,,,,,,,,,,,,,,,,,,,,,,,,,,,,,,,,,,,,,,,5,3.8809,Persons over the age of 65 are often targeted by con-artists,0,1,1,3,1,Persons over the age of 65 are often targeted by con-artists,,,,,,,,,,,,,,,,,
,,,,,,,,,,,001,2025-05-08_19h30.59.858,SLSINC2_O,2022.2.5,Win32,60.24096386,,,,,,,,,,,,,,,,,,,,,,,,,,,,,,,,,,,,,,,,,,,,,,,,,,,,,,,,,,,,,,,,,,,,,,,,,,,,,,,,,,,,,,,,,,,,,,,,,,,5,2.0713,"If something sounds too good to be true, it usually is",0,2,2,2,1,"If something sounds too good to be true, it usually is",,,,,,,,,,,,,,,,,
,,,,,,,,,,,001,2025-05-08_19h30.59.858,SLSINC2_O,2022.2.5,Win32,60.24096386,,,,,,,,,,,,,,,,,,,,,,,,,,,,,,,,,,,,,,,,,,,,,,,,,,,,,,,,,,,,,,,,,,,,,,,,,,,,,,,,,,,,,,,,,,,,,,,,,,,1,5.7552,"I have difficulty ending a phone call, even if the caller is a telemarketer, someone I do not know, or someone I do not wish to call me",0,3,3,1,1,"I have difficulty ending a phone call, even if the caller is a telemarketer, someone I do not know, or someone I do not wish to call me",,,,,,,,,,,,,,,,,
,,,,,,,,,,,001,2025-05-08_19h30.59.858,SLSINC2_O,2022.2.5,Win32,60.24096386,,,,,,,,,,,,,,,,,,,,,,,,,,,,,,,,,,,,,,,,,,,,,,,,,,,,,,,,,,,,,,,,,,,,,,,,,,,,,,,,,,,,,,,,,,,,,,,,,,,1,3.242,"I answer the phone whenever it rings, even if I do not know who is calling",0,4,4,0,1,"I answer the phone whenever it rings, even if I do not know who is calling",,,,,,,,,,,,,,,,,
,,,,,,,,,,,001,2025-05-08_19h30.59.858,SLSINC2_O,2022.2.5,Win32,60.24096386,,,,,,,,,,,,,,,,,,,,,,,,,,,,,,,,,,,,,,,,,,,,,,,,,,,,,,,,,,,,,,,,,,,,,,,,,,,,,,,,,,,,,,,,,,,,,,,,,,,,,,,,,,,,1.986187085,3.7977,,,,,,,,,,,,,,,
,,,,,,,,,,,001,2025-05-08_19h30.59.858,SLSINC2_O,2022.2.5,Win32,60.24096386,,,,,,,,,,,,,,,,,,,,,,,,,,,,,,,,,,,,,,,,,,,,,,,,,,,,,,,,,,,,,,,,,,,,,,,,,,,,,,,,,,,,,,,,,,,,,,,,,,,,,,,,,,,,,,,,,,,,,,,,,,,,
,,,,,,,,,,,001,2025-05-08_19h30.59.858,SLSINC2_O,2022.2.5,Win32,60.24096386,,,,,,,,,,,,,,,,,,,,,,,,,,,,,,,,,,,,,,,,,,,,,,,,,,,,,,,,,,,,,,,,,,,,,,,,,,,,,,,,,,,,,,,,,,,,,,,,,,,,,,,,,,,,,,"[""male_option""]",,,,,,,,,,,,,,
,,,,,,,,,,,001,2025-05-08_19h30.59.858,SLSINC2_O,2022.2.5,Win32,60.24096386,,,,,,,,,,,,,,,,,,,,,,,,,,,,,,,,,,,,,,,,,,,,,,,,,,,,,,,,,,,,,,,,,,,,,,,,,,,,,,,,,,,,,,,,,,,,,,,,,,,,,,,,,,,,,,,,,,,,,,,,,,,,
,,,,,,,,,,,001,2025-05-08_19h30.59.858,SLSINC2_O,2022.2.5,Win32,60.24096386,,,,,,,,,,,,,,,,,,,,,,,,,,,,,,,,,,,,,,,,,,,,,,,,,,,,,,,,,,,,,,,,,,,,,,,,,,,,,,,,,,,,,,,,,,,,,,,,,,,,,,,,,,,,,,,72,10/10/1952,,,,,,,,,,,,
,,,,,,,,,,,001,2025-05-08_19h30.59.858,SLSINC2_O,2022.2.5,Win32,60.24096386,,,,,,,,,,,,,,,,,,,,,,,,,,,,,,,,,,,,,,,,,,,,,,,,,,,,,,,,,,,,,,,,,,,,,,,,,,,,,,,,,,,,,,,,,,,,,,,,,,,,,,,,,,,,,,,,,,,,,,,,,,,,
,,,,,,,,,,,001,2025-05-08_19h30.59.858,SLSINC2_O,2022.2.5,Win32,60.24096386,,,,,,,,,,,,,,,,,,,,,,,,,,,,,,,,,,,,,,,,,,,,,,,,,,,,,,,,,,,,,,,,,,,,,,,,,,,,,,,,,,,,,,,,,,,,,,,,,,,,,,,,,,,,,,,,,"[""EduOpt5""]",,,,,,,,,,,
,,,,,,,,,,,001,2025-05-08_19h30.59.858,SLSINC2_O,2022.2.5,Win32,60.24096386,,,,,,,,,,,,,,,,,,,,,,,,,,,,,,,,,,,,,,,,,,,,,,,,,,,,,,,,,,,,,,,,,,,,,,,,,,,,,,,,,,,,,,,,,,,,,,,,,,,,,,,,,,,,,,,,,,,,,,,,,,,,
,,,,,,,,,,,001,2025-05-08_19h30.59.858,SLSINC2_O,2022.2.5,Win32,60.24096386,,,,,,,,,,,,,,,,,,,,,,,,,,,,,,,,,,,,,,,,,,,,,,,,,,,,,,,,,,,,,,,,,,,,,,,,,,,,,,,,,,,,,,,,,,,,,,,,,,,,,,,,,,,,,,,,,,"[""EthnOpt5""]",,,,,,,,,,
,,,,,,,,,,,001,2025-05-08_19h30.59.858,SLSINC2_O,2022.2.5,Win32,60.24096386,,,,,,,,,,,,,,,,,,,,,,,,,,,,,,,,,,,,,,,,,,,,,,,,,,,,,,,,,,,,,,,,,,,,,,,,,,,,,,,,,,,,,,,,,,,,,,,,,,,,,,,,,,,,,,,,,,,,,,,,,,,,
,,,,,,,,,,,001,2025-05-08_19h30.59.858,SLSINC2_O,2022.2.5,Win32,60.24096386,,,,,,,,,,,,,,,,,,,,,,,,,,,,,,,,,,,,,,,,,,,,,,,,,,,,,,,,,,,,,,,,,,,,,,,,,,,,,,,,,,,,,,,,,,,,,,,,,,,,,,,,,,,,,,,,,,,"[""EngFlncyY""]",,,,,,,,,
,,,,,,,,,,,001,2025-05-08_19h30.59.858,SLSINC2_O,2022.2.5,Win32,60.24096386,,,,,,,,,,,,,,,,,,,,,,,,,,,,,,,,,,,,,,,,,,,,,,,,,,,,,,,,,,,,,,,,,,,,,,,,,,,,,,,,,,,,,,,,,,,,,,,,,,,,,,,,,,,,,,,,,,,,,,,,,,,,
,,,,,,,,,,,001,2025-05-08_19h30.59.858,SLSINC2_O,2022.2.5,Win32,60.24096386,,,,,,,,,,,,,,,,,,,,,,,,,,,,,,,,,,,,,,,,,,,,,,,,,,,,,,,,,,,,,,,,,,,,,,,,,,,,,,,,,,,,,,,,,,,,,,,,,,,,,,,,,,,,,,,,,,,,2,United States,,,,,,,
,,,,,,,,,,,001,2025-05-08_19h30.59.858,SLSINC2_O,2022.2.5,Win32,60.24096386,,,,,,,,,,,,,,,,,,,,,,,,,,,,,,,,,,,,,,,,,,,,,,,,,,,,,,,,,,,,,,,,,,,,,,,,,,,,,,,,,,,,,,,,,,,,,,,,,,,,,,,,,,,,,,,,,,,,,,,,,,,,
,,,,,,,,,,,001,2025-05-08_19h30.59.858,SLSINC2_O,2022.2.5,Win32,60.24096386,,,,,,,,,,,,,,,,,,,,,,,,,,,,,,,,,,,,,,,,,,,,,,,,,,,,,,,,,,,,,,,,,,,,,,,,,,,,,,,,,,,,,,,,,,,,,,,,,,,,,,,,,,,,,,,,,,,,,,D,,,,,,
,,,,,,,,,,,001,2025-05-08_19h30.59.858,SLSINC2_O,2022.2.5,Win32,60.24096386,,,,,,,,,,,,,,,,,,,,,,,,,,,,,,,,,,,,,,,,,,,,,,,,,,,,,,,,,,,,,,,,,,,,,,,,,,,,,,,,,,,,,,,,,,,,,,,,,,,,,,,,,,,,,,,,,,,,,,,,,,,,
,,,,,,,,,,,001,2025-05-08_19h30.59.858,SLSINC2_O,2022.2.5,Win32,60.24096386,,,,,,,,,,,,,,,,,,,,,,,,,,,,,,,,,,,,,,,,,,,,,,,,,,,,,,,,,,,,,,,,,,,,,,,,,,,,,,,,,,,,,,,,,,,,,,,,,,,,,,,,,,,,,,,,,,,,,,,Not doing anything else,,,,,
,,,,,,,,,,,001,2025-05-08_19h30.59.858,SLSINC2_O,2022.2.5,Win32,60.24096386,,,,,,,,,,,,,,,,,,,,,,,,,,,,,,,,,,,,,,,,,,,,,,,,,,,,,,,,,,,,,,,,,,,,,,,,,,,,,,,,,,,,,,,,,,,,,,,,,,,,,,,,,,,,,,,,,,,,,,,,,,,,
,,,,,,,,,,,001,2025-05-08_19h30.59.858,SLSINC2_O,2022.2.5,Win32,60.24096386,,,,,,,,,,,,,,,,,,,,,,,,,,,,,,,,,,,,,,,,,,,,,,,,,,,,,,,,,,,,,,,,,,,,,,,,,,,,,,,,,,,,,,,,,,,,,,,,,,,,,,,,,,,,,,,,,,,,,,,,Task was enjoyable!,,,,
,,,,,,,,,,,001,2025-05-08_19h30.59.858,SLSINC2_O,2022.2.5,Win32,60.24096386,,,,,,,,,,,,,,,,,,,,,,,,,,,,,,,,,,,,,,,,,,,,,,,,,,,,,,,,,,,,,,,,,,,,,,,,,,,,,,,,,,,,,,,,,,,,,,,,,,,,,,,,,,,,,,,,,,,,,,,,,,,,
,,,,,,,,,,,001,2025-05-08_19h30.59.858,SLSINC2_O,2022.2.5,Win32,60.24096386,,,,,,,,,,,,,,,,,,,,,,,,,,,,,,,,,,,,,,,,,,,,,,,,,,,,,,,,,,,,,,,,,,,,,,,,,,,,,,,,,,,,,,,,,,,,,,,,,,,,,,,,,,,,,,,,,,,,,,,,,"[""Q4option1""]",,,
,,,,,,,,,,,001,2025-05-08_19h30.59.858,SLSINC2_O,2022.2.5,Win32,60.24096386,,,,,,,,,,,,,,,,,,,,,,,,,,,,,,,,,,,,,,,,,,,,,,,,,,,,,,,,,,,,,,,,,,,,,,,,,,,,,,,,,,,,,,,,,,,,,,,,,,,,,,,,,,,,,,,,,,,,,,,,,,,,
,,,,,,,,,,,001,2025-05-08_19h30.59.858,SLSINC2_O,2022.2.5,Win32,60.24096386,,,,,,,,,,,,,,,,,,,,,,,,,,,,,,,,,,,,,,,,,,,,,,,,,,,,,,,,,,,,,,,,,,,,,,,,,,,,,,,,,,,,,,,,,,,,,,,,,,,,,,,,,,,,,,,,,,,,,,,,,,1,[2491.414399999976],[2491.4146000000237]
