bruinID.text,button.numClicks,button.timesOn,button.timesOff,mouseLogIn.x,mouseLogIn.y,mouseLogIn.leftButton,mouseLogIn.midButton,mouseLogIn.rightButton,mouseLogIn.time,mouseLogIn.clicked_name,repeat.thisRepN,repeat.thisTrialN,repeat.thisN,repeat.thisIndex,repeat.ran,participant,session,date,expName,psychopyVersion,OS,frameRate,key_resp_6.keys,key_resp_6.rt,key_resp_5.keys,key_resp_5.rt,subjage_slider.response,subjage_slider.rt,confidence_scale.response,confidence_scale.rt,key_resp_7.keys,key_resp_7.rt,button_2.numClicks,button_2.timesOn,button_2.timesOff,email_type,scam_button.numClicks,scam_button.timesOn,scam_button.timesOff,legit_button.numClicks,legit_button.timesOn,legit_button.timesOff,button_selections_1,confidence_scale_email.response,confidence_scale_email.rt,personal_rel_scale.response,personal_rel_scale.rt,curiosity_scale.response,curiosity_scale.rt,email_loop.thisRepN,email_loop.thisTrialN,email_loop.thisN,email_loop.thisIndex,email_loop.ran,emails,type,xsize,ysize,xpos,ypos,key_resp_11.keys,key_resp_11.rt,key_resp_9.keys,key_resp_9.rt,key_resp_10.keys,key_resp_10.rt,textbox.text,next_button.numClicks,next_button.timesOn,next_button.timesOff,email_loops2.thisRepN,email_loops2.thisTrialN,email_loops2.thisN,email_loops2.thisIndex,email_loops2.ran,key_resp_3.keys,key_resp_3.rt,slider1_2.response,slider1_2.rt,trust_question,loop_GT.thisRepN,loop_GT.thisTrialN,loop_GT.thisN,loop_GT.thisIndex,loop_GT.ran,Phrases,instructionresp_2.keys,instructionresp_2.rt,key_resp_13.keys,key_resp_13.rt,gen_question,loop_G.thisRepN,loop_G.thisTrialN,loop_G.thisN,loop_G.thisIndex,loop_G.ran,Questions,instructionresp.keys,instructionresp.rt,key_resp_2.keys,key_resp_2.rt,lonely_question,loop_LS.thisRepN,loop_LS.thisTrialN,loop_LS.thisN,loop_LS.thisIndex,loop_LS.ran,key_resp_4.keys,key_resp_4.rt,rating.response,rating.rt,dementia_question,loop_dm.thisRepN,loop_dm.thisTrialN,loop_dm.thisN,loop_dm.thisIndex,loop_dm.ran,Items,key_resp.keys,key_resp.rt,slider1.response,slider1.rt,ss_question,loop_SS.thisRepN,loop_SS.thisTrialN,loop_SS.thisN,loop_SS.thisIndex,loop_SS.ran,Statements,slider.response,slider.rt,Gender,textboxAge.text,textboxBirthday.text,Education Level,Ethnicity,English Fluency,textboxAge_2.text,textboxCountry.text,FQ1textbox.text,textboxQuestion2.text,textboxQuestion3.text,FQ4 selection,Finish.numClicks,Finish.timesOn,Finish.timesOff
806230736,1,[10.391199999988078],[10.391199999988078],0.007407407,0.462962963,1,0,0,2.1413,button,0,0,0,0,1,339398,001,2025-04-19_11h03.35.850,SLSINC,2022.2.5,Win32,60.24096386,,,,,,,,,,,,,,,,,,,,,,,,,,,,,,,,,,,,,,,,,,,,,,,,,,,,,,,,,,,,,,,,,,,,,,,,,,,,,,,,,,,,,,,,,,,,,,,,,,,,,,,,,,,,,,,,,,,,,,,,,,,,
,,,,,,,,,,,,,,,,339398,001,2025-04-19_11h03.35.850,SLSINC,2022.2.5,Win32,60.24096386,space,4.2213,,,,,,,,,,,,,,,,,,,,,,,,,,,,,,,,,,,,,,,,,,,,,,,,,,,,,,,,,,,,,,,,,,,,,,,,,,,,,,,,,,,,,,,,,,,,,,,,,,,,,,,,,,,,,,,,,,,,,,,,,,
,,,,,,,,,,,,,,,,339398,001,2025-04-19_11h03.35.850,SLSINC,2022.2.5,Win32,60.24096386,,,space,19.0279,,,,,,,,,,,,,,,,,,,,,,,,,,,,,,,,,,,,,,,,,,,,,,,,,,,,,,,,,,,,,,,,,,,,,,,,,,,,,,,,,,,,,,,,,,,,,,,,,,,,,,,,,,,,,,,,,,,,,,,,
,,,,,,,,,,,,,,,,339398,001,2025-04-19_11h03.35.850,SLSINC,2022.2.5,Win32,60.24096386,,,,,18.60962567,3.4629,,,,,,,,,,,,,,,,,,,,,,,,,,,,,,,,,,,,,,,,,,,,,,,,,,,,,,,,,,,,,,,,,,,,,,,,,,,,,,,,,,,,,,,,,,,,,,,,,,,,,,,,,,,,,,,,,,,,,,
,,,,,,,,,,,,,,,,339398,001,2025-04-19_11h03.35.850,SLSINC,2022.2.5,Win32,60.24096386,,,,,,,8,8.6607,,,,,,,,,,,,,,,,,,,,,,,,,,,,,,,,,,,,,,,,,,,,,,,,,,,,,,,,,,,,,,,,,,,,,,,,,,,,,,,,,,,,,,,,,,,,,,,,,,,,,,,,,,,,,,,,,,,,
,,,,,,,,,,,,,,,,339398,001,2025-04-19_11h03.35.850,SLSINC,2022.2.5,Win32,60.24096386,,,,,,,,,space,5.2999,,,,,,,,,,,,,,,,,,,,,,,,,,,,,,,,,,,,,,,,,,,,,,,,,,,,,,,,,,,,,,,,,,,,,,,,,,,,,,,,,,,,,,,,,,,,,,,,,,,,,,,,,,,,,,,,,,
,,,,,,,,,,,,,,,,339398,001,2025-04-19_11h03.35.850,SLSINC,2022.2.5,Win32,60.24096386,,,,,,,,,,,1,[62.186800000011914],[62.187],,1,[63.283799999982115],[63.283799999982115],0,[],[],"[""scam_button""]",9.989304813,2.3934,0.021390374,3.5937,0,2.6105,0,0,0,13,1,resources/images/legit6.png,legit,0.65,0.65,0,0,,,,,,,,,,,,,,,,,,,,,,,,,,,,,,,,,,,,,,,,,,,,,,,,,,,,,,,,,,,,,,,,,,,,,,,,,,,,,,,,,,,,,,
,,,,,,,,,,,,,,,,339398,001,2025-04-19_11h03.35.850,SLSINC,2022.2.5,Win32,60.24096386,,,,,,,,,,,2,"[62.186800000011914,98.181]","[62.187,98.181]",,2,"[63.283799999982115,99.69479999998211]","[63.283799999982115,99.69489999997617]",0,[],[],"[""scam_button""]",7.978609626,3.1773,8.919786096,2.5731,4.962566845,1.8809,0,1,1,7,1,resources/images/scam5.jpg,scam,0.7,0.65,0,0,,,,,,,,,,,,,,,,,,,,,,,,,,,,,,,,,,,,,,,,,,,,,,,,,,,,,,,,,,,,,,,,,,,,,,,,,,,,,,,,,,,,,,
,,,,,,,,,,,,,,,,339398,001,2025-04-19_11h03.35.850,SLSINC,2022.2.5,Win32,60.24096386,,,,,,,,,,,3,"[62.186800000011914,98.181,118.16120000001786]","[62.187,98.181,118.16130000001189]",,3,"[63.283799999982115,99.69479999998211,118.9417999999821]","[63.283799999982115,99.69489999997617,118.9417999999821]",0,[],[],"[""scam_button""]",8.86631016,1.3759,6.106951872,2.2816,0.395721925,2.0759,0,2,2,1,1,resources/images/scam_2.png,scam,0.9,0.65,0,0,,,,,,,,,,,,,,,,,,,,,,,,,,,,,,,,,,,,,,,,,,,,,,,,,,,,,,,,,,,,,,,,,,,,,,,,,,,,,,,,,,,,,,
,,,,,,,,,,,,,,,,339398,001,2025-04-19_11h03.35.850,SLSINC,2022.2.5,Win32,60.24096386,,,,,,,,,,,4,"[62.186800000011914,98.181,118.16120000001786,171.38630000001191]","[62.187,98.181,118.16130000001189,171.38640000000595]",,3,"[63.283799999982115,99.69479999998211,118.9417999999821]","[63.283799999982115,99.69489999997617,118.9417999999821]",1,[172.29999999999998],[172.30019999998808],"[""legit_button""]",6.064171123,4.6648,1.957219251,5.1407,4.941176471,4.346,0,3,3,17,1,resources/images/scam10.jpg,scam,1,0.65,0,0,,,,,,,,,,,,,,,,,,,,,,,,,,,,,,,,,,,,,,,,,,,,,,,,,,,,,,,,,,,,,,,,,,,,,,,,,,,,,,,,,,,,,,
,,,,,,,,,,,,,,,,339398,001,2025-04-19_11h03.35.850,SLSINC,2022.2.5,Win32,60.24096386,,,,,,,,,,,5,"[62.186800000011914,98.181,118.16120000001786,171.38630000001191,193.91640000000595]","[62.187,98.181,118.16130000001189,171.38640000000595,193.91649999999998]",,3,"[63.283799999982115,99.69479999998211,118.9417999999821]","[63.283799999982115,99.69489999997617,118.9417999999821]",2,"[172.29999999999998,195.3295]","[172.30019999998808,195.3295]","[""legit_button""]",9.978609626,1.3957,4.962566845,3.4436,0.010695187,2.7787,0,4,4,3,1,resources/images/legit1.png,legit,1,0.72,0,0,,,,,,,,,,,,,,,,,,,,,,,,,,,,,,,,,,,,,,,,,,,,,,,,,,,,,,,,,,,,,,,,,,,,,,,,,,,,,,,,,,,,,,
,,,,,,,,,,,,,,,,339398,001,2025-04-19_11h03.35.850,SLSINC,2022.2.5,Win32,60.24096386,,,,,,,,,,,6,"[62.186800000011914,98.181,118.16120000001786,171.38630000001191,193.91640000000595,211.83010000002383]","[62.187,98.181,118.16130000001189,171.38640000000595,193.91649999999998,211.83010000002383]",,3,"[63.283799999982115,99.69479999998211,118.9417999999821]","[63.283799999982115,99.69489999997617,118.9417999999821]",3,"[172.29999999999998,195.3295,216.9927999999821]","[172.30019999998808,195.3295,216.9927999999821]","[""legit_button""]",8.07486631,2.3444,0.171122995,1.6772,5.005347594,2.1634,0,5,5,21,1,resources/images/legit14-EDIT.jpg,legit,1,0.65,0,0,,,,,,,,,,,,,,,,,,,,,,,,,,,,,,,,,,,,,,,,,,,,,,,,,,,,,,,,,,,,,,,,,,,,,,,,,,,,,,,,,,,,,,
,,,,,,,,,,,,,,,,339398,001,2025-04-19_11h03.35.850,SLSINC,2022.2.5,Win32,60.24096386,,,,,,,,,,,7,"[62.186800000011914,98.181,118.16120000001786,171.38630000001191,193.91640000000595,211.83010000002383,229.44420000001787]","[62.187,98.181,118.16130000001189,171.38640000000595,193.91649999999998,211.83010000002383,229.44420000001787]",,4,"[63.283799999982115,99.69479999998211,118.9417999999821,230.55809999999403]","[63.283799999982115,99.69489999997617,118.9417999999821,230.55809999999403]",3,"[172.29999999999998,195.3295,216.9927999999821]","[172.30019999998808,195.3295,216.9927999999821]","[""scam_button""]",9.957219251,2.5601,4.983957219,3.3614,0.941176471,3.3084,0,6,6,16,1,resources/images/scam13.png,scam,1,0.65,0,0,,,,,,,,,,,,,,,,,,,,,,,,,,,,,,,,,,,,,,,,,,,,,,,,,,,,,,,,,,,,,,,,,,,,,,,,,,,,,,,,,,,,,,
,,,,,,,,,,,,,,,,339398,001,2025-04-19_11h03.35.850,SLSINC,2022.2.5,Win32,60.24096386,,,,,,,,,,,8,"[62.186800000011914,98.181,118.16120000001786,171.38630000001191,193.91640000000595,211.83010000002383,229.44420000001787,261.42260000002386]","[62.187,98.181,118.16130000001189,171.38640000000595,193.91649999999998,211.83010000002383,229.44420000001787,261.42260000002386]",,4,"[63.283799999982115,99.69479999998211,118.9417999999821,230.55809999999403]","[63.283799999982115,99.69489999997617,118.9417999999821,230.55809999999403]",4,"[172.29999999999998,195.3295,216.9927999999821,262.3026999999881]","[172.30019999998808,195.3295,216.9927999999821,262.3026999999881]","[""legit_button""]",9.978609626,0.9569,5.005347594,2.08,5.144385027,2.9424,0,7,7,14,1,resources/images/legit7-EDIT.png,legit,0.65,0.65,0,0,,,,,,,,,,,,,,,,,,,,,,,,,,,,,,,,,,,,,,,,,,,,,,,,,,,,,,,,,,,,,,,,,,,,,,,,,,,,,,,,,,,,,,
,,,,,,,,,,,,,,,,339398,001,2025-04-19_11h03.35.850,SLSINC,2022.2.5,Win32,60.24096386,,,,,,,,,,,9,"[62.186800000011914,98.181,118.16120000001786,171.38630000001191,193.91640000000595,211.83010000002383,229.44420000001787,261.42260000002386,274.1544000000059]","[62.187,98.181,118.16130000001189,171.38640000000595,193.91649999999998,211.83010000002383,229.44420000001787,261.42260000002386,274.1544000000059]",,5,"[63.283799999982115,99.69479999998211,118.9417999999821,230.55809999999403,274.8513999999762]","[63.283799999982115,99.69489999997617,118.9417999999821,230.55809999999403,274.85150000000004]",4,"[172.29999999999998,195.3295,216.9927999999821,262.3026999999881]","[172.30019999998808,195.3295,216.9927999999821,262.3026999999881]","[""scam_button""]",9.978609626,1.5946,5.048128342,2.0269,0.053475936,3.025,0,8,8,19,1,resources/images/scam_11.png,scam,1,0.65,0,0,,,,,,,,,,,,,,,,,,,,,,,,,,,,,,,,,,,,,,,,,,,,,,,,,,,,,,,,,,,,,,,,,,,,,,,,,,,,,,,,,,,,,,
,,,,,,,,,,,,,,,,339398,001,2025-04-19_11h03.35.850,SLSINC,2022.2.5,Win32,60.24096386,,,,,,,,,,,10,"[62.186800000011914,98.181,118.16120000001786,171.38630000001191,193.91640000000595,211.83010000002383,229.44420000001787,261.42260000002386,274.1544000000059,307.29890000000603]","[62.187,98.181,118.16130000001189,171.38640000000595,193.91649999999998,211.83010000002383,229.44420000001787,261.42260000002386,274.1544000000059,307.299]",,6,"[63.283799999982115,99.69479999998211,118.9417999999821,230.55809999999403,274.8513999999762,308.12959999999407]","[63.283799999982115,99.69489999997617,118.9417999999821,230.55809999999403,274.85150000000004,308.12959999999407]",4,"[172.29999999999998,195.3295,216.9927999999821,262.3026999999881]","[172.30019999998808,195.3295,216.9927999999821,262.3026999999881]","[""scam_button""]",8,0.9093,9.978609626,4.9921,2.106951872,1.1126,0,9,9,23,1,resources/images/scam14-EDIT.png,scam,1,0.65,0,0,,,,,,,,,,,,,,,,,,,,,,,,,,,,,,,,,,,,,,,,,,,,,,,,,,,,,,,,,,,,,,,,,,,,,,,,,,,,,,,,,,,,,,
,,,,,,,,,,,,,,,,339398,001,2025-04-19_11h03.35.850,SLSINC,2022.2.5,Win32,60.24096386,,,,,,,,,,,11,"[62.186800000011914,98.181,118.16120000001786,171.38630000001191,193.91640000000595,211.83010000002383,229.44420000001787,261.42260000002386,274.1544000000059,307.29890000000603,328.5958000000119]","[62.187,98.181,118.16130000001189,171.38640000000595,193.91649999999998,211.83010000002383,229.44420000001787,261.42260000002386,274.1544000000059,307.299,328.59590000000594]",,6,"[63.283799999982115,99.69479999998211,118.9417999999821,230.55809999999403,274.8513999999762,308.12959999999407]","[63.283799999982115,99.69489999997617,118.9417999999821,230.55809999999403,274.85150000000004,308.12959999999407]",5,"[172.29999999999998,195.3295,216.9927999999821,262.3026999999881,329.87590000000597]","[172.30019999998808,195.3295,216.9927999999821,262.3026999999881,329.87590000000597]","[""legit_button""]",10,1.0418,9.914438503,2.3246,1.828877005,1.4426,0,10,10,9,1,resources/images/scam6.jpg,scam,1,0.65,0,0,,,,,,,,,,,,,,,,,,,,,,,,,,,,,,,,,,,,,,,,,,,,,,,,,,,,,,,,,,,,,,,,,,,,,,,,,,,,,,,,,,,,,,
,,,,,,,,,,,,,,,,339398,001,2025-04-19_11h03.35.850,SLSINC,2022.2.5,Win32,60.24096386,,,,,,,,,,,12,"[62.186800000011914,98.181,118.16120000001786,171.38630000001191,193.91640000000595,211.83010000002383,229.44420000001787,261.42260000002386,274.1544000000059,307.29890000000603,328.5958000000119,346.39290000000597]","[62.187,98.181,118.16130000001189,171.38640000000595,193.91649999999998,211.83010000002383,229.44420000001787,261.42260000002386,274.1544000000059,307.299,328.59590000000594,346.39290000000597]",,6,"[63.283799999982115,99.69479999998211,118.9417999999821,230.55809999999403,274.8513999999762,308.12959999999407]","[63.283799999982115,99.69489999997617,118.9417999999821,230.55809999999403,274.85150000000004,308.12959999999407]",6,"[172.29999999999998,195.3295,216.9927999999821,262.3026999999881,329.87590000000597,347.206400000006]","[172.30019999998808,195.3295,216.9927999999821,262.3026999999881,329.87590000000597,347.206400000006]","[""legit_button""]",8.064171123,1.2793,0.010695187,3.476,5.026737968,1.6758,0,11,11,8,1,resources/images/legit9-EDIT.png,legit,1,0.65,0,0,,,,,,,,,,,,,,,,,,,,,,,,,,,,,,,,,,,,,,,,,,,,,,,,,,,,,,,,,,,,,,,,,,,,,,,,,,,,,,,,,,,,,,
,,,,,,,,,,,,,,,,339398,001,2025-04-19_11h03.35.850,SLSINC,2022.2.5,Win32,60.24096386,,,,,,,,,,,13,"[62.186800000011914,98.181,118.16120000001786,171.38630000001191,193.91640000000595,211.83010000002383,229.44420000001787,261.42260000002386,274.1544000000059,307.29890000000603,328.5958000000119,346.39290000000597,359.10780000001193]","[62.187,98.181,118.16130000001189,171.38640000000595,193.91649999999998,211.83010000002383,229.44420000001787,261.42260000002386,274.1544000000059,307.299,328.59590000000594,346.39290000000597,359.10780000001193]",,7,"[63.283799999982115,99.69479999998211,118.9417999999821,230.55809999999403,274.8513999999762,308.12959999999407,359.6885999999941]","[63.283799999982115,99.69489999997617,118.9417999999821,230.55809999999403,274.85150000000004,308.12959999999407,359.6885999999941]",6,"[172.29999999999998,195.3295,216.9927999999821,262.3026999999881,329.87590000000597,347.206400000006]","[172.30019999998808,195.3295,216.9927999999821,262.3026999999881,329.87590000000597,347.206400000006]","[""scam_button""]",9.978609626,2.206,4.877005348,5.0255,0.299465241,1.4455,0,12,12,0,1,resources/images/scam_1.png,scam,1,0.65,0,0,,,,,,,,,,,,,,,,,,,,,,,,,,,,,,,,,,,,,,,,,,,,,,,,,,,,,,,,,,,,,,,,,,,,,,,,,,,,,,,,,,,,,,
,,,,,,,,,,,,,,,,339398,001,2025-04-19_11h03.35.850,SLSINC,2022.2.5,Win32,60.24096386,,,,,,,,,,,14,"[62.186800000011914,98.181,118.16120000001786,171.38630000001191,193.91640000000595,211.83010000002383,229.44420000001787,261.42260000002386,274.1544000000059,307.29890000000603,328.5958000000119,346.39290000000597,359.10780000001193,383.4206000000239]","[62.187,98.181,118.16130000001189,171.38640000000595,193.91649999999998,211.83010000002383,229.44420000001787,261.42260000002386,274.1544000000059,307.299,328.59590000000594,346.39290000000597,359.10780000001193,383.4206000000239]",,7,"[63.283799999982115,99.69479999998211,118.9417999999821,230.55809999999403,274.8513999999762,308.12959999999407,359.6885999999941]","[63.283799999982115,99.69489999997617,118.9417999999821,230.55809999999403,274.85150000000004,308.12959999999407,359.6885999999941]",7,"[172.29999999999998,195.3295,216.9927999999821,262.3026999999881,329.87590000000597,347.206400000006,384.0007999999821]","[172.30019999998808,195.3295,216.9927999999821,262.3026999999881,329.87590000000597,347.206400000006,384.0007999999821]","[""legit_button""]",9.946524064,0.7649,9.860962567,1.8782,8.770053476,1.2425,0,13,13,11,1,resources/images/legit4-EDIT.png,legit,0.65,0.65,0,0,,,,,,,,,,,,,,,,,,,,,,,,,,,,,,,,,,,,,,,,,,,,,,,,,,,,,,,,,,,,,,,,,,,,,,,,,,,,,,,,,,,,,,
,,,,,,,,,,,,,,,,339398,001,2025-04-19_11h03.35.850,SLSINC,2022.2.5,Win32,60.24096386,,,,,,,,,,,15,"[62.186800000011914,98.181,118.16120000001786,171.38630000001191,193.91640000000595,211.83010000002383,229.44420000001787,261.42260000002386,274.1544000000059,307.29890000000603,328.5958000000119,346.39290000000597,359.10780000001193,383.4206000000239,394.43570000001785]","[62.187,98.181,118.16130000001189,171.38640000000595,193.91649999999998,211.83010000002383,229.44420000001787,261.42260000002386,274.1544000000059,307.299,328.59590000000594,346.39290000000597,359.10780000001193,383.4206000000239,394.4358000000119]",,8,"[63.283799999982115,99.69479999998211,118.9417999999821,230.55809999999403,274.8513999999762,308.12959999999407,359.6885999999941,395.18300000000005]","[63.283799999982115,99.69489999997617,118.9417999999821,230.55809999999403,274.85150000000004,308.12959999999407,359.6885999999941,395.18309999999406]",7,"[172.29999999999998,195.3295,216.9927999999821,262.3026999999881,329.87590000000597,347.206400000006,384.0007999999821]","[172.30019999998808,195.3295,216.9927999999821,262.3026999999881,329.87590000000597,347.206400000006,384.0007999999821]","[""scam_button""]",9.957219251,0.9754,9.871657754,2.632,4.973262032,1.2757,0,14,14,6,1,resources/images/scam4.png,scam,0.8,0.65,0,0,,,,,,,,,,,,,,,,,,,,,,,,,,,,,,,,,,,,,,,,,,,,,,,,,,,,,,,,,,,,,,,,,,,,,,,,,,,,,,,,,,,,,,
,,,,,,,,,,,,,,,,339398,001,2025-04-19_11h03.35.850,SLSINC,2022.2.5,Win32,60.24096386,,,,,,,,,,,16,"[62.186800000011914,98.181,118.16120000001786,171.38630000001191,193.91640000000595,211.83010000002383,229.44420000001787,261.42260000002386,274.1544000000059,307.29890000000603,328.5958000000119,346.39290000000597,359.10780000001193,383.4206000000239,394.43570000001785,411.266900000006]","[62.187,98.181,118.16130000001189,171.38640000000595,193.91649999999998,211.83010000002383,229.44420000001787,261.42260000002386,274.1544000000059,307.299,328.59590000000594,346.39290000000597,359.10780000001193,383.4206000000239,394.4358000000119,411.26700000000005]",,9,"[63.283799999982115,99.69479999998211,118.9417999999821,230.55809999999403,274.8513999999762,308.12959999999407,359.6885999999941,395.18300000000005,412.0970999999941]","[63.283799999982115,99.69489999997617,118.9417999999821,230.55809999999403,274.85150000000004,308.12959999999407,359.6885999999941,395.18309999999406,412.0970999999941]",7,"[172.29999999999998,195.3295,216.9927999999821,262.3026999999881,329.87590000000597,347.206400000006,384.0007999999821]","[172.30019999998808,195.3295,216.9927999999821,262.3026999999881,329.87590000000597,347.206400000006,384.0007999999821]","[""scam_button""]",9.860962567,0.9494,0.096256684,2.3924,0.064171123,0.5436,0,15,15,2,1,resources/images/scam3.png,scam,1.2,0.65,0,0,,,,,,,,,,,,,,,,,,,,,,,,,,,,,,,,,,,,,,,,,,,,,,,,,,,,,,,,,,,,,,,,,,,,,,,,,,,,,,,,,,,,,,
,,,,,,,,,,,,,,,,339398,001,2025-04-19_11h03.35.850,SLSINC,2022.2.5,Win32,60.24096386,,,,,,,,,,,17,"[62.186800000011914,98.181,118.16120000001786,171.38630000001191,193.91640000000595,211.83010000002383,229.44420000001787,261.42260000002386,274.1544000000059,307.29890000000603,328.5958000000119,346.39290000000597,359.10780000001193,383.4206000000239,394.43570000001785,411.266900000006,419.09870000001786]","[62.187,98.181,118.16130000001189,171.38640000000595,193.91649999999998,211.83010000002383,229.44420000001787,261.42260000002386,274.1544000000059,307.299,328.59590000000594,346.39290000000597,359.10780000001193,383.4206000000239,394.4358000000119,411.26700000000005,419.09870000001786]",,10,"[63.283799999982115,99.69479999998211,118.9417999999821,230.55809999999403,274.8513999999762,308.12959999999407,359.6885999999941,395.18300000000005,412.0970999999941,420.3625999999941]","[63.283799999982115,99.69489999997617,118.9417999999821,230.55809999999403,274.85150000000004,308.12959999999407,359.6885999999941,395.18309999999406,412.0970999999941,420.3625999999941]",7,"[172.29999999999998,195.3295,216.9927999999821,262.3026999999881,329.87590000000597,347.206400000006,384.0007999999821]","[172.30019999998808,195.3295,216.9927999999821,262.3026999999881,329.87590000000597,347.206400000006,384.0007999999821]","[""scam_button""]",9.967914439,1.0239,0.064171123,5.809,2.010695187,1.3284,0,16,16,10,1,resources/images/scam7.png,scam,0.65,0.65,0,0,,,,,,,,,,,,,,,,,,,,,,,,,,,,,,,,,,,,,,,,,,,,,,,,,,,,,,,,,,,,,,,,,,,,,,,,,,,,,,,,,,,,,,
,,,,,,,,,,,,,,,,339398,001,2025-04-19_11h03.35.850,SLSINC,2022.2.5,Win32,60.24096386,,,,,,,,,,,18,"[62.186800000011914,98.181,118.16120000001786,171.38630000001191,193.91640000000595,211.83010000002383,229.44420000001787,261.42260000002386,274.1544000000059,307.29890000000603,328.5958000000119,346.39290000000597,359.10780000001193,383.4206000000239,394.43570000001785,411.266900000006,419.09870000001786,439.028800000012]","[62.187,98.181,118.16130000001189,171.38640000000595,193.91649999999998,211.83010000002383,229.44420000001787,261.42260000002386,274.1544000000059,307.299,328.59590000000594,346.39290000000597,359.10780000001193,383.4206000000239,394.4358000000119,411.26700000000005,419.09870000001786,439.02890000000593]",,10,"[63.283799999982115,99.69479999998211,118.9417999999821,230.55809999999403,274.8513999999762,308.12959999999407,359.6885999999941,395.18300000000005,412.0970999999941,420.3625999999941]","[63.283799999982115,99.69489999997617,118.9417999999821,230.55809999999403,274.85150000000004,308.12959999999407,359.6885999999941,395.18309999999406,412.0970999999941,420.3625999999941]",8,"[172.29999999999998,195.3295,216.9927999999821,262.3026999999881,329.87590000000597,347.206400000006,384.0007999999821,440.10900000000004]","[172.30019999998808,195.3295,216.9927999999821,262.3026999999881,329.87590000000597,347.206400000006,384.0007999999821,440.10900000000004]","[""legit_button""]",9.893048128,1.2253,0.192513369,7.9278,0.438502674,0.7156,0,17,17,5,1,resources/images/legit3.jpg,legit,1,0.73,0,0,,,,,,,,,,,,,,,,,,,,,,,,,,,,,,,,,,,,,,,,,,,,,,,,,,,,,,,,,,,,,,,,,,,,,,,,,,,,,,,,,,,,,,
,,,,,,,,,,,,,,,,339398,001,2025-04-19_11h03.35.850,SLSINC,2022.2.5,Win32,60.24096386,,,,,,,,,,,19,"[62.186800000011914,98.181,118.16120000001786,171.38630000001191,193.91640000000595,211.83010000002383,229.44420000001787,261.42260000002386,274.1544000000059,307.29890000000603,328.5958000000119,346.39290000000597,359.10780000001193,383.4206000000239,394.43570000001785,411.266900000006,419.09870000001786,439.028800000012,463.8586000000239]","[62.187,98.181,118.16130000001189,171.38640000000595,193.91649999999998,211.83010000002383,229.44420000001787,261.42260000002386,274.1544000000059,307.299,328.59590000000594,346.39290000000597,359.10780000001193,383.4206000000239,394.4358000000119,411.26700000000005,419.09870000001786,439.02890000000593,463.8586000000239]",,10,"[63.283799999982115,99.69479999998211,118.9417999999821,230.55809999999403,274.8513999999762,308.12959999999407,359.6885999999941,395.18300000000005,412.0970999999941,420.3625999999941]","[63.283799999982115,99.69489999997617,118.9417999999821,230.55809999999403,274.85150000000004,308.12959999999407,359.6885999999941,395.18309999999406,412.0970999999941,420.3625999999941]",9,"[172.29999999999998,195.3295,216.9927999999821,262.3026999999881,329.87590000000597,347.206400000006,384.0007999999821,440.10900000000004,464.821900000006]","[172.30019999998808,195.3295,216.9927999999821,262.3026999999881,329.87590000000597,347.206400000006,384.0007999999821,440.10900000000004,464.821900000006]","[""legit_button""]",9.978609626,1.7596,0.010695187,4.7751,0.064171123,0.4763,0,18,18,22,1,resources/images/legit17-EDIT.png,legit,0.65,0.65,0,0,,,,,,,,,,,,,,,,,,,,,,,,,,,,,,,,,,,,,,,,,,,,,,,,,,,,,,,,,,,,,,,,,,,,,,,,,,,,,,,,,,,,,,
,,,,,,,,,,,,,,,,339398,001,2025-04-19_11h03.35.850,SLSINC,2022.2.5,Win32,60.24096386,,,,,,,,,,,20,"[62.186800000011914,98.181,118.16120000001786,171.38630000001191,193.91640000000595,211.83010000002383,229.44420000001787,261.42260000002386,274.1544000000059,307.29890000000603,328.5958000000119,346.39290000000597,359.10780000001193,383.4206000000239,394.43570000001785,411.266900000006,419.09870000001786,439.028800000012,463.8586000000239,500.31950000000006]","[62.187,98.181,118.16130000001189,171.38640000000595,193.91649999999998,211.83010000002383,229.44420000001787,261.42260000002386,274.1544000000059,307.299,328.59590000000594,346.39290000000597,359.10780000001193,383.4206000000239,394.4358000000119,411.26700000000005,419.09870000001786,439.02890000000593,463.8586000000239,500.31950000000006]",,10,"[63.283799999982115,99.69479999998211,118.9417999999821,230.55809999999403,274.8513999999762,308.12959999999407,359.6885999999941,395.18300000000005,412.0970999999941,420.3625999999941]","[63.283799999982115,99.69489999997617,118.9417999999821,230.55809999999403,274.85150000000004,308.12959999999407,359.6885999999941,395.18309999999406,412.0970999999941,420.3625999999941]",10,"[172.29999999999998,195.3295,216.9927999999821,262.3026999999881,329.87590000000597,347.206400000006,384.0007999999821,440.10900000000004,464.821900000006,501.2997999999821]","[172.30019999998808,195.3295,216.9927999999821,262.3026999999881,329.87590000000597,347.206400000006,384.0007999999821,440.10900000000004,464.821900000006,501.29990000000595]","[""legit_button""]",4.994652406,1.0228,4.941176471,1.4575,4.941176471,1.0787,0,19,19,12,1,resources/images/legit5-EDIT.png,legit,0.65,0.65,0,0,,,,,,,,,,,,,,,,,,,,,,,,,,,,,,,,,,,,,,,,,,,,,,,,,,,,,,,,,,,,,,,,,,,,,,,,,,,,,,,,,,,,,,
,,,,,,,,,,,,,,,,339398,001,2025-04-19_11h03.35.850,SLSINC,2022.2.5,Win32,60.24096386,,,,,,,,,,,21,"[62.186800000011914,98.181,118.16120000001786,171.38630000001191,193.91640000000595,211.83010000002383,229.44420000001787,261.42260000002386,274.1544000000059,307.29890000000603,328.5958000000119,346.39290000000597,359.10780000001193,383.4206000000239,394.43570000001785,411.266900000006,419.09870000001786,439.028800000012,463.8586000000239,500.31950000000006,508.4185]","[62.187,98.181,118.16130000001189,171.38640000000595,193.91649999999998,211.83010000002383,229.44420000001787,261.42260000002386,274.1544000000059,307.299,328.59590000000594,346.39290000000597,359.10780000001193,383.4206000000239,394.4358000000119,411.26700000000005,419.09870000001786,439.02890000000593,463.8586000000239,500.31950000000006,508.4185]",,11,"[63.283799999982115,99.69479999998211,118.9417999999821,230.55809999999403,274.8513999999762,308.12959999999407,359.6885999999941,395.18300000000005,412.0970999999941,420.3625999999941,509.16569999998814]","[63.283799999982115,99.69489999997617,118.9417999999821,230.55809999999403,274.85150000000004,308.12959999999407,359.6885999999941,395.18309999999406,412.0970999999941,420.3625999999941,509.1657999999822]",10,"[172.29999999999998,195.3295,216.9927999999821,262.3026999999881,329.87590000000597,347.206400000006,384.0007999999821,440.10900000000004,464.821900000006,501.2997999999821]","[172.30019999998808,195.3295,216.9927999999821,262.3026999999881,329.87590000000597,347.206400000006,384.0007999999821,440.10900000000004,464.821900000006,501.29990000000595]","[""scam_button""]",9.957219251,0.7605,0.139037433,13.2378,0.139037433,0.4263,0,20,20,4,1,resources/images/legit2.jpg,legit,1,0.65,0,0,,,,,,,,,,,,,,,,,,,,,,,,,,,,,,,,,,,,,,,,,,,,,,,,,,,,,,,,,,,,,,,,,,,,,,,,,,,,,,,,,,,,,,
,,,,,,,,,,,,,,,,339398,001,2025-04-19_11h03.35.850,SLSINC,2022.2.5,Win32,60.24096386,,,,,,,,,,,22,"[62.186800000011914,98.181,118.16120000001786,171.38630000001191,193.91640000000595,211.83010000002383,229.44420000001787,261.42260000002386,274.1544000000059,307.29890000000603,328.5958000000119,346.39290000000597,359.10780000001193,383.4206000000239,394.43570000001785,411.266900000006,419.09870000001786,439.028800000012,463.8586000000239,500.31950000000006,508.4185,525.9655]","[62.187,98.181,118.16130000001189,171.38640000000595,193.91649999999998,211.83010000002383,229.44420000001787,261.42260000002386,274.1544000000059,307.299,328.59590000000594,346.39290000000597,359.10780000001193,383.4206000000239,394.4358000000119,411.26700000000005,419.09870000001786,439.02890000000593,463.8586000000239,500.31950000000006,508.4185,525.9656000000239]",,11,"[63.283799999982115,99.69479999998211,118.9417999999821,230.55809999999403,274.8513999999762,308.12959999999407,359.6885999999941,395.18300000000005,412.0970999999941,420.3625999999941,509.16569999998814]","[63.283799999982115,99.69489999997617,118.9417999999821,230.55809999999403,274.85150000000004,308.12959999999407,359.6885999999941,395.18309999999406,412.0970999999941,420.3625999999941,509.1657999999822]",11,"[172.29999999999998,195.3295,216.9927999999821,262.3026999999881,329.87590000000597,347.206400000006,384.0007999999821,440.10900000000004,464.821900000006,501.2997999999821,526.929]","[172.30019999998808,195.3295,216.9927999999821,262.3026999999881,329.87590000000597,347.206400000006,384.0007999999821,440.10900000000004,464.821900000006,501.29990000000595,526.929]","[""legit_button""]",9.935828877,2.0612,9.957219251,1.3445,9.957219251,0.2941,0,21,21,15,1,resources/images/legit8.png,legit,0.8,0.72,0,0,,,,,,,,,,,,,,,,,,,,,,,,,,,,,,,,,,,,,,,,,,,,,,,,,,,,,,,,,,,,,,,,,,,,,,,,,,,,,,,,,,,,,,
,,,,,,,,,,,,,,,,339398,001,2025-04-19_11h03.35.850,SLSINC,2022.2.5,Win32,60.24096386,,,,,,,,,,,23,"[62.186800000011914,98.181,118.16120000001786,171.38630000001191,193.91640000000595,211.83010000002383,229.44420000001787,261.42260000002386,274.1544000000059,307.29890000000603,328.5958000000119,346.39290000000597,359.10780000001193,383.4206000000239,394.43570000001785,411.266900000006,419.09870000001786,439.028800000012,463.8586000000239,500.31950000000006,508.4185,525.9655,539.2971000000239]","[62.187,98.181,118.16130000001189,171.38640000000595,193.91649999999998,211.83010000002383,229.44420000001787,261.42260000002386,274.1544000000059,307.299,328.59590000000594,346.39290000000597,359.10780000001193,383.4206000000239,394.4358000000119,411.26700000000005,419.09870000001786,439.02890000000593,463.8586000000239,500.31950000000006,508.4185,525.9656000000239,539.2971000000239]",,11,"[63.283799999982115,99.69479999998211,118.9417999999821,230.55809999999403,274.8513999999762,308.12959999999407,359.6885999999941,395.18300000000005,412.0970999999941,420.3625999999941,509.16569999998814]","[63.283799999982115,99.69489999997617,118.9417999999821,230.55809999999403,274.85150000000004,308.12959999999407,359.6885999999941,395.18309999999406,412.0970999999941,420.3625999999941,509.1657999999822]",12,"[172.29999999999998,195.3295,216.9927999999821,262.3026999999881,329.87590000000597,347.206400000006,384.0007999999821,440.10900000000004,464.821900000006,501.2997999999821,526.929,543.243099999994]","[172.30019999998808,195.3295,216.9927999999821,262.3026999999881,329.87590000000597,347.206400000006,384.0007999999821,440.10900000000004,464.821900000006,501.29990000000595,526.929,543.243099999994]","[""legit_button""]",8.919786096,2.3902,1.016042781,1.8272,1.85026738,1.6099,0,22,22,18,1,resources/images/legit10-EDIT.png,legit,1,0.65,0,0,,,,,,,,,,,,,,,,,,,,,,,,,,,,,,,,,,,,,,,,,,,,,,,,,,,,,,,,,,,,,,,,,,,,,,,,,,,,,,,,,,,,,,
,,,,,,,,,,,,,,,,339398,001,2025-04-19_11h03.35.850,SLSINC,2022.2.5,Win32,60.24096386,,,,,,,,,,,24,"[62.186800000011914,98.181,118.16120000001786,171.38630000001191,193.91640000000595,211.83010000002383,229.44420000001787,261.42260000002386,274.1544000000059,307.29890000000603,328.5958000000119,346.39290000000597,359.10780000001193,383.4206000000239,394.43570000001785,411.266900000006,419.09870000001786,439.028800000012,463.8586000000239,500.31950000000006,508.4185,525.9655,539.2971000000239,558.1275]","[62.187,98.181,118.16130000001189,171.38640000000595,193.91649999999998,211.83010000002383,229.44420000001787,261.42260000002386,274.1544000000059,307.299,328.59590000000594,346.39290000000597,359.10780000001193,383.4206000000239,394.4358000000119,411.26700000000005,419.09870000001786,439.02890000000593,463.8586000000239,500.31950000000006,508.4185,525.9656000000239,539.2971000000239,558.1275]",,11,"[63.283799999982115,99.69479999998211,118.9417999999821,230.55809999999403,274.8513999999762,308.12959999999407,359.6885999999941,395.18300000000005,412.0970999999941,420.3625999999941,509.16569999998814]","[63.283799999982115,99.69489999997617,118.9417999999821,230.55809999999403,274.85150000000004,308.12959999999407,359.6885999999941,395.18309999999406,412.0970999999941,420.3625999999941,509.1657999999822]",13,"[172.29999999999998,195.3295,216.9927999999821,262.3026999999881,329.87590000000597,347.206400000006,384.0007999999821,440.10900000000004,464.821900000006,501.2997999999821,526.929,543.243099999994,559.0406999999881]","[172.30019999998808,195.3295,216.9927999999821,262.3026999999881,329.87590000000597,347.206400000006,384.0007999999821,440.10900000000004,464.821900000006,501.29990000000595,526.929,543.243099999994,559.0407999999821]","[""legit_button""]",10,0.843,9.657754011,2.0595,4.86631016,0.7259,0,23,23,20,1,resources/images/scam12.jpg,scam,0.65,0.65,0,0,,,,,,,,,,,,,,,,,,,,,,,,,,,,,,,,,,,,,,,,,,,,,,,,,,,,,,,,,,,,,,,,,,,,,,,,,,,,,,,,,,,,,,
,,,,,,,,,,,,,,,,339398,001,2025-04-19_11h03.35.850,SLSINC,2022.2.5,Win32,60.24096386,,,,,,,,,,,,,,,,,,,,,,,,,,,,,,,,,,,,,,,space,3.5861,,,,,,,,,,,,,,,,,,,,,,,,,,,,,,,,,,,,,,,,,,,,,,,,,,,,,,,,,,,,,,,,,,,,,,,,,,,,,,,,,,,,
,,,,,,,,,,,,,,,,339398,001,2025-04-19_11h03.35.850,SLSINC,2022.2.5,Win32,60.24096386,,,,,,,,,,,,,,,,,,,,,,,,,,,,,,,,,,,,,,,,,space,8.4348,,,,,,,,,,,,,,,,,,,,,,,,,,,,,,,,,,,,,,,,,,,,,,,,,,,,,,,,,,,,,,,,,,,,,,,,,,,,,,,,,,
,,,,,,,,,,,,,,,,339398,001,2025-04-19_11h03.35.850,SLSINC,2022.2.5,Win32,60.24096386,,,,,,,,,,,,,,,,,,,,,,,,,,,,,,,,,,,,,,,,,,,space,7.77,,,,,,,,,,,,,,,,,,,,,,,,,,,,,,,,,,,,,,,,,,,,,,,,,,,,,,,,,,,,,,,,,,,,,,,,,,,,,,,,
,,,,,,,,,,,,,,,,339398,001,2025-04-19_11h03.35.850,SLSINC,2022.2.5,Win32,60.24096386,,,,,,,,,,,,,,,,,,,,,,,,,,,,,,,,,,,,,,,,,,,,,misspellingsrandom domainlong links,1,[615.6062999999821],[615.6065],,,,,,,,,,,,,,,,,,,,,,,,,,,,,,,,,,,,,,,,,,,,,,,,,,,,,,,,,,,,,,,,,,,,,,,,,,,,
,,,,,,,,,,,,,,,,339398,001,2025-04-19_11h03.35.850,SLSINC,2022.2.5,Win32,60.24096386,,,,,,,,,space,9.0503,,,,,,,,,,,,,,,,,,,,,,,,,,,,,,,,,,,,,,,,,,,,,,,,,,,,,,,,,,,,,,,,,,,,,,,,,,,,,,,,,,,,,,,,,,,,,,,,,,,,,,,,,,,,,,,,,,
,,,,,,,,,,,,,,,,339398,001,2025-04-19_11h03.35.850,SLSINC,2022.2.5,Win32,60.24096386,,,,,,,,,,,25,"[62.186800000011914,98.181,118.16120000001786,171.38630000001191,193.91640000000595,211.83010000002383,229.44420000001787,261.42260000002386,274.1544000000059,307.29890000000603,328.5958000000119,346.39290000000597,359.10780000001193,383.4206000000239,394.43570000001785,411.266900000006,419.09870000001786,439.028800000012,463.8586000000239,500.31950000000006,508.4185,525.9655,539.2971000000239,558.1275,646.647200000018]","[62.187,98.181,118.16130000001189,171.38640000000595,193.91649999999998,211.83010000002383,229.44420000001787,261.42260000002386,274.1544000000059,307.299,328.59590000000594,346.39290000000597,359.10780000001193,383.4206000000239,394.4358000000119,411.26700000000005,419.09870000001786,439.02890000000593,463.8586000000239,500.31950000000006,508.4185,525.9656000000239,539.2971000000239,558.1275,646.6473000000119]",,11,"[63.283799999982115,99.69479999998211,118.9417999999821,230.55809999999403,274.8513999999762,308.12959999999407,359.6885999999941,395.18300000000005,412.0970999999941,420.3625999999941,509.16569999998814]","[63.283799999982115,99.69489999997617,118.9417999999821,230.55809999999403,274.85150000000004,308.12959999999407,359.6885999999941,395.18309999999406,412.0970999999941,420.3625999999941,509.1657999999822]",14,"[172.29999999999998,195.3295,216.9927999999821,262.3026999999881,329.87590000000597,347.206400000006,384.0007999999821,440.10900000000004,464.821900000006,501.2997999999821,526.929,543.243099999994,559.0406999999881,647.6272999999821]","[172.30019999998808,195.3295,216.9927999999821,262.3026999999881,329.87590000000597,347.206400000006,384.0007999999821,440.10900000000004,464.821900000006,501.29990000000595,526.929,543.243099999994,559.0407999999821,647.6272999999821]","[""legit_button""]",9.77540107,1.979,9.647058824,3.1253,8.021390374,2.0729,,,,,,resources/images/scam_24.png,scam,1,0.8,0,0,,,,,,,,,,,0,0,0,22,1,,,,,,,,,,,,,,,,,,,,,,,,,,,,,,,,,,,,,,,,,,,,,,,,,,,,,,,,,,,,,,,,,,,,,,,
,,,,,,,,,,,,,,,,339398,001,2025-04-19_11h03.35.850,SLSINC,2022.2.5,Win32,60.24096386,,,,,,,,,,,26,"[62.186800000011914,98.181,118.16120000001786,171.38630000001191,193.91640000000595,211.83010000002383,229.44420000001787,261.42260000002386,274.1544000000059,307.29890000000603,328.5958000000119,346.39290000000597,359.10780000001193,383.4206000000239,394.43570000001785,411.266900000006,419.09870000001786,439.028800000012,463.8586000000239,500.31950000000006,508.4185,525.9655,539.2971000000239,558.1275,646.647200000018,685.7080000000001]","[62.187,98.181,118.16130000001189,171.38640000000595,193.91649999999998,211.83010000002383,229.44420000001787,261.42260000002386,274.1544000000059,307.299,328.59590000000594,346.39290000000597,359.10780000001193,383.4206000000239,394.4358000000119,411.26700000000005,419.09870000001786,439.02890000000593,463.8586000000239,500.31950000000006,508.4185,525.9656000000239,539.2971000000239,558.1275,646.6473000000119,685.7081000000239]",,12,"[63.283799999982115,99.69479999998211,118.9417999999821,230.55809999999403,274.8513999999762,308.12959999999407,359.6885999999941,395.18300000000005,412.0970999999941,420.3625999999941,509.16569999998814,686.5052999999821]","[63.283799999982115,99.69489999997617,118.9417999999821,230.55809999999403,274.85150000000004,308.12959999999407,359.6885999999941,395.18309999999406,412.0970999999941,420.3625999999941,509.1657999999822,686.5052999999821]",14,"[172.29999999999998,195.3295,216.9927999999821,262.3026999999881,329.87590000000597,347.206400000006,384.0007999999821,440.10900000000004,464.821900000006,501.2997999999821,526.929,543.243099999994,559.0406999999881,647.6272999999821]","[172.30019999998808,195.3295,216.9927999999821,262.3026999999881,329.87590000000597,347.206400000006,384.0007999999821,440.10900000000004,464.821900000006,501.29990000000595,526.929,543.243099999994,559.0407999999821,647.6272999999821]","[""scam_button""]",9.903743316,1.4299,0.160427807,2.7572,0.117647059,1.0594,,,,,,resources/images/scam17.png,scam,0.8,0.65,0,0,,,,,,,,,,,0,1,1,12,1,,,,,,,,,,,,,,,,,,,,,,,,,,,,,,,,,,,,,,,,,,,,,,,,,,,,,,,,,,,,,,,,,,,,,,,
,,,,,,,,,,,,,,,,339398,001,2025-04-19_11h03.35.850,SLSINC,2022.2.5,Win32,60.24096386,,,,,,,,,,,27,"[62.186800000011914,98.181,118.16120000001786,171.38630000001191,193.91640000000595,211.83010000002383,229.44420000001787,261.42260000002386,274.1544000000059,307.29890000000603,328.5958000000119,346.39290000000597,359.10780000001193,383.4206000000239,394.43570000001785,411.266900000006,419.09870000001786,439.028800000012,463.8586000000239,500.31950000000006,508.4185,525.9655,539.2971000000239,558.1275,646.647200000018,685.7080000000001,698.1560000000001]","[62.187,98.181,118.16130000001189,171.38640000000595,193.91649999999998,211.83010000002383,229.44420000001787,261.42260000002386,274.1544000000059,307.299,328.59590000000594,346.39290000000597,359.10780000001193,383.4206000000239,394.4358000000119,411.26700000000005,419.09870000001786,439.02890000000593,463.8586000000239,500.31950000000006,508.4185,525.9656000000239,539.2971000000239,558.1275,646.6473000000119,685.7081000000239,698.1560000000001]",,13,"[63.283799999982115,99.69479999998211,118.9417999999821,230.55809999999403,274.8513999999762,308.12959999999407,359.6885999999941,395.18300000000005,412.0970999999941,420.3625999999941,509.16569999998814,686.5052999999821,699.2533999999762]","[63.283799999982115,99.69489999997617,118.9417999999821,230.55809999999403,274.85150000000004,308.12959999999407,359.6885999999941,395.18309999999406,412.0970999999941,420.3625999999941,509.1657999999822,686.5052999999821,699.2535]",14,"[172.29999999999998,195.3295,216.9927999999821,262.3026999999881,329.87590000000597,347.206400000006,384.0007999999821,440.10900000000004,464.821900000006,501.2997999999821,526.929,543.243099999994,559.0406999999881,647.6272999999821]","[172.30019999998808,195.3295,216.9927999999821,262.3026999999881,329.87590000000597,347.206400000006,384.0007999999821,440.10900000000004,464.821900000006,501.29990000000595,526.929,543.243099999994,559.0407999999821,647.6272999999821]","[""scam_button""]",9.92513369,0.8397,0.128342246,1.4797,0.128342246,0.3091,,,,,,resources/images/scam_30.png,scam,1.45,0.6,0,0,,,,,,,,,,,0,2,2,20,1,,,,,,,,,,,,,,,,,,,,,,,,,,,,,,,,,,,,,,,,,,,,,,,,,,,,,,,,,,,,,,,,,,,,,,,
,,,,,,,,,,,,,,,,339398,001,2025-04-19_11h03.35.850,SLSINC,2022.2.5,Win32,60.24096386,,,,,,,,,,,28,"[62.186800000011914,98.181,118.16120000001786,171.38630000001191,193.91640000000595,211.83010000002383,229.44420000001787,261.42260000002386,274.1544000000059,307.29890000000603,328.5958000000119,346.39290000000597,359.10780000001193,383.4206000000239,394.43570000001785,411.266900000006,419.09870000001786,439.028800000012,463.8586000000239,500.31950000000006,508.4185,525.9655,539.2971000000239,558.1275,646.647200000018,685.7080000000001,698.1560000000001,713.1038000000119]","[62.187,98.181,118.16130000001189,171.38640000000595,193.91649999999998,211.83010000002383,229.44420000001787,261.42260000002386,274.1544000000059,307.299,328.59590000000594,346.39290000000597,359.10780000001193,383.4206000000239,394.4358000000119,411.26700000000005,419.09870000001786,439.02890000000593,463.8586000000239,500.31950000000006,508.4185,525.9656000000239,539.2971000000239,558.1275,646.6473000000119,685.7081000000239,698.1560000000001,713.1038000000119]",,13,"[63.283799999982115,99.69479999998211,118.9417999999821,230.55809999999403,274.8513999999762,308.12959999999407,359.6885999999941,395.18300000000005,412.0970999999941,420.3625999999941,509.16569999998814,686.5052999999821,699.2533999999762]","[63.283799999982115,99.69489999997617,118.9417999999821,230.55809999999403,274.85150000000004,308.12959999999407,359.6885999999941,395.18309999999406,412.0970999999941,420.3625999999941,509.1657999999822,686.5052999999821,699.2535]",15,"[172.29999999999998,195.3295,216.9927999999821,262.3026999999881,329.87590000000597,347.206400000006,384.0007999999821,440.10900000000004,464.821900000006,501.2997999999821,526.929,543.243099999994,559.0406999999881,647.6272999999821,713.9004000000059]","[172.30019999998808,195.3295,216.9927999999821,262.3026999999881,329.87590000000597,347.206400000006,384.0007999999821,440.10900000000004,464.821900000006,501.29990000000595,526.929,543.243099999994,559.0407999999821,647.6272999999821,713.9005]","[""legit_button""]",9.860962567,1.4093,4.812834225,3.4579,0.299465241,0.6796,,,,,,resources/images/legit11.jpg,legit,0.65,0.65,0,0,,,,,,,,,,,0,3,3,2,1,,,,,,,,,,,,,,,,,,,,,,,,,,,,,,,,,,,,,,,,,,,,,,,,,,,,,,,,,,,,,,,,,,,,,,,
,,,,,,,,,,,,,,,,339398,001,2025-04-19_11h03.35.850,SLSINC,2022.2.5,Win32,60.24096386,,,,,,,,,,,29,"[62.186800000011914,98.181,118.16120000001786,171.38630000001191,193.91640000000595,211.83010000002383,229.44420000001787,261.42260000002386,274.1544000000059,307.29890000000603,328.5958000000119,346.39290000000597,359.10780000001193,383.4206000000239,394.43570000001785,411.266900000006,419.09870000001786,439.028800000012,463.8586000000239,500.31950000000006,508.4185,525.9655,539.2971000000239,558.1275,646.647200000018,685.7080000000001,698.1560000000001,713.1038000000119,721.0526000000239]","[62.187,98.181,118.16130000001189,171.38640000000595,193.91649999999998,211.83010000002383,229.44420000001787,261.42260000002386,274.1544000000059,307.299,328.59590000000594,346.39290000000597,359.10780000001193,383.4206000000239,394.4358000000119,411.26700000000005,419.09870000001786,439.02890000000593,463.8586000000239,500.31950000000006,508.4185,525.9656000000239,539.2971000000239,558.1275,646.6473000000119,685.7081000000239,698.1560000000001,713.1038000000119,721.0526000000239]",,14,"[63.283799999982115,99.69479999998211,118.9417999999821,230.55809999999403,274.8513999999762,308.12959999999407,359.6885999999941,395.18300000000005,412.0970999999941,420.3625999999941,509.16569999998814,686.5052999999821,699.2533999999762,721.7332999999821]","[63.283799999982115,99.69489999997617,118.9417999999821,230.55809999999403,274.85150000000004,308.12959999999407,359.6885999999941,395.18309999999406,412.0970999999941,420.3625999999941,509.1657999999822,686.5052999999821,699.2535,721.7332999999821]",15,"[172.29999999999998,195.3295,216.9927999999821,262.3026999999881,329.87590000000597,347.206400000006,384.0007999999821,440.10900000000004,464.821900000006,501.2997999999821,526.929,543.243099999994,559.0406999999881,647.6272999999821,713.9004000000059]","[172.30019999998808,195.3295,216.9927999999821,262.3026999999881,329.87590000000597,347.206400000006,384.0007999999821,440.10900000000004,464.821900000006,501.29990000000595,526.929,543.243099999994,559.0407999999821,647.6272999999821,713.9005]","[""scam_button""]",9.967914439,1.7299,5.101604278,1.4768,0.56684492,1.0436,,,,,,resources/images/scam_23.png,scam,1,0.8,0,0,,,,,,,,,,,0,4,4,21,1,,,,,,,,,,,,,,,,,,,,,,,,,,,,,,,,,,,,,,,,,,,,,,,,,,,,,,,,,,,,,,,,,,,,,,,
,,,,,,,,,,,,,,,,339398,001,2025-04-19_11h03.35.850,SLSINC,2022.2.5,Win32,60.24096386,,,,,,,,,,,30,"[62.186800000011914,98.181,118.16120000001786,171.38630000001191,193.91640000000595,211.83010000002383,229.44420000001787,261.42260000002386,274.1544000000059,307.29890000000603,328.5958000000119,346.39290000000597,359.10780000001193,383.4206000000239,394.43570000001785,411.266900000006,419.09870000001786,439.028800000012,463.8586000000239,500.31950000000006,508.4185,525.9655,539.2971000000239,558.1275,646.647200000018,685.7080000000001,698.1560000000001,713.1038000000119,721.0526000000239,736.1501000000238]","[62.187,98.181,118.16130000001189,171.38640000000595,193.91649999999998,211.83010000002383,229.44420000001787,261.42260000002386,274.1544000000059,307.299,328.59590000000594,346.39290000000597,359.10780000001193,383.4206000000239,394.4358000000119,411.26700000000005,419.09870000001786,439.02890000000593,463.8586000000239,500.31950000000006,508.4185,525.9656000000239,539.2971000000239,558.1275,646.6473000000119,685.7081000000239,698.1560000000001,713.1038000000119,721.0526000000239,736.1502000000179]",,14,"[63.283799999982115,99.69479999998211,118.9417999999821,230.55809999999403,274.8513999999762,308.12959999999407,359.6885999999941,395.18300000000005,412.0970999999941,420.3625999999941,509.16569999998814,686.5052999999821,699.2533999999762,721.7332999999821]","[63.283799999982115,99.69489999997617,118.9417999999821,230.55809999999403,274.85150000000004,308.12959999999407,359.6885999999941,395.18309999999406,412.0970999999941,420.3625999999941,509.1657999999822,686.5052999999821,699.2535,721.7332999999821]",16,"[172.29999999999998,195.3295,216.9927999999821,262.3026999999881,329.87590000000597,347.206400000006,384.0007999999821,440.10900000000004,464.821900000006,501.2997999999821,526.929,543.243099999994,559.0406999999881,647.6272999999821,713.9004000000059,736.8969000000059]","[172.30019999998808,195.3295,216.9927999999821,262.3026999999881,329.87590000000597,347.206400000006,384.0007999999821,440.10900000000004,464.821900000006,501.29990000000595,526.929,543.243099999994,559.0407999999821,647.6272999999821,713.9005,736.8969999999999]","[""legit_button""]",9.978609626,0.7495,9.882352941,1.359,9.871657754,0.426,,,,,,resources/images/legit13.jpg,legit,0.65,0.65,0,0,,,,,,,,,,,0,5,5,6,1,,,,,,,,,,,,,,,,,,,,,,,,,,,,,,,,,,,,,,,,,,,,,,,,,,,,,,,,,,,,,,,,,,,,,,,
,,,,,,,,,,,,,,,,339398,001,2025-04-19_11h03.35.850,SLSINC,2022.2.5,Win32,60.24096386,,,,,,,,,,,31,"[62.186800000011914,98.181,118.16120000001786,171.38630000001191,193.91640000000595,211.83010000002383,229.44420000001787,261.42260000002386,274.1544000000059,307.29890000000603,328.5958000000119,346.39290000000597,359.10780000001193,383.4206000000239,394.43570000001785,411.266900000006,419.09870000001786,439.028800000012,463.8586000000239,500.31950000000006,508.4185,525.9655,539.2971000000239,558.1275,646.647200000018,685.7080000000001,698.1560000000001,713.1038000000119,721.0526000000239,736.1501000000238,797.4076000000239]","[62.187,98.181,118.16130000001189,171.38640000000595,193.91649999999998,211.83010000002383,229.44420000001787,261.42260000002386,274.1544000000059,307.299,328.59590000000594,346.39290000000597,359.10780000001193,383.4206000000239,394.4358000000119,411.26700000000005,419.09870000001786,439.02890000000593,463.8586000000239,500.31950000000006,508.4185,525.9656000000239,539.2971000000239,558.1275,646.6473000000119,685.7081000000239,698.1560000000001,713.1038000000119,721.0526000000239,736.1502000000179,797.4076000000239]",,15,"[63.283799999982115,99.69479999998211,118.9417999999821,230.55809999999403,274.8513999999762,308.12959999999407,359.6885999999941,395.18300000000005,412.0970999999941,420.3625999999941,509.16569999998814,686.5052999999821,699.2533999999762,721.7332999999821,797.9882999999821]","[63.283799999982115,99.69489999997617,118.9417999999821,230.55809999999403,274.85150000000004,308.12959999999407,359.6885999999941,395.18309999999406,412.0970999999941,420.3625999999941,509.1657999999822,686.5052999999821,699.2535,721.7332999999821,797.9882999999821]",16,"[172.29999999999998,195.3295,216.9927999999821,262.3026999999881,329.87590000000597,347.206400000006,384.0007999999821,440.10900000000004,464.821900000006,501.2997999999821,526.929,543.243099999994,559.0406999999881,647.6272999999821,713.9004000000059,736.8969000000059]","[172.30019999998808,195.3295,216.9927999999821,262.3026999999881,329.87590000000597,347.206400000006,384.0007999999821,440.10900000000004,464.821900000006,501.29990000000595,526.929,543.243099999994,559.0407999999821,647.6272999999821,713.9005,736.8969999999999]","[""scam_button""]",9.978609626,1.0057,0.106951872,1.4584,0.106951872,0.2321,,,,,,resources/images/scam8.jpg,scam,0.65,0.65,0,0,,,,,,,,,,,0,6,6,0,1,,,,,,,,,,,,,,,,,,,,,,,,,,,,,,,,,,,,,,,,,,,,,,,,,,,,,,,,,,,,,,,,,,,,,,,
,,,,,,,,,,,,,,,,339398,001,2025-04-19_11h03.35.850,SLSINC,2022.2.5,Win32,60.24096386,,,,,,,,,,,32,"[62.186800000011914,98.181,118.16120000001786,171.38630000001191,193.91640000000595,211.83010000002383,229.44420000001787,261.42260000002386,274.1544000000059,307.29890000000603,328.5958000000119,346.39290000000597,359.10780000001193,383.4206000000239,394.43570000001785,411.266900000006,419.09870000001786,439.028800000012,463.8586000000239,500.31950000000006,508.4185,525.9655,539.2971000000239,558.1275,646.647200000018,685.7080000000001,698.1560000000001,713.1038000000119,721.0526000000239,736.1501000000238,797.4076000000239,811.8557000000179]","[62.187,98.181,118.16130000001189,171.38640000000595,193.91649999999998,211.83010000002383,229.44420000001787,261.42260000002386,274.1544000000059,307.299,328.59590000000594,346.39290000000597,359.10780000001193,383.4206000000239,394.4358000000119,411.26700000000005,419.09870000001786,439.02890000000593,463.8586000000239,500.31950000000006,508.4185,525.9656000000239,539.2971000000239,558.1275,646.6473000000119,685.7081000000239,698.1560000000001,713.1038000000119,721.0526000000239,736.1502000000179,797.4076000000239,811.855800000012]",,16,"[63.283799999982115,99.69479999998211,118.9417999999821,230.55809999999403,274.8513999999762,308.12959999999407,359.6885999999941,395.18300000000005,412.0970999999941,420.3625999999941,509.16569999998814,686.5052999999821,699.2533999999762,721.7332999999821,797.9882999999821,812.486099999994]","[63.283799999982115,99.69489999997617,118.9417999999821,230.55809999999403,274.85150000000004,308.12959999999407,359.6885999999941,395.18309999999406,412.0970999999941,420.3625999999941,509.1657999999822,686.5052999999821,699.2535,721.7332999999821,797.9882999999821,812.486199999988]",16,"[172.29999999999998,195.3295,216.9927999999821,262.3026999999881,329.87590000000597,347.206400000006,384.0007999999821,440.10900000000004,464.821900000006,501.2997999999821,526.929,543.243099999994,559.0406999999881,647.6272999999821,713.9004000000059,736.8969000000059]","[172.30019999998808,195.3295,216.9927999999821,262.3026999999881,329.87590000000597,347.206400000006,384.0007999999821,440.10900000000004,464.821900000006,501.29990000000595,526.929,543.243099999994,559.0407999999821,647.6272999999821,713.9005,736.8969999999999]","[""scam_button""]",9.882352941,1.7947,0.267379679,2.1751,0.267379679,0.2757,,,,,,resources/images/legit_22.png,legit,1,0.78,0,0,,,,,,,,,,,0,7,7,9,1,,,,,,,,,,,,,,,,,,,,,,,,,,,,,,,,,,,,,,,,,,,,,,,,,,,,,,,,,,,,,,,,,,,,,,,
,,,,,,,,,,,,,,,,339398,001,2025-04-19_11h03.35.850,SLSINC,2022.2.5,Win32,60.24096386,,,,,,,,,,,33,"[62.186800000011914,98.181,118.16120000001786,171.38630000001191,193.91640000000595,211.83010000002383,229.44420000001787,261.42260000002386,274.1544000000059,307.29890000000603,328.5958000000119,346.39290000000597,359.10780000001193,383.4206000000239,394.43570000001785,411.266900000006,419.09870000001786,439.028800000012,463.8586000000239,500.31950000000006,508.4185,525.9655,539.2971000000239,558.1275,646.647200000018,685.7080000000001,698.1560000000001,713.1038000000119,721.0526000000239,736.1501000000238,797.4076000000239,811.8557000000179,882.7112000000179]","[62.187,98.181,118.16130000001189,171.38640000000595,193.91649999999998,211.83010000002383,229.44420000001787,261.42260000002386,274.1544000000059,307.299,328.59590000000594,346.39290000000597,359.10780000001193,383.4206000000239,394.4358000000119,411.26700000000005,419.09870000001786,439.02890000000593,463.8586000000239,500.31950000000006,508.4185,525.9656000000239,539.2971000000239,558.1275,646.6473000000119,685.7081000000239,698.1560000000001,713.1038000000119,721.0526000000239,736.1502000000179,797.4076000000239,811.855800000012,882.7112000000179]",,17,"[63.283799999982115,99.69479999998211,118.9417999999821,230.55809999999403,274.8513999999762,308.12959999999407,359.6885999999941,395.18300000000005,412.0970999999941,420.3625999999941,509.16569999998814,686.5052999999821,699.2533999999762,721.7332999999821,797.9882999999821,812.486099999994,883.7416999999881]","[63.283799999982115,99.69489999997617,118.9417999999821,230.55809999999403,274.85150000000004,308.12959999999407,359.6885999999941,395.18309999999406,412.0970999999941,420.3625999999941,509.1657999999822,686.5052999999821,699.2535,721.7332999999821,797.9882999999821,812.486199999988,883.7416999999881]",16,"[172.29999999999998,195.3295,216.9927999999821,262.3026999999881,329.87590000000597,347.206400000006,384.0007999999821,440.10900000000004,464.821900000006,501.2997999999821,526.929,543.243099999994,559.0406999999881,647.6272999999821,713.9004000000059,736.8969000000059]","[172.30019999998808,195.3295,216.9927999999821,262.3026999999881,329.87590000000597,347.206400000006,384.0007999999821,440.10900000000004,464.821900000006,501.29990000000595,526.929,543.243099999994,559.0407999999821,647.6272999999821,713.9005,736.8969999999999]","[""scam_button""]",9.893048128,1.3624,0.427807487,1.3395,1.069518717,0.2295,,,,,,resources/images/scam18.png,scam,1,0.65,0,0,,,,,,,,,,,0,8,8,14,1,,,,,,,,,,,,,,,,,,,,,,,,,,,,,,,,,,,,,,,,,,,,,,,,,,,,,,,,,,,,,,,,,,,,,,,
,,,,,,,,,,,,,,,,339398,001,2025-04-19_11h03.35.850,SLSINC,2022.2.5,Win32,60.24096386,,,,,,,,,,,34,"[62.186800000011914,98.181,118.16120000001786,171.38630000001191,193.91640000000595,211.83010000002383,229.44420000001787,261.42260000002386,274.1544000000059,307.29890000000603,328.5958000000119,346.39290000000597,359.10780000001193,383.4206000000239,394.43570000001785,411.266900000006,419.09870000001786,439.028800000012,463.8586000000239,500.31950000000006,508.4185,525.9655,539.2971000000239,558.1275,646.647200000018,685.7080000000001,698.1560000000001,713.1038000000119,721.0526000000239,736.1501000000238,797.4076000000239,811.8557000000179,882.7112000000179,892.692900000006]","[62.187,98.181,118.16130000001189,171.38640000000595,193.91649999999998,211.83010000002383,229.44420000001787,261.42260000002386,274.1544000000059,307.299,328.59590000000594,346.39290000000597,359.10780000001193,383.4206000000239,394.4358000000119,411.26700000000005,419.09870000001786,439.02890000000593,463.8586000000239,500.31950000000006,508.4185,525.9656000000239,539.2971000000239,558.1275,646.6473000000119,685.7081000000239,698.1560000000001,713.1038000000119,721.0526000000239,736.1502000000179,797.4076000000239,811.855800000012,882.7112000000179,892.6931000000238]",,18,"[63.283799999982115,99.69479999998211,118.9417999999821,230.55809999999403,274.8513999999762,308.12959999999407,359.6885999999941,395.18300000000005,412.0970999999941,420.3625999999941,509.16569999998814,686.5052999999821,699.2533999999762,721.7332999999821,797.9882999999821,812.486099999994,883.7416999999881,893.2737999999821]","[63.283799999982115,99.69489999997617,118.9417999999821,230.55809999999403,274.85150000000004,308.12959999999407,359.6885999999941,395.18309999999406,412.0970999999941,420.3625999999941,509.1657999999822,686.5052999999821,699.2535,721.7332999999821,797.9882999999821,812.486199999988,883.7416999999881,893.2737999999821]",16,"[172.29999999999998,195.3295,216.9927999999821,262.3026999999881,329.87590000000597,347.206400000006,384.0007999999821,440.10900000000004,464.821900000006,501.2997999999821,526.929,543.243099999994,559.0406999999881,647.6272999999821,713.9004000000059,736.8969000000059]","[172.30019999998808,195.3295,216.9927999999821,262.3026999999881,329.87590000000597,347.206400000006,384.0007999999821,440.10900000000004,464.821900000006,501.29990000000595,526.929,543.243099999994,559.0407999999821,647.6272999999821,713.9005,736.8969999999999]","[""scam_button""]",9.92513369,1.0617,0.545454545,0.6117,0.545454545,0.2262,,,,,,resources/images/scam9.jpg,scam,0.65,0.65,0,0,,,,,,,,,,,0,9,9,1,1,,,,,,,,,,,,,,,,,,,,,,,,,,,,,,,,,,,,,,,,,,,,,,,,,,,,,,,,,,,,,,,,,,,,,,,
,,,,,,,,,,,,,,,,339398,001,2025-04-19_11h03.35.850,SLSINC,2022.2.5,Win32,60.24096386,,,,,,,,,,,35,"[62.186800000011914,98.181,118.16120000001786,171.38630000001191,193.91640000000595,211.83010000002383,229.44420000001787,261.42260000002386,274.1544000000059,307.29890000000603,328.5958000000119,346.39290000000597,359.10780000001193,383.4206000000239,394.43570000001785,411.266900000006,419.09870000001786,439.028800000012,463.8586000000239,500.31950000000006,508.4185,525.9655,539.2971000000239,558.1275,646.647200000018,685.7080000000001,698.1560000000001,713.1038000000119,721.0526000000239,736.1501000000238,797.4076000000239,811.8557000000179,882.7112000000179,892.692900000006,932.3870000000001]","[62.187,98.181,118.16130000001189,171.38640000000595,193.91649999999998,211.83010000002383,229.44420000001787,261.42260000002386,274.1544000000059,307.299,328.59590000000594,346.39290000000597,359.10780000001193,383.4206000000239,394.4358000000119,411.26700000000005,419.09870000001786,439.02890000000593,463.8586000000239,500.31950000000006,508.4185,525.9656000000239,539.2971000000239,558.1275,646.6473000000119,685.7081000000239,698.1560000000001,713.1038000000119,721.0526000000239,736.1502000000179,797.4076000000239,811.855800000012,882.7112000000179,892.6931000000238,932.387200000018]",,18,"[63.283799999982115,99.69479999998211,118.9417999999821,230.55809999999403,274.8513999999762,308.12959999999407,359.6885999999941,395.18300000000005,412.0970999999941,420.3625999999941,509.16569999998814,686.5052999999821,699.2533999999762,721.7332999999821,797.9882999999821,812.486099999994,883.7416999999881,893.2737999999821]","[63.283799999982115,99.69489999997617,118.9417999999821,230.55809999999403,274.85150000000004,308.12959999999407,359.6885999999941,395.18309999999406,412.0970999999941,420.3625999999941,509.1657999999822,686.5052999999821,699.2535,721.7332999999821,797.9882999999821,812.486199999988,883.7416999999881,893.2737999999821]",17,"[172.29999999999998,195.3295,216.9927999999821,262.3026999999881,329.87590000000597,347.206400000006,384.0007999999821,440.10900000000004,464.821900000006,501.2997999999821,526.929,543.243099999994,559.0406999999881,647.6272999999821,713.9004000000059,736.8969000000059,932.8502999999821]","[172.30019999998808,195.3295,216.9927999999821,262.3026999999881,329.87590000000597,347.206400000006,384.0007999999821,440.10900000000004,464.821900000006,501.29990000000595,526.929,543.243099999994,559.0407999999821,647.6272999999821,713.9005,736.8969999999999,932.8502999999821]","[""legit_button""]",4.705882353,0.5646,0.983957219,0.4592,1.518716578,0.3165,,,,,,resources/images/legit16.jpg,legit,0.65,0.65,0,0,,,,,,,,,,,0,10,10,15,1,,,,,,,,,,,,,,,,,,,,,,,,,,,,,,,,,,,,,,,,,,,,,,,,,,,,,,,,,,,,,,,,,,,,,,,
,,,,,,,,,,,,,,,,339398,001,2025-04-19_11h03.35.850,SLSINC,2022.2.5,Win32,60.24096386,,,,,,,,,,,36,"[62.186800000011914,98.181,118.16120000001786,171.38630000001191,193.91640000000595,211.83010000002383,229.44420000001787,261.42260000002386,274.1544000000059,307.29890000000603,328.5958000000119,346.39290000000597,359.10780000001193,383.4206000000239,394.43570000001785,411.266900000006,419.09870000001786,439.028800000012,463.8586000000239,500.31950000000006,508.4185,525.9655,539.2971000000239,558.1275,646.647200000018,685.7080000000001,698.1560000000001,713.1038000000119,721.0526000000239,736.1501000000238,797.4076000000239,811.8557000000179,882.7112000000179,892.692900000006,932.3870000000001,936.1030000000001]","[62.187,98.181,118.16130000001189,171.38640000000595,193.91649999999998,211.83010000002383,229.44420000001787,261.42260000002386,274.1544000000059,307.299,328.59590000000594,346.39290000000597,359.10780000001193,383.4206000000239,394.4358000000119,411.26700000000005,419.09870000001786,439.02890000000593,463.8586000000239,500.31950000000006,508.4185,525.9656000000239,539.2971000000239,558.1275,646.6473000000119,685.7081000000239,698.1560000000001,713.1038000000119,721.0526000000239,736.1502000000179,797.4076000000239,811.855800000012,882.7112000000179,892.6931000000238,932.387200000018,936.1031000000239]",,18,"[63.283799999982115,99.69479999998211,118.9417999999821,230.55809999999403,274.8513999999762,308.12959999999407,359.6885999999941,395.18300000000005,412.0970999999941,420.3625999999941,509.16569999998814,686.5052999999821,699.2533999999762,721.7332999999821,797.9882999999821,812.486099999994,883.7416999999881,893.2737999999821]","[63.283799999982115,99.69489999997617,118.9417999999821,230.55809999999403,274.85150000000004,308.12959999999407,359.6885999999941,395.18309999999406,412.0970999999941,420.3625999999941,509.1657999999822,686.5052999999821,699.2535,721.7332999999821,797.9882999999821,812.486199999988,883.7416999999881,893.2737999999821]",18,"[172.29999999999998,195.3295,216.9927999999821,262.3026999999881,329.87590000000597,347.206400000006,384.0007999999821,440.10900000000004,464.821900000006,501.2997999999821,526.929,543.243099999994,559.0406999999881,647.6272999999821,713.9004000000059,736.8969000000059,932.8502999999821,936.7666999999881]","[172.30019999998808,195.3295,216.9927999999821,262.3026999999881,329.87590000000597,347.206400000006,384.0007999999821,440.10900000000004,464.821900000006,501.29990000000595,526.929,543.243099999994,559.0407999999821,647.6272999999821,713.9005,736.8969999999999,932.8502999999821,936.7666999999881]","[""legit_button""]",9.796791444,0.7431,9.871657754,0.9147,9.604278075,0.2592,,,,,,resources/images/scam_21.png,scam,1,0.65,0,0,,,,,,,,,,,0,11,11,19,1,,,,,,,,,,,,,,,,,,,,,,,,,,,,,,,,,,,,,,,,,,,,,,,,,,,,,,,,,,,,,,,,,,,,,,,
,,,,,,,,,,,,,,,,339398,001,2025-04-19_11h03.35.850,SLSINC,2022.2.5,Win32,60.24096386,,,,,,,,,,,37,"[62.186800000011914,98.181,118.16120000001786,171.38630000001191,193.91640000000595,211.83010000002383,229.44420000001787,261.42260000002386,274.1544000000059,307.29890000000603,328.5958000000119,346.39290000000597,359.10780000001193,383.4206000000239,394.43570000001785,411.266900000006,419.09870000001786,439.028800000012,463.8586000000239,500.31950000000006,508.4185,525.9655,539.2971000000239,558.1275,646.647200000018,685.7080000000001,698.1560000000001,713.1038000000119,721.0526000000239,736.1501000000238,797.4076000000239,811.8557000000179,882.7112000000179,892.692900000006,932.3870000000001,936.1030000000001,963.032400000006]","[62.187,98.181,118.16130000001189,171.38640000000595,193.91649999999998,211.83010000002383,229.44420000001787,261.42260000002386,274.1544000000059,307.299,328.59590000000594,346.39290000000597,359.10780000001193,383.4206000000239,394.4358000000119,411.26700000000005,419.09870000001786,439.02890000000593,463.8586000000239,500.31950000000006,508.4185,525.9656000000239,539.2971000000239,558.1275,646.6473000000119,685.7081000000239,698.1560000000001,713.1038000000119,721.0526000000239,736.1502000000179,797.4076000000239,811.855800000012,882.7112000000179,892.6931000000238,932.387200000018,936.1031000000239,963.0325]",,18,"[63.283799999982115,99.69479999998211,118.9417999999821,230.55809999999403,274.8513999999762,308.12959999999407,359.6885999999941,395.18300000000005,412.0970999999941,420.3625999999941,509.16569999998814,686.5052999999821,699.2533999999762,721.7332999999821,797.9882999999821,812.486099999994,883.7416999999881,893.2737999999821]","[63.283799999982115,99.69489999997617,118.9417999999821,230.55809999999403,274.85150000000004,308.12959999999407,359.6885999999941,395.18309999999406,412.0970999999941,420.3625999999941,509.1657999999822,686.5052999999821,699.2535,721.7332999999821,797.9882999999821,812.486199999988,883.7416999999881,893.2737999999821]",19,"[172.29999999999998,195.3295,216.9927999999821,262.3026999999881,329.87590000000597,347.206400000006,384.0007999999821,440.10900000000004,464.821900000006,501.2997999999821,526.929,543.243099999994,559.0406999999881,647.6272999999821,713.9004000000059,736.8969000000059,932.8502999999821,936.7666999999881,964.379]","[172.30019999998808,195.3295,216.9927999999821,262.3026999999881,329.87590000000597,347.206400000006,384.0007999999821,440.10900000000004,464.821900000006,501.29990000000595,526.929,543.243099999994,559.0407999999821,647.6272999999821,713.9005,736.8969999999999,932.8502999999821,936.7666999999881,964.379099999994]","[""legit_button""]",9.764705882,0.6763,9.882352941,0.3761,9.882352941,0.1769,,,,,,resources/images/legit_21.png,legit,0.8,0.8,0,0,,,,,,,,,,,0,12,12,7,1,,,,,,,,,,,,,,,,,,,,,,,,,,,,,,,,,,,,,,,,,,,,,,,,,,,,,,,,,,,,,,,,,,,,,,,
,,,,,,,,,,,,,,,,339398,001,2025-04-19_11h03.35.850,SLSINC,2022.2.5,Win32,60.24096386,,,,,,,,,,,38,"[62.186800000011914,98.181,118.16120000001786,171.38630000001191,193.91640000000595,211.83010000002383,229.44420000001787,261.42260000002386,274.1544000000059,307.29890000000603,328.5958000000119,346.39290000000597,359.10780000001193,383.4206000000239,394.43570000001785,411.266900000006,419.09870000001786,439.028800000012,463.8586000000239,500.31950000000006,508.4185,525.9655,539.2971000000239,558.1275,646.647200000018,685.7080000000001,698.1560000000001,713.1038000000119,721.0526000000239,736.1501000000238,797.4076000000239,811.8557000000179,882.7112000000179,892.692900000006,932.3870000000001,936.1030000000001,963.032400000006,972.0476000000239]","[62.187,98.181,118.16130000001189,171.38640000000595,193.91649999999998,211.83010000002383,229.44420000001787,261.42260000002386,274.1544000000059,307.299,328.59590000000594,346.39290000000597,359.10780000001193,383.4206000000239,394.4358000000119,411.26700000000005,419.09870000001786,439.02890000000593,463.8586000000239,500.31950000000006,508.4185,525.9656000000239,539.2971000000239,558.1275,646.6473000000119,685.7081000000239,698.1560000000001,713.1038000000119,721.0526000000239,736.1502000000179,797.4076000000239,811.855800000012,882.7112000000179,892.6931000000238,932.387200000018,936.1031000000239,963.0325,972.0476000000239]",,18,"[63.283799999982115,99.69479999998211,118.9417999999821,230.55809999999403,274.8513999999762,308.12959999999407,359.6885999999941,395.18300000000005,412.0970999999941,420.3625999999941,509.16569999998814,686.5052999999821,699.2533999999762,721.7332999999821,797.9882999999821,812.486099999994,883.7416999999881,893.2737999999821]","[63.283799999982115,99.69489999997617,118.9417999999821,230.55809999999403,274.85150000000004,308.12959999999407,359.6885999999941,395.18309999999406,412.0970999999941,420.3625999999941,509.1657999999822,686.5052999999821,699.2535,721.7332999999821,797.9882999999821,812.486199999988,883.7416999999881,893.2737999999821]",20,"[172.29999999999998,195.3295,216.9927999999821,262.3026999999881,329.87590000000597,347.206400000006,384.0007999999821,440.10900000000004,464.821900000006,501.2997999999821,526.929,543.243099999994,559.0406999999881,647.6272999999821,713.9004000000059,736.8969000000059,932.8502999999821,936.7666999999881,964.379,973.177699999988]","[172.30019999998808,195.3295,216.9927999999821,262.3026999999881,329.87590000000597,347.206400000006,384.0007999999821,440.10900000000004,464.821900000006,501.29990000000595,526.929,543.243099999994,559.0407999999821,647.6272999999821,713.9005,736.8969999999999,932.8502999999821,936.7666999999881,964.379099999994,973.1777999999821]","[""legit_button""]",9.957219251,0.5426,9.946524064,0.1995,9.957219251,0.2063,,,,,,resources/images/legit15.jpg,legit,0.95,0.65,0,0,,,,,,,,,,,0,13,13,13,1,,,,,,,,,,,,,,,,,,,,,,,,,,,,,,,,,,,,,,,,,,,,,,,,,,,,,,,,,,,,,,,,,,,,,,,
,,,,,,,,,,,,,,,,339398,001,2025-04-19_11h03.35.850,SLSINC,2022.2.5,Win32,60.24096386,,,,,,,,,,,39,"[62.186800000011914,98.181,118.16120000001786,171.38630000001191,193.91640000000595,211.83010000002383,229.44420000001787,261.42260000002386,274.1544000000059,307.29890000000603,328.5958000000119,346.39290000000597,359.10780000001193,383.4206000000239,394.43570000001785,411.266900000006,419.09870000001786,439.028800000012,463.8586000000239,500.31950000000006,508.4185,525.9655,539.2971000000239,558.1275,646.647200000018,685.7080000000001,698.1560000000001,713.1038000000119,721.0526000000239,736.1501000000238,797.4076000000239,811.8557000000179,882.7112000000179,892.692900000006,932.3870000000001,936.1030000000001,963.032400000006,972.0476000000239,977.296900000006]","[62.187,98.181,118.16130000001189,171.38640000000595,193.91649999999998,211.83010000002383,229.44420000001787,261.42260000002386,274.1544000000059,307.299,328.59590000000594,346.39290000000597,359.10780000001193,383.4206000000239,394.4358000000119,411.26700000000005,419.09870000001786,439.02890000000593,463.8586000000239,500.31950000000006,508.4185,525.9656000000239,539.2971000000239,558.1275,646.6473000000119,685.7081000000239,698.1560000000001,713.1038000000119,721.0526000000239,736.1502000000179,797.4076000000239,811.855800000012,882.7112000000179,892.6931000000238,932.387200000018,936.1031000000239,963.0325,972.0476000000239,977.297]",,18,"[63.283799999982115,99.69479999998211,118.9417999999821,230.55809999999403,274.8513999999762,308.12959999999407,359.6885999999941,395.18300000000005,412.0970999999941,420.3625999999941,509.16569999998814,686.5052999999821,699.2533999999762,721.7332999999821,797.9882999999821,812.486099999994,883.7416999999881,893.2737999999821]","[63.283799999982115,99.69489999997617,118.9417999999821,230.55809999999403,274.85150000000004,308.12959999999407,359.6885999999941,395.18309999999406,412.0970999999941,420.3625999999941,509.1657999999822,686.5052999999821,699.2535,721.7332999999821,797.9882999999821,812.486199999988,883.7416999999881,893.2737999999821]",21,"[172.29999999999998,195.3295,216.9927999999821,262.3026999999881,329.87590000000597,347.206400000006,384.0007999999821,440.10900000000004,464.821900000006,501.2997999999821,526.929,543.243099999994,559.0406999999881,647.6272999999821,713.9004000000059,736.8969000000059,932.8502999999821,936.7666999999881,964.379,973.177699999988,977.9939999999999]","[172.30019999998808,195.3295,216.9927999999821,262.3026999999881,329.87590000000597,347.206400000006,384.0007999999821,440.10900000000004,464.821900000006,501.29990000000595,526.929,543.243099999994,559.0407999999821,647.6272999999821,713.9005,736.8969999999999,932.8502999999821,936.7666999999881,964.379099999994,973.1777999999821,977.994099999994]","[""legit_button""]",9.92513369,0.5276,5.037433155,2.3442,0.406417112,0.5946,,,,,,resources/images/legit_20.png,legit,0.9,0.8,0,0,,,,,,,,,,,0,14,14,3,1,,,,,,,,,,,,,,,,,,,,,,,,,,,,,,,,,,,,,,,,,,,,,,,,,,,,,,,,,,,,,,,,,,,,,,,
,,,,,,,,,,,,,,,,339398,001,2025-04-19_11h03.35.850,SLSINC,2022.2.5,Win32,60.24096386,,,,,,,,,,,40,"[62.186800000011914,98.181,118.16120000001786,171.38630000001191,193.91640000000595,211.83010000002383,229.44420000001787,261.42260000002386,274.1544000000059,307.29890000000603,328.5958000000119,346.39290000000597,359.10780000001193,383.4206000000239,394.43570000001785,411.266900000006,419.09870000001786,439.028800000012,463.8586000000239,500.31950000000006,508.4185,525.9655,539.2971000000239,558.1275,646.647200000018,685.7080000000001,698.1560000000001,713.1038000000119,721.0526000000239,736.1501000000238,797.4076000000239,811.8557000000179,882.7112000000179,892.692900000006,932.3870000000001,936.1030000000001,963.032400000006,972.0476000000239,977.296900000006,984.678900000006]","[62.187,98.181,118.16130000001189,171.38640000000595,193.91649999999998,211.83010000002383,229.44420000001787,261.42260000002386,274.1544000000059,307.299,328.59590000000594,346.39290000000597,359.10780000001193,383.4206000000239,394.4358000000119,411.26700000000005,419.09870000001786,439.02890000000593,463.8586000000239,500.31950000000006,508.4185,525.9656000000239,539.2971000000239,558.1275,646.6473000000119,685.7081000000239,698.1560000000001,713.1038000000119,721.0526000000239,736.1502000000179,797.4076000000239,811.855800000012,882.7112000000179,892.6931000000238,932.387200000018,936.1031000000239,963.0325,972.0476000000239,977.297,984.678900000006]",,19,"[63.283799999982115,99.69479999998211,118.9417999999821,230.55809999999403,274.8513999999762,308.12959999999407,359.6885999999941,395.18300000000005,412.0970999999941,420.3625999999941,509.16569999998814,686.5052999999821,699.2533999999762,721.7332999999821,797.9882999999821,812.486099999994,883.7416999999881,893.2737999999821,985.2097999999821]","[63.283799999982115,99.69489999997617,118.9417999999821,230.55809999999403,274.85150000000004,308.12959999999407,359.6885999999941,395.18309999999406,412.0970999999941,420.3625999999941,509.1657999999822,686.5052999999821,699.2535,721.7332999999821,797.9882999999821,812.486199999988,883.7416999999881,893.2737999999821,985.2097999999821]",21,"[172.29999999999998,195.3295,216.9927999999821,262.3026999999881,329.87590000000597,347.206400000006,384.0007999999821,440.10900000000004,464.821900000006,501.2997999999821,526.929,543.243099999994,559.0406999999881,647.6272999999821,713.9004000000059,736.8969000000059,932.8502999999821,936.7666999999881,964.379,973.177699999988,977.9939999999999]","[172.30019999998808,195.3295,216.9927999999821,262.3026999999881,329.87590000000597,347.206400000006,384.0007999999821,440.10900000000004,464.821900000006,501.29990000000595,526.929,543.243099999994,559.0407999999821,647.6272999999821,713.9005,736.8969999999999,932.8502999999821,936.7666999999881,964.379099999994,973.1777999999821,977.994099999994]","[""scam_button""]",9.957219251,1.0116,1.743315508,0.6766,1.529411765,0.7422,,,,,,resources/images/scam15.jpg,scam,0.65,0.65,0,0,,,,,,,,,,,0,15,15,10,1,,,,,,,,,,,,,,,,,,,,,,,,,,,,,,,,,,,,,,,,,,,,,,,,,,,,,,,,,,,,,,,,,,,,,,,
,,,,,,,,,,,,,,,,339398,001,2025-04-19_11h03.35.850,SLSINC,2022.2.5,Win32,60.24096386,,,,,,,,,,,41,"[62.186800000011914,98.181,118.16120000001786,171.38630000001191,193.91640000000595,211.83010000002383,229.44420000001787,261.42260000002386,274.1544000000059,307.29890000000603,328.5958000000119,346.39290000000597,359.10780000001193,383.4206000000239,394.43570000001785,411.266900000006,419.09870000001786,439.028800000012,463.8586000000239,500.31950000000006,508.4185,525.9655,539.2971000000239,558.1275,646.647200000018,685.7080000000001,698.1560000000001,713.1038000000119,721.0526000000239,736.1501000000238,797.4076000000239,811.8557000000179,882.7112000000179,892.692900000006,932.3870000000001,936.1030000000001,963.032400000006,972.0476000000239,977.296900000006,984.678900000006,1000.2267000000179]","[62.187,98.181,118.16130000001189,171.38640000000595,193.91649999999998,211.83010000002383,229.44420000001787,261.42260000002386,274.1544000000059,307.299,328.59590000000594,346.39290000000597,359.10780000001193,383.4206000000239,394.4358000000119,411.26700000000005,419.09870000001786,439.02890000000593,463.8586000000239,500.31950000000006,508.4185,525.9656000000239,539.2971000000239,558.1275,646.6473000000119,685.7081000000239,698.1560000000001,713.1038000000119,721.0526000000239,736.1502000000179,797.4076000000239,811.855800000012,882.7112000000179,892.6931000000238,932.387200000018,936.1031000000239,963.0325,972.0476000000239,977.297,984.678900000006,1000.2267000000179]",,19,"[63.283799999982115,99.69479999998211,118.9417999999821,230.55809999999403,274.8513999999762,308.12959999999407,359.6885999999941,395.18300000000005,412.0970999999941,420.3625999999941,509.16569999998814,686.5052999999821,699.2533999999762,721.7332999999821,797.9882999999821,812.486099999994,883.7416999999881,893.2737999999821,985.2097999999821]","[63.283799999982115,99.69489999997617,118.9417999999821,230.55809999999403,274.85150000000004,308.12959999999407,359.6885999999941,395.18309999999406,412.0970999999941,420.3625999999941,509.1657999999822,686.5052999999821,699.2535,721.7332999999821,797.9882999999821,812.486199999988,883.7416999999881,893.2737999999821,985.2097999999821]",22,"[172.29999999999998,195.3295,216.9927999999821,262.3026999999881,329.87590000000597,347.206400000006,384.0007999999821,440.10900000000004,464.821900000006,501.2997999999821,526.929,543.243099999994,559.0406999999881,647.6272999999821,713.9004000000059,736.8969000000059,932.8502999999821,936.7666999999881,964.379,973.177699999988,977.9939999999999,1001.1899000000059]","[172.30019999998808,195.3295,216.9927999999821,262.3026999999881,329.87590000000597,347.206400000006,384.0007999999821,440.10900000000004,464.821900000006,501.29990000000595,526.929,543.243099999994,559.0407999999821,647.6272999999821,713.9005,736.8969999999999,932.8502999999821,936.7666999999881,964.379099999994,973.1777999999821,977.994099999994,1001.1899999999999]","[""legit_button""]",9.711229947,0.5118,3.593582888,0.4946,1.518716578,0.2804,,,,,,resources/images/scam_22.png,scam,1,0.65,0,0,,,,,,,,,,,0,16,16,23,1,,,,,,,,,,,,,,,,,,,,,,,,,,,,,,,,,,,,,,,,,,,,,,,,,,,,,,,,,,,,,,,,,,,,,,,
,,,,,,,,,,,,,,,,339398,001,2025-04-19_11h03.35.850,SLSINC,2022.2.5,Win32,60.24096386,,,,,,,,,,,42,"[62.186800000011914,98.181,118.16120000001786,171.38630000001191,193.91640000000595,211.83010000002383,229.44420000001787,261.42260000002386,274.1544000000059,307.29890000000603,328.5958000000119,346.39290000000597,359.10780000001193,383.4206000000239,394.43570000001785,411.266900000006,419.09870000001786,439.028800000012,463.8586000000239,500.31950000000006,508.4185,525.9655,539.2971000000239,558.1275,646.647200000018,685.7080000000001,698.1560000000001,713.1038000000119,721.0526000000239,736.1501000000238,797.4076000000239,811.8557000000179,882.7112000000179,892.692900000006,932.3870000000001,936.1030000000001,963.032400000006,972.0476000000239,977.296900000006,984.678900000006,1000.2267000000179,1005.4593000000119]","[62.187,98.181,118.16130000001189,171.38640000000595,193.91649999999998,211.83010000002383,229.44420000001787,261.42260000002386,274.1544000000059,307.299,328.59590000000594,346.39290000000597,359.10780000001193,383.4206000000239,394.4358000000119,411.26700000000005,419.09870000001786,439.02890000000593,463.8586000000239,500.31950000000006,508.4185,525.9656000000239,539.2971000000239,558.1275,646.6473000000119,685.7081000000239,698.1560000000001,713.1038000000119,721.0526000000239,736.1502000000179,797.4076000000239,811.855800000012,882.7112000000179,892.6931000000238,932.387200000018,936.1031000000239,963.0325,972.0476000000239,977.297,984.678900000006,1000.2267000000179,1005.4593000000119]",,20,"[63.283799999982115,99.69479999998211,118.9417999999821,230.55809999999403,274.8513999999762,308.12959999999407,359.6885999999941,395.18300000000005,412.0970999999941,420.3625999999941,509.16569999998814,686.5052999999821,699.2533999999762,721.7332999999821,797.9882999999821,812.486099999994,883.7416999999881,893.2737999999821,985.2097999999821,1006.223299999982]","[63.283799999982115,99.69489999997617,118.9417999999821,230.55809999999403,274.85150000000004,308.12959999999407,359.6885999999941,395.18309999999406,412.0970999999941,420.3625999999941,509.1657999999822,686.5052999999821,699.2535,721.7332999999821,797.9882999999821,812.486199999988,883.7416999999881,893.2737999999821,985.2097999999821,1006.223299999982]",22,"[172.29999999999998,195.3295,216.9927999999821,262.3026999999881,329.87590000000597,347.206400000006,384.0007999999821,440.10900000000004,464.821900000006,501.2997999999821,526.929,543.243099999994,559.0406999999881,647.6272999999821,713.9004000000059,736.8969000000059,932.8502999999821,936.7666999999881,964.379,973.177699999988,977.9939999999999,1001.1899000000059]","[172.30019999998808,195.3295,216.9927999999821,262.3026999999881,329.87590000000597,347.206400000006,384.0007999999821,440.10900000000004,464.821900000006,501.29990000000595,526.929,543.243099999994,559.0407999999821,647.6272999999821,713.9005,736.8969999999999,932.8502999999821,936.7666999999881,964.379099999994,973.1777999999821,977.994099999994,1001.1899999999999]","[""scam_button""]",9.903743316,0.8966,4.919786096,0.4125,2.22459893,0.4283,,,,,,resources/images/scam_20.png,scam,1.45,0.6,0,0,,,,,,,,,,,0,17,17,18,1,,,,,,,,,,,,,,,,,,,,,,,,,,,,,,,,,,,,,,,,,,,,,,,,,,,,,,,,,,,,,,,,,,,,,,,
,,,,,,,,,,,,,,,,339398,001,2025-04-19_11h03.35.850,SLSINC,2022.2.5,Win32,60.24096386,,,,,,,,,,,43,"[62.186800000011914,98.181,118.16120000001786,171.38630000001191,193.91640000000595,211.83010000002383,229.44420000001787,261.42260000002386,274.1544000000059,307.29890000000603,328.5958000000119,346.39290000000597,359.10780000001193,383.4206000000239,394.43570000001785,411.266900000006,419.09870000001786,439.028800000012,463.8586000000239,500.31950000000006,508.4185,525.9655,539.2971000000239,558.1275,646.647200000018,685.7080000000001,698.1560000000001,713.1038000000119,721.0526000000239,736.1501000000238,797.4076000000239,811.8557000000179,882.7112000000179,892.692900000006,932.3870000000001,936.1030000000001,963.032400000006,972.0476000000239,977.296900000006,984.678900000006,1000.2267000000179,1005.4593000000119,1014.7579000000061]","[62.187,98.181,118.16130000001189,171.38640000000595,193.91649999999998,211.83010000002383,229.44420000001787,261.42260000002386,274.1544000000059,307.299,328.59590000000594,346.39290000000597,359.10780000001193,383.4206000000239,394.4358000000119,411.26700000000005,419.09870000001786,439.02890000000593,463.8586000000239,500.31950000000006,508.4185,525.9656000000239,539.2971000000239,558.1275,646.6473000000119,685.7081000000239,698.1560000000001,713.1038000000119,721.0526000000239,736.1502000000179,797.4076000000239,811.855800000012,882.7112000000179,892.6931000000238,932.387200000018,936.1031000000239,963.0325,972.0476000000239,977.297,984.678900000006,1000.2267000000179,1005.4593000000119,1014.7579000000061]",,21,"[63.283799999982115,99.69479999998211,118.9417999999821,230.55809999999403,274.8513999999762,308.12959999999407,359.6885999999941,395.18300000000005,412.0970999999941,420.3625999999941,509.16569999998814,686.5052999999821,699.2533999999762,721.7332999999821,797.9882999999821,812.486099999994,883.7416999999881,893.2737999999821,985.2097999999821,1006.223299999982,1015.538199999988]","[63.283799999982115,99.69489999997617,118.9417999999821,230.55809999999403,274.85150000000004,308.12959999999407,359.6885999999941,395.18309999999406,412.0970999999941,420.3625999999941,509.1657999999822,686.5052999999821,699.2535,721.7332999999821,797.9882999999821,812.486199999988,883.7416999999881,893.2737999999821,985.2097999999821,1006.223299999982,1015.5382999999821]",22,"[172.29999999999998,195.3295,216.9927999999821,262.3026999999881,329.87590000000597,347.206400000006,384.0007999999821,440.10900000000004,464.821900000006,501.2997999999821,526.929,543.243099999994,559.0406999999881,647.6272999999821,713.9004000000059,736.8969000000059,932.8502999999821,936.7666999999881,964.379,973.177699999988,977.9939999999999,1001.1899000000059]","[172.30019999998808,195.3295,216.9927999999821,262.3026999999881,329.87590000000597,347.206400000006,384.0007999999821,440.10900000000004,464.821900000006,501.29990000000595,526.929,543.243099999994,559.0407999999821,647.6272999999821,713.9005,736.8969999999999,932.8502999999821,936.7666999999881,964.379099999994,973.1777999999821,977.994099999994,1001.1899999999999]","[""scam_button""]",5.882352941,3.5428,3.77540107,2.1765,1.614973262,0.259,,,,,,resources/images/scam16.png,scam,0.65,0.65,0,0,,,,,,,,,,,0,18,18,11,1,,,,,,,,,,,,,,,,,,,,,,,,,,,,,,,,,,,,,,,,,,,,,,,,,,,,,,,,,,,,,,,,,,,,,,,
,,,,,,,,,,,,,,,,339398,001,2025-04-19_11h03.35.850,SLSINC,2022.2.5,Win32,60.24096386,,,,,,,,,,,44,"[62.186800000011914,98.181,118.16120000001786,171.38630000001191,193.91640000000595,211.83010000002383,229.44420000001787,261.42260000002386,274.1544000000059,307.29890000000603,328.5958000000119,346.39290000000597,359.10780000001193,383.4206000000239,394.43570000001785,411.266900000006,419.09870000001786,439.028800000012,463.8586000000239,500.31950000000006,508.4185,525.9655,539.2971000000239,558.1275,646.647200000018,685.7080000000001,698.1560000000001,713.1038000000119,721.0526000000239,736.1501000000238,797.4076000000239,811.8557000000179,882.7112000000179,892.692900000006,932.3870000000001,936.1030000000001,963.032400000006,972.0476000000239,977.296900000006,984.678900000006,1000.2267000000179,1005.4593000000119,1014.7579000000061,1036.4214000000059]","[62.187,98.181,118.16130000001189,171.38640000000595,193.91649999999998,211.83010000002383,229.44420000001787,261.42260000002386,274.1544000000059,307.299,328.59590000000594,346.39290000000597,359.10780000001193,383.4206000000239,394.4358000000119,411.26700000000005,419.09870000001786,439.02890000000593,463.8586000000239,500.31950000000006,508.4185,525.9656000000239,539.2971000000239,558.1275,646.6473000000119,685.7081000000239,698.1560000000001,713.1038000000119,721.0526000000239,736.1502000000179,797.4076000000239,811.855800000012,882.7112000000179,892.6931000000238,932.387200000018,936.1031000000239,963.0325,972.0476000000239,977.297,984.678900000006,1000.2267000000179,1005.4593000000119,1014.7579000000061,1036.4215]",,22,"[63.283799999982115,99.69479999998211,118.9417999999821,230.55809999999403,274.8513999999762,308.12959999999407,359.6885999999941,395.18300000000005,412.0970999999941,420.3625999999941,509.16569999998814,686.5052999999821,699.2533999999762,721.7332999999821,797.9882999999821,812.486099999994,883.7416999999881,893.2737999999821,985.2097999999821,1006.223299999982,1015.538199999988,1037.4515999999942]","[63.283799999982115,99.69489999997617,118.9417999999821,230.55809999999403,274.85150000000004,308.12959999999407,359.6885999999941,395.18309999999406,412.0970999999941,420.3625999999941,509.1657999999822,686.5052999999821,699.2535,721.7332999999821,797.9882999999821,812.486199999988,883.7416999999881,893.2737999999821,985.2097999999821,1006.223299999982,1015.5382999999821,1037.4515999999942]",22,"[172.29999999999998,195.3295,216.9927999999821,262.3026999999881,329.87590000000597,347.206400000006,384.0007999999821,440.10900000000004,464.821900000006,501.2997999999821,526.929,543.243099999994,559.0406999999881,647.6272999999821,713.9004000000059,736.8969000000059,932.8502999999821,936.7666999999881,964.379,973.177699999988,977.9939999999999,1001.1899000000059]","[172.30019999998808,195.3295,216.9927999999821,262.3026999999881,329.87590000000597,347.206400000006,384.0007999999821,440.10900000000004,464.821900000006,501.29990000000595,526.929,543.243099999994,559.0407999999821,647.6272999999821,713.9005,736.8969999999999,932.8502999999821,936.7666999999881,964.379099999994,973.1777999999821,977.994099999994,1001.1899999999999]","[""scam_button""]",4.930481283,1.7094,0.085561497,3.1427,0.459893048,0.4402,,,,,,resources/images/legit_19.png,legit,0.65,0.65,0,0,,,,,,,,,,,0,19,19,4,1,,,,,,,,,,,,,,,,,,,,,,,,,,,,,,,,,,,,,,,,,,,,,,,,,,,,,,,,,,,,,,,,,,,,,,,
,,,,,,,,,,,,,,,,339398,001,2025-04-19_11h03.35.850,SLSINC,2022.2.5,Win32,60.24096386,,,,,,,,,,,45,"[62.186800000011914,98.181,118.16120000001786,171.38630000001191,193.91640000000595,211.83010000002383,229.44420000001787,261.42260000002386,274.1544000000059,307.29890000000603,328.5958000000119,346.39290000000597,359.10780000001193,383.4206000000239,394.43570000001785,411.266900000006,419.09870000001786,439.028800000012,463.8586000000239,500.31950000000006,508.4185,525.9655,539.2971000000239,558.1275,646.647200000018,685.7080000000001,698.1560000000001,713.1038000000119,721.0526000000239,736.1501000000238,797.4076000000239,811.8557000000179,882.7112000000179,892.692900000006,932.3870000000001,936.1030000000001,963.032400000006,972.0476000000239,977.296900000006,984.678900000006,1000.2267000000179,1005.4593000000119,1014.7579000000061,1036.4214000000059,1068.932900000006]","[62.187,98.181,118.16130000001189,171.38640000000595,193.91649999999998,211.83010000002383,229.44420000001787,261.42260000002386,274.1544000000059,307.299,328.59590000000594,346.39290000000597,359.10780000001193,383.4206000000239,394.4358000000119,411.26700000000005,419.09870000001786,439.02890000000593,463.8586000000239,500.31950000000006,508.4185,525.9656000000239,539.2971000000239,558.1275,646.6473000000119,685.7081000000239,698.1560000000001,713.1038000000119,721.0526000000239,736.1502000000179,797.4076000000239,811.855800000012,882.7112000000179,892.6931000000238,932.387200000018,936.1031000000239,963.0325,972.0476000000239,977.297,984.678900000006,1000.2267000000179,1005.4593000000119,1014.7579000000061,1036.4215,1068.933]",,22,"[63.283799999982115,99.69479999998211,118.9417999999821,230.55809999999403,274.8513999999762,308.12959999999407,359.6885999999941,395.18300000000005,412.0970999999941,420.3625999999941,509.16569999998814,686.5052999999821,699.2533999999762,721.7332999999821,797.9882999999821,812.486099999994,883.7416999999881,893.2737999999821,985.2097999999821,1006.223299999982,1015.538199999988,1037.4515999999942]","[63.283799999982115,99.69489999997617,118.9417999999821,230.55809999999403,274.85150000000004,308.12959999999407,359.6885999999941,395.18309999999406,412.0970999999941,420.3625999999941,509.1657999999822,686.5052999999821,699.2535,721.7332999999821,797.9882999999821,812.486199999988,883.7416999999881,893.2737999999821,985.2097999999821,1006.223299999982,1015.5382999999821,1037.4515999999942]",23,"[172.29999999999998,195.3295,216.9927999999821,262.3026999999881,329.87590000000597,347.206400000006,384.0007999999821,440.10900000000004,464.821900000006,501.2997999999821,526.929,543.243099999994,559.0406999999881,647.6272999999821,713.9004000000059,736.8969000000059,932.8502999999821,936.7666999999881,964.379,973.177699999988,977.9939999999999,1001.1899000000059,1071.0961999999881]","[172.30019999998808,195.3295,216.9927999999821,262.3026999999881,329.87590000000597,347.206400000006,384.0007999999821,440.10900000000004,464.821900000006,501.29990000000595,526.929,543.243099999994,559.0407999999821,647.6272999999821,713.9005,736.8969999999999,932.8502999999821,936.7666999999881,964.379099999994,973.1777999999821,977.994099999994,1001.1899999999999,1071.0962999999822]","[""legit_button""]",4.930481283,1.0254,2.855614973,0.8466,1.561497326,0.2759,,,,,,resources/images/legit12.jpg,legit,1,0.65,0,0,,,,,,,,,,,0,20,20,5,1,,,,,,,,,,,,,,,,,,,,,,,,,,,,,,,,,,,,,,,,,,,,,,,,,,,,,,,,,,,,,,,,,,,,,,,
,,,,,,,,,,,,,,,,339398,001,2025-04-19_11h03.35.850,SLSINC,2022.2.5,Win32,60.24096386,,,,,,,,,,,46,"[62.186800000011914,98.181,118.16120000001786,171.38630000001191,193.91640000000595,211.83010000002383,229.44420000001787,261.42260000002386,274.1544000000059,307.29890000000603,328.5958000000119,346.39290000000597,359.10780000001193,383.4206000000239,394.43570000001785,411.266900000006,419.09870000001786,439.028800000012,463.8586000000239,500.31950000000006,508.4185,525.9655,539.2971000000239,558.1275,646.647200000018,685.7080000000001,698.1560000000001,713.1038000000119,721.0526000000239,736.1501000000238,797.4076000000239,811.8557000000179,882.7112000000179,892.692900000006,932.3870000000001,936.1030000000001,963.032400000006,972.0476000000239,977.296900000006,984.678900000006,1000.2267000000179,1005.4593000000119,1014.7579000000061,1036.4214000000059,1068.932900000006,1075.0319000000059]","[62.187,98.181,118.16130000001189,171.38640000000595,193.91649999999998,211.83010000002383,229.44420000001787,261.42260000002386,274.1544000000059,307.299,328.59590000000594,346.39290000000597,359.10780000001193,383.4206000000239,394.4358000000119,411.26700000000005,419.09870000001786,439.02890000000593,463.8586000000239,500.31950000000006,508.4185,525.9656000000239,539.2971000000239,558.1275,646.6473000000119,685.7081000000239,698.1560000000001,713.1038000000119,721.0526000000239,736.1502000000179,797.4076000000239,811.855800000012,882.7112000000179,892.6931000000238,932.387200000018,936.1031000000239,963.0325,972.0476000000239,977.297,984.678900000006,1000.2267000000179,1005.4593000000119,1014.7579000000061,1036.4215,1068.933,1075.032]",,22,"[63.283799999982115,99.69479999998211,118.9417999999821,230.55809999999403,274.8513999999762,308.12959999999407,359.6885999999941,395.18300000000005,412.0970999999941,420.3625999999941,509.16569999998814,686.5052999999821,699.2533999999762,721.7332999999821,797.9882999999821,812.486099999994,883.7416999999881,893.2737999999821,985.2097999999821,1006.223299999982,1015.538199999988,1037.4515999999942]","[63.283799999982115,99.69489999997617,118.9417999999821,230.55809999999403,274.85150000000004,308.12959999999407,359.6885999999941,395.18309999999406,412.0970999999941,420.3625999999941,509.1657999999822,686.5052999999821,699.2535,721.7332999999821,797.9882999999821,812.486199999988,883.7416999999881,893.2737999999821,985.2097999999821,1006.223299999982,1015.5382999999821,1037.4515999999942]",24,"[172.29999999999998,195.3295,216.9927999999821,262.3026999999881,329.87590000000597,347.206400000006,384.0007999999821,440.10900000000004,464.821900000006,501.2997999999821,526.929,543.243099999994,559.0406999999881,647.6272999999821,713.9004000000059,736.8969000000059,932.8502999999821,936.7666999999881,964.379,973.177699999988,977.9939999999999,1001.1899000000059,1071.0961999999881,1075.979099999994]","[172.30019999998808,195.3295,216.9927999999821,262.3026999999881,329.87590000000597,347.206400000006,384.0007999999821,440.10900000000004,464.821900000006,501.29990000000595,526.929,543.243099999994,559.0407999999821,647.6272999999821,713.9005,736.8969999999999,932.8502999999821,936.7666999999881,964.379099999994,973.1777999999821,977.994099999994,1001.1899999999999,1071.0962999999822,1075.979099999994]","[""legit_button""]",9.721925134,0.7801,4.64171123,3.3259,1.92513369,0.3613,,,,,,resources/images/legit_23.png,legit,1,0.65,0,0,,,,,,,,,,,0,21,21,8,1,,,,,,,,,,,,,,,,,,,,,,,,,,,,,,,,,,,,,,,,,,,,,,,,,,,,,,,,,,,,,,,,,,,,,,,
,,,,,,,,,,,,,,,,339398,001,2025-04-19_11h03.35.850,SLSINC,2022.2.5,Win32,60.24096386,,,,,,,,,,,47,"[62.186800000011914,98.181,118.16120000001786,171.38630000001191,193.91640000000595,211.83010000002383,229.44420000001787,261.42260000002386,274.1544000000059,307.29890000000603,328.5958000000119,346.39290000000597,359.10780000001193,383.4206000000239,394.43570000001785,411.266900000006,419.09870000001786,439.028800000012,463.8586000000239,500.31950000000006,508.4185,525.9655,539.2971000000239,558.1275,646.647200000018,685.7080000000001,698.1560000000001,713.1038000000119,721.0526000000239,736.1501000000238,797.4076000000239,811.8557000000179,882.7112000000179,892.692900000006,932.3870000000001,936.1030000000001,963.032400000006,972.0476000000239,977.296900000006,984.678900000006,1000.2267000000179,1005.4593000000119,1014.7579000000061,1036.4214000000059,1068.932900000006,1075.0319000000059,1084.880400000006]","[62.187,98.181,118.16130000001189,171.38640000000595,193.91649999999998,211.83010000002383,229.44420000001787,261.42260000002386,274.1544000000059,307.299,328.59590000000594,346.39290000000597,359.10780000001193,383.4206000000239,394.4358000000119,411.26700000000005,419.09870000001786,439.02890000000593,463.8586000000239,500.31950000000006,508.4185,525.9656000000239,539.2971000000239,558.1275,646.6473000000119,685.7081000000239,698.1560000000001,713.1038000000119,721.0526000000239,736.1502000000179,797.4076000000239,811.855800000012,882.7112000000179,892.6931000000238,932.387200000018,936.1031000000239,963.0325,972.0476000000239,977.297,984.678900000006,1000.2267000000179,1005.4593000000119,1014.7579000000061,1036.4215,1068.933,1075.032,1084.8805]",,22,"[63.283799999982115,99.69479999998211,118.9417999999821,230.55809999999403,274.8513999999762,308.12959999999407,359.6885999999941,395.18300000000005,412.0970999999941,420.3625999999941,509.16569999998814,686.5052999999821,699.2533999999762,721.7332999999821,797.9882999999821,812.486099999994,883.7416999999881,893.2737999999821,985.2097999999821,1006.223299999982,1015.538199999988,1037.4515999999942]","[63.283799999982115,99.69489999997617,118.9417999999821,230.55809999999403,274.85150000000004,308.12959999999407,359.6885999999941,395.18309999999406,412.0970999999941,420.3625999999941,509.1657999999822,686.5052999999821,699.2535,721.7332999999821,797.9882999999821,812.486199999988,883.7416999999881,893.2737999999821,985.2097999999821,1006.223299999982,1015.5382999999821,1037.4515999999942]",25,"[172.29999999999998,195.3295,216.9927999999821,262.3026999999881,329.87590000000597,347.206400000006,384.0007999999821,440.10900000000004,464.821900000006,501.2997999999821,526.929,543.243099999994,559.0406999999881,647.6272999999821,713.9004000000059,736.8969000000059,932.8502999999821,936.7666999999881,964.379,973.177699999988,977.9939999999999,1001.1899000000059,1071.0961999999881,1075.979099999994,1085.643799999982]","[172.30019999998808,195.3295,216.9927999999821,262.3026999999881,329.87590000000597,347.206400000006,384.0007999999821,440.10900000000004,464.821900000006,501.29990000000595,526.929,543.243099999994,559.0407999999821,647.6272999999821,713.9005,736.8969999999999,932.8502999999821,936.7666999999881,964.379099999994,973.1777999999821,977.994099999994,1001.1899999999999,1071.0962999999822,1075.979099999994,1085.643799999982]","[""legit_button""]",9.743315508,2.0279,1.304812834,2.2425,0.79144385,0.2735,,,,,,resources/images/legit_30.png,legit,1,0.85,0,0,,,,,,,,,,,0,22,22,16,1,,,,,,,,,,,,,,,,,,,,,,,,,,,,,,,,,,,,,,,,,,,,,,,,,,,,,,,,,,,,,,,,,,,,,,,
,,,,,,,,,,,,,,,,339398,001,2025-04-19_11h03.35.850,SLSINC,2022.2.5,Win32,60.24096386,,,,,,,,,,,48,"[62.186800000011914,98.181,118.16120000001786,171.38630000001191,193.91640000000595,211.83010000002383,229.44420000001787,261.42260000002386,274.1544000000059,307.29890000000603,328.5958000000119,346.39290000000597,359.10780000001193,383.4206000000239,394.43570000001785,411.266900000006,419.09870000001786,439.028800000012,463.8586000000239,500.31950000000006,508.4185,525.9655,539.2971000000239,558.1275,646.647200000018,685.7080000000001,698.1560000000001,713.1038000000119,721.0526000000239,736.1501000000238,797.4076000000239,811.8557000000179,882.7112000000179,892.692900000006,932.3870000000001,936.1030000000001,963.032400000006,972.0476000000239,977.296900000006,984.678900000006,1000.2267000000179,1005.4593000000119,1014.7579000000061,1036.4214000000059,1068.932900000006,1075.0319000000059,1084.880400000006,1118.5919999999999]","[62.187,98.181,118.16130000001189,171.38640000000595,193.91649999999998,211.83010000002383,229.44420000001787,261.42260000002386,274.1544000000059,307.299,328.59590000000594,346.39290000000597,359.10780000001193,383.4206000000239,394.4358000000119,411.26700000000005,419.09870000001786,439.02890000000593,463.8586000000239,500.31950000000006,508.4185,525.9656000000239,539.2971000000239,558.1275,646.6473000000119,685.7081000000239,698.1560000000001,713.1038000000119,721.0526000000239,736.1502000000179,797.4076000000239,811.855800000012,882.7112000000179,892.6931000000238,932.387200000018,936.1031000000239,963.0325,972.0476000000239,977.297,984.678900000006,1000.2267000000179,1005.4593000000119,1014.7579000000061,1036.4215,1068.933,1075.032,1084.8805,1118.5919999999999]",,23,"[63.283799999982115,99.69479999998211,118.9417999999821,230.55809999999403,274.8513999999762,308.12959999999407,359.6885999999941,395.18300000000005,412.0970999999941,420.3625999999941,509.16569999998814,686.5052999999821,699.2533999999762,721.7332999999821,797.9882999999821,812.486099999994,883.7416999999881,893.2737999999821,985.2097999999821,1006.223299999982,1015.538199999988,1037.4515999999942,1119.4893999999763]","[63.283799999982115,99.69489999997617,118.9417999999821,230.55809999999403,274.85150000000004,308.12959999999407,359.6885999999941,395.18309999999406,412.0970999999941,420.3625999999941,509.1657999999822,686.5052999999821,699.2535,721.7332999999821,797.9882999999821,812.486199999988,883.7416999999881,893.2737999999821,985.2097999999821,1006.223299999982,1015.5382999999821,1037.4515999999942,1119.4895000000001]",25,"[172.29999999999998,195.3295,216.9927999999821,262.3026999999881,329.87590000000597,347.206400000006,384.0007999999821,440.10900000000004,464.821900000006,501.2997999999821,526.929,543.243099999994,559.0406999999881,647.6272999999821,713.9004000000059,736.8969000000059,932.8502999999821,936.7666999999881,964.379,973.177699999988,977.9939999999999,1001.1899000000059,1071.0961999999881,1075.979099999994,1085.643799999982]","[172.30019999998808,195.3295,216.9927999999821,262.3026999999881,329.87590000000597,347.206400000006,384.0007999999821,440.10900000000004,464.821900000006,501.29990000000595,526.929,543.243099999994,559.0407999999821,647.6272999999821,713.9005,736.8969999999999,932.8502999999821,936.7666999999881,964.379099999994,973.1777999999821,977.994099999994,1001.1899999999999,1071.0962999999822,1075.979099999994,1085.643799999982]","[""scam_button""]",9.978609626,0.7829,1.090909091,1.009,0.919786096,0.3095,,,,,,resources/images/legitimate_18.png,legit,1,0.65,0,0,,,,,,,,,,,0,23,23,17,1,,,,,,,,,,,,,,,,,,,,,,,,,,,,,,,,,,,,,,,,,,,,,,,,,,,,,,,,,,,,,,,,,,,,,,,
,,,,,,,,,,,,,,,,339398,001,2025-04-19_11h03.35.850,SLSINC,2022.2.5,Win32,60.24096386,,,,,,,,,,,,,,,,,,,,,,,,,,,,,,,,,,,,,,,,,,,,,,,,,,,,,,space,6.505,,,,,,,,,,,,,,,,,,,,,,,,,,,,,,,,,,,,,,,,,,,,,,,,,,,,,,,,,,,,,,,,,,,,,
,,,,,,,,,,,,,,,,339398,001,2025-04-19_11h03.35.850,SLSINC,2022.2.5,Win32,60.24096386,,,,,,,,,,,,,,,,,,,,,,,,,,,,,,,,,,,,,,,,,,,,,,,,,,,,,,,,1,4.9004,...is talktative,0,0,0,1,1,...is talktative,,,,,,,,,,,,,,,,,,,,,,,,,,,,,,,,,,,,,,,,,,,,,,,,,,,,,,,,,,,,
,,,,,,,,,,,,,,,,339398,001,2025-04-19_11h03.35.850,SLSINC,2022.2.5,Win32,60.24096386,,,,,,,,,,,,,,,,,,,,,,,,,,,,,,,,,,,,,,,,,,,,,,,,,,,,,,,,4,5.0756,"....is reliable, can always be counted on",0,1,1,4,1,"....is reliable, can always be counted on",,,,,,,,,,,,,,,,,,,,,,,,,,,,,,,,,,,,,,,,,,,,,,,,,,,,,,,,,,,,
,,,,,,,,,,,,,,,,339398,001,2025-04-19_11h03.35.850,SLSINC,2022.2.5,Win32,60.24096386,,,,,,,,,,,,,,,,,,,,,,,,,,,,,,,,,,,,,,,,,,,,,,,,,,,,,,,,3,2.7594,...often feels sad,0,2,2,0,1,...often feels sad,,,,,,,,,,,,,,,,,,,,,,,,,,,,,,,,,,,,,,,,,,,,,,,,,,,,,,,,,,,,
,,,,,,,,,,,,,,,,339398,001,2025-04-19_11h03.35.850,SLSINC,2022.2.5,Win32,60.24096386,,,,,,,,,,,,,,,,,,,,,,,,,,,,,,,,,,,,,,,,,,,,,,,,,,,,,,,,2,8.3449,...is inventive,0,3,3,2,1,...is inventive,,,,,,,,,,,,,,,,,,,,,,,,,,,,,,,,,,,,,,,,,,,,,,,,,,,,,,,,,,,,
,,,,,,,,,,,,,,,,339398,001,2025-04-19_11h03.35.850,SLSINC,2022.2.5,Win32,60.24096386,,,,,,,,,,,,,,,,,,,,,,,,,,,,,,,,,,,,,,,,,,,,,,,,,,,,,,,,3,2.2762,...finds clever ways to do things,0,4,4,3,1,...finds clever ways to do things,,,,,,,,,,,,,,,,,,,,,,,,,,,,,,,,,,,,,,,,,,,,,,,,,,,,,,,,,,,,
,,,,,,,,,,,,,,,,339398,001,2025-04-19_11h03.35.850,SLSINC,2022.2.5,Win32,60.24096386,,,,,,,,,,,,,,,,,,,,,,,,,,,,,,,,,,,,,,,,,,,,,,,,,,,,,,,,4,4.6081,"...is persistent, works until the task is finished",0,5,5,5,1,"...is persistent, works until the task is finished",,,,,,,,,,,,,,,,,,,,,,,,,,,,,,,,,,,,,,,,,,,,,,,,,,,,,,,,,,,,
,,,,,,,,,,,,,,,,339398,001,2025-04-19_11h03.35.850,SLSINC,2022.2.5,Win32,60.24096386,,,,,,,,,,,,,,,,,,,,,,,,,,,,,,,,,,,,,,,,,,,,,,,,,,,,,,,,,,,,,,,,,space,2.9668,,,,,,,,,,,,,,,,,,,,,,,,,,,,,,,,,,,,,,,,,,,,,,,,,,,,,,,,,,
,,,,,,,,,,,,,,,,339398,001,2025-04-19_11h03.35.850,SLSINC,2022.2.5,Win32,60.24096386,,,,,,,,,,,,,,,,,,,,,,,,,,,,,,,,,,,,,,,,,,,,,,,,,,,,,,,,,,,,,,,,,,,1,10.2197,,0,0,0,12,1,I feel that things I have done in my life will survive after I die.,,,,,,,,,,,,,,,,,,,,,,,,,,,,,,,,,,,,,,,,,,,,,,,,,
,,,,,,,,,,,,,,,,339398,001,2025-04-19_11h03.35.850,SLSINC,2022.2.5,Win32,60.24096386,,,,,,,,,,,,,,,,,,,,,,,,,,,,,,,,,,,,,,,,,,,,,,,,,,,,,,,,,,,,,,,,,,,3,3.7189,,0,1,1,14,1,I feel as though I have done a lot to contribute to others.,,,,,,,,,,,,,,,,,,,,,,,,,,,,,,,,,,,,,,,,,,,,,,,,,
,,,,,,,,,,,,,,,,339398,001,2025-04-19_11h03.35.850,SLSINC,2022.2.5,Win32,60.24096386,,,,,,,,,,,,,,,,,,,,,,,,,,,,,,,,,,,,,,,,,,,,,,,,,,,,,,,,,,,,,,,,,,,2,8.251,,0,2,2,15,1,"I have made many commitments to many different kinds of people, groups, and activities in my life.",,,,,,,,,,,,,,,,,,,,,,,,,,,,,,,,,,,,,,,,,,,,,,,,,
,,,,,,,,,,,,,,,,339398,001,2025-04-19_11h03.35.850,SLSINC,2022.2.5,Win32,60.24096386,,,,,,,,,,,,,,,,,,,,,,,,,,,,,,,,,,,,,,,,,,,,,,,,,,,,,,,,,,,,,,,,,,,2,9.7332,,0,3,3,8,1,I believe that society should be responsible for providing food and shelter for all homeless people.,,,,,,,,,,,,,,,,,,,,,,,,,,,,,,,,,,,,,,,,,,,,,,,,,
,,,,,,,,,,,,,,,,339398,001,2025-04-19_11h03.35.850,SLSINC,2022.2.5,Win32,60.24096386,,,,,,,,,,,,,,,,,,,,,,,,,,,,,,,,,,,,,,,,,,,,,,,,,,,,,,,,,,,,,,,,,,,2,7.2455,,0,4,4,2,1,I think I would like the work of a teacher.,,,,,,,,,,,,,,,,,,,,,,,,,,,,,,,,,,,,,,,,,,,,,,,,,
,,,,,,,,,,,,,,,,339398,001,2025-04-19_11h03.35.850,SLSINC,2022.2.5,Win32,60.24096386,,,,,,,,,,,,,,,,,,,,,,,,,,,,,,,,,,,,,,,,,,,,,,,,,,,,,,,,,,,,,,,,,,,2,6.8708,,0,5,5,5,1,I have made and created things that have had an impact on other people.,,,,,,,,,,,,,,,,,,,,,,,,,,,,,,,,,,,,,,,,,,,,,,,,,
,,,,,,,,,,,,,,,,339398,001,2025-04-19_11h03.35.850,SLSINC,2022.2.5,Win32,60.24096386,,,,,,,,,,,,,,,,,,,,,,,,,,,,,,,,,,,,,,,,,,,,,,,,,,,,,,,,,,,,,,,,,,,1,3.792,,0,6,6,9,1,Others would say that I have made unique contributions to society.,,,,,,,,,,,,,,,,,,,,,,,,,,,,,,,,,,,,,,,,,,,,,,,,,
,,,,,,,,,,,,,,,,339398,001,2025-04-19_11h03.35.850,SLSINC,2022.2.5,Win32,60.24096386,,,,,,,,,,,,,,,,,,,,,,,,,,,,,,,,,,,,,,,,,,,,,,,,,,,,,,,,,,,,,,,,,,,1,4.5503,,0,7,7,3,1,I feel as though I have made a difference to many people.,,,,,,,,,,,,,,,,,,,,,,,,,,,,,,,,,,,,,,,,,,,,,,,,,
,,,,,,,,,,,,,,,,339398,001,2025-04-19_11h03.35.850,SLSINC,2022.2.5,Win32,60.24096386,,,,,,,,,,,,,,,,,,,,,,,,,,,,,,,,,,,,,,,,,,,,,,,,,,,,,,,,,,,,,,,,,,,3,3.3232,,0,8,8,19,1,I feel as though my contributions will exist after I die.,,,,,,,,,,,,,,,,,,,,,,,,,,,,,,,,,,,,,,,,,,,,,,,,,
,,,,,,,,,,,,,,,,339398,001,2025-04-19_11h03.35.850,SLSINC,2022.2.5,Win32,60.24096386,,,,,,,,,,,,,,,,,,,,,,,,,,,,,,,,,,,,,,,,,,,,,,,,,,,,,,,,,,,,,,,,,,,1,2.9222,,0,9,9,1,1,I feel that other people need me.,,,,,,,,,,,,,,,,,,,,,,,,,,,,,,,,,,,,,,,,,,,,,,,,,
,,,,,,,,,,,,,,,,339398,001,2025-04-19_11h03.35.850,SLSINC,2022.2.5,Win32,60.24096386,,,,,,,,,,,,,,,,,,,,,,,,,,,,,,,,,,,,,,,,,,,,,,,,,,,,,,,,,,,,,,,,,,,4,4.5974,,0,10,10,16,1,Other people say that I am a very productive person.,,,,,,,,,,,,,,,,,,,,,,,,,,,,,,,,,,,,,,,,,,,,,,,,,
,,,,,,,,,,,,,,,,339398,001,2025-04-19_11h03.35.850,SLSINC,2022.2.5,Win32,60.24096386,,,,,,,,,,,,,,,,,,,,,,,,,,,,,,,,,,,,,,,,,,,,,,,,,,,,,,,,,,,,,,,,,,,1,1.9859,,0,11,11,4,1,I volunteer to work for a charity.,,,,,,,,,,,,,,,,,,,,,,,,,,,,,,,,,,,,,,,,,,,,,,,,,
,,,,,,,,,,,,,,,,339398,001,2025-04-19_11h03.35.850,SLSINC,2022.2.5,Win32,60.24096386,,,,,,,,,,,,,,,,,,,,,,,,,,,,,,,,,,,,,,,,,,,,,,,,,,,,,,,,,,,,,,,,,,,3,1.6395,,0,12,12,18,1,People come to me for advice.,,,,,,,,,,,,,,,,,,,,,,,,,,,,,,,,,,,,,,,,,,,,,,,,,
,,,,,,,,,,,,,,,,339398,001,2025-04-19_11h03.35.850,SLSINC,2022.2.5,Win32,60.24096386,,,,,,,,,,,,,,,,,,,,,,,,,,,,,,,,,,,,,,,,,,,,,,,,,,,,,,,,,,,,,,,,,,,1,2.8339,,0,13,13,7,1,I think that I will be remembered for a long time after I die.,,,,,,,,,,,,,,,,,,,,,,,,,,,,,,,,,,,,,,,,,,,,,,,,,
,,,,,,,,,,,,,,,,339398,001,2025-04-19_11h03.35.850,SLSINC,2022.2.5,Win32,60.24096386,,,,,,,,,,,,,,,,,,,,,,,,,,,,,,,,,,,,,,,,,,,,,,,,,,,,,,,,,,,,,,,,,,,2,28.5861,,0,14,14,11,1,I have important skills that I try to teach others.,,,,,,,,,,,,,,,,,,,,,,,,,,,,,,,,,,,,,,,,,,,,,,,,,
,,,,,,,,,,,,,,,,339398,001,2025-04-19_11h03.35.850,SLSINC,2022.2.5,Win32,60.24096386,,,,,,,,,,,,,,,,,,,,,,,,,,,,,,,,,,,,,,,,,,,,,,,,,,,,,,,,,,,,,,,,,,,3,9.4994,,0,15,15,0,1,Try to pass along the knowledge I have gained through my experiences.,,,,,,,,,,,,,,,,,,,,,,,,,,,,,,,,,,,,,,,,,,,,,,,,,
,,,,,,,,,,,,,,,,339398,001,2025-04-19_11h03.35.850,SLSINC,2022.2.5,Win32,60.24096386,,,,,,,,,,,,,,,,,,,,,,,,,,,,,,,,,,,,,,,,,,,,,,,,,,,,,,,,,,,,,,,,,,,3,2.4672,,0,16,16,6,1,I try to be creative in most things that I do.,,,,,,,,,,,,,,,,,,,,,,,,,,,,,,,,,,,,,,,,,,,,,,,,,
,,,,,,,,,,,,,,,,339398,001,2025-04-19_11h03.35.850,SLSINC,2022.2.5,Win32,60.24096386,,,,,,,,,,,,,,,,,,,,,,,,,,,,,,,,,,,,,,,,,,,,,,,,,,,,,,,,,,,,,,,,,,,1,2.2502,,0,17,17,17,1,I have a responsibility to improve the neighborhood in which I live.,,,,,,,,,,,,,,,,,,,,,,,,,,,,,,,,,,,,,,,,,,,,,,,,,
,,,,,,,,,,,,,,,,339398,001,2025-04-19_11h03.35.850,SLSINC,2022.2.5,Win32,60.24096386,,,,,,,,,,,,,,,,,,,,,,,,,,,,,,,,,,,,,,,,,,,,,,,,,,,,,,,,,,,,,,,,,,,3,5.5165,,0,18,18,10,1,"If I were unable to have children of my own, I would like to adopt children.",,,,,,,,,,,,,,,,,,,,,,,,,,,,,,,,,,,,,,,,,,,,,,,,,
,,,,,,,,,,,,,,,,339398,001,2025-04-19_11h03.35.850,SLSINC,2022.2.5,Win32,60.24096386,,,,,,,,,,,,,,,,,,,,,,,,,,,,,,,,,,,,,,,,,,,,,,,,,,,,,,,,,,,,,,,,,,,3,3.5336,,0,19,19,13,1,"In general, my actions have a positive effect on other people.",,,,,,,,,,,,,,,,,,,,,,,,,,,,,,,,,,,,,,,,,,,,,,,,,
,,,,,,,,,,,,,,,,339398,001,2025-04-19_11h03.35.850,SLSINC,2022.2.5,Win32,60.24096386,,,,,,,,,,,,,,,,,,,,,,,,,,,,,,,,,,,,,,,,,,,,,,,,,,,,,,,,,,,,,,,,,,,,,,,,,,,,space,1.4543,,,,,,,,,,,,,,,,,,,,,,,,,,,,,,,,,,,,,,,,,,,,,,,
,,,,,,,,,,,,,,,,339398,001,2025-04-19_11h03.35.850,SLSINC,2022.2.5,Win32,60.24096386,,,,,,,,,,,,,,,,,,,,,,,,,,,,,,,,,,,,,,,,,,,,,,,,,,,,,,,,,,,,,,,,,,,,,,,,,,,I do not feel alone,,,2,6.4299,,0,0,0,3,1,,,,,,,,,,,,,,,,,,,,,,,,,,,,,,,,,,,,,,,
,,,,,,,,,,,,,,,,339398,001,2025-04-19_11h03.35.850,SLSINC,2022.2.5,Win32,60.24096386,,,,,,,,,,,,,,,,,,,,,,,,,,,,,,,,,,,,,,,,,,,,,,,,,,,,,,,,,,,,,,,,,,,,,,,,,,,I feel in tune with the people around me,,,1,4.2195,,0,1,1,0,1,,,,,,,,,,,,,,,,,,,,,,,,,,,,,,,,,,,,,,,
,,,,,,,,,,,,,,,,339398,001,2025-04-19_11h03.35.850,SLSINC,2022.2.5,Win32,60.24096386,,,,,,,,,,,,,,,,,,,,,,,,,,,,,,,,,,,,,,,,,,,,,,,,,,,,,,,,,,,,,,,,,,,,,,,,,,,I feel left out,,,4,6.235,,0,2,2,10,1,,,,,,,,,,,,,,,,,,,,,,,,,,,,,,,,,,,,,,,
,,,,,,,,,,,,,,,,339398,001,2025-04-19_11h03.35.850,SLSINC,2022.2.5,Win32,60.24096386,,,,,,,,,,,,,,,,,,,,,,,,,,,,,,,,,,,,,,,,,,,,,,,,,,,,,,,,,,,,,,,,,,,,,,,,,,,I am no longer close to anyone,,,3,5.9997,,0,3,3,6,1,,,,,,,,,,,,,,,,,,,,,,,,,,,,,,,,,,,,,,,
,,,,,,,,,,,,,,,,339398,001,2025-04-19_11h03.35.850,SLSINC,2022.2.5,Win32,60.24096386,,,,,,,,,,,,,,,,,,,,,,,,,,,,,,,,,,,,,,,,,,,,,,,,,,,,,,,,,,,,,,,,,,,,,,,,,,,I have a lot in common with the people around me,,,2,2.6695,,0,4,4,5,1,,,,,,,,,,,,,,,,,,,,,,,,,,,,,,,,,,,,,,,
,,,,,,,,,,,,,,,,339398,001,2025-04-19_11h03.35.850,SLSINC,2022.2.5,Win32,60.24096386,,,,,,,,,,,,,,,,,,,,,,,,,,,,,,,,,,,,,,,,,,,,,,,,,,,,,,,,,,,,,,,,,,,,,,,,,,,I feel isolated from others,,,4,5.8884,,0,5,5,13,1,,,,,,,,,,,,,,,,,,,,,,,,,,,,,,,,,,,,,,,
,,,,,,,,,,,,,,,,339398,001,2025-04-19_11h03.35.850,SLSINC,2022.2.5,Win32,60.24096386,,,,,,,,,,,,,,,,,,,,,,,,,,,,,,,,,,,,,,,,,,,,,,,,,,,,,,,,,,,,,,,,,,,,,,,,,,,I feel part of a group of friends,,,1,1.7036,,0,6,6,4,1,,,,,,,,,,,,,,,,,,,,,,,,,,,,,,,,,,,,,,,
,,,,,,,,,,,,,,,,339398,001,2025-04-19_11h03.35.850,SLSINC,2022.2.5,Win32,60.24096386,,,,,,,,,,,,,,,,,,,,,,,,,,,,,,,,,,,,,,,,,,,,,,,,,,,,,,,,,,,,,,,,,,,,,,,,,,,My social relationships are superficial,,,3,6.9317,,0,7,7,11,1,,,,,,,,,,,,,,,,,,,,,,,,,,,,,,,,,,,,,,,
,,,,,,,,,,,,,,,,339398,001,2025-04-19_11h03.35.850,SLSINC,2022.2.5,Win32,60.24096386,,,,,,,,,,,,,,,,,,,,,,,,,,,,,,,,,,,,,,,,,,,,,,,,,,,,,,,,,,,,,,,,,,,,,,,,,,,There are people I can talk to,,,2,12.891,,0,8,8,18,1,,,,,,,,,,,,,,,,,,,,,,,,,,,,,,,,,,,,,,,
,,,,,,,,,,,,,,,,339398,001,2025-04-19_11h03.35.850,SLSINC,2022.2.5,Win32,60.24096386,,,,,,,,,,,,,,,,,,,,,,,,,,,,,,,,,,,,,,,,,,,,,,,,,,,,,,,,,,,,,,,,,,,,,,,,,,,There are people who really understand me,,,2,4.2977,,0,9,9,15,1,,,,,,,,,,,,,,,,,,,,,,,,,,,,,,,,,,,,,,,
,,,,,,,,,,,,,,,,339398,001,2025-04-19_11h03.35.850,SLSINC,2022.2.5,Win32,60.24096386,,,,,,,,,,,,,,,,,,,,,,,,,,,,,,,,,,,,,,,,,,,,,,,,,,,,,,,,,,,,,,,,,,,,,,,,,,,I am an outgoing person,,,3,1.9839,,0,10,10,8,1,,,,,,,,,,,,,,,,,,,,,,,,,,,,,,,,,,,,,,,
,,,,,,,,,,,,,,,,339398,001,2025-04-19_11h03.35.850,SLSINC,2022.2.5,Win32,60.24096386,,,,,,,,,,,,,,,,,,,,,,,,,,,,,,,,,,,,,,,,,,,,,,,,,,,,,,,,,,,,,,,,,,,,,,,,,,,There are people I can turn to,,,2,2.0015,,0,11,11,19,1,,,,,,,,,,,,,,,,,,,,,,,,,,,,,,,,,,,,,,,
,,,,,,,,,,,,,,,,339398,001,2025-04-19_11h03.35.850,SLSINC,2022.2.5,Win32,60.24096386,,,,,,,,,,,,,,,,,,,,,,,,,,,,,,,,,,,,,,,,,,,,,,,,,,,,,,,,,,,,,,,,,,,,,,,,,,,I am unhappy being so withdrawn ,,,3,5.2746,,0,12,12,16,1,,,,,,,,,,,,,,,,,,,,,,,,,,,,,,,,,,,,,,,
,,,,,,,,,,,,,,,,339398,001,2025-04-19_11h03.35.850,SLSINC,2022.2.5,Win32,60.24096386,,,,,,,,,,,,,,,,,,,,,,,,,,,,,,,,,,,,,,,,,,,,,,,,,,,,,,,,,,,,,,,,,,,,,,,,,,,People are around me but not with me,,,3,5.9049,,0,13,13,17,1,,,,,,,,,,,,,,,,,,,,,,,,,,,,,,,,,,,,,,,
,,,,,,,,,,,,,,,,339398,001,2025-04-19_11h03.35.850,SLSINC,2022.2.5,Win32,60.24096386,,,,,,,,,,,,,,,,,,,,,,,,,,,,,,,,,,,,,,,,,,,,,,,,,,,,,,,,,,,,,,,,,,,,,,,,,,,There are people I feel close to,,,2,2.2364,,0,14,14,9,1,,,,,,,,,,,,,,,,,,,,,,,,,,,,,,,,,,,,,,,
,,,,,,,,,,,,,,,,339398,001,2025-04-19_11h03.35.850,SLSINC,2022.2.5,Win32,60.24096386,,,,,,,,,,,,,,,,,,,,,,,,,,,,,,,,,,,,,,,,,,,,,,,,,,,,,,,,,,,,,,,,,,,,,,,,,,,No one really knows me well,,,3,2.3193,,0,15,15,12,1,,,,,,,,,,,,,,,,,,,,,,,,,,,,,,,,,,,,,,,
,,,,,,,,,,,,,,,,339398,001,2025-04-19_11h03.35.850,SLSINC,2022.2.5,Win32,60.24096386,,,,,,,,,,,,,,,,,,,,,,,,,,,,,,,,,,,,,,,,,,,,,,,,,,,,,,,,,,,,,,,,,,,,,,,,,,,I can find companionship when I want it,,,3,2.4977,,0,16,16,14,1,,,,,,,,,,,,,,,,,,,,,,,,,,,,,,,,,,,,,,,
,,,,,,,,,,,,,,,,339398,001,2025-04-19_11h03.35.850,SLSINC,2022.2.5,Win32,60.24096386,,,,,,,,,,,,,,,,,,,,,,,,,,,,,,,,,,,,,,,,,,,,,,,,,,,,,,,,,,,,,,,,,,,,,,,,,,,I lack companionship,,,3,2.3196,,0,17,17,1,1,,,,,,,,,,,,,,,,,,,,,,,,,,,,,,,,,,,,,,,
,,,,,,,,,,,,,,,,339398,001,2025-04-19_11h03.35.850,SLSINC,2022.2.5,Win32,60.24096386,,,,,,,,,,,,,,,,,,,,,,,,,,,,,,,,,,,,,,,,,,,,,,,,,,,,,,,,,,,,,,,,,,,,,,,,,,,There is no one I can turn to,,,3,4.6994,,0,18,18,2,1,,,,,,,,,,,,,,,,,,,,,,,,,,,,,,,,,,,,,,,
,,,,,,,,,,,,,,,,339398,001,2025-04-19_11h03.35.850,SLSINC,2022.2.5,Win32,60.24096386,,,,,,,,,,,,,,,,,,,,,,,,,,,,,,,,,,,,,,,,,,,,,,,,,,,,,,,,,,,,,,,,,,,,,,,,,,,My interests and ideas are not shared by those around me,,,3,4.0873,,0,19,19,7,1,,,,,,,,,,,,,,,,,,,,,,,,,,,,,,,,,,,,,,,
,,,,,,,,,,,,,,,,339398,001,2025-04-19_11h03.35.850,SLSINC,2022.2.5,Win32,60.24096386,,,,,,,,,,,,,,,,,,,,,,,,,,,,,,,,,,,,,,,,,,,,,,,,,,,,,,,,,,,,,,,,,,,,,,,,,,,,,,,,,,,,,,space,3.3527,,,,,,,,,,,,,,,,,,,,,,,,,,,,,,,,,,,,,
,,,,,,,,,,,,,,,,339398,001,2025-04-19_11h03.35.850,SLSINC,2022.2.5,Win32,60.24096386,,,,,,,,,,,,,,,,,,,,,,,,,,,,,,,,,,,,,,,,,,,,,,,,,,,,,,,,,,,,,,,,,,,,,,,,,,,,,,,,,,,,,,,,1,6.8335,My worries about Alzheimer’s disease and related dementias overwhelm me.,0,0,0,3,1,My worries about Alzheimer’s disease and related dementias overwhelm me.,,,,,,,,,,,,,,,,,,,,,,,,,,,,
,,,,,,,,,,,,,,,,339398,001,2025-04-19_11h03.35.850,SLSINC,2022.2.5,Win32,60.24096386,,,,,,,,,,,,,,,,,,,,,,,,,,,,,,,,,,,,,,,,,,,,,,,,,,,,,,,,,,,,,,,,,,,,,,,,,,,,,,,,,,,,,,,,1,7.0282,"When I forget a word that I want to say, my thoughts immediately turn to Alzheimer’s disease and related dementias.",0,1,1,10,1,"When I forget a word that I want to say, my thoughts immediately turn to Alzheimer’s disease and related dementias.",,,,,,,,,,,,,,,,,,,,,,,,,,,,
,,,,,,,,,,,,,,,,339398,001,2025-04-19_11h03.35.850,SLSINC,2022.2.5,Win32,60.24096386,,,,,,,,,,,,,,,,,,,,,,,,,,,,,,,,,,,,,,,,,,,,,,,,,,,,,,,,,,,,,,,,,,,,,,,,,,,,,,,,,,,,,,,,1,2.4241,"Once I start worrying about Alzheimer’s disease and related dementias, I just cannot stop.",0,2,2,8,1,"Once I start worrying about Alzheimer’s disease and related dementias, I just cannot stop.",,,,,,,,,,,,,,,,,,,,,,,,,,,,
,,,,,,,,,,,,,,,,339398,001,2025-04-19_11h03.35.850,SLSINC,2022.2.5,Win32,60.24096386,,,,,,,,,,,,,,,,,,,,,,,,,,,,,,,,,,,,,,,,,,,,,,,,,,,,,,,,,,,,,,,,,,,,,,,,,,,,,,,,,,,,,,,,1,7.2911,"When I am not distracted, I find my thoughts focusing on my own cognitive changes and concerns.",0,3,3,6,1,"When I am not distracted, I find my thoughts focusing on my own cognitive changes and concerns.",,,,,,,,,,,,,,,,,,,,,,,,,,,,
,,,,,,,,,,,,,,,,339398,001,2025-04-19_11h03.35.850,SLSINC,2022.2.5,Win32,60.24096386,,,,,,,,,,,,,,,,,,,,,,,,,,,,,,,,,,,,,,,,,,,,,,,,,,,,,,,,,,,,,,,,,,,,,,,,,,,,,,,,,,,,,,,,1,325.1927,"More often than not, I find my thoughts returning to concerns that I have Alzheimer’s disease or a related dementia.",0,4,4,4,1,"More often than not, I find my thoughts returning to concerns that I have Alzheimer’s disease or a related dementia.",,,,,,,,,,,,,,,,,,,,,,,,,,,,
,,,,,,,,,,,,,,,,339398,001,2025-04-19_11h03.35.850,SLSINC,2022.2.5,Win32,60.24096386,,,,,,,,,,,,,,,,,,,,,,,,,,,,,,,,,,,,,,,,,,,,,,,,,,,,,,,,,,,,,,,,,,,,,,,,,,,,,,,,,,,,,,,,1,1.9925,"Sometimes when trying to go to sleep, I find my thoughts drift to my concerns about having Alzheimer’s disease or a related dementia.",0,5,5,9,1,"Sometimes when trying to go to sleep, I find my thoughts drift to my concerns about having Alzheimer’s disease or a related dementia.",,,,,,,,,,,,,,,,,,,,,,,,,,,,
,,,,,,,,,,,,,,,,339398,001,2025-04-19_11h03.35.850,SLSINC,2022.2.5,Win32,60.24096386,,,,,,,,,,,,,,,,,,,,,,,,,,,,,,,,,,,,,,,,,,,,,,,,,,,,,,,,,,,,,,,,,,,,,,,,,,,,,,,,,,,,,,,,1,1.809,I find it difficult to control my worries about developing Alzheimer’s disease and related dementias.,0,6,6,1,1,I find it difficult to control my worries about developing Alzheimer’s disease and related dementias.,,,,,,,,,,,,,,,,,,,,,,,,,,,,
,,,,,,,,,,,,,,,,339398,001,2025-04-19_11h03.35.850,SLSINC,2022.2.5,Win32,60.24096386,,,,,,,,,,,,,,,,,,,,,,,,,,,,,,,,,,,,,,,,,,,,,,,,,,,,,,,,,,,,,,,,,,,,,,,,,,,,,,,,,,,,,,,,1,1.0556,I think I probably worry more about Alzheimer’s disease and related dementias than other people my same age.,0,7,7,11,1,I think I probably worry more about Alzheimer’s disease and related dementias than other people my same age.,,,,,,,,,,,,,,,,,,,,,,,,,,,,
,,,,,,,,,,,,,,,,339398,001,2025-04-19_11h03.35.850,SLSINC,2022.2.5,Win32,60.24096386,,,,,,,,,,,,,,,,,,,,,,,,,,,,,,,,,,,,,,,,,,,,,,,,,,,,,,,,,,,,,,,,,,,,,,,,,,,,,,,,,,,,,,,,1,1.7101,"When I can’t remember something, I find myself wondering whether I have Alzheimer’s disease or a related dementia.",0,8,8,2,1,"When I can’t remember something, I find myself wondering whether I have Alzheimer’s disease or a related dementia.",,,,,,,,,,,,,,,,,,,,,,,,,,,,
,,,,,,,,,,,,,,,,339398,001,2025-04-19_11h03.35.850,SLSINC,2022.2.5,Win32,60.24096386,,,,,,,,,,,,,,,,,,,,,,,,,,,,,,,,,,,,,,,,,,,,,,,,,,,,,,,,,,,,,,,,,,,,,,,,,,,,,,,,,,,,,,,,1,2.6886,"I know I shouldn’t worry about developing Alzheimer’s disease and related dementias, but I just cannot help it.",0,9,9,0,1,"I know I shouldn’t worry about developing Alzheimer’s disease and related dementias, but I just cannot help it.",,,,,,,,,,,,,,,,,,,,,,,,,,,,
,,,,,,,,,,,,,,,,339398,001,2025-04-19_11h03.35.850,SLSINC,2022.2.5,Win32,60.24096386,,,,,,,,,,,,,,,,,,,,,,,,,,,,,,,,,,,,,,,,,,,,,,,,,,,,,,,,,,,,,,,,,,,,,,,,,,,,,,,,,,,,,,,,1,1.4299,"	When I hear about someone having Alzheimer’s disease or a related dementia, I start to worry about having it myself.",0,10,10,5,1,"	When I hear about someone having Alzheimer’s disease or a related dementia, I start to worry about having it myself.",,,,,,,,,,,,,,,,,,,,,,,,,,,,
,,,,,,,,,,,,,,,,339398,001,2025-04-19_11h03.35.850,SLSINC,2022.2.5,Win32,60.24096386,,,,,,,,,,,,,,,,,,,,,,,,,,,,,,,,,,,,,,,,,,,,,,,,,,,,,,,,,,,,,,,,,,,,,,,,,,,,,,,,,,,,,,,,1,2.0894,"Even though I know it doesn’t help to focus on it, I can’t help thinking about whether or not I have Alzheimer’s disease or a related dementia.",0,11,11,7,1,"Even though I know it doesn’t help to focus on it, I can’t help thinking about whether or not I have Alzheimer’s disease or a related dementia.",,,,,,,,,,,,,,,,,,,,,,,,,,,,
,,,,,,,,,,,,,,,,339398,001,2025-04-19_11h03.35.850,SLSINC,2022.2.5,Win32,60.24096386,,,,,,,,,,,,,,,,,,,,,,,,,,,,,,,,,,,,,,,,,,,,,,,,,,,,,,,,,,,,,,,,,,,,,,,,,,,,,,,,,,,,,,,,,,,,,,,,,space,5.2807,,,,,,,,,,,,,,,,,,,,,,,,,,
,,,,,,,,,,,,,,,,339398,001,2025-04-19_11h03.35.850,SLSINC,2022.2.5,Win32,60.24096386,,,,,,,,,,,,,,,,,,,,,,,,,,,,,,,,,,,,,,,,,,,,,,,,,,,,,,,,,,,,,,,,,,,,,,,,,,,,,,,,,,,,,,,,,,,,,,,,,,,5,5.6025,"I answer the phone whenever it rings, even if I do not know who is calling",0,0,0,0,1,"I answer the phone whenever it rings, even if I do not know who is calling",,,,,,,,,,,,,,,,,
,,,,,,,,,,,,,,,,339398,001,2025-04-19_11h03.35.850,SLSINC,2022.2.5,Win32,60.24096386,,,,,,,,,,,,,,,,,,,,,,,,,,,,,,,,,,,,,,,,,,,,,,,,,,,,,,,,,,,,,,,,,,,,,,,,,,,,,,,,,,,,,,,,,,,,,,,,,,,1,4.0075,"I have difficulty ending a phone call, even if the caller is a telemarketer, someone I do not know, or someone I do not wish to call me",0,1,1,1,1,"I have difficulty ending a phone call, even if the caller is a telemarketer, someone I do not know, or someone I do not wish to call me",,,,,,,,,,,,,,,,,
,,,,,,,,,,,,,,,,339398,001,2025-04-19_11h03.35.850,SLSINC,2022.2.5,Win32,60.24096386,,,,,,,,,,,,,,,,,,,,,,,,,,,,,,,,,,,,,,,,,,,,,,,,,,,,,,,,,,,,,,,,,,,,,,,,,,,,,,,,,,,,,,,,,,,,,,,,,,,3,6.4455,Persons over the age of 65 are often targeted by con-artists,0,2,2,3,1,Persons over the age of 65 are often targeted by con-artists,,,,,,,,,,,,,,,,,
,,,,,,,,,,,,,,,,339398,001,2025-04-19_11h03.35.850,SLSINC,2022.2.5,Win32,60.24096386,,,,,,,,,,,,,,,,,,,,,,,,,,,,,,,,,,,,,,,,,,,,,,,,,,,,,,,,,,,,,,,,,,,,,,,,,,,,,,,,,,,,,,,,,,,,,,,,,,,4,2.7244,"If something sounds too good to be true, it usually is",0,3,3,2,1,"If something sounds too good to be true, it usually is",,,,,,,,,,,,,,,,,
,,,,,,,,,,,,,,,,339398,001,2025-04-19_11h03.35.850,SLSINC,2022.2.5,Win32,60.24096386,,,,,,,,,,,,,,,,,,,,,,,,,,,,,,,,,,,,,,,,,,,,,,,,,,,,,,,,,,,,,,,,,,,,,,,,,,,,,,,,,,,,,,,,,,,,,,,,,,,1,2.4252,"If a telemarketer calls me, I usually listen to what they have to say",0,4,4,4,1,"If a telemarketer calls me, I usually listen to what they have to say",,,,,,,,,,,,,,,,,
,,,,,,,,,,,,,,,,339398,001,2025-04-19_11h03.35.850,SLSINC,2022.2.5,Win32,60.24096386,,,,,,,,,,,,,,,,,,,,,,,,,,,,,,,,,,,,,,,,,,,,,,,,,,,,,,,,,,,,,,,,,,,,,,,,,,,,,,,,,,,,,,,,,,,,,,,,,,,,,,,,,,,,2.02459893,2.242,,,,,,,,,,,,,,,
,,,,,,,,,,,,,,,,339398,001,2025-04-19_11h03.35.850,SLSINC,2022.2.5,Win32,60.24096386,,,,,,,,,,,,,,,,,,,,,,,,,,,,,,,,,,,,,,,,,,,,,,,,,,,,,,,,,,,,,,,,,,,,,,,,,,,,,,,,,,,,,,,,,,,,,,,,,,,,,,,,,,,,,,,,,,,,,,,,,,,,
,,,,,,,,,,,,,,,,339398,001,2025-04-19_11h03.35.850,SLSINC,2022.2.5,Win32,60.24096386,,,,,,,,,,,,,,,,,,,,,,,,,,,,,,,,,,,,,,,,,,,,,,,,,,,,,,,,,,,,,,,,,,,,,,,,,,,,,,,,,,,,,,,,,,,,,,,,,,,,,,,,,,,,,,"[""male_option""]",,,,,,,,,,,,,,
,,,,,,,,,,,,,,,,339398,001,2025-04-19_11h03.35.850,SLSINC,2022.2.5,Win32,60.24096386,,,,,,,,,,,,,,,,,,,,,,,,,,,,,,,,,,,,,,,,,,,,,,,,,,,,,,,,,,,,,,,,,,,,,,,,,,,,,,,,,,,,,,,,,,,,,,,,,,,,,,,,,,,,,,,,,,,,,,,,,,,,
,,,,,,,,,,,,,,,,339398,001,2025-04-19_11h03.35.850,SLSINC,2022.2.5,Win32,60.24096386,,,,,,,,,,,,,,,,,,,,,,,,,,,,,,,,,,,,,,,,,,,,,,,,,,,,,,,,,,,,,,,,,,,,,,,,,,,,,,,,,,,,,,,,,,,,,,,,,,,,,,,,,,,,,,,21,08/01/2003,,,,,,,,,,,,
,,,,,,,,,,,,,,,,339398,001,2025-04-19_11h03.35.850,SLSINC,2022.2.5,Win32,60.24096386,,,,,,,,,,,,,,,,,,,,,,,,,,,,,,,,,,,,,,,,,,,,,,,,,,,,,,,,,,,,,,,,,,,,,,,,,,,,,,,,,,,,,,,,,,,,,,,,,,,,,,,,,,,,,,,,,,,,,,,,,,,,
,,,,,,,,,,,,,,,,339398,001,2025-04-19_11h03.35.850,SLSINC,2022.2.5,Win32,60.24096386,,,,,,,,,,,,,,,,,,,,,,,,,,,,,,,,,,,,,,,,,,,,,,,,,,,,,,,,,,,,,,,,,,,,,,,,,,,,,,,,,,,,,,,,,,,,,,,,,,,,,,,,,,,,,,,,,"[""EduOpt4""]",,,,,,,,,,,
,,,,,,,,,,,,,,,,339398,001,2025-04-19_11h03.35.850,SLSINC,2022.2.5,Win32,60.24096386,,,,,,,,,,,,,,,,,,,,,,,,,,,,,,,,,,,,,,,,,,,,,,,,,,,,,,,,,,,,,,,,,,,,,,,,,,,,,,,,,,,,,,,,,,,,,,,,,,,,,,,,,,,,,,,,,,,,,,,,,,,,
,,,,,,,,,,,,,,,,339398,001,2025-04-19_11h03.35.850,SLSINC,2022.2.5,Win32,60.24096386,,,,,,,,,,,,,,,,,,,,,,,,,,,,,,,,,,,,,,,,,,,,,,,,,,,,,,,,,,,,,,,,,,,,,,,,,,,,,,,,,,,,,,,,,,,,,,,,,,,,,,,,,,,,,,,,,,"[""EthnOpt6""]",,,,,,,,,,
,,,,,,,,,,,,,,,,339398,001,2025-04-19_11h03.35.850,SLSINC,2022.2.5,Win32,60.24096386,,,,,,,,,,,,,,,,,,,,,,,,,,,,,,,,,,,,,,,,,,,,,,,,,,,,,,,,,,,,,,,,,,,,,,,,,,,,,,,,,,,,,,,,,,,,,,,,,,,,,,,,,,,,,,,,,,,,,,,,,,,,
,,,,,,,,,,,,,,,,339398,001,2025-04-19_11h03.35.850,SLSINC,2022.2.5,Win32,60.24096386,,,,,,,,,,,,,,,,,,,,,,,,,,,,,,,,,,,,,,,,,,,,,,,,,,,,,,,,,,,,,,,,,,,,,,,,,,,,,,,,,,,,,,,,,,,,,,,,,,,,,,,,,,,,,,,,,,,"[""EngFlncyY""]",,,,,,,,,
,,,,,,,,,,,,,,,,339398,001,2025-04-19_11h03.35.850,SLSINC,2022.2.5,Win32,60.24096386,,,,,,,,,,,,,,,,,,,,,,,,,,,,,,,,,,,,,,,,,,,,,,,,,,,,,,,,,,,,,,,,,,,,,,,,,,,,,,,,,,,,,,,,,,,,,,,,,,,,,,,,,,,,,,,,,,,,,,,,,,,,
,,,,,,,,,,,,,,,,339398,001,2025-04-19_11h03.35.850,SLSINC,2022.2.5,Win32,60.24096386,,,,,,,,,,,,,,,,,,,,,,,,,,,,,,,,,,,,,,,,,,,,,,,,,,,,,,,,,,,,,,,,,,,,,,,,,,,,,,,,,,,,,,,,,,,,,,,,,,,,,,,,,,,,,,,,,,,,0,USA,,,,,,,
,,,,,,,,,,,,,,,,339398,001,2025-04-19_11h03.35.850,SLSINC,2022.2.5,Win32,60.24096386,,,,,,,,,,,,,,,,,,,,,,,,,,,,,,,,,,,,,,,,,,,,,,,,,,,,,,,,,,,,,,,,,,,,,,,,,,,,,,,,,,,,,,,,,,,,,,,,,,,,,,,,,,,,,,,,,,,,,,,,,,,,
,,,,,,,,,,,,,,,,339398,001,2025-04-19_11h03.35.850,SLSINC,2022.2.5,Win32,60.24096386,,,,,,,,,,,,,,,,,,,,,,,,,,,,,,,,,,,,,,,,,,,,,,,,,,,,,,,,,,,,,,,,,,,,,,,,,,,,,,,,,,,,,,,,,,,,,,,,,,,,,,,,,,,,,,,,,,,,,,D,,,,,,
,,,,,,,,,,,,,,,,339398,001,2025-04-19_11h03.35.850,SLSINC,2022.2.5,Win32,60.24096386,,,,,,,,,,,,,,,,,,,,,,,,,,,,,,,,,,,,,,,,,,,,,,,,,,,,,,,,,,,,,,,,,,,,,,,,,,,,,,,,,,,,,,,,,,,,,,,,,,,,,,,,,,,,,,,,,,,,,,,,,,,,
,,,,,,,,,,,,,,,,339398,001,2025-04-19_11h03.35.850,SLSINC,2022.2.5,Win32,60.24096386,,,,,,,,,,,,,,,,,,,,,,,,,,,,,,,,,,,,,,,,,,,,,,,,,,,,,,,,,,,,,,,,,,,,,,,,,,,,,,,,,,,,,,,,,,,,,,,,,,,,,,,,,,,,,,,,,,,,,,,i talked a little to someone ,,,,,
,,,,,,,,,,,,,,,,339398,001,2025-04-19_11h03.35.850,SLSINC,2022.2.5,Win32,60.24096386,,,,,,,,,,,,,,,,,,,,,,,,,,,,,,,,,,,,,,,,,,,,,,,,,,,,,,,,,,,,,,,,,,,,,,,,,,,,,,,,,,,,,,,,,,,,,,,,,,,,,,,,,,,,,,,,,,,,,,,,,,,,
,,,,,,,,,,,,,,,,339398,001,2025-04-19_11h03.35.850,SLSINC,2022.2.5,Win32,60.24096386,,,,,,,,,,,,,,,,,,,,,,,,,,,,,,,,,,,,,,,,,,,,,,,,,,,,,,,,,,,,,,,,,,,,,,,,,,,,,,,,,,,,,,,,,,,,,,,,,,,,,,,,,,,,,,,,,,,,,,,,too long ,,,,
,,,,,,,,,,,,,,,,339398,001,2025-04-19_11h03.35.850,SLSINC,2022.2.5,Win32,60.24096386,,,,,,,,,,,,,,,,,,,,,,,,,,,,,,,,,,,,,,,,,,,,,,,,,,,,,,,,,,,,,,,,,,,,,,,,,,,,,,,,,,,,,,,,,,,,,,,,,,,,,,,,,,,,,,,,,,,,,,,,,,,,
,,,,,,,,,,,,,,,,339398,001,2025-04-19_11h03.35.850,SLSINC,2022.2.5,Win32,60.24096386,,,,,,,,,,,,,,,,,,,,,,,,,,,,,,,,,,,,,,,,,,,,,,,,,,,,,,,,,,,,,,,,,,,,,,,,,,,,,,,,,,,,,,,,,,,,,,,,,,,,,,,,,,,,,,,,,,,,,,,,,"[""Q4option1""]",,,
,,,,,,,,,,,,,,,,339398,001,2025-04-19_11h03.35.850,SLSINC,2022.2.5,Win32,60.24096386,,,,,,,,,,,,,,,,,,,,,,,,,,,,,,,,,,,,,,,,,,,,,,,,,,,,,,,,,,,,,,,,,,,,,,,,,,,,,,,,,,,,,,,,,,,,,,,,,,,,,,,,,,,,,,,,,,,,,,,,,,,,
,,,,,,,,,,,,,,,,339398,001,2025-04-19_11h03.35.850,SLSINC,2022.2.5,Win32,60.24096386,,,,,,,,,,,,,,,,,,,,,,,,,,,,,,,,,,,,,,,,,,,,,,,,,,,,,,,,,,,,,,,,,,,,,,,,,,,,,,,,,,,,,,,,,,,,,,,,,,,,,,,,,,,,,,,,,,,,,,,,,,1,[2023.8545],[2023.8545]
