bruinID.text,button.numClicks,button.timesOn,button.timesOff,mouseLogIn.x,mouseLogIn.y,mouseLogIn.leftButton,mouseLogIn.midButton,mouseLogIn.rightButton,mouseLogIn.time,mouseLogIn.clicked_name,repeat.thisRepN,repeat.thisTrialN,repeat.thisN,repeat.thisIndex,repeat.ran,participant,session,date,expName,psychopyVersion,OS,frameRate,key_resp_6.keys,key_resp_6.rt,key_resp_5.keys,key_resp_5.rt,subjage_slider.response,subjage_slider.rt,confidence_scale.response,confidence_scale.rt,key_resp_7.keys,key_resp_7.rt,button_2.numClicks,button_2.timesOn,button_2.timesOff,email_type,scam_button.numClicks,scam_button.timesOn,scam_button.timesOff,legit_button.numClicks,legit_button.timesOn,legit_button.timesOff,button_selections_1,confidence_scale_email.response,confidence_scale_email.rt,personal_rel_scale.response,personal_rel_scale.rt,curiosity_scale.response,curiosity_scale.rt,email_loop.thisRepN,email_loop.thisTrialN,email_loop.thisN,email_loop.thisIndex,email_loop.ran,emails,type,xsize,ysize,xpos,ypos,key_resp_11.keys,key_resp_11.rt,key_resp_9.keys,key_resp_9.rt,key_resp_10.keys,key_resp_10.rt,textbox.text,next_button.numClicks,next_button.timesOn,next_button.timesOff,email_loops2.thisRepN,email_loops2.thisTrialN,email_loops2.thisN,email_loops2.thisIndex,email_loops2.ran,key_resp_3.keys,key_resp_3.rt,slider1_2.response,slider1_2.rt,trust_question,loop_GT.thisRepN,loop_GT.thisTrialN,loop_GT.thisN,loop_GT.thisIndex,loop_GT.ran,Phrases,instructionresp_2.keys,instructionresp_2.rt,key_resp_13.keys,key_resp_13.rt,gen_question,loop_G.thisRepN,loop_G.thisTrialN,loop_G.thisN,loop_G.thisIndex,loop_G.ran,Questions,instructionresp.keys,instructionresp.rt,key_resp_2.keys,key_resp_2.rt,lonely_question,loop_LS.thisRepN,loop_LS.thisTrialN,loop_LS.thisN,loop_LS.thisIndex,loop_LS.ran,key_resp_4.keys,key_resp_4.rt,rating.response,rating.rt,dementia_question,loop_dm.thisRepN,loop_dm.thisTrialN,loop_dm.thisN,loop_dm.thisIndex,loop_dm.ran,Items,key_resp.keys,key_resp.rt,slider1.response,slider1.rt,ss_question,loop_SS.thisRepN,loop_SS.thisTrialN,loop_SS.thisN,loop_SS.thisIndex,loop_SS.ran,Statements,slider.response,slider.rt,Gender,textboxAge.text,textboxBirthday.text,Education Level,Ethnicity,English Fluency,textboxAge_2.text,textboxCountry.text,FQ1textbox.text,textboxQuestion2.text,textboxQuestion3.text,FQ4 selection,Finish.numClicks,Finish.timesOn,Finish.timesOff
706214690,1,[15.072],[15.072099999994041],0.319032118,-0.096154514,1,0,0,15.0043,button,0,0,0,0,1,873570,001,2025-04-18_16h26.16.148,SLSINC,2022.2.5,MacIntel,60.60606061,,,,,,,,,,,,,,,,,,,,,,,,,,,,,,,,,,,,,,,,,,,,,,,,,,,,,,,,,,,,,,,,,,,,,,,,,,,,,,,,,,,,,,,,,,,,,,,,,,,,,,,,,,,,,,,,,,,,,,,,,,,,
,,,,,,,,,,,,,,,,873570,001,2025-04-18_16h26.16.148,SLSINC,2022.2.5,MacIntel,60.60606061,space,1.5703,,,,,,,,,,,,,,,,,,,,,,,,,,,,,,,,,,,,,,,,,,,,,,,,,,,,,,,,,,,,,,,,,,,,,,,,,,,,,,,,,,,,,,,,,,,,,,,,,,,,,,,,,,,,,,,,,,,,,,,,,,
,,,,,,,,,,,,,,,,873570,001,2025-04-18_16h26.16.148,SLSINC,2022.2.5,MacIntel,60.60606061,,,space,5.2141,,,,,,,,,,,,,,,,,,,,,,,,,,,,,,,,,,,,,,,,,,,,,,,,,,,,,,,,,,,,,,,,,,,,,,,,,,,,,,,,,,,,,,,,,,,,,,,,,,,,,,,,,,,,,,,,,,,,,,,,
,,,,,,,,,,,,,,,,873570,001,2025-04-18_16h26.16.148,SLSINC,2022.2.5,MacIntel,60.60606061,,,,,35.53177083,3.7799,,,,,,,,,,,,,,,,,,,,,,,,,,,,,,,,,,,,,,,,,,,,,,,,,,,,,,,,,,,,,,,,,,,,,,,,,,,,,,,,,,,,,,,,,,,,,,,,,,,,,,,,,,,,,,,,,,,,,,
,,,,,,,,,,,,,,,,873570,001,2025-04-18_16h26.16.148,SLSINC,2022.2.5,MacIntel,60.60606061,,,,,,,6.972352431,5.7147,,,,,,,,,,,,,,,,,,,,,,,,,,,,,,,,,,,,,,,,,,,,,,,,,,,,,,,,,,,,,,,,,,,,,,,,,,,,,,,,,,,,,,,,,,,,,,,,,,,,,,,,,,,,,,,,,,,,
,,,,,,,,,,,,,,,,873570,001,2025-04-18_16h26.16.148,SLSINC,2022.2.5,MacIntel,60.60606061,,,,,,,,,space,0.0846,,,,,,,,,,,,,,,,,,,,,,,,,,,,,,,,,,,,,,,,,,,,,,,,,,,,,,,,,,,,,,,,,,,,,,,,,,,,,,,,,,,,,,,,,,,,,,,,,,,,,,,,,,,,,,,,,,
,,,,,,,,,,,,,,,,873570,001,2025-04-18_16h26.16.148,SLSINC,2022.2.5,MacIntel,60.60606061,,,,,,,,,,,1,[51.873800000011926],[51.87390000000596],,1,[53.25580000001192],[53.255900000005965],0,[],[],"[""scam_button""]",4.727256944,5.7639,3.002560764,7.6811,3.002560764,1.7802,0,0,0,2,1,resources/images/scam3.png,scam,1.2,0.65,0,0,,,,,,,,,,,,,,,,,,,,,,,,,,,,,,,,,,,,,,,,,,,,,,,,,,,,,,,,,,,,,,,,,,,,,,,,,,,,,,,,,,,,,,
,,,,,,,,,,,,,,,,873570,001,2025-04-18_16h26.16.148,SLSINC,2022.2.5,MacIntel,60.60606061,,,,,,,,,,,2,"[51.873800000011926,71.8565]","[51.87390000000596,71.8565]",,1,[53.25580000001192],[53.255900000005965],1,[72.82290000000596],[72.823],"[""legit_button""]",8.043880208,4.53,7.02578125,3.1476,7.977994792,1.9646,0,1,1,16,1,resources/images/scam13.png,scam,1,0.65,0,0,,,,,,,,,,,,,,,,,,,,,,,,,,,,,,,,,,,,,,,,,,,,,,,,,,,,,,,,,,,,,,,,,,,,,,,,,,,,,,,,,,,,,,
,,,,,,,,,,,,,,,,873570,001,2025-04-18_16h26.16.148,SLSINC,2022.2.5,MacIntel,60.60606061,,,,,,,,,,,3,"[51.873800000011926,71.8565,95.6235]","[51.87390000000596,71.8565,95.6235]",,2,"[53.25580000001192,96.70630000001192]","[53.255900000005965,96.70640000000596]",1,[72.82290000000596],[72.823],"[""scam_button""]",5.914539931,1.2644,4.875564236,1.2474,4.966102431,0.6646,0,2,2,19,1,resources/images/scam_11.png,scam,1,0.65,0,0,,,,,,,,,,,,,,,,,,,,,,,,,,,,,,,,,,,,,,,,,,,,,,,,,,,,,,,,,,,,,,,,,,,,,,,,,,,,,,,,,,,,,,
,,,,,,,,,,,,,,,,873570,001,2025-04-18_16h26.16.148,SLSINC,2022.2.5,MacIntel,60.60606061,,,,,,,,,,,4,"[51.873800000011926,71.8565,95.6235,115.09020000001787]","[51.87390000000596,71.8565,95.6235,115.09020000001787]",,3,"[53.25580000001192,96.70630000001192,115.85640000000595]","[53.255900000005965,96.70640000000596,115.85640000000595]",1,[72.82290000000596],[72.823],"[""scam_button""]",5.043880208,1.0471,5.033116319,0.663,5.033116319,0.3977,0,3,3,12,1,resources/images/legit5-EDIT.png,legit,0.65,0.65,0,0,,,,,,,,,,,,,,,,,,,,,,,,,,,,,,,,,,,,,,,,,,,,,,,,,,,,,,,,,,,,,,,,,,,,,,,,,,,,,,,,,,,,,,
,,,,,,,,,,,,,,,,873570,001,2025-04-18_16h26.16.148,SLSINC,2022.2.5,MacIntel,60.60606061,,,,,,,,,,,5,"[51.873800000011926,71.8565,95.6235,115.09020000001787,125.33970000001786]","[51.87390000000596,71.8565,95.6235,115.09020000001787,125.33980000001192]",,4,"[53.25580000001192,96.70630000001192,115.85640000000595,126.15640000000596]","[53.255900000005965,96.70640000000596,115.85640000000595,126.15640000000596]",1,[72.82290000000596],[72.823],"[""scam_button""]",4.835633681,0.8969,4.835633681,0.4478,4.835633681,0.2978,0,4,4,8,1,resources/images/legit9-EDIT.png,legit,1,0.65,0,0,,,,,,,,,,,,,,,,,,,,,,,,,,,,,,,,,,,,,,,,,,,,,,,,,,,,,,,,,,,,,,,,,,,,,,,,,,,,,,,,,,,,,,
,,,,,,,,,,,,,,,,873570,001,2025-04-18_16h26.16.148,SLSINC,2022.2.5,MacIntel,60.60606061,,,,,,,,,,,6,"[51.873800000011926,71.8565,95.6235,115.09020000001787,125.33970000001786,140.17399999999998]","[51.87390000000596,71.8565,95.6235,115.09020000001787,125.33980000001192,140.17410000002383]",,5,"[53.25580000001192,96.70630000001192,115.85640000000595,126.15640000000596,140.93990000000593]","[53.255900000005965,96.70640000000596,115.85640000000595,126.15640000000596,140.93990000000593]",1,[72.82290000000596],[72.823],"[""scam_button""]",5.103645833,1.4307,5.070008681,0.348,5.070008681,0.2979,0,5,5,6,1,resources/images/scam4.png,scam,0.8,0.65,0,0,,,,,,,,,,,,,,,,,,,,,,,,,,,,,,,,,,,,,,,,,,,,,,,,,,,,,,,,,,,,,,,,,,,,,,,,,,,,,,,,,,,,,,
,,,,,,,,,,,,,,,,873570,001,2025-04-18_16h26.16.148,SLSINC,2022.2.5,MacIntel,60.60606061,,,,,,,,,,,7,"[51.873800000011926,71.8565,95.6235,115.09020000001787,125.33970000001786,140.17399999999998,150.95710000002381]","[51.87390000000596,71.8565,95.6235,115.09020000001787,125.33980000001192,140.17410000002383,150.95710000002381]",,5,"[53.25580000001192,96.70630000001192,115.85640000000595,126.15640000000596,140.93990000000593]","[53.255900000005965,96.70640000000596,115.85640000000595,126.15640000000596,140.93990000000593]",2,"[72.82290000000596,151.48969999998806]","[72.823,151.48969999998806]","[""legit_button""]",6.207855903,0.8963,6.096744792,0.347,6.096744792,0.2807,0,6,6,9,1,resources/images/scam6.jpg,scam,1,0.65,0,0,,,,,,,,,,,,,,,,,,,,,,,,,,,,,,,,,,,,,,,,,,,,,,,,,,,,,,,,,,,,,,,,,,,,,,,,,,,,,,,,,,,,,,
,,,,,,,,,,,,,,,,873570,001,2025-04-18_16h26.16.148,SLSINC,2022.2.5,MacIntel,60.60606061,,,,,,,,,,,8,"[51.873800000011926,71.8565,95.6235,115.09020000001787,125.33970000001786,140.17399999999998,150.95710000002381,155.65699999999998]","[51.87390000000596,71.8565,95.6235,115.09020000001787,125.33980000001192,140.17410000002383,150.95710000002381,155.6571000000238]",,5,"[53.25580000001192,96.70630000001192,115.85640000000595,126.15640000000596,140.93990000000593]","[53.255900000005965,96.70640000000596,115.85640000000595,126.15640000000596,140.93990000000593]",3,"[72.82290000000596,151.48969999998806,156.58969999998806]","[72.823,151.48969999998806,156.5897999999821]","[""legit_button""]",6.928993056,0.7971,6.928993056,0.2801,6.928993056,0.265,0,7,7,11,1,resources/images/legit4-EDIT.png,legit,0.65,0.65,0,0,,,,,,,,,,,,,,,,,,,,,,,,,,,,,,,,,,,,,,,,,,,,,,,,,,,,,,,,,,,,,,,,,,,,,,,,,,,,,,,,,,,,,,
,,,,,,,,,,,,,,,,873570,001,2025-04-18_16h26.16.148,SLSINC,2022.2.5,MacIntel,60.60606061,,,,,,,,,,,9,"[51.873800000011926,71.8565,95.6235,115.09020000001787,125.33970000001786,140.17399999999998,150.95710000002381,155.65699999999998,166.55720000001784]","[51.87390000000596,71.8565,95.6235,115.09020000001787,125.33980000001192,140.17410000002383,150.95710000002381,155.6571000000238,166.55720000001784]",,5,"[53.25580000001192,96.70630000001192,115.85640000000595,126.15640000000596,140.93990000000593]","[53.255900000005965,96.70640000000596,115.85640000000595,126.15640000000596,140.93990000000593]",4,"[72.82290000000596,151.48969999998806,156.58969999998806,167.7897999999821]","[72.823,151.48969999998806,156.5897999999821,167.7897999999821]","[""legit_button""]",5.890364583,0.5473,5.890364583,0.3316,5.890364583,0.321,0,8,8,1,1,resources/images/scam_2.png,scam,0.9,0.65,0,0,,,,,,,,,,,,,,,,,,,,,,,,,,,,,,,,,,,,,,,,,,,,,,,,,,,,,,,,,,,,,,,,,,,,,,,,,,,,,,,,,,,,,,
,,,,,,,,,,,,,,,,873570,001,2025-04-18_16h26.16.148,SLSINC,2022.2.5,MacIntel,60.60606061,,,,,,,,,,,10,"[51.873800000011926,71.8565,95.6235,115.09020000001787,125.33970000001786,140.17399999999998,150.95710000002381,155.65699999999998,166.55720000001784,173.7238000000119]","[51.87390000000596,71.8565,95.6235,115.09020000001787,125.33980000001192,140.17410000002383,150.95710000002381,155.6571000000238,166.55720000001784,173.7238000000119]",,5,"[53.25580000001192,96.70630000001192,115.85640000000595,126.15640000000596,140.93990000000593]","[53.255900000005965,96.70640000000596,115.85640000000595,126.15640000000596,140.93990000000593]",5,"[72.82290000000596,151.48969999998806,156.58969999998806,167.7897999999821,174.2232999999821]","[72.823,151.48969999998806,156.5897999999821,167.7897999999821,174.2232999999821]","[""legit_button""]",5.096571181,0.8138,5.096571181,0.2477,5.096571181,0.198,0,9,9,22,1,resources/images/legit17-EDIT.png,legit,0.65,0.65,0,0,,,,,,,,,,,,,,,,,,,,,,,,,,,,,,,,,,,,,,,,,,,,,,,,,,,,,,,,,,,,,,,,,,,,,,,,,,,,,,,,,,,,,,
,,,,,,,,,,,,,,,,873570,001,2025-04-18_16h26.16.148,SLSINC,2022.2.5,MacIntel,60.60606061,,,,,,,,,,,11,"[51.873800000011926,71.8565,95.6235,115.09020000001787,125.33970000001786,140.17399999999998,150.95710000002381,155.65699999999998,166.55720000001784,173.7238000000119,178.80720000001784]","[51.87390000000596,71.8565,95.6235,115.09020000001787,125.33980000001192,140.17410000002383,150.95710000002381,155.6571000000238,166.55720000001784,173.7238000000119,178.80720000001784]",,6,"[53.25580000001192,96.70630000001192,115.85640000000595,126.15640000000596,140.93990000000593,179.47349999999997]","[53.255900000005965,96.70640000000596,115.85640000000595,126.15640000000596,140.93990000000593,179.47360000002382]",5,"[72.82290000000596,151.48969999998806,156.58969999998806,167.7897999999821,174.2232999999821]","[72.823,151.48969999998806,156.5897999999821,167.7897999999821,174.2232999999821]","[""scam_button""]",4.033680556,0.7308,4.033680556,0.2977,4.033680556,0.2138,0,10,10,5,1,resources/images/legit3.jpg,legit,1,0.73,0,0,,,,,,,,,,,,,,,,,,,,,,,,,,,,,,,,,,,,,,,,,,,,,,,,,,,,,,,,,,,,,,,,,,,,,,,,,,,,,,,,,,,,,,
,,,,,,,,,,,,,,,,873570,001,2025-04-18_16h26.16.148,SLSINC,2022.2.5,MacIntel,60.60606061,,,,,,,,,,,12,"[51.873800000011926,71.8565,95.6235,115.09020000001787,125.33970000001786,140.17399999999998,150.95710000002381,155.65699999999998,166.55720000001784,173.7238000000119,178.80720000001784,184.10720000001785]","[51.87390000000596,71.8565,95.6235,115.09020000001787,125.33980000001192,140.17410000002383,150.95710000002381,155.6571000000238,166.55720000001784,173.7238000000119,178.80720000001784,184.10740000000592]",,6,"[53.25580000001192,96.70630000001192,115.85640000000595,126.15640000000596,140.93990000000593,179.47349999999997]","[53.255900000005965,96.70640000000596,115.85640000000595,126.15640000000596,140.93990000000593,179.47360000002382]",6,"[72.82290000000596,151.48969999998806,156.58969999998806,167.7897999999821,174.2232999999821,184.68990000000593]","[72.823,151.48969999998806,156.5897999999821,167.7897999999821,174.2232999999821,184.68990000000593]","[""legit_button""]",7.893446181,1.4478,7.893446181,0.281,7.893446181,0.1811,0,11,11,15,1,resources/images/legit8.png,legit,0.8,0.72,0,0,,,,,,,,,,,,,,,,,,,,,,,,,,,,,,,,,,,,,,,,,,,,,,,,,,,,,,,,,,,,,,,,,,,,,,,,,,,,,,,,,,,,,,
,,,,,,,,,,,,,,,,873570,001,2025-04-18_16h26.16.148,SLSINC,2022.2.5,MacIntel,60.60606061,,,,,,,,,,,13,"[51.873800000011926,71.8565,95.6235,115.09020000001787,125.33970000001786,140.17399999999998,150.95710000002381,155.65699999999998,166.55720000001784,173.7238000000119,178.80720000001784,184.10720000001785,193.72340000000594]","[51.87390000000596,71.8565,95.6235,115.09020000001787,125.33980000001192,140.17410000002383,150.95710000002381,155.6571000000238,166.55720000001784,173.7238000000119,178.80720000001784,184.10740000000592,193.72340000000594]",,7,"[53.25580000001192,96.70630000001192,115.85640000000595,126.15640000000596,140.93990000000593,179.47349999999997,196.22349999999997]","[53.255900000005965,96.70640000000596,115.85640000000595,126.15640000000596,140.93990000000593,179.47360000002382,196.22349999999997]",6,"[72.82290000000596,151.48969999998806,156.58969999998806,167.7897999999821,174.2232999999821,184.68990000000593]","[72.823,151.48969999998806,156.5897999999821,167.7897999999821,174.2232999999821,184.68990000000593]","[""scam_button""]",4.862803819,0.7969,4.862803819,0.1981,4.862803819,0.1972,0,12,12,18,1,resources/images/legit10-EDIT.png,legit,1,0.65,0,0,,,,,,,,,,,,,,,,,,,,,,,,,,,,,,,,,,,,,,,,,,,,,,,,,,,,,,,,,,,,,,,,,,,,,,,,,,,,,,,,,,,,,,
,,,,,,,,,,,,,,,,873570,001,2025-04-18_16h26.16.148,SLSINC,2022.2.5,MacIntel,60.60606061,,,,,,,,,,,14,"[51.873800000011926,71.8565,95.6235,115.09020000001787,125.33970000001786,140.17399999999998,150.95710000002381,155.65699999999998,166.55720000001784,173.7238000000119,178.80720000001784,184.10720000001785,193.72340000000594,199.1068000000119]","[51.87390000000596,71.8565,95.6235,115.09020000001787,125.33980000001192,140.17410000002383,150.95710000002381,155.6571000000238,166.55720000001784,173.7238000000119,178.80720000001784,184.10740000000592,193.72340000000594,199.10690000000594]",,8,"[53.25580000001192,96.70630000001192,115.85640000000595,126.15640000000596,140.93990000000593,179.47349999999997,196.22349999999997,199.78990000000596]","[53.255900000005965,96.70640000000596,115.85640000000595,126.15640000000596,140.93990000000593,179.47360000002382,196.22349999999997,199.78990000000596]",6,"[72.82290000000596,151.48969999998806,156.58969999998806,167.7897999999821,174.2232999999821,184.68990000000593]","[72.823,151.48969999998806,156.5897999999821,167.7897999999821,174.2232999999821,184.68990000000593]","[""scam_button""]",5.102517361,0.7307,5.083116319,0.3139,5.083116319,0.1655,0,13,13,23,1,resources/images/scam14-EDIT.png,scam,1,0.65,0,0,,,,,,,,,,,,,,,,,,,,,,,,,,,,,,,,,,,,,,,,,,,,,,,,,,,,,,,,,,,,,,,,,,,,,,,,,,,,,,,,,,,,,,
,,,,,,,,,,,,,,,,873570,001,2025-04-18_16h26.16.148,SLSINC,2022.2.5,MacIntel,60.60606061,,,,,,,,,,,15,"[51.873800000011926,71.8565,95.6235,115.09020000001787,125.33970000001786,140.17399999999998,150.95710000002381,155.65699999999998,166.55720000001784,173.7238000000119,178.80720000001784,184.10720000001785,193.72340000000594,199.1068000000119,205.29060000002383]","[51.87390000000596,71.8565,95.6235,115.09020000001787,125.33980000001192,140.17410000002383,150.95710000002381,155.6571000000238,166.55720000001784,173.7238000000119,178.80720000001784,184.10740000000592,193.72340000000594,199.10690000000594,205.2908000000119]",,8,"[53.25580000001192,96.70630000001192,115.85640000000595,126.15640000000596,140.93990000000593,179.47349999999997,196.22349999999997,199.78990000000596]","[53.255900000005965,96.70640000000596,115.85640000000595,126.15640000000596,140.93990000000593,179.47360000002382,196.22349999999997,199.78990000000596]",7,"[72.82290000000596,151.48969999998806,156.58969999998806,167.7897999999821,174.2232999999821,184.68990000000593,205.823099999994]","[72.823,151.48969999998806,156.5897999999821,167.7897999999821,174.2232999999821,184.68990000000593,205.823099999994]","[""legit_button""]",6.053298611,0.5978,6.053298611,0.1986,6.053298611,0.2141,0,14,14,3,1,resources/images/legit1.png,legit,1,0.72,0,0,,,,,,,,,,,,,,,,,,,,,,,,,,,,,,,,,,,,,,,,,,,,,,,,,,,,,,,,,,,,,,,,,,,,,,,,,,,,,,,,,,,,,,
,,,,,,,,,,,,,,,,873570,001,2025-04-18_16h26.16.148,SLSINC,2022.2.5,MacIntel,60.60606061,,,,,,,,,,,16,"[51.873800000011926,71.8565,95.6235,115.09020000001787,125.33970000001786,140.17399999999998,150.95710000002381,155.65699999999998,166.55720000001784,173.7238000000119,178.80720000001784,184.10720000001785,193.72340000000594,199.1068000000119,205.29060000002383,208.8573000000119]","[51.87390000000596,71.8565,95.6235,115.09020000001787,125.33980000001192,140.17410000002383,150.95710000002381,155.6571000000238,166.55720000001784,173.7238000000119,178.80720000001784,184.10740000000592,193.72340000000594,199.10690000000594,205.2908000000119,208.8573000000119]",,9,"[53.25580000001192,96.70630000001192,115.85640000000595,126.15640000000596,140.93990000000593,179.47349999999997,196.22349999999997,199.78990000000596,209.77360000002383]","[53.255900000005965,96.70640000000596,115.85640000000595,126.15640000000596,140.93990000000593,179.47360000002382,196.22349999999997,199.78990000000596,209.77360000002383]",7,"[72.82290000000596,151.48969999998806,156.58969999998806,167.7897999999821,174.2232999999821,184.68990000000593,205.823099999994]","[72.823,151.48969999998806,156.5897999999821,167.7897999999821,174.2232999999821,184.68990000000593,205.823099999994]","[""scam_button""]",4.997309028,1.6473,4.997309028,0.1646,4.997309028,0.1987,0,15,15,4,1,resources/images/legit2.jpg,legit,1,0.65,0,0,,,,,,,,,,,,,,,,,,,,,,,,,,,,,,,,,,,,,,,,,,,,,,,,,,,,,,,,,,,,,,,,,,,,,,,,,,,,,,,,,,,,,,
,,,,,,,,,,,,,,,,873570,001,2025-04-18_16h26.16.148,SLSINC,2022.2.5,MacIntel,60.60606061,,,,,,,,,,,17,"[51.873800000011926,71.8565,95.6235,115.09020000001787,125.33970000001786,140.17399999999998,150.95710000002381,155.65699999999998,166.55720000001784,173.7238000000119,178.80720000001784,184.10720000001785,193.72340000000594,199.1068000000119,205.29060000002383,208.8573000000119,226.0741000000238]","[51.87390000000596,71.8565,95.6235,115.09020000001787,125.33980000001192,140.17410000002383,150.95710000002381,155.6571000000238,166.55720000001784,173.7238000000119,178.80720000001784,184.10740000000592,193.72340000000594,199.10690000000594,205.2908000000119,208.8573000000119,226.0741000000238]",,9,"[53.25580000001192,96.70630000001192,115.85640000000595,126.15640000000596,140.93990000000593,179.47349999999997,196.22349999999997,199.78990000000596,209.77360000002383]","[53.255900000005965,96.70640000000596,115.85640000000595,126.15640000000596,140.93990000000593,179.47360000002382,196.22349999999997,199.78990000000596,209.77360000002383]",8,"[72.82290000000596,151.48969999998806,156.58969999998806,167.7897999999821,174.2232999999821,184.68990000000593,205.823099999994,226.9067999999821]","[72.823,151.48969999998806,156.5897999999821,167.7897999999821,174.2232999999821,184.68990000000593,205.823099999994,226.9067999999821]","[""legit_button""]",6.030338542,0.8144,6.030338542,0.1643,6.030338542,0.115,0,16,16,21,1,resources/images/legit14-EDIT.jpg,legit,1,0.65,0,0,,,,,,,,,,,,,,,,,,,,,,,,,,,,,,,,,,,,,,,,,,,,,,,,,,,,,,,,,,,,,,,,,,,,,,,,,,,,,,,,,,,,,,
,,,,,,,,,,,,,,,,873570,001,2025-04-18_16h26.16.148,SLSINC,2022.2.5,MacIntel,60.60606061,,,,,,,,,,,18,"[51.873800000011926,71.8565,95.6235,115.09020000001787,125.33970000001786,140.17399999999998,150.95710000002381,155.65699999999998,166.55720000001784,173.7238000000119,178.80720000001784,184.10720000001785,193.72340000000594,199.1068000000119,205.29060000002383,208.8573000000119,226.0741000000238,233.19080000001188]","[51.87390000000596,71.8565,95.6235,115.09020000001787,125.33980000001192,140.17410000002383,150.95710000002381,155.6571000000238,166.55720000001784,173.7238000000119,178.80720000001784,184.10740000000592,193.72340000000594,199.10690000000594,205.2908000000119,208.8573000000119,226.0741000000238,233.19080000001188]",,9,"[53.25580000001192,96.70630000001192,115.85640000000595,126.15640000000596,140.93990000000593,179.47349999999997,196.22349999999997,199.78990000000596,209.77360000002383]","[53.255900000005965,96.70640000000596,115.85640000000595,126.15640000000596,140.93990000000593,179.47360000002382,196.22349999999997,199.78990000000596,209.77360000002383]",9,"[72.82290000000596,151.48969999998806,156.58969999998806,167.7897999999821,174.2232999999821,184.68990000000593,205.823099999994,226.9067999999821,233.7567999999821]","[72.823,151.48969999998806,156.5897999999821,167.7897999999821,174.2232999999821,184.68990000000593,205.823099999994,226.9067999999821,233.7567999999821]","[""legit_button""]",5.882855903,0.5304,5.882855903,0.3155,5.882855903,0.1814,0,17,17,14,1,resources/images/legit7-EDIT.png,legit,0.65,0.65,0,0,,,,,,,,,,,,,,,,,,,,,,,,,,,,,,,,,,,,,,,,,,,,,,,,,,,,,,,,,,,,,,,,,,,,,,,,,,,,,,,,,,,,,,
,,,,,,,,,,,,,,,,873570,001,2025-04-18_16h26.16.148,SLSINC,2022.2.5,MacIntel,60.60606061,,,,,,,,,,,19,"[51.873800000011926,71.8565,95.6235,115.09020000001787,125.33970000001786,140.17399999999998,150.95710000002381,155.65699999999998,166.55720000001784,173.7238000000119,178.80720000001784,184.10720000001785,193.72340000000594,199.1068000000119,205.29060000002383,208.8573000000119,226.0741000000238,233.19080000001188,251.14100000000002]","[51.87390000000596,71.8565,95.6235,115.09020000001787,125.33980000001192,140.17410000002383,150.95710000002381,155.6571000000238,166.55720000001784,173.7238000000119,178.80720000001784,184.10740000000592,193.72340000000594,199.10690000000594,205.2908000000119,208.8573000000119,226.0741000000238,233.19080000001188,251.14100000000002]",,10,"[53.25580000001192,96.70630000001192,115.85640000000595,126.15640000000596,140.93990000000593,179.47349999999997,196.22349999999997,199.78990000000596,209.77360000002383,251.65690000000598]","[53.255900000005965,96.70640000000596,115.85640000000595,126.15640000000596,140.93990000000593,179.47360000002382,196.22349999999997,199.78990000000596,209.77360000002383,251.65700000000004]",9,"[72.82290000000596,151.48969999998806,156.58969999998806,167.7897999999821,174.2232999999821,184.68990000000593,205.823099999994,226.9067999999821,233.7567999999821]","[72.823,151.48969999998806,156.5897999999821,167.7897999999821,174.2232999999821,184.68990000000593,205.823099999994,226.9067999999821,233.7567999999821]","[""scam_button""]",5.066840278,1.1961,5.066840278,0.2802,5.066840278,0.1627,0,18,18,17,1,resources/images/scam10.jpg,scam,1,0.65,0,0,,,,,,,,,,,,,,,,,,,,,,,,,,,,,,,,,,,,,,,,,,,,,,,,,,,,,,,,,,,,,,,,,,,,,,,,,,,,,,,,,,,,,,
,,,,,,,,,,,,,,,,873570,001,2025-04-18_16h26.16.148,SLSINC,2022.2.5,MacIntel,60.60606061,,,,,,,,,,,20,"[51.873800000011926,71.8565,95.6235,115.09020000001787,125.33970000001786,140.17399999999998,150.95710000002381,155.65699999999998,166.55720000001784,173.7238000000119,178.80720000001784,184.10720000001785,193.72340000000594,199.1068000000119,205.29060000002383,208.8573000000119,226.0741000000238,233.19080000001188,251.14100000000002,257.891]","[51.87390000000596,71.8565,95.6235,115.09020000001787,125.33980000001192,140.17410000002383,150.95710000002381,155.6571000000238,166.55720000001784,173.7238000000119,178.80720000001784,184.10740000000592,193.72340000000594,199.10690000000594,205.2908000000119,208.8573000000119,226.0741000000238,233.19080000001188,251.14100000000002,257.891]",,10,"[53.25580000001192,96.70630000001192,115.85640000000595,126.15640000000596,140.93990000000593,179.47349999999997,196.22349999999997,199.78990000000596,209.77360000002383,251.65690000000598]","[53.255900000005965,96.70640000000596,115.85640000000595,126.15640000000596,140.93990000000593,179.47360000002382,196.22349999999997,199.78990000000596,209.77360000002383,251.65700000000004]",10,"[72.82290000000596,151.48969999998806,156.58969999998806,167.7897999999821,174.2232999999821,184.68990000000593,205.823099999994,226.9067999999821,233.7567999999821,258.473400000006]","[72.823,151.48969999998806,156.5897999999821,167.7897999999821,174.2232999999821,184.68990000000593,205.823099999994,226.9067999999821,233.7567999999821,258.473400000006]","[""legit_button""]",5.868663194,0.5478,5.868663194,0.2988,5.868663194,0.2474,0,19,19,7,1,resources/images/scam5.jpg,scam,0.7,0.65,0,0,,,,,,,,,,,,,,,,,,,,,,,,,,,,,,,,,,,,,,,,,,,,,,,,,,,,,,,,,,,,,,,,,,,,,,,,,,,,,,,,,,,,,,
,,,,,,,,,,,,,,,,873570,001,2025-04-18_16h26.16.148,SLSINC,2022.2.5,MacIntel,60.60606061,,,,,,,,,,,21,"[51.873800000011926,71.8565,95.6235,115.09020000001787,125.33970000001786,140.17399999999998,150.95710000002381,155.65699999999998,166.55720000001784,173.7238000000119,178.80720000001784,184.10720000001785,193.72340000000594,199.1068000000119,205.29060000002383,208.8573000000119,226.0741000000238,233.19080000001188,251.14100000000002,257.891,261.541]","[51.87390000000596,71.8565,95.6235,115.09020000001787,125.33980000001192,140.17410000002383,150.95710000002381,155.6571000000238,166.55720000001784,173.7238000000119,178.80720000001784,184.10740000000592,193.72340000000594,199.10690000000594,205.2908000000119,208.8573000000119,226.0741000000238,233.19080000001188,251.14100000000002,257.891,261.541]",,10,"[53.25580000001192,96.70630000001192,115.85640000000595,126.15640000000596,140.93990000000593,179.47349999999997,196.22349999999997,199.78990000000596,209.77360000002383,251.65690000000598]","[53.255900000005965,96.70640000000596,115.85640000000595,126.15640000000596,140.93990000000593,179.47360000002382,196.22349999999997,199.78990000000596,209.77360000002383,251.65700000000004]",11,"[72.82290000000596,151.48969999998806,156.58969999998806,167.7897999999821,174.2232999999821,184.68990000000593,205.823099999994,226.9067999999821,233.7567999999821,258.473400000006,262.056900000006]","[72.823,151.48969999998806,156.5897999999821,167.7897999999821,174.2232999999821,184.68990000000593,205.823099999994,226.9067999999821,233.7567999999821,258.473400000006,262.057]","[""legit_button""]",6.047265625,0.5808,6.047265625,0.1652,6.047265625,0.1653,0,20,20,20,1,resources/images/scam12.jpg,scam,0.65,0.65,0,0,,,,,,,,,,,,,,,,,,,,,,,,,,,,,,,,,,,,,,,,,,,,,,,,,,,,,,,,,,,,,,,,,,,,,,,,,,,,,,,,,,,,,,
,,,,,,,,,,,,,,,,873570,001,2025-04-18_16h26.16.148,SLSINC,2022.2.5,MacIntel,60.60606061,,,,,,,,,,,22,"[51.873800000011926,71.8565,95.6235,115.09020000001787,125.33970000001786,140.17399999999998,150.95710000002381,155.65699999999998,166.55720000001784,173.7238000000119,178.80720000001784,184.10720000001785,193.72340000000594,199.1068000000119,205.29060000002383,208.8573000000119,226.0741000000238,233.19080000001188,251.14100000000002,257.891,261.541,271.341]","[51.87390000000596,71.8565,95.6235,115.09020000001787,125.33980000001192,140.17410000002383,150.95710000002381,155.6571000000238,166.55720000001784,173.7238000000119,178.80720000001784,184.10740000000592,193.72340000000594,199.10690000000594,205.2908000000119,208.8573000000119,226.0741000000238,233.19080000001188,251.14100000000002,257.891,261.541,271.34110000002386]",,11,"[53.25580000001192,96.70630000001192,115.85640000000595,126.15640000000596,140.93990000000593,179.47349999999997,196.22349999999997,199.78990000000596,209.77360000002383,251.65690000000598,272.32390000000595]","[53.255900000005965,96.70640000000596,115.85640000000595,126.15640000000596,140.93990000000593,179.47360000002382,196.22349999999997,199.78990000000596,209.77360000002383,251.65700000000004,272.32390000000595]",11,"[72.82290000000596,151.48969999998806,156.58969999998806,167.7897999999821,174.2232999999821,184.68990000000593,205.823099999994,226.9067999999821,233.7567999999821,258.473400000006,262.056900000006]","[72.823,151.48969999998806,156.5897999999821,167.7897999999821,174.2232999999821,184.68990000000593,205.823099999994,226.9067999999821,233.7567999999821,258.473400000006,262.057]","[""scam_button""]",2.933333333,0.8472,2.933333333,0.1979,2.933333333,0.1657,0,21,21,13,1,resources/images/legit6.png,legit,0.65,0.65,0,0,,,,,,,,,,,,,,,,,,,,,,,,,,,,,,,,,,,,,,,,,,,,,,,,,,,,,,,,,,,,,,,,,,,,,,,,,,,,,,,,,,,,,,
,,,,,,,,,,,,,,,,873570,001,2025-04-18_16h26.16.148,SLSINC,2022.2.5,MacIntel,60.60606061,,,,,,,,,,,23,"[51.873800000011926,71.8565,95.6235,115.09020000001787,125.33970000001786,140.17399999999998,150.95710000002381,155.65699999999998,166.55720000001784,173.7238000000119,178.80720000001784,184.10720000001785,193.72340000000594,199.1068000000119,205.29060000002383,208.8573000000119,226.0741000000238,233.19080000001188,251.14100000000002,257.891,261.541,271.341,276.99110000002383]","[51.87390000000596,71.8565,95.6235,115.09020000001787,125.33980000001192,140.17410000002383,150.95710000002381,155.6571000000238,166.55720000001784,173.7238000000119,178.80720000001784,184.10740000000592,193.72340000000594,199.10690000000594,205.2908000000119,208.8573000000119,226.0741000000238,233.19080000001188,251.14100000000002,257.891,261.541,271.34110000002386,276.9912000000179]",,12,"[53.25580000001192,96.70630000001192,115.85640000000595,126.15640000000596,140.93990000000593,179.47349999999997,196.22349999999997,199.78990000000596,209.77360000002383,251.65690000000598,272.32390000000595,277.9405]","[53.255900000005965,96.70640000000596,115.85640000000595,126.15640000000596,140.93990000000593,179.47360000002382,196.22349999999997,199.78990000000596,209.77360000002383,251.65700000000004,272.32390000000595,277.94060000002384]",11,"[72.82290000000596,151.48969999998806,156.58969999998806,167.7897999999821,174.2232999999821,184.68990000000593,205.823099999994,226.9067999999821,233.7567999999821,258.473400000006,262.056900000006]","[72.823,151.48969999998806,156.5897999999821,167.7897999999821,174.2232999999821,184.68990000000593,205.823099999994,226.9067999999821,233.7567999999821,258.473400000006,262.057]","[""scam_button""]",3.914496528,0.7979,3.914496528,0.2635,3.914496528,0.2651,0,22,22,10,1,resources/images/scam7.png,scam,0.65,0.65,0,0,,,,,,,,,,,,,,,,,,,,,,,,,,,,,,,,,,,,,,,,,,,,,,,,,,,,,,,,,,,,,,,,,,,,,,,,,,,,,,,,,,,,,,
,,,,,,,,,,,,,,,,873570,001,2025-04-18_16h26.16.148,SLSINC,2022.2.5,MacIntel,60.60606061,,,,,,,,,,,24,"[51.873800000011926,71.8565,95.6235,115.09020000001787,125.33970000001786,140.17399999999998,150.95710000002381,155.65699999999998,166.55720000001784,173.7238000000119,178.80720000001784,184.10720000001785,193.72340000000594,199.1068000000119,205.29060000002383,208.8573000000119,226.0741000000238,233.19080000001188,251.14100000000002,257.891,261.541,271.341,276.99110000002383,282.87440000000595]","[51.87390000000596,71.8565,95.6235,115.09020000001787,125.33980000001192,140.17410000002383,150.95710000002381,155.6571000000238,166.55720000001784,173.7238000000119,178.80720000001784,184.10740000000592,193.72340000000594,199.10690000000594,205.2908000000119,208.8573000000119,226.0741000000238,233.19080000001188,251.14100000000002,257.891,261.541,271.34110000002386,276.9912000000179,282.87440000000595]",,13,"[53.25580000001192,96.70630000001192,115.85640000000595,126.15640000000596,140.93990000000593,179.47349999999997,196.22349999999997,199.78990000000596,209.77360000002383,251.65690000000598,272.32390000000595,277.9405,283.49060000002385]","[53.255900000005965,96.70640000000596,115.85640000000595,126.15640000000596,140.93990000000593,179.47360000002382,196.22349999999997,199.78990000000596,209.77360000002383,251.65700000000004,272.32390000000595,277.94060000002384,283.49060000002385]",11,"[72.82290000000596,151.48969999998806,156.58969999998806,167.7897999999821,174.2232999999821,184.68990000000593,205.823099999994,226.9067999999821,233.7567999999821,258.473400000006,262.056900000006]","[72.823,151.48969999998806,156.5897999999821,167.7897999999821,174.2232999999821,184.68990000000593,205.823099999994,226.9067999999821,233.7567999999821,258.473400000006,262.057]","[""scam_button""]",4.013194444,0.8972,4.013194444,0.3122,4.876041667,0.7312,0,23,23,0,1,resources/images/scam_1.png,scam,1,0.65,0,0,,,,,,,,,,,,,,,,,,,,,,,,,,,,,,,,,,,,,,,,,,,,,,,,,,,,,,,,,,,,,,,,,,,,,,,,,,,,,,,,,,,,,,
,,,,,,,,,,,,,,,,873570,001,2025-04-18_16h26.16.148,SLSINC,2022.2.5,MacIntel,60.60606061,,,,,,,,,,,,,,,,,,,,,,,,,,,,,,,,,,,,,,,space,10.6743,,,,,,,,,,,,,,,,,,,,,,,,,,,,,,,,,,,,,,,,,,,,,,,,,,,,,,,,,,,,,,,,,,,,,,,,,,,,,,,,,,,,
,,,,,,,,,,,,,,,,873570,001,2025-04-18_16h26.16.148,SLSINC,2022.2.5,MacIntel,60.60606061,,,,,,,,,,,,,,,,,,,,,,,,,,,,,,,,,,,,,,,,,space,34.1031,,,,,,,,,,,,,,,,,,,,,,,,,,,,,,,,,,,,,,,,,,,,,,,,,,,,,,,,,,,,,,,,,,,,,,,,,,,,,,,,,,
,,,,,,,,,,,,,,,,873570,001,2025-04-18_16h26.16.148,SLSINC,2022.2.5,MacIntel,60.60606061,,,,,,,,,,,,,,,,,,,,,,,,,,,,,,,,,,,,,,,,,,,space,25.2724,,,,,,,,,,,,,,,,,,,,,,,,,,,,,,,,,,,,,,,,,,,,,,,,,,,,,,,,,,,,,,,,,,,,,,,,,,,,,,,,
,,,,,,,,,,,,,,,,873570,001,2025-04-18_16h26.16.148,SLSINC,2022.2.5,MacIntel,60.60606061,,,,,,,,,,,,,,,,,,,,,,,,,,,,,,,,,,,,,,,,,,,,,"Links that they want you to press, grammar errors, urgency",1,[380.66989999997617],[380.67],,,,,,,,,,,,,,,,,,,,,,,,,,,,,,,,,,,,,,,,,,,,,,,,,,,,,,,,,,,,,,,,,,,,,,,,,,,,
,,,,,,,,,,,,,,,,873570,001,2025-04-18_16h26.16.148,SLSINC,2022.2.5,MacIntel,60.60606061,,,,,,,,,space,1.5221,,,,,,,,,,,,,,,,,,,,,,,,,,,,,,,,,,,,,,,,,,,,,,,,,,,,,,,,,,,,,,,,,,,,,,,,,,,,,,,,,,,,,,,,,,,,,,,,,,,,,,,,,,,,,,,,,,
,,,,,,,,,,,,,,,,873570,001,2025-04-18_16h26.16.148,SLSINC,2022.2.5,MacIntel,60.60606061,,,,,,,,,,,25,"[51.873800000011926,71.8565,95.6235,115.09020000001787,125.33970000001786,140.17399999999998,150.95710000002381,155.65699999999998,166.55720000001784,173.7238000000119,178.80720000001784,184.10720000001785,193.72340000000594,199.1068000000119,205.29060000002383,208.8573000000119,226.0741000000238,233.19080000001188,251.14100000000002,257.891,261.541,271.341,276.99110000002383,282.87440000000595,396.8417000000179]","[51.87390000000596,71.8565,95.6235,115.09020000001787,125.33980000001192,140.17410000002383,150.95710000002381,155.6571000000238,166.55720000001784,173.7238000000119,178.80720000001784,184.10740000000592,193.72340000000594,199.10690000000594,205.2908000000119,208.8573000000119,226.0741000000238,233.19080000001188,251.14100000000002,257.891,261.541,271.34110000002386,276.9912000000179,282.87440000000595,396.8418000000119]",,13,"[53.25580000001192,96.70630000001192,115.85640000000595,126.15640000000596,140.93990000000593,179.47349999999997,196.22349999999997,199.78990000000596,209.77360000002383,251.65690000000598,272.32390000000595,277.9405,283.49060000002385]","[53.255900000005965,96.70640000000596,115.85640000000595,126.15640000000596,140.93990000000593,179.47360000002382,196.22349999999997,199.78990000000596,209.77360000002383,251.65700000000004,272.32390000000595,277.94060000002384,283.49060000002385]",12,"[72.82290000000596,151.48969999998806,156.58969999998806,167.7897999999821,174.2232999999821,184.68990000000593,205.823099999994,226.9067999999821,233.7567999999821,258.473400000006,262.056900000006,397.4070999999941]","[72.823,151.48969999998806,156.5897999999821,167.7897999999821,174.2232999999821,184.68990000000593,205.823099999994,226.9067999999821,233.7567999999821,258.473400000006,262.057,397.4070999999941]","[""legit_button""]",5.993229167,1.1313,5.993229167,0.2479,5.993229167,0.2643,,,,,,resources/images/scam_24.png,scam,1,0.8,0,0,,,,,,,,,,,0,0,0,22,1,,,,,,,,,,,,,,,,,,,,,,,,,,,,,,,,,,,,,,,,,,,,,,,,,,,,,,,,,,,,,,,,,,,,,,,
,,,,,,,,,,,,,,,,873570,001,2025-04-18_16h26.16.148,SLSINC,2022.2.5,MacIntel,60.60606061,,,,,,,,,,,26,"[51.873800000011926,71.8565,95.6235,115.09020000001787,125.33970000001786,140.17399999999998,150.95710000002381,155.65699999999998,166.55720000001784,173.7238000000119,178.80720000001784,184.10720000001785,193.72340000000594,199.1068000000119,205.29060000002383,208.8573000000119,226.0741000000238,233.19080000001188,251.14100000000002,257.891,261.541,271.341,276.99110000002383,282.87440000000595,396.8417000000179,404.64170000001786]","[51.87390000000596,71.8565,95.6235,115.09020000001787,125.33980000001192,140.17410000002383,150.95710000002381,155.6571000000238,166.55720000001784,173.7238000000119,178.80720000001784,184.10740000000592,193.72340000000594,199.10690000000594,205.2908000000119,208.8573000000119,226.0741000000238,233.19080000001188,251.14100000000002,257.891,261.541,271.34110000002386,276.9912000000179,282.87440000000595,396.8418000000119,404.6418000000119]",,14,"[53.25580000001192,96.70630000001192,115.85640000000595,126.15640000000596,140.93990000000593,179.47349999999997,196.22349999999997,199.78990000000596,209.77360000002383,251.65690000000598,272.32390000000595,277.9405,283.49060000002385,405.45790000000596]","[53.255900000005965,96.70640000000596,115.85640000000595,126.15640000000596,140.93990000000593,179.47360000002382,196.22349999999997,199.78990000000596,209.77360000002383,251.65700000000004,272.32390000000595,277.94060000002384,283.49060000002385,405.458]",12,"[72.82290000000596,151.48969999998806,156.58969999998806,167.7897999999821,174.2232999999821,184.68990000000593,205.823099999994,226.9067999999821,233.7567999999821,258.473400000006,262.056900000006,397.4070999999941]","[72.823,151.48969999998806,156.5897999999821,167.7897999999821,174.2232999999821,184.68990000000593,205.823099999994,226.9067999999821,233.7567999999821,258.473400000006,262.057,397.4070999999941]","[""scam_button""]",4.554210069,0.7802,4.988194444,0.4134,4.988194444,0.198,,,,,,resources/images/legit11.jpg,legit,0.65,0.65,0,0,,,,,,,,,,,0,1,1,2,1,,,,,,,,,,,,,,,,,,,,,,,,,,,,,,,,,,,,,,,,,,,,,,,,,,,,,,,,,,,,,,,,,,,,,,,
,,,,,,,,,,,,,,,,873570,001,2025-04-18_16h26.16.148,SLSINC,2022.2.5,MacIntel,60.60606061,,,,,,,,,,,27,"[51.873800000011926,71.8565,95.6235,115.09020000001787,125.33970000001786,140.17399999999998,150.95710000002381,155.65699999999998,166.55720000001784,173.7238000000119,178.80720000001784,184.10720000001785,193.72340000000594,199.1068000000119,205.29060000002383,208.8573000000119,226.0741000000238,233.19080000001188,251.14100000000002,257.891,261.541,271.341,276.99110000002383,282.87440000000595,396.8417000000179,404.64170000001786,414.74180000001195]","[51.87390000000596,71.8565,95.6235,115.09020000001787,125.33980000001192,140.17410000002383,150.95710000002381,155.6571000000238,166.55720000001784,173.7238000000119,178.80720000001784,184.10740000000592,193.72340000000594,199.10690000000594,205.2908000000119,208.8573000000119,226.0741000000238,233.19080000001188,251.14100000000002,257.891,261.541,271.34110000002386,276.9912000000179,282.87440000000595,396.8418000000119,404.6418000000119,414.74180000001195]",,14,"[53.25580000001192,96.70630000001192,115.85640000000595,126.15640000000596,140.93990000000593,179.47349999999997,196.22349999999997,199.78990000000596,209.77360000002383,251.65690000000598,272.32390000000595,277.9405,283.49060000002385,405.45790000000596]","[53.255900000005965,96.70640000000596,115.85640000000595,126.15640000000596,140.93990000000593,179.47360000002382,196.22349999999997,199.78990000000596,209.77360000002383,251.65700000000004,272.32390000000595,277.94060000002384,283.49060000002385,405.458]",13,"[72.82290000000596,151.48969999998806,156.58969999998806,167.7897999999821,174.2232999999821,184.68990000000593,205.823099999994,226.9067999999821,233.7567999999821,258.473400000006,262.056900000006,397.4070999999941,415.55779999998214]","[72.823,151.48969999998806,156.5897999999821,167.7897999999821,174.2232999999821,184.68990000000593,205.823099999994,226.9067999999821,233.7567999999821,258.473400000006,262.057,397.4070999999941,415.55779999998214]","[""legit_button""]",5.053211806,0.8305,5.053211806,0.1801,5.053211806,0.1815,,,,,,resources/images/legit_30.png,legit,1,0.85,0,0,,,,,,,,,,,0,2,2,16,1,,,,,,,,,,,,,,,,,,,,,,,,,,,,,,,,,,,,,,,,,,,,,,,,,,,,,,,,,,,,,,,,,,,,,,,
,,,,,,,,,,,,,,,,873570,001,2025-04-18_16h26.16.148,SLSINC,2022.2.5,MacIntel,60.60606061,,,,,,,,,,,28,"[51.873800000011926,71.8565,95.6235,115.09020000001787,125.33970000001786,140.17399999999998,150.95710000002381,155.65699999999998,166.55720000001784,173.7238000000119,178.80720000001784,184.10720000001785,193.72340000000594,199.1068000000119,205.29060000002383,208.8573000000119,226.0741000000238,233.19080000001188,251.14100000000002,257.891,261.541,271.341,276.99110000002383,282.87440000000595,396.8417000000179,404.64170000001786,414.74180000001195,431.1075]","[51.87390000000596,71.8565,95.6235,115.09020000001787,125.33980000001192,140.17410000002383,150.95710000002381,155.6571000000238,166.55720000001784,173.7238000000119,178.80720000001784,184.10740000000592,193.72340000000594,199.10690000000594,205.2908000000119,208.8573000000119,226.0741000000238,233.19080000001188,251.14100000000002,257.891,261.541,271.34110000002386,276.9912000000179,282.87440000000595,396.8418000000119,404.6418000000119,414.74180000001195,431.1075]",,15,"[53.25580000001192,96.70630000001192,115.85640000000595,126.15640000000596,140.93990000000593,179.47349999999997,196.22349999999997,199.78990000000596,209.77360000002383,251.65690000000598,272.32390000000595,277.9405,283.49060000002385,405.45790000000596,431.64130000001194]","[53.255900000005965,96.70640000000596,115.85640000000595,126.15640000000596,140.93990000000593,179.47360000002382,196.22349999999997,199.78990000000596,209.77360000002383,251.65700000000004,272.32390000000595,277.94060000002384,283.49060000002385,405.458,431.641400000006]",13,"[72.82290000000596,151.48969999998806,156.58969999998806,167.7897999999821,174.2232999999821,184.68990000000593,205.823099999994,226.9067999999821,233.7567999999821,258.473400000006,262.056900000006,397.4070999999941,415.55779999998214]","[72.823,151.48969999998806,156.5897999999821,167.7897999999821,174.2232999999821,184.68990000000593,205.823099999994,226.9067999999821,233.7567999999821,258.473400000006,262.057,397.4070999999941,415.55779999998214]","[""scam_button""]",4.556684028,0.714,4.773046875,0.3474,4.773046875,0.1655,,,,,,resources/images/scam_22.png,scam,1,0.65,0,0,,,,,,,,,,,0,3,3,23,1,,,,,,,,,,,,,,,,,,,,,,,,,,,,,,,,,,,,,,,,,,,,,,,,,,,,,,,,,,,,,,,,,,,,,,,
,,,,,,,,,,,,,,,,873570,001,2025-04-18_16h26.16.148,SLSINC,2022.2.5,MacIntel,60.60606061,,,,,,,,,,,29,"[51.873800000011926,71.8565,95.6235,115.09020000001787,125.33970000001786,140.17399999999998,150.95710000002381,155.65699999999998,166.55720000001784,173.7238000000119,178.80720000001784,184.10720000001785,193.72340000000594,199.1068000000119,205.29060000002383,208.8573000000119,226.0741000000238,233.19080000001188,251.14100000000002,257.891,261.541,271.341,276.99110000002383,282.87440000000595,396.8417000000179,404.64170000001786,414.74180000001195,431.1075,438.17530000001193]","[51.87390000000596,71.8565,95.6235,115.09020000001787,125.33980000001192,140.17410000002383,150.95710000002381,155.6571000000238,166.55720000001784,173.7238000000119,178.80720000001784,184.10740000000592,193.72340000000594,199.10690000000594,205.2908000000119,208.8573000000119,226.0741000000238,233.19080000001188,251.14100000000002,257.891,261.541,271.34110000002386,276.9912000000179,282.87440000000595,396.8418000000119,404.6418000000119,414.74180000001195,431.1075,438.17540000000594]",,15,"[53.25580000001192,96.70630000001192,115.85640000000595,126.15640000000596,140.93990000000593,179.47349999999997,196.22349999999997,199.78990000000596,209.77360000002383,251.65690000000598,272.32390000000595,277.9405,283.49060000002385,405.45790000000596,431.64130000001194]","[53.255900000005965,96.70640000000596,115.85640000000595,126.15640000000596,140.93990000000593,179.47360000002382,196.22349999999997,199.78990000000596,209.77360000002383,251.65700000000004,272.32390000000595,277.94060000002384,283.49060000002385,405.458,431.641400000006]",14,"[72.82290000000596,151.48969999998806,156.58969999998806,167.7897999999821,174.2232999999821,184.68990000000593,205.823099999994,226.9067999999821,233.7567999999821,258.473400000006,262.056900000006,397.4070999999941,415.55779999998214,438.84109999999407]","[72.823,151.48969999998806,156.5897999999821,167.7897999999821,174.2232999999821,184.68990000000593,205.823099999994,226.9067999999821,233.7567999999821,258.473400000006,262.057,397.4070999999941,415.55779999998214,438.84109999999407]","[""legit_button""]",5.783463542,0.564,5.783463542,0.1809,5.783463542,0.1639,,,,,,resources/images/legit_21.png,legit,0.8,0.8,0,0,,,,,,,,,,,0,4,4,7,1,,,,,,,,,,,,,,,,,,,,,,,,,,,,,,,,,,,,,,,,,,,,,,,,,,,,,,,,,,,,,,,,,,,,,,,
,,,,,,,,,,,,,,,,873570,001,2025-04-18_16h26.16.148,SLSINC,2022.2.5,MacIntel,60.60606061,,,,,,,,,,,30,"[51.873800000011926,71.8565,95.6235,115.09020000001787,125.33970000001786,140.17399999999998,150.95710000002381,155.65699999999998,166.55720000001784,173.7238000000119,178.80720000001784,184.10720000001785,193.72340000000594,199.1068000000119,205.29060000002383,208.8573000000119,226.0741000000238,233.19080000001188,251.14100000000002,257.891,261.541,271.341,276.99110000002383,282.87440000000595,396.8417000000179,404.64170000001786,414.74180000001195,431.1075,438.17530000001193,441.6253000000119]","[51.87390000000596,71.8565,95.6235,115.09020000001787,125.33980000001192,140.17410000002383,150.95710000002381,155.6571000000238,166.55720000001784,173.7238000000119,178.80720000001784,184.10740000000592,193.72340000000594,199.10690000000594,205.2908000000119,208.8573000000119,226.0741000000238,233.19080000001188,251.14100000000002,257.891,261.541,271.34110000002386,276.9912000000179,282.87440000000595,396.8418000000119,404.6418000000119,414.74180000001195,431.1075,438.17540000000594,441.6253000000119]",,16,"[53.25580000001192,96.70630000001192,115.85640000000595,126.15640000000596,140.93990000000593,179.47349999999997,196.22349999999997,199.78990000000596,209.77360000002383,251.65690000000598,272.32390000000595,277.9405,283.49060000002385,405.45790000000596,431.64130000001194,442.15700000000004]","[53.255900000005965,96.70640000000596,115.85640000000595,126.15640000000596,140.93990000000593,179.47360000002382,196.22349999999997,199.78990000000596,209.77360000002383,251.65700000000004,272.32390000000595,277.94060000002384,283.49060000002385,405.458,431.641400000006,442.15710000002383]",14,"[72.82290000000596,151.48969999998806,156.58969999998806,167.7897999999821,174.2232999999821,184.68990000000593,205.823099999994,226.9067999999821,233.7567999999821,258.473400000006,262.056900000006,397.4070999999941,415.55779999998214,438.84109999999407]","[72.823,151.48969999998806,156.5897999999821,167.7897999999821,174.2232999999821,184.68990000000593,205.823099999994,226.9067999999821,233.7567999999821,258.473400000006,262.057,397.4070999999941,415.55779999998214,438.84109999999407]","[""scam_button""]",3.980381944,0.5988,3.980381944,0.1647,3.980381944,0.1654,,,,,,resources/images/legit_22.png,legit,1,0.78,0,0,,,,,,,,,,,0,5,5,9,1,,,,,,,,,,,,,,,,,,,,,,,,,,,,,,,,,,,,,,,,,,,,,,,,,,,,,,,,,,,,,,,,,,,,,,,
,,,,,,,,,,,,,,,,873570,001,2025-04-18_16h26.16.148,SLSINC,2022.2.5,MacIntel,60.60606061,,,,,,,,,,,31,"[51.873800000011926,71.8565,95.6235,115.09020000001787,125.33970000001786,140.17399999999998,150.95710000002381,155.65699999999998,166.55720000001784,173.7238000000119,178.80720000001784,184.10720000001785,193.72340000000594,199.1068000000119,205.29060000002383,208.8573000000119,226.0741000000238,233.19080000001188,251.14100000000002,257.891,261.541,271.341,276.99110000002383,282.87440000000595,396.8417000000179,404.64170000001786,414.74180000001195,431.1075,438.17530000001193,441.6253000000119,451.54160000002383]","[51.87390000000596,71.8565,95.6235,115.09020000001787,125.33980000001192,140.17410000002383,150.95710000002381,155.6571000000238,166.55720000001784,173.7238000000119,178.80720000001784,184.10740000000592,193.72340000000594,199.10690000000594,205.2908000000119,208.8573000000119,226.0741000000238,233.19080000001188,251.14100000000002,257.891,261.541,271.34110000002386,276.9912000000179,282.87440000000595,396.8418000000119,404.6418000000119,414.74180000001195,431.1075,438.17540000000594,441.6253000000119,451.54160000002383]",,17,"[53.25580000001192,96.70630000001192,115.85640000000595,126.15640000000596,140.93990000000593,179.47349999999997,196.22349999999997,199.78990000000596,209.77360000002383,251.65690000000598,272.32390000000595,277.9405,283.49060000002385,405.45790000000596,431.64130000001194,442.15700000000004,452.00800000000004]","[53.255900000005965,96.70640000000596,115.85640000000595,126.15640000000596,140.93990000000593,179.47360000002382,196.22349999999997,199.78990000000596,209.77360000002383,251.65700000000004,272.32390000000595,277.94060000002384,283.49060000002385,405.458,431.641400000006,442.15710000002383,452.00800000000004]",14,"[72.82290000000596,151.48969999998806,156.58969999998806,167.7897999999821,174.2232999999821,184.68990000000593,205.823099999994,226.9067999999821,233.7567999999821,258.473400000006,262.056900000006,397.4070999999941,415.55779999998214,438.84109999999407]","[72.823,151.48969999998806,156.5897999999821,167.7897999999821,174.2232999999821,184.68990000000593,205.823099999994,226.9067999999821,233.7567999999821,258.473400000006,262.057,397.4070999999941,415.55779999998214,438.84109999999407]","[""scam_button""]",5.401605903,0.7478,5.882161458,0.3147,5.882161458,0.1655,,,,,,resources/images/legitimate_18.png,legit,1,0.65,0,0,,,,,,,,,,,0,6,6,17,1,,,,,,,,,,,,,,,,,,,,,,,,,,,,,,,,,,,,,,,,,,,,,,,,,,,,,,,,,,,,,,,,,,,,,,,
,,,,,,,,,,,,,,,,873570,001,2025-04-18_16h26.16.148,SLSINC,2022.2.5,MacIntel,60.60606061,,,,,,,,,,,32,"[51.873800000011926,71.8565,95.6235,115.09020000001787,125.33970000001786,140.17399999999998,150.95710000002381,155.65699999999998,166.55720000001784,173.7238000000119,178.80720000001784,184.10720000001785,193.72340000000594,199.1068000000119,205.29060000002383,208.8573000000119,226.0741000000238,233.19080000001188,251.14100000000002,257.891,261.541,271.341,276.99110000002383,282.87440000000595,396.8417000000179,404.64170000001786,414.74180000001195,431.1075,438.17530000001193,441.6253000000119,451.54160000002383,459.00880000001195]","[51.87390000000596,71.8565,95.6235,115.09020000001787,125.33980000001192,140.17410000002383,150.95710000002381,155.6571000000238,166.55720000001784,173.7238000000119,178.80720000001784,184.10740000000592,193.72340000000594,199.10690000000594,205.2908000000119,208.8573000000119,226.0741000000238,233.19080000001188,251.14100000000002,257.891,261.541,271.34110000002386,276.9912000000179,282.87440000000595,396.8418000000119,404.6418000000119,414.74180000001195,431.1075,438.17540000000594,441.6253000000119,451.54160000002383,459.00880000001195]",,18,"[53.25580000001192,96.70630000001192,115.85640000000595,126.15640000000596,140.93990000000593,179.47349999999997,196.22349999999997,199.78990000000596,209.77360000002383,251.65690000000598,272.32390000000595,277.9405,283.49060000002385,405.45790000000596,431.64130000001194,442.15700000000004,452.00800000000004,459.79150000000004]","[53.255900000005965,96.70640000000596,115.85640000000595,126.15640000000596,140.93990000000593,179.47360000002382,196.22349999999997,199.78990000000596,209.77360000002383,251.65700000000004,272.32390000000595,277.94060000002384,283.49060000002385,405.458,431.641400000006,442.15710000002383,452.00800000000004,459.79160000002383]",14,"[72.82290000000596,151.48969999998806,156.58969999998806,167.7897999999821,174.2232999999821,184.68990000000593,205.823099999994,226.9067999999821,233.7567999999821,258.473400000006,262.056900000006,397.4070999999941,415.55779999998214,438.84109999999407]","[72.823,151.48969999998806,156.5897999999821,167.7897999999821,174.2232999999821,184.68990000000593,205.823099999994,226.9067999999821,233.7567999999821,258.473400000006,262.057,397.4070999999941,415.55779999998214,438.84109999999407]","[""scam_button""]",5.824175347,0.6476,5.824175347,0.1816,5.824175347,0.314,,,,,,resources/images/scam_30.png,scam,1.45,0.6,0,0,,,,,,,,,,,0,7,7,20,1,,,,,,,,,,,,,,,,,,,,,,,,,,,,,,,,,,,,,,,,,,,,,,,,,,,,,,,,,,,,,,,,,,,,,,,
,,,,,,,,,,,,,,,,873570,001,2025-04-18_16h26.16.148,SLSINC,2022.2.5,MacIntel,60.60606061,,,,,,,,,,,33,"[51.873800000011926,71.8565,95.6235,115.09020000001787,125.33970000001786,140.17399999999998,150.95710000002381,155.65699999999998,166.55720000001784,173.7238000000119,178.80720000001784,184.10720000001785,193.72340000000594,199.1068000000119,205.29060000002383,208.8573000000119,226.0741000000238,233.19080000001188,251.14100000000002,257.891,261.541,271.341,276.99110000002383,282.87440000000595,396.8417000000179,404.64170000001786,414.74180000001195,431.1075,438.17530000001193,441.6253000000119,451.54160000002383,459.00880000001195,462.892]","[51.87390000000596,71.8565,95.6235,115.09020000001787,125.33980000001192,140.17410000002383,150.95710000002381,155.6571000000238,166.55720000001784,173.7238000000119,178.80720000001784,184.10740000000592,193.72340000000594,199.10690000000594,205.2908000000119,208.8573000000119,226.0741000000238,233.19080000001188,251.14100000000002,257.891,261.541,271.34110000002386,276.9912000000179,282.87440000000595,396.8418000000119,404.6418000000119,414.74180000001195,431.1075,438.17540000000594,441.6253000000119,451.54160000002383,459.00880000001195,462.892]",,18,"[53.25580000001192,96.70630000001192,115.85640000000595,126.15640000000596,140.93990000000593,179.47349999999997,196.22349999999997,199.78990000000596,209.77360000002383,251.65690000000598,272.32390000000595,277.9405,283.49060000002385,405.45790000000596,431.64130000001194,442.15700000000004,452.00800000000004,459.79150000000004]","[53.255900000005965,96.70640000000596,115.85640000000595,126.15640000000596,140.93990000000593,179.47360000002382,196.22349999999997,199.78990000000596,209.77360000002383,251.65700000000004,272.32390000000595,277.94060000002384,283.49060000002385,405.458,431.641400000006,442.15710000002383,452.00800000000004,459.79160000002383]",15,"[72.82290000000596,151.48969999998806,156.58969999998806,167.7897999999821,174.2232999999821,184.68990000000593,205.823099999994,226.9067999999821,233.7567999999821,258.473400000006,262.056900000006,397.4070999999941,415.55779999998214,438.84109999999407,463.408]","[72.823,151.48969999998806,156.5897999999821,167.7897999999821,174.2232999999821,184.68990000000593,205.823099999994,226.9067999999821,233.7567999999821,258.473400000006,262.057,397.4070999999941,415.55779999998214,438.84109999999407,463.4080999999941]","[""legit_button""]",5.824175347,0.7148,5.824175347,0.1976,5.824175347,0.181,,,,,,resources/images/legit_23.png,legit,1,0.65,0,0,,,,,,,,,,,0,8,8,8,1,,,,,,,,,,,,,,,,,,,,,,,,,,,,,,,,,,,,,,,,,,,,,,,,,,,,,,,,,,,,,,,,,,,,,,,
,,,,,,,,,,,,,,,,873570,001,2025-04-18_16h26.16.148,SLSINC,2022.2.5,MacIntel,60.60606061,,,,,,,,,,,34,"[51.873800000011926,71.8565,95.6235,115.09020000001787,125.33970000001786,140.17399999999998,150.95710000002381,155.65699999999998,166.55720000001784,173.7238000000119,178.80720000001784,184.10720000001785,193.72340000000594,199.1068000000119,205.29060000002383,208.8573000000119,226.0741000000238,233.19080000001188,251.14100000000002,257.891,261.541,271.341,276.99110000002383,282.87440000000595,396.8417000000179,404.64170000001786,414.74180000001195,431.1075,438.17530000001193,441.6253000000119,451.54160000002383,459.00880000001195,462.892,467.2755]","[51.87390000000596,71.8565,95.6235,115.09020000001787,125.33980000001192,140.17410000002383,150.95710000002381,155.6571000000238,166.55720000001784,173.7238000000119,178.80720000001784,184.10740000000592,193.72340000000594,199.10690000000594,205.2908000000119,208.8573000000119,226.0741000000238,233.19080000001188,251.14100000000002,257.891,261.541,271.34110000002386,276.9912000000179,282.87440000000595,396.8418000000119,404.6418000000119,414.74180000001195,431.1075,438.17540000000594,441.6253000000119,451.54160000002383,459.00880000001195,462.892,467.2755]",,19,"[53.25580000001192,96.70630000001192,115.85640000000595,126.15640000000596,140.93990000000593,179.47349999999997,196.22349999999997,199.78990000000596,209.77360000002383,251.65690000000598,272.32390000000595,277.9405,283.49060000002385,405.45790000000596,431.64130000001194,442.15700000000004,452.00800000000004,459.79150000000004,468.32460000002385]","[53.255900000005965,96.70640000000596,115.85640000000595,126.15640000000596,140.93990000000593,179.47360000002382,196.22349999999997,199.78990000000596,209.77360000002383,251.65700000000004,272.32390000000595,277.94060000002384,283.49060000002385,405.458,431.641400000006,442.15710000002383,452.00800000000004,459.79160000002383,468.32460000002385]",15,"[72.82290000000596,151.48969999998806,156.58969999998806,167.7897999999821,174.2232999999821,184.68990000000593,205.823099999994,226.9067999999821,233.7567999999821,258.473400000006,262.056900000006,397.4070999999941,415.55779999998214,438.84109999999407,463.408]","[72.823,151.48969999998806,156.5897999999821,167.7897999999821,174.2232999999821,184.68990000000593,205.823099999994,226.9067999999821,233.7567999999821,258.473400000006,262.057,397.4070999999941,415.55779999998214,438.84109999999407,463.4080999999941]","[""scam_button""]",4.993315972,0.9314,7.895399306,0.3652,7.895399306,0.2808,,,,,,resources/images/scam_23.png,scam,1,0.8,0,0,,,,,,,,,,,0,9,9,21,1,,,,,,,,,,,,,,,,,,,,,,,,,,,,,,,,,,,,,,,,,,,,,,,,,,,,,,,,,,,,,,,,,,,,,,,
,,,,,,,,,,,,,,,,873570,001,2025-04-18_16h26.16.148,SLSINC,2022.2.5,MacIntel,60.60606061,,,,,,,,,,,35,"[51.873800000011926,71.8565,95.6235,115.09020000001787,125.33970000001786,140.17399999999998,150.95710000002381,155.65699999999998,166.55720000001784,173.7238000000119,178.80720000001784,184.10720000001785,193.72340000000594,199.1068000000119,205.29060000002383,208.8573000000119,226.0741000000238,233.19080000001188,251.14100000000002,257.891,261.541,271.341,276.99110000002383,282.87440000000595,396.8417000000179,404.64170000001786,414.74180000001195,431.1075,438.17530000001193,441.6253000000119,451.54160000002383,459.00880000001195,462.892,467.2755,473.7755]","[51.87390000000596,71.8565,95.6235,115.09020000001787,125.33980000001192,140.17410000002383,150.95710000002381,155.6571000000238,166.55720000001784,173.7238000000119,178.80720000001784,184.10740000000592,193.72340000000594,199.10690000000594,205.2908000000119,208.8573000000119,226.0741000000238,233.19080000001188,251.14100000000002,257.891,261.541,271.34110000002386,276.9912000000179,282.87440000000595,396.8418000000119,404.6418000000119,414.74180000001195,431.1075,438.17540000000594,441.6253000000119,451.54160000002383,459.00880000001195,462.892,467.2755,473.7755]",,20,"[53.25580000001192,96.70630000001192,115.85640000000595,126.15640000000596,140.93990000000593,179.47349999999997,196.22349999999997,199.78990000000596,209.77360000002383,251.65690000000598,272.32390000000595,277.9405,283.49060000002385,405.45790000000596,431.64130000001194,442.15700000000004,452.00800000000004,459.79150000000004,468.32460000002385,474.475]","[53.255900000005965,96.70640000000596,115.85640000000595,126.15640000000596,140.93990000000593,179.47360000002382,196.22349999999997,199.78990000000596,209.77360000002383,251.65700000000004,272.32390000000595,277.94060000002384,283.49060000002385,405.458,431.641400000006,442.15710000002383,452.00800000000004,459.79160000002383,468.32460000002385,474.475]",15,"[72.82290000000596,151.48969999998806,156.58969999998806,167.7897999999821,174.2232999999821,184.68990000000593,205.823099999994,226.9067999999821,233.7567999999821,258.473400000006,262.056900000006,397.4070999999941,415.55779999998214,438.84109999999407,463.408]","[72.823,151.48969999998806,156.5897999999821,167.7897999999821,174.2232999999821,184.68990000000593,205.823099999994,226.9067999999821,233.7567999999821,258.473400000006,262.057,397.4070999999941,415.55779999998214,438.84109999999407,463.4080999999941]","[""scam_button""]",7.75234375,1.2474,7.75234375,0.1994,7.75234375,0.1465,,,,,,resources/images/scam9.jpg,scam,0.65,0.65,0,0,,,,,,,,,,,0,10,10,1,1,,,,,,,,,,,,,,,,,,,,,,,,,,,,,,,,,,,,,,,,,,,,,,,,,,,,,,,,,,,,,,,,,,,,,,,
,,,,,,,,,,,,,,,,873570,001,2025-04-18_16h26.16.148,SLSINC,2022.2.5,MacIntel,60.60606061,,,,,,,,,,,36,"[51.873800000011926,71.8565,95.6235,115.09020000001787,125.33970000001786,140.17399999999998,150.95710000002381,155.65699999999998,166.55720000001784,173.7238000000119,178.80720000001784,184.10720000001785,193.72340000000594,199.1068000000119,205.29060000002383,208.8573000000119,226.0741000000238,233.19080000001188,251.14100000000002,257.891,261.541,271.341,276.99110000002383,282.87440000000595,396.8417000000179,404.64170000001786,414.74180000001195,431.1075,438.17530000001193,441.6253000000119,451.54160000002383,459.00880000001195,462.892,467.2755,473.7755,482.1755]","[51.87390000000596,71.8565,95.6235,115.09020000001787,125.33980000001192,140.17410000002383,150.95710000002381,155.6571000000238,166.55720000001784,173.7238000000119,178.80720000001784,184.10740000000592,193.72340000000594,199.10690000000594,205.2908000000119,208.8573000000119,226.0741000000238,233.19080000001188,251.14100000000002,257.891,261.541,271.34110000002386,276.9912000000179,282.87440000000595,396.8418000000119,404.6418000000119,414.74180000001195,431.1075,438.17540000000594,441.6253000000119,451.54160000002383,459.00880000001195,462.892,467.2755,473.7755,482.1755]",,20,"[53.25580000001192,96.70630000001192,115.85640000000595,126.15640000000596,140.93990000000593,179.47349999999997,196.22349999999997,199.78990000000596,209.77360000002383,251.65690000000598,272.32390000000595,277.9405,283.49060000002385,405.45790000000596,431.64130000001194,442.15700000000004,452.00800000000004,459.79150000000004,468.32460000002385,474.475]","[53.255900000005965,96.70640000000596,115.85640000000595,126.15640000000596,140.93990000000593,179.47360000002382,196.22349999999997,199.78990000000596,209.77360000002383,251.65700000000004,272.32390000000595,277.94060000002384,283.49060000002385,405.458,431.641400000006,442.15710000002383,452.00800000000004,459.79160000002383,468.32460000002385,474.475]",16,"[72.82290000000596,151.48969999998806,156.58969999998806,167.7897999999821,174.2232999999821,184.68990000000593,205.823099999994,226.9067999999821,233.7567999999821,258.473400000006,262.056900000006,397.4070999999941,415.55779999998214,438.84109999999407,463.408,482.724900000006]","[72.823,151.48969999998806,156.5897999999821,167.7897999999821,174.2232999999821,184.68990000000593,205.823099999994,226.9067999999821,233.7567999999821,258.473400000006,262.057,397.4070999999941,415.55779999998214,438.84109999999407,463.4080999999941,482.724900000006]","[""legit_button""]",5.762109375,0.5473,5.805729167,0.3294,5.805729167,0.1819,,,,,,resources/images/legit13.jpg,legit,0.65,0.65,0,0,,,,,,,,,,,0,11,11,6,1,,,,,,,,,,,,,,,,,,,,,,,,,,,,,,,,,,,,,,,,,,,,,,,,,,,,,,,,,,,,,,,,,,,,,,,
,,,,,,,,,,,,,,,,873570,001,2025-04-18_16h26.16.148,SLSINC,2022.2.5,MacIntel,60.60606061,,,,,,,,,,,37,"[51.873800000011926,71.8565,95.6235,115.09020000001787,125.33970000001786,140.17399999999998,150.95710000002381,155.65699999999998,166.55720000001784,173.7238000000119,178.80720000001784,184.10720000001785,193.72340000000594,199.1068000000119,205.29060000002383,208.8573000000119,226.0741000000238,233.19080000001188,251.14100000000002,257.891,261.541,271.341,276.99110000002383,282.87440000000595,396.8417000000179,404.64170000001786,414.74180000001195,431.1075,438.17530000001193,441.6253000000119,451.54160000002383,459.00880000001195,462.892,467.2755,473.7755,482.1755,499.15890000000593]","[51.87390000000596,71.8565,95.6235,115.09020000001787,125.33980000001192,140.17410000002383,150.95710000002381,155.6571000000238,166.55720000001784,173.7238000000119,178.80720000001784,184.10740000000592,193.72340000000594,199.10690000000594,205.2908000000119,208.8573000000119,226.0741000000238,233.19080000001188,251.14100000000002,257.891,261.541,271.34110000002386,276.9912000000179,282.87440000000595,396.8418000000119,404.6418000000119,414.74180000001195,431.1075,438.17540000000594,441.6253000000119,451.54160000002383,459.00880000001195,462.892,467.2755,473.7755,482.1755,499.159]",,21,"[53.25580000001192,96.70630000001192,115.85640000000595,126.15640000000596,140.93990000000593,179.47349999999997,196.22349999999997,199.78990000000596,209.77360000002383,251.65690000000598,272.32390000000595,277.9405,283.49060000002385,405.45790000000596,431.64130000001194,442.15700000000004,452.00800000000004,459.79150000000004,468.32460000002385,474.475,499.7751000000238]","[53.255900000005965,96.70640000000596,115.85640000000595,126.15640000000596,140.93990000000593,179.47360000002382,196.22349999999997,199.78990000000596,209.77360000002383,251.65700000000004,272.32390000000595,277.94060000002384,283.49060000002385,405.458,431.641400000006,442.15710000002383,452.00800000000004,459.79160000002383,468.32460000002385,474.475,499.7751000000238]",16,"[72.82290000000596,151.48969999998806,156.58969999998806,167.7897999999821,174.2232999999821,184.68990000000593,205.823099999994,226.9067999999821,233.7567999999821,258.473400000006,262.056900000006,397.4070999999941,415.55779999998214,438.84109999999407,463.408,482.724900000006]","[72.823,151.48969999998806,156.5897999999821,167.7897999999821,174.2232999999821,184.68990000000593,205.823099999994,226.9067999999821,233.7567999999821,258.473400000006,262.057,397.4070999999941,415.55779999998214,438.84109999999407,463.4080999999941,482.724900000006]","[""scam_button""]",5.118185764,0.5639,6.513975694,0.4317,6.513975694,0.2159,,,,,,resources/images/legit16.jpg,legit,0.65,0.65,0,0,,,,,,,,,,,0,12,12,15,1,,,,,,,,,,,,,,,,,,,,,,,,,,,,,,,,,,,,,,,,,,,,,,,,,,,,,,,,,,,,,,,,,,,,,,,
,,,,,,,,,,,,,,,,873570,001,2025-04-18_16h26.16.148,SLSINC,2022.2.5,MacIntel,60.60606061,,,,,,,,,,,38,"[51.873800000011926,71.8565,95.6235,115.09020000001787,125.33970000001786,140.17399999999998,150.95710000002381,155.65699999999998,166.55720000001784,173.7238000000119,178.80720000001784,184.10720000001785,193.72340000000594,199.1068000000119,205.29060000002383,208.8573000000119,226.0741000000238,233.19080000001188,251.14100000000002,257.891,261.541,271.341,276.99110000002383,282.87440000000595,396.8417000000179,404.64170000001786,414.74180000001195,431.1075,438.17530000001193,441.6253000000119,451.54160000002383,459.00880000001195,462.892,467.2755,473.7755,482.1755,499.15890000000593,510.158800000012]","[51.87390000000596,71.8565,95.6235,115.09020000001787,125.33980000001192,140.17410000002383,150.95710000002381,155.6571000000238,166.55720000001784,173.7238000000119,178.80720000001784,184.10740000000592,193.72340000000594,199.10690000000594,205.2908000000119,208.8573000000119,226.0741000000238,233.19080000001188,251.14100000000002,257.891,261.541,271.34110000002386,276.9912000000179,282.87440000000595,396.8418000000119,404.6418000000119,414.74180000001195,431.1075,438.17540000000594,441.6253000000119,451.54160000002383,459.00880000001195,462.892,467.2755,473.7755,482.1755,499.159,510.158800000012]",,21,"[53.25580000001192,96.70630000001192,115.85640000000595,126.15640000000596,140.93990000000593,179.47349999999997,196.22349999999997,199.78990000000596,209.77360000002383,251.65690000000598,272.32390000000595,277.9405,283.49060000002385,405.45790000000596,431.64130000001194,442.15700000000004,452.00800000000004,459.79150000000004,468.32460000002385,474.475,499.7751000000238]","[53.255900000005965,96.70640000000596,115.85640000000595,126.15640000000596,140.93990000000593,179.47360000002382,196.22349999999997,199.78990000000596,209.77360000002383,251.65700000000004,272.32390000000595,277.94060000002384,283.49060000002385,405.458,431.641400000006,442.15710000002383,452.00800000000004,459.79160000002383,468.32460000002385,474.475,499.7751000000238]",17,"[72.82290000000596,151.48969999998806,156.58969999998806,167.7897999999821,174.2232999999821,184.68990000000593,205.823099999994,226.9067999999821,233.7567999999821,258.473400000006,262.056900000006,397.4070999999941,415.55779999998214,438.84109999999407,463.408,482.724900000006,510.9910999999941]","[72.823,151.48969999998806,156.5897999999821,167.7897999999821,174.2232999999821,184.68990000000593,205.823099999994,226.9067999999821,233.7567999999821,258.473400000006,262.057,397.4070999999941,415.55779999998214,438.84109999999407,463.4080999999941,482.724900000006,510.99119999998817]","[""legit_button""]",6.046397569,0.531,6.046397569,0.1644,6.046397569,0.1987,,,,,,resources/images/scam_21.png,scam,1,0.65,0,0,,,,,,,,,,,0,13,13,19,1,,,,,,,,,,,,,,,,,,,,,,,,,,,,,,,,,,,,,,,,,,,,,,,,,,,,,,,,,,,,,,,,,,,,,,,
,,,,,,,,,,,,,,,,873570,001,2025-04-18_16h26.16.148,SLSINC,2022.2.5,MacIntel,60.60606061,,,,,,,,,,,39,"[51.873800000011926,71.8565,95.6235,115.09020000001787,125.33970000001786,140.17399999999998,150.95710000002381,155.65699999999998,166.55720000001784,173.7238000000119,178.80720000001784,184.10720000001785,193.72340000000594,199.1068000000119,205.29060000002383,208.8573000000119,226.0741000000238,233.19080000001188,251.14100000000002,257.891,261.541,271.341,276.99110000002383,282.87440000000595,396.8417000000179,404.64170000001786,414.74180000001195,431.1075,438.17530000001193,441.6253000000119,451.54160000002383,459.00880000001195,462.892,467.2755,473.7755,482.1755,499.15890000000593,510.158800000012,513.8757000000179]","[51.87390000000596,71.8565,95.6235,115.09020000001787,125.33980000001192,140.17410000002383,150.95710000002381,155.6571000000238,166.55720000001784,173.7238000000119,178.80720000001784,184.10740000000592,193.72340000000594,199.10690000000594,205.2908000000119,208.8573000000119,226.0741000000238,233.19080000001188,251.14100000000002,257.891,261.541,271.34110000002386,276.9912000000179,282.87440000000595,396.8418000000119,404.6418000000119,414.74180000001195,431.1075,438.17540000000594,441.6253000000119,451.54160000002383,459.00880000001195,462.892,467.2755,473.7755,482.1755,499.159,510.158800000012,513.8757000000179]",,22,"[53.25580000001192,96.70630000001192,115.85640000000595,126.15640000000596,140.93990000000593,179.47349999999997,196.22349999999997,199.78990000000596,209.77360000002383,251.65690000000598,272.32390000000595,277.9405,283.49060000002385,405.45790000000596,431.64130000001194,442.15700000000004,452.00800000000004,459.79150000000004,468.32460000002385,474.475,499.7751000000238,514.375]","[53.255900000005965,96.70640000000596,115.85640000000595,126.15640000000596,140.93990000000593,179.47360000002382,196.22349999999997,199.78990000000596,209.77360000002383,251.65700000000004,272.32390000000595,277.94060000002384,283.49060000002385,405.458,431.641400000006,442.15710000002383,452.00800000000004,459.79160000002383,468.32460000002385,474.475,499.7751000000238,514.3751000000238]",17,"[72.82290000000596,151.48969999998806,156.58969999998806,167.7897999999821,174.2232999999821,184.68990000000593,205.823099999994,226.9067999999821,233.7567999999821,258.473400000006,262.056900000006,397.4070999999941,415.55779999998214,438.84109999999407,463.408,482.724900000006,510.9910999999941]","[72.823,151.48969999998806,156.5897999999821,167.7897999999821,174.2232999999821,184.68990000000593,205.823099999994,226.9067999999821,233.7567999999821,258.473400000006,262.057,397.4070999999941,415.55779999998214,438.84109999999407,463.4080999999941,482.724900000006,510.99119999998817]","[""scam_button""]",4.899956597,0.4475,5.040104167,0.2647,5.650086806,0.3148,,,,,,resources/images/legit_19.png,legit,0.65,0.65,0,0,,,,,,,,,,,0,14,14,4,1,,,,,,,,,,,,,,,,,,,,,,,,,,,,,,,,,,,,,,,,,,,,,,,,,,,,,,,,,,,,,,,,,,,,,,,
,,,,,,,,,,,,,,,,873570,001,2025-04-18_16h26.16.148,SLSINC,2022.2.5,MacIntel,60.60606061,,,,,,,,,,,40,"[51.873800000011926,71.8565,95.6235,115.09020000001787,125.33970000001786,140.17399999999998,150.95710000002381,155.65699999999998,166.55720000001784,173.7238000000119,178.80720000001784,184.10720000001785,193.72340000000594,199.1068000000119,205.29060000002383,208.8573000000119,226.0741000000238,233.19080000001188,251.14100000000002,257.891,261.541,271.341,276.99110000002383,282.87440000000595,396.8417000000179,404.64170000001786,414.74180000001195,431.1075,438.17530000001193,441.6253000000119,451.54160000002383,459.00880000001195,462.892,467.2755,473.7755,482.1755,499.15890000000593,510.158800000012,513.8757000000179,516.7423000000119]","[51.87390000000596,71.8565,95.6235,115.09020000001787,125.33980000001192,140.17410000002383,150.95710000002381,155.6571000000238,166.55720000001784,173.7238000000119,178.80720000001784,184.10740000000592,193.72340000000594,199.10690000000594,205.2908000000119,208.8573000000119,226.0741000000238,233.19080000001188,251.14100000000002,257.891,261.541,271.34110000002386,276.9912000000179,282.87440000000595,396.8418000000119,404.6418000000119,414.74180000001195,431.1075,438.17540000000594,441.6253000000119,451.54160000002383,459.00880000001195,462.892,467.2755,473.7755,482.1755,499.159,510.158800000012,513.8757000000179,516.742400000006]",,23,"[53.25580000001192,96.70630000001192,115.85640000000595,126.15640000000596,140.93990000000593,179.47349999999997,196.22349999999997,199.78990000000596,209.77360000002383,251.65690000000598,272.32390000000595,277.9405,283.49060000002385,405.45790000000596,431.64130000001194,442.15700000000004,452.00800000000004,459.79150000000004,468.32460000002385,474.475,499.7751000000238,514.375,517.5251000000238]","[53.255900000005965,96.70640000000596,115.85640000000595,126.15640000000596,140.93990000000593,179.47360000002382,196.22349999999997,199.78990000000596,209.77360000002383,251.65700000000004,272.32390000000595,277.94060000002384,283.49060000002385,405.458,431.641400000006,442.15710000002383,452.00800000000004,459.79160000002383,468.32460000002385,474.475,499.7751000000238,514.3751000000238,517.5252000000179]",17,"[72.82290000000596,151.48969999998806,156.58969999998806,167.7897999999821,174.2232999999821,184.68990000000593,205.823099999994,226.9067999999821,233.7567999999821,258.473400000006,262.056900000006,397.4070999999941,415.55779999998214,438.84109999999407,463.408,482.724900000006,510.9910999999941]","[72.823,151.48969999998806,156.5897999999821,167.7897999999821,174.2232999999821,184.68990000000593,205.823099999994,226.9067999999821,233.7567999999821,258.473400000006,262.057,397.4070999999941,415.55779999998214,438.84109999999407,463.4080999999941,482.724900000006,510.99119999998817]","[""scam_button""]",6.701215278,0.614,6.701215278,0.1809,6.701215278,0.1481,,,,,,resources/images/scam16.png,scam,0.65,0.65,0,0,,,,,,,,,,,0,15,15,11,1,,,,,,,,,,,,,,,,,,,,,,,,,,,,,,,,,,,,,,,,,,,,,,,,,,,,,,,,,,,,,,,,,,,,,,,
,,,,,,,,,,,,,,,,873570,001,2025-04-18_16h26.16.148,SLSINC,2022.2.5,MacIntel,60.60606061,,,,,,,,,,,41,"[51.873800000011926,71.8565,95.6235,115.09020000001787,125.33970000001786,140.17399999999998,150.95710000002381,155.65699999999998,166.55720000001784,173.7238000000119,178.80720000001784,184.10720000001785,193.72340000000594,199.1068000000119,205.29060000002383,208.8573000000119,226.0741000000238,233.19080000001188,251.14100000000002,257.891,261.541,271.341,276.99110000002383,282.87440000000595,396.8417000000179,404.64170000001786,414.74180000001195,431.1075,438.17530000001193,441.6253000000119,451.54160000002383,459.00880000001195,462.892,467.2755,473.7755,482.1755,499.15890000000593,510.158800000012,513.8757000000179,516.7423000000119,519.8424000000059]","[51.87390000000596,71.8565,95.6235,115.09020000001787,125.33980000001192,140.17410000002383,150.95710000002381,155.6571000000238,166.55720000001784,173.7238000000119,178.80720000001784,184.10740000000592,193.72340000000594,199.10690000000594,205.2908000000119,208.8573000000119,226.0741000000238,233.19080000001188,251.14100000000002,257.891,261.541,271.34110000002386,276.9912000000179,282.87440000000595,396.8418000000119,404.6418000000119,414.74180000001195,431.1075,438.17540000000594,441.6253000000119,451.54160000002383,459.00880000001195,462.892,467.2755,473.7755,482.1755,499.159,510.158800000012,513.8757000000179,516.742400000006,519.8424000000059]",,24,"[53.25580000001192,96.70630000001192,115.85640000000595,126.15640000000596,140.93990000000593,179.47349999999997,196.22349999999997,199.78990000000596,209.77360000002383,251.65690000000598,272.32390000000595,277.9405,283.49060000002385,405.45790000000596,431.64130000001194,442.15700000000004,452.00800000000004,459.79150000000004,468.32460000002385,474.475,499.7751000000238,514.375,517.5251000000238,520.490800000012]","[53.255900000005965,96.70640000000596,115.85640000000595,126.15640000000596,140.93990000000593,179.47360000002382,196.22349999999997,199.78990000000596,209.77360000002383,251.65700000000004,272.32390000000595,277.94060000002384,283.49060000002385,405.458,431.641400000006,442.15710000002383,452.00800000000004,459.79160000002383,468.32460000002385,474.475,499.7751000000238,514.3751000000238,517.5252000000179,520.4909000000059]",17,"[72.82290000000596,151.48969999998806,156.58969999998806,167.7897999999821,174.2232999999821,184.68990000000593,205.823099999994,226.9067999999821,233.7567999999821,258.473400000006,262.056900000006,397.4070999999941,415.55779999998214,438.84109999999407,463.408,482.724900000006,510.9910999999941]","[72.823,151.48969999998806,156.5897999999821,167.7897999999821,174.2232999999821,184.68990000000593,205.823099999994,226.9067999999821,233.7567999999821,258.473400000006,262.057,397.4070999999941,415.55779999998214,438.84109999999407,463.4080999999941,482.724900000006,510.99119999998817]","[""scam_button""]",6.294921875,0.4317,6.294921875,0.1813,6.294921875,0.1482,,,,,,resources/images/legit12.jpg,legit,1,0.65,0,0,,,,,,,,,,,0,16,16,5,1,,,,,,,,,,,,,,,,,,,,,,,,,,,,,,,,,,,,,,,,,,,,,,,,,,,,,,,,,,,,,,,,,,,,,,,
,,,,,,,,,,,,,,,,873570,001,2025-04-18_16h26.16.148,SLSINC,2022.2.5,MacIntel,60.60606061,,,,,,,,,,,42,"[51.873800000011926,71.8565,95.6235,115.09020000001787,125.33970000001786,140.17399999999998,150.95710000002381,155.65699999999998,166.55720000001784,173.7238000000119,178.80720000001784,184.10720000001785,193.72340000000594,199.1068000000119,205.29060000002383,208.8573000000119,226.0741000000238,233.19080000001188,251.14100000000002,257.891,261.541,271.341,276.99110000002383,282.87440000000595,396.8417000000179,404.64170000001786,414.74180000001195,431.1075,438.17530000001193,441.6253000000119,451.54160000002383,459.00880000001195,462.892,467.2755,473.7755,482.1755,499.15890000000593,510.158800000012,513.8757000000179,516.7423000000119,519.8424000000059,522.4925]","[51.87390000000596,71.8565,95.6235,115.09020000001787,125.33980000001192,140.17410000002383,150.95710000002381,155.6571000000238,166.55720000001784,173.7238000000119,178.80720000001784,184.10740000000592,193.72340000000594,199.10690000000594,205.2908000000119,208.8573000000119,226.0741000000238,233.19080000001188,251.14100000000002,257.891,261.541,271.34110000002386,276.9912000000179,282.87440000000595,396.8418000000119,404.6418000000119,414.74180000001195,431.1075,438.17540000000594,441.6253000000119,451.54160000002383,459.00880000001195,462.892,467.2755,473.7755,482.1755,499.159,510.158800000012,513.8757000000179,516.742400000006,519.8424000000059,522.4925]",,24,"[53.25580000001192,96.70630000001192,115.85640000000595,126.15640000000596,140.93990000000593,179.47349999999997,196.22349999999997,199.78990000000596,209.77360000002383,251.65690000000598,272.32390000000595,277.9405,283.49060000002385,405.45790000000596,431.64130000001194,442.15700000000004,452.00800000000004,459.79150000000004,468.32460000002385,474.475,499.7751000000238,514.375,517.5251000000238,520.490800000012]","[53.255900000005965,96.70640000000596,115.85640000000595,126.15640000000596,140.93990000000593,179.47360000002382,196.22349999999997,199.78990000000596,209.77360000002383,251.65700000000004,272.32390000000595,277.94060000002384,283.49060000002385,405.458,431.641400000006,442.15710000002383,452.00800000000004,459.79160000002383,468.32460000002385,474.475,499.7751000000238,514.3751000000238,517.5252000000179,520.4909000000059]",18,"[72.82290000000596,151.48969999998806,156.58969999998806,167.7897999999821,174.2232999999821,184.68990000000593,205.823099999994,226.9067999999821,233.7567999999821,258.473400000006,262.056900000006,397.4070999999941,415.55779999998214,438.84109999999407,463.408,482.724900000006,510.9910999999941,522.924599999994]","[72.823,151.48969999998806,156.5897999999821,167.7897999999821,174.2232999999821,184.68990000000593,205.823099999994,226.9067999999821,233.7567999999821,258.473400000006,262.057,397.4070999999941,415.55779999998214,438.84109999999407,463.4080999999941,482.724900000006,510.99119999998817,522.9246999999881]","[""legit_button""]",6.612543403,1.015,6.612543403,0.1489,6.612543403,0.1489,,,,,,resources/images/legit15.jpg,legit,0.95,0.65,0,0,,,,,,,,,,,0,17,17,13,1,,,,,,,,,,,,,,,,,,,,,,,,,,,,,,,,,,,,,,,,,,,,,,,,,,,,,,,,,,,,,,,,,,,,,,,
,,,,,,,,,,,,,,,,873570,001,2025-04-18_16h26.16.148,SLSINC,2022.2.5,MacIntel,60.60606061,,,,,,,,,,,43,"[51.873800000011926,71.8565,95.6235,115.09020000001787,125.33970000001786,140.17399999999998,150.95710000002381,155.65699999999998,166.55720000001784,173.7238000000119,178.80720000001784,184.10720000001785,193.72340000000594,199.1068000000119,205.29060000002383,208.8573000000119,226.0741000000238,233.19080000001188,251.14100000000002,257.891,261.541,271.341,276.99110000002383,282.87440000000595,396.8417000000179,404.64170000001786,414.74180000001195,431.1075,438.17530000001193,441.6253000000119,451.54160000002383,459.00880000001195,462.892,467.2755,473.7755,482.1755,499.15890000000593,510.158800000012,513.8757000000179,516.7423000000119,519.8424000000059,522.4925,528.342300000012]","[51.87390000000596,71.8565,95.6235,115.09020000001787,125.33980000001192,140.17410000002383,150.95710000002381,155.6571000000238,166.55720000001784,173.7238000000119,178.80720000001784,184.10740000000592,193.72340000000594,199.10690000000594,205.2908000000119,208.8573000000119,226.0741000000238,233.19080000001188,251.14100000000002,257.891,261.541,271.34110000002386,276.9912000000179,282.87440000000595,396.8418000000119,404.6418000000119,414.74180000001195,431.1075,438.17540000000594,441.6253000000119,451.54160000002383,459.00880000001195,462.892,467.2755,473.7755,482.1755,499.159,510.158800000012,513.8757000000179,516.742400000006,519.8424000000059,522.4925,528.3424000000059]",,24,"[53.25580000001192,96.70630000001192,115.85640000000595,126.15640000000596,140.93990000000593,179.47349999999997,196.22349999999997,199.78990000000596,209.77360000002383,251.65690000000598,272.32390000000595,277.9405,283.49060000002385,405.45790000000596,431.64130000001194,442.15700000000004,452.00800000000004,459.79150000000004,468.32460000002385,474.475,499.7751000000238,514.375,517.5251000000238,520.490800000012]","[53.255900000005965,96.70640000000596,115.85640000000595,126.15640000000596,140.93990000000593,179.47360000002382,196.22349999999997,199.78990000000596,209.77360000002383,251.65700000000004,272.32390000000595,277.94060000002384,283.49060000002385,405.458,431.641400000006,442.15710000002383,452.00800000000004,459.79160000002383,468.32460000002385,474.475,499.7751000000238,514.3751000000238,517.5252000000179,520.4909000000059]",19,"[72.82290000000596,151.48969999998806,156.58969999998806,167.7897999999821,174.2232999999821,184.68990000000593,205.823099999994,226.9067999999821,233.7567999999821,258.473400000006,262.056900000006,397.4070999999941,415.55779999998214,438.84109999999407,463.408,482.724900000006,510.9910999999941,522.924599999994,528.7914999999999]","[72.823,151.48969999998806,156.5897999999821,167.7897999999821,174.2232999999821,184.68990000000593,205.823099999994,226.9067999999821,233.7567999999821,258.473400000006,262.057,397.4070999999941,415.55779999998214,438.84109999999407,463.4080999999941,482.724900000006,510.99119999998817,522.9246999999881,528.7914999999999]","[""legit_button""]",7.000477431,0.7977,7.000477431,0.1648,7.000477431,0.4646,,,,,,resources/images/legit_20.png,legit,0.9,0.8,0,0,,,,,,,,,,,0,18,18,3,1,,,,,,,,,,,,,,,,,,,,,,,,,,,,,,,,,,,,,,,,,,,,,,,,,,,,,,,,,,,,,,,,,,,,,,,
,,,,,,,,,,,,,,,,873570,001,2025-04-18_16h26.16.148,SLSINC,2022.2.5,MacIntel,60.60606061,,,,,,,,,,,44,"[51.873800000011926,71.8565,95.6235,115.09020000001787,125.33970000001786,140.17399999999998,150.95710000002381,155.65699999999998,166.55720000001784,173.7238000000119,178.80720000001784,184.10720000001785,193.72340000000594,199.1068000000119,205.29060000002383,208.8573000000119,226.0741000000238,233.19080000001188,251.14100000000002,257.891,261.541,271.341,276.99110000002383,282.87440000000595,396.8417000000179,404.64170000001786,414.74180000001195,431.1075,438.17530000001193,441.6253000000119,451.54160000002383,459.00880000001195,462.892,467.2755,473.7755,482.1755,499.15890000000593,510.158800000012,513.8757000000179,516.7423000000119,519.8424000000059,522.4925,528.342300000012,536.959900000006]","[51.87390000000596,71.8565,95.6235,115.09020000001787,125.33980000001192,140.17410000002383,150.95710000002381,155.6571000000238,166.55720000001784,173.7238000000119,178.80720000001784,184.10740000000592,193.72340000000594,199.10690000000594,205.2908000000119,208.8573000000119,226.0741000000238,233.19080000001188,251.14100000000002,257.891,261.541,271.34110000002386,276.9912000000179,282.87440000000595,396.8418000000119,404.6418000000119,414.74180000001195,431.1075,438.17540000000594,441.6253000000119,451.54160000002383,459.00880000001195,462.892,467.2755,473.7755,482.1755,499.159,510.158800000012,513.8757000000179,516.742400000006,519.8424000000059,522.4925,528.3424000000059,536.959900000006]",,24,"[53.25580000001192,96.70630000001192,115.85640000000595,126.15640000000596,140.93990000000593,179.47349999999997,196.22349999999997,199.78990000000596,209.77360000002383,251.65690000000598,272.32390000000595,277.9405,283.49060000002385,405.45790000000596,431.64130000001194,442.15700000000004,452.00800000000004,459.79150000000004,468.32460000002385,474.475,499.7751000000238,514.375,517.5251000000238,520.490800000012]","[53.255900000005965,96.70640000000596,115.85640000000595,126.15640000000596,140.93990000000593,179.47360000002382,196.22349999999997,199.78990000000596,209.77360000002383,251.65700000000004,272.32390000000595,277.94060000002384,283.49060000002385,405.458,431.641400000006,442.15710000002383,452.00800000000004,459.79160000002383,468.32460000002385,474.475,499.7751000000238,514.3751000000238,517.5252000000179,520.4909000000059]",20,"[72.82290000000596,151.48969999998806,156.58969999998806,167.7897999999821,174.2232999999821,184.68990000000593,205.823099999994,226.9067999999821,233.7567999999821,258.473400000006,262.056900000006,397.4070999999941,415.55779999998214,438.84109999999407,463.408,482.724900000006,510.9910999999941,522.924599999994,528.7914999999999,537.6749000000059]","[72.823,151.48969999998806,156.5897999999821,167.7897999999821,174.2232999999821,184.68990000000593,205.823099999994,226.9067999999821,233.7567999999821,258.473400000006,262.057,397.4070999999941,415.55779999998214,438.84109999999407,463.4080999999941,482.724900000006,510.99119999998817,522.9246999999881,528.7914999999999,537.675]","[""legit_button""]",6.628125,0.6307,6.628125,0.1811,6.628125,0.1301,,,,,,resources/images/scam18.png,scam,1,0.65,0,0,,,,,,,,,,,0,19,19,14,1,,,,,,,,,,,,,,,,,,,,,,,,,,,,,,,,,,,,,,,,,,,,,,,,,,,,,,,,,,,,,,,,,,,,,,,
,,,,,,,,,,,,,,,,873570,001,2025-04-18_16h26.16.148,SLSINC,2022.2.5,MacIntel,60.60606061,,,,,,,,,,,45,"[51.873800000011926,71.8565,95.6235,115.09020000001787,125.33970000001786,140.17399999999998,150.95710000002381,155.65699999999998,166.55720000001784,173.7238000000119,178.80720000001784,184.10720000001785,193.72340000000594,199.1068000000119,205.29060000002383,208.8573000000119,226.0741000000238,233.19080000001188,251.14100000000002,257.891,261.541,271.341,276.99110000002383,282.87440000000595,396.8417000000179,404.64170000001786,414.74180000001195,431.1075,438.17530000001193,441.6253000000119,451.54160000002383,459.00880000001195,462.892,467.2755,473.7755,482.1755,499.15890000000593,510.158800000012,513.8757000000179,516.7423000000119,519.8424000000059,522.4925,528.342300000012,536.959900000006,543.693]","[51.87390000000596,71.8565,95.6235,115.09020000001787,125.33980000001192,140.17410000002383,150.95710000002381,155.6571000000238,166.55720000001784,173.7238000000119,178.80720000001784,184.10740000000592,193.72340000000594,199.10690000000594,205.2908000000119,208.8573000000119,226.0741000000238,233.19080000001188,251.14100000000002,257.891,261.541,271.34110000002386,276.9912000000179,282.87440000000595,396.8418000000119,404.6418000000119,414.74180000001195,431.1075,438.17540000000594,441.6253000000119,451.54160000002383,459.00880000001195,462.892,467.2755,473.7755,482.1755,499.159,510.158800000012,513.8757000000179,516.742400000006,519.8424000000059,522.4925,528.3424000000059,536.959900000006,543.693]",,25,"[53.25580000001192,96.70630000001192,115.85640000000595,126.15640000000596,140.93990000000593,179.47349999999997,196.22349999999997,199.78990000000596,209.77360000002383,251.65690000000598,272.32390000000595,277.9405,283.49060000002385,405.45790000000596,431.64130000001194,442.15700000000004,452.00800000000004,459.79150000000004,468.32460000002385,474.475,499.7751000000238,514.375,517.5251000000238,520.490800000012,544.2085]","[53.255900000005965,96.70640000000596,115.85640000000595,126.15640000000596,140.93990000000593,179.47360000002382,196.22349999999997,199.78990000000596,209.77360000002383,251.65700000000004,272.32390000000595,277.94060000002384,283.49060000002385,405.458,431.641400000006,442.15710000002383,452.00800000000004,459.79160000002383,468.32460000002385,474.475,499.7751000000238,514.3751000000238,517.5252000000179,520.4909000000059,544.2085]",20,"[72.82290000000596,151.48969999998806,156.58969999998806,167.7897999999821,174.2232999999821,184.68990000000593,205.823099999994,226.9067999999821,233.7567999999821,258.473400000006,262.056900000006,397.4070999999941,415.55779999998214,438.84109999999407,463.408,482.724900000006,510.9910999999941,522.924599999994,528.7914999999999,537.6749000000059]","[72.823,151.48969999998806,156.5897999999821,167.7897999999821,174.2232999999821,184.68990000000593,205.823099999994,226.9067999999821,233.7567999999821,258.473400000006,262.057,397.4070999999941,415.55779999998214,438.84109999999407,463.4080999999941,482.724900000006,510.99119999998817,522.9246999999881,528.7914999999999,537.675]","[""scam_button""]",4.179730903,0.4144,4.179730903,0.182,4.839409722,0.3806,,,,,,resources/images/scam15.jpg,scam,0.65,0.65,0,0,,,,,,,,,,,0,20,20,10,1,,,,,,,,,,,,,,,,,,,,,,,,,,,,,,,,,,,,,,,,,,,,,,,,,,,,,,,,,,,,,,,,,,,,,,,
,,,,,,,,,,,,,,,,873570,001,2025-04-18_16h26.16.148,SLSINC,2022.2.5,MacIntel,60.60606061,,,,,,,,,,,46,"[51.873800000011926,71.8565,95.6235,115.09020000001787,125.33970000001786,140.17399999999998,150.95710000002381,155.65699999999998,166.55720000001784,173.7238000000119,178.80720000001784,184.10720000001785,193.72340000000594,199.1068000000119,205.29060000002383,208.8573000000119,226.0741000000238,233.19080000001188,251.14100000000002,257.891,261.541,271.341,276.99110000002383,282.87440000000595,396.8417000000179,404.64170000001786,414.74180000001195,431.1075,438.17530000001193,441.6253000000119,451.54160000002383,459.00880000001195,462.892,467.2755,473.7755,482.1755,499.15890000000593,510.158800000012,513.8757000000179,516.7423000000119,519.8424000000059,522.4925,528.342300000012,536.959900000006,543.693,548.425900000006]","[51.87390000000596,71.8565,95.6235,115.09020000001787,125.33980000001192,140.17410000002383,150.95710000002381,155.6571000000238,166.55720000001784,173.7238000000119,178.80720000001784,184.10740000000592,193.72340000000594,199.10690000000594,205.2908000000119,208.8573000000119,226.0741000000238,233.19080000001188,251.14100000000002,257.891,261.541,271.34110000002386,276.9912000000179,282.87440000000595,396.8418000000119,404.6418000000119,414.74180000001195,431.1075,438.17540000000594,441.6253000000119,451.54160000002383,459.00880000001195,462.892,467.2755,473.7755,482.1755,499.159,510.158800000012,513.8757000000179,516.742400000006,519.8424000000059,522.4925,528.3424000000059,536.959900000006,543.693,548.425900000006]",,26,"[53.25580000001192,96.70630000001192,115.85640000000595,126.15640000000596,140.93990000000593,179.47349999999997,196.22349999999997,199.78990000000596,209.77360000002383,251.65690000000598,272.32390000000595,277.9405,283.49060000002385,405.45790000000596,431.64130000001194,442.15700000000004,452.00800000000004,459.79150000000004,468.32460000002385,474.475,499.7751000000238,514.375,517.5251000000238,520.490800000012,544.2085,549.025300000012]","[53.255900000005965,96.70640000000596,115.85640000000595,126.15640000000596,140.93990000000593,179.47360000002382,196.22349999999997,199.78990000000596,209.77360000002383,251.65700000000004,272.32390000000595,277.94060000002384,283.49060000002385,405.458,431.641400000006,442.15710000002383,452.00800000000004,459.79160000002383,468.32460000002385,474.475,499.7751000000238,514.3751000000238,517.5252000000179,520.4909000000059,544.2085,549.025300000012]",20,"[72.82290000000596,151.48969999998806,156.58969999998806,167.7897999999821,174.2232999999821,184.68990000000593,205.823099999994,226.9067999999821,233.7567999999821,258.473400000006,262.056900000006,397.4070999999941,415.55779999998214,438.84109999999407,463.408,482.724900000006,510.9910999999941,522.924599999994,528.7914999999999,537.6749000000059]","[72.823,151.48969999998806,156.5897999999821,167.7897999999821,174.2232999999821,184.68990000000593,205.823099999994,226.9067999999821,233.7567999999821,258.473400000006,262.057,397.4070999999941,415.55779999998214,438.84109999999407,463.4080999999941,482.724900000006,510.99119999998817,522.9246999999881,528.7914999999999,537.675]","[""scam_button""]",7.433637153,0.6969,7.433637153,0.1986,7.433637153,0.1477,,,,,,resources/images/scam_20.png,scam,1.45,0.6,0,0,,,,,,,,,,,0,21,21,18,1,,,,,,,,,,,,,,,,,,,,,,,,,,,,,,,,,,,,,,,,,,,,,,,,,,,,,,,,,,,,,,,,,,,,,,,
,,,,,,,,,,,,,,,,873570,001,2025-04-18_16h26.16.148,SLSINC,2022.2.5,MacIntel,60.60606061,,,,,,,,,,,47,"[51.873800000011926,71.8565,95.6235,115.09020000001787,125.33970000001786,140.17399999999998,150.95710000002381,155.65699999999998,166.55720000001784,173.7238000000119,178.80720000001784,184.10720000001785,193.72340000000594,199.1068000000119,205.29060000002383,208.8573000000119,226.0741000000238,233.19080000001188,251.14100000000002,257.891,261.541,271.341,276.99110000002383,282.87440000000595,396.8417000000179,404.64170000001786,414.74180000001195,431.1075,438.17530000001193,441.6253000000119,451.54160000002383,459.00880000001195,462.892,467.2755,473.7755,482.1755,499.15890000000593,510.158800000012,513.8757000000179,516.7423000000119,519.8424000000059,522.4925,528.342300000012,536.959900000006,543.693,548.425900000006,566.7926000000239]","[51.87390000000596,71.8565,95.6235,115.09020000001787,125.33980000001192,140.17410000002383,150.95710000002381,155.6571000000238,166.55720000001784,173.7238000000119,178.80720000001784,184.10740000000592,193.72340000000594,199.10690000000594,205.2908000000119,208.8573000000119,226.0741000000238,233.19080000001188,251.14100000000002,257.891,261.541,271.34110000002386,276.9912000000179,282.87440000000595,396.8418000000119,404.6418000000119,414.74180000001195,431.1075,438.17540000000594,441.6253000000119,451.54160000002383,459.00880000001195,462.892,467.2755,473.7755,482.1755,499.159,510.158800000012,513.8757000000179,516.742400000006,519.8424000000059,522.4925,528.3424000000059,536.959900000006,543.693,548.425900000006,566.7927000000179]",,27,"[53.25580000001192,96.70630000001192,115.85640000000595,126.15640000000596,140.93990000000593,179.47349999999997,196.22349999999997,199.78990000000596,209.77360000002383,251.65690000000598,272.32390000000595,277.9405,283.49060000002385,405.45790000000596,431.64130000001194,442.15700000000004,452.00800000000004,459.79150000000004,468.32460000002385,474.475,499.7751000000238,514.375,517.5251000000238,520.490800000012,544.2085,549.025300000012,568.2755]","[53.255900000005965,96.70640000000596,115.85640000000595,126.15640000000596,140.93990000000593,179.47360000002382,196.22349999999997,199.78990000000596,209.77360000002383,251.65700000000004,272.32390000000595,277.94060000002384,283.49060000002385,405.458,431.641400000006,442.15710000002383,452.00800000000004,459.79160000002383,468.32460000002385,474.475,499.7751000000238,514.3751000000238,517.5252000000179,520.4909000000059,544.2085,549.025300000012,568.2755]",20,"[72.82290000000596,151.48969999998806,156.58969999998806,167.7897999999821,174.2232999999821,184.68990000000593,205.823099999994,226.9067999999821,233.7567999999821,258.473400000006,262.056900000006,397.4070999999941,415.55779999998214,438.84109999999407,463.408,482.724900000006,510.9910999999941,522.924599999994,528.7914999999999,537.6749000000059]","[72.823,151.48969999998806,156.5897999999821,167.7897999999821,174.2232999999821,184.68990000000593,205.823099999994,226.9067999999821,233.7567999999821,258.473400000006,262.057,397.4070999999941,415.55779999998214,438.84109999999407,463.4080999999941,482.724900000006,510.99119999998817,522.9246999999881,528.7914999999999,537.675]","[""scam_button""]",4.699305556,0.7651,5.343315972,0.264,5.343315972,0.2158,,,,,,resources/images/scam17.png,scam,0.8,0.65,0,0,,,,,,,,,,,0,22,22,12,1,,,,,,,,,,,,,,,,,,,,,,,,,,,,,,,,,,,,,,,,,,,,,,,,,,,,,,,,,,,,,,,,,,,,,,,
,,,,,,,,,,,,,,,,873570,001,2025-04-18_16h26.16.148,SLSINC,2022.2.5,MacIntel,60.60606061,,,,,,,,,,,48,"[51.873800000011926,71.8565,95.6235,115.09020000001787,125.33970000001786,140.17399999999998,150.95710000002381,155.65699999999998,166.55720000001784,173.7238000000119,178.80720000001784,184.10720000001785,193.72340000000594,199.1068000000119,205.29060000002383,208.8573000000119,226.0741000000238,233.19080000001188,251.14100000000002,257.891,261.541,271.341,276.99110000002383,282.87440000000595,396.8417000000179,404.64170000001786,414.74180000001195,431.1075,438.17530000001193,441.6253000000119,451.54160000002383,459.00880000001195,462.892,467.2755,473.7755,482.1755,499.15890000000593,510.158800000012,513.8757000000179,516.7423000000119,519.8424000000059,522.4925,528.342300000012,536.959900000006,543.693,548.425900000006,566.7926000000239,582.709400000006]","[51.87390000000596,71.8565,95.6235,115.09020000001787,125.33980000001192,140.17410000002383,150.95710000002381,155.6571000000238,166.55720000001784,173.7238000000119,178.80720000001784,184.10740000000592,193.72340000000594,199.10690000000594,205.2908000000119,208.8573000000119,226.0741000000238,233.19080000001188,251.14100000000002,257.891,261.541,271.34110000002386,276.9912000000179,282.87440000000595,396.8418000000119,404.6418000000119,414.74180000001195,431.1075,438.17540000000594,441.6253000000119,451.54160000002383,459.00880000001195,462.892,467.2755,473.7755,482.1755,499.159,510.158800000012,513.8757000000179,516.742400000006,519.8424000000059,522.4925,528.3424000000059,536.959900000006,543.693,548.425900000006,566.7927000000179,582.709400000006]",,28,"[53.25580000001192,96.70630000001192,115.85640000000595,126.15640000000596,140.93990000000593,179.47349999999997,196.22349999999997,199.78990000000596,209.77360000002383,251.65690000000598,272.32390000000595,277.9405,283.49060000002385,405.45790000000596,431.64130000001194,442.15700000000004,452.00800000000004,459.79150000000004,468.32460000002385,474.475,499.7751000000238,514.375,517.5251000000238,520.490800000012,544.2085,549.025300000012,568.2755,583.342300000012]","[53.255900000005965,96.70640000000596,115.85640000000595,126.15640000000596,140.93990000000593,179.47360000002382,196.22349999999997,199.78990000000596,209.77360000002383,251.65700000000004,272.32390000000595,277.94060000002384,283.49060000002385,405.458,431.641400000006,442.15710000002383,452.00800000000004,459.79160000002383,468.32460000002385,474.475,499.7751000000238,514.3751000000238,517.5252000000179,520.4909000000059,544.2085,549.025300000012,568.2755,583.342400000006]",20,"[72.82290000000596,151.48969999998806,156.58969999998806,167.7897999999821,174.2232999999821,184.68990000000593,205.823099999994,226.9067999999821,233.7567999999821,258.473400000006,262.056900000006,397.4070999999941,415.55779999998214,438.84109999999407,463.408,482.724900000006,510.9910999999941,522.924599999994,528.7914999999999,537.6749000000059]","[72.823,151.48969999998806,156.5897999999821,167.7897999999821,174.2232999999821,184.68990000000593,205.823099999994,226.9067999999821,233.7567999999821,258.473400000006,262.057,397.4070999999941,415.55779999998214,438.84109999999407,463.4080999999941,482.724900000006,510.99119999998817,522.9246999999881,528.7914999999999,537.675]","[""scam_button""]",7.970703125,1.4124,7.970703125,0.1649,7.970703125,0.3652,,,,,,resources/images/scam8.jpg,scam,0.65,0.65,0,0,,,,,,,,,,,0,23,23,0,1,,,,,,,,,,,,,,,,,,,,,,,,,,,,,,,,,,,,,,,,,,,,,,,,,,,,,,,,,,,,,,,,,,,,,,,
,,,,,,,,,,,,,,,,873570,001,2025-04-18_16h26.16.148,SLSINC,2022.2.5,MacIntel,60.60606061,,,,,,,,,,,,,,,,,,,,,,,,,,,,,,,,,,,,,,,,,,,,,,,,,,,,,,space,4.8839,,,,,,,,,,,,,,,,,,,,,,,,,,,,,,,,,,,,,,,,,,,,,,,,,,,,,,,,,,,,,,,,,,,,,
,,,,,,,,,,,,,,,,873570,001,2025-04-18_16h26.16.148,SLSINC,2022.2.5,MacIntel,60.60606061,,,,,,,,,,,,,,,,,,,,,,,,,,,,,,,,,,,,,,,,,,,,,,,,,,,,,,,,3,5.2233,...is talktative,0,0,0,1,1,...is talktative,,,,,,,,,,,,,,,,,,,,,,,,,,,,,,,,,,,,,,,,,,,,,,,,,,,,,,,,,,,,
,,,,,,,,,,,,,,,,873570,001,2025-04-18_16h26.16.148,SLSINC,2022.2.5,MacIntel,60.60606061,,,,,,,,,,,,,,,,,,,,,,,,,,,,,,,,,,,,,,,,,,,,,,,,,,,,,,,,4,3.9454,"...is persistent, works until the task is finished",0,1,1,5,1,"...is persistent, works until the task is finished",,,,,,,,,,,,,,,,,,,,,,,,,,,,,,,,,,,,,,,,,,,,,,,,,,,,,,,,,,,,
,,,,,,,,,,,,,,,,873570,001,2025-04-18_16h26.16.148,SLSINC,2022.2.5,MacIntel,60.60606061,,,,,,,,,,,,,,,,,,,,,,,,,,,,,,,,,,,,,,,,,,,,,,,,,,,,,,,,3,3.2298,...finds clever ways to do things,0,2,2,3,1,...finds clever ways to do things,,,,,,,,,,,,,,,,,,,,,,,,,,,,,,,,,,,,,,,,,,,,,,,,,,,,,,,,,,,,
,,,,,,,,,,,,,,,,873570,001,2025-04-18_16h26.16.148,SLSINC,2022.2.5,MacIntel,60.60606061,,,,,,,,,,,,,,,,,,,,,,,,,,,,,,,,,,,,,,,,,,,,,,,,,,,,,,,,3,2.63,"....is reliable, can always be counted on",0,3,3,4,1,"....is reliable, can always be counted on",,,,,,,,,,,,,,,,,,,,,,,,,,,,,,,,,,,,,,,,,,,,,,,,,,,,,,,,,,,,
,,,,,,,,,,,,,,,,873570,001,2025-04-18_16h26.16.148,SLSINC,2022.2.5,MacIntel,60.60606061,,,,,,,,,,,,,,,,,,,,,,,,,,,,,,,,,,,,,,,,,,,,,,,,,,,,,,,,3,1.7794,...often feels sad,0,4,4,0,1,...often feels sad,,,,,,,,,,,,,,,,,,,,,,,,,,,,,,,,,,,,,,,,,,,,,,,,,,,,,,,,,,,,
,,,,,,,,,,,,,,,,873570,001,2025-04-18_16h26.16.148,SLSINC,2022.2.5,MacIntel,60.60606061,,,,,,,,,,,,,,,,,,,,,,,,,,,,,,,,,,,,,,,,,,,,,,,,,,,,,,,,3,2.828,...is inventive,0,5,5,2,1,...is inventive,,,,,,,,,,,,,,,,,,,,,,,,,,,,,,,,,,,,,,,,,,,,,,,,,,,,,,,,,,,,
,,,,,,,,,,,,,,,,873570,001,2025-04-18_16h26.16.148,SLSINC,2022.2.5,MacIntel,60.60606061,,,,,,,,,,,,,,,,,,,,,,,,,,,,,,,,,,,,,,,,,,,,,,,,,,,,,,,,,,,,,,,,,space,3.701,,,,,,,,,,,,,,,,,,,,,,,,,,,,,,,,,,,,,,,,,,,,,,,,,,,,,,,,,,
,,,,,,,,,,,,,,,,873570,001,2025-04-18_16h26.16.148,SLSINC,2022.2.5,MacIntel,60.60606061,,,,,,,,,,,,,,,,,,,,,,,,,,,,,,,,,,,,,,,,,,,,,,,,,,,,,,,,,,,,,,,,,,,2,5.5839,,0,0,0,5,1,I have made and created things that have had an impact on other people.,,,,,,,,,,,,,,,,,,,,,,,,,,,,,,,,,,,,,,,,,,,,,,,,,
,,,,,,,,,,,,,,,,873570,001,2025-04-18_16h26.16.148,SLSINC,2022.2.5,MacIntel,60.60606061,,,,,,,,,,,,,,,,,,,,,,,,,,,,,,,,,,,,,,,,,,,,,,,,,,,,,,,,,,,,,,,,,,,2,3.2173,,0,1,1,19,1,I feel as though my contributions will exist after I die.,,,,,,,,,,,,,,,,,,,,,,,,,,,,,,,,,,,,,,,,,,,,,,,,,
,,,,,,,,,,,,,,,,873570,001,2025-04-18_16h26.16.148,SLSINC,2022.2.5,MacIntel,60.60606061,,,,,,,,,,,,,,,,,,,,,,,,,,,,,,,,,,,,,,,,,,,,,,,,,,,,,,,,,,,,,,,,,,,3,1.617,,0,2,2,3,1,I feel as though I have made a difference to many people.,,,,,,,,,,,,,,,,,,,,,,,,,,,,,,,,,,,,,,,,,,,,,,,,,
,,,,,,,,,,,,,,,,873570,001,2025-04-18_16h26.16.148,SLSINC,2022.2.5,MacIntel,60.60606061,,,,,,,,,,,,,,,,,,,,,,,,,,,,,,,,,,,,,,,,,,,,,,,,,,,,,,,,,,,,,,,,,,,3,1.8212,,0,3,3,18,1,People come to me for advice.,,,,,,,,,,,,,,,,,,,,,,,,,,,,,,,,,,,,,,,,,,,,,,,,,
,,,,,,,,,,,,,,,,873570,001,2025-04-18_16h26.16.148,SLSINC,2022.2.5,MacIntel,60.60606061,,,,,,,,,,,,,,,,,,,,,,,,,,,,,,,,,,,,,,,,,,,,,,,,,,,,,,,,,,,,,,,,,,,2,3.8173,,0,4,4,14,1,I feel as though I have done a lot to contribute to others.,,,,,,,,,,,,,,,,,,,,,,,,,,,,,,,,,,,,,,,,,,,,,,,,,
,,,,,,,,,,,,,,,,873570,001,2025-04-18_16h26.16.148,SLSINC,2022.2.5,MacIntel,60.60606061,,,,,,,,,,,,,,,,,,,,,,,,,,,,,,,,,,,,,,,,,,,,,,,,,,,,,,,,,,,,,,,,,,,2,1.8339,,0,5,5,9,1,Others would say that I have made unique contributions to society.,,,,,,,,,,,,,,,,,,,,,,,,,,,,,,,,,,,,,,,,,,,,,,,,,
,,,,,,,,,,,,,,,,873570,001,2025-04-18_16h26.16.148,SLSINC,2022.2.5,MacIntel,60.60606061,,,,,,,,,,,,,,,,,,,,,,,,,,,,,,,,,,,,,,,,,,,,,,,,,,,,,,,,,,,,,,,,,,,3,5.3339,,0,6,6,13,1,"In general, my actions have a positive effect on other people.",,,,,,,,,,,,,,,,,,,,,,,,,,,,,,,,,,,,,,,,,,,,,,,,,
,,,,,,,,,,,,,,,,873570,001,2025-04-18_16h26.16.148,SLSINC,2022.2.5,MacIntel,60.60606061,,,,,,,,,,,,,,,,,,,,,,,,,,,,,,,,,,,,,,,,,,,,,,,,,,,,,,,,,,,,,,,,,,,3,2.5159,,0,7,7,16,1,Other people say that I am a very productive person.,,,,,,,,,,,,,,,,,,,,,,,,,,,,,,,,,,,,,,,,,,,,,,,,,
,,,,,,,,,,,,,,,,873570,001,2025-04-18_16h26.16.148,SLSINC,2022.2.5,MacIntel,60.60606061,,,,,,,,,,,,,,,,,,,,,,,,,,,,,,,,,,,,,,,,,,,,,,,,,,,,,,,,,,,,,,,,,,,3,2.2675,,0,8,8,0,1,Try to pass along the knowledge I have gained through my experiences.,,,,,,,,,,,,,,,,,,,,,,,,,,,,,,,,,,,,,,,,,,,,,,,,,
,,,,,,,,,,,,,,,,873570,001,2025-04-18_16h26.16.148,SLSINC,2022.2.5,MacIntel,60.60606061,,,,,,,,,,,,,,,,,,,,,,,,,,,,,,,,,,,,,,,,,,,,,,,,,,,,,,,,,,,,,,,,,,,2,2.0001,,0,9,9,17,1,I have a responsibility to improve the neighborhood in which I live.,,,,,,,,,,,,,,,,,,,,,,,,,,,,,,,,,,,,,,,,,,,,,,,,,
,,,,,,,,,,,,,,,,873570,001,2025-04-18_16h26.16.148,SLSINC,2022.2.5,MacIntel,60.60606061,,,,,,,,,,,,,,,,,,,,,,,,,,,,,,,,,,,,,,,,,,,,,,,,,,,,,,,,,,,,,,,,,,,3,2.6842,,0,10,10,1,1,I feel that other people need me.,,,,,,,,,,,,,,,,,,,,,,,,,,,,,,,,,,,,,,,,,,,,,,,,,
,,,,,,,,,,,,,,,,873570,001,2025-04-18_16h26.16.148,SLSINC,2022.2.5,MacIntel,60.60606061,,,,,,,,,,,,,,,,,,,,,,,,,,,,,,,,,,,,,,,,,,,,,,,,,,,,,,,,,,,,,,,,,,,2,4.267,,0,11,11,8,1,I believe that society should be responsible for providing food and shelter for all homeless people.,,,,,,,,,,,,,,,,,,,,,,,,,,,,,,,,,,,,,,,,,,,,,,,,,
,,,,,,,,,,,,,,,,873570,001,2025-04-18_16h26.16.148,SLSINC,2022.2.5,MacIntel,60.60606061,,,,,,,,,,,,,,,,,,,,,,,,,,,,,,,,,,,,,,,,,,,,,,,,,,,,,,,,,,,,,,,,,,,2,2.9502,,0,12,12,12,1,I feel that things I have done in my life will survive after I die.,,,,,,,,,,,,,,,,,,,,,,,,,,,,,,,,,,,,,,,,,,,,,,,,,
,,,,,,,,,,,,,,,,873570,001,2025-04-18_16h26.16.148,SLSINC,2022.2.5,MacIntel,60.60606061,,,,,,,,,,,,,,,,,,,,,,,,,,,,,,,,,,,,,,,,,,,,,,,,,,,,,,,,,,,,,,,,,,,2,1.5671,,0,13,13,6,1,I try to be creative in most things that I do.,,,,,,,,,,,,,,,,,,,,,,,,,,,,,,,,,,,,,,,,,,,,,,,,,
,,,,,,,,,,,,,,,,873570,001,2025-04-18_16h26.16.148,SLSINC,2022.2.5,MacIntel,60.60606061,,,,,,,,,,,,,,,,,,,,,,,,,,,,,,,,,,,,,,,,,,,,,,,,,,,,,,,,,,,,,,,,,,,2,3.7168,,0,14,14,2,1,I think I would like the work of a teacher.,,,,,,,,,,,,,,,,,,,,,,,,,,,,,,,,,,,,,,,,,,,,,,,,,
,,,,,,,,,,,,,,,,873570,001,2025-04-18_16h26.16.148,SLSINC,2022.2.5,MacIntel,60.60606061,,,,,,,,,,,,,,,,,,,,,,,,,,,,,,,,,,,,,,,,,,,,,,,,,,,,,,,,,,,,,,,,,,,3,4.7674,,0,15,15,15,1,"I have made many commitments to many different kinds of people, groups, and activities in my life.",,,,,,,,,,,,,,,,,,,,,,,,,,,,,,,,,,,,,,,,,,,,,,,,,
,,,,,,,,,,,,,,,,873570,001,2025-04-18_16h26.16.148,SLSINC,2022.2.5,MacIntel,60.60606061,,,,,,,,,,,,,,,,,,,,,,,,,,,,,,,,,,,,,,,,,,,,,,,,,,,,,,,,,,,,,,,,,,,3,2.6628,,0,16,16,7,1,I think that I will be remembered for a long time after I die.,,,,,,,,,,,,,,,,,,,,,,,,,,,,,,,,,,,,,,,,,,,,,,,,,
,,,,,,,,,,,,,,,,873570,001,2025-04-18_16h26.16.148,SLSINC,2022.2.5,MacIntel,60.60606061,,,,,,,,,,,,,,,,,,,,,,,,,,,,,,,,,,,,,,,,,,,,,,,,,,,,,,,,,,,,,,,,,,,2,1.7339,,0,17,17,11,1,I have important skills that I try to teach others.,,,,,,,,,,,,,,,,,,,,,,,,,,,,,,,,,,,,,,,,,,,,,,,,,
,,,,,,,,,,,,,,,,873570,001,2025-04-18_16h26.16.148,SLSINC,2022.2.5,MacIntel,60.60606061,,,,,,,,,,,,,,,,,,,,,,,,,,,,,,,,,,,,,,,,,,,,,,,,,,,,,,,,,,,,,,,,,,,3,5.168,,0,18,18,4,1,I volunteer to work for a charity.,,,,,,,,,,,,,,,,,,,,,,,,,,,,,,,,,,,,,,,,,,,,,,,,,
,,,,,,,,,,,,,,,,873570,001,2025-04-18_16h26.16.148,SLSINC,2022.2.5,MacIntel,60.60606061,,,,,,,,,,,,,,,,,,,,,,,,,,,,,,,,,,,,,,,,,,,,,,,,,,,,,,,,,,,,,,,,,,,2,2.9693,,0,19,19,10,1,"If I were unable to have children of my own, I would like to adopt children.",,,,,,,,,,,,,,,,,,,,,,,,,,,,,,,,,,,,,,,,,,,,,,,,,
,,,,,,,,,,,,,,,,873570,001,2025-04-18_16h26.16.148,SLSINC,2022.2.5,MacIntel,60.60606061,,,,,,,,,,,,,,,,,,,,,,,,,,,,,,,,,,,,,,,,,,,,,,,,,,,,,,,,,,,,,,,,,,,,,,,,,,,,space,3.5398,,,,,,,,,,,,,,,,,,,,,,,,,,,,,,,,,,,,,,,,,,,,,,,
,,,,,,,,,,,,,,,,873570,001,2025-04-18_16h26.16.148,SLSINC,2022.2.5,MacIntel,60.60606061,,,,,,,,,,,,,,,,,,,,,,,,,,,,,,,,,,,,,,,,,,,,,,,,,,,,,,,,,,,,,,,,,,,,,,,,,,,I am unhappy being so withdrawn ,,,2,9.5848,,0,0,0,16,1,,,,,,,,,,,,,,,,,,,,,,,,,,,,,,,,,,,,,,,
,,,,,,,,,,,,,,,,873570,001,2025-04-18_16h26.16.148,SLSINC,2022.2.5,MacIntel,60.60606061,,,,,,,,,,,,,,,,,,,,,,,,,,,,,,,,,,,,,,,,,,,,,,,,,,,,,,,,,,,,,,,,,,,,,,,,,,,There are people I feel close to,,,3,4.1849,,0,1,1,9,1,,,,,,,,,,,,,,,,,,,,,,,,,,,,,,,,,,,,,,,
,,,,,,,,,,,,,,,,873570,001,2025-04-18_16h26.16.148,SLSINC,2022.2.5,MacIntel,60.60606061,,,,,,,,,,,,,,,,,,,,,,,,,,,,,,,,,,,,,,,,,,,,,,,,,,,,,,,,,,,,,,,,,,,,,,,,,,,I feel part of a group of friends,,,3,1.6217,,0,2,2,4,1,,,,,,,,,,,,,,,,,,,,,,,,,,,,,,,,,,,,,,,
,,,,,,,,,,,,,,,,873570,001,2025-04-18_16h26.16.148,SLSINC,2022.2.5,MacIntel,60.60606061,,,,,,,,,,,,,,,,,,,,,,,,,,,,,,,,,,,,,,,,,,,,,,,,,,,,,,,,,,,,,,,,,,,,,,,,,,,I can find companionship when I want it,,,3,1.6336,,0,3,3,14,1,,,,,,,,,,,,,,,,,,,,,,,,,,,,,,,,,,,,,,,
,,,,,,,,,,,,,,,,873570,001,2025-04-18_16h26.16.148,SLSINC,2022.2.5,MacIntel,60.60606061,,,,,,,,,,,,,,,,,,,,,,,,,,,,,,,,,,,,,,,,,,,,,,,,,,,,,,,,,,,,,,,,,,,,,,,,,,,People are around me but not with me,,,3,1.5665,,0,4,4,17,1,,,,,,,,,,,,,,,,,,,,,,,,,,,,,,,,,,,,,,,
,,,,,,,,,,,,,,,,873570,001,2025-04-18_16h26.16.148,SLSINC,2022.2.5,MacIntel,60.60606061,,,,,,,,,,,,,,,,,,,,,,,,,,,,,,,,,,,,,,,,,,,,,,,,,,,,,,,,,,,,,,,,,,,,,,,,,,,I do not feel alone,,,3,3.5017,,0,5,5,3,1,,,,,,,,,,,,,,,,,,,,,,,,,,,,,,,,,,,,,,,
,,,,,,,,,,,,,,,,873570,001,2025-04-18_16h26.16.148,SLSINC,2022.2.5,MacIntel,60.60606061,,,,,,,,,,,,,,,,,,,,,,,,,,,,,,,,,,,,,,,,,,,,,,,,,,,,,,,,,,,,,,,,,,,,,,,,,,,No one really knows me well,,,3,1.9443,,0,6,6,12,1,,,,,,,,,,,,,,,,,,,,,,,,,,,,,,,,,,,,,,,
,,,,,,,,,,,,,,,,873570,001,2025-04-18_16h26.16.148,SLSINC,2022.2.5,MacIntel,60.60606061,,,,,,,,,,,,,,,,,,,,,,,,,,,,,,,,,,,,,,,,,,,,,,,,,,,,,,,,,,,,,,,,,,,,,,,,,,,I am an outgoing person,,,2,1.6867,,0,7,7,8,1,,,,,,,,,,,,,,,,,,,,,,,,,,,,,,,,,,,,,,,
,,,,,,,,,,,,,,,,873570,001,2025-04-18_16h26.16.148,SLSINC,2022.2.5,MacIntel,60.60606061,,,,,,,,,,,,,,,,,,,,,,,,,,,,,,,,,,,,,,,,,,,,,,,,,,,,,,,,,,,,,,,,,,,,,,,,,,,I feel in tune with the people around me,,,2,1.3877,,0,8,8,0,1,,,,,,,,,,,,,,,,,,,,,,,,,,,,,,,,,,,,,,,
,,,,,,,,,,,,,,,,873570,001,2025-04-18_16h26.16.148,SLSINC,2022.2.5,MacIntel,60.60606061,,,,,,,,,,,,,,,,,,,,,,,,,,,,,,,,,,,,,,,,,,,,,,,,,,,,,,,,,,,,,,,,,,,,,,,,,,,I feel left out,,,2,1.2462,,0,9,9,10,1,,,,,,,,,,,,,,,,,,,,,,,,,,,,,,,,,,,,,,,
,,,,,,,,,,,,,,,,873570,001,2025-04-18_16h26.16.148,SLSINC,2022.2.5,MacIntel,60.60606061,,,,,,,,,,,,,,,,,,,,,,,,,,,,,,,,,,,,,,,,,,,,,,,,,,,,,,,,,,,,,,,,,,,,,,,,,,,My interests and ideas are not shared by those around me,,,3,2.7509,,0,10,10,7,1,,,,,,,,,,,,,,,,,,,,,,,,,,,,,,,,,,,,,,,
,,,,,,,,,,,,,,,,873570,001,2025-04-18_16h26.16.148,SLSINC,2022.2.5,MacIntel,60.60606061,,,,,,,,,,,,,,,,,,,,,,,,,,,,,,,,,,,,,,,,,,,,,,,,,,,,,,,,,,,,,,,,,,,,,,,,,,,I am no longer close to anyone,,,3,2.9173,,0,11,11,6,1,,,,,,,,,,,,,,,,,,,,,,,,,,,,,,,,,,,,,,,
,,,,,,,,,,,,,,,,873570,001,2025-04-18_16h26.16.148,SLSINC,2022.2.5,MacIntel,60.60606061,,,,,,,,,,,,,,,,,,,,,,,,,,,,,,,,,,,,,,,,,,,,,,,,,,,,,,,,,,,,,,,,,,,,,,,,,,,My social relationships are superficial,,,2,1.6207,,0,12,12,11,1,,,,,,,,,,,,,,,,,,,,,,,,,,,,,,,,,,,,,,,
,,,,,,,,,,,,,,,,873570,001,2025-04-18_16h26.16.148,SLSINC,2022.2.5,MacIntel,60.60606061,,,,,,,,,,,,,,,,,,,,,,,,,,,,,,,,,,,,,,,,,,,,,,,,,,,,,,,,,,,,,,,,,,,,,,,,,,,I feel isolated from others,,,2,1.067,,0,13,13,13,1,,,,,,,,,,,,,,,,,,,,,,,,,,,,,,,,,,,,,,,
,,,,,,,,,,,,,,,,873570,001,2025-04-18_16h26.16.148,SLSINC,2022.2.5,MacIntel,60.60606061,,,,,,,,,,,,,,,,,,,,,,,,,,,,,,,,,,,,,,,,,,,,,,,,,,,,,,,,,,,,,,,,,,,,,,,,,,,There are people I can turn to,,,2,1.4665,,0,14,14,19,1,,,,,,,,,,,,,,,,,,,,,,,,,,,,,,,,,,,,,,,
,,,,,,,,,,,,,,,,873570,001,2025-04-18_16h26.16.148,SLSINC,2022.2.5,MacIntel,60.60606061,,,,,,,,,,,,,,,,,,,,,,,,,,,,,,,,,,,,,,,,,,,,,,,,,,,,,,,,,,,,,,,,,,,,,,,,,,,There are people who really understand me,,,3,1.1363,,0,15,15,15,1,,,,,,,,,,,,,,,,,,,,,,,,,,,,,,,,,,,,,,,
,,,,,,,,,,,,,,,,873570,001,2025-04-18_16h26.16.148,SLSINC,2022.2.5,MacIntel,60.60606061,,,,,,,,,,,,,,,,,,,,,,,,,,,,,,,,,,,,,,,,,,,,,,,,,,,,,,,,,,,,,,,,,,,,,,,,,,,There are people I can talk to,,,2,1.4836,,0,16,16,18,1,,,,,,,,,,,,,,,,,,,,,,,,,,,,,,,,,,,,,,,
,,,,,,,,,,,,,,,,873570,001,2025-04-18_16h26.16.148,SLSINC,2022.2.5,MacIntel,60.60606061,,,,,,,,,,,,,,,,,,,,,,,,,,,,,,,,,,,,,,,,,,,,,,,,,,,,,,,,,,,,,,,,,,,,,,,,,,,There is no one I can turn to,,,2,2.1674,,0,17,17,2,1,,,,,,,,,,,,,,,,,,,,,,,,,,,,,,,,,,,,,,,
,,,,,,,,,,,,,,,,873570,001,2025-04-18_16h26.16.148,SLSINC,2022.2.5,MacIntel,60.60606061,,,,,,,,,,,,,,,,,,,,,,,,,,,,,,,,,,,,,,,,,,,,,,,,,,,,,,,,,,,,,,,,,,,,,,,,,,,I have a lot in common with the people around me,,,3,2.0996,,0,18,18,5,1,,,,,,,,,,,,,,,,,,,,,,,,,,,,,,,,,,,,,,,
,,,,,,,,,,,,,,,,873570,001,2025-04-18_16h26.16.148,SLSINC,2022.2.5,MacIntel,60.60606061,,,,,,,,,,,,,,,,,,,,,,,,,,,,,,,,,,,,,,,,,,,,,,,,,,,,,,,,,,,,,,,,,,,,,,,,,,,I lack companionship,,,3,1.5182,,0,19,19,1,1,,,,,,,,,,,,,,,,,,,,,,,,,,,,,,,,,,,,,,,
,,,,,,,,,,,,,,,,873570,001,2025-04-18_16h26.16.148,SLSINC,2022.2.5,MacIntel,60.60606061,,,,,,,,,,,,,,,,,,,,,,,,,,,,,,,,,,,,,,,,,,,,,,,,,,,,,,,,,,,,,,,,,,,,,,,,,,,,,,,,,,,,,,space,0.2631,,,,,,,,,,,,,,,,,,,,,,,,,,,,,,,,,,,,,
,,,,,,,,,,,,,,,,873570,001,2025-04-18_16h26.16.148,SLSINC,2022.2.5,MacIntel,60.60606061,,,,,,,,,,,,,,,,,,,,,,,,,,,,,,,,,,,,,,,,,,,,,,,,,,,,,,,,,,,,,,,,,,,,,,,,,,,,,,,,,,,,,,,,3,10.0903,"When I forget a word that I want to say, my thoughts immediately turn to Alzheimer’s disease and related dementias.",0,0,0,10,1,"When I forget a word that I want to say, my thoughts immediately turn to Alzheimer’s disease and related dementias.",,,,,,,,,,,,,,,,,,,,,,,,,,,,
,,,,,,,,,,,,,,,,873570,001,2025-04-18_16h26.16.148,SLSINC,2022.2.5,MacIntel,60.60606061,,,,,,,,,,,,,,,,,,,,,,,,,,,,,,,,,,,,,,,,,,,,,,,,,,,,,,,,,,,,,,,,,,,,,,,,,,,,,,,,,,,,,,,,3,2.9959,"I know I shouldn’t worry about developing Alzheimer’s disease and related dementias, but I just cannot help it.",0,1,1,0,1,"I know I shouldn’t worry about developing Alzheimer’s disease and related dementias, but I just cannot help it.",,,,,,,,,,,,,,,,,,,,,,,,,,,,
,,,,,,,,,,,,,,,,873570,001,2025-04-18_16h26.16.148,SLSINC,2022.2.5,MacIntel,60.60606061,,,,,,,,,,,,,,,,,,,,,,,,,,,,,,,,,,,,,,,,,,,,,,,,,,,,,,,,,,,,,,,,,,,,,,,,,,,,,,,,,,,,,,,,2,3.9957,"Even though I know it doesn’t help to focus on it, I can’t help thinking about whether or not I have Alzheimer’s disease or a related dementia.",0,2,2,7,1,"Even though I know it doesn’t help to focus on it, I can’t help thinking about whether or not I have Alzheimer’s disease or a related dementia.",,,,,,,,,,,,,,,,,,,,,,,,,,,,
,,,,,,,,,,,,,,,,873570,001,2025-04-18_16h26.16.148,SLSINC,2022.2.5,MacIntel,60.60606061,,,,,,,,,,,,,,,,,,,,,,,,,,,,,,,,,,,,,,,,,,,,,,,,,,,,,,,,,,,,,,,,,,,,,,,,,,,,,,,,,,,,,,,,2,0.6297,"	When I hear about someone having Alzheimer’s disease or a related dementia, I start to worry about having it myself.",0,3,3,5,1,"	When I hear about someone having Alzheimer’s disease or a related dementia, I start to worry about having it myself.",,,,,,,,,,,,,,,,,,,,,,,,,,,,
,,,,,,,,,,,,,,,,873570,001,2025-04-18_16h26.16.148,SLSINC,2022.2.5,MacIntel,60.60606061,,,,,,,,,,,,,,,,,,,,,,,,,,,,,,,,,,,,,,,,,,,,,,,,,,,,,,,,,,,,,,,,,,,,,,,,,,,,,,,,,,,,,,,,2,1.2786,"Sometimes when trying to go to sleep, I find my thoughts drift to my concerns about having Alzheimer’s disease or a related dementia.",0,4,4,9,1,"Sometimes when trying to go to sleep, I find my thoughts drift to my concerns about having Alzheimer’s disease or a related dementia.",,,,,,,,,,,,,,,,,,,,,,,,,,,,
,,,,,,,,,,,,,,,,873570,001,2025-04-18_16h26.16.148,SLSINC,2022.2.5,MacIntel,60.60606061,,,,,,,,,,,,,,,,,,,,,,,,,,,,,,,,,,,,,,,,,,,,,,,,,,,,,,,,,,,,,,,,,,,,,,,,,,,,,,,,,,,,,,,,3,5.6291,"When I am not distracted, I find my thoughts focusing on my own cognitive changes and concerns.",0,5,5,6,1,"When I am not distracted, I find my thoughts focusing on my own cognitive changes and concerns.",,,,,,,,,,,,,,,,,,,,,,,,,,,,
,,,,,,,,,,,,,,,,873570,001,2025-04-18_16h26.16.148,SLSINC,2022.2.5,MacIntel,60.60606061,,,,,,,,,,,,,,,,,,,,,,,,,,,,,,,,,,,,,,,,,,,,,,,,,,,,,,,,,,,,,,,,,,,,,,,,,,,,,,,,,,,,,,,,2,1.3962,I find it difficult to control my worries about developing Alzheimer’s disease and related dementias.,0,6,6,1,1,I find it difficult to control my worries about developing Alzheimer’s disease and related dementias.,,,,,,,,,,,,,,,,,,,,,,,,,,,,
,,,,,,,,,,,,,,,,873570,001,2025-04-18_16h26.16.148,SLSINC,2022.2.5,MacIntel,60.60606061,,,,,,,,,,,,,,,,,,,,,,,,,,,,,,,,,,,,,,,,,,,,,,,,,,,,,,,,,,,,,,,,,,,,,,,,,,,,,,,,,,,,,,,,2,1.8956,"Once I start worrying about Alzheimer’s disease and related dementias, I just cannot stop.",0,7,7,8,1,"Once I start worrying about Alzheimer’s disease and related dementias, I just cannot stop.",,,,,,,,,,,,,,,,,,,,,,,,,,,,
,,,,,,,,,,,,,,,,873570,001,2025-04-18_16h26.16.148,SLSINC,2022.2.5,MacIntel,60.60606061,,,,,,,,,,,,,,,,,,,,,,,,,,,,,,,,,,,,,,,,,,,,,,,,,,,,,,,,,,,,,,,,,,,,,,,,,,,,,,,,,,,,,,,,2,1.1798,My worries about Alzheimer’s disease and related dementias overwhelm me.,0,8,8,3,1,My worries about Alzheimer’s disease and related dementias overwhelm me.,,,,,,,,,,,,,,,,,,,,,,,,,,,,
,,,,,,,,,,,,,,,,873570,001,2025-04-18_16h26.16.148,SLSINC,2022.2.5,MacIntel,60.60606061,,,,,,,,,,,,,,,,,,,,,,,,,,,,,,,,,,,,,,,,,,,,,,,,,,,,,,,,,,,,,,,,,,,,,,,,,,,,,,,,,,,,,,,,2,2.0467,"When I can’t remember something, I find myself wondering whether I have Alzheimer’s disease or a related dementia.",0,9,9,2,1,"When I can’t remember something, I find myself wondering whether I have Alzheimer’s disease or a related dementia.",,,,,,,,,,,,,,,,,,,,,,,,,,,,
,,,,,,,,,,,,,,,,873570,001,2025-04-18_16h26.16.148,SLSINC,2022.2.5,MacIntel,60.60606061,,,,,,,,,,,,,,,,,,,,,,,,,,,,,,,,,,,,,,,,,,,,,,,,,,,,,,,,,,,,,,,,,,,,,,,,,,,,,,,,,,,,,,,,2,2.263,I think I probably worry more about Alzheimer’s disease and related dementias than other people my same age.,0,10,10,11,1,I think I probably worry more about Alzheimer’s disease and related dementias than other people my same age.,,,,,,,,,,,,,,,,,,,,,,,,,,,,
,,,,,,,,,,,,,,,,873570,001,2025-04-18_16h26.16.148,SLSINC,2022.2.5,MacIntel,60.60606061,,,,,,,,,,,,,,,,,,,,,,,,,,,,,,,,,,,,,,,,,,,,,,,,,,,,,,,,,,,,,,,,,,,,,,,,,,,,,,,,,,,,,,,,2,1.9963,"More often than not, I find my thoughts returning to concerns that I have Alzheimer’s disease or a related dementia.",0,11,11,4,1,"More often than not, I find my thoughts returning to concerns that I have Alzheimer’s disease or a related dementia.",,,,,,,,,,,,,,,,,,,,,,,,,,,,
,,,,,,,,,,,,,,,,873570,001,2025-04-18_16h26.16.148,SLSINC,2022.2.5,MacIntel,60.60606061,,,,,,,,,,,,,,,,,,,,,,,,,,,,,,,,,,,,,,,,,,,,,,,,,,,,,,,,,,,,,,,,,,,,,,,,,,,,,,,,,,,,,,,,,,,,,,,,,space,0.0502,,,,,,,,,,,,,,,,,,,,,,,,,,
,,,,,,,,,,,,,,,,873570,001,2025-04-18_16h26.16.148,SLSINC,2022.2.5,MacIntel,60.60606061,,,,,,,,,,,,,,,,,,,,,,,,,,,,,,,,,,,,,,,,,,,,,,,,,,,,,,,,,,,,,,,,,,,,,,,,,,,,,,,,,,,,,,,,,,,,,,,,,,,1,40.4893,"If a telemarketer calls me, I usually listen to what they have to say",0,0,0,4,1,"If a telemarketer calls me, I usually listen to what they have to say",,,,,,,,,,,,,,,,,
,,,,,,,,,,,,,,,,873570,001,2025-04-18_16h26.16.148,SLSINC,2022.2.5,MacIntel,60.60606061,,,,,,,,,,,,,,,,,,,,,,,,,,,,,,,,,,,,,,,,,,,,,,,,,,,,,,,,,,,,,,,,,,,,,,,,,,,,,,,,,,,,,,,,,,,,,,,,,,,1,3.6623,"I answer the phone whenever it rings, even if I do not know who is calling",0,1,1,0,1,"I answer the phone whenever it rings, even if I do not know who is calling",,,,,,,,,,,,,,,,,
,,,,,,,,,,,,,,,,873570,001,2025-04-18_16h26.16.148,SLSINC,2022.2.5,MacIntel,60.60606061,,,,,,,,,,,,,,,,,,,,,,,,,,,,,,,,,,,,,,,,,,,,,,,,,,,,,,,,,,,,,,,,,,,,,,,,,,,,,,,,,,,,,,,,,,,,,,,,,,,1,3.2793,"I have difficulty ending a phone call, even if the caller is a telemarketer, someone I do not know, or someone I do not wish to call me",0,2,2,1,1,"I have difficulty ending a phone call, even if the caller is a telemarketer, someone I do not know, or someone I do not wish to call me",,,,,,,,,,,,,,,,,
,,,,,,,,,,,,,,,,873570,001,2025-04-18_16h26.16.148,SLSINC,2022.2.5,MacIntel,60.60606061,,,,,,,,,,,,,,,,,,,,,,,,,,,,,,,,,,,,,,,,,,,,,,,,,,,,,,,,,,,,,,,,,,,,,,,,,,,,,,,,,,,,,,,,,,,,,,,,,,,2,5.3972,Persons over the age of 65 are often targeted by con-artists,0,3,3,3,1,Persons over the age of 65 are often targeted by con-artists,,,,,,,,,,,,,,,,,
,,,,,,,,,,,,,,,,873570,001,2025-04-18_16h26.16.148,SLSINC,2022.2.5,MacIntel,60.60606061,,,,,,,,,,,,,,,,,,,,,,,,,,,,,,,,,,,,,,,,,,,,,,,,,,,,,,,,,,,,,,,,,,,,,,,,,,,,,,,,,,,,,,,,,,,,,,,,,,,5,4.3136,"If something sounds too good to be true, it usually is",0,4,4,2,1,"If something sounds too good to be true, it usually is",,,,,,,,,,,,,,,,,
,,,,,,,,,,,,,,,,873570,001,2025-04-18_16h26.16.148,SLSINC,2022.2.5,MacIntel,60.60606061,,,,,,,,,,,,,,,,,,,,,,,,,,,,,,,,,,,,,,,,,,,,,,,,,,,,,,,,,,,,,,,,,,,,,,,,,,,,,,,,,,,,,,,,,,,,,,,,,,,,,,,,,,,,2.013298611,3.3642,,,,,,,,,,,,,,,
,,,,,,,,,,,,,,,,873570,001,2025-04-18_16h26.16.148,SLSINC,2022.2.5,MacIntel,60.60606061,,,,,,,,,,,,,,,,,,,,,,,,,,,,,,,,,,,,,,,,,,,,,,,,,,,,,,,,,,,,,,,,,,,,,,,,,,,,,,,,,,,,,,,,,,,,,,,,,,,,,,,,,,,,,,,,,,,,,,,,,,,,
,,,,,,,,,,,,,,,,873570,001,2025-04-18_16h26.16.148,SLSINC,2022.2.5,MacIntel,60.60606061,,,,,,,,,,,,,,,,,,,,,,,,,,,,,,,,,,,,,,,,,,,,,,,,,,,,,,,,,,,,,,,,,,,,,,,,,,,,,,,,,,,,,,,,,,,,,,,,,,,,,,,,,,,,,,"[""female_option""]",,,,,,,,,,,,,,
,,,,,,,,,,,,,,,,873570,001,2025-04-18_16h26.16.148,SLSINC,2022.2.5,MacIntel,60.60606061,,,,,,,,,,,,,,,,,,,,,,,,,,,,,,,,,,,,,,,,,,,,,,,,,,,,,,,,,,,,,,,,,,,,,,,,,,,,,,,,,,,,,,,,,,,,,,,,,,,,,,,,,,,,,,,,,,,,,,,,,,,,
,,,,,,,,,,,,,,,,873570,001,2025-04-18_16h26.16.148,SLSINC,2022.2.5,MacIntel,60.60606061,,,,,,,,,,,,,,,,,,,,,,,,,,,,,,,,,,,,,,,,,,,,,,,,,,,,,,,,,,,,,,,,,,,,,,,,,,,,,,,,,,,,,,,,,,,,,,,,,,,,,,,,,,,,,,,19,06/10/2005,,,,,,,,,,,,
,,,,,,,,,,,,,,,,873570,001,2025-04-18_16h26.16.148,SLSINC,2022.2.5,MacIntel,60.60606061,,,,,,,,,,,,,,,,,,,,,,,,,,,,,,,,,,,,,,,,,,,,,,,,,,,,,,,,,,,,,,,,,,,,,,,,,,,,,,,,,,,,,,,,,,,,,,,,,,,,,,,,,,,,,,,,,,,,,,,,,,,,
,,,,,,,,,,,,,,,,873570,001,2025-04-18_16h26.16.148,SLSINC,2022.2.5,MacIntel,60.60606061,,,,,,,,,,,,,,,,,,,,,,,,,,,,,,,,,,,,,,,,,,,,,,,,,,,,,,,,,,,,,,,,,,,,,,,,,,,,,,,,,,,,,,,,,,,,,,,,,,,,,,,,,,,,,,,,,"[""EduOpt3""]",,,,,,,,,,,
,,,,,,,,,,,,,,,,873570,001,2025-04-18_16h26.16.148,SLSINC,2022.2.5,MacIntel,60.60606061,,,,,,,,,,,,,,,,,,,,,,,,,,,,,,,,,,,,,,,,,,,,,,,,,,,,,,,,,,,,,,,,,,,,,,,,,,,,,,,,,,,,,,,,,,,,,,,,,,,,,,,,,,,,,,,,,,,,,,,,,,,,
,,,,,,,,,,,,,,,,873570,001,2025-04-18_16h26.16.148,SLSINC,2022.2.5,MacIntel,60.60606061,,,,,,,,,,,,,,,,,,,,,,,,,,,,,,,,,,,,,,,,,,,,,,,,,,,,,,,,,,,,,,,,,,,,,,,,,,,,,,,,,,,,,,,,,,,,,,,,,,,,,,,,,,,,,,,,,,"[""EthnOpt4""]",,,,,,,,,,
,,,,,,,,,,,,,,,,873570,001,2025-04-18_16h26.16.148,SLSINC,2022.2.5,MacIntel,60.60606061,,,,,,,,,,,,,,,,,,,,,,,,,,,,,,,,,,,,,,,,,,,,,,,,,,,,,,,,,,,,,,,,,,,,,,,,,,,,,,,,,,,,,,,,,,,,,,,,,,,,,,,,,,,,,,,,,,,,,,,,,,,,
,,,,,,,,,,,,,,,,873570,001,2025-04-18_16h26.16.148,SLSINC,2022.2.5,MacIntel,60.60606061,,,,,,,,,,,,,,,,,,,,,,,,,,,,,,,,,,,,,,,,,,,,,,,,,,,,,,,,,,,,,,,,,,,,,,,,,,,,,,,,,,,,,,,,,,,,,,,,,,,,,,,,,,,,,,,,,,,"[""EngFlncyY""]",,,,,,,,,
,,,,,,,,,,,,,,,,873570,001,2025-04-18_16h26.16.148,SLSINC,2022.2.5,MacIntel,60.60606061,,,,,,,,,,,,,,,,,,,,,,,,,,,,,,,,,,,,,,,,,,,,,,,,,,,,,,,,,,,,,,,,,,,,,,,,,,,,,,,,,,,,,,,,,,,,,,,,,,,,,,,,,,,,,,,,,,,,,,,,,,,,
,,,,,,,,,,,,,,,,873570,001,2025-04-18_16h26.16.148,SLSINC,2022.2.5,MacIntel,60.60606061,,,,,,,,,,,,,,,,,,,,,,,,,,,,,,,,,,,,,,,,,,,,,,,,,,,,,,,,,,,,,,,,,,,,,,,,,,,,,,,,,,,,,,,,,,,,,,,,,,,,,,,,,,,,,,,,,,,,4,USA,,,,,,,
,,,,,,,,,,,,,,,,873570,001,2025-04-18_16h26.16.148,SLSINC,2022.2.5,MacIntel,60.60606061,,,,,,,,,,,,,,,,,,,,,,,,,,,,,,,,,,,,,,,,,,,,,,,,,,,,,,,,,,,,,,,,,,,,,,,,,,,,,,,,,,,,,,,,,,,,,,,,,,,,,,,,,,,,,,,,,,,,,,,,,,,,
,,,,,,,,,,,,,,,,873570,001,2025-04-18_16h26.16.148,SLSINC,2022.2.5,MacIntel,60.60606061,,,,,,,,,,,,,,,,,,,,,,,,,,,,,,,,,,,,,,,,,,,,,,,,,,,,,,,,,,,,,,,,,,,,,,,,,,,,,,,,,,,,,,,,,,,,,,,,,,,,,,,,,,,,,,,,,,,,,,D,,,,,,
,,,,,,,,,,,,,,,,873570,001,2025-04-18_16h26.16.148,SLSINC,2022.2.5,MacIntel,60.60606061,,,,,,,,,,,,,,,,,,,,,,,,,,,,,,,,,,,,,,,,,,,,,,,,,,,,,,,,,,,,,,,,,,,,,,,,,,,,,,,,,,,,,,,,,,,,,,,,,,,,,,,,,,,,,,,,,,,,,,,,,,,,
,,,,,,,,,,,,,,,,873570,001,2025-04-18_16h26.16.148,SLSINC,2022.2.5,MacIntel,60.60606061,,,,,,,,,,,,,,,,,,,,,,,,,,,,,,,,,,,,,,,,,,,,,,,,,,,,,,,,,,,,,,,,,,,,,,,,,,,,,,,,,,,,,,,,,,,,,,,,,,,,,,,,,,,,,,,,,,,,,,,"No, I was not.",,,,,
,,,,,,,,,,,,,,,,873570,001,2025-04-18_16h26.16.148,SLSINC,2022.2.5,MacIntel,60.60606061,,,,,,,,,,,,,,,,,,,,,,,,,,,,,,,,,,,,,,,,,,,,,,,,,,,,,,,,,,,,,,,,,,,,,,,,,,,,,,,,,,,,,,,,,,,,,,,,,,,,,,,,,,,,,,,,,,,,,,,,,,,,
,,,,,,,,,,,,,,,,873570,001,2025-04-18_16h26.16.148,SLSINC,2022.2.5,MacIntel,60.60606061,,,,,,,,,,,,,,,,,,,,,,,,,,,,,,,,,,,,,,,,,,,,,,,,,,,,,,,,,,,,,,,,,,,,,,,,,,,,,,,,,,,,,,,,,,,,,,,,,,,,,,,,,,,,,,,,,,,,,,,,"No, it was a good experiment, not too long and not boring. It kept me intrigued.",,,,
,,,,,,,,,,,,,,,,873570,001,2025-04-18_16h26.16.148,SLSINC,2022.2.5,MacIntel,60.60606061,,,,,,,,,,,,,,,,,,,,,,,,,,,,,,,,,,,,,,,,,,,,,,,,,,,,,,,,,,,,,,,,,,,,,,,,,,,,,,,,,,,,,,,,,,,,,,,,,,,,,,,,,,,,,,,,,,,,,,,,,,,,
,,,,,,,,,,,,,,,,873570,001,2025-04-18_16h26.16.148,SLSINC,2022.2.5,MacIntel,60.60606061,,,,,,,,,,,,,,,,,,,,,,,,,,,,,,,,,,,,,,,,,,,,,,,,,,,,,,,,,,,,,,,,,,,,,,,,,,,,,,,,,,,,,,,,,,,,,,,,,,,,,,,,,,,,,,,,,,,,,,,,,"[""Q4option1""]",,,
,,,,,,,,,,,,,,,,873570,001,2025-04-18_16h26.16.148,SLSINC,2022.2.5,MacIntel,60.60606061,,,,,,,,,,,,,,,,,,,,,,,,,,,,,,,,,,,,,,,,,,,,,,,,,,,,,,,,,,,,,,,,,,,,,,,,,,,,,,,,,,,,,,,,,,,,,,,,,,,,,,,,,,,,,,,,,,,,,,,,,,,,
,,,,,,,,,,,,,,,,873570,001,2025-04-18_16h26.16.148,SLSINC,2022.2.5,MacIntel,60.60606061,,,,,,,,,,,,,,,,,,,,,,,,,,,,,,,,,,,,,,,,,,,,,,,,,,,,,,,,,,,,,,,,,,,,,,,,,,,,,,,,,,,,,,,,,,,,,,,,,,,,,,,,,,,,,,,,,,,,,,,,,,1,[964.574599999994],[964.5747000000179]
