bruinID.text,button.numClicks,button.timesOn,button.timesOff,mouseLogIn.x,mouseLogIn.y,mouseLogIn.leftButton,mouseLogIn.midButton,mouseLogIn.rightButton,mouseLogIn.time,mouseLogIn.clicked_name,session,date,expName,psychopyVersion,OS,frameRate,key_resp_6.keys,key_resp_6.rt,key_resp_5.keys,key_resp_5.rt,subjage_slider.response,subjage_slider.rt,confidence_scale.response,confidence_scale.rt,key_resp_7.keys,key_resp_7.rt,button_2.numClicks,button_2.timesOn,button_2.timesOff,email_type,scam_button.numClicks,scam_button.timesOn,scam_button.timesOff,legit_button.numClicks,legit_button.timesOn,legit_button.timesOff,button_selections_1,confidence_scale_email.response,confidence_scale_email.rt,personal_rel_scale.response,personal_rel_scale.rt,curiosity_scale.response,curiosity_scale.rt,email_loop.thisRepN,email_loop.thisTrialN,email_loop.thisN,email_loop.thisIndex,email_loop.ran,emails,type,xsize,ysize,xpos,ypos,key_resp_8.keys,key_resp_8.rt,button_3.numClicks,button_3.timesOn,button_3.timesOff,button_4.numClicks,button_4.timesOn,button_4.timesOff,button_5.numClicks,button_5.timesOn,button_5.timesOff,email_loops2.thisRepN,email_loops2.thisTrialN,email_loops2.thisN,email_loops2.thisIndex,email_loops2.ran,key_resp_3.keys,key_resp_3.rt,slider1_2.response,slider1_2.rt,trust_question,loop_GT.thisRepN,loop_GT.thisTrialN,loop_GT.thisN,loop_GT.thisIndex,loop_GT.ran,Phrases,instructionresp_2.keys,instructionresp_2.rt,key_resp_13.keys,key_resp_13.rt,gen_question,loop_G.thisRepN,loop_G.thisTrialN,loop_G.thisN,loop_G.thisIndex,loop_G.ran,Questions,instructionresp.keys,instructionresp.rt,key_resp_2.keys,key_resp_2.rt,lonely_question,loop_LS.thisRepN,loop_LS.thisTrialN,loop_LS.thisN,loop_LS.thisIndex,loop_LS.ran,key_resp_4.keys,key_resp_4.rt,rating.response,rating.rt,dementia_question,loop_dm.thisRepN,loop_dm.thisTrialN,loop_dm.thisN,loop_dm.thisIndex,loop_dm.ran,Items,key_resp.keys,key_resp.rt,slider1.response,slider1.rt,ss_question,loop_SS.thisRepN,loop_SS.thisTrialN,loop_SS.thisN,loop_SS.thisIndex,loop_SS.ran,Statements,slider.response,slider.rt,Gender,textboxAge.text,textboxBirthday.text,Education Level,Ethnicity,English Fluency,textboxAge_2.text,textboxCountry.text,FQ1textbox.text,textboxQuestion2.text,textboxQuestion3.text,FQ4 selection,Finish.numClicks,Finish.timesOn,Finish.timesOff
,1,[25.793300000190733],[25.793400000095367],-0.072798147,-0.064219261,0,0,1,2.4873,button,001,2025-05-08_19h51.03.497,SLSIC2_O,2022.2.5,Win32,59.88023952,,,,,,,,,,,,,,,,,,,,,,,,,,,,,,,,,,,,,,,,,,,,,,,,,,,,,,,,,,,,,,,,,,,,,,,,,,,,,,,,,,,,,,,,,,,,,,,,,,,,,,,,,,,,,,,,,,,,,,,,,,,,,
,,,,,,,,,,,001,2025-05-08_19h51.03.497,SLSIC2_O,2022.2.5,Win32,59.88023952,space,2.2472,,,,,,,,,,,,,,,,,,,,,,,,,,,,,,,,,,,,,,,,,,,,,,,,,,,,,,,,,,,,,,,,,,,,,,,,,,,,,,,,,,,,,,,,,,,,,,,,,,,,,,,,,,,,,,,,,,,,,,,,,,,
,,,,,,,,,,,001,2025-05-08_19h51.03.497,SLSIC2_O,2022.2.5,Win32,59.88023952,,,space,17.2926,,,,,,,,,,,,,,,,,,,,,,,,,,,,,,,,,,,,,,,,,,,,,,,,,,,,,,,,,,,,,,,,,,,,,,,,,,,,,,,,,,,,,,,,,,,,,,,,,,,,,,,,,,,,,,,,,,,,,,,,,
,,,,,,,,,,,001,2025-05-08_19h51.03.497,SLSIC2_O,2022.2.5,Win32,59.88023952,,,,,68.11103992,4.2681,,,,,,,,,,,,,,,,,,,,,,,,,,,,,,,,,,,,,,,,,,,,,,,,,,,,,,,,,,,,,,,,,,,,,,,,,,,,,,,,,,,,,,,,,,,,,,,,,,,,,,,,,,,,,,,,,,,,,,,
,,,,,,,,,,,001,2025-05-08_19h51.03.497,SLSIC2_O,2022.2.5,Win32,59.88023952,,,,,,,5.675919993,0.0394,,,,,,,,,,,,,,,,,,,,,,,,,,,,,,,,,,,,,,,,,,,,,,,,,,,,,,,,,,,,,,,,,,,,,,,,,,,,,,,,,,,,,,,,,,,,,,,,,,,,,,,,,,,,,,,,,,,,,
,,,,,,,,,,,001,2025-05-08_19h51.03.497,SLSIC2_O,2022.2.5,Win32,59.88023952,,,,,,,,,space,9.9028,,,,,,,,,,,,,,,,,,,,,,,,,,,,,,,,,,,,,,,,,,,,,,,,,,,,,,,,,,,,,,,,,,,,,,,,,,,,,,,,,,,,,,,,,,,,,,,,,,,,,,,,,,,,,,,,,,,
,,,,,,,,,,,001,2025-05-08_19h51.03.497,SLSIC2_O,2022.2.5,Win32,59.88023952,,,,,,,,,,,1,[79.87119999980926],[79.87119999980926],,0,[],[],1,[81.70260000038147],[81.7027000002861],"[""legit_button""]",4.963859229,3.0403,7.978557081,4.9406,7.997052963,2.7575,0,0,0,9,1,resources/images/legit_22.png,legit,1,0.78,0,0,,,,,,,,,,,,,,,,,,,,,,,,,,,,,,,,,,,,,,,,,,,,,,,,,,,,,,,,,,,,,,,,,,,,,,,,,,,,,,,,,,,,,,,
,,,,,,,,,,,001,2025-05-08_19h51.03.497,SLSIC2_O,2022.2.5,Win32,59.88023952,,,,,,,,,,,2,"[79.87119999980926,99.15440000009536]","[79.87119999980926,99.1545]",,1,[100.55280000019073],[100.55290000009535],1,[81.70260000038147],[81.7027000002861],"[""scam_button""]",4.954611288,2.6256,4.954611288,0.0428,1.958408692,2.6096,0,1,1,20,1,resources/images/scam_30.png,scam,1.45,0.6,0,0,,,,,,,,,,,,,,,,,,,,,,,,,,,,,,,,,,,,,,,,,,,,,,,,,,,,,,,,,,,,,,,,,,,,,,,,,,,,,,,,,,,,,,,
,,,,,,,,,,,001,2025-05-08_19h51.03.497,SLSIC2_O,2022.2.5,Win32,59.88023952,,,,,,,,,,,3,"[79.87119999980926,99.15440000009536,111.90440000009535]","[79.87119999980926,99.1545,111.90440000009535]",,2,"[100.55280000019073,113.40320000028609]","[100.55290000009535,113.40320000028609]",1,[81.70260000038147],[81.7027000002861],"[""scam_button""]",1.26484287,1.6613,1.26484287,0.0402,1.708724933,1.8953,0,2,2,11,1,resources/images/scam16.png,scam,0.65,0.65,0,0,,,,,,,,,,,,,,,,,,,,,,,,,,,,,,,,,,,,,,,,,,,,,,,,,,,,,,,,,,,,,,,,,,,,,,,,,,,,,,,,,,,,,,,
,,,,,,,,,,,001,2025-05-08_19h51.03.497,SLSIC2_O,2022.2.5,Win32,59.88023952,,,,,,,,,,,4,"[79.87119999980926,99.15440000009536,111.90440000009535,126.82119999980925]","[79.87119999980926,99.1545,111.90440000009535,126.82119999980925]",,3,"[100.55280000019073,113.40320000028609,128.05210000038144]","[100.55290000009535,113.40320000028609,128.05210000038144]",1,[81.70260000038147],[81.7027000002861],"[""scam_button""]",1.902923551,1.1241,1.939913436,0.9069,2.245082335,4.6403,0,3,3,13,1,resources/images/legit15.jpg,legit,0.95,0.65,0,0,,,,,,,,,,,,,,,,,,,,,,,,,,,,,,,,,,,,,,,,,,,,,,,,,,,,,,,,,,,,,,,,,,,,,,,,,,,,,,,,,,,,,,,
,,,,,,,,,,,001,2025-05-08_19h51.03.497,SLSIC2_O,2022.2.5,Win32,59.88023952,,,,,,,,,,,5,"[79.87119999980926,99.15440000009536,111.90440000009535,126.82119999980925,160.37759999990465]","[79.87119999980926,99.1545,111.90440000009535,126.82119999980925,160.37759999990465]",,3,"[100.55280000019073,113.40320000028609,128.05210000038144]","[100.55290000009535,113.40320000028609,128.05210000038144]",2,"[81.70260000038147,161.9582000002861]","[81.7027000002861,161.9582000002861]","[""legit_button""]",5.019344369,1.4498,5.019344369,0.0321,1.976903321,1.5487,0,4,4,7,1,resources/images/legit_21.png,legit,0.8,0.8,0,0,,,,,,,,,,,,,,,,,,,,,,,,,,,,,,,,,,,,,,,,,,,,,,,,,,,,,,,,,,,,,,,,,,,,,,,,,,,,,,,,,,,,,,,
,,,,,,,,,,,001,2025-05-08_19h51.03.497,SLSIC2_O,2022.2.5,Win32,59.88023952,,,,,,,,,,,6,"[79.87119999980926,99.15440000009536,111.90440000009535,126.82119999980925,160.37759999990465,169.15459999990463]","[79.87119999980926,99.1545,111.90440000009535,126.82119999980925,160.37759999990465,169.15469999980928]",,4,"[100.55280000019073,113.40320000028609,128.05210000038144,170.3862000002861]","[100.55290000009535,113.40320000028609,128.05210000038144,170.38640000009536]",2,"[81.70260000038147,161.9582000002861]","[81.7027000002861,161.9582000002861]","[""scam_button""]",7.682635496,4.2904,2.106369484,5.5575,1.958408692,2.1904,0,5,5,1,1,resources/images/scam9.jpg,scam,0.65,0.65,0,0,,,,,,,,,,,,,,,,,,,,,,,,,,,,,,,,,,,,,,,,,,,,,,,,,,,,,,,,,,,,,,,,,,,,,,,,,,,,,,,,,,,,,,,
,,,,,,,,,,,001,2025-05-08_19h51.03.497,SLSIC2_O,2022.2.5,Win32,59.88023952,,,,,,,,,,,7,"[79.87119999980926,99.15440000009536,111.90440000009535,126.82119999980925,160.37759999990465,169.15459999990463,196.35429999971387]","[79.87119999980926,99.1545,111.90440000009535,126.82119999980925,160.37759999990465,169.15469999980928,196.35440000009538]",,4,"[100.55280000019073,113.40320000028609,128.05210000038144,170.3862000002861]","[100.55290000009535,113.40320000028609,128.05210000038144,170.38640000009536]",3,"[81.70260000038147,161.9582000002861,197.70240000009537]","[81.7027000002861,161.9582000002861,197.7025]","[""legit_button""]",4.917621403,1.3797,4.982354485,2.325,4.982354485,1.481,0,6,6,15,1,resources/images/legit16.jpg,legit,0.65,0.65,0,0,,,,,,,,,,,,,,,,,,,,,,,,,,,,,,,,,,,,,,,,,,,,,,,,,,,,,,,,,,,,,,,,,,,,,,,,,,,,,,,,,,,,,,,
,,,,,,,,,,,001,2025-05-08_19h51.03.497,SLSIC2_O,2022.2.5,Win32,59.88023952,,,,,,,,,,,8,"[79.87119999980926,99.15440000009536,111.90440000009535,126.82119999980925,160.37759999990465,169.15459999990463,196.35429999971387,220.24429999971392]","[79.87119999980926,99.1545,111.90440000009535,126.82119999980925,160.37759999990465,169.15469999980928,196.35440000009538,220.24440000009537]",,4,"[100.55280000019073,113.40320000028609,128.05210000038144,170.3862000002861]","[100.55290000009535,113.40320000028609,128.05210000038144,170.38640000009536]",4,"[81.70260000038147,161.9582000002861,197.70240000009537,222.99240000009536]","[81.7027000002861,161.9582000002861,197.7025,222.9925]","[""legit_button""]",5.000849114,1.3485,5.000849114,2.8384,2.356052616,1.6037,0,7,7,3,1,resources/images/legit_20.png,legit,0.9,0.8,0,0,,,,,,,,,,,,,,,,,,,,,,,,,,,,,,,,,,,,,,,,,,,,,,,,,,,,,,,,,,,,,,,,,,,,,,,,,,,,,,,,,,,,,,,
,,,,,,,,,,,001,2025-05-08_19h51.03.497,SLSIC2_O,2022.2.5,Win32,59.88023952,,,,,,,,,,,9,"[79.87119999980926,99.15440000009536,111.90440000009535,126.82119999980925,160.37759999990465,169.15459999990463,196.35429999971387,220.24429999971392,248.87179999971391]","[79.87119999980926,99.1545,111.90440000009535,126.82119999980925,160.37759999990465,169.15469999980928,196.35440000009538,220.24440000009537,248.87179999971391]",,4,"[100.55280000019073,113.40320000028609,128.05210000038144,170.3862000002861]","[100.55290000009535,113.40320000028609,128.05210000038144,170.38640000009536]",5,"[81.70260000038147,161.9582000002861,197.70240000009537,222.99240000009536,250.0865]","[81.7027000002861,161.9582000002861,197.7025,222.9925,250.0865]","[""legit_button""]",5.065582195,1.0415,2.328310046,1.3408,2.30981479,0.7912,0,8,8,2,1,resources/images/legit11.jpg,legit,0.65,0.65,0,0,,,,,,,,,,,,,,,,,,,,,,,,,,,,,,,,,,,,,,,,,,,,,,,,,,,,,,,,,,,,,,,,,,,,,,,,,,,,,,,,,,,,,,,
,,,,,,,,,,,001,2025-05-08_19h51.03.497,SLSIC2_O,2022.2.5,Win32,59.88023952,,,,,,,,,,,10,"[79.87119999980926,99.15440000009536,111.90440000009535,126.82119999980925,160.37759999990465,169.15459999990463,196.35429999971387,220.24429999971392,248.87179999971391,259.09450000000004]","[79.87119999980926,99.1545,111.90440000009535,126.82119999980925,160.37759999990465,169.15469999980928,196.35440000009538,220.24440000009537,248.87179999971391,259.09450000000004]",,5,"[100.55280000019073,113.40320000028609,128.05210000038144,170.3862000002861,260.64270000028614]","[100.55290000009535,113.40320000028609,128.05210000038144,170.38640000009536,260.64270000028614]",5,"[81.70260000038147,161.9582000002861,197.70240000009537,222.99240000009536,250.0865]","[81.7027000002861,161.9582000002861,197.7025,222.9925,250.0865]","[""scam_button""]",7.137031406,3.8158,4.963859229,3.0981,1.412803349,0.9482,0,9,9,21,1,resources/images/scam_23.png,scam,1,0.8,0,0,,,,,,,,,,,,,,,,,,,,,,,,,,,,,,,,,,,,,,,,,,,,,,,,,,,,,,,,,,,,,,,,,,,,,,,,,,,,,,,,,,,,,,,
,,,,,,,,,,,001,2025-05-08_19h51.03.497,SLSIC2_O,2022.2.5,Win32,59.88023952,,,,,,,,,,,11,"[79.87119999980926,99.15440000009536,111.90440000009535,126.82119999980925,160.37759999990465,169.15459999990463,196.35429999971387,220.24429999971392,248.87179999971391,259.09450000000004,278.2275]","[79.87119999980926,99.1545,111.90440000009535,126.82119999980925,160.37759999990465,169.15469999980928,196.35440000009538,220.24440000009537,248.87179999971391,259.09450000000004,278.22759999990467]",,5,"[100.55280000019073,113.40320000028609,128.05210000038144,170.3862000002861,260.64270000028614]","[100.55290000009535,113.40320000028609,128.05210000038144,170.38640000009536,260.64270000028614]",6,"[81.70260000038147,161.9582000002861,197.70240000009537,222.99240000009536,250.0865,279.65900000000005]","[81.7027000002861,161.9582000002861,197.7025,222.9925,250.0865,279.65900000000005]","[""legit_button""]",7.960062451,1.5989,7.960062451,0.0495,6.147544313,2.2645,0,10,10,8,1,resources/images/legit_23.png,legit,1,0.65,0,0,,,,,,,,,,,,,,,,,,,,,,,,,,,,,,,,,,,,,,,,,,,,,,,,,,,,,,,,,,,,,,,,,,,,,,,,,,,,,,,,,,,,,,,
,,,,,,,,,,,001,2025-05-08_19h51.03.497,SLSIC2_O,2022.2.5,Win32,59.88023952,,,,,,,,,,,12,"[79.87119999980926,99.15440000009536,111.90440000009535,126.82119999980925,160.37759999990465,169.15459999990463,196.35429999971387,220.24429999971392,248.87179999971391,259.09450000000004,278.2275,291.8712999997139]","[79.87119999980926,99.1545,111.90440000009535,126.82119999980925,160.37759999990465,169.15469999980928,196.35440000009538,220.24440000009537,248.87179999971391,259.09450000000004,278.22759999990467,291.87140000009543]",,5,"[100.55280000019073,113.40320000028609,128.05210000038144,170.3862000002861,260.64270000028614]","[100.55290000009535,113.40320000028609,128.05210000038144,170.38640000009536,260.64270000028614]",7,"[81.70260000038147,161.9582000002861,197.70240000009537,222.99240000009536,250.0865,279.65900000000005,292.7855]","[81.7027000002861,161.9582000002861,197.7025,222.9925,250.0865,279.65900000000005,292.7855]","[""legit_button""]",7.349724653,1.0289,4.945363973,0.9926,2.087874228,1.4979,0,11,11,19,1,resources/images/scam_21.png,scam,1,0.65,0,0,,,,,,,,,,,,,,,,,,,,,,,,,,,,,,,,,,,,,,,,,,,,,,,,,,,,,,,,,,,,,,,,,,,,,,,,,,,,,,,,,,,,,,,
,,,,,,,,,,,001,2025-05-08_19h51.03.497,SLSIC2_O,2022.2.5,Win32,59.88023952,,,,,,,,,,,13,"[79.87119999980926,99.15440000009536,111.90440000009535,126.82119999980925,160.37759999990465,169.15459999990463,196.35429999971387,220.24429999971392,248.87179999971391,259.09450000000004,278.2275,291.8712999997139,309.90400000000005]","[79.87119999980926,99.1545,111.90440000009535,126.82119999980925,160.37759999990465,169.15469999980928,196.35440000009538,220.24440000009537,248.87179999971391,259.09450000000004,278.22759999990467,291.87140000009543,309.90400000000005]",,6,"[100.55280000019073,113.40320000028609,128.05210000038144,170.3862000002861,260.64270000028614,310.9191000003815]","[100.55290000009535,113.40320000028609,128.05210000038144,170.38640000009536,260.64270000028614,310.9191000003815]",7,"[81.70260000038147,161.9582000002861,197.70240000009537,222.99240000009536,250.0865,279.65900000000005,292.7855]","[81.7027000002861,161.9582000002861,197.7025,222.9925,250.0865,279.65900000000005,292.7855]","[""scam_button""]",8.875570401,2.1921,2.504013408,2.9807,1.579259397,0.7618,0,12,12,12,1,resources/images/scam17.png,scam,0.8,0.65,0,0,,,,,,,,,,,,,,,,,,,,,,,,,,,,,,,,,,,,,,,,,,,,,,,,,,,,,,,,,,,,,,,,,,,,,,,,,,,,,,,,,,,,,,,
,,,,,,,,,,,001,2025-05-08_19h51.03.497,SLSIC2_O,2022.2.5,Win32,59.88023952,,,,,,,,,,,14,"[79.87119999980926,99.15440000009536,111.90440000009535,126.82119999980925,160.37759999990465,169.15459999990463,196.35429999971387,220.24429999971392,248.87179999971391,259.09450000000004,278.2275,291.8712999997139,309.90400000000005,330.2544000000954]","[79.87119999980926,99.1545,111.90440000009535,126.82119999980925,160.37759999990465,169.15469999980928,196.35440000009538,220.24440000009537,248.87179999971391,259.09450000000004,278.22759999990467,291.87140000009543,309.90400000000005,330.2544000000954]",,7,"[100.55280000019073,113.40320000028609,128.05210000038144,170.3862000002861,260.64270000028614,310.9191000003815,331.50350000000003]","[100.55290000009535,113.40320000028609,128.05210000038144,170.38640000009536,260.64270000028614,310.9191000003815,331.5036000003815]",7,"[81.70260000038147,161.9582000002861,197.70240000009537,222.99240000009536,250.0865,279.65900000000005,292.7855]","[81.7027000002861,161.9582000002861,197.7025,222.9925,250.0865,279.65900000000005,292.7855]","[""scam_button""]",7.627150356,1.5132,3.548985642,0.7251,1.533021571,0.5741,0,13,13,0,1,resources/images/scam8.jpg,scam,0.65,0.65,0,0,,,,,,,,,,,,,,,,,,,,,,,,,,,,,,,,,,,,,,,,,,,,,,,,,,,,,,,,,,,,,,,,,,,,,,,,,,,,,,,,,,,,,,,
,,,,,,,,,,,001,2025-05-08_19h51.03.497,SLSIC2_O,2022.2.5,Win32,59.88023952,,,,,,,,,,,15,"[79.87119999980926,99.15440000009536,111.90440000009535,126.82119999980925,160.37759999990465,169.15459999990463,196.35429999971387,220.24429999971392,248.87179999971391,259.09450000000004,278.2275,291.8712999997139,309.90400000000005,330.2544000000954,343.62100000000004]","[79.87119999980926,99.1545,111.90440000009535,126.82119999980925,160.37759999990465,169.15469999980928,196.35440000009538,220.24440000009537,248.87179999971391,259.09450000000004,278.22759999990467,291.87140000009543,309.90400000000005,330.2544000000954,343.6210999999047]",,7,"[100.55280000019073,113.40320000028609,128.05210000038144,170.3862000002861,260.64270000028614,310.9191000003815,331.50350000000003]","[100.55290000009535,113.40320000028609,128.05210000038144,170.38640000009536,260.64270000028614,310.9191000003815,331.5036000003815]",8,"[81.70260000038147,161.9582000002861,197.70240000009537,222.99240000009536,250.0865,279.65900000000005,292.7855,344.5696000003815]","[81.7027000002861,161.9582000002861,197.7025,222.9925,250.0865,279.65900000000005,292.7855,344.5696000003815]","[""legit_button""]",8.098775929,1.1587,8.098775929,0.0409,4.399759257,0.891,0,14,14,16,1,resources/images/legit_30.png,legit,1,0.85,0,0,,,,,,,,,,,,,,,,,,,,,,,,,,,,,,,,,,,,,,,,,,,,,,,,,,,,,,,,,,,,,,,,,,,,,,,,,,,,,,,,,,,,,,,
,,,,,,,,,,,001,2025-05-08_19h51.03.497,SLSIC2_O,2022.2.5,Win32,59.88023952,,,,,,,,,,,16,"[79.87119999980926,99.15440000009536,111.90440000009535,126.82119999980925,160.37759999990465,169.15459999990463,196.35429999971387,220.24429999971392,248.87179999971391,259.09450000000004,278.2275,291.8712999997139,309.90400000000005,330.2544000000954,343.62100000000004,359.55529999971395]","[79.87119999980926,99.1545,111.90440000009535,126.82119999980925,160.37759999990465,169.15469999980928,196.35440000009538,220.24440000009537,248.87179999971391,259.09450000000004,278.22759999990467,291.87140000009543,309.90400000000005,330.2544000000954,343.6210999999047,359.5554000000954]",,7,"[100.55280000019073,113.40320000028609,128.05210000038144,170.3862000002861,260.64270000028614,310.9191000003815,331.50350000000003]","[100.55290000009535,113.40320000028609,128.05210000038144,170.38640000009536,260.64270000028614,310.9191000003815,331.5036000003815]",9,"[81.70260000038147,161.9582000002861,197.70240000009537,222.99240000009536,250.0865,279.65900000000005,292.7855,344.5696000003815,360.9198000001908]","[81.7027000002861,161.9582000002861,197.7025,222.9925,250.0865,279.65900000000005,292.7855,344.5696000003815,360.9198000001908]","[""legit_button""]",8.746102985,0.9572,4.214809206,0.8589,1.588506711,0.5579,0,15,15,22,1,resources/images/scam_24.png,scam,1,0.8,0,0,,,,,,,,,,,,,,,,,,,,,,,,,,,,,,,,,,,,,,,,,,,,,,,,,,,,,,,,,,,,,,,,,,,,,,,,,,,,,,,,,,,,,,,
,,,,,,,,,,,001,2025-05-08_19h51.03.497,SLSIC2_O,2022.2.5,Win32,59.88023952,,,,,,,,,,,17,"[79.87119999980926,99.15440000009536,111.90440000009535,126.82119999980925,160.37759999990465,169.15459999990463,196.35429999971387,220.24429999971392,248.87179999971391,259.09450000000004,278.2275,291.8712999997139,309.90400000000005,330.2544000000954,343.62100000000004,359.55529999971395,369.2216999998093]","[79.87119999980926,99.1545,111.90440000009535,126.82119999980925,160.37759999990465,169.15469999980928,196.35440000009538,220.24440000009537,248.87179999971391,259.09450000000004,278.22759999990467,291.87140000009543,309.90400000000005,330.2544000000954,343.6210999999047,359.5554000000954,369.22179999971394]",,7,"[100.55280000019073,113.40320000028609,128.05210000038144,170.3862000002861,260.64270000028614,310.9191000003815,331.50350000000003]","[100.55290000009535,113.40320000028609,128.05210000038144,170.38640000009536,260.64270000028614,310.9191000003815,331.5036000003815]",10,"[81.70260000038147,161.9582000002861,197.70240000009537,222.99240000009536,250.0865,279.65900000000005,292.7855,344.5696000003815,360.9198000001908,370.3865]","[81.7027000002861,161.9582000002861,197.7025,222.9925,250.0865,279.65900000000005,292.7855,344.5696000003815,360.9198000001908,370.3866000003815]","[""legit_button""]",8.20974621,1.1067,2.855420133,1.6154,1.190862787,0.5781,0,16,16,4,1,resources/images/legit_19.png,legit,0.65,0.65,0,0,,,,,,,,,,,,,,,,,,,,,,,,,,,,,,,,,,,,,,,,,,,,,,,,,,,,,,,,,,,,,,,,,,,,,,,,,,,,,,,,,,,,,,,
,,,,,,,,,,,001,2025-05-08_19h51.03.497,SLSIC2_O,2022.2.5,Win32,59.88023952,,,,,,,,,,,18,"[79.87119999980926,99.15440000009536,111.90440000009535,126.82119999980925,160.37759999990465,169.15459999990463,196.35429999971387,220.24429999971392,248.87179999971391,259.09450000000004,278.2275,291.8712999997139,309.90400000000005,330.2544000000954,343.62100000000004,359.55529999971395,369.2216999998093,388.02109999990466]","[79.87119999980926,99.1545,111.90440000009535,126.82119999980925,160.37759999990465,169.15469999980928,196.35440000009538,220.24440000009537,248.87179999971391,259.09450000000004,278.22759999990467,291.87140000009543,309.90400000000005,330.2544000000954,343.6210999999047,359.5554000000954,369.22179999971394,388.0211999998093]",,7,"[100.55280000019073,113.40320000028609,128.05210000038144,170.3862000002861,260.64270000028614,310.9191000003815,331.50350000000003]","[100.55290000009535,113.40320000028609,128.05210000038144,170.38640000009536,260.64270000028614,310.9191000003815,331.5036000003815]",11,"[81.70260000038147,161.9582000002861,197.70240000009537,222.99240000009536,250.0865,279.65900000000005,292.7855,344.5696000003815,360.9198000001908,370.3865,389.90310000038147]","[81.7027000002861,161.9582000002861,197.7025,222.9925,250.0865,279.65900000000005,292.7855,344.5696000003815,360.9198000001908,370.3866000003815,389.90310000038147]","[""legit_button""]",7.941566569,1.1579,3.345539709,0.7232,2.050883717,0.5246,0,17,17,5,1,resources/images/legit12.jpg,legit,1,0.65,0,0,,,,,,,,,,,,,,,,,,,,,,,,,,,,,,,,,,,,,,,,,,,,,,,,,,,,,,,,,,,,,,,,,,,,,,,,,,,,,,,,,,,,,,,
,,,,,,,,,,,001,2025-05-08_19h51.03.497,SLSIC2_O,2022.2.5,Win32,59.88023952,,,,,,,,,,,19,"[79.87119999980926,99.15440000009536,111.90440000009535,126.82119999980925,160.37759999990465,169.15459999990463,196.35429999971387,220.24429999971392,248.87179999971391,259.09450000000004,278.2275,291.8712999997139,309.90400000000005,330.2544000000954,343.62100000000004,359.55529999971395,369.2216999998093,388.02109999990466,415.6885999999047]","[79.87119999980926,99.1545,111.90440000009535,126.82119999980925,160.37759999990465,169.15469999980928,196.35440000009538,220.24440000009537,248.87179999971391,259.09450000000004,278.22759999990467,291.87140000009543,309.90400000000005,330.2544000000954,343.6210999999047,359.5554000000954,369.22179999971394,388.0211999998093,415.68869999980933]",,8,"[100.55280000019073,113.40320000028609,128.05210000038144,170.3862000002861,260.64270000028614,310.9191000003815,331.50350000000003,416.737]","[100.55290000009535,113.40320000028609,128.05210000038144,170.38640000009536,260.64270000028614,310.9191000003815,331.5036000003815,416.7371000003815]",11,"[81.70260000038147,161.9582000002861,197.70240000009537,222.99240000009536,250.0865,279.65900000000005,292.7855,344.5696000003815,360.9198000001908,370.3865,389.90310000038147]","[81.7027000002861,161.9582000002861,197.7025,222.9925,250.0865,279.65900000000005,292.7855,344.5696000003815,360.9198000001908,370.3866000003815,389.90310000038147]","[""scam_button""]",7.026062378,2.9575,7.026062378,0.0309,3.216074172,0.5982,0,18,18,14,1,resources/images/scam18.png,scam,1,0.65,0,0,,,,,,,,,,,,,,,,,,,,,,,,,,,,,,,,,,,,,,,,,,,,,,,,,,,,,,,,,,,,,,,,,,,,,,,,,,,,,,,,,,,,,,,
,,,,,,,,,,,001,2025-05-08_19h51.03.497,SLSIC2_O,2022.2.5,Win32,59.88023952,,,,,,,,,,,20,"[79.87119999980926,99.15440000009536,111.90440000009535,126.82119999980925,160.37759999990465,169.15459999990463,196.35429999971387,220.24429999971392,248.87179999971391,259.09450000000004,278.2275,291.8712999997139,309.90400000000005,330.2544000000954,343.62100000000004,359.55529999971395,369.2216999998093,388.02109999990466,415.6885999999047,427.0049000000954]","[79.87119999980926,99.1545,111.90440000009535,126.82119999980925,160.37759999990465,169.15469999980928,196.35440000009538,220.24440000009537,248.87179999971391,259.09450000000004,278.22759999990467,291.87140000009543,309.90400000000005,330.2544000000954,343.6210999999047,359.5554000000954,369.22179999971394,388.0211999998093,415.68869999980933,427.0049000000954]",,9,"[100.55280000019073,113.40320000028609,128.05210000038144,170.3862000002861,260.64270000028614,310.9191000003815,331.50350000000003,416.737,428.1205]","[100.55290000009535,113.40320000028609,128.05210000038144,170.38640000009536,260.64270000028614,310.9191000003815,331.5036000003815,416.7371000003815,428.1206000003815]",11,"[81.70260000038147,161.9582000002861,197.70240000009537,222.99240000009536,250.0865,279.65900000000005,292.7855,344.5696000003815,360.9198000001908,370.3865,389.90310000038147]","[81.7027000002861,161.9582000002861,197.7025,222.9925,250.0865,279.65900000000005,292.7855,344.5696000003815,360.9198000001908,370.3866000003815,389.90310000038147]","[""scam_button""]",8.746102985,0.8925,8.746102985,0.0397,3.169836347,0.7902,0,19,19,18,1,resources/images/scam_20.png,scam,1.45,0.6,0,0,,,,,,,,,,,,,,,,,,,,,,,,,,,,,,,,,,,,,,,,,,,,,,,,,,,,,,,,,,,,,,,,,,,,,,,,,,,,,,,,,,,,,,,
,,,,,,,,,,,001,2025-05-08_19h51.03.497,SLSIC2_O,2022.2.5,Win32,59.88023952,,,,,,,,,,,21,"[79.87119999980926,99.15440000009536,111.90440000009535,126.82119999980925,160.37759999990465,169.15459999990463,196.35429999971387,220.24429999971392,248.87179999971391,259.09450000000004,278.2275,291.8712999997139,309.90400000000005,330.2544000000954,343.62100000000004,359.55529999971395,369.2216999998093,388.02109999990466,415.6885999999047,427.0049000000954,441.6046999998093]","[79.87119999980926,99.1545,111.90440000009535,126.82119999980925,160.37759999990465,169.15469999980928,196.35440000009538,220.24440000009537,248.87179999971391,259.09450000000004,278.22759999990467,291.87140000009543,309.90400000000005,330.2544000000954,343.6210999999047,359.5554000000954,369.22179999971394,388.0211999998093,415.68869999980933,427.0049000000954,441.6046999998093]",,9,"[100.55280000019073,113.40320000028609,128.05210000038144,170.3862000002861,260.64270000028614,310.9191000003815,331.50350000000003,416.737,428.1205]","[100.55290000009535,113.40320000028609,128.05210000038144,170.38640000009536,260.64270000028614,310.9191000003815,331.5036000003815,416.7371000003815,428.1206000003815]",12,"[81.70260000038147,161.9582000002861,197.70240000009537,222.99240000009536,250.0865,279.65900000000005,292.7855,344.5696000003815,360.9198000001908,370.3865,389.90310000038147,442.7035]","[81.7027000002861,161.9582000002861,197.7025,222.9925,250.0865,279.65900000000005,292.7855,344.5696000003815,360.9198000001908,370.3866000003815,389.90310000038147,442.70360000038147]","[""legit_button""]",7.784358462,0.9652,4.529224793,0.63,2.060131658,0.5426,0,20,20,6,1,resources/images/legit13.jpg,legit,0.65,0.65,0,0,,,,,,,,,,,,,,,,,,,,,,,,,,,,,,,,,,,,,,,,,,,,,,,,,,,,,,,,,,,,,,,,,,,,,,,,,,,,,,,,,,,,,,,
,,,,,,,,,,,001,2025-05-08_19h51.03.497,SLSIC2_O,2022.2.5,Win32,59.88023952,,,,,,,,,,,22,"[79.87119999980926,99.15440000009536,111.90440000009535,126.82119999980925,160.37759999990465,169.15459999990463,196.35429999971387,220.24429999971392,248.87179999971391,259.09450000000004,278.2275,291.8712999997139,309.90400000000005,330.2544000000954,343.62100000000004,359.55529999971395,369.2216999998093,388.02109999990466,415.6885999999047,427.0049000000954,441.6046999998093,464.7219000000954]","[79.87119999980926,99.1545,111.90440000009535,126.82119999980925,160.37759999990465,169.15469999980928,196.35440000009538,220.24440000009537,248.87179999971391,259.09450000000004,278.22759999990467,291.87140000009543,309.90400000000005,330.2544000000954,343.6210999999047,359.5554000000954,369.22179999971394,388.0211999998093,415.68869999980933,427.0049000000954,441.6046999998093,464.72200000000004]",,10,"[100.55280000019073,113.40320000028609,128.05210000038144,170.3862000002861,260.64270000028614,310.9191000003815,331.50350000000003,416.737,428.1205,467.387]","[100.55290000009535,113.40320000028609,128.05210000038144,170.38640000009536,260.64270000028614,310.9191000003815,331.5036000003815,416.7371000003815,428.1206000003815,467.3871000003815]",12,"[81.70260000038147,161.9582000002861,197.70240000009537,222.99240000009536,250.0865,279.65900000000005,292.7855,344.5696000003815,360.9198000001908,370.3865,389.90310000038147,442.7035]","[81.7027000002861,161.9582000002861,197.7025,222.9925,250.0865,279.65900000000005,292.7855,344.5696000003815,360.9198000001908,370.3866000003815,389.90310000038147,442.70360000038147]","[""scam_button""]",6.508198353,1.0437,6.508198353,0.0404,3.604470782,0.8232,0,21,21,10,1,resources/images/scam15.jpg,scam,0.65,0.65,0,0,,,,,,,,,,,,,,,,,,,,,,,,,,,,,,,,,,,,,,,,,,,,,,,,,,,,,,,,,,,,,,,,,,,,,,,,,,,,,,,,,,,,,,,
,,,,,,,,,,,001,2025-05-08_19h51.03.497,SLSIC2_O,2022.2.5,Win32,59.88023952,,,,,,,,,,,23,"[79.87119999980926,99.15440000009536,111.90440000009535,126.82119999980925,160.37759999990465,169.15459999990463,196.35429999971387,220.24429999971392,248.87179999971391,259.09450000000004,278.2275,291.8712999997139,309.90400000000005,330.2544000000954,343.62100000000004,359.55529999971395,369.2216999998093,388.02109999990466,415.6885999999047,427.0049000000954,441.6046999998093,464.7219000000954,485.6880999999047]","[79.87119999980926,99.1545,111.90440000009535,126.82119999980925,160.37759999990465,169.15469999980928,196.35440000009538,220.24440000009537,248.87179999971391,259.09450000000004,278.22759999990467,291.87140000009543,309.90400000000005,330.2544000000954,343.6210999999047,359.5554000000954,369.22179999971394,388.0211999998093,415.68869999980933,427.0049000000954,441.6046999998093,464.72200000000004,485.6881999998093]",,10,"[100.55280000019073,113.40320000028609,128.05210000038144,170.3862000002861,260.64270000028614,310.9191000003815,331.50350000000003,416.737,428.1205,467.387]","[100.55290000009535,113.40320000028609,128.05210000038144,170.38640000009536,260.64270000028614,310.9191000003815,331.5036000003815,416.7371000003815,428.1206000003815,467.3871000003815]",13,"[81.70260000038147,161.9582000002861,197.70240000009537,222.99240000009536,250.0865,279.65900000000005,292.7855,344.5696000003815,360.9198000001908,370.3865,389.90310000038147,442.7035,486.75330000019073]","[81.7027000002861,161.9582000002861,197.7025,222.9925,250.0865,279.65900000000005,292.7855,344.5696000003815,360.9198000001908,370.3866000003815,389.90310000038147,442.70360000038147,486.7534000000954]","[""legit_button""]",7.303486828,0.8071,7.303486828,0.0265,3.706193748,0.6732,0,22,22,23,1,resources/images/scam_22.png,scam,1,0.65,0,0,,,,,,,,,,,,,,,,,,,,,,,,,,,,,,,,,,,,,,,,,,,,,,,,,,,,,,,,,,,,,,,,,,,,,,,,,,,,,,,,,,,,,,,
,,,,,,,,,,,001,2025-05-08_19h51.03.497,SLSIC2_O,2022.2.5,Win32,59.88023952,,,,,,,,,,,24,"[79.87119999980926,99.15440000009536,111.90440000009535,126.82119999980925,160.37759999990465,169.15459999990463,196.35429999971387,220.24429999971392,248.87179999971391,259.09450000000004,278.2275,291.8712999997139,309.90400000000005,330.2544000000954,343.62100000000004,359.55529999971395,369.2216999998093,388.02109999990466,415.6885999999047,427.0049000000954,441.6046999998093,464.7219000000954,485.6880999999047,504.76059999990457]","[79.87119999980926,99.1545,111.90440000009535,126.82119999980925,160.37759999990465,169.15469999980928,196.35440000009538,220.24440000009537,248.87179999971391,259.09450000000004,278.22759999990467,291.87140000009543,309.90400000000005,330.2544000000954,343.6210999999047,359.5554000000954,369.22179999971394,388.0211999998093,415.68869999980933,427.0049000000954,441.6046999998093,464.72200000000004,485.6881999998093,504.76059999990457]",,10,"[100.55280000019073,113.40320000028609,128.05210000038144,170.3862000002861,260.64270000028614,310.9191000003815,331.50350000000003,416.737,428.1205,467.387]","[100.55290000009535,113.40320000028609,128.05210000038144,170.38640000009536,260.64270000028614,310.9191000003815,331.5036000003815,416.7371000003815,428.1206000003815,467.3871000003815]",14,"[81.70260000038147,161.9582000002861,197.70240000009537,222.99240000009536,250.0865,279.65900000000005,292.7855,344.5696000003815,360.9198000001908,370.3865,389.90310000038147,442.7035,486.75330000019073,505.7083000001907]","[81.7027000002861,161.9582000002861,197.7025,222.9925,250.0865,279.65900000000005,292.7855,344.5696000003815,360.9198000001908,370.3866000003815,389.90310000038147,442.70360000038147,486.7534000000954,505.7084000000953]","[""legit_button""]",7.395962479,0.8326,3.632213352,0.6488,1.949160751,0.5488,0,23,23,17,1,resources/images/legitimate_18.png,legit,1,0.65,0,0,,,,,,,,,,,,,,,,,,,,,,,,,,,,,,,,,,,,,,,,,,,,,,,,,,,,,,,,,,,,,,,,,,,,,,,,,,,,,,,,,,,,,,,
,,,,,,,,,,,001,2025-05-08_19h51.03.497,SLSIC2_O,2022.2.5,Win32,59.88023952,,,,,,,,,,,,,,,,,,,,,,,,,,,,,,,,,,,,,,,space,3.2853,,,,,,,,,,,,,,,,,,,,,,,,,,,,,,,,,,,,,,,,,,,,,,,,,,,,,,,,,,,,,,,,,,,,,,,,,,,,,,,,,,,,,
,,,,,,,,,,,001,2025-05-08_19h51.03.497,SLSIC2_O,2022.2.5,Win32,59.88023952,,,,,,,,,,,,,,,,,,,,,,,,,,,,,,,,,,,,,,,,,1,[523.9442000002861],[523.9443000001908],,,,,,,,,,,,,,,,,,,,,,,,,,,,,,,,,,,,,,,,,,,,,,,,,,,,,,,,,,,,,,,,,,,,,,,,,,,,,,,,,,
,,,,,,,,,,,001,2025-05-08_19h51.03.497,SLSIC2_O,2022.2.5,Win32,59.88023952,,,,,,,,,,,,,,,,,,,,,,,,1.588506711,5.0915,,,,,,,,,,,,,,,,,,,,,,,,,,,,,,,,,,,,,,,,,,,,,,,,,,,,,,,,,,,,,,,,,,,,,,,,,,,,,,,,,,,,,,,,,,,,,,,,,,,,
,,,,,,,,,,,001,2025-05-08_19h51.03.497,SLSIC2_O,2022.2.5,Win32,59.88023952,,,,,,,,,,,,,,,,,,,,,,,,,,,,,,,,,,,,,,,,,,,,1,[537.7679000000953],[537.7679999999999],,,,,,,,,,,,,,,,,,,,,,,,,,,,,,,,,,,,,,,,,,,,,,,,,,,,,,,,,,,,,,,,,,,,,,,,,,,,,,,
,,,,,,,,,,,001,2025-05-08_19h51.03.497,SLSIC2_O,2022.2.5,Win32,59.88023952,,,,,,,,,,,,,,,,,,,,,,,,1.727220189,2.5649,,,,,,,,,,,,,,,,,,,,,,,,,,,,,,,,,,,,,,,,,,,,,,,,,,,,,,,,,,,,,,,,,,,,,,,,,,,,,,,,,,,,,,,,,,,,,,,,,,,,
,,,,,,,,,,,001,2025-05-08_19h51.03.497,SLSIC2_O,2022.2.5,Win32,59.88023952,,,,,,,,,,,,,,,,,,,,,,,,,,,,,,,,,,,,,,,,,,,,,,,1,[547.1499999999999],[547.1502000002861],,,,,,,,,,,,,,,,,,,,,,,,,,,,,,,,,,,,,,,,,,,,,,,,,,,,,,,,,,,,,,,,,,,,,,,,,,,,
,,,,,,,,,,,001,2025-05-08_19h51.03.497,SLSIC2_O,2022.2.5,Win32,59.88023952,,,,,,,,,,,,,,,,,,,,,,,,1.791952644,1.249,,,,,,,,,,,,,,,,,,,,,,,,,,,,,,,,,,,,,,,,,,,,,,,,,,,,,,,,,,,,,,,,,,,,,,,,,,,,,,,,,,,,,,,,,,,,,,,,,,,,
,,,,,,,,,,,001,2025-05-08_19h51.03.497,SLSIC2_O,2022.2.5,Win32,59.88023952,,,,,,,,,space,10.2834,,,,,,,,,,,,,,,,,,,,,,,,,,,,,,,,,,,,,,,,,,,,,,,,,,,,,,,,,,,,,,,,,,,,,,,,,,,,,,,,,,,,,,,,,,,,,,,,,,,,,,,,,,,,,,,,,,,
,,,,,,,,,,,001,2025-05-08_19h51.03.497,SLSIC2_O,2022.2.5,Win32,59.88023952,,,,,,,,,,,25,"[79.87119999980926,99.15440000009536,111.90440000009535,126.82119999980925,160.37759999990465,169.15459999990463,196.35429999971387,220.24429999971392,248.87179999971391,259.09450000000004,278.2275,291.8712999997139,309.90400000000005,330.2544000000954,343.62100000000004,359.55529999971395,369.2216999998093,388.02109999990466,415.6885999999047,427.0049000000954,441.6046999998093,464.7219000000954,485.6880999999047,504.76059999990457,570.6886999998093]","[79.87119999980926,99.1545,111.90440000009535,126.82119999980925,160.37759999990465,169.15469999980928,196.35440000009538,220.24440000009537,248.87179999971391,259.09450000000004,278.22759999990467,291.87140000009543,309.90400000000005,330.2544000000954,343.6210999999047,359.5554000000954,369.22179999971394,388.0211999998093,415.68869999980933,427.0049000000954,441.6046999998093,464.72200000000004,485.6881999998093,504.76059999990457,570.6886999998093]",,10,"[100.55280000019073,113.40320000028609,128.05210000038144,170.3862000002861,260.64270000028614,310.9191000003815,331.50350000000003,416.737,428.1205,467.387]","[100.55290000009535,113.40320000028609,128.05210000038144,170.38640000009536,260.64270000028614,310.9191000003815,331.5036000003815,416.7371000003815,428.1206000003815,467.3871000003815]",15,"[81.70260000038147,161.9582000002861,197.70240000009537,222.99240000009536,250.0865,279.65900000000005,292.7855,344.5696000003815,360.9198000001908,370.3865,389.90310000038147,442.7035,486.75330000019073,505.7083000001907,573.9034999999999]","[81.7027000002861,161.9582000002861,197.7025,222.9925,250.0865,279.65900000000005,292.7855,344.5696000003815,360.9198000001908,370.3866000003815,389.90310000038147,442.70360000038147,486.7534000000954,505.7084000000953,573.9036000003814]","[""legit_button""]",4.936116659,4.3077,1.542269512,0.9485,1.533021571,1.3747,,,,,,resources/images/scam4.png,scam,0.8,0.65,0,0,,,,,,,,,,,,0,0,0,6,1,,,,,,,,,,,,,,,,,,,,,,,,,,,,,,,,,,,,,,,,,,,,,,,,,,,,,,,,,,,,,,,,,,,,,,,
,,,,,,,,,,,001,2025-05-08_19h51.03.497,SLSIC2_O,2022.2.5,Win32,59.88023952,,,,,,,,,,,26,"[79.87119999980926,99.15440000009536,111.90440000009535,126.82119999980925,160.37759999990465,169.15459999990463,196.35429999971387,220.24429999971392,248.87179999971391,259.09450000000004,278.2275,291.8712999997139,309.90400000000005,330.2544000000954,343.62100000000004,359.55529999971395,369.2216999998093,388.02109999990466,415.6885999999047,427.0049000000954,441.6046999998093,464.7219000000954,485.6880999999047,504.76059999990457,570.6886999998093,598.6720999999046]","[79.87119999980926,99.1545,111.90440000009535,126.82119999980925,160.37759999990465,169.15469999980928,196.35440000009538,220.24440000009537,248.87179999971391,259.09450000000004,278.22759999990467,291.87140000009543,309.90400000000005,330.2544000000954,343.6210999999047,359.5554000000954,369.22179999971394,388.0211999998093,415.68869999980933,427.0049000000954,441.6046999998093,464.72200000000004,485.6881999998093,504.76059999990457,570.6886999998093,598.6720999999046]",,10,"[100.55280000019073,113.40320000028609,128.05210000038144,170.3862000002861,260.64270000028614,310.9191000003815,331.50350000000003,416.737,428.1205,467.387]","[100.55290000009535,113.40320000028609,128.05210000038144,170.38640000009536,260.64270000028614,310.9191000003815,331.5036000003815,416.7371000003815,428.1206000003815,467.3871000003815]",16,"[81.70260000038147,161.9582000002861,197.70240000009537,222.99240000009536,250.0865,279.65900000000005,292.7855,344.5696000003815,360.9198000001908,370.3865,389.90310000038147,442.7035,486.75330000019073,505.7083000001907,573.9034999999999,599.6702000002861]","[81.7027000002861,161.9582000002861,197.7025,222.9925,250.0865,279.65900000000005,292.7855,344.5696000003815,360.9198000001908,370.3866000003815,389.90310000038147,442.70360000038147,486.7534000000954,505.7084000000953,573.9036000003814,599.6702000002861]","[""legit_button""]",7.987804395,1.3896,3.336291768,1.0127,1.625497223,0.5737,,,,,,resources/images/legit17-EDIT.png,legit,0.65,0.65,0,0,,,,,,,,,,,,0,1,1,22,1,,,,,,,,,,,,,,,,,,,,,,,,,,,,,,,,,,,,,,,,,,,,,,,,,,,,,,,,,,,,,,,,,,,,,,,
,,,,,,,,,,,001,2025-05-08_19h51.03.497,SLSIC2_O,2022.2.5,Win32,59.88023952,,,,,,,,,,,27,"[79.87119999980926,99.15440000009536,111.90440000009535,126.82119999980925,160.37759999990465,169.15459999990463,196.35429999971387,220.24429999971392,248.87179999971391,259.09450000000004,278.2275,291.8712999997139,309.90400000000005,330.2544000000954,343.62100000000004,359.55529999971395,369.2216999998093,388.02109999990466,415.6885999999047,427.0049000000954,441.6046999998093,464.7219000000954,485.6880999999047,504.76059999990457,570.6886999998093,598.6720999999046,610.7450999999046]","[79.87119999980926,99.1545,111.90440000009535,126.82119999980925,160.37759999990465,169.15469999980928,196.35440000009538,220.24440000009537,248.87179999971391,259.09450000000004,278.22759999990467,291.87140000009543,309.90400000000005,330.2544000000954,343.6210999999047,359.5554000000954,369.22179999971394,388.0211999998093,415.68869999980933,427.0049000000954,441.6046999998093,464.72200000000004,485.6881999998093,504.76059999990457,570.6886999998093,598.6720999999046,610.7450999999046]",,11,"[100.55280000019073,113.40320000028609,128.05210000038144,170.3862000002861,260.64270000028614,310.9191000003815,331.50350000000003,416.737,428.1205,467.387,611.6603000001908]","[100.55290000009535,113.40320000028609,128.05210000038144,170.38640000009536,260.64270000028614,310.9191000003815,331.5036000003815,416.7371000003815,428.1206000003815,467.3871000003815,611.6603000001908]",16,"[81.70260000038147,161.9582000002861,197.70240000009537,222.99240000009536,250.0865,279.65900000000005,292.7855,344.5696000003815,360.9198000001908,370.3865,389.90310000038147,442.7035,486.75330000019073,505.7083000001907,573.9034999999999,599.6702000002861]","[81.7027000002861,161.9582000002861,197.7025,222.9925,250.0865,279.65900000000005,292.7855,344.5696000003815,360.9198000001908,370.3866000003815,389.90310000038147,442.70360000038147,486.7534000000954,505.7084000000953,573.9036000003814,599.6702000002861]","[""scam_button""]",8.496419227,1.7487,2.688964085,0.8646,1.246347928,0.615,,,,,,resources/images/scam_1.png,scam,1,0.65,0,0,,,,,,,,,,,,0,2,2,0,1,,,,,,,,,,,,,,,,,,,,,,,,,,,,,,,,,,,,,,,,,,,,,,,,,,,,,,,,,,,,,,,,,,,,,,,
,,,,,,,,,,,001,2025-05-08_19h51.03.497,SLSIC2_O,2022.2.5,Win32,59.88023952,,,,,,,,,,,28,"[79.87119999980926,99.15440000009536,111.90440000009535,126.82119999980925,160.37759999990465,169.15459999990463,196.35429999971387,220.24429999971392,248.87179999971391,259.09450000000004,278.2275,291.8712999997139,309.90400000000005,330.2544000000954,343.62100000000004,359.55529999971395,369.2216999998093,388.02109999990466,415.6885999999047,427.0049000000954,441.6046999998093,464.7219000000954,485.6880999999047,504.76059999990457,570.6886999998093,598.6720999999046,610.7450999999046,637.6616999998092]","[79.87119999980926,99.1545,111.90440000009535,126.82119999980925,160.37759999990465,169.15469999980928,196.35440000009538,220.24440000009537,248.87179999971391,259.09450000000004,278.22759999990467,291.87140000009543,309.90400000000005,330.2544000000954,343.6210999999047,359.5554000000954,369.22179999971394,388.0211999998093,415.68869999980933,427.0049000000954,441.6046999998093,464.72200000000004,485.6881999998093,504.76059999990457,570.6886999998093,598.6720999999046,610.7450999999046,637.6616999998092]",,11,"[100.55280000019073,113.40320000028609,128.05210000038144,170.3862000002861,260.64270000028614,310.9191000003815,331.50350000000003,416.737,428.1205,467.387,611.6603000001908]","[100.55290000009535,113.40320000028609,128.05210000038144,170.38640000009536,260.64270000028614,310.9191000003815,331.5036000003815,416.7371000003815,428.1206000003815,467.3871000003815,611.6603000001908]",17,"[81.70260000038147,161.9582000002861,197.70240000009537,222.99240000009536,250.0865,279.65900000000005,292.7855,344.5696000003815,360.9198000001908,370.3865,389.90310000038147,442.7035,486.75330000019073,505.7083000001907,573.9034999999999,599.6702000002861,638.5429999999999]","[81.7027000002861,161.9582000002861,197.7025,222.9925,250.0865,279.65900000000005,292.7855,344.5696000003815,360.9198000001908,370.3866000003815,389.90310000038147,442.70360000038147,486.7534000000954,505.7084000000953,573.9036000003814,599.6702000002861,638.5429999999999]","[""legit_button""]",4.926868718,1.5657,4.926868718,0.0321,2.772191796,0.6149,,,,,,resources/images/scam12.jpg,scam,0.65,0.65,0,0,,,,,,,,,,,,0,3,3,20,1,,,,,,,,,,,,,,,,,,,,,,,,,,,,,,,,,,,,,,,,,,,,,,,,,,,,,,,,,,,,,,,,,,,,,,,
,,,,,,,,,,,001,2025-05-08_19h51.03.497,SLSIC2_O,2022.2.5,Win32,59.88023952,,,,,,,,,,,29,"[79.87119999980926,99.15440000009536,111.90440000009535,126.82119999980925,160.37759999990465,169.15459999990463,196.35429999971387,220.24429999971392,248.87179999971391,259.09450000000004,278.2275,291.8712999997139,309.90400000000005,330.2544000000954,343.62100000000004,359.55529999971395,369.2216999998093,388.02109999990466,415.6885999999047,427.0049000000954,441.6046999998093,464.7219000000954,485.6880999999047,504.76059999990457,570.6886999998093,598.6720999999046,610.7450999999046,637.6616999998092,647.8774999999999]","[79.87119999980926,99.1545,111.90440000009535,126.82119999980925,160.37759999990465,169.15469999980928,196.35440000009538,220.24440000009537,248.87179999971391,259.09450000000004,278.22759999990467,291.87140000009543,309.90400000000005,330.2544000000954,343.6210999999047,359.5554000000954,369.22179999971394,388.0211999998093,415.68869999980933,427.0049000000954,441.6046999998093,464.72200000000004,485.6881999998093,504.76059999990457,570.6886999998093,598.6720999999046,610.7450999999046,637.6616999998092,647.8775999999046]",,11,"[100.55280000019073,113.40320000028609,128.05210000038144,170.3862000002861,260.64270000028614,310.9191000003815,331.50350000000003,416.737,428.1205,467.387,611.6603000001908]","[100.55290000009535,113.40320000028609,128.05210000038144,170.38640000009536,260.64270000028614,310.9191000003815,331.5036000003815,416.7371000003815,428.1206000003815,467.3871000003815,611.6603000001908]",18,"[81.70260000038147,161.9582000002861,197.70240000009537,222.99240000009536,250.0865,279.65900000000005,292.7855,344.5696000003815,360.9198000001908,370.3865,389.90310000038147,442.7035,486.75330000019073,505.7083000001907,573.9034999999999,599.6702000002861,638.5429999999999,648.9784999999999]","[81.7027000002861,161.9582000002861,197.7025,222.9925,250.0865,279.65900000000005,292.7855,344.5696000003815,360.9198000001908,370.3866000003815,389.90310000038147,442.70360000038147,486.7534000000954,505.7084000000953,573.9036000003814,599.6702000002861,638.5429999999999,648.9786000003814]","[""legit_button""]",6.508198353,1.397,3.761678889,0.7142,2.513260723,0.4997,,,,,,resources/images/legit2.jpg,legit,1,0.65,0,0,,,,,,,,,,,,0,4,4,4,1,,,,,,,,,,,,,,,,,,,,,,,,,,,,,,,,,,,,,,,,,,,,,,,,,,,,,,,,,,,,,,,,,,,,,,,
,,,,,,,,,,,001,2025-05-08_19h51.03.497,SLSIC2_O,2022.2.5,Win32,59.88023952,,,,,,,,,,,30,"[79.87119999980926,99.15440000009536,111.90440000009535,126.82119999980925,160.37759999990465,169.15459999990463,196.35429999971387,220.24429999971392,248.87179999971391,259.09450000000004,278.2275,291.8712999997139,309.90400000000005,330.2544000000954,343.62100000000004,359.55529999971395,369.2216999998093,388.02109999990466,415.6885999999047,427.0049000000954,441.6046999998093,464.7219000000954,485.6880999999047,504.76059999990457,570.6886999998093,598.6720999999046,610.7450999999046,637.6616999998092,647.8774999999999,665.1722999997139]","[79.87119999980926,99.1545,111.90440000009535,126.82119999980925,160.37759999990465,169.15469999980928,196.35440000009538,220.24440000009537,248.87179999971391,259.09450000000004,278.22759999990467,291.87140000009543,309.90400000000005,330.2544000000954,343.6210999999047,359.5554000000954,369.22179999971394,388.0211999998093,415.68869999980933,427.0049000000954,441.6046999998093,464.72200000000004,485.6881999998093,504.76059999990457,570.6886999998093,598.6720999999046,610.7450999999046,637.6616999998092,647.8775999999046,665.1724000000953]",,11,"[100.55280000019073,113.40320000028609,128.05210000038144,170.3862000002861,260.64270000028614,310.9191000003815,331.50350000000003,416.737,428.1205,467.387,611.6603000001908]","[100.55290000009535,113.40320000028609,128.05210000038144,170.38640000009536,260.64270000028614,310.9191000003815,331.5036000003815,416.7371000003815,428.1206000003815,467.3871000003815,611.6603000001908]",19,"[81.70260000038147,161.9582000002861,197.70240000009537,222.99240000009536,250.0865,279.65900000000005,292.7855,344.5696000003815,360.9198000001908,370.3865,389.90310000038147,442.7035,486.75330000019073,505.7083000001907,573.9034999999999,599.6702000002861,638.5429999999999,648.9784999999999,666.3601000003814]","[81.7027000002861,161.9582000002861,197.7025,222.9925,250.0865,279.65900000000005,292.7855,344.5696000003815,360.9198000001908,370.3866000003815,389.90310000038147,442.70360000038147,486.7534000000954,505.7084000000953,573.9036000003814,599.6702000002861,638.5429999999999,648.9786000003814,666.3601000003814]","[""legit_button""]",5.04708694,1.565,5.04708694,0.0326,2.180349254,1.0154,,,,,,resources/images/legit10-EDIT.png,legit,1,0.65,0,0,,,,,,,,,,,,0,5,5,18,1,,,,,,,,,,,,,,,,,,,,,,,,,,,,,,,,,,,,,,,,,,,,,,,,,,,,,,,,,,,,,,,,,,,,,,,
,,,,,,,,,,,001,2025-05-08_19h51.03.497,SLSIC2_O,2022.2.5,Win32,59.88023952,,,,,,,,,,,31,"[79.87119999980926,99.15440000009536,111.90440000009535,126.82119999980925,160.37759999990465,169.15459999990463,196.35429999971387,220.24429999971392,248.87179999971391,259.09450000000004,278.2275,291.8712999997139,309.90400000000005,330.2544000000954,343.62100000000004,359.55529999971395,369.2216999998093,388.02109999990466,415.6885999999047,427.0049000000954,441.6046999998093,464.7219000000954,485.6880999999047,504.76059999990457,570.6886999998093,598.6720999999046,610.7450999999046,637.6616999998092,647.8774999999999,665.1722999997139,674.2046999998092]","[79.87119999980926,99.1545,111.90440000009535,126.82119999980925,160.37759999990465,169.15469999980928,196.35440000009538,220.24440000009537,248.87179999971391,259.09450000000004,278.22759999990467,291.87140000009543,309.90400000000005,330.2544000000954,343.6210999999047,359.5554000000954,369.22179999971394,388.0211999998093,415.68869999980933,427.0049000000954,441.6046999998093,464.72200000000004,485.6881999998093,504.76059999990457,570.6886999998093,598.6720999999046,610.7450999999046,637.6616999998092,647.8775999999046,665.1724000000953,674.2046999998092]",,12,"[100.55280000019073,113.40320000028609,128.05210000038144,170.3862000002861,260.64270000028614,310.9191000003815,331.50350000000003,416.737,428.1205,467.387,611.6603000001908,675.4871000003815]","[100.55290000009535,113.40320000028609,128.05210000038144,170.38640000009536,260.64270000028614,310.9191000003815,331.5036000003815,416.7371000003815,428.1206000003815,467.3871000003815,611.6603000001908,675.4872000002861]",19,"[81.70260000038147,161.9582000002861,197.70240000009537,222.99240000009536,250.0865,279.65900000000005,292.7855,344.5696000003815,360.9198000001908,370.3865,389.90310000038147,442.7035,486.75330000019073,505.7083000001907,573.9034999999999,599.6702000002861,638.5429999999999,648.9784999999999,666.3601000003814]","[81.7027000002861,161.9582000002861,197.7025,222.9925,250.0865,279.65900000000005,292.7855,344.5696000003815,360.9198000001908,370.3866000003815,389.90310000038147,442.70360000038147,486.7534000000954,505.7084000000953,573.9036000003814,599.6702000002861,638.5429999999999,648.9786000003814,666.3601000003814]","[""scam_button""]",7.960062451,1.6456,3.650709234,0.7238,2.725955223,1.223,,,,,,resources/images/scam13.png,scam,1,0.65,0,0,,,,,,,,,,,,0,6,6,16,1,,,,,,,,,,,,,,,,,,,,,,,,,,,,,,,,,,,,,,,,,,,,,,,,,,,,,,,,,,,,,,,,,,,,,,,
,,,,,,,,,,,001,2025-05-08_19h51.03.497,SLSIC2_O,2022.2.5,Win32,59.88023952,,,,,,,,,,,32,"[79.87119999980926,99.15440000009536,111.90440000009535,126.82119999980925,160.37759999990465,169.15459999990463,196.35429999971387,220.24429999971392,248.87179999971391,259.09450000000004,278.2275,291.8712999997139,309.90400000000005,330.2544000000954,343.62100000000004,359.55529999971395,369.2216999998093,388.02109999990466,415.6885999999047,427.0049000000954,441.6046999998093,464.7219000000954,485.6880999999047,504.76059999990457,570.6886999998093,598.6720999999046,610.7450999999046,637.6616999998092,647.8774999999999,665.1722999997139,674.2046999998092,692.8889000000953]","[79.87119999980926,99.1545,111.90440000009535,126.82119999980925,160.37759999990465,169.15469999980928,196.35440000009538,220.24440000009537,248.87179999971391,259.09450000000004,278.22759999990467,291.87140000009543,309.90400000000005,330.2544000000954,343.6210999999047,359.5554000000954,369.22179999971394,388.0211999998093,415.68869999980933,427.0049000000954,441.6046999998093,464.72200000000004,485.6881999998093,504.76059999990457,570.6886999998093,598.6720999999046,610.7450999999046,637.6616999998092,647.8775999999046,665.1724000000953,674.2046999998092,692.889]",,12,"[100.55280000019073,113.40320000028609,128.05210000038144,170.3862000002861,260.64270000028614,310.9191000003815,331.50350000000003,416.737,428.1205,467.387,611.6603000001908,675.4871000003815]","[100.55290000009535,113.40320000028609,128.05210000038144,170.38640000009536,260.64270000028614,310.9191000003815,331.5036000003815,416.7371000003815,428.1206000003815,467.3871000003815,611.6603000001908,675.4872000002861]",20,"[81.70260000038147,161.9582000002861,197.70240000009537,222.99240000009536,250.0865,279.65900000000005,292.7855,344.5696000003815,360.9198000001908,370.3865,389.90310000038147,442.7035,486.75330000019073,505.7083000001907,573.9034999999999,599.6702000002861,638.5429999999999,648.9784999999999,666.3601000003814,694.0204999999999]","[81.7027000002861,161.9582000002861,197.7025,222.9925,250.0865,279.65900000000005,292.7855,344.5696000003815,360.9198000001908,370.3866000003815,389.90310000038147,442.70360000038147,486.7534000000954,505.7084000000953,573.9036000003814,599.6702000002861,638.5429999999999,648.9786000003814,666.3601000003814,694.0206000003814]","[""legit_button""]",4.963859229,2.0914,3.058866692,1.4573,1.126130019,11.2071,,,,,,resources/images/scam14-EDIT.png,scam,1,0.65,0,0,,,,,,,,,,,,0,7,7,23,1,,,,,,,,,,,,,,,,,,,,,,,,,,,,,,,,,,,,,,,,,,,,,,,,,,,,,,,,,,,,,,,,,,,,,,,
,,,,,,,,,,,001,2025-05-08_19h51.03.497,SLSIC2_O,2022.2.5,Win32,59.88023952,,,,,,,,,,,33,"[79.87119999980926,99.15440000009536,111.90440000009535,126.82119999980925,160.37759999990465,169.15459999990463,196.35429999971387,220.24429999971392,248.87179999971391,259.09450000000004,278.2275,291.8712999997139,309.90400000000005,330.2544000000954,343.62100000000004,359.55529999971395,369.2216999998093,388.02109999990466,415.6885999999047,427.0049000000954,441.6046999998093,464.7219000000954,485.6880999999047,504.76059999990457,570.6886999998093,598.6720999999046,610.7450999999046,637.6616999998092,647.8774999999999,665.1722999997139,674.2046999998092,692.8889000000953,719.7226999998093]","[79.87119999980926,99.1545,111.90440000009535,126.82119999980925,160.37759999990465,169.15469999980928,196.35440000009538,220.24440000009537,248.87179999971391,259.09450000000004,278.22759999990467,291.87140000009543,309.90400000000005,330.2544000000954,343.6210999999047,359.5554000000954,369.22179999971394,388.0211999998093,415.68869999980933,427.0049000000954,441.6046999998093,464.72200000000004,485.6881999998093,504.76059999990457,570.6886999998093,598.6720999999046,610.7450999999046,637.6616999998092,647.8775999999046,665.1724000000953,674.2046999998092,692.889,719.7227999997139]",,12,"[100.55280000019073,113.40320000028609,128.05210000038144,170.3862000002861,260.64270000028614,310.9191000003815,331.50350000000003,416.737,428.1205,467.387,611.6603000001908,675.4871000003815]","[100.55290000009535,113.40320000028609,128.05210000038144,170.38640000009536,260.64270000028614,310.9191000003815,331.5036000003815,416.7371000003815,428.1206000003815,467.3871000003815,611.6603000001908,675.4872000002861]",21,"[81.70260000038147,161.9582000002861,197.70240000009537,222.99240000009536,250.0865,279.65900000000005,292.7855,344.5696000003815,360.9198000001908,370.3865,389.90310000038147,442.7035,486.75330000019073,505.7083000001907,573.9034999999999,599.6702000002861,638.5429999999999,648.9784999999999,666.3601000003814,694.0204999999999,721.1099999999999]","[81.7027000002861,161.9582000002861,197.7025,222.9925,250.0865,279.65900000000005,292.7855,344.5696000003815,360.9198000001908,370.3866000003815,389.90310000038147,442.70360000038147,486.7534000000954,505.7084000000953,573.9036000003814,599.6702000002861,638.5429999999999,648.9786000003814,666.3601000003814,694.0206000003814,721.1099999999999]","[""legit_button""]",7.562417901,1.7985,3.438014734,2.0985,0.830208748,0.5479,,,,,,resources/images/legit3.jpg,legit,1,0.73,0,0,,,,,,,,,,,,0,8,8,5,1,,,,,,,,,,,,,,,,,,,,,,,,,,,,,,,,,,,,,,,,,,,,,,,,,,,,,,,,,,,,,,,,,,,,,,,
,,,,,,,,,,,001,2025-05-08_19h51.03.497,SLSIC2_O,2022.2.5,Win32,59.88023952,,,,,,,,,,,34,"[79.87119999980926,99.15440000009536,111.90440000009535,126.82119999980925,160.37759999990465,169.15459999990463,196.35429999971387,220.24429999971392,248.87179999971391,259.09450000000004,278.2275,291.8712999997139,309.90400000000005,330.2544000000954,343.62100000000004,359.55529999971395,369.2216999998093,388.02109999990466,415.6885999999047,427.0049000000954,441.6046999998093,464.7219000000954,485.6880999999047,504.76059999990457,570.6886999998093,598.6720999999046,610.7450999999046,637.6616999998092,647.8774999999999,665.1722999997139,674.2046999998092,692.8889000000953,719.7226999998093,732.5115]","[79.87119999980926,99.1545,111.90440000009535,126.82119999980925,160.37759999990465,169.15469999980928,196.35440000009538,220.24440000009537,248.87179999971391,259.09450000000004,278.22759999990467,291.87140000009543,309.90400000000005,330.2544000000954,343.6210999999047,359.5554000000954,369.22179999971394,388.0211999998093,415.68869999980933,427.0049000000954,441.6046999998093,464.72200000000004,485.6881999998093,504.76059999990457,570.6886999998093,598.6720999999046,610.7450999999046,637.6616999998092,647.8775999999046,665.1724000000953,674.2046999998092,692.889,719.7227999997139,732.5115999999047]",,12,"[100.55280000019073,113.40320000028609,128.05210000038144,170.3862000002861,260.64270000028614,310.9191000003815,331.50350000000003,416.737,428.1205,467.387,611.6603000001908,675.4871000003815]","[100.55290000009535,113.40320000028609,128.05210000038144,170.38640000009536,260.64270000028614,310.9191000003815,331.5036000003815,416.7371000003815,428.1206000003815,467.3871000003815,611.6603000001908,675.4872000002861]",22,"[81.70260000038147,161.9582000002861,197.70240000009537,222.99240000009536,250.0865,279.65900000000005,292.7855,344.5696000003815,360.9198000001908,370.3865,389.90310000038147,442.7035,486.75330000019073,505.7083000001907,573.9034999999999,599.6702000002861,638.5429999999999,648.9784999999999,666.3601000003814,694.0204999999999,721.1099999999999,736.2598000001908]","[81.7027000002861,161.9582000002861,197.7025,222.9925,250.0865,279.65900000000005,292.7855,344.5696000003815,360.9198000001908,370.3866000003815,389.90310000038147,442.70360000038147,486.7534000000954,505.7084000000953,573.9036000003814,599.6702000002861,638.5429999999999,648.9786000003814,666.3601000003814,694.0206000003814,721.1099999999999,736.2598000001908]","[""legit_button""]",6.360237561,1.1824,3.003380299,0.7982,1.079892193,0.6814,,,,,,resources/images/legit9-EDIT.png,legit,1,0.65,0,0,,,,,,,,,,,,0,9,9,8,1,,,,,,,,,,,,,,,,,,,,,,,,,,,,,,,,,,,,,,,,,,,,,,,,,,,,,,,,,,,,,,,,,,,,,,,
,,,,,,,,,,,001,2025-05-08_19h51.03.497,SLSIC2_O,2022.2.5,Win32,59.88023952,,,,,,,,,,,35,"[79.87119999980926,99.15440000009536,111.90440000009535,126.82119999980925,160.37759999990465,169.15459999990463,196.35429999971387,220.24429999971392,248.87179999971391,259.09450000000004,278.2275,291.8712999997139,309.90400000000005,330.2544000000954,343.62100000000004,359.55529999971395,369.2216999998093,388.02109999990466,415.6885999999047,427.0049000000954,441.6046999998093,464.7219000000954,485.6880999999047,504.76059999990457,570.6886999998093,598.6720999999046,610.7450999999046,637.6616999998092,647.8774999999999,665.1722999997139,674.2046999998092,692.8889000000953,719.7226999998093,732.5115,750.8451999998092]","[79.87119999980926,99.1545,111.90440000009535,126.82119999980925,160.37759999990465,169.15469999980928,196.35440000009538,220.24440000009537,248.87179999971391,259.09450000000004,278.22759999990467,291.87140000009543,309.90400000000005,330.2544000000954,343.6210999999047,359.5554000000954,369.22179999971394,388.0211999998093,415.68869999980933,427.0049000000954,441.6046999998093,464.72200000000004,485.6881999998093,504.76059999990457,570.6886999998093,598.6720999999046,610.7450999999046,637.6616999998092,647.8775999999046,665.1724000000953,674.2046999998092,692.889,719.7227999997139,732.5115999999047,750.8452999997139]",,12,"[100.55280000019073,113.40320000028609,128.05210000038144,170.3862000002861,260.64270000028614,310.9191000003815,331.50350000000003,416.737,428.1205,467.387,611.6603000001908,675.4871000003815]","[100.55290000009535,113.40320000028609,128.05210000038144,170.38640000009536,260.64270000028614,310.9191000003815,331.5036000003815,416.7371000003815,428.1206000003815,467.3871000003815,611.6603000001908,675.4872000002861]",23,"[81.70260000038147,161.9582000002861,197.70240000009537,222.99240000009536,250.0865,279.65900000000005,292.7855,344.5696000003815,360.9198000001908,370.3865,389.90310000038147,442.7035,486.75330000019073,505.7083000001907,573.9034999999999,599.6702000002861,638.5429999999999,648.9784999999999,666.3601000003814,694.0204999999999,721.1099999999999,736.2598000001908,751.6433000001907]","[81.7027000002861,161.9582000002861,197.7025,222.9925,250.0865,279.65900000000005,292.7855,344.5696000003815,360.9198000001908,370.3866000003815,389.90310000038147,442.70360000038147,486.7534000000954,505.7084000000953,573.9036000003814,599.6702000002861,638.5429999999999,648.9786000003814,666.3601000003814,694.0206000003814,721.1099999999999,736.2598000001908,751.6433000001907]","[""legit_button""]",6.018078777,1.149,3.058866692,0.9484,3.058866692,0.0321,,,,,,resources/images/legit4-EDIT.png,legit,0.65,0.65,0,0,,,,,,,,,,,,0,10,10,11,1,,,,,,,,,,,,,,,,,,,,,,,,,,,,,,,,,,,,,,,,,,,,,,,,,,,,,,,,,,,,,,,,,,,,,,,
,,,,,,,,,,,001,2025-05-08_19h51.03.497,SLSIC2_O,2022.2.5,Win32,59.88023952,,,,,,,,,,,36,"[79.87119999980926,99.15440000009536,111.90440000009535,126.82119999980925,160.37759999990465,169.15459999990463,196.35429999971387,220.24429999971392,248.87179999971391,259.09450000000004,278.2275,291.8712999997139,309.90400000000005,330.2544000000954,343.62100000000004,359.55529999971395,369.2216999998093,388.02109999990466,415.6885999999047,427.0049000000954,441.6046999998093,464.7219000000954,485.6880999999047,504.76059999990457,570.6886999998093,598.6720999999046,610.7450999999046,637.6616999998092,647.8774999999999,665.1722999997139,674.2046999998092,692.8889000000953,719.7226999998093,732.5115,750.8451999998092,763.1785]","[79.87119999980926,99.1545,111.90440000009535,126.82119999980925,160.37759999990465,169.15469999980928,196.35440000009538,220.24440000009537,248.87179999971391,259.09450000000004,278.22759999990467,291.87140000009543,309.90400000000005,330.2544000000954,343.6210999999047,359.5554000000954,369.22179999971394,388.0211999998093,415.68869999980933,427.0049000000954,441.6046999998093,464.72200000000004,485.6881999998093,504.76059999990457,570.6886999998093,598.6720999999046,610.7450999999046,637.6616999998092,647.8775999999046,665.1724000000953,674.2046999998092,692.889,719.7227999997139,732.5115999999047,750.8452999997139,763.1785]",,12,"[100.55280000019073,113.40320000028609,128.05210000038144,170.3862000002861,260.64270000028614,310.9191000003815,331.50350000000003,416.737,428.1205,467.387,611.6603000001908,675.4871000003815]","[100.55290000009535,113.40320000028609,128.05210000038144,170.38640000009536,260.64270000028614,310.9191000003815,331.5036000003815,416.7371000003815,428.1206000003815,467.3871000003815,611.6603000001908,675.4872000002861]",24,"[81.70260000038147,161.9582000002861,197.70240000009537,222.99240000009536,250.0865,279.65900000000005,292.7855,344.5696000003815,360.9198000001908,370.3865,389.90310000038147,442.7035,486.75330000019073,505.7083000001907,573.9034999999999,599.6702000002861,638.5429999999999,648.9784999999999,666.3601000003814,694.0204999999999,721.1099999999999,736.2598000001908,751.6433000001907,764.3419000000954]","[81.7027000002861,161.9582000002861,197.7025,222.9925,250.0865,279.65900000000005,292.7855,344.5696000003815,360.9198000001908,370.3866000003815,389.90310000038147,442.70360000038147,486.7534000000954,505.7084000000953,573.9036000003814,599.6702000002861,638.5429999999999,648.9786000003814,666.3601000003814,694.0206000003814,721.1099999999999,736.2598000001908,751.6433000001907,764.3419999999999]","[""legit_button""]",7.960062451,0.9987,2.62423163,1.0154,2.62423163,0.0312,,,,,,resources/images/scam5.jpg,scam,0.7,0.65,0,0,,,,,,,,,,,,0,11,11,7,1,,,,,,,,,,,,,,,,,,,,,,,,,,,,,,,,,,,,,,,,,,,,,,,,,,,,,,,,,,,,,,,,,,,,,,,
,,,,,,,,,,,001,2025-05-08_19h51.03.497,SLSIC2_O,2022.2.5,Win32,59.88023952,,,,,,,,,,,37,"[79.87119999980926,99.15440000009536,111.90440000009535,126.82119999980925,160.37759999990465,169.15459999990463,196.35429999971387,220.24429999971392,248.87179999971391,259.09450000000004,278.2275,291.8712999997139,309.90400000000005,330.2544000000954,343.62100000000004,359.55529999971395,369.2216999998093,388.02109999990466,415.6885999999047,427.0049000000954,441.6046999998093,464.7219000000954,485.6880999999047,504.76059999990457,570.6886999998093,598.6720999999046,610.7450999999046,637.6616999998092,647.8774999999999,665.1722999997139,674.2046999998092,692.8889000000953,719.7226999998093,732.5115,750.8451999998092,763.1785,782.078]","[79.87119999980926,99.1545,111.90440000009535,126.82119999980925,160.37759999990465,169.15469999980928,196.35440000009538,220.24440000009537,248.87179999971391,259.09450000000004,278.22759999990467,291.87140000009543,309.90400000000005,330.2544000000954,343.6210999999047,359.5554000000954,369.22179999971394,388.0211999998093,415.68869999980933,427.0049000000954,441.6046999998093,464.72200000000004,485.6881999998093,504.76059999990457,570.6886999998093,598.6720999999046,610.7450999999046,637.6616999998092,647.8775999999046,665.1724000000953,674.2046999998092,692.889,719.7227999997139,732.5115999999047,750.8452999997139,763.1785,782.0780999999046]",,12,"[100.55280000019073,113.40320000028609,128.05210000038144,170.3862000002861,260.64270000028614,310.9191000003815,331.50350000000003,416.737,428.1205,467.387,611.6603000001908,675.4871000003815]","[100.55290000009535,113.40320000028609,128.05210000038144,170.38640000009536,260.64270000028614,310.9191000003815,331.5036000003815,416.7371000003815,428.1206000003815,467.3871000003815,611.6603000001908,675.4872000002861]",25,"[81.70260000038147,161.9582000002861,197.70240000009537,222.99240000009536,250.0865,279.65900000000005,292.7855,344.5696000003815,360.9198000001908,370.3865,389.90310000038147,442.7035,486.75330000019073,505.7083000001907,573.9034999999999,599.6702000002861,638.5429999999999,648.9784999999999,666.3601000003814,694.0204999999999,721.1099999999999,736.2598000001908,751.6433000001907,764.3419000000954,785.5596000003814]","[81.7027000002861,161.9582000002861,197.7025,222.9925,250.0865,279.65900000000005,292.7855,344.5696000003815,360.9198000001908,370.3866000003815,389.90310000038147,442.70360000038147,486.7534000000954,505.7084000000953,573.9036000003814,599.6702000002861,638.5429999999999,648.9786000003814,666.3601000003814,694.0206000003814,721.1099999999999,736.2598000001908,751.6433000001907,764.3419999999999,785.5596000003814]","[""legit_button""]",5.204295046,1.5487,1.921418181,1.6324,1.144624961,0.6647,,,,,,resources/images/legit6.png,legit,0.65,0.65,0,0,,,,,,,,,,,,0,12,12,13,1,,,,,,,,,,,,,,,,,,,,,,,,,,,,,,,,,,,,,,,,,,,,,,,,,,,,,,,,,,,,,,,,,,,,,,,
,,,,,,,,,,,001,2025-05-08_19h51.03.497,SLSIC2_O,2022.2.5,Win32,59.88023952,,,,,,,,,,,38,"[79.87119999980926,99.15440000009536,111.90440000009535,126.82119999980925,160.37759999990465,169.15459999990463,196.35429999971387,220.24429999971392,248.87179999971391,259.09450000000004,278.2275,291.8712999997139,309.90400000000005,330.2544000000954,343.62100000000004,359.55529999971395,369.2216999998093,388.02109999990466,415.6885999999047,427.0049000000954,441.6046999998093,464.7219000000954,485.6880999999047,504.76059999990457,570.6886999998093,598.6720999999046,610.7450999999046,637.6616999998092,647.8774999999999,665.1722999997139,674.2046999998092,692.8889000000953,719.7226999998093,732.5115,750.8451999998092,763.1785,782.078,800.6620999999046]","[79.87119999980926,99.1545,111.90440000009535,126.82119999980925,160.37759999990465,169.15469999980928,196.35440000009538,220.24440000009537,248.87179999971391,259.09450000000004,278.22759999990467,291.87140000009543,309.90400000000005,330.2544000000954,343.6210999999047,359.5554000000954,369.22179999971394,388.0211999998093,415.68869999980933,427.0049000000954,441.6046999998093,464.72200000000004,485.6881999998093,504.76059999990457,570.6886999998093,598.6720999999046,610.7450999999046,637.6616999998092,647.8775999999046,665.1724000000953,674.2046999998092,692.889,719.7227999997139,732.5115999999047,750.8452999997139,763.1785,782.0780999999046,800.6620999999046]",,12,"[100.55280000019073,113.40320000028609,128.05210000038144,170.3862000002861,260.64270000028614,310.9191000003815,331.50350000000003,416.737,428.1205,467.387,611.6603000001908,675.4871000003815]","[100.55290000009535,113.40320000028609,128.05210000038144,170.38640000009536,260.64270000028614,310.9191000003815,331.5036000003815,416.7371000003815,428.1206000003815,467.3871000003815,611.6603000001908,675.4872000002861]",26,"[81.70260000038147,161.9582000002861,197.70240000009537,222.99240000009536,250.0865,279.65900000000005,292.7855,344.5696000003815,360.9198000001908,370.3865,389.90310000038147,442.7035,486.75330000019073,505.7083000001907,573.9034999999999,599.6702000002861,638.5429999999999,648.9784999999999,666.3601000003814,694.0204999999999,721.1099999999999,736.2598000001908,751.6433000001907,764.3419000000954,785.5596000003814,802.810700000286]","[81.7027000002861,161.9582000002861,197.7025,222.9925,250.0865,279.65900000000005,292.7855,344.5696000003815,360.9198000001908,370.3866000003815,389.90310000038147,442.70360000038147,486.7534000000954,505.7084000000953,573.9036000003814,599.6702000002861,638.5429999999999,648.9786000003814,666.3601000003814,694.0206000003814,721.1099999999999,736.2598000001908,751.6433000001907,764.3419999999999,785.5596000003814,802.810700000286]","[""legit_button""]",5.037839625,2.9317,5.037839625,0.0325,2.106369484,0.9482,,,,,,resources/images/legit1.png,legit,1,0.72,0,0,,,,,,,,,,,,0,13,13,3,1,,,,,,,,,,,,,,,,,,,,,,,,,,,,,,,,,,,,,,,,,,,,,,,,,,,,,,,,,,,,,,,,,,,,,,,
,,,,,,,,,,,001,2025-05-08_19h51.03.497,SLSIC2_O,2022.2.5,Win32,59.88023952,,,,,,,,,,,39,"[79.87119999980926,99.15440000009536,111.90440000009535,126.82119999980925,160.37759999990465,169.15459999990463,196.35429999971387,220.24429999971392,248.87179999971391,259.09450000000004,278.2275,291.8712999997139,309.90400000000005,330.2544000000954,343.62100000000004,359.55529999971395,369.2216999998093,388.02109999990466,415.6885999999047,427.0049000000954,441.6046999998093,464.7219000000954,485.6880999999047,504.76059999990457,570.6886999998093,598.6720999999046,610.7450999999046,637.6616999998092,647.8774999999999,665.1722999997139,674.2046999998092,692.8889000000953,719.7226999998093,732.5115,750.8451999998092,763.1785,782.078,800.6620999999046,816.122]","[79.87119999980926,99.1545,111.90440000009535,126.82119999980925,160.37759999990465,169.15469999980928,196.35440000009538,220.24440000009537,248.87179999971391,259.09450000000004,278.22759999990467,291.87140000009543,309.90400000000005,330.2544000000954,343.6210999999047,359.5554000000954,369.22179999971394,388.0211999998093,415.68869999980933,427.0049000000954,441.6046999998093,464.72200000000004,485.6881999998093,504.76059999990457,570.6886999998093,598.6720999999046,610.7450999999046,637.6616999998092,647.8775999999046,665.1724000000953,674.2046999998092,692.889,719.7227999997139,732.5115999999047,750.8452999997139,763.1785,782.0780999999046,800.6620999999046,816.122]",,13,"[100.55280000019073,113.40320000028609,128.05210000038144,170.3862000002861,260.64270000028614,310.9191000003815,331.50350000000003,416.737,428.1205,467.387,611.6603000001908,675.4871000003815,817.0376000003815]","[100.55290000009535,113.40320000028609,128.05210000038144,170.38640000009536,260.64270000028614,310.9191000003815,331.5036000003815,416.7371000003815,428.1206000003815,467.3871000003815,611.6603000001908,675.4872000002861,817.0376000003815]",26,"[81.70260000038147,161.9582000002861,197.70240000009537,222.99240000009536,250.0865,279.65900000000005,292.7855,344.5696000003815,360.9198000001908,370.3865,389.90310000038147,442.7035,486.75330000019073,505.7083000001907,573.9034999999999,599.6702000002861,638.5429999999999,648.9784999999999,666.3601000003814,694.0204999999999,721.1099999999999,736.2598000001908,751.6433000001907,764.3419000000954,785.5596000003814,802.810700000286]","[81.7027000002861,161.9582000002861,197.7025,222.9925,250.0865,279.65900000000005,292.7855,344.5696000003815,360.9198000001908,370.3866000003815,389.90310000038147,442.70360000038147,486.7534000000954,505.7084000000953,573.9036000003814,599.6702000002861,638.5429999999999,648.9786000003814,666.3601000003814,694.0206000003814,721.1099999999999,736.2598000001908,751.6433000001907,764.3419999999999,785.5596000003814,802.810700000286]","[""scam_button""]",5.583444341,1.3591,2.383795186,0.8289,0.737733096,0.591,,,,,,resources/images/scam_11.png,scam,1,0.65,0,0,,,,,,,,,,,,0,14,14,19,1,,,,,,,,,,,,,,,,,,,,,,,,,,,,,,,,,,,,,,,,,,,,,,,,,,,,,,,,,,,,,,,,,,,,,,,
,,,,,,,,,,,001,2025-05-08_19h51.03.497,SLSIC2_O,2022.2.5,Win32,59.88023952,,,,,,,,,,,40,"[79.87119999980926,99.15440000009536,111.90440000009535,126.82119999980925,160.37759999990465,169.15459999990463,196.35429999971387,220.24429999971392,248.87179999971391,259.09450000000004,278.2275,291.8712999997139,309.90400000000005,330.2544000000954,343.62100000000004,359.55529999971395,369.2216999998093,388.02109999990466,415.6885999999047,427.0049000000954,441.6046999998093,464.7219000000954,485.6880999999047,504.76059999990457,570.6886999998093,598.6720999999046,610.7450999999046,637.6616999998092,647.8774999999999,665.1722999997139,674.2046999998092,692.8889000000953,719.7226999998093,732.5115,750.8451999998092,763.1785,782.078,800.6620999999046,816.122,835.9884999999999]","[79.87119999980926,99.1545,111.90440000009535,126.82119999980925,160.37759999990465,169.15469999980928,196.35440000009538,220.24440000009537,248.87179999971391,259.09450000000004,278.22759999990467,291.87140000009543,309.90400000000005,330.2544000000954,343.6210999999047,359.5554000000954,369.22179999971394,388.0211999998093,415.68869999980933,427.0049000000954,441.6046999998093,464.72200000000004,485.6881999998093,504.76059999990457,570.6886999998093,598.6720999999046,610.7450999999046,637.6616999998092,647.8775999999046,665.1724000000953,674.2046999998092,692.889,719.7227999997139,732.5115999999047,750.8452999997139,763.1785,782.0780999999046,800.6620999999046,816.122,835.9885999999046]",,13,"[100.55280000019073,113.40320000028609,128.05210000038144,170.3862000002861,260.64270000028614,310.9191000003815,331.50350000000003,416.737,428.1205,467.387,611.6603000001908,675.4871000003815,817.0376000003815]","[100.55290000009535,113.40320000028609,128.05210000038144,170.38640000009536,260.64270000028614,310.9191000003815,331.5036000003815,416.7371000003815,428.1206000003815,467.3871000003815,611.6603000001908,675.4872000002861,817.0376000003815]",27,"[81.70260000038147,161.9582000002861,197.70240000009537,222.99240000009536,250.0865,279.65900000000005,292.7855,344.5696000003815,360.9198000001908,370.3865,389.90310000038147,442.7035,486.75330000019073,505.7083000001907,573.9034999999999,599.6702000002861,638.5429999999999,648.9784999999999,666.3601000003814,694.0204999999999,721.1099999999999,736.2598000001908,751.6433000001907,764.3419000000954,785.5596000003814,802.810700000286,837.1206000003815]","[81.7027000002861,161.9582000002861,197.7025,222.9925,250.0865,279.65900000000005,292.7855,344.5696000003815,360.9198000001908,370.3866000003815,389.90310000038147,442.70360000038147,486.7534000000954,505.7084000000953,573.9036000003814,599.6702000002861,638.5429999999999,648.9786000003814,666.3601000003814,694.0206000003814,721.1099999999999,736.2598000001908,751.6433000001907,764.3419999999999,785.5596000003814,802.810700000286,837.1206000003815]","[""legit_button""]",4.973106543,1.3738,2.226587079,0.7073,1.015159425,0.5293,,,,,,resources/images/scam6.jpg,scam,1,0.65,0,0,,,,,,,,,,,,0,15,15,9,1,,,,,,,,,,,,,,,,,,,,,,,,,,,,,,,,,,,,,,,,,,,,,,,,,,,,,,,,,,,,,,,,,,,,,,,
,,,,,,,,,,,001,2025-05-08_19h51.03.497,SLSIC2_O,2022.2.5,Win32,59.88023952,,,,,,,,,,,41,"[79.87119999980926,99.15440000009536,111.90440000009535,126.82119999980925,160.37759999990465,169.15459999990463,196.35429999971387,220.24429999971392,248.87179999971391,259.09450000000004,278.2275,291.8712999997139,309.90400000000005,330.2544000000954,343.62100000000004,359.55529999971395,369.2216999998093,388.02109999990466,415.6885999999047,427.0049000000954,441.6046999998093,464.7219000000954,485.6880999999047,504.76059999990457,570.6886999998093,598.6720999999046,610.7450999999046,637.6616999998092,647.8774999999999,665.1722999997139,674.2046999998092,692.8889000000953,719.7226999998093,732.5115,750.8451999998092,763.1785,782.078,800.6620999999046,816.122,835.9884999999999,844.8891999998092]","[79.87119999980926,99.1545,111.90440000009535,126.82119999980925,160.37759999990465,169.15469999980928,196.35440000009538,220.24440000009537,248.87179999971391,259.09450000000004,278.22759999990467,291.87140000009543,309.90400000000005,330.2544000000954,343.6210999999047,359.5554000000954,369.22179999971394,388.0211999998093,415.68869999980933,427.0049000000954,441.6046999998093,464.72200000000004,485.6881999998093,504.76059999990457,570.6886999998093,598.6720999999046,610.7450999999046,637.6616999998092,647.8775999999046,665.1724000000953,674.2046999998092,692.889,719.7227999997139,732.5115999999047,750.8452999997139,763.1785,782.0780999999046,800.6620999999046,816.122,835.9885999999046,844.8892999997139]",,14,"[100.55280000019073,113.40320000028609,128.05210000038144,170.3862000002861,260.64270000028614,310.9191000003815,331.50350000000003,416.737,428.1205,467.387,611.6603000001908,675.4871000003815,817.0376000003815,846.1708000001908]","[100.55290000009535,113.40320000028609,128.05210000038144,170.38640000009536,260.64270000028614,310.9191000003815,331.5036000003815,416.7371000003815,428.1206000003815,467.3871000003815,611.6603000001908,675.4872000002861,817.0376000003815,846.1708000001908]",27,"[81.70260000038147,161.9582000002861,197.70240000009537,222.99240000009536,250.0865,279.65900000000005,292.7855,344.5696000003815,360.9198000001908,370.3865,389.90310000038147,442.7035,486.75330000019073,505.7083000001907,573.9034999999999,599.6702000002861,638.5429999999999,648.9784999999999,666.3601000003814,694.0204999999999,721.1099999999999,736.2598000001908,751.6433000001907,764.3419000000954,785.5596000003814,802.810700000286,837.1206000003815]","[81.7027000002861,161.9582000002861,197.7025,222.9925,250.0865,279.65900000000005,292.7855,344.5696000003815,360.9198000001908,370.3866000003815,389.90310000038147,442.70360000038147,486.7534000000954,505.7084000000953,573.9036000003814,599.6702000002861,638.5429999999999,648.9786000003814,666.3601000003814,694.0206000003814,721.1099999999999,736.2598000001908,751.6433000001907,764.3419999999999,785.5596000003814,802.810700000286,837.1206000003815]","[""scam_button""]",8.616638075,1.6394,3.003380299,0.7398,1.403556034,0.5426,,,,,,resources/images/scam7.png,scam,0.65,0.65,0,0,,,,,,,,,,,,0,16,16,10,1,,,,,,,,,,,,,,,,,,,,,,,,,,,,,,,,,,,,,,,,,,,,,,,,,,,,,,,,,,,,,,,,,,,,,,,
,,,,,,,,,,,001,2025-05-08_19h51.03.497,SLSIC2_O,2022.2.5,Win32,59.88023952,,,,,,,,,,,42,"[79.87119999980926,99.15440000009536,111.90440000009535,126.82119999980925,160.37759999990465,169.15459999990463,196.35429999971387,220.24429999971392,248.87179999971391,259.09450000000004,278.2275,291.8712999997139,309.90400000000005,330.2544000000954,343.62100000000004,359.55529999971395,369.2216999998093,388.02109999990466,415.6885999999047,427.0049000000954,441.6046999998093,464.7219000000954,485.6880999999047,504.76059999990457,570.6886999998093,598.6720999999046,610.7450999999046,637.6616999998092,647.8774999999999,665.1722999997139,674.2046999998092,692.8889000000953,719.7226999998093,732.5115,750.8451999998092,763.1785,782.078,800.6620999999046,816.122,835.9884999999999,844.8891999998092,859.5890999999046]","[79.87119999980926,99.1545,111.90440000009535,126.82119999980925,160.37759999990465,169.15469999980928,196.35440000009538,220.24440000009537,248.87179999971391,259.09450000000004,278.22759999990467,291.87140000009543,309.90400000000005,330.2544000000954,343.6210999999047,359.5554000000954,369.22179999971394,388.0211999998093,415.68869999980933,427.0049000000954,441.6046999998093,464.72200000000004,485.6881999998093,504.76059999990457,570.6886999998093,598.6720999999046,610.7450999999046,637.6616999998092,647.8775999999046,665.1724000000953,674.2046999998092,692.889,719.7227999997139,732.5115999999047,750.8452999997139,763.1785,782.0780999999046,800.6620999999046,816.122,835.9885999999046,844.8892999997139,859.5891999998092]",,14,"[100.55280000019073,113.40320000028609,128.05210000038144,170.3862000002861,260.64270000028614,310.9191000003815,331.50350000000003,416.737,428.1205,467.387,611.6603000001908,675.4871000003815,817.0376000003815,846.1708000001908]","[100.55290000009535,113.40320000028609,128.05210000038144,170.38640000009536,260.64270000028614,310.9191000003815,331.5036000003815,416.7371000003815,428.1206000003815,467.3871000003815,611.6603000001908,675.4872000002861,817.0376000003815,846.1708000001908]",28,"[81.70260000038147,161.9582000002861,197.70240000009537,222.99240000009536,250.0865,279.65900000000005,292.7855,344.5696000003815,360.9198000001908,370.3865,389.90310000038147,442.7035,486.75330000019073,505.7083000001907,573.9034999999999,599.6702000002861,638.5429999999999,648.9784999999999,666.3601000003814,694.0204999999999,721.1099999999999,736.2598000001908,751.6433000001907,764.3419000000954,785.5596000003814,802.810700000286,837.1206000003815,860.7201000003815]","[81.7027000002861,161.9582000002861,197.7025,222.9925,250.0865,279.65900000000005,292.7855,344.5696000003815,360.9198000001908,370.3866000003815,389.90310000038147,442.70360000038147,486.7534000000954,505.7084000000953,573.9036000003814,599.6702000002861,638.5429999999999,648.9786000003814,666.3601000003814,694.0206000003814,721.1099999999999,736.2598000001908,751.6433000001907,764.3419999999999,785.5596000003814,802.810700000286,837.1206000003815,860.7201000003815]","[""legit_button""]",5.222790302,1.0122,0.959674284,0.7284,1.042901995,0.6906,,,,,,resources/images/legit8.png,legit,0.8,0.72,0,0,,,,,,,,,,,,0,17,17,15,1,,,,,,,,,,,,,,,,,,,,,,,,,,,,,,,,,,,,,,,,,,,,,,,,,,,,,,,,,,,,,,,,,,,,,,,
,,,,,,,,,,,001,2025-05-08_19h51.03.497,SLSIC2_O,2022.2.5,Win32,59.88023952,,,,,,,,,,,43,"[79.87119999980926,99.15440000009536,111.90440000009535,126.82119999980925,160.37759999990465,169.15459999990463,196.35429999971387,220.24429999971392,248.87179999971391,259.09450000000004,278.2275,291.8712999997139,309.90400000000005,330.2544000000954,343.62100000000004,359.55529999971395,369.2216999998093,388.02109999990466,415.6885999999047,427.0049000000954,441.6046999998093,464.7219000000954,485.6880999999047,504.76059999990457,570.6886999998093,598.6720999999046,610.7450999999046,637.6616999998092,647.8774999999999,665.1722999997139,674.2046999998092,692.8889000000953,719.7226999998093,732.5115,750.8451999998092,763.1785,782.078,800.6620999999046,816.122,835.9884999999999,844.8891999998092,859.5890999999046,883.1221999998093]","[79.87119999980926,99.1545,111.90440000009535,126.82119999980925,160.37759999990465,169.15469999980928,196.35440000009538,220.24440000009537,248.87179999971391,259.09450000000004,278.22759999990467,291.87140000009543,309.90400000000005,330.2544000000954,343.6210999999047,359.5554000000954,369.22179999971394,388.0211999998093,415.68869999980933,427.0049000000954,441.6046999998093,464.72200000000004,485.6881999998093,504.76059999990457,570.6886999998093,598.6720999999046,610.7450999999046,637.6616999998092,647.8775999999046,665.1724000000953,674.2046999998092,692.889,719.7227999997139,732.5115999999047,750.8452999997139,763.1785,782.0780999999046,800.6620999999046,816.122,835.9885999999046,844.8892999997139,859.5891999998092,883.1222999997138]",,15,"[100.55280000019073,113.40320000028609,128.05210000038144,170.3862000002861,260.64270000028614,310.9191000003815,331.50350000000003,416.737,428.1205,467.387,611.6603000001908,675.4871000003815,817.0376000003815,846.1708000001908,884.738]","[100.55290000009535,113.40320000028609,128.05210000038144,170.38640000009536,260.64270000028614,310.9191000003815,331.5036000003815,416.7371000003815,428.1206000003815,467.3871000003815,611.6603000001908,675.4872000002861,817.0376000003815,846.1708000001908,884.7381000003815]",28,"[81.70260000038147,161.9582000002861,197.70240000009537,222.99240000009536,250.0865,279.65900000000005,292.7855,344.5696000003815,360.9198000001908,370.3865,389.90310000038147,442.7035,486.75330000019073,505.7083000001907,573.9034999999999,599.6702000002861,638.5429999999999,648.9784999999999,666.3601000003814,694.0204999999999,721.1099999999999,736.2598000001908,751.6433000001907,764.3419000000954,785.5596000003814,802.810700000286,837.1206000003815,860.7201000003815]","[81.7027000002861,161.9582000002861,197.7025,222.9925,250.0865,279.65900000000005,292.7855,344.5696000003815,360.9198000001908,370.3866000003815,389.90310000038147,442.70360000038147,486.7534000000954,505.7084000000953,573.9036000003814,599.6702000002861,638.5429999999999,648.9786000003814,666.3601000003814,694.0206000003814,721.1099999999999,736.2598000001908,751.6433000001907,764.3419999999999,785.5596000003814,802.810700000286,837.1206000003815,860.7201000003815]","[""scam_button""]",5.000849114,1.3246,1.884428296,0.6407,0.63601013,0.5984,,,,,,resources/images/legit14-EDIT.jpg,legit,1,0.65,0,0,,,,,,,,,,,,0,18,18,21,1,,,,,,,,,,,,,,,,,,,,,,,,,,,,,,,,,,,,,,,,,,,,,,,,,,,,,,,,,,,,,,,,,,,,,,,
,,,,,,,,,,,001,2025-05-08_19h51.03.497,SLSIC2_O,2022.2.5,Win32,59.88023952,,,,,,,,,,,44,"[79.87119999980926,99.15440000009536,111.90440000009535,126.82119999980925,160.37759999990465,169.15459999990463,196.35429999971387,220.24429999971392,248.87179999971391,259.09450000000004,278.2275,291.8712999997139,309.90400000000005,330.2544000000954,343.62100000000004,359.55529999971395,369.2216999998093,388.02109999990466,415.6885999999047,427.0049000000954,441.6046999998093,464.7219000000954,485.6880999999047,504.76059999990457,570.6886999998093,598.6720999999046,610.7450999999046,637.6616999998092,647.8774999999999,665.1722999997139,674.2046999998092,692.8889000000953,719.7226999998093,732.5115,750.8451999998092,763.1785,782.078,800.6620999999046,816.122,835.9884999999999,844.8891999998092,859.5890999999046,883.1221999998093,890.9890999999046]","[79.87119999980926,99.1545,111.90440000009535,126.82119999980925,160.37759999990465,169.15469999980928,196.35440000009538,220.24440000009537,248.87179999971391,259.09450000000004,278.22759999990467,291.87140000009543,309.90400000000005,330.2544000000954,343.6210999999047,359.5554000000954,369.22179999971394,388.0211999998093,415.68869999980933,427.0049000000954,441.6046999998093,464.72200000000004,485.6881999998093,504.76059999990457,570.6886999998093,598.6720999999046,610.7450999999046,637.6616999998092,647.8775999999046,665.1724000000953,674.2046999998092,692.889,719.7227999997139,732.5115999999047,750.8452999997139,763.1785,782.0780999999046,800.6620999999046,816.122,835.9885999999046,844.8892999997139,859.5891999998092,883.1222999997138,890.9891999998092]",,16,"[100.55280000019073,113.40320000028609,128.05210000038144,170.3862000002861,260.64270000028614,310.9191000003815,331.50350000000003,416.737,428.1205,467.387,611.6603000001908,675.4871000003815,817.0376000003815,846.1708000001908,884.738,892.3047000002861]","[100.55290000009535,113.40320000028609,128.05210000038144,170.38640000009536,260.64270000028614,310.9191000003815,331.5036000003815,416.7371000003815,428.1206000003815,467.3871000003815,611.6603000001908,675.4872000002861,817.0376000003815,846.1708000001908,884.7381000003815,892.3048000001908]",28,"[81.70260000038147,161.9582000002861,197.70240000009537,222.99240000009536,250.0865,279.65900000000005,292.7855,344.5696000003815,360.9198000001908,370.3865,389.90310000038147,442.7035,486.75330000019073,505.7083000001907,573.9034999999999,599.6702000002861,638.5429999999999,648.9784999999999,666.3601000003814,694.0204999999999,721.1099999999999,736.2598000001908,751.6433000001907,764.3419000000954,785.5596000003814,802.810700000286,837.1206000003815,860.7201000003815]","[81.7027000002861,161.9582000002861,197.7025,222.9925,250.0865,279.65900000000005,292.7855,344.5696000003815,360.9198000001908,370.3866000003815,389.90310000038147,442.70360000038147,486.7534000000954,505.7084000000953,573.9036000003814,599.6702000002861,638.5429999999999,648.9786000003814,666.3601000003814,694.0206000003814,721.1099999999999,736.2598000001908,751.6433000001907,764.3419999999999,785.5596000003814,802.810700000286,837.1206000003815,860.7201000003815]","[""scam_button""]",8.135765187,1.3437,3.687698493,0.7148,1.875180355,0.5604,,,,,,resources/images/scam_2.png,scam,0.9,0.65,0,0,,,,,,,,,,,,0,19,19,1,1,,,,,,,,,,,,,,,,,,,,,,,,,,,,,,,,,,,,,,,,,,,,,,,,,,,,,,,,,,,,,,,,,,,,,,,
,,,,,,,,,,,001,2025-05-08_19h51.03.497,SLSIC2_O,2022.2.5,Win32,59.88023952,,,,,,,,,,,45,"[79.87119999980926,99.15440000009536,111.90440000009535,126.82119999980925,160.37759999990465,169.15459999990463,196.35429999971387,220.24429999971392,248.87179999971391,259.09450000000004,278.2275,291.8712999997139,309.90400000000005,330.2544000000954,343.62100000000004,359.55529999971395,369.2216999998093,388.02109999990466,415.6885999999047,427.0049000000954,441.6046999998093,464.7219000000954,485.6880999999047,504.76059999990457,570.6886999998093,598.6720999999046,610.7450999999046,637.6616999998092,647.8774999999999,665.1722999997139,674.2046999998092,692.8889000000953,719.7226999998093,732.5115,750.8451999998092,763.1785,782.078,800.6620999999046,816.122,835.9884999999999,844.8891999998092,859.5890999999046,883.1221999998093,890.9890999999046,915.6890999999047]","[79.87119999980926,99.1545,111.90440000009535,126.82119999980925,160.37759999990465,169.15469999980928,196.35440000009538,220.24440000009537,248.87179999971391,259.09450000000004,278.22759999990467,291.87140000009543,309.90400000000005,330.2544000000954,343.6210999999047,359.5554000000954,369.22179999971394,388.0211999998093,415.68869999980933,427.0049000000954,441.6046999998093,464.72200000000004,485.6881999998093,504.76059999990457,570.6886999998093,598.6720999999046,610.7450999999046,637.6616999998092,647.8775999999046,665.1724000000953,674.2046999998092,692.889,719.7227999997139,732.5115999999047,750.8452999997139,763.1785,782.0780999999046,800.6620999999046,816.122,835.9885999999046,844.8892999997139,859.5891999998092,883.1222999997138,890.9891999998092,915.6891999998093]",,17,"[100.55280000019073,113.40320000028609,128.05210000038144,170.3862000002861,260.64270000028614,310.9191000003815,331.50350000000003,416.737,428.1205,467.387,611.6603000001908,675.4871000003815,817.0376000003815,846.1708000001908,884.738,892.3047000002861,916.888]","[100.55290000009535,113.40320000028609,128.05210000038144,170.38640000009536,260.64270000028614,310.9191000003815,331.5036000003815,416.7371000003815,428.1206000003815,467.3871000003815,611.6603000001908,675.4872000002861,817.0376000003815,846.1708000001908,884.7381000003815,892.3048000001908,916.888]",28,"[81.70260000038147,161.9582000002861,197.70240000009537,222.99240000009536,250.0865,279.65900000000005,292.7855,344.5696000003815,360.9198000001908,370.3865,389.90310000038147,442.7035,486.75330000019073,505.7083000001907,573.9034999999999,599.6702000002861,638.5429999999999,648.9784999999999,666.3601000003814,694.0204999999999,721.1099999999999,736.2598000001908,751.6433000001907,764.3419000000954,785.5596000003814,802.810700000286,837.1206000003815,860.7201000003815]","[81.7027000002861,161.9582000002861,197.7025,222.9925,250.0865,279.65900000000005,292.7855,344.5696000003815,360.9198000001908,370.3866000003815,389.90310000038147,442.70360000038147,486.7534000000954,505.7084000000953,573.9036000003814,599.6702000002861,638.5429999999999,648.9786000003814,666.3601000003814,694.0206000003814,721.1099999999999,736.2598000001908,751.6433000001907,764.3419999999999,785.5596000003814,802.810700000286,837.1206000003815,860.7201000003815]","[""scam_button""]",5.241286184,0.8895,2.226587079,0.596,2.226587079,0.0397,,,,,,resources/images/scam10.jpg,scam,1,0.65,0,0,,,,,,,,,,,,0,20,20,17,1,,,,,,,,,,,,,,,,,,,,,,,,,,,,,,,,,,,,,,,,,,,,,,,,,,,,,,,,,,,,,,,,,,,,,,,
,,,,,,,,,,,001,2025-05-08_19h51.03.497,SLSIC2_O,2022.2.5,Win32,59.88023952,,,,,,,,,,,46,"[79.87119999980926,99.15440000009536,111.90440000009535,126.82119999980925,160.37759999990465,169.15459999990463,196.35429999971387,220.24429999971392,248.87179999971391,259.09450000000004,278.2275,291.8712999997139,309.90400000000005,330.2544000000954,343.62100000000004,359.55529999971395,369.2216999998093,388.02109999990466,415.6885999999047,427.0049000000954,441.6046999998093,464.7219000000954,485.6880999999047,504.76059999990457,570.6886999998093,598.6720999999046,610.7450999999046,637.6616999998092,647.8774999999999,665.1722999997139,674.2046999998092,692.8889000000953,719.7226999998093,732.5115,750.8451999998092,763.1785,782.078,800.6620999999046,816.122,835.9884999999999,844.8891999998092,859.5890999999046,883.1221999998093,890.9890999999046,915.6890999999047,922.5889999999999]","[79.87119999980926,99.1545,111.90440000009535,126.82119999980925,160.37759999990465,169.15469999980928,196.35440000009538,220.24440000009537,248.87179999971391,259.09450000000004,278.22759999990467,291.87140000009543,309.90400000000005,330.2544000000954,343.6210999999047,359.5554000000954,369.22179999971394,388.0211999998093,415.68869999980933,427.0049000000954,441.6046999998093,464.72200000000004,485.6881999998093,504.76059999990457,570.6886999998093,598.6720999999046,610.7450999999046,637.6616999998092,647.8775999999046,665.1724000000953,674.2046999998092,692.889,719.7227999997139,732.5115999999047,750.8452999997139,763.1785,782.0780999999046,800.6620999999046,816.122,835.9885999999046,844.8892999997139,859.5891999998092,883.1222999997138,890.9891999998092,915.6891999998093,922.5889999999999]",,18,"[100.55280000019073,113.40320000028609,128.05210000038144,170.3862000002861,260.64270000028614,310.9191000003815,331.50350000000003,416.737,428.1205,467.387,611.6603000001908,675.4871000003815,817.0376000003815,846.1708000001908,884.738,892.3047000002861,916.888,923.9546000003814]","[100.55290000009535,113.40320000028609,128.05210000038144,170.38640000009536,260.64270000028614,310.9191000003815,331.5036000003815,416.7371000003815,428.1206000003815,467.3871000003815,611.6603000001908,675.4872000002861,817.0376000003815,846.1708000001908,884.7381000003815,892.3048000001908,916.888,923.9546000003814]",28,"[81.70260000038147,161.9582000002861,197.70240000009537,222.99240000009536,250.0865,279.65900000000005,292.7855,344.5696000003815,360.9198000001908,370.3865,389.90310000038147,442.7035,486.75330000019073,505.7083000001907,573.9034999999999,599.6702000002861,638.5429999999999,648.9784999999999,666.3601000003814,694.0204999999999,721.1099999999999,736.2598000001908,751.6433000001907,764.3419000000954,785.5596000003814,802.810700000286,837.1206000003815,860.7201000003815]","[81.7027000002861,161.9582000002861,197.7025,222.9925,250.0865,279.65900000000005,292.7855,344.5696000003815,360.9198000001908,370.3866000003815,389.90310000038147,442.70360000038147,486.7534000000954,505.7084000000953,573.9036000003814,599.6702000002861,638.5429999999999,648.9786000003814,666.3601000003814,694.0206000003814,721.1099999999999,736.2598000001908,751.6433000001907,764.3419999999999,785.5596000003814,802.810700000286,837.1206000003815,860.7201000003815]","[""scam_button""]",8.986539429,1.1425,3.345539709,1.974,1.338823266,1.4067,,,,,,resources/images/scam3.png,scam,1.2,0.65,0,0,,,,,,,,,,,,0,21,21,2,1,,,,,,,,,,,,,,,,,,,,,,,,,,,,,,,,,,,,,,,,,,,,,,,,,,,,,,,,,,,,,,,,,,,,,,,
,,,,,,,,,,,001,2025-05-08_19h51.03.497,SLSIC2_O,2022.2.5,Win32,59.88023952,,,,,,,,,,,47,"[79.87119999980926,99.15440000009536,111.90440000009535,126.82119999980925,160.37759999990465,169.15459999990463,196.35429999971387,220.24429999971392,248.87179999971391,259.09450000000004,278.2275,291.8712999997139,309.90400000000005,330.2544000000954,343.62100000000004,359.55529999971395,369.2216999998093,388.02109999990466,415.6885999999047,427.0049000000954,441.6046999998093,464.7219000000954,485.6880999999047,504.76059999990457,570.6886999998093,598.6720999999046,610.7450999999046,637.6616999998092,647.8774999999999,665.1722999997139,674.2046999998092,692.8889000000953,719.7226999998093,732.5115,750.8451999998092,763.1785,782.078,800.6620999999046,816.122,835.9884999999999,844.8891999998092,859.5890999999046,883.1221999998093,890.9890999999046,915.6890999999047,922.5889999999999,949.1220999999047]","[79.87119999980926,99.1545,111.90440000009535,126.82119999980925,160.37759999990465,169.15469999980928,196.35440000009538,220.24440000009537,248.87179999971391,259.09450000000004,278.22759999990467,291.87140000009543,309.90400000000005,330.2544000000954,343.6210999999047,359.5554000000954,369.22179999971394,388.0211999998093,415.68869999980933,427.0049000000954,441.6046999998093,464.72200000000004,485.6881999998093,504.76059999990457,570.6886999998093,598.6720999999046,610.7450999999046,637.6616999998092,647.8775999999046,665.1724000000953,674.2046999998092,692.889,719.7227999997139,732.5115999999047,750.8452999997139,763.1785,782.0780999999046,800.6620999999046,816.122,835.9885999999046,844.8892999997139,859.5891999998092,883.1222999997138,890.9891999998092,915.6891999998093,922.5889999999999,949.1221999998093]",,18,"[100.55280000019073,113.40320000028609,128.05210000038144,170.3862000002861,260.64270000028614,310.9191000003815,331.50350000000003,416.737,428.1205,467.387,611.6603000001908,675.4871000003815,817.0376000003815,846.1708000001908,884.738,892.3047000002861,916.888,923.9546000003814]","[100.55290000009535,113.40320000028609,128.05210000038144,170.38640000009536,260.64270000028614,310.9191000003815,331.5036000003815,416.7371000003815,428.1206000003815,467.3871000003815,611.6603000001908,675.4872000002861,817.0376000003815,846.1708000001908,884.7381000003815,892.3048000001908,916.888,923.9546000003814]",29,"[81.70260000038147,161.9582000002861,197.70240000009537,222.99240000009536,250.0865,279.65900000000005,292.7855,344.5696000003815,360.9198000001908,370.3865,389.90310000038147,442.7035,486.75330000019073,505.7083000001907,573.9034999999999,599.6702000002861,638.5429999999999,648.9784999999999,666.3601000003814,694.0204999999999,721.1099999999999,736.2598000001908,751.6433000001907,764.3419000000954,785.5596000003814,802.810700000286,837.1206000003815,860.7201000003815,951.370700000286]","[81.7027000002861,161.9582000002861,197.7025,222.9925,250.0865,279.65900000000005,292.7855,344.5696000003815,360.9198000001908,370.3866000003815,389.90310000038147,442.70360000038147,486.7534000000954,505.7084000000953,573.9036000003814,599.6702000002861,638.5429999999999,648.9786000003814,666.3601000003814,694.0206000003814,721.1099999999999,736.2598000001908,751.6433000001907,764.3419999999999,785.5596000003814,802.810700000286,837.1206000003815,860.7201000003815,951.370700000286]","[""legit_button""]",4.973106543,1.5079,4.973106543,0.024,1.070644565,1.1244,,,,,,resources/images/legit7-EDIT.png,legit,0.65,0.65,0,0,,,,,,,,,,,,0,22,22,14,1,,,,,,,,,,,,,,,,,,,,,,,,,,,,,,,,,,,,,,,,,,,,,,,,,,,,,,,,,,,,,,,,,,,,,,,
,,,,,,,,,,,001,2025-05-08_19h51.03.497,SLSIC2_O,2022.2.5,Win32,59.88023952,,,,,,,,,,,48,"[79.87119999980926,99.15440000009536,111.90440000009535,126.82119999980925,160.37759999990465,169.15459999990463,196.35429999971387,220.24429999971392,248.87179999971391,259.09450000000004,278.2275,291.8712999997139,309.90400000000005,330.2544000000954,343.62100000000004,359.55529999971395,369.2216999998093,388.02109999990466,415.6885999999047,427.0049000000954,441.6046999998093,464.7219000000954,485.6880999999047,504.76059999990457,570.6886999998093,598.6720999999046,610.7450999999046,637.6616999998092,647.8774999999999,665.1722999997139,674.2046999998092,692.8889000000953,719.7226999998093,732.5115,750.8451999998092,763.1785,782.078,800.6620999999046,816.122,835.9884999999999,844.8891999998092,859.5890999999046,883.1221999998093,890.9890999999046,915.6890999999047,922.5889999999999,949.1220999999047,980.1727999997139]","[79.87119999980926,99.1545,111.90440000009535,126.82119999980925,160.37759999990465,169.15469999980928,196.35440000009538,220.24440000009537,248.87179999971391,259.09450000000004,278.22759999990467,291.87140000009543,309.90400000000005,330.2544000000954,343.6210999999047,359.5554000000954,369.22179999971394,388.0211999998093,415.68869999980933,427.0049000000954,441.6046999998093,464.72200000000004,485.6881999998093,504.76059999990457,570.6886999998093,598.6720999999046,610.7450999999046,637.6616999998092,647.8775999999046,665.1724000000953,674.2046999998092,692.889,719.7227999997139,732.5115999999047,750.8452999997139,763.1785,782.0780999999046,800.6620999999046,816.122,835.9885999999046,844.8892999997139,859.5891999998092,883.1222999997138,890.9891999998092,915.6891999998093,922.5889999999999,949.1221999998093,980.1727999997139]",,18,"[100.55280000019073,113.40320000028609,128.05210000038144,170.3862000002861,260.64270000028614,310.9191000003815,331.50350000000003,416.737,428.1205,467.387,611.6603000001908,675.4871000003815,817.0376000003815,846.1708000001908,884.738,892.3047000002861,916.888,923.9546000003814]","[100.55290000009535,113.40320000028609,128.05210000038144,170.38640000009536,260.64270000028614,310.9191000003815,331.5036000003815,416.7371000003815,428.1206000003815,467.3871000003815,611.6603000001908,675.4872000002861,817.0376000003815,846.1708000001908,884.7381000003815,892.3048000001908,916.888,923.9546000003814]",30,"[81.70260000038147,161.9582000002861,197.70240000009537,222.99240000009536,250.0865,279.65900000000005,292.7855,344.5696000003815,360.9198000001908,370.3865,389.90310000038147,442.7035,486.75330000019073,505.7083000001907,573.9034999999999,599.6702000002861,638.5429999999999,648.9784999999999,666.3601000003814,694.0204999999999,721.1099999999999,736.2598000001908,751.6433000001907,764.3419000000954,785.5596000003814,802.810700000286,837.1206000003815,860.7201000003815,951.370700000286,981.6599000000954]","[81.7027000002861,161.9582000002861,197.7025,222.9925,250.0865,279.65900000000005,292.7855,344.5696000003815,360.9198000001908,370.3866000003815,389.90310000038147,442.70360000038147,486.7534000000954,505.7084000000953,573.9036000003814,599.6702000002861,638.5429999999999,648.9786000003814,666.3601000003814,694.0206000003814,721.1099999999999,736.2598000001908,751.6433000001907,764.3419999999999,785.5596000003814,802.810700000286,837.1206000003815,860.7201000003815,951.370700000286,981.6599000000954]","[""legit_button""]",4.695680215,0.9991,1.301833068,0.6987,0.441811825,0.6487,,,,,,resources/images/legit5-EDIT.png,legit,0.65,0.65,0,0,,,,,,,,,,,,0,23,23,12,1,,,,,,,,,,,,,,,,,,,,,,,,,,,,,,,,,,,,,,,,,,,,,,,,,,,,,,,,,,,,,,,,,,,,,,,
,,,,,,,,,,,001,2025-05-08_19h51.03.497,SLSIC2_O,2022.2.5,Win32,59.88023952,,,,,,,,,,,,,,,,,,,,,,,,,,,,,,,,,,,,,,,,,,,,,,,,,,,,,,,space,7.1349,,,,,,,,,,,,,,,,,,,,,,,,,,,,,,,,,,,,,,,,,,,,,,,,,,,,,,,,,,,,,,,,,,,,,
,,,,,,,,,,,001,2025-05-08_19h51.03.497,SLSIC2_O,2022.2.5,Win32,59.88023952,,,,,,,,,,,,,,,,,,,,,,,,,,,,,,,,,,,,,,,,,,,,,,,,,,,,,,,,,5,3.7819,...is talktative,0,0,0,1,1,...is talktative,,,,,,,,,,,,,,,,,,,,,,,,,,,,,,,,,,,,,,,,,,,,,,,,,,,,,,,,,,,,
,,,,,,,,,,,001,2025-05-08_19h51.03.497,SLSIC2_O,2022.2.5,Win32,59.88023952,,,,,,,,,,,,,,,,,,,,,,,,,,,,,,,,,,,,,,,,,,,,,,,,,,,,,,,,,5,4.1037,"....is reliable, can always be counted on",0,1,1,4,1,"....is reliable, can always be counted on",,,,,,,,,,,,,,,,,,,,,,,,,,,,,,,,,,,,,,,,,,,,,,,,,,,,,,,,,,,,
,,,,,,,,,,,001,2025-05-08_19h51.03.497,SLSIC2_O,2022.2.5,Win32,59.88023952,,,,,,,,,,,,,,,,,,,,,,,,,,,,,,,,,,,,,,,,,,,,,,,,,,,,,,,,,4,4.3393,...often feels sad,0,2,2,0,1,...often feels sad,,,,,,,,,,,,,,,,,,,,,,,,,,,,,,,,,,,,,,,,,,,,,,,,,,,,,,,,,,,,
,,,,,,,,,,,001,2025-05-08_19h51.03.497,SLSIC2_O,2022.2.5,Win32,59.88023952,,,,,,,,,,,,,,,,,,,,,,,,,,,,,,,,,,,,,,,,,,,,,,,,,,,,,,,,,5,2.4734,...is inventive,0,3,3,2,1,...is inventive,,,,,,,,,,,,,,,,,,,,,,,,,,,,,,,,,,,,,,,,,,,,,,,,,,,,,,,,,,,,
,,,,,,,,,,,001,2025-05-08_19h51.03.497,SLSIC2_O,2022.2.5,Win32,59.88023952,,,,,,,,,,,,,,,,,,,,,,,,,,,,,,,,,,,,,,,,,,,,,,,,,,,,,,,,,5,2.2549,...finds clever ways to do things,0,4,4,3,1,...finds clever ways to do things,,,,,,,,,,,,,,,,,,,,,,,,,,,,,,,,,,,,,,,,,,,,,,,,,,,,,,,,,,,,
,,,,,,,,,,,001,2025-05-08_19h51.03.497,SLSIC2_O,2022.2.5,Win32,59.88023952,,,,,,,,,,,,,,,,,,,,,,,,,,,,,,,,,,,,,,,,,,,,,,,,,,,,,,,,,5,1.6264,"...is persistent, works until the task is finished",0,5,5,5,1,"...is persistent, works until the task is finished",,,,,,,,,,,,,,,,,,,,,,,,,,,,,,,,,,,,,,,,,,,,,,,,,,,,,,,,,,,,
,,,,,,,,,,,001,2025-05-08_19h51.03.497,SLSIC2_O,2022.2.5,Win32,59.88023952,,,,,,,,,,,,,,,,,,,,,,,,,,,,,,,,,,,,,,,,,,,,,,,,,,,,,,,,,,,,,,,,,,space,9.9521,,,,,,,,,,,,,,,,,,,,,,,,,,,,,,,,,,,,,,,,,,,,,,,,,,,,,,,,,,
,,,,,,,,,,,001,2025-05-08_19h51.03.497,SLSIC2_O,2022.2.5,Win32,59.88023952,,,,,,,,,,,,,,,,,,,,,,,,,,,,,,,,,,,,,,,,,,,,,,,,,,,,,,,,,,,,,,,,,,,,3,8.9388,,0,0,0,8,1,I believe that society should be responsible for providing food and shelter for all homeless people.,,,,,,,,,,,,,,,,,,,,,,,,,,,,,,,,,,,,,,,,,,,,,,,,,
,,,,,,,,,,,001,2025-05-08_19h51.03.497,SLSIC2_O,2022.2.5,Win32,59.88023952,,,,,,,,,,,,,,,,,,,,,,,,,,,,,,,,,,,,,,,,,,,,,,,,,,,,,,,,,,,,,,,,,,,,1,4.5717,,0,1,1,7,1,I think that I will be remembered for a long time after I die.,,,,,,,,,,,,,,,,,,,,,,,,,,,,,,,,,,,,,,,,,,,,,,,,,
,,,,,,,,,,,001,2025-05-08_19h51.03.497,SLSIC2_O,2022.2.5,Win32,59.88023952,,,,,,,,,,,,,,,,,,,,,,,,,,,,,,,,,,,,,,,,,,,,,,,,,,,,,,,,,,,,,,,,,,,,3,4.8704,,0,2,2,16,1,Other people say that I am a very productive person.,,,,,,,,,,,,,,,,,,,,,,,,,,,,,,,,,,,,,,,,,,,,,,,,,
,,,,,,,,,,,001,2025-05-08_19h51.03.497,SLSIC2_O,2022.2.5,Win32,59.88023952,,,,,,,,,,,,,,,,,,,,,,,,,,,,,,,,,,,,,,,,,,,,,,,,,,,,,,,,,,,,,,,,,,,,3,3.837,,0,3,3,9,1,Others would say that I have made unique contributions to society.,,,,,,,,,,,,,,,,,,,,,,,,,,,,,,,,,,,,,,,,,,,,,,,,,
,,,,,,,,,,,001,2025-05-08_19h51.03.497,SLSIC2_O,2022.2.5,Win32,59.88023952,,,,,,,,,,,,,,,,,,,,,,,,,,,,,,,,,,,,,,,,,,,,,,,,,,,,,,,,,,,,,,,,,,,,3,4.6185,,0,4,4,12,1,I feel that things I have done in my life will survive after I die.,,,,,,,,,,,,,,,,,,,,,,,,,,,,,,,,,,,,,,,,,,,,,,,,,
,,,,,,,,,,,001,2025-05-08_19h51.03.497,SLSIC2_O,2022.2.5,Win32,59.88023952,,,,,,,,,,,,,,,,,,,,,,,,,,,,,,,,,,,,,,,,,,,,,,,,,,,,,,,,,,,,,,,,,,,,3,2.6521,,0,5,5,17,1,I have a responsibility to improve the neighborhood in which I live.,,,,,,,,,,,,,,,,,,,,,,,,,,,,,,,,,,,,,,,,,,,,,,,,,
,,,,,,,,,,,001,2025-05-08_19h51.03.497,SLSIC2_O,2022.2.5,Win32,59.88023952,,,,,,,,,,,,,,,,,,,,,,,,,,,,,,,,,,,,,,,,,,,,,,,,,,,,,,,,,,,,,,,,,,,,3,4.2667,,0,6,6,5,1,I have made and created things that have had an impact on other people.,,,,,,,,,,,,,,,,,,,,,,,,,,,,,,,,,,,,,,,,,,,,,,,,,
,,,,,,,,,,,001,2025-05-08_19h51.03.497,SLSIC2_O,2022.2.5,Win32,59.88023952,,,,,,,,,,,,,,,,,,,,,,,,,,,,,,,,,,,,,,,,,,,,,,,,,,,,,,,,,,,,,,,,,,,,3,4.6019,,0,7,7,19,1,I feel as though my contributions will exist after I die.,,,,,,,,,,,,,,,,,,,,,,,,,,,,,,,,,,,,,,,,,,,,,,,,,
,,,,,,,,,,,001,2025-05-08_19h51.03.497,SLSIC2_O,2022.2.5,Win32,59.88023952,,,,,,,,,,,,,,,,,,,,,,,,,,,,,,,,,,,,,,,,,,,,,,,,,,,,,,,,,,,,,,,,,,,,3,2.2848,,0,8,8,14,1,I feel as though I have done a lot to contribute to others.,,,,,,,,,,,,,,,,,,,,,,,,,,,,,,,,,,,,,,,,,,,,,,,,,
,,,,,,,,,,,001,2025-05-08_19h51.03.497,SLSIC2_O,2022.2.5,Win32,59.88023952,,,,,,,,,,,,,,,,,,,,,,,,,,,,,,,,,,,,,,,,,,,,,,,,,,,,,,,,,,,,,,,,,,,,3,2.3011,,0,9,9,6,1,I try to be creative in most things that I do.,,,,,,,,,,,,,,,,,,,,,,,,,,,,,,,,,,,,,,,,,,,,,,,,,
,,,,,,,,,,,001,2025-05-08_19h51.03.497,SLSIC2_O,2022.2.5,Win32,59.88023952,,,,,,,,,,,,,,,,,,,,,,,,,,,,,,,,,,,,,,,,,,,,,,,,,,,,,,,,,,,,,,,,,,,,3,2.506,,0,10,10,13,1,"In general, my actions have a positive effect on other people.",,,,,,,,,,,,,,,,,,,,,,,,,,,,,,,,,,,,,,,,,,,,,,,,,
,,,,,,,,,,,001,2025-05-08_19h51.03.497,SLSIC2_O,2022.2.5,Win32,59.88023952,,,,,,,,,,,,,,,,,,,,,,,,,,,,,,,,,,,,,,,,,,,,,,,,,,,,,,,,,,,,,,,,,,,,1,5.5004,,0,11,11,10,1,"If I were unable to have children of my own, I would like to adopt children.",,,,,,,,,,,,,,,,,,,,,,,,,,,,,,,,,,,,,,,,,,,,,,,,,
,,,,,,,,,,,001,2025-05-08_19h51.03.497,SLSIC2_O,2022.2.5,Win32,59.88023952,,,,,,,,,,,,,,,,,,,,,,,,,,,,,,,,,,,,,,,,,,,,,,,,,,,,,,,,,,,,,,,,,,,,3,3.519,,0,12,12,3,1,I feel as though I have made a difference to many people.,,,,,,,,,,,,,,,,,,,,,,,,,,,,,,,,,,,,,,,,,,,,,,,,,
,,,,,,,,,,,001,2025-05-08_19h51.03.497,SLSIC2_O,2022.2.5,Win32,59.88023952,,,,,,,,,,,,,,,,,,,,,,,,,,,,,,,,,,,,,,,,,,,,,,,,,,,,,,,,,,,,,,,,,,,,3,2.8909,,0,13,13,4,1,I volunteer to work for a charity.,,,,,,,,,,,,,,,,,,,,,,,,,,,,,,,,,,,,,,,,,,,,,,,,,
,,,,,,,,,,,001,2025-05-08_19h51.03.497,SLSIC2_O,2022.2.5,Win32,59.88023952,,,,,,,,,,,,,,,,,,,,,,,,,,,,,,,,,,,,,,,,,,,,,,,,,,,,,,,,,,,,,,,,,,,,2,3.3007,,0,14,14,11,1,I have important skills that I try to teach others.,,,,,,,,,,,,,,,,,,,,,,,,,,,,,,,,,,,,,,,,,,,,,,,,,
,,,,,,,,,,,001,2025-05-08_19h51.03.497,SLSIC2_O,2022.2.5,Win32,59.88023952,,,,,,,,,,,,,,,,,,,,,,,,,,,,,,,,,,,,,,,,,,,,,,,,,,,,,,,,,,,,,,,,,,,,2,3.4382,,0,15,15,2,1,I think I would like the work of a teacher.,,,,,,,,,,,,,,,,,,,,,,,,,,,,,,,,,,,,,,,,,,,,,,,,,
,,,,,,,,,,,001,2025-05-08_19h51.03.497,SLSIC2_O,2022.2.5,Win32,59.88023952,,,,,,,,,,,,,,,,,,,,,,,,,,,,,,,,,,,,,,,,,,,,,,,,,,,,,,,,,,,,,,,,,,,,2,1.5081,,0,16,16,18,1,People come to me for advice.,,,,,,,,,,,,,,,,,,,,,,,,,,,,,,,,,,,,,,,,,,,,,,,,,
,,,,,,,,,,,001,2025-05-08_19h51.03.497,SLSIC2_O,2022.2.5,Win32,59.88023952,,,,,,,,,,,,,,,,,,,,,,,,,,,,,,,,,,,,,,,,,,,,,,,,,,,,,,,,,,,,,,,,,,,,3,3.4851,,0,17,17,0,1,Try to pass along the knowledge I have gained through my experiences.,,,,,,,,,,,,,,,,,,,,,,,,,,,,,,,,,,,,,,,,,,,,,,,,,
,,,,,,,,,,,001,2025-05-08_19h51.03.497,SLSIC2_O,2022.2.5,Win32,59.88023952,,,,,,,,,,,,,,,,,,,,,,,,,,,,,,,,,,,,,,,,,,,,,,,,,,,,,,,,,,,,,,,,,,,,4,4.0018,,0,18,18,1,1,I feel that other people need me.,,,,,,,,,,,,,,,,,,,,,,,,,,,,,,,,,,,,,,,,,,,,,,,,,
,,,,,,,,,,,001,2025-05-08_19h51.03.497,SLSIC2_O,2022.2.5,Win32,59.88023952,,,,,,,,,,,,,,,,,,,,,,,,,,,,,,,,,,,,,,,,,,,,,,,,,,,,,,,,,,,,,,,,,,,,3,4.1204,,0,19,19,15,1,"I have made many commitments to many different kinds of people, groups, and activities in my life.",,,,,,,,,,,,,,,,,,,,,,,,,,,,,,,,,,,,,,,,,,,,,,,,,
,,,,,,,,,,,001,2025-05-08_19h51.03.497,SLSIC2_O,2022.2.5,Win32,59.88023952,,,,,,,,,,,,,,,,,,,,,,,,,,,,,,,,,,,,,,,,,,,,,,,,,,,,,,,,,,,,,,,,,,,,,,,,,,,,,space,6.8642,,,,,,,,,,,,,,,,,,,,,,,,,,,,,,,,,,,,,,,,,,,,,,,
,,,,,,,,,,,001,2025-05-08_19h51.03.497,SLSIC2_O,2022.2.5,Win32,59.88023952,,,,,,,,,,,,,,,,,,,,,,,,,,,,,,,,,,,,,,,,,,,,,,,,,,,,,,,,,,,,,,,,,,,,,,,,,,,,My social relationships are superficial,,,3,3.637,,0,0,0,11,1,,,,,,,,,,,,,,,,,,,,,,,,,,,,,,,,,,,,,,,
,,,,,,,,,,,001,2025-05-08_19h51.03.497,SLSIC2_O,2022.2.5,Win32,59.88023952,,,,,,,,,,,,,,,,,,,,,,,,,,,,,,,,,,,,,,,,,,,,,,,,,,,,,,,,,,,,,,,,,,,,,,,,,,,,There are people I feel close to,,,3,2.0833,,0,1,1,9,1,,,,,,,,,,,,,,,,,,,,,,,,,,,,,,,,,,,,,,,
,,,,,,,,,,,001,2025-05-08_19h51.03.497,SLSIC2_O,2022.2.5,Win32,59.88023952,,,,,,,,,,,,,,,,,,,,,,,,,,,,,,,,,,,,,,,,,,,,,,,,,,,,,,,,,,,,,,,,,,,,,,,,,,,,I do not feel alone,,,3,4.1181,,0,2,2,3,1,,,,,,,,,,,,,,,,,,,,,,,,,,,,,,,,,,,,,,,
,,,,,,,,,,,001,2025-05-08_19h51.03.497,SLSIC2_O,2022.2.5,Win32,59.88023952,,,,,,,,,,,,,,,,,,,,,,,,,,,,,,,,,,,,,,,,,,,,,,,,,,,,,,,,,,,,,,,,,,,,,,,,,,,,I am unhappy being so withdrawn ,,,3,2.02,,0,3,3,16,1,,,,,,,,,,,,,,,,,,,,,,,,,,,,,,,,,,,,,,,
,,,,,,,,,,,001,2025-05-08_19h51.03.497,SLSIC2_O,2022.2.5,Win32,59.88023952,,,,,,,,,,,,,,,,,,,,,,,,,,,,,,,,,,,,,,,,,,,,,,,,,,,,,,,,,,,,,,,,,,,,,,,,,,,,No one really knows me well,,,3,3.5167,,0,4,4,12,1,,,,,,,,,,,,,,,,,,,,,,,,,,,,,,,,,,,,,,,
,,,,,,,,,,,001,2025-05-08_19h51.03.497,SLSIC2_O,2022.2.5,Win32,59.88023952,,,,,,,,,,,,,,,,,,,,,,,,,,,,,,,,,,,,,,,,,,,,,,,,,,,,,,,,,,,,,,,,,,,,,,,,,,,,There are people I can turn to,,,2,2.8882,,0,5,5,19,1,,,,,,,,,,,,,,,,,,,,,,,,,,,,,,,,,,,,,,,
,,,,,,,,,,,001,2025-05-08_19h51.03.497,SLSIC2_O,2022.2.5,Win32,59.88023952,,,,,,,,,,,,,,,,,,,,,,,,,,,,,,,,,,,,,,,,,,,,,,,,,,,,,,,,,,,,,,,,,,,,,,,,,,,,There is no one I can turn to,,,2,3.8858,,0,6,6,2,1,,,,,,,,,,,,,,,,,,,,,,,,,,,,,,,,,,,,,,,
,,,,,,,,,,,001,2025-05-08_19h51.03.497,SLSIC2_O,2022.2.5,Win32,59.88023952,,,,,,,,,,,,,,,,,,,,,,,,,,,,,,,,,,,,,,,,,,,,,,,,,,,,,,,,,,,,,,,,,,,,,,,,,,,,I feel in tune with the people around me,,,3,11.3077,,0,7,7,0,1,,,,,,,,,,,,,,,,,,,,,,,,,,,,,,,,,,,,,,,
,,,,,,,,,,,001,2025-05-08_19h51.03.497,SLSIC2_O,2022.2.5,Win32,59.88023952,,,,,,,,,,,,,,,,,,,,,,,,,,,,,,,,,,,,,,,,,,,,,,,,,,,,,,,,,,,,,,,,,,,,,,,,,,,,My interests and ideas are not shared by those around me,,,3,2.2511,,0,8,8,7,1,,,,,,,,,,,,,,,,,,,,,,,,,,,,,,,,,,,,,,,
,,,,,,,,,,,001,2025-05-08_19h51.03.497,SLSIC2_O,2022.2.5,Win32,59.88023952,,,,,,,,,,,,,,,,,,,,,,,,,,,,,,,,,,,,,,,,,,,,,,,,,,,,,,,,,,,,,,,,,,,,,,,,,,,,I lack companionship,,,3,1.6008,,0,9,9,1,1,,,,,,,,,,,,,,,,,,,,,,,,,,,,,,,,,,,,,,,
,,,,,,,,,,,001,2025-05-08_19h51.03.497,SLSIC2_O,2022.2.5,Win32,59.88023952,,,,,,,,,,,,,,,,,,,,,,,,,,,,,,,,,,,,,,,,,,,,,,,,,,,,,,,,,,,,,,,,,,,,,,,,,,,,I can find companionship when I want it,,,3,8.4162,,0,10,10,14,1,,,,,,,,,,,,,,,,,,,,,,,,,,,,,,,,,,,,,,,
,,,,,,,,,,,001,2025-05-08_19h51.03.497,SLSIC2_O,2022.2.5,Win32,59.88023952,,,,,,,,,,,,,,,,,,,,,,,,,,,,,,,,,,,,,,,,,,,,,,,,,,,,,,,,,,,,,,,,,,,,,,,,,,,,I have a lot in common with the people around me,,,2,5.3681,,0,11,11,5,1,,,,,,,,,,,,,,,,,,,,,,,,,,,,,,,,,,,,,,,
,,,,,,,,,,,001,2025-05-08_19h51.03.497,SLSIC2_O,2022.2.5,Win32,59.88023952,,,,,,,,,,,,,,,,,,,,,,,,,,,,,,,,,,,,,,,,,,,,,,,,,,,,,,,,,,,,,,,,,,,,,,,,,,,,I feel isolated from others,,,4,3.8674,,0,12,12,13,1,,,,,,,,,,,,,,,,,,,,,,,,,,,,,,,,,,,,,,,
,,,,,,,,,,,001,2025-05-08_19h51.03.497,SLSIC2_O,2022.2.5,Win32,59.88023952,,,,,,,,,,,,,,,,,,,,,,,,,,,,,,,,,,,,,,,,,,,,,,,,,,,,,,,,,,,,,,,,,,,,,,,,,,,,I am no longer close to anyone,,,4,1.9332,,0,13,13,6,1,,,,,,,,,,,,,,,,,,,,,,,,,,,,,,,,,,,,,,,
,,,,,,,,,,,001,2025-05-08_19h51.03.497,SLSIC2_O,2022.2.5,Win32,59.88023952,,,,,,,,,,,,,,,,,,,,,,,,,,,,,,,,,,,,,,,,,,,,,,,,,,,,,,,,,,,,,,,,,,,,,,,,,,,,People are around me but not with me,,,4,3.7679,,0,14,14,17,1,,,,,,,,,,,,,,,,,,,,,,,,,,,,,,,,,,,,,,,
,,,,,,,,,,,001,2025-05-08_19h51.03.497,SLSIC2_O,2022.2.5,Win32,59.88023952,,,,,,,,,,,,,,,,,,,,,,,,,,,,,,,,,,,,,,,,,,,,,,,,,,,,,,,,,,,,,,,,,,,,,,,,,,,,I feel part of a group of friends,,,2,3.9354,,0,15,15,4,1,,,,,,,,,,,,,,,,,,,,,,,,,,,,,,,,,,,,,,,
,,,,,,,,,,,001,2025-05-08_19h51.03.497,SLSIC2_O,2022.2.5,Win32,59.88023952,,,,,,,,,,,,,,,,,,,,,,,,,,,,,,,,,,,,,,,,,,,,,,,,,,,,,,,,,,,,,,,,,,,,,,,,,,,,I feel left out,,,3,2.6013,,0,16,16,10,1,,,,,,,,,,,,,,,,,,,,,,,,,,,,,,,,,,,,,,,
,,,,,,,,,,,001,2025-05-08_19h51.03.497,SLSIC2_O,2022.2.5,Win32,59.88023952,,,,,,,,,,,,,,,,,,,,,,,,,,,,,,,,,,,,,,,,,,,,,,,,,,,,,,,,,,,,,,,,,,,,,,,,,,,,I am an outgoing person,,,3,1.4346,,0,17,17,8,1,,,,,,,,,,,,,,,,,,,,,,,,,,,,,,,,,,,,,,,
,,,,,,,,,,,001,2025-05-08_19h51.03.497,SLSIC2_O,2022.2.5,Win32,59.88023952,,,,,,,,,,,,,,,,,,,,,,,,,,,,,,,,,,,,,,,,,,,,,,,,,,,,,,,,,,,,,,,,,,,,,,,,,,,,There are people who really understand me,,,2,2.2677,,0,18,18,15,1,,,,,,,,,,,,,,,,,,,,,,,,,,,,,,,,,,,,,,,
,,,,,,,,,,,001,2025-05-08_19h51.03.497,SLSIC2_O,2022.2.5,Win32,59.88023952,,,,,,,,,,,,,,,,,,,,,,,,,,,,,,,,,,,,,,,,,,,,,,,,,,,,,,,,,,,,,,,,,,,,,,,,,,,,There are people I can talk to,,,2,1.6511,,0,19,19,18,1,,,,,,,,,,,,,,,,,,,,,,,,,,,,,,,,,,,,,,,
,,,,,,,,,,,001,2025-05-08_19h51.03.497,SLSIC2_O,2022.2.5,Win32,59.88023952,,,,,,,,,,,,,,,,,,,,,,,,,,,,,,,,,,,,,,,,,,,,,,,,,,,,,,,,,,,,,,,,,,,,,,,,,,,,,,,,,,,,,,,space,4.3845,,,,,,,,,,,,,,,,,,,,,,,,,,,,,,,,,,,,,
,,,,,,,,,,,001,2025-05-08_19h51.03.497,SLSIC2_O,2022.2.5,Win32,59.88023952,,,,,,,,,,,,,,,,,,,,,,,,,,,,,,,,,,,,,,,,,,,,,,,,,,,,,,,,,,,,,,,,,,,,,,,,,,,,,,,,,,,,,,,,,5,5.9081,"Sometimes when trying to go to sleep, I find my thoughts drift to my concerns about having Alzheimer’s disease or a related dementia.",0,0,0,9,1,"Sometimes when trying to go to sleep, I find my thoughts drift to my concerns about having Alzheimer’s disease or a related dementia.",,,,,,,,,,,,,,,,,,,,,,,,,,,,
,,,,,,,,,,,001,2025-05-08_19h51.03.497,SLSIC2_O,2022.2.5,Win32,59.88023952,,,,,,,,,,,,,,,,,,,,,,,,,,,,,,,,,,,,,,,,,,,,,,,,,,,,,,,,,,,,,,,,,,,,,,,,,,,,,,,,,,,,,,,,,5,3.4958,"Once I start worrying about Alzheimer’s disease and related dementias, I just cannot stop.",0,1,1,8,1,"Once I start worrying about Alzheimer’s disease and related dementias, I just cannot stop.",,,,,,,,,,,,,,,,,,,,,,,,,,,,
,,,,,,,,,,,001,2025-05-08_19h51.03.497,SLSIC2_O,2022.2.5,Win32,59.88023952,,,,,,,,,,,,,,,,,,,,,,,,,,,,,,,,,,,,,,,,,,,,,,,,,,,,,,,,,,,,,,,,,,,,,,,,,,,,,,,,,,,,,,,,,5,4.0634,"I know I shouldn’t worry about developing Alzheimer’s disease and related dementias, but I just cannot help it.",0,2,2,0,1,"I know I shouldn’t worry about developing Alzheimer’s disease and related dementias, but I just cannot help it.",,,,,,,,,,,,,,,,,,,,,,,,,,,,
,,,,,,,,,,,001,2025-05-08_19h51.03.497,SLSIC2_O,2022.2.5,Win32,59.88023952,,,,,,,,,,,,,,,,,,,,,,,,,,,,,,,,,,,,,,,,,,,,,,,,,,,,,,,,,,,,,,,,,,,,,,,,,,,,,,,,,,,,,,,,,5,5.097,"	When I hear about someone having Alzheimer’s disease or a related dementia, I start to worry about having it myself.",0,3,3,5,1,"	When I hear about someone having Alzheimer’s disease or a related dementia, I start to worry about having it myself.",,,,,,,,,,,,,,,,,,,,,,,,,,,,
,,,,,,,,,,,001,2025-05-08_19h51.03.497,SLSIC2_O,2022.2.5,Win32,59.88023952,,,,,,,,,,,,,,,,,,,,,,,,,,,,,,,,,,,,,,,,,,,,,,,,,,,,,,,,,,,,,,,,,,,,,,,,,,,,,,,,,,,,,,,,,5,4.2969,I find it difficult to control my worries about developing Alzheimer’s disease and related dementias.,0,4,4,1,1,I find it difficult to control my worries about developing Alzheimer’s disease and related dementias.,,,,,,,,,,,,,,,,,,,,,,,,,,,,
,,,,,,,,,,,001,2025-05-08_19h51.03.497,SLSIC2_O,2022.2.5,Win32,59.88023952,,,,,,,,,,,,,,,,,,,,,,,,,,,,,,,,,,,,,,,,,,,,,,,,,,,,,,,,,,,,,,,,,,,,,,,,,,,,,,,,,,,,,,,,,4,33.8972,"Even though I know it doesn’t help to focus on it, I can’t help thinking about whether or not I have Alzheimer’s disease or a related dementia.",0,5,5,7,1,"Even though I know it doesn’t help to focus on it, I can’t help thinking about whether or not I have Alzheimer’s disease or a related dementia.",,,,,,,,,,,,,,,,,,,,,,,,,,,,
,,,,,,,,,,,001,2025-05-08_19h51.03.497,SLSIC2_O,2022.2.5,Win32,59.88023952,,,,,,,,,,,,,,,,,,,,,,,,,,,,,,,,,,,,,,,,,,,,,,,,,,,,,,,,,,,,,,,,,,,,,,,,,,,,,,,,,,,,,,,,,4,2.5298,My worries about Alzheimer’s disease and related dementias overwhelm me.,0,6,6,3,1,My worries about Alzheimer’s disease and related dementias overwhelm me.,,,,,,,,,,,,,,,,,,,,,,,,,,,,
,,,,,,,,,,,001,2025-05-08_19h51.03.497,SLSIC2_O,2022.2.5,Win32,59.88023952,,,,,,,,,,,,,,,,,,,,,,,,,,,,,,,,,,,,,,,,,,,,,,,,,,,,,,,,,,,,,,,,,,,,,,,,,,,,,,,,,,,,,,,,,5,4.0143,"When I am not distracted, I find my thoughts focusing on my own cognitive changes and concerns.",0,7,7,6,1,"When I am not distracted, I find my thoughts focusing on my own cognitive changes and concerns.",,,,,,,,,,,,,,,,,,,,,,,,,,,,
,,,,,,,,,,,001,2025-05-08_19h51.03.497,SLSIC2_O,2022.2.5,Win32,59.88023952,,,,,,,,,,,,,,,,,,,,,,,,,,,,,,,,,,,,,,,,,,,,,,,,,,,,,,,,,,,,,,,,,,,,,,,,,,,,,,,,,,,,,,,,,4,7.2947,"More often than not, I find my thoughts returning to concerns that I have Alzheimer’s disease or a related dementia.",0,8,8,4,1,"More often than not, I find my thoughts returning to concerns that I have Alzheimer’s disease or a related dementia.",,,,,,,,,,,,,,,,,,,,,,,,,,,,
,,,,,,,,,,,001,2025-05-08_19h51.03.497,SLSIC2_O,2022.2.5,Win32,59.88023952,,,,,,,,,,,,,,,,,,,,,,,,,,,,,,,,,,,,,,,,,,,,,,,,,,,,,,,,,,,,,,,,,,,,,,,,,,,,,,,,,,,,,,,,,4,3.398,"When I forget a word that I want to say, my thoughts immediately turn to Alzheimer’s disease and related dementias.",0,9,9,10,1,"When I forget a word that I want to say, my thoughts immediately turn to Alzheimer’s disease and related dementias.",,,,,,,,,,,,,,,,,,,,,,,,,,,,
,,,,,,,,,,,001,2025-05-08_19h51.03.497,SLSIC2_O,2022.2.5,Win32,59.88023952,,,,,,,,,,,,,,,,,,,,,,,,,,,,,,,,,,,,,,,,,,,,,,,,,,,,,,,,,,,,,,,,,,,,,,,,,,,,,,,,,,,,,,,,,4,3.6976,"When I can’t remember something, I find myself wondering whether I have Alzheimer’s disease or a related dementia.",0,10,10,2,1,"When I can’t remember something, I find myself wondering whether I have Alzheimer’s disease or a related dementia.",,,,,,,,,,,,,,,,,,,,,,,,,,,,
,,,,,,,,,,,001,2025-05-08_19h51.03.497,SLSIC2_O,2022.2.5,Win32,59.88023952,,,,,,,,,,,,,,,,,,,,,,,,,,,,,,,,,,,,,,,,,,,,,,,,,,,,,,,,,,,,,,,,,,,,,,,,,,,,,,,,,,,,,,,,,5,3.93,I think I probably worry more about Alzheimer’s disease and related dementias than other people my same age.,0,11,11,11,1,I think I probably worry more about Alzheimer’s disease and related dementias than other people my same age.,,,,,,,,,,,,,,,,,,,,,,,,,,,,
,,,,,,,,,,,001,2025-05-08_19h51.03.497,SLSIC2_O,2022.2.5,Win32,59.88023952,,,,,,,,,,,,,,,,,,,,,,,,,,,,,,,,,,,,,,,,,,,,,,,,,,,,,,,,,,,,,,,,,,,,,,,,,,,,,,,,,,,,,,,,,,,,,,,,,,space,1.084,,,,,,,,,,,,,,,,,,,,,,,,,,
,,,,,,,,,,,001,2025-05-08_19h51.03.497,SLSIC2_O,2022.2.5,Win32,59.88023952,,,,,,,,,,,,,,,,,,,,,,,,,,,,,,,,,,,,,,,,,,,,,,,,,,,,,,,,,,,,,,,,,,,,,,,,,,,,,,,,,,,,,,,,,,,,,,,,,,,,5,5.8566,Persons over the age of 65 are often targeted by con-artists,0,0,0,3,1,Persons over the age of 65 are often targeted by con-artists,,,,,,,,,,,,,,,,,
,,,,,,,,,,,001,2025-05-08_19h51.03.497,SLSIC2_O,2022.2.5,Win32,59.88023952,,,,,,,,,,,,,,,,,,,,,,,,,,,,,,,,,,,,,,,,,,,,,,,,,,,,,,,,,,,,,,,,,,,,,,,,,,,,,,,,,,,,,,,,,,,,,,,,,,,,1,4.3803,"If a telemarketer calls me, I usually listen to what they have to say",0,1,1,4,1,"If a telemarketer calls me, I usually listen to what they have to say",,,,,,,,,,,,,,,,,
,,,,,,,,,,,001,2025-05-08_19h51.03.497,SLSIC2_O,2022.2.5,Win32,59.88023952,,,,,,,,,,,,,,,,,,,,,,,,,,,,,,,,,,,,,,,,,,,,,,,,,,,,,,,,,,,,,,,,,,,,,,,,,,,,,,,,,,,,,,,,,,,,,,,,,,,,1,3.7309,"I answer the phone whenever it rings, even if I do not know who is calling",0,2,2,0,1,"I answer the phone whenever it rings, even if I do not know who is calling",,,,,,,,,,,,,,,,,
,,,,,,,,,,,001,2025-05-08_19h51.03.497,SLSIC2_O,2022.2.5,Win32,59.88023952,,,,,,,,,,,,,,,,,,,,,,,,,,,,,,,,,,,,,,,,,,,,,,,,,,,,,,,,,,,,,,,,,,,,,,,,,,,,,,,,,,,,,,,,,,,,,,,,,,,,5,5.4126,"If something sounds too good to be true, it usually is",0,3,3,2,1,"If something sounds too good to be true, it usually is",,,,,,,,,,,,,,,,,
,,,,,,,,,,,001,2025-05-08_19h51.03.497,SLSIC2_O,2022.2.5,Win32,59.88023952,,,,,,,,,,,,,,,,,,,,,,,,,,,,,,,,,,,,,,,,,,,,,,,,,,,,,,,,,,,,,,,,,,,,,,,,,,,,,,,,,,,,,,,,,,,,,,,,,,,,1,4.8147,"I have difficulty ending a phone call, even if the caller is a telemarketer, someone I do not know, or someone I do not wish to call me",0,4,4,1,1,"I have difficulty ending a phone call, even if the caller is a telemarketer, someone I do not know, or someone I do not wish to call me",,,,,,,,,,,,,,,,,
,,,,,,,,,,,001,2025-05-08_19h51.03.497,SLSIC2_O,2022.2.5,Win32,59.88023952,,,,,,,,,,,,,,,,,,,,,,,,,,,,,,,,,,,,,,,,,,,,,,,,,,,,,,,,,,,,,,,,,,,,,,,,,,,,,,,,,,,,,,,,,,,,,,,,,,,,,,,,,,,,,1.125352688,3.6662,,,,,,,,,,,,,,,
,,,,,,,,,,,001,2025-05-08_19h51.03.497,SLSIC2_O,2022.2.5,Win32,59.88023952,,,,,,,,,,,,,,,,,,,,,,,,,,,,,,,,,,,,,,,,,,,,,,,,,,,,,,,,,,,,,,,,,,,,,,,,,,,,,,,,,,,,,,,,,,,,,,,,,,,,,,,,,,,,,,,,,,,,,,,,,,,,,
,,,,,,,,,,,001,2025-05-08_19h51.03.497,SLSIC2_O,2022.2.5,Win32,59.88023952,,,,,,,,,,,,,,,,,,,,,,,,,,,,,,,,,,,,,,,,,,,,,,,,,,,,,,,,,,,,,,,,,,,,,,,,,,,,,,,,,,,,,,,,,,,,,,,,,,,,,,,,,,,,,,,"[""female_option""]",,,,,,,,,,,,,,
,,,,,,,,,,,001,2025-05-08_19h51.03.497,SLSIC2_O,2022.2.5,Win32,59.88023952,,,,,,,,,,,,,,,,,,,,,,,,,,,,,,,,,,,,,,,,,,,,,,,,,,,,,,,,,,,,,,,,,,,,,,,,,,,,,,,,,,,,,,,,,,,,,,,,,,,,,,,,,,,,,,,,,,,,,,,,,,,,,
,,,,,,,,,,,001,2025-05-08_19h51.03.497,SLSIC2_O,2022.2.5,Win32,59.88023952,,,,,,,,,,,,,,,,,,,,,,,,,,,,,,,,,,,,,,,,,,,,,,,,,,,,,,,,,,,,,,,,,,,,,,,,,,,,,,,,,,,,,,,,,,,,,,,,,,,,,,,,,,,,,,,,76,11/14/1948,,,,,,,,,,,,
,,,,,,,,,,,001,2025-05-08_19h51.03.497,SLSIC2_O,2022.2.5,Win32,59.88023952,,,,,,,,,,,,,,,,,,,,,,,,,,,,,,,,,,,,,,,,,,,,,,,,,,,,,,,,,,,,,,,,,,,,,,,,,,,,,,,,,,,,,,,,,,,,,,,,,,,,,,,,,,,,,,,,,,,,,,,,,,,,,
,,,,,,,,,,,001,2025-05-08_19h51.03.497,SLSIC2_O,2022.2.5,Win32,59.88023952,,,,,,,,,,,,,,,,,,,,,,,,,,,,,,,,,,,,,,,,,,,,,,,,,,,,,,,,,,,,,,,,,,,,,,,,,,,,,,,,,,,,,,,,,,,,,,,,,,,,,,,,,,,,,,,,,,"[""EduOpt5""]",,,,,,,,,,,
,,,,,,,,,,,001,2025-05-08_19h51.03.497,SLSIC2_O,2022.2.5,Win32,59.88023952,,,,,,,,,,,,,,,,,,,,,,,,,,,,,,,,,,,,,,,,,,,,,,,,,,,,,,,,,,,,,,,,,,,,,,,,,,,,,,,,,,,,,,,,,,,,,,,,,,,,,,,,,,,,,,,,,,,,,,,,,,,,,
,,,,,,,,,,,001,2025-05-08_19h51.03.497,SLSIC2_O,2022.2.5,Win32,59.88023952,,,,,,,,,,,,,,,,,,,,,,,,,,,,,,,,,,,,,,,,,,,,,,,,,,,,,,,,,,,,,,,,,,,,,,,,,,,,,,,,,,,,,,,,,,,,,,,,,,,,,,,,,,,,,,,,,,,"[""EthnOpt5""]",,,,,,,,,,
,,,,,,,,,,,001,2025-05-08_19h51.03.497,SLSIC2_O,2022.2.5,Win32,59.88023952,,,,,,,,,,,,,,,,,,,,,,,,,,,,,,,,,,,,,,,,,,,,,,,,,,,,,,,,,,,,,,,,,,,,,,,,,,,,,,,,,,,,,,,,,,,,,,,,,,,,,,,,,,,,,,,,,,,,,,,,,,,,,
,,,,,,,,,,,001,2025-05-08_19h51.03.497,SLSIC2_O,2022.2.5,Win32,59.88023952,,,,,,,,,,,,,,,,,,,,,,,,,,,,,,,,,,,,,,,,,,,,,,,,,,,,,,,,,,,,,,,,,,,,,,,,,,,,,,,,,,,,,,,,,,,,,,,,,,,,,,,,,,,,,,,,,,,,"[""EngFlncyY""]",,,,,,,,,
,,,,,,,,,,,001,2025-05-08_19h51.03.497,SLSIC2_O,2022.2.5,Win32,59.88023952,,,,,,,,,,,,,,,,,,,,,,,,,,,,,,,,,,,,,,,,,,,,,,,,,,,,,,,,,,,,,,,,,,,,,,,,,,,,,,,,,,,,,,,,,,,,,,,,,,,,,,,,,,,,,,,,,,,,,,,,,,,,,
,,,,,,,,,,,001,2025-05-08_19h51.03.497,SLSIC2_O,2022.2.5,Win32,59.88023952,,,,,,,,,,,,,,,,,,,,,,,,,,,,,,,,,,,,,,,,,,,,,,,,,,,,,,,,,,,,,,,,,,,,,,,,,,,,,,,,,,,,,,,,,,,,,,,,,,,,,,,,,,,,,,,,,,,,,15,U.S.,,,,,,,
,,,,,,,,,,,001,2025-05-08_19h51.03.497,SLSIC2_O,2022.2.5,Win32,59.88023952,,,,,,,,,,,,,,,,,,,,,,,,,,,,,,,,,,,,,,,,,,,,,,,,,,,,,,,,,,,,,,,,,,,,,,,,,,,,,,,,,,,,,,,,,,,,,,,,,,,,,,,,,,,,,,,,,,,,,,,,,,,,,
,,,,,,,,,,,001,2025-05-08_19h51.03.497,SLSIC2_O,2022.2.5,Win32,59.88023952,,,,,,,,,,,,,,,,,,,,,,,,,,,,,,,,,,,,,,,,,,,,,,,,,,,,,,,,,,,,,,,,,,,,,,,,,,,,,,,,,,,,,,,,,,,,,,,,,,,,,,,,,,,,,,,,,,,,,,,D,,,,,,
,,,,,,,,,,,001,2025-05-08_19h51.03.497,SLSIC2_O,2022.2.5,Win32,59.88023952,,,,,,,,,,,,,,,,,,,,,,,,,,,,,,,,,,,,,,,,,,,,,,,,,,,,,,,,,,,,,,,,,,,,,,,,,,,,,,,,,,,,,,,,,,,,,,,,,,,,,,,,,,,,,,,,,,,,,,,,,,,,,
,,,,,,,,,,,001,2025-05-08_19h51.03.497,SLSIC2_O,2022.2.5,Win32,59.88023952,,,,,,,,,,,,,,,,,,,,,,,,,,,,,,,,,,,,,,,,,,,,,,,,,,,,,,,,,,,,,,,,,,,,,,,,,,,,,,,,,,,,,,,,,,,,,,,,,,,,,,,,,,,,,,,,,,,,,,,,I was concentrating solely on the survey,,,,,
,,,,,,,,,,,001,2025-05-08_19h51.03.497,SLSIC2_O,2022.2.5,Win32,59.88023952,,,,,,,,,,,,,,,,,,,,,,,,,,,,,,,,,,,,,,,,,,,,,,,,,,,,,,,,,,,,,,,,,,,,,,,,,,,,,,,,,,,,,,,,,,,,,,,,,,,,,,,,,,,,,,,,,,,,,,,,,,,,,
,,,,,,,,,,,001,2025-05-08_19h51.03.497,SLSIC2_O,2022.2.5,Win32,59.88023952,,,,,,,,,,,,,,,,,,,,,,,,,,,,,,,,,,,,,,,,,,,,,,,,,,,,,,,,,,,,,,,,,,,,,,,,,,,,,,,,,,,,,,,,,,,,,,,,,,,,,,,,,,,,,,,,,,,,,,,,,The task was a bit difficult,,,,
,,,,,,,,,,,001,2025-05-08_19h51.03.497,SLSIC2_O,2022.2.5,Win32,59.88023952,,,,,,,,,,,,,,,,,,,,,,,,,,,,,,,,,,,,,,,,,,,,,,,,,,,,,,,,,,,,,,,,,,,,,,,,,,,,,,,,,,,,,,,,,,,,,,,,,,,,,,,,,,,,,,,,,,,,,,,,,,,,,
,,,,,,,,,,,001,2025-05-08_19h51.03.497,SLSIC2_O,2022.2.5,Win32,59.88023952,,,,,,,,,,,,,,,,,,,,,,,,,,,,,,,,,,,,,,,,,,,,,,,,,,,,,,,,,,,,,,,,,,,,,,,,,,,,,,,,,,,,,,,,,,,,,,,,,,,,,,,,,,,,,,,,,,,,,,,,,,"[""Q4option1""]",,,
,,,,,,,,,,,001,2025-05-08_19h51.03.497,SLSIC2_O,2022.2.5,Win32,59.88023952,,,,,,,,,,,,,,,,,,,,,,,,,,,,,,,,,,,,,,,,,,,,,,,,,,,,,,,,,,,,,,,,,,,,,,,,,,,,,,,,,,,,,,,,,,,,,,,,,,,,,,,,,,,,,,,,,,,,,,,,,,,,,
,,,,,,,,,,,001,2025-05-08_19h51.03.497,SLSIC2_O,2022.2.5,Win32,59.88023952,,,,,,,,,,,,,,,,,,,,,,,,,,,,,,,,,,,,,,,,,,,,,,,,,,,,,,,,,,,,,,,,,,,,,,,,,,,,,,,,,,,,,,,,,,,,,,,,,,,,,,,,,,,,,,,,,,,,,,,,,,,1,[1564.978799999714],[1564.9789000000956]
