bruinID.text,button.numClicks,button.timesOn,button.timesOff,mouseLogIn.x,mouseLogIn.y,mouseLogIn.leftButton,mouseLogIn.midButton,mouseLogIn.rightButton,mouseLogIn.time,mouseLogIn.clicked_name,session,date,expName,psychopyVersion,OS,frameRate,key_resp_6.keys,key_resp_6.rt,key_resp_5.keys,key_resp_5.rt,subjage_slider.response,subjage_slider.rt,confidence_scale.response,confidence_scale.rt,key_resp_7.keys,key_resp_7.rt,button_2.numClicks,button_2.timesOn,button_2.timesOff,email_type,scam_button.numClicks,scam_button.timesOn,scam_button.timesOff,legit_button.numClicks,legit_button.timesOn,legit_button.timesOff,button_selections_1,confidence_scale_email.response,confidence_scale_email.rt,personal_rel_scale.response,personal_rel_scale.rt,curiosity_scale.response,curiosity_scale.rt,email_loop.thisRepN,email_loop.thisTrialN,email_loop.thisN,email_loop.thisIndex,email_loop.ran,emails,type,xsize,ysize,xpos,ypos,key_resp_8.keys,key_resp_8.rt,button_3.numClicks,button_3.timesOn,button_3.timesOff,button_4.numClicks,button_4.timesOn,button_4.timesOff,button_5.numClicks,button_5.timesOn,button_5.timesOff,email_loops2.thisRepN,email_loops2.thisTrialN,email_loops2.thisN,email_loops2.thisIndex,email_loops2.ran,key_resp_3.keys,key_resp_3.rt,slider1_2.response,slider1_2.rt,trust_question,loop_GT.thisRepN,loop_GT.thisTrialN,loop_GT.thisN,loop_GT.thisIndex,loop_GT.ran,Phrases,instructionresp_2.keys,instructionresp_2.rt,key_resp_13.keys,key_resp_13.rt,gen_question,loop_G.thisRepN,loop_G.thisTrialN,loop_G.thisN,loop_G.thisIndex,loop_G.ran,Questions,instructionresp.keys,instructionresp.rt,key_resp_2.keys,key_resp_2.rt,lonely_question,loop_LS.thisRepN,loop_LS.thisTrialN,loop_LS.thisN,loop_LS.thisIndex,loop_LS.ran,key_resp_4.keys,key_resp_4.rt,rating.response,rating.rt,dementia_question,loop_dm.thisRepN,loop_dm.thisTrialN,loop_dm.thisN,loop_dm.thisIndex,loop_dm.ran,Items,key_resp.keys,key_resp.rt,slider1.response,slider1.rt,ss_question,loop_SS.thisRepN,loop_SS.thisTrialN,loop_SS.thisN,loop_SS.thisIndex,loop_SS.ran,Statements,slider.response,slider.rt,Gender,textboxAge.text,textboxBirthday.text,Education Level,Ethnicity,English Fluency,textboxAge_2.text,textboxCountry.text,FQ1textbox.text,textboxQuestion2.text,textboxQuestion3.text,FQ4 selection,Finish.numClicks,Finish.timesOn,Finish.timesOff
6029acb673830e93bcc9230f,1,[10.265599999994041],[10.26569999998808],-0.04296875,-0.059895833,1,0,0,5.477,button,001,2025-05-08_20h18.41.352,SLSIC2_O,2022.2.5,Win32,60.24096386,,,,,,,,,,,,,,,,,,,,,,,,,,,,,,,,,,,,,,,,,,,,,,,,,,,,,,,,,,,,,,,,,,,,,,,,,,,,,,,,,,,,,,,,,,,,,,,,,,,,,,,,,,,,,,,,,,,,,,,,,,,,,
,,,,,,,,,,,001,2025-05-08_20h18.41.352,SLSIC2_O,2022.2.5,Win32,60.24096386,space,25.1417,,,,,,,,,,,,,,,,,,,,,,,,,,,,,,,,,,,,,,,,,,,,,,,,,,,,,,,,,,,,,,,,,,,,,,,,,,,,,,,,,,,,,,,,,,,,,,,,,,,,,,,,,,,,,,,,,,,,,,,,,,,
,,,,,,,,,,,001,2025-05-08_20h18.41.352,SLSIC2_O,2022.2.5,Win32,60.24096386,,,space,3.8337,,,,,,,,,,,,,,,,,,,,,,,,,,,,,,,,,,,,,,,,,,,,,,,,,,,,,,,,,,,,,,,,,,,,,,,,,,,,,,,,,,,,,,,,,,,,,,,,,,,,,,,,,,,,,,,,,,,,,,,,,
,,,,,,,,,,,001,2025-05-08_20h18.41.352,SLSIC2_O,2022.2.5,Win32,60.24096386,,,,,62.65625,13.7178,,,,,,,,,,,,,,,,,,,,,,,,,,,,,,,,,,,,,,,,,,,,,,,,,,,,,,,,,,,,,,,,,,,,,,,,,,,,,,,,,,,,,,,,,,,,,,,,,,,,,,,,,,,,,,,,,,,,,,,
,,,,,,,,,,,001,2025-05-08_20h18.41.352,SLSIC2_O,2022.2.5,Win32,60.24096386,,,,,,,7.994791667,4.5418,,,,,,,,,,,,,,,,,,,,,,,,,,,,,,,,,,,,,,,,,,,,,,,,,,,,,,,,,,,,,,,,,,,,,,,,,,,,,,,,,,,,,,,,,,,,,,,,,,,,,,,,,,,,,,,,,,,,,
,,,,,,,,,,,001,2025-05-08_20h18.41.352,SLSIC2_O,2022.2.5,Win32,60.24096386,,,,,,,,,space,5.0032,,,,,,,,,,,,,,,,,,,,,,,,,,,,,,,,,,,,,,,,,,,,,,,,,,,,,,,,,,,,,,,,,,,,,,,,,,,,,,,,,,,,,,,,,,,,,,,,,,,,,,,,,,,,,,,,,,,
,,,,,,,,,,,001,2025-05-08_20h18.41.352,SLSIC2_O,2022.2.5,Win32,60.24096386,,,,,,,,,,,1,[91.56540000000595],[91.56540000000595],,0,[],[],1,[92.96090000000595],[92.96109999999403],"[""legit_button""]",5.013020833,1.7459,6.966145833,3.3597,8.958333333,2.6102,0,0,0,17,1,resources/images/legitimate_18.png,legit,1,0.65,0,0,,,,,,,,,,,,,,,,,,,,,,,,,,,,,,,,,,,,,,,,,,,,,,,,,,,,,,,,,,,,,,,,,,,,,,,,,,,,,,,,,,,,,,,
,,,,,,,,,,,001,2025-05-08_20h18.41.352,SLSIC2_O,2022.2.5,Win32,60.24096386,,,,,,,,,,,2,"[91.56540000000595,116.09919999998809]","[91.56540000000595,116.09919999998809]",,1,[117.16239999997616],[117.16250000000001],1,[92.96090000000595],[92.96109999999403],"[""scam_button""]",8.046875,1.1095,0.091145833,2.3402,0.052083333,1.8253,0,1,1,2,1,resources/images/legit11.jpg,legit,0.65,0.65,0,0,,,,,,,,,,,,,,,,,,,,,,,,,,,,,,,,,,,,,,,,,,,,,,,,,,,,,,,,,,,,,,,,,,,,,,,,,,,,,,,,,,,,,,,
,,,,,,,,,,,001,2025-05-08_20h18.41.352,SLSIC2_O,2022.2.5,Win32,60.24096386,,,,,,,,,,,3,"[91.56540000000595,116.09919999998809,136.39659999999404]","[91.56540000000595,116.09919999998809,136.39659999999404]",,1,[117.16239999997616],[117.16250000000001],2,"[92.96090000000595,137.25830000001193]","[92.96109999999403,137.25830000001193]","[""legit_button""]",8.020833333,2.23,0.078125,2.3282,3.072916667,2.9464,0,2,2,7,1,resources/images/legit_21.png,legit,0.8,0.8,0,0,,,,,,,,,,,,,,,,,,,,,,,,,,,,,,,,,,,,,,,,,,,,,,,,,,,,,,,,,,,,,,,,,,,,,,,,,,,,,,,,,,,,,,,
,,,,,,,,,,,001,2025-05-08_20h18.41.352,SLSIC2_O,2022.2.5,Win32,60.24096386,,,,,,,,,,,4,"[91.56540000000595,116.09919999998809,136.39659999999404,172.77200000000002]","[91.56540000000595,116.09919999998809,136.39659999999404,172.77209999999405]",,2,"[117.16239999997616,173.56779999998213]","[117.16250000000001,173.5678999999762]",2,"[92.96090000000595,137.25830000001193]","[92.96109999999403,137.25830000001193]","[""scam_button""]",3.971354167,1.2271,6.0546875,2.2815,6.0546875,0.876,0,3,3,9,1,resources/images/legit_22.png,legit,1,0.78,0,0,,,,,,,,,,,,,,,,,,,,,,,,,,,,,,,,,,,,,,,,,,,,,,,,,,,,,,,,,,,,,,,,,,,,,,,,,,,,,,,,,,,,,,,
,,,,,,,,,,,001,2025-05-08_20h18.41.352,SLSIC2_O,2022.2.5,Win32,60.24096386,,,,,,,,,,,5,"[91.56540000000595,116.09919999998809,136.39659999999404,172.77200000000002,203.64309999999404]","[91.56540000000595,116.09919999998809,136.39659999999404,172.77209999999405,203.64329999998213]",,3,"[117.16239999997616,173.56779999998213,204.62289999997614]","[117.16250000000001,173.5678999999762,204.62289999997614]",2,"[92.96090000000595,137.25830000001193]","[92.96109999999403,137.25830000001193]","[""scam_button""]",6.9140625,1.1435,0.065104167,2.8454,0.065104167,0.4437,0,4,4,21,1,resources/images/scam_23.png,scam,1,0.8,0,0,,,,,,,,,,,,,,,,,,,,,,,,,,,,,,,,,,,,,,,,,,,,,,,,,,,,,,,,,,,,,,,,,,,,,,,,,,,,,,,,,,,,,,,
,,,,,,,,,,,001,2025-05-08_20h18.41.352,SLSIC2_O,2022.2.5,Win32,60.24096386,,,,,,,,,,,6,"[91.56540000000595,116.09919999998809,136.39659999999404,172.77200000000002,203.64309999999404,222.40619999998808]","[91.56540000000595,116.09919999998809,136.39659999999404,172.77209999999405,203.64329999998213,222.40629999998214]",,3,"[117.16239999997616,173.56779999998213,204.62289999997614]","[117.16250000000001,173.5678999999762,204.62289999997614]",3,"[92.96090000000595,137.25830000001193,223.2515]","[92.96109999999403,137.25830000001193,223.2515]","[""legit_button""]",6.966145833,2.1064,4.986979167,5.7138,0.026041667,1.379,0,5,5,8,1,resources/images/legit_23.png,legit,1,0.65,0,0,,,,,,,,,,,,,,,,,,,,,,,,,,,,,,,,,,,,,,,,,,,,,,,,,,,,,,,,,,,,,,,,,,,,,,,,,,,,,,,,,,,,,,,
,,,,,,,,,,,001,2025-05-08_20h18.41.352,SLSIC2_O,2022.2.5,Win32,60.24096386,,,,,,,,,,,7,"[91.56540000000595,116.09919999998809,136.39659999999404,172.77200000000002,203.64309999999404,222.40619999998808,257.463900000006]","[91.56540000000595,116.09919999998809,136.39659999999404,172.77209999999405,203.64329999998213,222.40629999998214,257.463900000006]",,3,"[117.16239999997616,173.56779999998213,204.62289999997614]","[117.16250000000001,173.5678999999762,204.62289999997614]",4,"[92.96090000000595,137.25830000001193,223.2515,258.6428000000119]","[92.96109999999403,137.25830000001193,223.2515,258.6428000000119]","[""legit_button""]",9.934895833,4.3187,9.8828125,0.9776,5.963541667,2.7998,0,6,6,22,1,resources/images/scam_24.png,scam,1,0.8,0,0,,,,,,,,,,,,,,,,,,,,,,,,,,,,,,,,,,,,,,,,,,,,,,,,,,,,,,,,,,,,,,,,,,,,,,,,,,,,,,,,,,,,,,,
,,,,,,,,,,,001,2025-05-08_20h18.41.352,SLSIC2_O,2022.2.5,Win32,60.24096386,,,,,,,,,,,8,"[91.56540000000595,116.09919999998809,136.39659999999404,172.77200000000002,203.64309999999404,222.40619999998808,257.463900000006,289.08590000000595]","[91.56540000000595,116.09919999998809,136.39659999999404,172.77209999999405,203.64329999998213,222.40629999998214,257.463900000006,289.086099999994]",,4,"[117.16239999997616,173.56779999998213,204.62289999997614,290.04919999998805]","[117.16250000000001,173.5678999999762,204.62289999997614,290.04919999998805]",4,"[92.96090000000595,137.25830000001193,223.2515,258.6428000000119]","[92.96109999999403,137.25830000001193,223.2515,258.6428000000119]","[""scam_button""]",8.9453125,1.2623,0.221354167,2.2116,0.221354167,0.5792,0,7,7,19,1,resources/images/scam_21.png,scam,1,0.65,0,0,,,,,,,,,,,,,,,,,,,,,,,,,,,,,,,,,,,,,,,,,,,,,,,,,,,,,,,,,,,,,,,,,,,,,,,,,,,,,,,,,,,,,,,
,,,,,,,,,,,001,2025-05-08_20h18.41.352,SLSIC2_O,2022.2.5,Win32,60.24096386,,,,,,,,,,,9,"[91.56540000000595,116.09919999998809,136.39659999999404,172.77200000000002,203.64309999999404,222.40619999998808,257.463900000006,289.08590000000595,308.999900000006]","[91.56540000000595,116.09919999998809,136.39659999999404,172.77209999999405,203.64329999998213,222.40629999998214,257.463900000006,289.086099999994,308.999900000006]",,5,"[117.16239999997616,173.56779999998213,204.62289999997614,290.04919999998805,309.7127999999821]","[117.16250000000001,173.5678999999762,204.62289999997614,290.04919999998805,309.7128999999761]",4,"[92.96090000000595,137.25830000001193,223.2515,258.6428000000119]","[92.96109999999403,137.25830000001193,223.2515,258.6428000000119]","[""scam_button""]",7.9296875,2.2597,0.052083333,2.5763,0.052083333,0.44,0,8,8,11,1,resources/images/scam16.png,scam,0.65,0.65,0,0,,,,,,,,,,,,,,,,,,,,,,,,,,,,,,,,,,,,,,,,,,,,,,,,,,,,,,,,,,,,,,,,,,,,,,,,,,,,,,,,,,,,,,,
,,,,,,,,,,,001,2025-05-08_20h18.41.352,SLSIC2_O,2022.2.5,Win32,60.24096386,,,,,,,,,,,10,"[91.56540000000595,116.09919999998809,136.39659999999404,172.77200000000002,203.64309999999404,222.40619999998808,257.463900000006,289.08590000000595,308.999900000006,322.34290000000595]","[91.56540000000595,116.09919999998809,136.39659999999404,172.77209999999405,203.64329999998213,222.40629999998214,257.463900000006,289.086099999994,308.999900000006,322.343]",,5,"[117.16239999997616,173.56779999998213,204.62289999997614,290.04919999998805,309.7127999999821]","[117.16250000000001,173.5678999999762,204.62289999997614,290.04919999998805,309.7128999999761]",5,"[92.96090000000595,137.25830000001193,223.2515,258.6428000000119,323.28740000000596]","[92.96109999999403,137.25830000001193,223.2515,258.6428000000119,323.28740000000596]","[""legit_button""]",5.091145833,0.8772,6.875,2.7822,3.997395833,1.6267,0,9,9,13,1,resources/images/legit15.jpg,legit,0.95,0.65,0,0,,,,,,,,,,,,,,,,,,,,,,,,,,,,,,,,,,,,,,,,,,,,,,,,,,,,,,,,,,,,,,,,,,,,,,,,,,,,,,,,,,,,,,,
,,,,,,,,,,,001,2025-05-08_20h18.41.352,SLSIC2_O,2022.2.5,Win32,60.24096386,,,,,,,,,,,11,"[91.56540000000595,116.09919999998809,136.39659999999404,172.77200000000002,203.64309999999404,222.40619999998808,257.463900000006,289.08590000000595,308.999900000006,322.34290000000595,346.5095]","[91.56540000000595,116.09919999998809,136.39659999999404,172.77209999999405,203.64329999998213,222.40629999998214,257.463900000006,289.086099999994,308.999900000006,322.343,346.5095]",,5,"[117.16239999997616,173.56779999998213,204.62289999997614,290.04919999998805,309.7127999999821]","[117.16250000000001,173.5678999999762,204.62289999997614,290.04919999998805,309.7128999999761]",6,"[92.96090000000595,137.25830000001193,223.2515,258.6428000000119,323.28740000000596,347.521099999994]","[92.96109999999403,137.25830000001193,223.2515,258.6428000000119,323.28740000000596,347.521099999994]","[""legit_button""]",7.057291667,1.5086,0.013020833,2.7294,0.013020833,0.3949,0,10,10,15,1,resources/images/legit16.jpg,legit,0.65,0.65,0,0,,,,,,,,,,,,,,,,,,,,,,,,,,,,,,,,,,,,,,,,,,,,,,,,,,,,,,,,,,,,,,,,,,,,,,,,,,,,,,,,,,,,,,,
,,,,,,,,,,,001,2025-05-08_20h18.41.352,SLSIC2_O,2022.2.5,Win32,60.24096386,,,,,,,,,,,12,"[91.56540000000595,116.09919999998809,136.39659999999404,172.77200000000002,203.64309999999404,222.40619999998808,257.463900000006,289.08590000000595,308.999900000006,322.34290000000595,346.5095,363.50459999999407]","[91.56540000000595,116.09919999998809,136.39659999999404,172.77209999999405,203.64329999998213,222.40629999998214,257.463900000006,289.086099999994,308.999900000006,322.343,346.5095,363.50459999999407]",,6,"[117.16239999997616,173.56779999998213,204.62289999997614,290.04919999998805,309.7127999999821,364.46719999998805]","[117.16250000000001,173.5678999999762,204.62289999997614,290.04919999998805,309.7128999999761,364.46729999998206]",6,"[92.96090000000595,137.25830000001193,223.2515,258.6428000000119,323.28740000000596,347.521099999994]","[92.96109999999403,137.25830000001193,223.2515,258.6428000000119,323.28740000000596,347.521099999994]","[""scam_button""]",8.046875,1.611,0.0390625,2.3631,0.390625,0.8903,0,11,11,1,1,resources/images/scam9.jpg,scam,0.65,0.65,0,0,,,,,,,,,,,,,,,,,,,,,,,,,,,,,,,,,,,,,,,,,,,,,,,,,,,,,,,,,,,,,,,,,,,,,,,,,,,,,,,,,,,,,,,
,,,,,,,,,,,001,2025-05-08_20h18.41.352,SLSIC2_O,2022.2.5,Win32,60.24096386,,,,,,,,,,,13,"[91.56540000000595,116.09919999998809,136.39659999999404,172.77200000000002,203.64309999999404,222.40619999998808,257.463900000006,289.08590000000595,308.999900000006,322.34290000000595,346.5095,363.50459999999407,382.885]","[91.56540000000595,116.09919999998809,136.39659999999404,172.77209999999405,203.64329999998213,222.40629999998214,257.463900000006,289.086099999994,308.999900000006,322.343,346.5095,363.50459999999407,382.885]",,7,"[117.16239999997616,173.56779999998213,204.62289999997614,290.04919999998805,309.7127999999821,364.46719999998805,383.8978999999761]","[117.16250000000001,173.5678999999762,204.62289999997614,290.04919999998805,309.7128999999761,364.46729999998206,383.8978999999761]",6,"[92.96090000000595,137.25830000001193,223.2515,258.6428000000119,323.28740000000596,347.521099999994]","[92.96109999999403,137.25830000001193,223.2515,258.6428000000119,323.28740000000596,347.521099999994]","[""scam_button""]",9.973958333,2.5474,0.1171875,1.8926,0.1171875,0.5611,0,12,12,0,1,resources/images/scam8.jpg,scam,0.65,0.65,0,0,,,,,,,,,,,,,,,,,,,,,,,,,,,,,,,,,,,,,,,,,,,,,,,,,,,,,,,,,,,,,,,,,,,,,,,,,,,,,,,,,,,,,,,
,,,,,,,,,,,001,2025-05-08_20h18.41.352,SLSIC2_O,2022.2.5,Win32,60.24096386,,,,,,,,,,,14,"[91.56540000000595,116.09919999998809,136.39659999999404,172.77200000000002,203.64309999999404,222.40619999998808,257.463900000006,289.08590000000595,308.999900000006,322.34290000000595,346.5095,363.50459999999407,382.885,401.514400000006]","[91.56540000000595,116.09919999998809,136.39659999999404,172.77209999999405,203.64329999998213,222.40629999998214,257.463900000006,289.086099999994,308.999900000006,322.343,346.5095,363.50459999999407,382.885,401.5145]",,7,"[117.16239999997616,173.56779999998213,204.62289999997614,290.04919999998805,309.7127999999821,364.46719999998805,383.8978999999761]","[117.16250000000001,173.5678999999762,204.62289999997614,290.04919999998805,309.7128999999761,364.46729999998206,383.8978999999761]",7,"[92.96090000000595,137.25830000001193,223.2515,258.6428000000119,323.28740000000596,347.521099999994,402.75920000001787]","[92.96109999999403,137.25830000001193,223.2515,258.6428000000119,323.28740000000596,347.521099999994,402.7593000000119]","[""legit_button""]",7.942708333,1.2776,4.869791667,2.5264,4.947916667,2.1264,0,13,13,16,1,resources/images/legit_30.png,legit,1,0.85,0,0,,,,,,,,,,,,,,,,,,,,,,,,,,,,,,,,,,,,,,,,,,,,,,,,,,,,,,,,,,,,,,,,,,,,,,,,,,,,,,,,,,,,,,,
,,,,,,,,,,,001,2025-05-08_20h18.41.352,SLSIC2_O,2022.2.5,Win32,60.24096386,,,,,,,,,,,15,"[91.56540000000595,116.09919999998809,136.39659999999404,172.77200000000002,203.64309999999404,222.40619999998808,257.463900000006,289.08590000000595,308.999900000006,322.34290000000595,346.5095,363.50459999999407,382.885,401.514400000006,429.18359999999404]","[91.56540000000595,116.09919999998809,136.39659999999404,172.77209999999405,203.64329999998213,222.40629999998214,257.463900000006,289.086099999994,308.999900000006,322.343,346.5095,363.50459999999407,382.885,401.5145,429.18359999999404]",,7,"[117.16239999997616,173.56779999998213,204.62289999997614,290.04919999998805,309.7127999999821,364.46719999998805,383.8978999999761]","[117.16250000000001,173.5678999999762,204.62289999997614,290.04919999998805,309.7128999999761,364.46729999998206,383.8978999999761]",8,"[92.96090000000595,137.25830000001193,223.2515,258.6428000000119,323.28740000000596,347.521099999994,402.75920000001787,430.0787000000179]","[92.96109999999403,137.25830000001193,223.2515,258.6428000000119,323.28740000000596,347.521099999994,402.7593000000119,430.0788000000119]","[""legit_button""]",5,1.1433,0.091145833,1.8778,0.091145833,0.3937,0,14,14,4,1,resources/images/legit_19.png,legit,0.65,0.65,0,0,,,,,,,,,,,,,,,,,,,,,,,,,,,,,,,,,,,,,,,,,,,,,,,,,,,,,,,,,,,,,,,,,,,,,,,,,,,,,,,,,,,,,,,
,,,,,,,,,,,001,2025-05-08_20h18.41.352,SLSIC2_O,2022.2.5,Win32,60.24096386,,,,,,,,,,,16,"[91.56540000000595,116.09919999998809,136.39659999999404,172.77200000000002,203.64309999999404,222.40619999998808,257.463900000006,289.08590000000595,308.999900000006,322.34290000000595,346.5095,363.50459999999407,382.885,401.514400000006,429.18359999999404,452.8501999999881]","[91.56540000000595,116.09919999998809,136.39659999999404,172.77209999999405,203.64329999998213,222.40629999998214,257.463900000006,289.086099999994,308.999900000006,322.343,346.5095,363.50459999999407,382.885,401.5145,429.18359999999404,452.8502999999821]",,8,"[117.16239999997616,173.56779999998213,204.62289999997614,290.04919999998805,309.7127999999821,364.46719999998805,383.8978999999761,454.11299999999994]","[117.16250000000001,173.5678999999762,204.62289999997614,290.04919999998805,309.7128999999761,364.46729999998206,383.8978999999761,454.11299999999994]",8,"[92.96090000000595,137.25830000001193,223.2515,258.6428000000119,323.28740000000596,347.521099999994,402.75920000001787,430.0787000000179]","[92.96109999999403,137.25830000001193,223.2515,258.6428000000119,323.28740000000596,347.521099999994,402.7593000000119,430.0788000000119]","[""scam_button""]",9.84375,1.4594,0.234375,1.9591,0.234375,0.6597,0,15,15,12,1,resources/images/scam17.png,scam,0.8,0.65,0,0,,,,,,,,,,,,,,,,,,,,,,,,,,,,,,,,,,,,,,,,,,,,,,,,,,,,,,,,,,,,,,,,,,,,,,,,,,,,,,,,,,,,,,,
,,,,,,,,,,,001,2025-05-08_20h18.41.352,SLSIC2_O,2022.2.5,Win32,60.24096386,,,,,,,,,,,17,"[91.56540000000595,116.09919999998809,136.39659999999404,172.77200000000002,203.64309999999404,222.40619999998808,257.463900000006,289.08590000000595,308.999900000006,322.34290000000595,346.5095,363.50459999999407,382.885,401.514400000006,429.18359999999404,452.8501999999881,477.9341999999881]","[91.56540000000595,116.09919999998809,136.39659999999404,172.77209999999405,203.64329999998213,222.40629999998214,257.463900000006,289.086099999994,308.999900000006,322.343,346.5095,363.50459999999407,382.885,401.5145,429.18359999999404,452.8502999999821,477.9341999999881]",,9,"[117.16239999997616,173.56779999998213,204.62289999997614,290.04919999998805,309.7127999999821,364.46719999998805,383.8978999999761,454.11299999999994,478.8303999999761]","[117.16250000000001,173.5678999999762,204.62289999997614,290.04919999998805,309.7128999999761,364.46729999998206,383.8978999999761,454.11299999999994,478.8305]",8,"[92.96090000000595,137.25830000001193,223.2515,258.6428000000119,323.28740000000596,347.521099999994,402.75920000001787,430.0787000000179]","[92.96109999999403,137.25830000001193,223.2515,258.6428000000119,323.28740000000596,347.521099999994,402.7593000000119,430.0788000000119]","[""scam_button""]",4.947916667,1.1445,0.182291667,3.6112,0.182291667,0.3983,0,16,16,14,1,resources/images/scam18.png,scam,1,0.65,0,0,,,,,,,,,,,,,,,,,,,,,,,,,,,,,,,,,,,,,,,,,,,,,,,,,,,,,,,,,,,,,,,,,,,,,,,,,,,,,,,,,,,,,,,
,,,,,,,,,,,001,2025-05-08_20h18.41.352,SLSIC2_O,2022.2.5,Win32,60.24096386,,,,,,,,,,,18,"[91.56540000000595,116.09919999998809,136.39659999999404,172.77200000000002,203.64309999999404,222.40619999998808,257.463900000006,289.08590000000595,308.999900000006,322.34290000000595,346.5095,363.50459999999407,382.885,401.514400000006,429.18359999999404,452.8501999999881,477.9341999999881,495.946599999994]","[91.56540000000595,116.09919999998809,136.39659999999404,172.77209999999405,203.64329999998213,222.40629999998214,257.463900000006,289.086099999994,308.999900000006,322.343,346.5095,363.50459999999407,382.885,401.5145,429.18359999999404,452.8502999999821,477.9341999999881,495.946599999994]",,10,"[117.16239999997616,173.56779999998213,204.62289999997614,290.04919999998805,309.7127999999821,364.46719999998805,383.8978999999761,454.11299999999994,478.8303999999761,496.87649999999996]","[117.16250000000001,173.5678999999762,204.62289999997614,290.04919999998805,309.7128999999761,364.46729999998206,383.8978999999761,454.11299999999994,478.8305,496.87649999999996]",8,"[92.96090000000595,137.25830000001193,223.2515,258.6428000000119,323.28740000000596,347.521099999994,402.75920000001787,430.0787000000179]","[92.96109999999403,137.25830000001193,223.2515,258.6428000000119,323.28740000000596,347.521099999994,402.7593000000119,430.0788000000119]","[""scam_button""]",9.9609375,2.1098,0.0390625,2.4093,0.0390625,0.4657,0,17,17,6,1,resources/images/legit13.jpg,legit,0.65,0.65,0,0,,,,,,,,,,,,,,,,,,,,,,,,,,,,,,,,,,,,,,,,,,,,,,,,,,,,,,,,,,,,,,,,,,,,,,,,,,,,,,,,,,,,,,,
,,,,,,,,,,,001,2025-05-08_20h18.41.352,SLSIC2_O,2022.2.5,Win32,60.24096386,,,,,,,,,,,19,"[91.56540000000595,116.09919999998809,136.39659999999404,172.77200000000002,203.64309999999404,222.40619999998808,257.463900000006,289.08590000000595,308.999900000006,322.34290000000595,346.5095,363.50459999999407,382.885,401.514400000006,429.18359999999404,452.8501999999881,477.9341999999881,495.946599999994,505.9535999999941]","[91.56540000000595,116.09919999998809,136.39659999999404,172.77209999999405,203.64329999998213,222.40629999998214,257.463900000006,289.086099999994,308.999900000006,322.343,346.5095,363.50459999999407,382.885,401.5145,429.18359999999404,452.8502999999821,477.9341999999881,495.946599999994,505.9535999999941]",,11,"[117.16239999997616,173.56779999998213,204.62289999997614,290.04919999998805,309.7127999999821,364.46719999998805,383.8978999999761,454.11299999999994,478.8303999999761,496.87649999999996,506.9167999999821]","[117.16250000000001,173.5678999999762,204.62289999997614,290.04919999998805,309.7128999999761,364.46729999998206,383.8978999999761,454.11299999999994,478.8305,496.87649999999996,506.9168999999762]",8,"[92.96090000000595,137.25830000001193,223.2515,258.6428000000119,323.28740000000596,347.521099999994,402.75920000001787,430.0787000000179]","[92.96109999999403,137.25830000001193,223.2515,258.6428000000119,323.28740000000596,347.521099999994,402.7593000000119,430.0788000000119]","[""scam_button""]",9.9609375,1.4284,0.052083333,1.8273,0.026041667,0.415,0,18,18,18,1,resources/images/scam_20.png,scam,1.45,0.6,0,0,,,,,,,,,,,,,,,,,,,,,,,,,,,,,,,,,,,,,,,,,,,,,,,,,,,,,,,,,,,,,,,,,,,,,,,,,,,,,,,,,,,,,,,
,,,,,,,,,,,001,2025-05-08_20h18.41.352,SLSIC2_O,2022.2.5,Win32,60.24096386,,,,,,,,,,,20,"[91.56540000000595,116.09919999998809,136.39659999999404,172.77200000000002,203.64309999999404,222.40619999998808,257.463900000006,289.08590000000595,308.999900000006,322.34290000000595,346.5095,363.50459999999407,382.885,401.514400000006,429.18359999999404,452.8501999999881,477.9341999999881,495.946599999994,505.9535999999941,534.940299999982]","[91.56540000000595,116.09919999998809,136.39659999999404,172.77209999999405,203.64329999998213,222.40629999998214,257.463900000006,289.086099999994,308.999900000006,322.343,346.5095,363.50459999999407,382.885,401.5145,429.18359999999404,452.8502999999821,477.9341999999881,495.946599999994,505.9535999999941,534.940299999982]",,11,"[117.16239999997616,173.56779999998213,204.62289999997614,290.04919999998805,309.7127999999821,364.46719999998805,383.8978999999761,454.11299999999994,478.8303999999761,496.87649999999996,506.9167999999821]","[117.16250000000001,173.5678999999762,204.62289999997614,290.04919999998805,309.7128999999761,364.46729999998206,383.8978999999761,454.11299999999994,478.8305,496.87649999999996,506.9168999999762]",9,"[92.96090000000595,137.25830000001193,223.2515,258.6428000000119,323.28740000000596,347.521099999994,402.75920000001787,430.0787000000179,535.668400000006]","[92.96109999999403,137.25830000001193,223.2515,258.6428000000119,323.28740000000596,347.521099999994,402.7593000000119,430.0788000000119,535.6685]","[""legit_button""]",6.848958333,0.9771,0,1.3828,0,0.4414,0,19,19,23,1,resources/images/scam_22.png,scam,1,0.65,0,0,,,,,,,,,,,,,,,,,,,,,,,,,,,,,,,,,,,,,,,,,,,,,,,,,,,,,,,,,,,,,,,,,,,,,,,,,,,,,,,,,,,,,,,
,,,,,,,,,,,001,2025-05-08_20h18.41.352,SLSIC2_O,2022.2.5,Win32,60.24096386,,,,,,,,,,,21,"[91.56540000000595,116.09919999998809,136.39659999999404,172.77200000000002,203.64309999999404,222.40619999998808,257.463900000006,289.08590000000595,308.999900000006,322.34290000000595,346.5095,363.50459999999407,382.885,401.514400000006,429.18359999999404,452.8501999999881,477.9341999999881,495.946599999994,505.9535999999941,534.940299999982,546.2650999999939]","[91.56540000000595,116.09919999998809,136.39659999999404,172.77209999999405,203.64329999998213,222.40629999998214,257.463900000006,289.086099999994,308.999900000006,322.343,346.5095,363.50459999999407,382.885,401.5145,429.18359999999404,452.8502999999821,477.9341999999881,495.946599999994,505.9535999999941,534.940299999982,546.2650999999939]",,12,"[117.16239999997616,173.56779999998213,204.62289999997614,290.04919999998805,309.7127999999821,364.46719999998805,383.8978999999761,454.11299999999994,478.8303999999761,496.87649999999996,506.9167999999821,547.0614999999999]","[117.16250000000001,173.5678999999762,204.62289999997614,290.04919999998805,309.7128999999761,364.46729999998206,383.8978999999761,454.11299999999994,478.8305,496.87649999999996,506.9168999999762,547.0614999999999]",9,"[92.96090000000595,137.25830000001193,223.2515,258.6428000000119,323.28740000000596,347.521099999994,402.75920000001787,430.0787000000179,535.668400000006]","[92.96109999999403,137.25830000001193,223.2515,258.6428000000119,323.28740000000596,347.521099999994,402.7593000000119,430.0788000000119,535.6685]","[""scam_button""]",9.114583333,2.2819,0,1.8275,0.026041667,0.3784,0,20,20,20,1,resources/images/scam_30.png,scam,1.45,0.6,0,0,,,,,,,,,,,,,,,,,,,,,,,,,,,,,,,,,,,,,,,,,,,,,,,,,,,,,,,,,,,,,,,,,,,,,,,,,,,,,,,,,,,,,,,
,,,,,,,,,,,001,2025-05-08_20h18.41.352,SLSIC2_O,2022.2.5,Win32,60.24096386,,,,,,,,,,,22,"[91.56540000000595,116.09919999998809,136.39659999999404,172.77200000000002,203.64309999999404,222.40619999998808,257.463900000006,289.08590000000595,308.999900000006,322.34290000000595,346.5095,363.50459999999407,382.885,401.514400000006,429.18359999999404,452.8501999999881,477.9341999999881,495.946599999994,505.9535999999941,534.940299999982,546.2650999999939,564.411]","[91.56540000000595,116.09919999998809,136.39659999999404,172.77209999999405,203.64329999998213,222.40629999998214,257.463900000006,289.086099999994,308.999900000006,322.343,346.5095,363.50459999999407,382.885,401.5145,429.18359999999404,452.8502999999821,477.9341999999881,495.946599999994,505.9535999999941,534.940299999982,546.2650999999939,564.411099999994]",,13,"[117.16239999997616,173.56779999998213,204.62289999997614,290.04919999998805,309.7127999999821,364.46719999998805,383.8978999999761,454.11299999999994,478.8303999999761,496.87649999999996,506.9167999999821,547.0614999999999,565.490699999988]","[117.16250000000001,173.5678999999762,204.62289999997614,290.04919999998805,309.7128999999761,364.46729999998206,383.8978999999761,454.11299999999994,478.8305,496.87649999999996,506.9168999999762,547.0614999999999,565.490699999988]",9,"[92.96090000000595,137.25830000001193,223.2515,258.6428000000119,323.28740000000596,347.521099999994,402.75920000001787,430.0787000000179,535.668400000006]","[92.96109999999403,137.25830000001193,223.2515,258.6428000000119,323.28740000000596,347.521099999994,402.7593000000119,430.0788000000119,535.6685]","[""scam_button""]",7.044270833,1.2275,4.869791667,3.2122,0.1953125,1.509,0,21,21,10,1,resources/images/scam15.jpg,scam,0.65,0.65,0,0,,,,,,,,,,,,,,,,,,,,,,,,,,,,,,,,,,,,,,,,,,,,,,,,,,,,,,,,,,,,,,,,,,,,,,,,,,,,,,,,,,,,,,,
,,,,,,,,,,,001,2025-05-08_20h18.41.352,SLSIC2_O,2022.2.5,Win32,60.24096386,,,,,,,,,,,23,"[91.56540000000595,116.09919999998809,136.39659999999404,172.77200000000002,203.64309999999404,222.40619999998808,257.463900000006,289.08590000000595,308.999900000006,322.34290000000595,346.5095,363.50459999999407,382.885,401.514400000006,429.18359999999404,452.8501999999881,477.9341999999881,495.946599999994,505.9535999999941,534.940299999982,546.2650999999939,564.411,587.677099999994]","[91.56540000000595,116.09919999998809,136.39659999999404,172.77209999999405,203.64329999998213,222.40629999998214,257.463900000006,289.086099999994,308.999900000006,322.343,346.5095,363.50459999999407,382.885,401.5145,429.18359999999404,452.8502999999821,477.9341999999881,495.946599999994,505.9535999999941,534.940299999982,546.2650999999939,564.411099999994,587.677199999988]",,13,"[117.16239999997616,173.56779999998213,204.62289999997614,290.04919999998805,309.7127999999821,364.46719999998805,383.8978999999761,454.11299999999994,478.8303999999761,496.87649999999996,506.9167999999821,547.0614999999999,565.490699999988]","[117.16250000000001,173.5678999999762,204.62289999997614,290.04919999998805,309.7128999999761,364.46729999998206,383.8978999999761,454.11299999999994,478.8305,496.87649999999996,506.9168999999762,547.0614999999999,565.490699999988]",10,"[92.96090000000595,137.25830000001193,223.2515,258.6428000000119,323.28740000000596,347.521099999994,402.75920000001787,430.0787000000179,535.668400000006,588.922300000012]","[92.96109999999403,137.25830000001193,223.2515,258.6428000000119,323.28740000000596,347.521099999994,402.7593000000119,430.0788000000119,535.6685,588.922300000012]","[""legit_button""]",7.747395833,1.2439,3.90625,1.8968,0.0390625,1.1437,0,22,22,3,1,resources/images/legit_20.png,legit,0.9,0.8,0,0,,,,,,,,,,,,,,,,,,,,,,,,,,,,,,,,,,,,,,,,,,,,,,,,,,,,,,,,,,,,,,,,,,,,,,,,,,,,,,,,,,,,,,,
,,,,,,,,,,,001,2025-05-08_20h18.41.352,SLSIC2_O,2022.2.5,Win32,60.24096386,,,,,,,,,,,24,"[91.56540000000595,116.09919999998809,136.39659999999404,172.77200000000002,203.64309999999404,222.40619999998808,257.463900000006,289.08590000000595,308.999900000006,322.34290000000595,346.5095,363.50459999999407,382.885,401.514400000006,429.18359999999404,452.8501999999881,477.9341999999881,495.946599999994,505.9535999999941,534.940299999982,546.2650999999939,564.411,587.677099999994,603.371199999988]","[91.56540000000595,116.09919999998809,136.39659999999404,172.77209999999405,203.64329999998213,222.40629999998214,257.463900000006,289.086099999994,308.999900000006,322.343,346.5095,363.50459999999407,382.885,401.5145,429.18359999999404,452.8502999999821,477.9341999999881,495.946599999994,505.9535999999941,534.940299999982,546.2650999999939,564.411099999994,587.677199999988,603.3714000000059]",,14,"[117.16239999997616,173.56779999998213,204.62289999997614,290.04919999998805,309.7127999999821,364.46719999998805,383.8978999999761,454.11299999999994,478.8303999999761,496.87649999999996,506.9167999999821,547.0614999999999,565.490699999988,604.3009999999999]","[117.16250000000001,173.5678999999762,204.62289999997614,290.04919999998805,309.7128999999761,364.46729999998206,383.8978999999761,454.11299999999994,478.8305,496.87649999999996,506.9168999999762,547.0614999999999,565.490699999988,604.3009999999999]",10,"[92.96090000000595,137.25830000001193,223.2515,258.6428000000119,323.28740000000596,347.521099999994,402.75920000001787,430.0787000000179,535.668400000006,588.922300000012]","[92.96109999999403,137.25830000001193,223.2515,258.6428000000119,323.28740000000596,347.521099999994,402.7593000000119,430.0788000000119,535.6685,588.922300000012]","[""scam_button""]",8.111979167,1.0605,0.963541667,1.7114,0.091145833,0.7486,0,23,23,5,1,resources/images/legit12.jpg,legit,1,0.65,0,0,,,,,,,,,,,,,,,,,,,,,,,,,,,,,,,,,,,,,,,,,,,,,,,,,,,,,,,,,,,,,,,,,,,,,,,,,,,,,,,,,,,,,,,
,,,,,,,,,,,001,2025-05-08_20h18.41.352,SLSIC2_O,2022.2.5,Win32,60.24096386,,,,,,,,,,,,,,,,,,,,,,,,,,,,,,,,,,,,,,,space,2.185,,,,,,,,,,,,,,,,,,,,,,,,,,,,,,,,,,,,,,,,,,,,,,,,,,,,,,,,,,,,,,,,,,,,,,,,,,,,,,,,,,,,,
,,,,,,,,,,,001,2025-05-08_20h18.41.352,SLSIC2_O,2022.2.5,Win32,60.24096386,,,,,,,,,,,,,,,,,,,,,,,,,,,,,,,,,,,,,,,,,1,[628.2179000000059],[628.218],,,,,,,,,,,,,,,,,,,,,,,,,,,,,,,,,,,,,,,,,,,,,,,,,,,,,,,,,,,,,,,,,,,,,,,,,,,,,,,,,,
,,,,,,,,,,,001,2025-05-08_20h18.41.352,SLSIC2_O,2022.2.5,Win32,60.24096386,,,,,,,,,,,,,,,,,,,,,,,,0.15625,2.6282,,,,,,,,,,,,,,,,,,,,,,,,,,,,,,,,,,,,,,,,,,,,,,,,,,,,,,,,,,,,,,,,,,,,,,,,,,,,,,,,,,,,,,,,,,,,,,,,,,,,
,,,,,,,,,,,001,2025-05-08_20h18.41.352,SLSIC2_O,2022.2.5,Win32,60.24096386,,,,,,,,,,,,,,,,,,,,,,,,,,,,,,,,,,,,,,,,,,,,1,[637.5886000000238],[637.5887000000179],,,,,,,,,,,,,,,,,,,,,,,,,,,,,,,,,,,,,,,,,,,,,,,,,,,,,,,,,,,,,,,,,,,,,,,,,,,,,,,
,,,,,,,,,,,001,2025-05-08_20h18.41.352,SLSIC2_O,2022.2.5,Win32,60.24096386,,,,,,,,,,,,,,,,,,,,,,,,5.1171875,1.0094,,,,,,,,,,,,,,,,,,,,,,,,,,,,,,,,,,,,,,,,,,,,,,,,,,,,,,,,,,,,,,,,,,,,,,,,,,,,,,,,,,,,,,,,,,,,,,,,,,,,
,,,,,,,,,,,001,2025-05-08_20h18.41.352,SLSIC2_O,2022.2.5,Win32,60.24096386,,,,,,,,,,,,,,,,,,,,,,,,,,,,,,,,,,,,,,,,,,,,,,,1,[646.126199999988],[646.126199999988],,,,,,,,,,,,,,,,,,,,,,,,,,,,,,,,,,,,,,,,,,,,,,,,,,,,,,,,,,,,,,,,,,,,,,,,,,,,
,,,,,,,,,,,001,2025-05-08_20h18.41.352,SLSIC2_O,2022.2.5,Win32,60.24096386,,,,,,,,,,,,,,,,,,,,,,,,5.807291667,1.9504,,,,,,,,,,,,,,,,,,,,,,,,,,,,,,,,,,,,,,,,,,,,,,,,,,,,,,,,,,,,,,,,,,,,,,,,,,,,,,,,,,,,,,,,,,,,,,,,,,,,
,,,,,,,,,,,001,2025-05-08_20h18.41.352,SLSIC2_O,2022.2.5,Win32,60.24096386,,,,,,,,,space,4.0038,,,,,,,,,,,,,,,,,,,,,,,,,,,,,,,,,,,,,,,,,,,,,,,,,,,,,,,,,,,,,,,,,,,,,,,,,,,,,,,,,,,,,,,,,,,,,,,,,,,,,,,,,,,,,,,,,,,
,,,,,,,,,,,001,2025-05-08_20h18.41.352,SLSIC2_O,2022.2.5,Win32,60.24096386,,,,,,,,,,,25,"[91.56540000000595,116.09919999998809,136.39659999999404,172.77200000000002,203.64309999999404,222.40619999998808,257.463900000006,289.08590000000595,308.999900000006,322.34290000000595,346.5095,363.50459999999407,382.885,401.514400000006,429.18359999999404,452.8501999999881,477.9341999999881,495.946599999994,505.9535999999941,534.940299999982,546.2650999999939,564.411,587.677099999994,603.371199999988,667.3826999999881]","[91.56540000000595,116.09919999998809,136.39659999999404,172.77209999999405,203.64329999998213,222.40629999998214,257.463900000006,289.086099999994,308.999900000006,322.343,346.5095,363.50459999999407,382.885,401.5145,429.18359999999404,452.8502999999821,477.9341999999881,495.946599999994,505.9535999999941,534.940299999982,546.2650999999939,564.411099999994,587.677199999988,603.3714000000059,667.3826999999881]",,15,"[117.16239999997616,173.56779999998213,204.62289999997614,290.04919999998805,309.7127999999821,364.46719999998805,383.8978999999761,454.11299999999994,478.8303999999761,496.87649999999996,506.9167999999821,547.0614999999999,565.490699999988,604.3009999999999,668.995699999988]","[117.16250000000001,173.5678999999762,204.62289999997614,290.04919999998805,309.7128999999761,364.46729999998206,383.8978999999761,454.11299999999994,478.8305,496.87649999999996,506.9168999999762,547.0614999999999,565.490699999988,604.3009999999999,668.995699999988]",10,"[92.96090000000595,137.25830000001193,223.2515,258.6428000000119,323.28740000000596,347.521099999994,402.75920000001787,430.0787000000179,535.668400000006,588.922300000012]","[92.96109999999403,137.25830000001193,223.2515,258.6428000000119,323.28740000000596,347.521099999994,402.7593000000119,430.0788000000119,535.6685,588.922300000012]","[""scam_button""]",9.934895833,1.5432,2.9296875,2.3644,0.2734375,2.1471,,,,,,resources/images/scam13.png,scam,1,0.65,0,0,,,,,,,,,,,,0,0,0,16,1,,,,,,,,,,,,,,,,,,,,,,,,,,,,,,,,,,,,,,,,,,,,,,,,,,,,,,,,,,,,,,,,,,,,,,,
,,,,,,,,,,,001,2025-05-08_20h18.41.352,SLSIC2_O,2022.2.5,Win32,60.24096386,,,,,,,,,,,26,"[91.56540000000595,116.09919999998809,136.39659999999404,172.77200000000002,203.64309999999404,222.40619999998808,257.463900000006,289.08590000000595,308.999900000006,322.34290000000595,346.5095,363.50459999999407,382.885,401.514400000006,429.18359999999404,452.8501999999881,477.9341999999881,495.946599999994,505.9535999999941,534.940299999982,546.2650999999939,564.411,587.677099999994,603.371199999988,667.3826999999881,682.126299999982]","[91.56540000000595,116.09919999998809,136.39659999999404,172.77209999999405,203.64329999998213,222.40629999998214,257.463900000006,289.086099999994,308.999900000006,322.343,346.5095,363.50459999999407,382.885,401.5145,429.18359999999404,452.8502999999821,477.9341999999881,495.946599999994,505.9535999999941,534.940299999982,546.2650999999939,564.411099999994,587.677199999988,603.3714000000059,667.3826999999881,682.1265]",,16,"[117.16239999997616,173.56779999998213,204.62289999997614,290.04919999998805,309.7127999999821,364.46719999998805,383.8978999999761,454.11299999999994,478.8303999999761,496.87649999999996,506.9167999999821,547.0614999999999,565.490699999988,604.3009999999999,668.995699999988,682.755699999988]","[117.16250000000001,173.5678999999762,204.62289999997614,290.04919999998805,309.7128999999761,364.46729999998206,383.8978999999761,454.11299999999994,478.8305,496.87649999999996,506.9168999999762,547.0614999999999,565.490699999988,604.3009999999999,668.995699999988,682.755699999988]",10,"[92.96090000000595,137.25830000001193,223.2515,258.6428000000119,323.28740000000596,347.521099999994,402.75920000001787,430.0787000000179,535.668400000006,588.922300000012]","[92.96109999999403,137.25830000001193,223.2515,258.6428000000119,323.28740000000596,347.521099999994,402.7593000000119,430.0788000000119,535.6685,588.922300000012]","[""scam_button""]",9.947916667,1.4767,0.052083333,1.2454,0.052083333,0.3934,,,,,,resources/images/scam7.png,scam,0.65,0.65,0,0,,,,,,,,,,,,0,1,1,10,1,,,,,,,,,,,,,,,,,,,,,,,,,,,,,,,,,,,,,,,,,,,,,,,,,,,,,,,,,,,,,,,,,,,,,,,
,,,,,,,,,,,001,2025-05-08_20h18.41.352,SLSIC2_O,2022.2.5,Win32,60.24096386,,,,,,,,,,,27,"[91.56540000000595,116.09919999998809,136.39659999999404,172.77200000000002,203.64309999999404,222.40619999998808,257.463900000006,289.08590000000595,308.999900000006,322.34290000000595,346.5095,363.50459999999407,382.885,401.514400000006,429.18359999999404,452.8501999999881,477.9341999999881,495.946599999994,505.9535999999941,534.940299999982,546.2650999999939,564.411,587.677099999994,603.371199999988,667.3826999999881,682.126299999982,690.2650999999939]","[91.56540000000595,116.09919999998809,136.39659999999404,172.77209999999405,203.64329999998213,222.40629999998214,257.463900000006,289.086099999994,308.999900000006,322.343,346.5095,363.50459999999407,382.885,401.5145,429.18359999999404,452.8502999999821,477.9341999999881,495.946599999994,505.9535999999941,534.940299999982,546.2650999999939,564.411099999994,587.677199999988,603.3714000000059,667.3826999999881,682.1265,690.265199999988]",,17,"[117.16239999997616,173.56779999998213,204.62289999997614,290.04919999998805,309.7127999999821,364.46719999998805,383.8978999999761,454.11299999999994,478.8303999999761,496.87649999999996,506.9167999999821,547.0614999999999,565.490699999988,604.3009999999999,668.995699999988,682.755699999988,691.295]","[117.16250000000001,173.5678999999762,204.62289999997614,290.04919999998805,309.7128999999761,364.46729999998206,383.8978999999761,454.11299999999994,478.8305,496.87649999999996,506.9168999999762,547.0614999999999,565.490699999988,604.3009999999999,668.995699999988,682.755699999988,691.295099999994]",10,"[92.96090000000595,137.25830000001193,223.2515,258.6428000000119,323.28740000000596,347.521099999994,402.75920000001787,430.0787000000179,535.668400000006,588.922300000012]","[92.96109999999403,137.25830000001193,223.2515,258.6428000000119,323.28740000000596,347.521099999994,402.7593000000119,430.0788000000119,535.6685,588.922300000012]","[""scam_button""]",9.908854167,1.1768,4.921875,1.259,0.4296875,1.2097,,,,,,resources/images/scam3.png,scam,1.2,0.65,0,0,,,,,,,,,,,,0,2,2,2,1,,,,,,,,,,,,,,,,,,,,,,,,,,,,,,,,,,,,,,,,,,,,,,,,,,,,,,,,,,,,,,,,,,,,,,,
,,,,,,,,,,,001,2025-05-08_20h18.41.352,SLSIC2_O,2022.2.5,Win32,60.24096386,,,,,,,,,,,28,"[91.56540000000595,116.09919999998809,136.39659999999404,172.77200000000002,203.64309999999404,222.40619999998808,257.463900000006,289.08590000000595,308.999900000006,322.34290000000595,346.5095,363.50459999999407,382.885,401.514400000006,429.18359999999404,452.8501999999881,477.9341999999881,495.946599999994,505.9535999999941,534.940299999982,546.2650999999939,564.411,587.677099999994,603.371199999988,667.3826999999881,682.126299999982,690.2650999999939,703.6076999999881]","[91.56540000000595,116.09919999998809,136.39659999999404,172.77209999999405,203.64329999998213,222.40629999998214,257.463900000006,289.086099999994,308.999900000006,322.343,346.5095,363.50459999999407,382.885,401.5145,429.18359999999404,452.8502999999821,477.9341999999881,495.946599999994,505.9535999999941,534.940299999982,546.2650999999939,564.411099999994,587.677199999988,603.3714000000059,667.3826999999881,682.1265,690.265199999988,703.607799999982]",,17,"[117.16239999997616,173.56779999998213,204.62289999997614,290.04919999998805,309.7127999999821,364.46719999998805,383.8978999999761,454.11299999999994,478.8303999999761,496.87649999999996,506.9167999999821,547.0614999999999,565.490699999988,604.3009999999999,668.995699999988,682.755699999988,691.295]","[117.16250000000001,173.5678999999762,204.62289999997614,290.04919999998805,309.7128999999761,364.46729999998206,383.8978999999761,454.11299999999994,478.8305,496.87649999999996,506.9168999999762,547.0614999999999,565.490699999988,604.3009999999999,668.995699999988,682.755699999988,691.295099999994]",11,"[92.96090000000595,137.25830000001193,223.2515,258.6428000000119,323.28740000000596,347.521099999994,402.75920000001787,430.0787000000179,535.668400000006,588.922300000012,704.369400000006]","[92.96109999999403,137.25830000001193,223.2515,258.6428000000119,323.28740000000596,347.521099999994,402.7593000000119,430.0788000000119,535.6685,588.922300000012,704.3695]","[""legit_button""]",8.958333333,0.9415,7.903645833,1.9275,5.1953125,1.61,,,,,,resources/images/legit1.png,legit,1,0.72,0,0,,,,,,,,,,,,0,3,3,3,1,,,,,,,,,,,,,,,,,,,,,,,,,,,,,,,,,,,,,,,,,,,,,,,,,,,,,,,,,,,,,,,,,,,,,,,
,,,,,,,,,,,001,2025-05-08_20h18.41.352,SLSIC2_O,2022.2.5,Win32,60.24096386,,,,,,,,,,,29,"[91.56540000000595,116.09919999998809,136.39659999999404,172.77200000000002,203.64309999999404,222.40619999998808,257.463900000006,289.08590000000595,308.999900000006,322.34290000000595,346.5095,363.50459999999407,382.885,401.514400000006,429.18359999999404,452.8501999999881,477.9341999999881,495.946599999994,505.9535999999941,534.940299999982,546.2650999999939,564.411,587.677099999994,603.371199999988,667.3826999999881,682.126299999982,690.2650999999939,703.6076999999881,720.002599999994]","[91.56540000000595,116.09919999998809,136.39659999999404,172.77209999999405,203.64329999998213,222.40629999998214,257.463900000006,289.086099999994,308.999900000006,322.343,346.5095,363.50459999999407,382.885,401.5145,429.18359999999404,452.8502999999821,477.9341999999881,495.946599999994,505.9535999999941,534.940299999982,546.2650999999939,564.411099999994,587.677199999988,603.3714000000059,667.3826999999881,682.1265,690.265199999988,703.607799999982,720.0026999999881]",,17,"[117.16239999997616,173.56779999998213,204.62289999997614,290.04919999998805,309.7127999999821,364.46719999998805,383.8978999999761,454.11299999999994,478.8303999999761,496.87649999999996,506.9167999999821,547.0614999999999,565.490699999988,604.3009999999999,668.995699999988,682.755699999988,691.295]","[117.16250000000001,173.5678999999762,204.62289999997614,290.04919999998805,309.7128999999761,364.46729999998206,383.8978999999761,454.11299999999994,478.8305,496.87649999999996,506.9168999999762,547.0614999999999,565.490699999988,604.3009999999999,668.995699999988,682.755699999988,691.295099999994]",12,"[92.96090000000595,137.25830000001193,223.2515,258.6428000000119,323.28740000000596,347.521099999994,402.75920000001787,430.0787000000179,535.668400000006,588.922300000012,704.369400000006,720.681]","[92.96109999999403,137.25830000001193,223.2515,258.6428000000119,323.28740000000596,347.521099999994,402.7593000000119,430.0788000000119,535.6685,588.922300000012,704.3695,720.681]","[""legit_button""]",9.9609375,0.8912,5.9765625,1.9273,3.971354167,1.8774,,,,,,resources/images/scam6.jpg,scam,1,0.65,0,0,,,,,,,,,,,,0,4,4,9,1,,,,,,,,,,,,,,,,,,,,,,,,,,,,,,,,,,,,,,,,,,,,,,,,,,,,,,,,,,,,,,,,,,,,,,,
,,,,,,,,,,,001,2025-05-08_20h18.41.352,SLSIC2_O,2022.2.5,Win32,60.24096386,,,,,,,,,,,30,"[91.56540000000595,116.09919999998809,136.39659999999404,172.77200000000002,203.64309999999404,222.40619999998808,257.463900000006,289.08590000000595,308.999900000006,322.34290000000595,346.5095,363.50459999999407,382.885,401.514400000006,429.18359999999404,452.8501999999881,477.9341999999881,495.946599999994,505.9535999999941,534.940299999982,546.2650999999939,564.411,587.677099999994,603.371199999988,667.3826999999881,682.126299999982,690.2650999999939,703.6076999999881,720.002599999994,735.463299999982]","[91.56540000000595,116.09919999998809,136.39659999999404,172.77209999999405,203.64329999998213,222.40629999998214,257.463900000006,289.086099999994,308.999900000006,322.343,346.5095,363.50459999999407,382.885,401.5145,429.18359999999404,452.8502999999821,477.9341999999881,495.946599999994,505.9535999999941,534.940299999982,546.2650999999939,564.411099999994,587.677199999988,603.3714000000059,667.3826999999881,682.1265,690.265199999988,703.607799999982,720.0026999999881,735.463299999982]",,18,"[117.16239999997616,173.56779999998213,204.62289999997614,290.04919999998805,309.7127999999821,364.46719999998805,383.8978999999761,454.11299999999994,478.8303999999761,496.87649999999996,506.9167999999821,547.0614999999999,565.490699999988,604.3009999999999,668.995699999988,682.755699999988,691.295,736.259699999988]","[117.16250000000001,173.5678999999762,204.62289999997614,290.04919999998805,309.7128999999761,364.46729999998206,383.8978999999761,454.11299999999994,478.8305,496.87649999999996,506.9168999999762,547.0614999999999,565.490699999988,604.3009999999999,668.995699999988,682.755699999988,691.295099999994,736.259699999988]",12,"[92.96090000000595,137.25830000001193,223.2515,258.6428000000119,323.28740000000596,347.521099999994,402.75920000001787,430.0787000000179,535.668400000006,588.922300000012,704.369400000006,720.681]","[92.96109999999403,137.25830000001193,223.2515,258.6428000000119,323.28740000000596,347.521099999994,402.7593000000119,430.0788000000119,535.6685,588.922300000012,704.3695,720.681]","[""scam_button""]",8.932291667,0.9957,5,1.5277,1.328125,0.8763,,,,,,resources/images/legit8.png,legit,0.8,0.72,0,0,,,,,,,,,,,,0,5,5,15,1,,,,,,,,,,,,,,,,,,,,,,,,,,,,,,,,,,,,,,,,,,,,,,,,,,,,,,,,,,,,,,,,,,,,,,,
,,,,,,,,,,,001,2025-05-08_20h18.41.352,SLSIC2_O,2022.2.5,Win32,60.24096386,,,,,,,,,,,31,"[91.56540000000595,116.09919999998809,136.39659999999404,172.77200000000002,203.64309999999404,222.40619999998808,257.463900000006,289.08590000000595,308.999900000006,322.34290000000595,346.5095,363.50459999999407,382.885,401.514400000006,429.18359999999404,452.8501999999881,477.9341999999881,495.946599999994,505.9535999999941,534.940299999982,546.2650999999939,564.411,587.677099999994,603.371199999988,667.3826999999881,682.126299999982,690.2650999999939,703.6076999999881,720.002599999994,735.463299999982,749.7399999999999]","[91.56540000000595,116.09919999998809,136.39659999999404,172.77209999999405,203.64329999998213,222.40629999998214,257.463900000006,289.086099999994,308.999900000006,322.343,346.5095,363.50459999999407,382.885,401.5145,429.18359999999404,452.8502999999821,477.9341999999881,495.946599999994,505.9535999999941,534.940299999982,546.2650999999939,564.411099999994,587.677199999988,603.3714000000059,667.3826999999881,682.1265,690.265199999988,703.607799999982,720.0026999999881,735.463299999982,749.740199999988]",,18,"[117.16239999997616,173.56779999998213,204.62289999997614,290.04919999998805,309.7127999999821,364.46719999998805,383.8978999999761,454.11299999999994,478.8303999999761,496.87649999999996,506.9167999999821,547.0614999999999,565.490699999988,604.3009999999999,668.995699999988,682.755699999988,691.295,736.259699999988]","[117.16250000000001,173.5678999999762,204.62289999997614,290.04919999998805,309.7128999999761,364.46729999998206,383.8978999999761,454.11299999999994,478.8305,496.87649999999996,506.9168999999762,547.0614999999999,565.490699999988,604.3009999999999,668.995699999988,682.755699999988,691.295099999994,736.259699999988]",13,"[92.96090000000595,137.25830000001193,223.2515,258.6428000000119,323.28740000000596,347.521099999994,402.75920000001787,430.0787000000179,535.668400000006,588.922300000012,704.369400000006,720.681,750.3013000000119]","[92.96109999999403,137.25830000001193,223.2515,258.6428000000119,323.28740000000596,347.521099999994,402.7593000000119,430.0788000000119,535.6685,588.922300000012,704.3695,720.681,750.3013000000119]","[""legit_button""]",7.760416667,0.7599,4.739583333,1.1268,4.908854167,0.6259,,,,,,resources/images/legit3.jpg,legit,1,0.73,0,0,,,,,,,,,,,,0,6,6,5,1,,,,,,,,,,,,,,,,,,,,,,,,,,,,,,,,,,,,,,,,,,,,,,,,,,,,,,,,,,,,,,,,,,,,,,,
,,,,,,,,,,,001,2025-05-08_20h18.41.352,SLSIC2_O,2022.2.5,Win32,60.24096386,,,,,,,,,,,32,"[91.56540000000595,116.09919999998809,136.39659999999404,172.77200000000002,203.64309999999404,222.40619999998808,257.463900000006,289.08590000000595,308.999900000006,322.34290000000595,346.5095,363.50459999999407,382.885,401.514400000006,429.18359999999404,452.8501999999881,477.9341999999881,495.946599999994,505.9535999999941,534.940299999982,546.2650999999939,564.411,587.677099999994,603.371199999988,667.3826999999881,682.126299999982,690.2650999999939,703.6076999999881,720.002599999994,735.463299999982,749.7399999999999,769.0032999999821]","[91.56540000000595,116.09919999998809,136.39659999999404,172.77209999999405,203.64329999998213,222.40629999998214,257.463900000006,289.086099999994,308.999900000006,322.343,346.5095,363.50459999999407,382.885,401.5145,429.18359999999404,452.8502999999821,477.9341999999881,495.946599999994,505.9535999999941,534.940299999982,546.2650999999939,564.411099999994,587.677199999988,603.3714000000059,667.3826999999881,682.1265,690.265199999988,703.607799999982,720.0026999999881,735.463299999982,749.740199999988,769.003599999994]",,18,"[117.16239999997616,173.56779999998213,204.62289999997614,290.04919999998805,309.7127999999821,364.46719999998805,383.8978999999761,454.11299999999994,478.8303999999761,496.87649999999996,506.9167999999821,547.0614999999999,565.490699999988,604.3009999999999,668.995699999988,682.755699999988,691.295,736.259699999988]","[117.16250000000001,173.5678999999762,204.62289999997614,290.04919999998805,309.7128999999761,364.46729999998206,383.8978999999761,454.11299999999994,478.8305,496.87649999999996,506.9168999999762,547.0614999999999,565.490699999988,604.3009999999999,668.995699999988,682.755699999988,691.295099999994,736.259699999988]",14,"[92.96090000000595,137.25830000001193,223.2515,258.6428000000119,323.28740000000596,347.521099999994,402.75920000001787,430.0787000000179,535.668400000006,588.922300000012,704.369400000006,720.681,750.3013000000119,769.648300000012]","[92.96109999999403,137.25830000001193,223.2515,258.6428000000119,323.28740000000596,347.521099999994,402.7593000000119,430.0788000000119,535.6685,588.922300000012,704.3695,720.681,750.3013000000119,769.648300000012]","[""legit_button""]",6.9140625,0.8428,3.229166667,1.744,0.169270833,1.5115,,,,,,resources/images/legit14-EDIT.jpg,legit,1,0.65,0,0,,,,,,,,,,,,0,7,7,21,1,,,,,,,,,,,,,,,,,,,,,,,,,,,,,,,,,,,,,,,,,,,,,,,,,,,,,,,,,,,,,,,,,,,,,,,
,,,,,,,,,,,001,2025-05-08_20h18.41.352,SLSIC2_O,2022.2.5,Win32,60.24096386,,,,,,,,,,,33,"[91.56540000000595,116.09919999998809,136.39659999999404,172.77200000000002,203.64309999999404,222.40619999998808,257.463900000006,289.08590000000595,308.999900000006,322.34290000000595,346.5095,363.50459999999407,382.885,401.514400000006,429.18359999999404,452.8501999999881,477.9341999999881,495.946599999994,505.9535999999941,534.940299999982,546.2650999999939,564.411,587.677099999994,603.371199999988,667.3826999999881,682.126299999982,690.2650999999939,703.6076999999881,720.002599999994,735.463299999982,749.7399999999999,769.0032999999821,778.7102999999821]","[91.56540000000595,116.09919999998809,136.39659999999404,172.77209999999405,203.64329999998213,222.40629999998214,257.463900000006,289.086099999994,308.999900000006,322.343,346.5095,363.50459999999407,382.885,401.5145,429.18359999999404,452.8502999999821,477.9341999999881,495.946599999994,505.9535999999941,534.940299999982,546.2650999999939,564.411099999994,587.677199999988,603.3714000000059,667.3826999999881,682.1265,690.265199999988,703.607799999982,720.0026999999881,735.463299999982,749.740199999988,769.003599999994,778.710400000006]",,19,"[117.16239999997616,173.56779999998213,204.62289999997614,290.04919999998805,309.7127999999821,364.46719999998805,383.8978999999761,454.11299999999994,478.8303999999761,496.87649999999996,506.9167999999821,547.0614999999999,565.490699999988,604.3009999999999,668.995699999988,682.755699999988,691.295,736.259699999988,779.5061999999881]","[117.16250000000001,173.5678999999762,204.62289999997614,290.04919999998805,309.7128999999761,364.46729999998206,383.8978999999761,454.11299999999994,478.8305,496.87649999999996,506.9168999999762,547.0614999999999,565.490699999988,604.3009999999999,668.995699999988,682.755699999988,691.295099999994,736.259699999988,779.5061999999881]",14,"[92.96090000000595,137.25830000001193,223.2515,258.6428000000119,323.28740000000596,347.521099999994,402.75920000001787,430.0787000000179,535.668400000006,588.922300000012,704.369400000006,720.681,750.3013000000119,769.648300000012]","[92.96109999999403,137.25830000001193,223.2515,258.6428000000119,323.28740000000596,347.521099999994,402.7593000000119,430.0788000000119,535.6685,588.922300000012,704.3695,720.681,750.3013000000119,769.648300000012]","[""scam_button""]",9.921875,2.449,2.005208333,1.3583,0.169270833,0.8763,,,,,,resources/images/scam_1.png,scam,1,0.65,0,0,,,,,,,,,,,,0,8,8,0,1,,,,,,,,,,,,,,,,,,,,,,,,,,,,,,,,,,,,,,,,,,,,,,,,,,,,,,,,,,,,,,,,,,,,,,,
,,,,,,,,,,,001,2025-05-08_20h18.41.352,SLSIC2_O,2022.2.5,Win32,60.24096386,,,,,,,,,,,34,"[91.56540000000595,116.09919999998809,136.39659999999404,172.77200000000002,203.64309999999404,222.40619999998808,257.463900000006,289.08590000000595,308.999900000006,322.34290000000595,346.5095,363.50459999999407,382.885,401.514400000006,429.18359999999404,452.8501999999881,477.9341999999881,495.946599999994,505.9535999999941,534.940299999982,546.2650999999939,564.411,587.677099999994,603.371199999988,667.3826999999881,682.126299999982,690.2650999999939,703.6076999999881,720.002599999994,735.463299999982,749.7399999999999,769.0032999999821,778.7102999999821,806.6126999999881]","[91.56540000000595,116.09919999998809,136.39659999999404,172.77209999999405,203.64329999998213,222.40629999998214,257.463900000006,289.086099999994,308.999900000006,322.343,346.5095,363.50459999999407,382.885,401.5145,429.18359999999404,452.8502999999821,477.9341999999881,495.946599999994,505.9535999999941,534.940299999982,546.2650999999939,564.411099999994,587.677199999988,603.3714000000059,667.3826999999881,682.1265,690.265199999988,703.607799999982,720.0026999999881,735.463299999982,749.740199999988,769.003599999994,778.710400000006,806.6126999999881]",,20,"[117.16239999997616,173.56779999998213,204.62289999997614,290.04919999998805,309.7127999999821,364.46719999998805,383.8978999999761,454.11299999999994,478.8303999999761,496.87649999999996,506.9167999999821,547.0614999999999,565.490699999988,604.3009999999999,668.995699999988,682.755699999988,691.295,736.259699999988,779.5061999999881,807.4926999999881]","[117.16250000000001,173.5678999999762,204.62289999997614,290.04919999998805,309.7128999999761,364.46729999998206,383.8978999999761,454.11299999999994,478.8305,496.87649999999996,506.9168999999762,547.0614999999999,565.490699999988,604.3009999999999,668.995699999988,682.755699999988,691.295099999994,736.259699999988,779.5061999999881,807.4926999999881]",14,"[92.96090000000595,137.25830000001193,223.2515,258.6428000000119,323.28740000000596,347.521099999994,402.75920000001787,430.0787000000179,535.668400000006,588.922300000012,704.369400000006,720.681,750.3013000000119,769.648300000012]","[92.96109999999403,137.25830000001193,223.2515,258.6428000000119,323.28740000000596,347.521099999994,402.7593000000119,430.0788000000119,535.6685,588.922300000012,704.3695,720.681,750.3013000000119,769.648300000012]","[""scam_button""]",5.104166667,1.0118,2.877604167,2.1408,0.338541667,0.975,,,,,,resources/images/scam14-EDIT.png,scam,1,0.65,0,0,,,,,,,,,,,,0,9,9,23,1,,,,,,,,,,,,,,,,,,,,,,,,,,,,,,,,,,,,,,,,,,,,,,,,,,,,,,,,,,,,,,,,,,,,,,,
,,,,,,,,,,,001,2025-05-08_20h18.41.352,SLSIC2_O,2022.2.5,Win32,60.24096386,,,,,,,,,,,35,"[91.56540000000595,116.09919999998809,136.39659999999404,172.77200000000002,203.64309999999404,222.40619999998808,257.463900000006,289.08590000000595,308.999900000006,322.34290000000595,346.5095,363.50459999999407,382.885,401.514400000006,429.18359999999404,452.8501999999881,477.9341999999881,495.946599999994,505.9535999999941,534.940299999982,546.2650999999939,564.411,587.677099999994,603.371199999988,667.3826999999881,682.126299999982,690.2650999999939,703.6076999999881,720.002599999994,735.463299999982,749.7399999999999,769.0032999999821,778.7102999999821,806.6126999999881,824.6259000000059]","[91.56540000000595,116.09919999998809,136.39659999999404,172.77209999999405,203.64329999998213,222.40629999998214,257.463900000006,289.086099999994,308.999900000006,322.343,346.5095,363.50459999999407,382.885,401.5145,429.18359999999404,452.8502999999821,477.9341999999881,495.946599999994,505.9535999999941,534.940299999982,546.2650999999939,564.411099999994,587.677199999988,603.3714000000059,667.3826999999881,682.1265,690.265199999988,703.607799999982,720.0026999999881,735.463299999982,749.740199999988,769.003599999994,778.710400000006,806.6126999999881,824.6259000000059]",,21,"[117.16239999997616,173.56779999998213,204.62289999997614,290.04919999998805,309.7127999999821,364.46719999998805,383.8978999999761,454.11299999999994,478.8303999999761,496.87649999999996,506.9167999999821,547.0614999999999,565.490699999988,604.3009999999999,668.995699999988,682.755699999988,691.295,736.259699999988,779.5061999999881,807.4926999999881,825.555]","[117.16250000000001,173.5678999999762,204.62289999997614,290.04919999998805,309.7128999999761,364.46729999998206,383.8978999999761,454.11299999999994,478.8305,496.87649999999996,506.9168999999762,547.0614999999999,565.490699999988,604.3009999999999,668.995699999988,682.755699999988,691.295099999994,736.259699999988,779.5061999999881,807.4926999999881,825.555]",14,"[92.96090000000595,137.25830000001193,223.2515,258.6428000000119,323.28740000000596,347.521099999994,402.75920000001787,430.0787000000179,535.668400000006,588.922300000012,704.369400000006,720.681,750.3013000000119,769.648300000012]","[92.96109999999403,137.25830000001193,223.2515,258.6428000000119,323.28740000000596,347.521099999994,402.7593000000119,430.0788000000119,535.6685,588.922300000012,704.3695,720.681,750.3013000000119,769.648300000012]","[""scam_button""]",4.973958333,1.0088,2.005208333,1.2106,0.169270833,0.9611,,,,,,resources/images/scam12.jpg,scam,0.65,0.65,0,0,,,,,,,,,,,,0,10,10,20,1,,,,,,,,,,,,,,,,,,,,,,,,,,,,,,,,,,,,,,,,,,,,,,,,,,,,,,,,,,,,,,,,,,,,,,,
,,,,,,,,,,,001,2025-05-08_20h18.41.352,SLSIC2_O,2022.2.5,Win32,60.24096386,,,,,,,,,,,36,"[91.56540000000595,116.09919999998809,136.39659999999404,172.77200000000002,203.64309999999404,222.40619999998808,257.463900000006,289.08590000000595,308.999900000006,322.34290000000595,346.5095,363.50459999999407,382.885,401.514400000006,429.18359999999404,452.8501999999881,477.9341999999881,495.946599999994,505.9535999999941,534.940299999982,546.2650999999939,564.411,587.677099999994,603.371199999988,667.3826999999881,682.126299999982,690.2650999999939,703.6076999999881,720.002599999994,735.463299999982,749.7399999999999,769.0032999999821,778.7102999999821,806.6126999999881,824.6259000000059,844.2559000000059]","[91.56540000000595,116.09919999998809,136.39659999999404,172.77209999999405,203.64329999998213,222.40629999998214,257.463900000006,289.086099999994,308.999900000006,322.343,346.5095,363.50459999999407,382.885,401.5145,429.18359999999404,452.8502999999821,477.9341999999881,495.946599999994,505.9535999999941,534.940299999982,546.2650999999939,564.411099999994,587.677199999988,603.3714000000059,667.3826999999881,682.1265,690.265199999988,703.607799999982,720.0026999999881,735.463299999982,749.740199999988,769.003599999994,778.710400000006,806.6126999999881,824.6259000000059,844.2559000000059]",,21,"[117.16239999997616,173.56779999998213,204.62289999997614,290.04919999998805,309.7127999999821,364.46719999998805,383.8978999999761,454.11299999999994,478.8303999999761,496.87649999999996,506.9167999999821,547.0614999999999,565.490699999988,604.3009999999999,668.995699999988,682.755699999988,691.295,736.259699999988,779.5061999999881,807.4926999999881,825.555]","[117.16250000000001,173.5678999999762,204.62289999997614,290.04919999998805,309.7128999999761,364.46729999998206,383.8978999999761,454.11299999999994,478.8305,496.87649999999996,506.9168999999762,547.0614999999999,565.490699999988,604.3009999999999,668.995699999988,682.755699999988,691.295099999994,736.259699999988,779.5061999999881,807.4926999999881,825.555]",15,"[92.96090000000595,137.25830000001193,223.2515,258.6428000000119,323.28740000000596,347.521099999994,402.75920000001787,430.0787000000179,535.668400000006,588.922300000012,704.369400000006,720.681,750.3013000000119,769.648300000012,845.117400000006]","[92.96109999999403,137.25830000001193,223.2515,258.6428000000119,323.28740000000596,347.521099999994,402.7593000000119,430.0788000000119,535.6685,588.922300000012,704.3695,720.681,750.3013000000119,769.648300000012,845.117400000006]","[""legit_button""]",7.838541667,1.0588,4.908854167,0.9136,5.0390625,1.358,,,,,,resources/images/legit6.png,legit,0.65,0.65,0,0,,,,,,,,,,,,0,11,11,13,1,,,,,,,,,,,,,,,,,,,,,,,,,,,,,,,,,,,,,,,,,,,,,,,,,,,,,,,,,,,,,,,,,,,,,,,
,,,,,,,,,,,001,2025-05-08_20h18.41.352,SLSIC2_O,2022.2.5,Win32,60.24096386,,,,,,,,,,,37,"[91.56540000000595,116.09919999998809,136.39659999999404,172.77200000000002,203.64309999999404,222.40619999998808,257.463900000006,289.08590000000595,308.999900000006,322.34290000000595,346.5095,363.50459999999407,382.885,401.514400000006,429.18359999999404,452.8501999999881,477.9341999999881,495.946599999994,505.9535999999941,534.940299999982,546.2650999999939,564.411,587.677099999994,603.371199999988,667.3826999999881,682.126299999982,690.2650999999939,703.6076999999881,720.002599999994,735.463299999982,749.7399999999999,769.0032999999821,778.7102999999821,806.6126999999881,824.6259000000059,844.2559000000059,858.649]","[91.56540000000595,116.09919999998809,136.39659999999404,172.77209999999405,203.64329999998213,222.40629999998214,257.463900000006,289.086099999994,308.999900000006,322.343,346.5095,363.50459999999407,382.885,401.5145,429.18359999999404,452.8502999999821,477.9341999999881,495.946599999994,505.9535999999941,534.940299999982,546.2650999999939,564.411099999994,587.677199999988,603.3714000000059,667.3826999999881,682.1265,690.265199999988,703.607799999982,720.0026999999881,735.463299999982,749.740199999988,769.003599999994,778.710400000006,806.6126999999881,824.6259000000059,844.2559000000059,858.649099999994]",,21,"[117.16239999997616,173.56779999998213,204.62289999997614,290.04919999998805,309.7127999999821,364.46719999998805,383.8978999999761,454.11299999999994,478.8303999999761,496.87649999999996,506.9167999999821,547.0614999999999,565.490699999988,604.3009999999999,668.995699999988,682.755699999988,691.295,736.259699999988,779.5061999999881,807.4926999999881,825.555]","[117.16250000000001,173.5678999999762,204.62289999997614,290.04919999998805,309.7128999999761,364.46729999998206,383.8978999999761,454.11299999999994,478.8305,496.87649999999996,506.9168999999762,547.0614999999999,565.490699999988,604.3009999999999,668.995699999988,682.755699999988,691.295099999994,736.259699999988,779.5061999999881,807.4926999999881,825.555]",16,"[92.96090000000595,137.25830000001193,223.2515,258.6428000000119,323.28740000000596,347.521099999994,402.75920000001787,430.0787000000179,535.668400000006,588.922300000012,704.369400000006,720.681,750.3013000000119,769.648300000012,845.117400000006,859.394]","[92.96109999999403,137.25830000001193,223.2515,258.6428000000119,323.28740000000596,347.521099999994,402.7593000000119,430.0788000000119,535.6685,588.922300000012,704.3695,720.681,750.3013000000119,769.648300000012,845.117400000006,859.3940999999941]","[""legit_button""]",8.893229167,1.1312,5.182291667,1.4296,5.182291667,1.1605,,,,,,resources/images/legit7-EDIT.png,legit,0.65,0.65,0,0,,,,,,,,,,,,0,12,12,14,1,,,,,,,,,,,,,,,,,,,,,,,,,,,,,,,,,,,,,,,,,,,,,,,,,,,,,,,,,,,,,,,,,,,,,,,
,,,,,,,,,,,001,2025-05-08_20h18.41.352,SLSIC2_O,2022.2.5,Win32,60.24096386,,,,,,,,,,,38,"[91.56540000000595,116.09919999998809,136.39659999999404,172.77200000000002,203.64309999999404,222.40619999998808,257.463900000006,289.08590000000595,308.999900000006,322.34290000000595,346.5095,363.50459999999407,382.885,401.514400000006,429.18359999999404,452.8501999999881,477.9341999999881,495.946599999994,505.9535999999941,534.940299999982,546.2650999999939,564.411,587.677099999994,603.371199999988,667.3826999999881,682.126299999982,690.2650999999939,703.6076999999881,720.002599999994,735.463299999982,749.7399999999999,769.0032999999821,778.7102999999821,806.6126999999881,824.6259000000059,844.2559000000059,858.649,873.6927999999821]","[91.56540000000595,116.09919999998809,136.39659999999404,172.77209999999405,203.64329999998213,222.40629999998214,257.463900000006,289.086099999994,308.999900000006,322.343,346.5095,363.50459999999407,382.885,401.5145,429.18359999999404,452.8502999999821,477.9341999999881,495.946599999994,505.9535999999941,534.940299999982,546.2650999999939,564.411099999994,587.677199999988,603.3714000000059,667.3826999999881,682.1265,690.265199999988,703.607799999982,720.0026999999881,735.463299999982,749.740199999988,769.003599999994,778.710400000006,806.6126999999881,824.6259000000059,844.2559000000059,858.649099999994,873.6929000000059]",,21,"[117.16239999997616,173.56779999998213,204.62289999997614,290.04919999998805,309.7127999999821,364.46719999998805,383.8978999999761,454.11299999999994,478.8303999999761,496.87649999999996,506.9167999999821,547.0614999999999,565.490699999988,604.3009999999999,668.995699999988,682.755699999988,691.295,736.259699999988,779.5061999999881,807.4926999999881,825.555]","[117.16250000000001,173.5678999999762,204.62289999997614,290.04919999998805,309.7128999999761,364.46729999998206,383.8978999999761,454.11299999999994,478.8305,496.87649999999996,506.9168999999762,547.0614999999999,565.490699999988,604.3009999999999,668.995699999988,682.755699999988,691.295099999994,736.259699999988,779.5061999999881,807.4926999999881,825.555]",17,"[92.96090000000595,137.25830000001193,223.2515,258.6428000000119,323.28740000000596,347.521099999994,402.75920000001787,430.0787000000179,535.668400000006,588.922300000012,704.369400000006,720.681,750.3013000000119,769.648300000012,845.117400000006,859.394,874.520800000012]","[92.96109999999403,137.25830000001193,223.2515,258.6428000000119,323.28740000000596,347.521099999994,402.7593000000119,430.0788000000119,535.6685,588.922300000012,704.3695,720.681,750.3013000000119,769.648300000012,845.117400000006,859.3940999999941,874.520800000012]","[""legit_button""]",9.9609375,1.8442,8.0078125,1.4279,7.8515625,1.4437,,,,,,resources/images/legit4-EDIT.png,legit,0.65,0.65,0,0,,,,,,,,,,,,0,13,13,11,1,,,,,,,,,,,,,,,,,,,,,,,,,,,,,,,,,,,,,,,,,,,,,,,,,,,,,,,,,,,,,,,,,,,,,,,
,,,,,,,,,,,001,2025-05-08_20h18.41.352,SLSIC2_O,2022.2.5,Win32,60.24096386,,,,,,,,,,,39,"[91.56540000000595,116.09919999998809,136.39659999999404,172.77200000000002,203.64309999999404,222.40619999998808,257.463900000006,289.08590000000595,308.999900000006,322.34290000000595,346.5095,363.50459999999407,382.885,401.514400000006,429.18359999999404,452.8501999999881,477.9341999999881,495.946599999994,505.9535999999941,534.940299999982,546.2650999999939,564.411,587.677099999994,603.371199999988,667.3826999999881,682.126299999982,690.2650999999939,703.6076999999881,720.002599999994,735.463299999982,749.7399999999999,769.0032999999821,778.7102999999821,806.6126999999881,824.6259000000059,844.2559000000059,858.649,873.6927999999821,887.5024999999999]","[91.56540000000595,116.09919999998809,136.39659999999404,172.77209999999405,203.64329999998213,222.40629999998214,257.463900000006,289.086099999994,308.999900000006,322.343,346.5095,363.50459999999407,382.885,401.5145,429.18359999999404,452.8502999999821,477.9341999999881,495.946599999994,505.9535999999941,534.940299999982,546.2650999999939,564.411099999994,587.677199999988,603.3714000000059,667.3826999999881,682.1265,690.265199999988,703.607799999982,720.0026999999881,735.463299999982,749.740199999988,769.003599999994,778.710400000006,806.6126999999881,824.6259000000059,844.2559000000059,858.649099999994,873.6929000000059,887.5024999999999]",,21,"[117.16239999997616,173.56779999998213,204.62289999997614,290.04919999998805,309.7127999999821,364.46719999998805,383.8978999999761,454.11299999999994,478.8303999999761,496.87649999999996,506.9167999999821,547.0614999999999,565.490699999988,604.3009999999999,668.995699999988,682.755699999988,691.295,736.259699999988,779.5061999999881,807.4926999999881,825.555]","[117.16250000000001,173.5678999999762,204.62289999997614,290.04919999998805,309.7128999999761,364.46729999998206,383.8978999999761,454.11299999999994,478.8305,496.87649999999996,506.9168999999762,547.0614999999999,565.490699999988,604.3009999999999,668.995699999988,682.755699999988,691.295099999994,736.259699999988,779.5061999999881,807.4926999999881,825.555]",18,"[92.96090000000595,137.25830000001193,223.2515,258.6428000000119,323.28740000000596,347.521099999994,402.75920000001787,430.0787000000179,535.668400000006,588.922300000012,704.369400000006,720.681,750.3013000000119,769.648300000012,845.117400000006,859.394,874.520800000012,888.2975]","[92.96109999999403,137.25830000001193,223.2515,258.6428000000119,323.28740000000596,347.521099999994,402.7593000000119,430.0788000000119,535.6685,588.922300000012,704.3695,720.681,750.3013000000119,769.648300000012,845.117400000006,859.3940999999941,874.520800000012,888.2975999999941]","[""legit_button""]",7.005208333,1.1267,2.981770833,1.817,0.208333333,0.9255,,,,,,resources/images/legit10-EDIT.png,legit,1,0.65,0,0,,,,,,,,,,,,0,14,14,18,1,,,,,,,,,,,,,,,,,,,,,,,,,,,,,,,,,,,,,,,,,,,,,,,,,,,,,,,,,,,,,,,,,,,,,,,
,,,,,,,,,,,001,2025-05-08_20h18.41.352,SLSIC2_O,2022.2.5,Win32,60.24096386,,,,,,,,,,,40,"[91.56540000000595,116.09919999998809,136.39659999999404,172.77200000000002,203.64309999999404,222.40619999998808,257.463900000006,289.08590000000595,308.999900000006,322.34290000000595,346.5095,363.50459999999407,382.885,401.514400000006,429.18359999999404,452.8501999999881,477.9341999999881,495.946599999994,505.9535999999941,534.940299999982,546.2650999999939,564.411,587.677099999994,603.371199999988,667.3826999999881,682.126299999982,690.2650999999939,703.6076999999881,720.002599999994,735.463299999982,749.7399999999999,769.0032999999821,778.7102999999821,806.6126999999881,824.6259000000059,844.2559000000059,858.649,873.6927999999821,887.5024999999999,904.7476999999881]","[91.56540000000595,116.09919999998809,136.39659999999404,172.77209999999405,203.64329999998213,222.40629999998214,257.463900000006,289.086099999994,308.999900000006,322.343,346.5095,363.50459999999407,382.885,401.5145,429.18359999999404,452.8502999999821,477.9341999999881,495.946599999994,505.9535999999941,534.940299999982,546.2650999999939,564.411099999994,587.677199999988,603.3714000000059,667.3826999999881,682.1265,690.265199999988,703.607799999982,720.0026999999881,735.463299999982,749.740199999988,769.003599999994,778.710400000006,806.6126999999881,824.6259000000059,844.2559000000059,858.649099999994,873.6929000000059,887.5024999999999,904.7476999999881]",,22,"[117.16239999997616,173.56779999998213,204.62289999997614,290.04919999998805,309.7127999999821,364.46719999998805,383.8978999999761,454.11299999999994,478.8303999999761,496.87649999999996,506.9167999999821,547.0614999999999,565.490699999988,604.3009999999999,668.995699999988,682.755699999988,691.295,736.259699999988,779.5061999999881,807.4926999999881,825.555,905.7273999999761]","[117.16250000000001,173.5678999999762,204.62289999997614,290.04919999998805,309.7128999999761,364.46729999998206,383.8978999999761,454.11299999999994,478.8305,496.87649999999996,506.9168999999762,547.0614999999999,565.490699999988,604.3009999999999,668.995699999988,682.755699999988,691.295099999994,736.259699999988,779.5061999999881,807.4926999999881,825.555,905.7273999999761]",18,"[92.96090000000595,137.25830000001193,223.2515,258.6428000000119,323.28740000000596,347.521099999994,402.75920000001787,430.0787000000179,535.668400000006,588.922300000012,704.369400000006,720.681,750.3013000000119,769.648300000012,845.117400000006,859.394,874.520800000012,888.2975]","[92.96109999999403,137.25830000001193,223.2515,258.6428000000119,323.28740000000596,347.521099999994,402.7593000000119,430.0788000000119,535.6685,588.922300000012,704.3695,720.681,750.3013000000119,769.648300000012,845.117400000006,859.3940999999941,874.520800000012,888.2975999999941]","[""scam_button""]",8.0078125,1.1095,3.033854167,2.0412,0,1.4684,,,,,,resources/images/legit9-EDIT.png,legit,1,0.65,0,0,,,,,,,,,,,,0,15,15,8,1,,,,,,,,,,,,,,,,,,,,,,,,,,,,,,,,,,,,,,,,,,,,,,,,,,,,,,,,,,,,,,,,,,,,,,,
,,,,,,,,,,,001,2025-05-08_20h18.41.352,SLSIC2_O,2022.2.5,Win32,60.24096386,,,,,,,,,,,41,"[91.56540000000595,116.09919999998809,136.39659999999404,172.77200000000002,203.64309999999404,222.40619999998808,257.463900000006,289.08590000000595,308.999900000006,322.34290000000595,346.5095,363.50459999999407,382.885,401.514400000006,429.18359999999404,452.8501999999881,477.9341999999881,495.946599999994,505.9535999999941,534.940299999982,546.2650999999939,564.411,587.677099999994,603.371199999988,667.3826999999881,682.126299999982,690.2650999999939,703.6076999999881,720.002599999994,735.463299999982,749.7399999999999,769.0032999999821,778.7102999999821,806.6126999999881,824.6259000000059,844.2559000000059,858.649,873.6927999999821,887.5024999999999,904.7476999999881,915.3051999999881]","[91.56540000000595,116.09919999998809,136.39659999999404,172.77209999999405,203.64329999998213,222.40629999998214,257.463900000006,289.086099999994,308.999900000006,322.343,346.5095,363.50459999999407,382.885,401.5145,429.18359999999404,452.8502999999821,477.9341999999881,495.946599999994,505.9535999999941,534.940299999982,546.2650999999939,564.411099999994,587.677199999988,603.3714000000059,667.3826999999881,682.1265,690.265199999988,703.607799999982,720.0026999999881,735.463299999982,749.740199999988,769.003599999994,778.710400000006,806.6126999999881,824.6259000000059,844.2559000000059,858.649099999994,873.6929000000059,887.5024999999999,904.7476999999881,915.305299999982]",,23,"[117.16239999997616,173.56779999998213,204.62289999997614,290.04919999998805,309.7127999999821,364.46719999998805,383.8978999999761,454.11299999999994,478.8303999999761,496.87649999999996,506.9167999999821,547.0614999999999,565.490699999988,604.3009999999999,668.995699999988,682.755699999988,691.295,736.259699999988,779.5061999999881,807.4926999999881,825.555,905.7273999999761,916.151299999982]","[117.16250000000001,173.5678999999762,204.62289999997614,290.04919999998805,309.7128999999761,364.46729999998206,383.8978999999761,454.11299999999994,478.8305,496.87649999999996,506.9168999999762,547.0614999999999,565.490699999988,604.3009999999999,668.995699999988,682.755699999988,691.295099999994,736.259699999988,779.5061999999881,807.4926999999881,825.555,905.7273999999761,916.1513999999761]",18,"[92.96090000000595,137.25830000001193,223.2515,258.6428000000119,323.28740000000596,347.521099999994,402.75920000001787,430.0787000000179,535.668400000006,588.922300000012,704.369400000006,720.681,750.3013000000119,769.648300000012,845.117400000006,859.394,874.520800000012,888.2975]","[92.96109999999403,137.25830000001193,223.2515,258.6428000000119,323.28740000000596,347.521099999994,402.7593000000119,430.0788000000119,535.6685,588.922300000012,704.3695,720.681,750.3013000000119,769.648300000012,845.117400000006,859.3940999999941,874.520800000012,888.2975999999941]","[""scam_button""]",9.934895833,1.5162,3.815104167,3.1006,0.130208333,0.8277,,,,,,resources/images/scam5.jpg,scam,0.7,0.65,0,0,,,,,,,,,,,,0,16,16,7,1,,,,,,,,,,,,,,,,,,,,,,,,,,,,,,,,,,,,,,,,,,,,,,,,,,,,,,,,,,,,,,,,,,,,,,,
,,,,,,,,,,,001,2025-05-08_20h18.41.352,SLSIC2_O,2022.2.5,Win32,60.24096386,,,,,,,,,,,42,"[91.56540000000595,116.09919999998809,136.39659999999404,172.77200000000002,203.64309999999404,222.40619999998808,257.463900000006,289.08590000000595,308.999900000006,322.34290000000595,346.5095,363.50459999999407,382.885,401.514400000006,429.18359999999404,452.8501999999881,477.9341999999881,495.946599999994,505.9535999999941,534.940299999982,546.2650999999939,564.411,587.677099999994,603.371199999988,667.3826999999881,682.126299999982,690.2650999999939,703.6076999999881,720.002599999994,735.463299999982,749.7399999999999,769.0032999999821,778.7102999999821,806.6126999999881,824.6259000000059,844.2559000000059,858.649,873.6927999999821,887.5024999999999,904.7476999999881,915.3051999999881,930.1822999999821]","[91.56540000000595,116.09919999998809,136.39659999999404,172.77209999999405,203.64329999998213,222.40629999998214,257.463900000006,289.086099999994,308.999900000006,322.343,346.5095,363.50459999999407,382.885,401.5145,429.18359999999404,452.8502999999821,477.9341999999881,495.946599999994,505.9535999999941,534.940299999982,546.2650999999939,564.411099999994,587.677199999988,603.3714000000059,667.3826999999881,682.1265,690.265199999988,703.607799999982,720.0026999999881,735.463299999982,749.740199999988,769.003599999994,778.710400000006,806.6126999999881,824.6259000000059,844.2559000000059,858.649099999994,873.6929000000059,887.5024999999999,904.7476999999881,915.305299999982,930.1822999999821]",,24,"[117.16239999997616,173.56779999998213,204.62289999997614,290.04919999998805,309.7127999999821,364.46719999998805,383.8978999999761,454.11299999999994,478.8303999999761,496.87649999999996,506.9167999999821,547.0614999999999,565.490699999988,604.3009999999999,668.995699999988,682.755699999988,691.295,736.259699999988,779.5061999999881,807.4926999999881,825.555,905.7273999999761,916.151299999982,931.028199999988]","[117.16250000000001,173.5678999999762,204.62289999997614,290.04919999998805,309.7128999999761,364.46729999998206,383.8978999999761,454.11299999999994,478.8305,496.87649999999996,506.9168999999762,547.0614999999999,565.490699999988,604.3009999999999,668.995699999988,682.755699999988,691.295099999994,736.259699999988,779.5061999999881,807.4926999999881,825.555,905.7273999999761,916.1513999999761,931.028199999988]",18,"[92.96090000000595,137.25830000001193,223.2515,258.6428000000119,323.28740000000596,347.521099999994,402.75920000001787,430.0787000000179,535.668400000006,588.922300000012,704.369400000006,720.681,750.3013000000119,769.648300000012,845.117400000006,859.394,874.520800000012,888.2975]","[92.96109999999403,137.25830000001193,223.2515,258.6428000000119,323.28740000000596,347.521099999994,402.7593000000119,430.0788000000119,535.6685,588.922300000012,704.3695,720.681,750.3013000000119,769.648300000012,845.117400000006,859.3940999999941,874.520800000012,888.2975999999941]","[""scam_button""]",9.921875,1.9948,7.890625,2.4622,5.052083333,3.1118,,,,,,resources/images/scam_11.png,scam,1,0.65,0,0,,,,,,,,,,,,0,17,17,19,1,,,,,,,,,,,,,,,,,,,,,,,,,,,,,,,,,,,,,,,,,,,,,,,,,,,,,,,,,,,,,,,,,,,,,,,
,,,,,,,,,,,001,2025-05-08_20h18.41.352,SLSIC2_O,2022.2.5,Win32,60.24096386,,,,,,,,,,,43,"[91.56540000000595,116.09919999998809,136.39659999999404,172.77200000000002,203.64309999999404,222.40619999998808,257.463900000006,289.08590000000595,308.999900000006,322.34290000000595,346.5095,363.50459999999407,382.885,401.514400000006,429.18359999999404,452.8501999999881,477.9341999999881,495.946599999994,505.9535999999941,534.940299999982,546.2650999999939,564.411,587.677099999994,603.371199999988,667.3826999999881,682.126299999982,690.2650999999939,703.6076999999881,720.002599999994,735.463299999982,749.7399999999999,769.0032999999821,778.7102999999821,806.6126999999881,824.6259000000059,844.2559000000059,858.649,873.6927999999821,887.5024999999999,904.7476999999881,915.3051999999881,930.1822999999821,974.0965999999939]","[91.56540000000595,116.09919999998809,136.39659999999404,172.77209999999405,203.64329999998213,222.40629999998214,257.463900000006,289.086099999994,308.999900000006,322.343,346.5095,363.50459999999407,382.885,401.5145,429.18359999999404,452.8502999999821,477.9341999999881,495.946599999994,505.9535999999941,534.940299999982,546.2650999999939,564.411099999994,587.677199999988,603.3714000000059,667.3826999999881,682.1265,690.265199999988,703.607799999982,720.0026999999881,735.463299999982,749.740199999988,769.003599999994,778.710400000006,806.6126999999881,824.6259000000059,844.2559000000059,858.649099999994,873.6929000000059,887.5024999999999,904.7476999999881,915.305299999982,930.1822999999821,974.0967999999821]",,25,"[117.16239999997616,173.56779999998213,204.62289999997614,290.04919999998805,309.7127999999821,364.46719999998805,383.8978999999761,454.11299999999994,478.8303999999761,496.87649999999996,506.9167999999821,547.0614999999999,565.490699999988,604.3009999999999,668.995699999988,682.755699999988,691.295,736.259699999988,779.5061999999881,807.4926999999881,825.555,905.7273999999761,916.151299999982,931.028199999988,974.7753999999761]","[117.16250000000001,173.5678999999762,204.62289999997614,290.04919999998805,309.7128999999761,364.46729999998206,383.8978999999761,454.11299999999994,478.8305,496.87649999999996,506.9168999999762,547.0614999999999,565.490699999988,604.3009999999999,668.995699999988,682.755699999988,691.295099999994,736.259699999988,779.5061999999881,807.4926999999881,825.555,905.7273999999761,916.1513999999761,931.028199999988,974.7753999999761]",18,"[92.96090000000595,137.25830000001193,223.2515,258.6428000000119,323.28740000000596,347.521099999994,402.75920000001787,430.0787000000179,535.668400000006,588.922300000012,704.369400000006,720.681,750.3013000000119,769.648300000012,845.117400000006,859.394,874.520800000012,888.2975]","[92.96109999999403,137.25830000001193,223.2515,258.6428000000119,323.28740000000596,347.521099999994,402.7593000000119,430.0788000000119,535.6685,588.922300000012,704.3695,720.681,750.3013000000119,769.648300000012,845.117400000006,859.3940999999941,874.520800000012,888.2975999999941]","[""scam_button""]",8.125,1.0132,5.325520833,1.3593,3.072916667,1.3998,,,,,,resources/images/legit5-EDIT.png,legit,0.65,0.65,0,0,,,,,,,,,,,,0,18,18,12,1,,,,,,,,,,,,,,,,,,,,,,,,,,,,,,,,,,,,,,,,,,,,,,,,,,,,,,,,,,,,,,,,,,,,,,,
,,,,,,,,,,,001,2025-05-08_20h18.41.352,SLSIC2_O,2022.2.5,Win32,60.24096386,,,,,,,,,,,44,"[91.56540000000595,116.09919999998809,136.39659999999404,172.77200000000002,203.64309999999404,222.40619999998808,257.463900000006,289.08590000000595,308.999900000006,322.34290000000595,346.5095,363.50459999999407,382.885,401.514400000006,429.18359999999404,452.8501999999881,477.9341999999881,495.946599999994,505.9535999999941,534.940299999982,546.2650999999939,564.411,587.677099999994,603.371199999988,667.3826999999881,682.126299999982,690.2650999999939,703.6076999999881,720.002599999994,735.463299999982,749.7399999999999,769.0032999999821,778.7102999999821,806.6126999999881,824.6259000000059,844.2559000000059,858.649,873.6927999999821,887.5024999999999,904.7476999999881,915.3051999999881,930.1822999999821,974.0965999999939,984.770199999988]","[91.56540000000595,116.09919999998809,136.39659999999404,172.77209999999405,203.64329999998213,222.40629999998214,257.463900000006,289.086099999994,308.999900000006,322.343,346.5095,363.50459999999407,382.885,401.5145,429.18359999999404,452.8502999999821,477.9341999999881,495.946599999994,505.9535999999941,534.940299999982,546.2650999999939,564.411099999994,587.677199999988,603.3714000000059,667.3826999999881,682.1265,690.265199999988,703.607799999982,720.0026999999881,735.463299999982,749.740199999988,769.003599999994,778.710400000006,806.6126999999881,824.6259000000059,844.2559000000059,858.649099999994,873.6929000000059,887.5024999999999,904.7476999999881,915.305299999982,930.1822999999821,974.0967999999821,984.770199999988]",,26,"[117.16239999997616,173.56779999998213,204.62289999997614,290.04919999998805,309.7127999999821,364.46719999998805,383.8978999999761,454.11299999999994,478.8303999999761,496.87649999999996,506.9167999999821,547.0614999999999,565.490699999988,604.3009999999999,668.995699999988,682.755699999988,691.295,736.259699999988,779.5061999999881,807.4926999999881,825.555,905.7273999999761,916.151299999982,931.028199999988,974.7753999999761,985.6996999999881]","[117.16250000000001,173.5678999999762,204.62289999997614,290.04919999998805,309.7128999999761,364.46729999998206,383.8978999999761,454.11299999999994,478.8305,496.87649999999996,506.9168999999762,547.0614999999999,565.490699999988,604.3009999999999,668.995699999988,682.755699999988,691.295099999994,736.259699999988,779.5061999999881,807.4926999999881,825.555,905.7273999999761,916.1513999999761,931.028199999988,974.7753999999761,985.6997999999821]",18,"[92.96090000000595,137.25830000001193,223.2515,258.6428000000119,323.28740000000596,347.521099999994,402.75920000001787,430.0787000000179,535.668400000006,588.922300000012,704.369400000006,720.681,750.3013000000119,769.648300000012,845.117400000006,859.394,874.520800000012,888.2975]","[92.96109999999403,137.25830000001193,223.2515,258.6428000000119,323.28740000000596,347.521099999994,402.7593000000119,430.0788000000119,535.6685,588.922300000012,704.3695,720.681,750.3013000000119,769.648300000012,845.117400000006,859.3940999999941,874.520800000012,888.2975999999941]","[""scam_button""]",9.895833333,1.4317,5.013020833,1.8944,0.052083333,1.1149,,,,,,resources/images/scam_2.png,scam,0.9,0.65,0,0,,,,,,,,,,,,0,19,19,1,1,,,,,,,,,,,,,,,,,,,,,,,,,,,,,,,,,,,,,,,,,,,,,,,,,,,,,,,,,,,,,,,,,,,,,,,
,,,,,,,,,,,001,2025-05-08_20h18.41.352,SLSIC2_O,2022.2.5,Win32,60.24096386,,,,,,,,,,,45,"[91.56540000000595,116.09919999998809,136.39659999999404,172.77200000000002,203.64309999999404,222.40619999998808,257.463900000006,289.08590000000595,308.999900000006,322.34290000000595,346.5095,363.50459999999407,382.885,401.514400000006,429.18359999999404,452.8501999999881,477.9341999999881,495.946599999994,505.9535999999941,534.940299999982,546.2650999999939,564.411,587.677099999994,603.371199999988,667.3826999999881,682.126299999982,690.2650999999939,703.6076999999881,720.002599999994,735.463299999982,749.7399999999999,769.0032999999821,778.7102999999821,806.6126999999881,824.6259000000059,844.2559000000059,858.649,873.6927999999821,887.5024999999999,904.7476999999881,915.3051999999881,930.1822999999821,974.0965999999939,984.770199999988,1019.577599999994]","[91.56540000000595,116.09919999998809,136.39659999999404,172.77209999999405,203.64329999998213,222.40629999998214,257.463900000006,289.086099999994,308.999900000006,322.343,346.5095,363.50459999999407,382.885,401.5145,429.18359999999404,452.8502999999821,477.9341999999881,495.946599999994,505.9535999999941,534.940299999982,546.2650999999939,564.411099999994,587.677199999988,603.3714000000059,667.3826999999881,682.1265,690.265199999988,703.607799999982,720.0026999999881,735.463299999982,749.740199999988,769.003599999994,778.710400000006,806.6126999999881,824.6259000000059,844.2559000000059,858.649099999994,873.6929000000059,887.5024999999999,904.7476999999881,915.305299999982,930.1822999999821,974.0967999999821,984.770199999988,1019.577599999994]",,27,"[117.16239999997616,173.56779999998213,204.62289999997614,290.04919999998805,309.7127999999821,364.46719999998805,383.8978999999761,454.11299999999994,478.8303999999761,496.87649999999996,506.9167999999821,547.0614999999999,565.490699999988,604.3009999999999,668.995699999988,682.755699999988,691.295,736.259699999988,779.5061999999881,807.4926999999881,825.555,905.7273999999761,916.151299999982,931.028199999988,974.7753999999761,985.6996999999881,1020.5075]","[117.16250000000001,173.5678999999762,204.62289999997614,290.04919999998805,309.7128999999761,364.46729999998206,383.8978999999761,454.11299999999994,478.8305,496.87649999999996,506.9168999999762,547.0614999999999,565.490699999988,604.3009999999999,668.995699999988,682.755699999988,691.295099999994,736.259699999988,779.5061999999881,807.4926999999881,825.555,905.7273999999761,916.1513999999761,931.028199999988,974.7753999999761,985.6997999999821,1020.5075999999941]",18,"[92.96090000000595,137.25830000001193,223.2515,258.6428000000119,323.28740000000596,347.521099999994,402.75920000001787,430.0787000000179,535.668400000006,588.922300000012,704.369400000006,720.681,750.3013000000119,769.648300000012,845.117400000006,859.394,874.520800000012,888.2975]","[92.96109999999403,137.25830000001193,223.2515,258.6428000000119,323.28740000000596,347.521099999994,402.7593000000119,430.0788000000119,535.6685,588.922300000012,704.3695,720.681,750.3013000000119,769.648300000012,845.117400000006,859.3940999999941,874.520800000012,888.2975999999941]","[""scam_button""]",9.036458333,1.0757,1.9140625,1.7263,0.15625,0.845,,,,,,resources/images/scam10.jpg,scam,1,0.65,0,0,,,,,,,,,,,,0,20,20,17,1,,,,,,,,,,,,,,,,,,,,,,,,,,,,,,,,,,,,,,,,,,,,,,,,,,,,,,,,,,,,,,,,,,,,,,,
,,,,,,,,,,,001,2025-05-08_20h18.41.352,SLSIC2_O,2022.2.5,Win32,60.24096386,,,,,,,,,,,46,"[91.56540000000595,116.09919999998809,136.39659999999404,172.77200000000002,203.64309999999404,222.40619999998808,257.463900000006,289.08590000000595,308.999900000006,322.34290000000595,346.5095,363.50459999999407,382.885,401.514400000006,429.18359999999404,452.8501999999881,477.9341999999881,495.946599999994,505.9535999999941,534.940299999982,546.2650999999939,564.411,587.677099999994,603.371199999988,667.3826999999881,682.126299999982,690.2650999999939,703.6076999999881,720.002599999994,735.463299999982,749.7399999999999,769.0032999999821,778.7102999999821,806.6126999999881,824.6259000000059,844.2559000000059,858.649,873.6927999999821,887.5024999999999,904.7476999999881,915.3051999999881,930.1822999999821,974.0965999999939,984.770199999988,1019.577599999994,1028.767699999988]","[91.56540000000595,116.09919999998809,136.39659999999404,172.77209999999405,203.64329999998213,222.40629999998214,257.463900000006,289.086099999994,308.999900000006,322.343,346.5095,363.50459999999407,382.885,401.5145,429.18359999999404,452.8502999999821,477.9341999999881,495.946599999994,505.9535999999941,534.940299999982,546.2650999999939,564.411099999994,587.677199999988,603.3714000000059,667.3826999999881,682.1265,690.265199999988,703.607799999982,720.0026999999881,735.463299999982,749.740199999988,769.003599999994,778.710400000006,806.6126999999881,824.6259000000059,844.2559000000059,858.649099999994,873.6929000000059,887.5024999999999,904.7476999999881,915.305299999982,930.1822999999821,974.0967999999821,984.770199999988,1019.577599999994,1028.767699999988]",,28,"[117.16239999997616,173.56779999998213,204.62289999997614,290.04919999998805,309.7127999999821,364.46719999998805,383.8978999999761,454.11299999999994,478.8303999999761,496.87649999999996,506.9167999999821,547.0614999999999,565.490699999988,604.3009999999999,668.995699999988,682.755699999988,691.295,736.259699999988,779.5061999999881,807.4926999999881,825.555,905.7273999999761,916.151299999982,931.028199999988,974.7753999999761,985.6996999999881,1020.5075,1029.5637999999822]","[117.16250000000001,173.5678999999762,204.62289999997614,290.04919999998805,309.7128999999761,364.46729999998206,383.8978999999761,454.11299999999994,478.8305,496.87649999999996,506.9168999999762,547.0614999999999,565.490699999988,604.3009999999999,668.995699999988,682.755699999988,691.295099999994,736.259699999988,779.5061999999881,807.4926999999881,825.555,905.7273999999761,916.1513999999761,931.028199999988,974.7753999999761,985.6997999999821,1020.5075999999941,1029.5638999999762]",18,"[92.96090000000595,137.25830000001193,223.2515,258.6428000000119,323.28740000000596,347.521099999994,402.75920000001787,430.0787000000179,535.668400000006,588.922300000012,704.369400000006,720.681,750.3013000000119,769.648300000012,845.117400000006,859.394,874.520800000012,888.2975]","[92.96109999999403,137.25830000001193,223.2515,258.6428000000119,323.28740000000596,347.521099999994,402.7593000000119,430.0788000000119,535.6685,588.922300000012,704.3695,720.681,750.3013000000119,769.648300000012,845.117400000006,859.3940999999941,874.520800000012,888.2975999999941]","[""scam_button""]",9.947916667,2.6634,5.15625,0.9285,0.221354167,0.9071,,,,,,resources/images/scam4.png,scam,0.8,0.65,0,0,,,,,,,,,,,,0,21,21,6,1,,,,,,,,,,,,,,,,,,,,,,,,,,,,,,,,,,,,,,,,,,,,,,,,,,,,,,,,,,,,,,,,,,,,,,,
,,,,,,,,,,,001,2025-05-08_20h18.41.352,SLSIC2_O,2022.2.5,Win32,60.24096386,,,,,,,,,,,47,"[91.56540000000595,116.09919999998809,136.39659999999404,172.77200000000002,203.64309999999404,222.40619999998808,257.463900000006,289.08590000000595,308.999900000006,322.34290000000595,346.5095,363.50459999999407,382.885,401.514400000006,429.18359999999404,452.8501999999881,477.9341999999881,495.946599999994,505.9535999999941,534.940299999982,546.2650999999939,564.411,587.677099999994,603.371199999988,667.3826999999881,682.126299999982,690.2650999999939,703.6076999999881,720.002599999994,735.463299999982,749.7399999999999,769.0032999999821,778.7102999999821,806.6126999999881,824.6259000000059,844.2559000000059,858.649,873.6927999999821,887.5024999999999,904.7476999999881,915.3051999999881,930.1822999999821,974.0965999999939,984.770199999988,1019.577599999994,1028.767699999988,1042.3102999999821]","[91.56540000000595,116.09919999998809,136.39659999999404,172.77209999999405,203.64329999998213,222.40629999998214,257.463900000006,289.086099999994,308.999900000006,322.343,346.5095,363.50459999999407,382.885,401.5145,429.18359999999404,452.8502999999821,477.9341999999881,495.946599999994,505.9535999999941,534.940299999982,546.2650999999939,564.411099999994,587.677199999988,603.3714000000059,667.3826999999881,682.1265,690.265199999988,703.607799999982,720.0026999999881,735.463299999982,749.740199999988,769.003599999994,778.710400000006,806.6126999999881,824.6259000000059,844.2559000000059,858.649099999994,873.6929000000059,887.5024999999999,904.7476999999881,915.305299999982,930.1822999999821,974.0967999999821,984.770199999988,1019.577599999994,1028.767699999988,1042.3102999999821]",,29,"[117.16239999997616,173.56779999998213,204.62289999997614,290.04919999998805,309.7127999999821,364.46719999998805,383.8978999999761,454.11299999999994,478.8303999999761,496.87649999999996,506.9167999999821,547.0614999999999,565.490699999988,604.3009999999999,668.995699999988,682.755699999988,691.295,736.259699999988,779.5061999999881,807.4926999999881,825.555,905.7273999999761,916.151299999982,931.028199999988,974.7753999999761,985.6996999999881,1020.5075,1029.5637999999822,1043.2227999999823]","[117.16250000000001,173.5678999999762,204.62289999997614,290.04919999998805,309.7128999999761,364.46729999998206,383.8978999999761,454.11299999999994,478.8305,496.87649999999996,506.9168999999762,547.0614999999999,565.490699999988,604.3009999999999,668.995699999988,682.755699999988,691.295099999994,736.259699999988,779.5061999999881,807.4926999999881,825.555,905.7273999999761,916.1513999999761,931.028199999988,974.7753999999761,985.6997999999821,1020.5075999999941,1029.5638999999762,1043.2227999999823]",18,"[92.96090000000595,137.25830000001193,223.2515,258.6428000000119,323.28740000000596,347.521099999994,402.75920000001787,430.0787000000179,535.668400000006,588.922300000012,704.369400000006,720.681,750.3013000000119,769.648300000012,845.117400000006,859.394,874.520800000012,888.2975]","[92.96109999999403,137.25830000001193,223.2515,258.6428000000119,323.28740000000596,347.521099999994,402.7593000000119,430.0788000000119,535.6685,588.922300000012,704.3695,720.681,750.3013000000119,769.648300000012,845.117400000006,859.3940999999941,874.520800000012,888.2975999999941]","[""scam_button""]",8.828125,0.9279,5.052083333,2.0654,0.416666667,1.4255,,,,,,resources/images/legit17-EDIT.png,legit,0.65,0.65,0,0,,,,,,,,,,,,0,22,22,22,1,,,,,,,,,,,,,,,,,,,,,,,,,,,,,,,,,,,,,,,,,,,,,,,,,,,,,,,,,,,,,,,,,,,,,,,
,,,,,,,,,,,001,2025-05-08_20h18.41.352,SLSIC2_O,2022.2.5,Win32,60.24096386,,,,,,,,,,,48,"[91.56540000000595,116.09919999998809,136.39659999999404,172.77200000000002,203.64309999999404,222.40619999998808,257.463900000006,289.08590000000595,308.999900000006,322.34290000000595,346.5095,363.50459999999407,382.885,401.514400000006,429.18359999999404,452.8501999999881,477.9341999999881,495.946599999994,505.9535999999941,534.940299999982,546.2650999999939,564.411,587.677099999994,603.371199999988,667.3826999999881,682.126299999982,690.2650999999939,703.6076999999881,720.002599999994,735.463299999982,749.7399999999999,769.0032999999821,778.7102999999821,806.6126999999881,824.6259000000059,844.2559000000059,858.649,873.6927999999821,887.5024999999999,904.7476999999881,915.3051999999881,930.1822999999821,974.0965999999939,984.770199999988,1019.577599999994,1028.767699999988,1042.3102999999821,1059.3050999999941]","[91.56540000000595,116.09919999998809,136.39659999999404,172.77209999999405,203.64329999998213,222.40629999998214,257.463900000006,289.086099999994,308.999900000006,322.343,346.5095,363.50459999999407,382.885,401.5145,429.18359999999404,452.8502999999821,477.9341999999881,495.946599999994,505.9535999999941,534.940299999982,546.2650999999939,564.411099999994,587.677199999988,603.3714000000059,667.3826999999881,682.1265,690.265199999988,703.607799999982,720.0026999999881,735.463299999982,749.740199999988,769.003599999994,778.710400000006,806.6126999999881,824.6259000000059,844.2559000000059,858.649099999994,873.6929000000059,887.5024999999999,904.7476999999881,915.305299999982,930.1822999999821,974.0967999999821,984.770199999988,1019.577599999994,1028.767699999988,1042.3102999999821,1059.3050999999941]",,30,"[117.16239999997616,173.56779999998213,204.62289999997614,290.04919999998805,309.7127999999821,364.46719999998805,383.8978999999761,454.11299999999994,478.8303999999761,496.87649999999996,506.9167999999821,547.0614999999999,565.490699999988,604.3009999999999,668.995699999988,682.755699999988,691.295,736.259699999988,779.5061999999881,807.4926999999881,825.555,905.7273999999761,916.151299999982,931.028199999988,974.7753999999761,985.6996999999881,1020.5075,1029.5637999999822,1043.2227999999823,1060.0682999999822]","[117.16250000000001,173.5678999999762,204.62289999997614,290.04919999998805,309.7128999999761,364.46729999998206,383.8978999999761,454.11299999999994,478.8305,496.87649999999996,506.9168999999762,547.0614999999999,565.490699999988,604.3009999999999,668.995699999988,682.755699999988,691.295099999994,736.259699999988,779.5061999999881,807.4926999999881,825.555,905.7273999999761,916.1513999999761,931.028199999988,974.7753999999761,985.6997999999821,1020.5075999999941,1029.5638999999762,1043.2227999999823,1060.0683999999762]",18,"[92.96090000000595,137.25830000001193,223.2515,258.6428000000119,323.28740000000596,347.521099999994,402.75920000001787,430.0787000000179,535.668400000006,588.922300000012,704.369400000006,720.681,750.3013000000119,769.648300000012,845.117400000006,859.394,874.520800000012,888.2975]","[92.96109999999403,137.25830000001193,223.2515,258.6428000000119,323.28740000000596,347.521099999994,402.7593000000119,430.0788000000119,535.6685,588.922300000012,704.3695,720.681,750.3013000000119,769.648300000012,845.117400000006,859.3940999999941,874.520800000012,888.2975999999941]","[""scam_button""]",7.135416667,0.7458,4.84375,1.8915,0.052083333,0.9611,,,,,,resources/images/legit2.jpg,legit,1,0.65,0,0,,,,,,,,,,,,0,23,23,4,1,,,,,,,,,,,,,,,,,,,,,,,,,,,,,,,,,,,,,,,,,,,,,,,,,,,,,,,,,,,,,,,,,,,,,,,
,,,,,,,,,,,001,2025-05-08_20h18.41.352,SLSIC2_O,2022.2.5,Win32,60.24096386,,,,,,,,,,,,,,,,,,,,,,,,,,,,,,,,,,,,,,,,,,,,,,,,,,,,,,,space,2.7909,,,,,,,,,,,,,,,,,,,,,,,,,,,,,,,,,,,,,,,,,,,,,,,,,,,,,,,,,,,,,,,,,,,,,
,,,,,,,,,,,001,2025-05-08_20h18.41.352,SLSIC2_O,2022.2.5,Win32,60.24096386,,,,,,,,,,,,,,,,,,,,,,,,,,,,,,,,,,,,,,,,,,,,,,,,,,,,,,,,,3,5.3505,...finds clever ways to do things,0,0,0,3,1,...finds clever ways to do things,,,,,,,,,,,,,,,,,,,,,,,,,,,,,,,,,,,,,,,,,,,,,,,,,,,,,,,,,,,,
,,,,,,,,,,,001,2025-05-08_20h18.41.352,SLSIC2_O,2022.2.5,Win32,60.24096386,,,,,,,,,,,,,,,,,,,,,,,,,,,,,,,,,,,,,,,,,,,,,,,,,,,,,,,,,2,6.3947,...is inventive,0,1,1,2,1,...is inventive,,,,,,,,,,,,,,,,,,,,,,,,,,,,,,,,,,,,,,,,,,,,,,,,,,,,,,,,,,,,
,,,,,,,,,,,001,2025-05-08_20h18.41.352,SLSIC2_O,2022.2.5,Win32,60.24096386,,,,,,,,,,,,,,,,,,,,,,,,,,,,,,,,,,,,,,,,,,,,,,,,,,,,,,,,,1,3.2419,...often feels sad,0,2,2,0,1,...often feels sad,,,,,,,,,,,,,,,,,,,,,,,,,,,,,,,,,,,,,,,,,,,,,,,,,,,,,,,,,,,,
,,,,,,,,,,,001,2025-05-08_20h18.41.352,SLSIC2_O,2022.2.5,Win32,60.24096386,,,,,,,,,,,,,,,,,,,,,,,,,,,,,,,,,,,,,,,,,,,,,,,,,,,,,,,,,4,2.7586,"...is persistent, works until the task is finished",0,3,3,5,1,"...is persistent, works until the task is finished",,,,,,,,,,,,,,,,,,,,,,,,,,,,,,,,,,,,,,,,,,,,,,,,,,,,,,,,,,,,
,,,,,,,,,,,001,2025-05-08_20h18.41.352,SLSIC2_O,2022.2.5,Win32,60.24096386,,,,,,,,,,,,,,,,,,,,,,,,,,,,,,,,,,,,,,,,,,,,,,,,,,,,,,,,,4,1.6898,...is talktative,0,4,4,1,1,...is talktative,,,,,,,,,,,,,,,,,,,,,,,,,,,,,,,,,,,,,,,,,,,,,,,,,,,,,,,,,,,,
,,,,,,,,,,,001,2025-05-08_20h18.41.352,SLSIC2_O,2022.2.5,Win32,60.24096386,,,,,,,,,,,,,,,,,,,,,,,,,,,,,,,,,,,,,,,,,,,,,,,,,,,,,,,,,5,2.5304,"....is reliable, can always be counted on",0,5,5,4,1,"....is reliable, can always be counted on",,,,,,,,,,,,,,,,,,,,,,,,,,,,,,,,,,,,,,,,,,,,,,,,,,,,,,,,,,,,
,,,,,,,,,,,001,2025-05-08_20h18.41.352,SLSIC2_O,2022.2.5,Win32,60.24096386,,,,,,,,,,,,,,,,,,,,,,,,,,,,,,,,,,,,,,,,,,,,,,,,,,,,,,,,,,,,,,,,,,space,5.1847,,,,,,,,,,,,,,,,,,,,,,,,,,,,,,,,,,,,,,,,,,,,,,,,,,,,,,,,,,
,,,,,,,,,,,001,2025-05-08_20h18.41.352,SLSIC2_O,2022.2.5,Win32,60.24096386,,,,,,,,,,,,,,,,,,,,,,,,,,,,,,,,,,,,,,,,,,,,,,,,,,,,,,,,,,,,,,,,,,,,3,4.9228,,0,0,0,1,1,I feel that other people need me.,,,,,,,,,,,,,,,,,,,,,,,,,,,,,,,,,,,,,,,,,,,,,,,,,
,,,,,,,,,,,001,2025-05-08_20h18.41.352,SLSIC2_O,2022.2.5,Win32,60.24096386,,,,,,,,,,,,,,,,,,,,,,,,,,,,,,,,,,,,,,,,,,,,,,,,,,,,,,,,,,,,,,,,,,,,3,1.9181,,0,1,1,18,1,People come to me for advice.,,,,,,,,,,,,,,,,,,,,,,,,,,,,,,,,,,,,,,,,,,,,,,,,,
,,,,,,,,,,,001,2025-05-08_20h18.41.352,SLSIC2_O,2022.2.5,Win32,60.24096386,,,,,,,,,,,,,,,,,,,,,,,,,,,,,,,,,,,,,,,,,,,,,,,,,,,,,,,,,,,,,,,,,,,,1,5.0048,,0,2,2,9,1,Others would say that I have made unique contributions to society.,,,,,,,,,,,,,,,,,,,,,,,,,,,,,,,,,,,,,,,,,,,,,,,,,
,,,,,,,,,,,001,2025-05-08_20h18.41.352,SLSIC2_O,2022.2.5,Win32,60.24096386,,,,,,,,,,,,,,,,,,,,,,,,,,,,,,,,,,,,,,,,,,,,,,,,,,,,,,,,,,,,,,,,,,,,4,2.1069,,0,3,3,16,1,Other people say that I am a very productive person.,,,,,,,,,,,,,,,,,,,,,,,,,,,,,,,,,,,,,,,,,,,,,,,,,
,,,,,,,,,,,001,2025-05-08_20h18.41.352,SLSIC2_O,2022.2.5,Win32,60.24096386,,,,,,,,,,,,,,,,,,,,,,,,,,,,,,,,,,,,,,,,,,,,,,,,,,,,,,,,,,,,,,,,,,,,4,2.0539,,0,4,4,4,1,I volunteer to work for a charity.,,,,,,,,,,,,,,,,,,,,,,,,,,,,,,,,,,,,,,,,,,,,,,,,,
,,,,,,,,,,,001,2025-05-08_20h18.41.352,SLSIC2_O,2022.2.5,Win32,60.24096386,,,,,,,,,,,,,,,,,,,,,,,,,,,,,,,,,,,,,,,,,,,,,,,,,,,,,,,,,,,,,,,,,,,,2,2.5533,,0,5,5,0,1,Try to pass along the knowledge I have gained through my experiences.,,,,,,,,,,,,,,,,,,,,,,,,,,,,,,,,,,,,,,,,,,,,,,,,,
,,,,,,,,,,,001,2025-05-08_20h18.41.352,SLSIC2_O,2022.2.5,Win32,60.24096386,,,,,,,,,,,,,,,,,,,,,,,,,,,,,,,,,,,,,,,,,,,,,,,,,,,,,,,,,,,,,,,,,,,,2,1.9675,,0,6,6,3,1,I feel as though I have made a difference to many people.,,,,,,,,,,,,,,,,,,,,,,,,,,,,,,,,,,,,,,,,,,,,,,,,,
,,,,,,,,,,,001,2025-05-08_20h18.41.352,SLSIC2_O,2022.2.5,Win32,60.24096386,,,,,,,,,,,,,,,,,,,,,,,,,,,,,,,,,,,,,,,,,,,,,,,,,,,,,,,,,,,,,,,,,,,,2,2.2183,,0,7,7,15,1,"I have made many commitments to many different kinds of people, groups, and activities in my life.",,,,,,,,,,,,,,,,,,,,,,,,,,,,,,,,,,,,,,,,,,,,,,,,,
,,,,,,,,,,,001,2025-05-08_20h18.41.352,SLSIC2_O,2022.2.5,Win32,60.24096386,,,,,,,,,,,,,,,,,,,,,,,,,,,,,,,,,,,,,,,,,,,,,,,,,,,,,,,,,,,,,,,,,,,,1,4.1717,,0,8,8,10,1,"If I were unable to have children of my own, I would like to adopt children.",,,,,,,,,,,,,,,,,,,,,,,,,,,,,,,,,,,,,,,,,,,,,,,,,
,,,,,,,,,,,001,2025-05-08_20h18.41.352,SLSIC2_O,2022.2.5,Win32,60.24096386,,,,,,,,,,,,,,,,,,,,,,,,,,,,,,,,,,,,,,,,,,,,,,,,,,,,,,,,,,,,,,,,,,,,2,3.912,,0,9,9,19,1,I feel as though my contributions will exist after I die.,,,,,,,,,,,,,,,,,,,,,,,,,,,,,,,,,,,,,,,,,,,,,,,,,
,,,,,,,,,,,001,2025-05-08_20h18.41.352,SLSIC2_O,2022.2.5,Win32,60.24096386,,,,,,,,,,,,,,,,,,,,,,,,,,,,,,,,,,,,,,,,,,,,,,,,,,,,,,,,,,,,,,,,,,,,3,2.97,,0,10,10,17,1,I have a responsibility to improve the neighborhood in which I live.,,,,,,,,,,,,,,,,,,,,,,,,,,,,,,,,,,,,,,,,,,,,,,,,,
,,,,,,,,,,,001,2025-05-08_20h18.41.352,SLSIC2_O,2022.2.5,Win32,60.24096386,,,,,,,,,,,,,,,,,,,,,,,,,,,,,,,,,,,,,,,,,,,,,,,,,,,,,,,,,,,,,,,,,,,,2,1.9061,,0,11,11,11,1,I have important skills that I try to teach others.,,,,,,,,,,,,,,,,,,,,,,,,,,,,,,,,,,,,,,,,,,,,,,,,,
,,,,,,,,,,,001,2025-05-08_20h18.41.352,SLSIC2_O,2022.2.5,Win32,60.24096386,,,,,,,,,,,,,,,,,,,,,,,,,,,,,,,,,,,,,,,,,,,,,,,,,,,,,,,,,,,,,,,,,,,,2,2.5876,,0,12,12,7,1,I think that I will be remembered for a long time after I die.,,,,,,,,,,,,,,,,,,,,,,,,,,,,,,,,,,,,,,,,,,,,,,,,,
,,,,,,,,,,,001,2025-05-08_20h18.41.352,SLSIC2_O,2022.2.5,Win32,60.24096386,,,,,,,,,,,,,,,,,,,,,,,,,,,,,,,,,,,,,,,,,,,,,,,,,,,,,,,,,,,,,,,,,,,,2,1.3851,,0,13,13,6,1,I try to be creative in most things that I do.,,,,,,,,,,,,,,,,,,,,,,,,,,,,,,,,,,,,,,,,,,,,,,,,,
,,,,,,,,,,,001,2025-05-08_20h18.41.352,SLSIC2_O,2022.2.5,Win32,60.24096386,,,,,,,,,,,,,,,,,,,,,,,,,,,,,,,,,,,,,,,,,,,,,,,,,,,,,,,,,,,,,,,,,,,,3,1.9712,,0,14,14,13,1,"In general, my actions have a positive effect on other people.",,,,,,,,,,,,,,,,,,,,,,,,,,,,,,,,,,,,,,,,,,,,,,,,,
,,,,,,,,,,,001,2025-05-08_20h18.41.352,SLSIC2_O,2022.2.5,Win32,60.24096386,,,,,,,,,,,,,,,,,,,,,,,,,,,,,,,,,,,,,,,,,,,,,,,,,,,,,,,,,,,,,,,,,,,,1,3.4355,,0,15,15,2,1,I think I would like the work of a teacher.,,,,,,,,,,,,,,,,,,,,,,,,,,,,,,,,,,,,,,,,,,,,,,,,,
,,,,,,,,,,,001,2025-05-08_20h18.41.352,SLSIC2_O,2022.2.5,Win32,60.24096386,,,,,,,,,,,,,,,,,,,,,,,,,,,,,,,,,,,,,,,,,,,,,,,,,,,,,,,,,,,,,,,,,,,,2,2.2683,,0,16,16,5,1,I have made and created things that have had an impact on other people.,,,,,,,,,,,,,,,,,,,,,,,,,,,,,,,,,,,,,,,,,,,,,,,,,
,,,,,,,,,,,001,2025-05-08_20h18.41.352,SLSIC2_O,2022.2.5,Win32,60.24096386,,,,,,,,,,,,,,,,,,,,,,,,,,,,,,,,,,,,,,,,,,,,,,,,,,,,,,,,,,,,,,,,,,,,3,3.4689,,0,17,17,8,1,I believe that society should be responsible for providing food and shelter for all homeless people.,,,,,,,,,,,,,,,,,,,,,,,,,,,,,,,,,,,,,,,,,,,,,,,,,
,,,,,,,,,,,001,2025-05-08_20h18.41.352,SLSIC2_O,2022.2.5,Win32,60.24096386,,,,,,,,,,,,,,,,,,,,,,,,,,,,,,,,,,,,,,,,,,,,,,,,,,,,,,,,,,,,,,,,,,,,2,2.4544,,0,18,18,12,1,I feel that things I have done in my life will survive after I die.,,,,,,,,,,,,,,,,,,,,,,,,,,,,,,,,,,,,,,,,,,,,,,,,,
,,,,,,,,,,,001,2025-05-08_20h18.41.352,SLSIC2_O,2022.2.5,Win32,60.24096386,,,,,,,,,,,,,,,,,,,,,,,,,,,,,,,,,,,,,,,,,,,,,,,,,,,,,,,,,,,,,,,,,,,,2,1.6674,,0,19,19,14,1,I feel as though I have done a lot to contribute to others.,,,,,,,,,,,,,,,,,,,,,,,,,,,,,,,,,,,,,,,,,,,,,,,,,
,,,,,,,,,,,001,2025-05-08_20h18.41.352,SLSIC2_O,2022.2.5,Win32,60.24096386,,,,,,,,,,,,,,,,,,,,,,,,,,,,,,,,,,,,,,,,,,,,,,,,,,,,,,,,,,,,,,,,,,,,,,,,,,,,,space,2.8532,,,,,,,,,,,,,,,,,,,,,,,,,,,,,,,,,,,,,,,,,,,,,,,
,,,,,,,,,,,001,2025-05-08_20h18.41.352,SLSIC2_O,2022.2.5,Win32,60.24096386,,,,,,,,,,,,,,,,,,,,,,,,,,,,,,,,,,,,,,,,,,,,,,,,,,,,,,,,,,,,,,,,,,,,,,,,,,,,There are people I can talk to,,,4,2.6075,,0,0,0,18,1,,,,,,,,,,,,,,,,,,,,,,,,,,,,,,,,,,,,,,,
,,,,,,,,,,,001,2025-05-08_20h18.41.352,SLSIC2_O,2022.2.5,Win32,60.24096386,,,,,,,,,,,,,,,,,,,,,,,,,,,,,,,,,,,,,,,,,,,,,,,,,,,,,,,,,,,,,,,,,,,,,,,,,,,,There are people I can turn to,,,4,0.7896,,0,1,1,19,1,,,,,,,,,,,,,,,,,,,,,,,,,,,,,,,,,,,,,,,
,,,,,,,,,,,001,2025-05-08_20h18.41.352,SLSIC2_O,2022.2.5,Win32,60.24096386,,,,,,,,,,,,,,,,,,,,,,,,,,,,,,,,,,,,,,,,,,,,,,,,,,,,,,,,,,,,,,,,,,,,,,,,,,,,I have a lot in common with the people around me,,,3,2.8724,,0,2,2,5,1,,,,,,,,,,,,,,,,,,,,,,,,,,,,,,,,,,,,,,,
,,,,,,,,,,,001,2025-05-08_20h18.41.352,SLSIC2_O,2022.2.5,Win32,60.24096386,,,,,,,,,,,,,,,,,,,,,,,,,,,,,,,,,,,,,,,,,,,,,,,,,,,,,,,,,,,,,,,,,,,,,,,,,,,,I feel isolated from others,,,1,1.7909,,0,3,3,13,1,,,,,,,,,,,,,,,,,,,,,,,,,,,,,,,,,,,,,,,
,,,,,,,,,,,001,2025-05-08_20h18.41.352,SLSIC2_O,2022.2.5,Win32,60.24096386,,,,,,,,,,,,,,,,,,,,,,,,,,,,,,,,,,,,,,,,,,,,,,,,,,,,,,,,,,,,,,,,,,,,,,,,,,,,I feel part of a group of friends,,,3,1.8877,,0,4,4,4,1,,,,,,,,,,,,,,,,,,,,,,,,,,,,,,,,,,,,,,,
,,,,,,,,,,,001,2025-05-08_20h18.41.352,SLSIC2_O,2022.2.5,Win32,60.24096386,,,,,,,,,,,,,,,,,,,,,,,,,,,,,,,,,,,,,,,,,,,,,,,,,,,,,,,,,,,,,,,,,,,,,,,,,,,,I can find companionship when I want it,,,4,2.4869,,0,5,5,14,1,,,,,,,,,,,,,,,,,,,,,,,,,,,,,,,,,,,,,,,
,,,,,,,,,,,001,2025-05-08_20h18.41.352,SLSIC2_O,2022.2.5,Win32,60.24096386,,,,,,,,,,,,,,,,,,,,,,,,,,,,,,,,,,,,,,,,,,,,,,,,,,,,,,,,,,,,,,,,,,,,,,,,,,,,I am unhappy being so withdrawn ,,,1,1.72,,0,6,6,16,1,,,,,,,,,,,,,,,,,,,,,,,,,,,,,,,,,,,,,,,
,,,,,,,,,,,001,2025-05-08_20h18.41.352,SLSIC2_O,2022.2.5,Win32,60.24096386,,,,,,,,,,,,,,,,,,,,,,,,,,,,,,,,,,,,,,,,,,,,,,,,,,,,,,,,,,,,,,,,,,,,,,,,,,,,My interests and ideas are not shared by those around me,,,2,4.8066,,0,7,7,7,1,,,,,,,,,,,,,,,,,,,,,,,,,,,,,,,,,,,,,,,
,,,,,,,,,,,001,2025-05-08_20h18.41.352,SLSIC2_O,2022.2.5,Win32,60.24096386,,,,,,,,,,,,,,,,,,,,,,,,,,,,,,,,,,,,,,,,,,,,,,,,,,,,,,,,,,,,,,,,,,,,,,,,,,,,I feel in tune with the people around me,,,3,2.7727,,0,8,8,0,1,,,,,,,,,,,,,,,,,,,,,,,,,,,,,,,,,,,,,,,
,,,,,,,,,,,001,2025-05-08_20h18.41.352,SLSIC2_O,2022.2.5,Win32,60.24096386,,,,,,,,,,,,,,,,,,,,,,,,,,,,,,,,,,,,,,,,,,,,,,,,,,,,,,,,,,,,,,,,,,,,,,,,,,,,People are around me but not with me,,,2,2.9224,,0,9,9,17,1,,,,,,,,,,,,,,,,,,,,,,,,,,,,,,,,,,,,,,,
,,,,,,,,,,,001,2025-05-08_20h18.41.352,SLSIC2_O,2022.2.5,Win32,60.24096386,,,,,,,,,,,,,,,,,,,,,,,,,,,,,,,,,,,,,,,,,,,,,,,,,,,,,,,,,,,,,,,,,,,,,,,,,,,,I am no longer close to anyone,,,2,1.2693,,0,10,10,6,1,,,,,,,,,,,,,,,,,,,,,,,,,,,,,,,,,,,,,,,
,,,,,,,,,,,001,2025-05-08_20h18.41.352,SLSIC2_O,2022.2.5,Win32,60.24096386,,,,,,,,,,,,,,,,,,,,,,,,,,,,,,,,,,,,,,,,,,,,,,,,,,,,,,,,,,,,,,,,,,,,,,,,,,,,There are people who really understand me,,,3,1.9007,,0,11,11,15,1,,,,,,,,,,,,,,,,,,,,,,,,,,,,,,,,,,,,,,,
,,,,,,,,,,,001,2025-05-08_20h18.41.352,SLSIC2_O,2022.2.5,Win32,60.24096386,,,,,,,,,,,,,,,,,,,,,,,,,,,,,,,,,,,,,,,,,,,,,,,,,,,,,,,,,,,,,,,,,,,,,,,,,,,,I am an outgoing person,,,4,1.2856,,0,12,12,8,1,,,,,,,,,,,,,,,,,,,,,,,,,,,,,,,,,,,,,,,
,,,,,,,,,,,001,2025-05-08_20h18.41.352,SLSIC2_O,2022.2.5,Win32,60.24096386,,,,,,,,,,,,,,,,,,,,,,,,,,,,,,,,,,,,,,,,,,,,,,,,,,,,,,,,,,,,,,,,,,,,,,,,,,,,There are people I feel close to,,,3,2.2654,,0,13,13,9,1,,,,,,,,,,,,,,,,,,,,,,,,,,,,,,,,,,,,,,,
,,,,,,,,,,,001,2025-05-08_20h18.41.352,SLSIC2_O,2022.2.5,Win32,60.24096386,,,,,,,,,,,,,,,,,,,,,,,,,,,,,,,,,,,,,,,,,,,,,,,,,,,,,,,,,,,,,,,,,,,,,,,,,,,,There is no one I can turn to,,,1,1.8353,,0,14,14,2,1,,,,,,,,,,,,,,,,,,,,,,,,,,,,,,,,,,,,,,,
,,,,,,,,,,,001,2025-05-08_20h18.41.352,SLSIC2_O,2022.2.5,Win32,60.24096386,,,,,,,,,,,,,,,,,,,,,,,,,,,,,,,,,,,,,,,,,,,,,,,,,,,,,,,,,,,,,,,,,,,,,,,,,,,,I do not feel alone,,,4,6.4235,,0,15,15,3,1,,,,,,,,,,,,,,,,,,,,,,,,,,,,,,,,,,,,,,,
,,,,,,,,,,,001,2025-05-08_20h18.41.352,SLSIC2_O,2022.2.5,Win32,60.24096386,,,,,,,,,,,,,,,,,,,,,,,,,,,,,,,,,,,,,,,,,,,,,,,,,,,,,,,,,,,,,,,,,,,,,,,,,,,,I lack companionship,,,1,2.4195,,0,16,16,1,1,,,,,,,,,,,,,,,,,,,,,,,,,,,,,,,,,,,,,,,
,,,,,,,,,,,001,2025-05-08_20h18.41.352,SLSIC2_O,2022.2.5,Win32,60.24096386,,,,,,,,,,,,,,,,,,,,,,,,,,,,,,,,,,,,,,,,,,,,,,,,,,,,,,,,,,,,,,,,,,,,,,,,,,,,My social relationships are superficial,,,2,3.4715,,0,17,17,11,1,,,,,,,,,,,,,,,,,,,,,,,,,,,,,,,,,,,,,,,
,,,,,,,,,,,001,2025-05-08_20h18.41.352,SLSIC2_O,2022.2.5,Win32,60.24096386,,,,,,,,,,,,,,,,,,,,,,,,,,,,,,,,,,,,,,,,,,,,,,,,,,,,,,,,,,,,,,,,,,,,,,,,,,,,I feel left out,,,1,1.534,,0,18,18,10,1,,,,,,,,,,,,,,,,,,,,,,,,,,,,,,,,,,,,,,,
,,,,,,,,,,,001,2025-05-08_20h18.41.352,SLSIC2_O,2022.2.5,Win32,60.24096386,,,,,,,,,,,,,,,,,,,,,,,,,,,,,,,,,,,,,,,,,,,,,,,,,,,,,,,,,,,,,,,,,,,,,,,,,,,,No one really knows me well,,,2,1.2352,,0,19,19,12,1,,,,,,,,,,,,,,,,,,,,,,,,,,,,,,,,,,,,,,,
,,,,,,,,,,,001,2025-05-08_20h18.41.352,SLSIC2_O,2022.2.5,Win32,60.24096386,,,,,,,,,,,,,,,,,,,,,,,,,,,,,,,,,,,,,,,,,,,,,,,,,,,,,,,,,,,,,,,,,,,,,,,,,,,,,,,,,,,,,,,space,0.6868,,,,,,,,,,,,,,,,,,,,,,,,,,,,,,,,,,,,,
,,,,,,,,,,,001,2025-05-08_20h18.41.352,SLSIC2_O,2022.2.5,Win32,60.24096386,,,,,,,,,,,,,,,,,,,,,,,,,,,,,,,,,,,,,,,,,,,,,,,,,,,,,,,,,,,,,,,,,,,,,,,,,,,,,,,,,,,,,,,,,1,8.1054,"Sometimes when trying to go to sleep, I find my thoughts drift to my concerns about having Alzheimer’s disease or a related dementia.",0,0,0,9,1,"Sometimes when trying to go to sleep, I find my thoughts drift to my concerns about having Alzheimer’s disease or a related dementia.",,,,,,,,,,,,,,,,,,,,,,,,,,,,
,,,,,,,,,,,001,2025-05-08_20h18.41.352,SLSIC2_O,2022.2.5,Win32,60.24096386,,,,,,,,,,,,,,,,,,,,,,,,,,,,,,,,,,,,,,,,,,,,,,,,,,,,,,,,,,,,,,,,,,,,,,,,,,,,,,,,,,,,,,,,,1,3.1426,"When I am not distracted, I find my thoughts focusing on my own cognitive changes and concerns.",0,1,1,6,1,"When I am not distracted, I find my thoughts focusing on my own cognitive changes and concerns.",,,,,,,,,,,,,,,,,,,,,,,,,,,,
,,,,,,,,,,,001,2025-05-08_20h18.41.352,SLSIC2_O,2022.2.5,Win32,60.24096386,,,,,,,,,,,,,,,,,,,,,,,,,,,,,,,,,,,,,,,,,,,,,,,,,,,,,,,,,,,,,,,,,,,,,,,,,,,,,,,,,,,,,,,,,4,3.4611,"When I forget a word that I want to say, my thoughts immediately turn to Alzheimer’s disease and related dementias.",0,2,2,10,1,"When I forget a word that I want to say, my thoughts immediately turn to Alzheimer’s disease and related dementias.",,,,,,,,,,,,,,,,,,,,,,,,,,,,
,,,,,,,,,,,001,2025-05-08_20h18.41.352,SLSIC2_O,2022.2.5,Win32,60.24096386,,,,,,,,,,,,,,,,,,,,,,,,,,,,,,,,,,,,,,,,,,,,,,,,,,,,,,,,,,,,,,,,,,,,,,,,,,,,,,,,,,,,,,,,,1,2.7609,"Once I start worrying about Alzheimer’s disease and related dementias, I just cannot stop.",0,3,3,8,1,"Once I start worrying about Alzheimer’s disease and related dementias, I just cannot stop.",,,,,,,,,,,,,,,,,,,,,,,,,,,,
,,,,,,,,,,,001,2025-05-08_20h18.41.352,SLSIC2_O,2022.2.5,Win32,60.24096386,,,,,,,,,,,,,,,,,,,,,,,,,,,,,,,,,,,,,,,,,,,,,,,,,,,,,,,,,,,,,,,,,,,,,,,,,,,,,,,,,,,,,,,,,1,1.5078,I find it difficult to control my worries about developing Alzheimer’s disease and related dementias.,0,4,4,1,1,I find it difficult to control my worries about developing Alzheimer’s disease and related dementias.,,,,,,,,,,,,,,,,,,,,,,,,,,,,
,,,,,,,,,,,001,2025-05-08_20h18.41.352,SLSIC2_O,2022.2.5,Win32,60.24096386,,,,,,,,,,,,,,,,,,,,,,,,,,,,,,,,,,,,,,,,,,,,,,,,,,,,,,,,,,,,,,,,,,,,,,,,,,,,,,,,,,,,,,,,,1,2.2632,"More often than not, I find my thoughts returning to concerns that I have Alzheimer’s disease or a related dementia.",0,5,5,4,1,"More often than not, I find my thoughts returning to concerns that I have Alzheimer’s disease or a related dementia.",,,,,,,,,,,,,,,,,,,,,,,,,,,,
,,,,,,,,,,,001,2025-05-08_20h18.41.352,SLSIC2_O,2022.2.5,Win32,60.24096386,,,,,,,,,,,,,,,,,,,,,,,,,,,,,,,,,,,,,,,,,,,,,,,,,,,,,,,,,,,,,,,,,,,,,,,,,,,,,,,,,,,,,,,,,1,2.3149,I think I probably worry more about Alzheimer’s disease and related dementias than other people my same age.,0,6,6,11,1,I think I probably worry more about Alzheimer’s disease and related dementias than other people my same age.,,,,,,,,,,,,,,,,,,,,,,,,,,,,
,,,,,,,,,,,001,2025-05-08_20h18.41.352,SLSIC2_O,2022.2.5,Win32,60.24096386,,,,,,,,,,,,,,,,,,,,,,,,,,,,,,,,,,,,,,,,,,,,,,,,,,,,,,,,,,,,,,,,,,,,,,,,,,,,,,,,,,,,,,,,,4,5.0641,"When I can’t remember something, I find myself wondering whether I have Alzheimer’s disease or a related dementia.",0,7,7,2,1,"When I can’t remember something, I find myself wondering whether I have Alzheimer’s disease or a related dementia.",,,,,,,,,,,,,,,,,,,,,,,,,,,,
,,,,,,,,,,,001,2025-05-08_20h18.41.352,SLSIC2_O,2022.2.5,Win32,60.24096386,,,,,,,,,,,,,,,,,,,,,,,,,,,,,,,,,,,,,,,,,,,,,,,,,,,,,,,,,,,,,,,,,,,,,,,,,,,,,,,,,,,,,,,,,1,2.8598,"	When I hear about someone having Alzheimer’s disease or a related dementia, I start to worry about having it myself.",0,8,8,5,1,"	When I hear about someone having Alzheimer’s disease or a related dementia, I start to worry about having it myself.",,,,,,,,,,,,,,,,,,,,,,,,,,,,
,,,,,,,,,,,001,2025-05-08_20h18.41.352,SLSIC2_O,2022.2.5,Win32,60.24096386,,,,,,,,,,,,,,,,,,,,,,,,,,,,,,,,,,,,,,,,,,,,,,,,,,,,,,,,,,,,,,,,,,,,,,,,,,,,,,,,,,,,,,,,,1,1.891,My worries about Alzheimer’s disease and related dementias overwhelm me.,0,9,9,3,1,My worries about Alzheimer’s disease and related dementias overwhelm me.,,,,,,,,,,,,,,,,,,,,,,,,,,,,
,,,,,,,,,,,001,2025-05-08_20h18.41.352,SLSIC2_O,2022.2.5,Win32,60.24096386,,,,,,,,,,,,,,,,,,,,,,,,,,,,,,,,,,,,,,,,,,,,,,,,,,,,,,,,,,,,,,,,,,,,,,,,,,,,,,,,,,,,,,,,,1,1.9654,"I know I shouldn’t worry about developing Alzheimer’s disease and related dementias, but I just cannot help it.",0,10,10,0,1,"I know I shouldn’t worry about developing Alzheimer’s disease and related dementias, but I just cannot help it.",,,,,,,,,,,,,,,,,,,,,,,,,,,,
,,,,,,,,,,,001,2025-05-08_20h18.41.352,SLSIC2_O,2022.2.5,Win32,60.24096386,,,,,,,,,,,,,,,,,,,,,,,,,,,,,,,,,,,,,,,,,,,,,,,,,,,,,,,,,,,,,,,,,,,,,,,,,,,,,,,,,,,,,,,,,1,3.3773,"Even though I know it doesn’t help to focus on it, I can’t help thinking about whether or not I have Alzheimer’s disease or a related dementia.",0,11,11,7,1,"Even though I know it doesn’t help to focus on it, I can’t help thinking about whether or not I have Alzheimer’s disease or a related dementia.",,,,,,,,,,,,,,,,,,,,,,,,,,,,
,,,,,,,,,,,001,2025-05-08_20h18.41.352,SLSIC2_O,2022.2.5,Win32,60.24096386,,,,,,,,,,,,,,,,,,,,,,,,,,,,,,,,,,,,,,,,,,,,,,,,,,,,,,,,,,,,,,,,,,,,,,,,,,,,,,,,,,,,,,,,,,,,,,,,,,space,0.7527,,,,,,,,,,,,,,,,,,,,,,,,,,
,,,,,,,,,,,001,2025-05-08_20h18.41.352,SLSIC2_O,2022.2.5,Win32,60.24096386,,,,,,,,,,,,,,,,,,,,,,,,,,,,,,,,,,,,,,,,,,,,,,,,,,,,,,,,,,,,,,,,,,,,,,,,,,,,,,,,,,,,,,,,,,,,,,,,,,,,1,3.5202,"I answer the phone whenever it rings, even if I do not know who is calling",0,0,0,0,1,"I answer the phone whenever it rings, even if I do not know who is calling",,,,,,,,,,,,,,,,,
,,,,,,,,,,,001,2025-05-08_20h18.41.352,SLSIC2_O,2022.2.5,Win32,60.24096386,,,,,,,,,,,,,,,,,,,,,,,,,,,,,,,,,,,,,,,,,,,,,,,,,,,,,,,,,,,,,,,,,,,,,,,,,,,,,,,,,,,,,,,,,,,,,,,,,,,,1,3.1642,"I have difficulty ending a phone call, even if the caller is a telemarketer, someone I do not know, or someone I do not wish to call me",0,1,1,1,1,"I have difficulty ending a phone call, even if the caller is a telemarketer, someone I do not know, or someone I do not wish to call me",,,,,,,,,,,,,,,,,
,,,,,,,,,,,001,2025-05-08_20h18.41.352,SLSIC2_O,2022.2.5,Win32,60.24096386,,,,,,,,,,,,,,,,,,,,,,,,,,,,,,,,,,,,,,,,,,,,,,,,,,,,,,,,,,,,,,,,,,,,,,,,,,,,,,,,,,,,,,,,,,,,,,,,,,,,4,2.8942,Persons over the age of 65 are often targeted by con-artists,0,2,2,3,1,Persons over the age of 65 are often targeted by con-artists,,,,,,,,,,,,,,,,,
,,,,,,,,,,,001,2025-05-08_20h18.41.352,SLSIC2_O,2022.2.5,Win32,60.24096386,,,,,,,,,,,,,,,,,,,,,,,,,,,,,,,,,,,,,,,,,,,,,,,,,,,,,,,,,,,,,,,,,,,,,,,,,,,,,,,,,,,,,,,,,,,,,,,,,,,,1,3.0916,"If a telemarketer calls me, I usually listen to what they have to say",0,3,3,4,1,"If a telemarketer calls me, I usually listen to what they have to say",,,,,,,,,,,,,,,,,
,,,,,,,,,,,001,2025-05-08_20h18.41.352,SLSIC2_O,2022.2.5,Win32,60.24096386,,,,,,,,,,,,,,,,,,,,,,,,,,,,,,,,,,,,,,,,,,,,,,,,,,,,,,,,,,,,,,,,,,,,,,,,,,,,,,,,,,,,,,,,,,,,,,,,,,,,5,2.6399,"If something sounds too good to be true, it usually is",0,4,4,2,1,"If something sounds too good to be true, it usually is",,,,,,,,,,,,,,,,,
,,,,,,,,,,,001,2025-05-08_20h18.41.352,SLSIC2_O,2022.2.5,Win32,60.24096386,,,,,,,,,,,,,,,,,,,,,,,,,,,,,,,,,,,,,,,,,,,,,,,,,,,,,,,,,,,,,,,,,,,,,,,,,,,,,,,,,,,,,,,,,,,,,,,,,,,,,,,,,,,,,1.955729167,3.9272,,,,,,,,,,,,,,,
,,,,,,,,,,,001,2025-05-08_20h18.41.352,SLSIC2_O,2022.2.5,Win32,60.24096386,,,,,,,,,,,,,,,,,,,,,,,,,,,,,,,,,,,,,,,,,,,,,,,,,,,,,,,,,,,,,,,,,,,,,,,,,,,,,,,,,,,,,,,,,,,,,,,,,,,,,,,,,,,,,,,,,,,,,,,,,,,,,
,,,,,,,,,,,001,2025-05-08_20h18.41.352,SLSIC2_O,2022.2.5,Win32,60.24096386,,,,,,,,,,,,,,,,,,,,,,,,,,,,,,,,,,,,,,,,,,,,,,,,,,,,,,,,,,,,,,,,,,,,,,,,,,,,,,,,,,,,,,,,,,,,,,,,,,,,,,,,,,,,,,,"[""male_option""]",,,,,,,,,,,,,,
,,,,,,,,,,,001,2025-05-08_20h18.41.352,SLSIC2_O,2022.2.5,Win32,60.24096386,,,,,,,,,,,,,,,,,,,,,,,,,,,,,,,,,,,,,,,,,,,,,,,,,,,,,,,,,,,,,,,,,,,,,,,,,,,,,,,,,,,,,,,,,,,,,,,,,,,,,,,,,,,,,,,,,,,,,,,,,,,,,
,,,,,,,,,,,001,2025-05-08_20h18.41.352,SLSIC2_O,2022.2.5,Win32,60.24096386,,,,,,,,,,,,,,,,,,,,,,,,,,,,,,,,,,,,,,,,,,,,,,,,,,,,,,,,,,,,,,,,,,,,,,,,,,,,,,,,,,,,,,,,,,,,,,,,,,,,,,,,,,,,,,,,74,01/04/1951,,,,,,,,,,,,
,,,,,,,,,,,001,2025-05-08_20h18.41.352,SLSIC2_O,2022.2.5,Win32,60.24096386,,,,,,,,,,,,,,,,,,,,,,,,,,,,,,,,,,,,,,,,,,,,,,,,,,,,,,,,,,,,,,,,,,,,,,,,,,,,,,,,,,,,,,,,,,,,,,,,,,,,,,,,,,,,,,,,,,,,,,,,,,,,,
,,,,,,,,,,,001,2025-05-08_20h18.41.352,SLSIC2_O,2022.2.5,Win32,60.24096386,,,,,,,,,,,,,,,,,,,,,,,,,,,,,,,,,,,,,,,,,,,,,,,,,,,,,,,,,,,,,,,,,,,,,,,,,,,,,,,,,,,,,,,,,,,,,,,,,,,,,,,,,,,,,,,,,,"[""EduOpt3""]",,,,,,,,,,,
,,,,,,,,,,,001,2025-05-08_20h18.41.352,SLSIC2_O,2022.2.5,Win32,60.24096386,,,,,,,,,,,,,,,,,,,,,,,,,,,,,,,,,,,,,,,,,,,,,,,,,,,,,,,,,,,,,,,,,,,,,,,,,,,,,,,,,,,,,,,,,,,,,,,,,,,,,,,,,,,,,,,,,,,,,,,,,,,,,
,,,,,,,,,,,001,2025-05-08_20h18.41.352,SLSIC2_O,2022.2.5,Win32,60.24096386,,,,,,,,,,,,,,,,,,,,,,,,,,,,,,,,,,,,,,,,,,,,,,,,,,,,,,,,,,,,,,,,,,,,,,,,,,,,,,,,,,,,,,,,,,,,,,,,,,,,,,,,,,,,,,,,,,,"[""EthnOpt5""]",,,,,,,,,,
,,,,,,,,,,,001,2025-05-08_20h18.41.352,SLSIC2_O,2022.2.5,Win32,60.24096386,,,,,,,,,,,,,,,,,,,,,,,,,,,,,,,,,,,,,,,,,,,,,,,,,,,,,,,,,,,,,,,,,,,,,,,,,,,,,,,,,,,,,,,,,,,,,,,,,,,,,,,,,,,,,,,,,,,,,,,,,,,,,
,,,,,,,,,,,001,2025-05-08_20h18.41.352,SLSIC2_O,2022.2.5,Win32,60.24096386,,,,,,,,,,,,,,,,,,,,,,,,,,,,,,,,,,,,,,,,,,,,,,,,,,,,,,,,,,,,,,,,,,,,,,,,,,,,,,,,,,,,,,,,,,,,,,,,,,,,,,,,,,,,,,,,,,,,"[""EngFlncyY""]",,,,,,,,,
,,,,,,,,,,,001,2025-05-08_20h18.41.352,SLSIC2_O,2022.2.5,Win32,60.24096386,,,,,,,,,,,,,,,,,,,,,,,,,,,,,,,,,,,,,,,,,,,,,,,,,,,,,,,,,,,,,,,,,,,,,,,,,,,,,,,,,,,,,,,,,,,,,,,,,,,,,,,,,,,,,,,,,,,,,,,,,,,,,
,,,,,,,,,,,001,2025-05-08_20h18.41.352,SLSIC2_O,2022.2.5,Win32,60.24096386,,,,,,,,,,,,,,,,,,,,,,,,,,,,,,,,,,,,,,,,,,,,,,,,,,,,,,,,,,,,,,,,,,,,,,,,,,,,,,,,,,,,,,,,,,,,,,,,,,,,,,,,,,,,,,,,,,,,,0,US,,,,,,,
,,,,,,,,,,,001,2025-05-08_20h18.41.352,SLSIC2_O,2022.2.5,Win32,60.24096386,,,,,,,,,,,,,,,,,,,,,,,,,,,,,,,,,,,,,,,,,,,,,,,,,,,,,,,,,,,,,,,,,,,,,,,,,,,,,,,,,,,,,,,,,,,,,,,,,,,,,,,,,,,,,,,,,,,,,,,,,,,,,
,,,,,,,,,,,001,2025-05-08_20h18.41.352,SLSIC2_O,2022.2.5,Win32,60.24096386,,,,,,,,,,,,,,,,,,,,,,,,,,,,,,,,,,,,,,,,,,,,,,,,,,,,,,,,,,,,,,,,,,,,,,,,,,,,,,,,,,,,,,,,,,,,,,,,,,,,,,,,,,,,,,,,,,,,,,,D,,,,,,
,,,,,,,,,,,001,2025-05-08_20h18.41.352,SLSIC2_O,2022.2.5,Win32,60.24096386,,,,,,,,,,,,,,,,,,,,,,,,,,,,,,,,,,,,,,,,,,,,,,,,,,,,,,,,,,,,,,,,,,,,,,,,,,,,,,,,,,,,,,,,,,,,,,,,,,,,,,,,,,,,,,,,,,,,,,,,,,,,,
,,,,,,,,,,,001,2025-05-08_20h18.41.352,SLSIC2_O,2022.2.5,Win32,60.24096386,,,,,,,,,,,,,,,,,,,,,,,,,,,,,,,,,,,,,,,,,,,,,,,,,,,,,,,,,,,,,,,,,,,,,,,,,,,,,,,,,,,,,,,,,,,,,,,,,,,,,,,,,,,,,,,,,,,,,,,,"No, full attention",,,,,
,,,,,,,,,,,001,2025-05-08_20h18.41.352,SLSIC2_O,2022.2.5,Win32,60.24096386,,,,,,,,,,,,,,,,,,,,,,,,,,,,,,,,,,,,,,,,,,,,,,,,,,,,,,,,,,,,,,,,,,,,,,,,,,,,,,,,,,,,,,,,,,,,,,,,,,,,,,,,,,,,,,,,,,,,,,,,,,,,,
,,,,,,,,,,,001,2025-05-08_20h18.41.352,SLSIC2_O,2022.2.5,Win32,60.24096386,,,,,,,,,,,,,,,,,,,,,,,,,,,,,,,,,,,,,,,,,,,,,,,,,,,,,,,,,,,,,,,,,,,,,,,,,,,,,,,,,,,,,,,,,,,,,,,,,,,,,,,,,,,,,,,,,,,,,,,,,  ,,,,
,,,,,,,,,,,001,2025-05-08_20h18.41.352,SLSIC2_O,2022.2.5,Win32,60.24096386,,,,,,,,,,,,,,,,,,,,,,,,,,,,,,,,,,,,,,,,,,,,,,,,,,,,,,,,,,,,,,,,,,,,,,,,,,,,,,,,,,,,,,,,,,,,,,,,,,,,,,,,,,,,,,,,,,,,,,,,,,,,,
,,,,,,,,,,,001,2025-05-08_20h18.41.352,SLSIC2_O,2022.2.5,Win32,60.24096386,,,,,,,,,,,,,,,,,,,,,,,,,,,,,,,,,,,,,,,,,,,,,,,,,,,,,,,,,,,,,,,,,,,,,,,,,,,,,,,,,,,,,,,,,,,,,,,,,,,,,,,,,,,,,,,,,,,,,,,,,,"[""Q4option1""]",,,
,,,,,,,,,,,001,2025-05-08_20h18.41.352,SLSIC2_O,2022.2.5,Win32,60.24096386,,,,,,,,,,,,,,,,,,,,,,,,,,,,,,,,,,,,,,,,,,,,,,,,,,,,,,,,,,,,,,,,,,,,,,,,,,,,,,,,,,,,,,,,,,,,,,,,,,,,,,,,,,,,,,,,,,,,,,,,,,,,,
,,,,,,,,,,,001,2025-05-08_20h18.41.352,SLSIC2_O,2022.2.5,Win32,60.24096386,,,,,,,,,,,,,,,,,,,,,,,,,,,,,,,,,,,,,,,,,,,,,,,,,,,,,,,,,,,,,,,,,,,,,,,,,,,,,,,,,,,,,,,,,,,,,,,,,,,,,,,,,,,,,,,,,,,,,,,,,,,1,[1376.847199999988],[1376.847300000012]
