bruinID.text,button.numClicks,button.timesOn,button.timesOff,mouseLogIn.x,mouseLogIn.y,mouseLogIn.leftButton,mouseLogIn.midButton,mouseLogIn.rightButton,mouseLogIn.time,mouseLogIn.clicked_name,session,date,expName,psychopyVersion,OS,frameRate,key_resp_6.keys,key_resp_6.rt,key_resp_5.keys,key_resp_5.rt,subjage_slider.response,subjage_slider.rt,confidence_scale.response,confidence_scale.rt,key_resp_7.keys,key_resp_7.rt,button_2.numClicks,button_2.timesOn,button_2.timesOff,email_type,scam_button.numClicks,scam_button.timesOn,scam_button.timesOff,legit_button.numClicks,legit_button.timesOn,legit_button.timesOff,button_selections_1,confidence_scale_email.response,confidence_scale_email.rt,personal_rel_scale.response,personal_rel_scale.rt,curiosity_scale.response,curiosity_scale.rt,email_loop.thisRepN,email_loop.thisTrialN,email_loop.thisN,email_loop.thisIndex,email_loop.ran,emails,type,xsize,ysize,xpos,ypos,key_resp_11.keys,key_resp_11.rt,key_resp_9.keys,key_resp_9.rt,key_resp_10.keys,key_resp_10.rt,textbox.text,next_button.numClicks,next_button.timesOn,next_button.timesOff,email_loops2.thisRepN,email_loops2.thisTrialN,email_loops2.thisN,email_loops2.thisIndex,email_loops2.ran,key_resp_3.keys,key_resp_3.rt,slider1_2.response,slider1_2.rt,trust_question,loop_GT.thisRepN,loop_GT.thisTrialN,loop_GT.thisN,loop_GT.thisIndex,loop_GT.ran,Phrases,instructionresp_2.keys,instructionresp_2.rt,key_resp_13.keys,key_resp_13.rt,gen_question,loop_G.thisRepN,loop_G.thisTrialN,loop_G.thisN,loop_G.thisIndex,loop_G.ran,Questions,instructionresp.keys,instructionresp.rt,key_resp_2.keys,key_resp_2.rt,lonely_question,loop_LS.thisRepN,loop_LS.thisTrialN,loop_LS.thisN,loop_LS.thisIndex,loop_LS.ran,key_resp_4.keys,key_resp_4.rt,rating.response,rating.rt,dementia_question,loop_dm.thisRepN,loop_dm.thisTrialN,loop_dm.thisN,loop_dm.thisIndex,loop_dm.ran,Items,key_resp.keys,key_resp.rt,slider1.response,slider1.rt,ss_question,loop_SS.thisRepN,loop_SS.thisTrialN,loop_SS.thisN,loop_SS.thisIndex,loop_SS.ran,Statements,slider.response,slider.rt,Gender,textboxAge.text,textboxBirthday.text,Education Level,Ethnicity,English Fluency,textboxAge_2.text,textboxCountry.text,FQ1textbox.text,textboxQuestion2.text,textboxQuestion3.text,FQ4 selection,Finish.numClicks,Finish.timesOn,Finish.timesOff
5ea645096a1a5b65989587be,1,[293.3593999999762],[293.3641999999285],-0.073333282,-0.0775,1,0,0,34.629,button,001,2025-05-08_20h22.06.706,SLSINC_O,2022.2.5,Win32,60.24096386,,,,,,,,,,,,,,,,,,,,,,,,,,,,,,,,,,,,,,,,,,,,,,,,,,,,,,,,,,,,,,,,,,,,,,,,,,,,,,,,,,,,,,,,,,,,,,,,,,,,,,,,,,,,,,,,,,,,,,,,,,,,
,,,,,,,,,,,001,2025-05-08_20h22.06.706,SLSINC_O,2022.2.5,Win32,60.24096386,space,66.1126,,,,,,,,,,,,,,,,,,,,,,,,,,,,,,,,,,,,,,,,,,,,,,,,,,,,,,,,,,,,,,,,,,,,,,,,,,,,,,,,,,,,,,,,,,,,,,,,,,,,,,,,,,,,,,,,,,,,,,,,,,
,,,,,,,,,,,001,2025-05-08_20h22.06.706,SLSINC_O,2022.2.5,Win32,60.24096386,,,space,54.697,,,,,,,,,,,,,,,,,,,,,,,,,,,,,,,,,,,,,,,,,,,,,,,,,,,,,,,,,,,,,,,,,,,,,,,,,,,,,,,,,,,,,,,,,,,,,,,,,,,,,,,,,,,,,,,,,,,,,,,,
,,,,,,,,,,,001,2025-05-08_20h22.06.706,SLSINC_O,2022.2.5,Win32,60.24096386,,,,,59.80000305,6.9118,,,,,,,,,,,,,,,,,,,,,,,,,,,,,,,,,,,,,,,,,,,,,,,,,,,,,,,,,,,,,,,,,,,,,,,,,,,,,,,,,,,,,,,,,,,,,,,,,,,,,,,,,,,,,,,,,,,,,,
,,,,,,,,,,,001,2025-05-08_20h22.06.706,SLSINC_O,2022.2.5,Win32,60.24096386,,,,,,,7,22.8416,,,,,,,,,,,,,,,,,,,,,,,,,,,,,,,,,,,,,,,,,,,,,,,,,,,,,,,,,,,,,,,,,,,,,,,,,,,,,,,,,,,,,,,,,,,,,,,,,,,,,,,,,,,,,,,,,,,,
,,,,,,,,,,,001,2025-05-08_20h22.06.706,SLSINC_O,2022.2.5,Win32,60.24096386,,,,,,,,,space,14.8508,,,,,,,,,,,,,,,,,,,,,,,,,,,,,,,,,,,,,,,,,,,,,,,,,,,,,,,,,,,,,,,,,,,,,,,,,,,,,,,,,,,,,,,,,,,,,,,,,,,,,,,,,,,,,,,,,,
,,,,,,,,,,,001,2025-05-08_20h22.06.706,SLSINC_O,2022.2.5,Win32,60.24096386,,,,,,,,,,,1,[529.8584999999999],[529.8584999999999],,1,[532.4647000000477],[532.4647000000477],0,[],[],"[""scam_button""]",7.966667175,2.3204,1.108333588,3.7611,1.058333588,3.8344,0,0,0,17,1,resources/images/scam10.jpg,scam,1,0.65,0,0,,,,,,,,,,,,,,,,,,,,,,,,,,,,,,,,,,,,,,,,,,,,,,,,,,,,,,,,,,,,,,,,,,,,,,,,,,,,,,,,,,,,,,
,,,,,,,,,,,001,2025-05-08_20h22.06.706,SLSINC_O,2022.2.5,Win32,60.24096386,,,,,,,,,,,2,"[529.8584999999999,584.5091999999285]","[529.8584999999999,584.5092999999523]",,2,"[532.4647000000477,587.6413000000715]","[532.4647000000477,587.6413999999762]",0,[],[],"[""scam_button""]",6.108333588,1.9897,1.041666794,2.3999,0.933333588,1.7703,0,1,1,23,1,resources/images/scam14-EDIT.png,scam,1,0.65,0,0,,,,,,,,,,,,,,,,,,,,,,,,,,,,,,,,,,,,,,,,,,,,,,,,,,,,,,,,,,,,,,,,,,,,,,,,,,,,,,,,,,,,,,
,,,,,,,,,,,001,2025-05-08_20h22.06.706,SLSINC_O,2022.2.5,Win32,60.24096386,,,,,,,,,,,3,"[529.8584999999999,584.5091999999285,614.193]","[529.8584999999999,584.5092999999523,614.193]",,3,"[532.4647000000477,587.6413000000715,615.2487000000477]","[532.4647000000477,587.6413999999762,615.2487000000477]",0,[],[],"[""scam_button""]",5.958333588,1.8665,0.983333588,2.0874,1.016666794,1.516,0,2,2,4,1,resources/images/legit2.jpg,legit,1,0.65,0,0,,,,,,,,,,,,,,,,,,,,,,,,,,,,,,,,,,,,,,,,,,,,,,,,,,,,,,,,,,,,,,,,,,,,,,,,,,,,,,,,,,,,,,
,,,,,,,,,,,001,2025-05-08_20h22.06.706,SLSINC_O,2022.2.5,Win32,60.24096386,,,,,,,,,,,4,"[529.8584999999999,584.5091999999285,614.193,650.9100999999046]","[529.8584999999999,584.5092999999523,614.193,650.9100999999046]",,3,"[532.4647000000477,587.6413000000715,615.2487000000477]","[532.4647000000477,587.6413999999762,615.2487000000477]",1,[652.1916000000238],[652.1917000000476],"[""legit_button""]",7.166667175,1.8448,1.075,8.3337,1.991666794,2.3787,0,3,3,9,1,resources/images/scam6.jpg,scam,1,0.65,0,0,,,,,,,,,,,,,,,,,,,,,,,,,,,,,,,,,,,,,,,,,,,,,,,,,,,,,,,,,,,,,,,,,,,,,,,,,,,,,,,,,,,,,,
,,,,,,,,,,,001,2025-05-08_20h22.06.706,SLSINC_O,2022.2.5,Win32,60.24096386,,,,,,,,,,,5,"[529.8584999999999,584.5091999999285,614.193,650.9100999999046,714.8276999999284]","[529.8584999999999,584.5092999999523,614.193,650.9100999999046,714.8276999999284]",,3,"[532.4647000000477,587.6413000000715,615.2487000000477]","[532.4647000000477,587.6413999999762,615.2487000000477]",2,"[652.1916000000238,715.9093000000714]","[652.1917000000476,715.9093000000714]","[""legit_button""]",7.15,2.5103,2.025,3.6069,0.95,1.8182,0,4,4,5,1,resources/images/legit3.jpg,legit,1,0.73,0,0,,,,,,,,,,,,,,,,,,,,,,,,,,,,,,,,,,,,,,,,,,,,,,,,,,,,,,,,,,,,,,,,,,,,,,,,,,,,,,,,,,,,,,
,,,,,,,,,,,001,2025-05-08_20h22.06.706,SLSINC_O,2022.2.5,Win32,60.24096386,,,,,,,,,,,6,"[529.8584999999999,584.5091999999285,614.193,650.9100999999046,714.8276999999284,738.5612999999523]","[529.8584999999999,584.5092999999523,614.193,650.9100999999046,714.8276999999284,738.5612999999523]",,4,"[532.4647000000477,587.6413000000715,615.2487000000477,739.7435]","[532.4647000000477,587.6413999999762,615.2487000000477,739.7435]",2,"[652.1916000000238,715.9093000000714]","[652.1917000000476,715.9093000000714]","[""scam_button""]",7.125,2.578,2.1,1.9328,1.175,1.6962,0,5,5,2,1,resources/images/scam3.png,scam,1.2,0.65,0,0,,,,,,,,,,,,,,,,,,,,,,,,,,,,,,,,,,,,,,,,,,,,,,,,,,,,,,,,,,,,,,,,,,,,,,,,,,,,,,,,,,,,,,
,,,,,,,,,,,001,2025-05-08_20h22.06.706,SLSINC_O,2022.2.5,Win32,60.24096386,,,,,,,,,,,7,"[529.8584999999999,584.5091999999285,614.193,650.9100999999046,714.8276999999284,738.5612999999523,812.0622999999523]","[529.8584999999999,584.5092999999523,614.193,650.9100999999046,714.8276999999284,738.5612999999523,812.0622999999523]",,5,"[532.4647000000477,587.6413000000715,615.2487000000477,739.7435,813.3445]","[532.4647000000477,587.6413999999762,615.2487000000477,739.7435,813.3446000000239]",2,"[652.1916000000238,715.9093000000714]","[652.1917000000476,715.9093000000714]","[""scam_button""]",5.975,1.557,1.983333588,1.92,1.15,0.9466,0,6,6,22,1,resources/images/legit17-EDIT.png,legit,0.65,0.65,0,0,,,,,,,,,,,,,,,,,,,,,,,,,,,,,,,,,,,,,,,,,,,,,,,,,,,,,,,,,,,,,,,,,,,,,,,,,,,,,,,,,,,,,,
,,,,,,,,,,,001,2025-05-08_20h22.06.706,SLSINC_O,2022.2.5,Win32,60.24096386,,,,,,,,,,,8,"[529.8584999999999,584.5091999999285,614.193,650.9100999999046,714.8276999999284,738.5612999999523,812.0622999999523,852.2295999999046]","[529.8584999999999,584.5092999999523,614.193,650.9100999999046,714.8276999999284,738.5612999999523,812.0622999999523,852.2295999999046]",,5,"[532.4647000000477,587.6413000000715,615.2487000000477,739.7435,813.3445]","[532.4647000000477,587.6413999999762,615.2487000000477,739.7435,813.3446000000239]",3,"[652.1916000000238,715.9093000000714,854.4612000000477]","[652.1917000000476,715.9093000000714,854.4612000000477]","[""legit_button""]",7.175,3.2906,1.933333588,3.0074,0.983333588,1.0169,0,7,7,8,1,resources/images/legit9-EDIT.png,legit,1,0.65,0,0,,,,,,,,,,,,,,,,,,,,,,,,,,,,,,,,,,,,,,,,,,,,,,,,,,,,,,,,,,,,,,,,,,,,,,,,,,,,,,,,,,,,,,
,,,,,,,,,,,001,2025-05-08_20h22.06.706,SLSINC_O,2022.2.5,Win32,60.24096386,,,,,,,,,,,9,"[529.8584999999999,584.5091999999285,614.193,650.9100999999046,714.8276999999284,738.5612999999523,812.0622999999523,852.2295999999046,881.1465999999047]","[529.8584999999999,584.5092999999523,614.193,650.9100999999046,714.8276999999284,738.5612999999523,812.0622999999523,852.2295999999046,881.1466999999285]",,5,"[532.4647000000477,587.6413000000715,615.2487000000477,739.7435,813.3445]","[532.4647000000477,587.6413999999762,615.2487000000477,739.7435,813.3446000000239]",4,"[652.1916000000238,715.9093000000714,854.4612000000477,882.3855000000001]","[652.1917000000476,715.9093000000714,854.4612000000477,882.3856000000239]","[""legit_button""]",7.008333588,2.2211,2.833333588,4.4241,0.983333588,0.6503,0,8,8,3,1,resources/images/legit1.png,legit,1,0.72,0,0,,,,,,,,,,,,,,,,,,,,,,,,,,,,,,,,,,,,,,,,,,,,,,,,,,,,,,,,,,,,,,,,,,,,,,,,,,,,,,,,,,,,,,
,,,,,,,,,,,001,2025-05-08_20h22.06.706,SLSINC_O,2022.2.5,Win32,60.24096386,,,,,,,,,,,10,"[529.8584999999999,584.5091999999285,614.193,650.9100999999046,714.8276999999284,738.5612999999523,812.0622999999523,852.2295999999046,881.1465999999047,900.5300999999046]","[529.8584999999999,584.5092999999523,614.193,650.9100999999046,714.8276999999284,738.5612999999523,812.0622999999523,852.2295999999046,881.1466999999285,900.5301999999284]",,6,"[532.4647000000477,587.6413000000715,615.2487000000477,739.7435,813.3445,901.6790000000001]","[532.4647000000477,587.6413999999762,615.2487000000477,739.7435,813.3446000000239,901.6790000000001]",4,"[652.1916000000238,715.9093000000714,854.4612000000477,882.3855000000001]","[652.1917000000476,715.9093000000714,854.4612000000477,882.3856000000239]","[""scam_button""]",8.108333588,2.2446,1.075,1.5494,1.025,0.6947,0,9,9,1,1,resources/images/scam_2.png,scam,0.9,0.65,0,0,,,,,,,,,,,,,,,,,,,,,,,,,,,,,,,,,,,,,,,,,,,,,,,,,,,,,,,,,,,,,,,,,,,,,,,,,,,,,,,,,,,,,,
,,,,,,,,,,,001,2025-05-08_20h22.06.706,SLSINC_O,2022.2.5,Win32,60.24096386,,,,,,,,,,,11,"[529.8584999999999,584.5091999999285,614.193,650.9100999999046,714.8276999999284,738.5612999999523,812.0622999999523,852.2295999999046,881.1465999999047,900.5300999999046,990.3813999999761]","[529.8584999999999,584.5092999999523,614.193,650.9100999999046,714.8276999999284,738.5612999999523,812.0622999999523,852.2295999999046,881.1466999999285,900.5301999999284,990.3815]",,6,"[532.4647000000477,587.6413000000715,615.2487000000477,739.7435,813.3445,901.6790000000001]","[532.4647000000477,587.6413999999762,615.2487000000477,739.7435,813.3446000000239,901.6790000000001]",5,"[652.1916000000238,715.9093000000714,854.4612000000477,882.3855000000001,991.7297000000478]","[652.1917000000476,715.9093000000714,854.4612000000477,882.3856000000239,991.7298000000715]","[""legit_button""]",7.041667175,3.4065,2.125,2.158,0.908333588,0.6161,0,10,10,12,1,resources/images/legit5-EDIT.png,legit,0.65,0.65,0,0,,,,,,,,,,,,,,,,,,,,,,,,,,,,,,,,,,,,,,,,,,,,,,,,,,,,,,,,,,,,,,,,,,,,,,,,,,,,,,,,,,,,,,
,,,,,,,,,,,001,2025-05-08_20h22.06.706,SLSINC_O,2022.2.5,Win32,60.24096386,,,,,,,,,,,12,"[529.8584999999999,584.5091999999285,614.193,650.9100999999046,714.8276999999284,738.5612999999523,812.0622999999523,852.2295999999046,881.1465999999047,900.5300999999046,990.3813999999761,1005.0149999999999]","[529.8584999999999,584.5092999999523,614.193,650.9100999999046,714.8276999999284,738.5612999999523,812.0622999999523,852.2295999999046,881.1466999999285,900.5301999999284,990.3815,1005.0149999999999]",,7,"[532.4647000000477,587.6413000000715,615.2487000000477,739.7435,813.3445,901.6790000000001,1005.9138000000715]","[532.4647000000477,587.6413999999762,615.2487000000477,739.7435,813.3446000000239,901.6790000000001,1005.9138000000715]",5,"[652.1916000000238,715.9093000000714,854.4612000000477,882.3855000000001,991.7297000000478]","[652.1917000000476,715.9093000000714,854.4612000000477,882.3856000000239,991.7298000000715]","[""scam_button""]",8.008333588,1.7729,1.916666794,1.3786,1.066666794,0.649,0,11,11,0,1,resources/images/scam_1.png,scam,1,0.65,0,0,,,,,,,,,,,,,,,,,,,,,,,,,,,,,,,,,,,,,,,,,,,,,,,,,,,,,,,,,,,,,,,,,,,,,,,,,,,,,,,,,,,,,,
,,,,,,,,,,,001,2025-05-08_20h22.06.706,SLSINC_O,2022.2.5,Win32,60.24096386,,,,,,,,,,,13,"[529.8584999999999,584.5091999999285,614.193,650.9100999999046,714.8276999999284,738.5612999999523,812.0622999999523,852.2295999999046,881.1465999999047,900.5300999999046,990.3813999999761,1005.0149999999999,1027.3485999999045]","[529.8584999999999,584.5092999999523,614.193,650.9100999999046,714.8276999999284,738.5612999999523,812.0622999999523,852.2295999999046,881.1466999999285,900.5301999999284,990.3815,1005.0149999999999,1027.3486999999284]",,8,"[532.4647000000477,587.6413000000715,615.2487000000477,739.7435,813.3445,901.6790000000001,1005.9138000000715,1028.1975]","[532.4647000000477,587.6413999999762,615.2487000000477,739.7435,813.3446000000239,901.6790000000001,1005.9138000000715,1028.1975]",5,"[652.1916000000238,715.9093000000714,854.4612000000477,882.3855000000001,991.7297000000478]","[652.1917000000476,715.9093000000714,854.4612000000477,882.3856000000239,991.7298000000715]","[""scam_button""]",9.075,1.4279,0.966666794,1.2329,0.925,2.1994,0,12,12,19,1,resources/images/scam_11.png,scam,1,0.65,0,0,,,,,,,,,,,,,,,,,,,,,,,,,,,,,,,,,,,,,,,,,,,,,,,,,,,,,,,,,,,,,,,,,,,,,,,,,,,,,,,,,,,,,,
,,,,,,,,,,,001,2025-05-08_20h22.06.706,SLSINC_O,2022.2.5,Win32,60.24096386,,,,,,,,,,,14,"[529.8584999999999,584.5091999999285,614.193,650.9100999999046,714.8276999999284,738.5612999999523,812.0622999999523,852.2295999999046,881.1465999999047,900.5300999999046,990.3813999999761,1005.0149999999999,1027.3485999999045,1055.0822999999523]","[529.8584999999999,584.5092999999523,614.193,650.9100999999046,714.8276999999284,738.5612999999523,812.0622999999523,852.2295999999046,881.1466999999285,900.5301999999284,990.3815,1005.0149999999999,1027.3486999999284,1055.0822999999523]",,9,"[532.4647000000477,587.6413000000715,615.2487000000477,739.7435,813.3445,901.6790000000001,1005.9138000000715,1028.1975,1055.8478000000714]","[532.4647000000477,587.6413999999762,615.2487000000477,739.7435,813.3446000000239,901.6790000000001,1005.9138000000715,1028.1975,1055.8478000000714]",5,"[652.1916000000238,715.9093000000714,854.4612000000477,882.3855000000001,991.7297000000478]","[652.1917000000476,715.9093000000714,854.4612000000477,882.3856000000239,991.7298000000715]","[""scam_button""]",8.291667175,1.945,1.991666794,2.7794,1,0.6989,0,13,13,7,1,resources/images/scam5.jpg,scam,0.7,0.65,0,0,,,,,,,,,,,,,,,,,,,,,,,,,,,,,,,,,,,,,,,,,,,,,,,,,,,,,,,,,,,,,,,,,,,,,,,,,,,,,,,,,,,,,,
,,,,,,,,,,,001,2025-05-08_20h22.06.706,SLSINC_O,2022.2.5,Win32,60.24096386,,,,,,,,,,,15,"[529.8584999999999,584.5091999999285,614.193,650.9100999999046,714.8276999999284,738.5612999999523,812.0622999999523,852.2295999999046,881.1465999999047,900.5300999999046,990.3813999999761,1005.0149999999999,1027.3485999999045,1055.0822999999523,1123.6665999999045]","[529.8584999999999,584.5092999999523,614.193,650.9100999999046,714.8276999999284,738.5612999999523,812.0622999999523,852.2295999999046,881.1466999999285,900.5301999999284,990.3815,1005.0149999999999,1027.3486999999284,1055.0822999999523,1123.6665999999045]",,10,"[532.4647000000477,587.6413000000715,615.2487000000477,739.7435,813.3445,901.6790000000001,1005.9138000000715,1028.1975,1055.8478000000714,1130.3988000000713]","[532.4647000000477,587.6413999999762,615.2487000000477,739.7435,813.3446000000239,901.6790000000001,1005.9138000000715,1028.1975,1055.8478000000714,1130.398899999976]",5,"[652.1916000000238,715.9093000000714,854.4612000000477,882.3855000000001,991.7297000000478]","[652.1917000000476,715.9093000000714,854.4612000000477,882.3856000000239,991.7298000000715]","[""scam_button""]",5.033333588,2.5238,2.933333588,2.5663,0.741666794,0.7494,0,14,14,13,1,resources/images/legit6.png,legit,0.65,0.65,0,0,,,,,,,,,,,,,,,,,,,,,,,,,,,,,,,,,,,,,,,,,,,,,,,,,,,,,,,,,,,,,,,,,,,,,,,,,,,,,,,,,,,,,,
,,,,,,,,,,,001,2025-05-08_20h22.06.706,SLSINC_O,2022.2.5,Win32,60.24096386,,,,,,,,,,,16,"[529.8584999999999,584.5091999999285,614.193,650.9100999999046,714.8276999999284,738.5612999999523,812.0622999999523,852.2295999999046,881.1465999999047,900.5300999999046,990.3813999999761,1005.0149999999999,1027.3485999999045,1055.0822999999523,1123.6665999999045,1139.7072999999523]","[529.8584999999999,584.5092999999523,614.193,650.9100999999046,714.8276999999284,738.5612999999523,812.0622999999523,852.2295999999046,881.1466999999285,900.5301999999284,990.3815,1005.0149999999999,1027.3486999999284,1055.0822999999523,1123.6665999999045,1139.7073999999761]",,11,"[532.4647000000477,587.6413000000715,615.2487000000477,739.7435,813.3445,901.6790000000001,1005.9138000000715,1028.1975,1055.8478000000714,1130.3988000000713,1141.0656000000238]","[532.4647000000477,587.6413999999762,615.2487000000477,739.7435,813.3446000000239,901.6790000000001,1005.9138000000715,1028.1975,1055.8478000000714,1130.398899999976,1141.0656000000238]",5,"[652.1916000000238,715.9093000000714,854.4612000000477,882.3855000000001,991.7297000000478]","[652.1917000000476,715.9093000000714,854.4612000000477,882.3856000000239,991.7298000000715]","[""scam_button""]",8.091667175,1.8113,2.016666794,1.5993,0.658333588,0.75,0,15,15,10,1,resources/images/scam7.png,scam,0.65,0.65,0,0,,,,,,,,,,,,,,,,,,,,,,,,,,,,,,,,,,,,,,,,,,,,,,,,,,,,,,,,,,,,,,,,,,,,,,,,,,,,,,,,,,,,,,
,,,,,,,,,,,001,2025-05-08_20h22.06.706,SLSINC_O,2022.2.5,Win32,60.24096386,,,,,,,,,,,17,"[529.8584999999999,584.5091999999285,614.193,650.9100999999046,714.8276999999284,738.5612999999523,812.0622999999523,852.2295999999046,881.1465999999047,900.5300999999046,990.3813999999761,1005.0149999999999,1027.3485999999045,1055.0822999999523,1123.6665999999045,1139.7072999999523,1173.084]","[529.8584999999999,584.5092999999523,614.193,650.9100999999046,714.8276999999284,738.5612999999523,812.0622999999523,852.2295999999046,881.1466999999285,900.5301999999284,990.3815,1005.0149999999999,1027.3486999999284,1055.0822999999523,1123.6665999999045,1139.7073999999761,1173.0840999999045]",,12,"[532.4647000000477,587.6413000000715,615.2487000000477,739.7435,813.3445,901.6790000000001,1005.9138000000715,1028.1975,1055.8478000000714,1130.3988000000713,1141.0656000000238,1174.5378999999762]","[532.4647000000477,587.6413999999762,615.2487000000477,739.7435,813.3446000000239,901.6790000000001,1005.9138000000715,1028.1975,1055.8478000000714,1130.398899999976,1141.0656000000238,1174.538]",5,"[652.1916000000238,715.9093000000714,854.4612000000477,882.3855000000001,991.7297000000478]","[652.1917000000476,715.9093000000714,854.4612000000477,882.3856000000239,991.7298000000715]","[""scam_button""]",7.933333588,1.3169,2.033333588,1.586,0.925,0.4851,0,16,16,20,1,resources/images/scam12.jpg,scam,0.65,0.65,0,0,,,,,,,,,,,,,,,,,,,,,,,,,,,,,,,,,,,,,,,,,,,,,,,,,,,,,,,,,,,,,,,,,,,,,,,,,,,,,,,,,,,,,,
,,,,,,,,,,,001,2025-05-08_20h22.06.706,SLSINC_O,2022.2.5,Win32,60.24096386,,,,,,,,,,,18,"[529.8584999999999,584.5091999999285,614.193,650.9100999999046,714.8276999999284,738.5612999999523,812.0622999999523,852.2295999999046,881.1465999999047,900.5300999999046,990.3813999999761,1005.0149999999999,1027.3485999999045,1055.0822999999523,1123.6665999999045,1139.7072999999523,1173.084,1245.6683999999761]","[529.8584999999999,584.5092999999523,614.193,650.9100999999046,714.8276999999284,738.5612999999523,812.0622999999523,852.2295999999046,881.1466999999285,900.5301999999284,990.3815,1005.0149999999999,1027.3486999999284,1055.0822999999523,1123.6665999999045,1139.7073999999761,1173.0840999999045,1245.6683999999761]",,12,"[532.4647000000477,587.6413000000715,615.2487000000477,739.7435,813.3445,901.6790000000001,1005.9138000000715,1028.1975,1055.8478000000714,1130.3988000000713,1141.0656000000238,1174.5378999999762]","[532.4647000000477,587.6413999999762,615.2487000000477,739.7435,813.3446000000239,901.6790000000001,1005.9138000000715,1028.1975,1055.8478000000714,1130.398899999976,1141.0656000000238,1174.538]",6,"[652.1916000000238,715.9093000000714,854.4612000000477,882.3855000000001,991.7297000000478,1248.5068999999762]","[652.1917000000476,715.9093000000714,854.4612000000477,882.3856000000239,991.7298000000715,1248.5068999999762]","[""legit_button""]",5.025,0.821,1.05,1.5463,1.083333588,0.6323,0,17,17,18,1,resources/images/legit10-EDIT.png,legit,1,0.65,0,0,,,,,,,,,,,,,,,,,,,,,,,,,,,,,,,,,,,,,,,,,,,,,,,,,,,,,,,,,,,,,,,,,,,,,,,,,,,,,,,,,,,,,,
,,,,,,,,,,,001,2025-05-08_20h22.06.706,SLSINC_O,2022.2.5,Win32,60.24096386,,,,,,,,,,,19,"[529.8584999999999,584.5091999999285,614.193,650.9100999999046,714.8276999999284,738.5612999999523,812.0622999999523,852.2295999999046,881.1465999999047,900.5300999999046,990.3813999999761,1005.0149999999999,1027.3485999999045,1055.0822999999523,1123.6665999999045,1139.7072999999523,1173.084,1245.6683999999761,1272.6921999999286]","[529.8584999999999,584.5092999999523,614.193,650.9100999999046,714.8276999999284,738.5612999999523,812.0622999999523,852.2295999999046,881.1466999999285,900.5301999999284,990.3815,1005.0149999999999,1027.3486999999284,1055.0822999999523,1123.6665999999045,1139.7073999999761,1173.0840999999045,1245.6683999999761,1272.6921999999286]",,13,"[532.4647000000477,587.6413000000715,615.2487000000477,739.7435,813.3445,901.6790000000001,1005.9138000000715,1028.1975,1055.8478000000714,1130.3988000000713,1141.0656000000238,1174.5378999999762,1273.9675]","[532.4647000000477,587.6413999999762,615.2487000000477,739.7435,813.3446000000239,901.6790000000001,1005.9138000000715,1028.1975,1055.8478000000714,1130.398899999976,1141.0656000000238,1174.538,1273.9675]",6,"[652.1916000000238,715.9093000000714,854.4612000000477,882.3855000000001,991.7297000000478,1248.5068999999762]","[652.1917000000476,715.9093000000714,854.4612000000477,882.3856000000239,991.7298000000715,1248.5068999999762]","[""scam_button""]",6.066667175,1.9072,0.933333588,1.473,1.141666794,0.795,0,18,18,16,1,resources/images/scam13.png,scam,1,0.65,0,0,,,,,,,,,,,,,,,,,,,,,,,,,,,,,,,,,,,,,,,,,,,,,,,,,,,,,,,,,,,,,,,,,,,,,,,,,,,,,,,,,,,,,,
,,,,,,,,,,,001,2025-05-08_20h22.06.706,SLSINC_O,2022.2.5,Win32,60.24096386,,,,,,,,,,,20,"[529.8584999999999,584.5091999999285,614.193,650.9100999999046,714.8276999999284,738.5612999999523,812.0622999999523,852.2295999999046,881.1465999999047,900.5300999999046,990.3813999999761,1005.0149999999999,1027.3485999999045,1055.0822999999523,1123.6665999999045,1139.7072999999523,1173.084,1245.6683999999761,1272.6921999999286,1296.969]","[529.8584999999999,584.5092999999523,614.193,650.9100999999046,714.8276999999284,738.5612999999523,812.0622999999523,852.2295999999046,881.1466999999285,900.5301999999284,990.3815,1005.0149999999999,1027.3486999999284,1055.0822999999523,1123.6665999999045,1139.7073999999761,1173.0840999999045,1245.6683999999761,1272.6921999999286,1296.969]",,14,"[532.4647000000477,587.6413000000715,615.2487000000477,739.7435,813.3445,901.6790000000001,1005.9138000000715,1028.1975,1055.8478000000714,1130.3988000000713,1141.0656000000238,1174.5378999999762,1273.9675,1298.584399999976]","[532.4647000000477,587.6413999999762,615.2487000000477,739.7435,813.3446000000239,901.6790000000001,1005.9138000000715,1028.1975,1055.8478000000714,1130.398899999976,1141.0656000000238,1174.538,1273.9675,1298.584399999976]",6,"[652.1916000000238,715.9093000000714,854.4612000000477,882.3855000000001,991.7297000000478,1248.5068999999762]","[652.1917000000476,715.9093000000714,854.4612000000477,882.3856000000239,991.7298000000715,1248.5068999999762]","[""scam_button""]",8.033333588,1.177,2.166666794,2.6576,0.991666794,0.6327,0,19,19,6,1,resources/images/scam4.png,scam,0.8,0.65,0,0,,,,,,,,,,,,,,,,,,,,,,,,,,,,,,,,,,,,,,,,,,,,,,,,,,,,,,,,,,,,,,,,,,,,,,,,,,,,,,,,,,,,,,
,,,,,,,,,,,001,2025-05-08_20h22.06.706,SLSINC_O,2022.2.5,Win32,60.24096386,,,,,,,,,,,21,"[529.8584999999999,584.5091999999285,614.193,650.9100999999046,714.8276999999284,738.5612999999523,812.0622999999523,852.2295999999046,881.1465999999047,900.5300999999046,990.3813999999761,1005.0149999999999,1027.3485999999045,1055.0822999999523,1123.6665999999045,1139.7072999999523,1173.084,1245.6683999999761,1272.6921999999286,1296.969,1320.5525999999047]","[529.8584999999999,584.5092999999523,614.193,650.9100999999046,714.8276999999284,738.5612999999523,812.0622999999523,852.2295999999046,881.1466999999285,900.5301999999284,990.3815,1005.0149999999999,1027.3486999999284,1055.0822999999523,1123.6665999999045,1139.7073999999761,1173.0840999999045,1245.6683999999761,1272.6921999999286,1296.969,1320.5526999999286]",,14,"[532.4647000000477,587.6413000000715,615.2487000000477,739.7435,813.3445,901.6790000000001,1005.9138000000715,1028.1975,1055.8478000000714,1130.3988000000713,1141.0656000000238,1174.5378999999762,1273.9675,1298.584399999976]","[532.4647000000477,587.6413999999762,615.2487000000477,739.7435,813.3446000000239,901.6790000000001,1005.9138000000715,1028.1975,1055.8478000000714,1130.398899999976,1141.0656000000238,1174.538,1273.9675,1298.584399999976]",7,"[652.1916000000238,715.9093000000714,854.4612000000477,882.3855000000001,991.7297000000478,1248.5068999999762,1322.122]","[652.1917000000476,715.9093000000714,854.4612000000477,882.3856000000239,991.7298000000715,1248.5068999999762,1322.122]","[""legit_button""]",8.008333588,1.4901,2.116666794,3.2187,1.066666794,1.1084,0,20,20,15,1,resources/images/legit8.png,legit,0.8,0.72,0,0,,,,,,,,,,,,,,,,,,,,,,,,,,,,,,,,,,,,,,,,,,,,,,,,,,,,,,,,,,,,,,,,,,,,,,,,,,,,,,,,,,,,,,
,,,,,,,,,,,001,2025-05-08_20h22.06.706,SLSINC_O,2022.2.5,Win32,60.24096386,,,,,,,,,,,22,"[529.8584999999999,584.5091999999285,614.193,650.9100999999046,714.8276999999284,738.5612999999523,812.0622999999523,852.2295999999046,881.1465999999047,900.5300999999046,990.3813999999761,1005.0149999999999,1027.3485999999045,1055.0822999999523,1123.6665999999045,1139.7072999999523,1173.084,1245.6683999999761,1272.6921999999286,1296.969,1320.5525999999047,1391.887]","[529.8584999999999,584.5092999999523,614.193,650.9100999999046,714.8276999999284,738.5612999999523,812.0622999999523,852.2295999999046,881.1466999999285,900.5301999999284,990.3815,1005.0149999999999,1027.3486999999284,1055.0822999999523,1123.6665999999045,1139.7073999999761,1173.0840999999045,1245.6683999999761,1272.6921999999286,1296.969,1320.5526999999286,1391.8870999999046]",,14,"[532.4647000000477,587.6413000000715,615.2487000000477,739.7435,813.3445,901.6790000000001,1005.9138000000715,1028.1975,1055.8478000000714,1130.3988000000713,1141.0656000000238,1174.5378999999762,1273.9675,1298.584399999976]","[532.4647000000477,587.6413999999762,615.2487000000477,739.7435,813.3446000000239,901.6790000000001,1005.9138000000715,1028.1975,1055.8478000000714,1130.398899999976,1141.0656000000238,1174.538,1273.9675,1298.584399999976]",8,"[652.1916000000238,715.9093000000714,854.4612000000477,882.3855000000001,991.7297000000478,1248.5068999999762,1322.122,1392.9588999999762]","[652.1917000000476,715.9093000000714,854.4612000000477,882.3856000000239,991.7298000000715,1248.5068999999762,1322.122,1392.959]","[""legit_button""]",7.1,1.201,2.058333588,1.7494,0.783333588,0.5488,0,21,21,14,1,resources/images/legit7-EDIT.png,legit,0.65,0.65,0,0,,,,,,,,,,,,,,,,,,,,,,,,,,,,,,,,,,,,,,,,,,,,,,,,,,,,,,,,,,,,,,,,,,,,,,,,,,,,,,,,,,,,,,
,,,,,,,,,,,001,2025-05-08_20h22.06.706,SLSINC_O,2022.2.5,Win32,60.24096386,,,,,,,,,,,23,"[529.8584999999999,584.5091999999285,614.193,650.9100999999046,714.8276999999284,738.5612999999523,812.0622999999523,852.2295999999046,881.1465999999047,900.5300999999046,990.3813999999761,1005.0149999999999,1027.3485999999045,1055.0822999999523,1123.6665999999045,1139.7072999999523,1173.084,1245.6683999999761,1272.6921999999286,1296.969,1320.5525999999047,1391.887,1434.9875999999047]","[529.8584999999999,584.5092999999523,614.193,650.9100999999046,714.8276999999284,738.5612999999523,812.0622999999523,852.2295999999046,881.1466999999285,900.5301999999284,990.3815,1005.0149999999999,1027.3486999999284,1055.0822999999523,1123.6665999999045,1139.7073999999761,1173.0840999999045,1245.6683999999761,1272.6921999999286,1296.969,1320.5526999999286,1391.8870999999046,1434.9875999999047]",,15,"[532.4647000000477,587.6413000000715,615.2487000000477,739.7435,813.3445,901.6790000000001,1005.9138000000715,1028.1975,1055.8478000000714,1130.3988000000713,1141.0656000000238,1174.5378999999762,1273.9675,1298.584399999976,1436.3697000000477]","[532.4647000000477,587.6413999999762,615.2487000000477,739.7435,813.3446000000239,901.6790000000001,1005.9138000000715,1028.1975,1055.8478000000714,1130.398899999976,1141.0656000000238,1174.538,1273.9675,1298.584399999976,1436.3698000000713]",8,"[652.1916000000238,715.9093000000714,854.4612000000477,882.3855000000001,991.7297000000478,1248.5068999999762,1322.122,1392.9588999999762]","[652.1917000000476,715.9093000000714,854.4612000000477,882.3856000000239,991.7298000000715,1248.5068999999762,1322.122,1392.959]","[""scam_button""]",5.075,0.8034,1.075,1.1573,1.141666794,0.5658,0,22,22,21,1,resources/images/legit14-EDIT.jpg,legit,1,0.65,0,0,,,,,,,,,,,,,,,,,,,,,,,,,,,,,,,,,,,,,,,,,,,,,,,,,,,,,,,,,,,,,,,,,,,,,,,,,,,,,,,,,,,,,,
,,,,,,,,,,,001,2025-05-08_20h22.06.706,SLSINC_O,2022.2.5,Win32,60.24096386,,,,,,,,,,,24,"[529.8584999999999,584.5091999999285,614.193,650.9100999999046,714.8276999999284,738.5612999999523,812.0622999999523,852.2295999999046,881.1465999999047,900.5300999999046,990.3813999999761,1005.0149999999999,1027.3485999999045,1055.0822999999523,1123.6665999999045,1139.7072999999523,1173.084,1245.6683999999761,1272.6921999999286,1296.969,1320.5525999999047,1391.887,1434.9875999999047,1494.555]","[529.8584999999999,584.5092999999523,614.193,650.9100999999046,714.8276999999284,738.5612999999523,812.0622999999523,852.2295999999046,881.1466999999285,900.5301999999284,990.3815,1005.0149999999999,1027.3486999999284,1055.0822999999523,1123.6665999999045,1139.7073999999761,1173.0840999999045,1245.6683999999761,1272.6921999999286,1296.969,1320.5526999999286,1391.8870999999046,1434.9875999999047,1494.555]",,15,"[532.4647000000477,587.6413000000715,615.2487000000477,739.7435,813.3445,901.6790000000001,1005.9138000000715,1028.1975,1055.8478000000714,1130.3988000000713,1141.0656000000238,1174.5378999999762,1273.9675,1298.584399999976,1436.3697000000477]","[532.4647000000477,587.6413999999762,615.2487000000477,739.7435,813.3446000000239,901.6790000000001,1005.9138000000715,1028.1975,1055.8478000000714,1130.398899999976,1141.0656000000238,1174.538,1273.9675,1298.584399999976,1436.3698000000713]",9,"[652.1916000000238,715.9093000000714,854.4612000000477,882.3855000000001,991.7297000000478,1248.5068999999762,1322.122,1392.9588999999762,1495.5033000000715]","[652.1917000000476,715.9093000000714,854.4612000000477,882.3856000000239,991.7298000000715,1248.5068999999762,1322.122,1392.959,1495.5033000000715]","[""legit_button""]",8.05,1.4279,2.216666794,3.216,1.091666794,0.8496,0,23,23,11,1,resources/images/legit4-EDIT.png,legit,0.65,0.65,0,0,,,,,,,,,,,,,,,,,,,,,,,,,,,,,,,,,,,,,,,,,,,,,,,,,,,,,,,,,,,,,,,,,,,,,,,,,,,,,,,,,,,,,,
,,,,,,,,,,,001,2025-05-08_20h22.06.706,SLSINC_O,2022.2.5,Win32,60.24096386,,,,,,,,,,,,,,,,,,,,,,,,,,,,,,,,,,,,,,,space,5.5997,,,,,,,,,,,,,,,,,,,,,,,,,,,,,,,,,,,,,,,,,,,,,,,,,,,,,,,,,,,,,,,,,,,,,,,,,,,,,,,,,,,,
,,,,,,,,,,,001,2025-05-08_20h22.06.706,SLSINC_O,2022.2.5,Win32,60.24096386,,,,,,,,,,,,,,,,,,,,,,,,,,,,,,,,,,,,,,,,,space,27.5023,,,,,,,,,,,,,,,,,,,,,,,,,,,,,,,,,,,,,,,,,,,,,,,,,,,,,,,,,,,,,,,,,,,,,,,,,,,,,,,,,,
,,,,,,,,,,,001,2025-05-08_20h22.06.706,SLSINC_O,2022.2.5,Win32,60.24096386,,,,,,,,,,,,,,,,,,,,,,,,,,,,,,,,,,,,,,,,,,,space,10.417,,,,,,,,,,,,,,,,,,,,,,,,,,,,,,,,,,,,,,,,,,,,,,,,,,,,,,,,,,,,,,,,,,,,,,,,,,,,,,,,
,,,,,,,,,,,001,2025-05-08_20h22.06.706,SLSINC_O,2022.2.5,Win32,60.24096386,,,,,,,,,,,,,,,,,,,,,,,,,,,,,,,,,,,,,,,,,,,,,"misspellings, poorly written, want you to click on a link",1,[1662.685100000024],[1662.685100000024],,,,,,,,,,,,,,,,,,,,,,,,,,,,,,,,,,,,,,,,,,,,,,,,,,,,,,,,,,,,,,,,,,,,,,,,,,,,
,,,,,,,,,,,001,2025-05-08_20h22.06.706,SLSINC_O,2022.2.5,Win32,60.24096386,,,,,,,,,space,14.0672,,,,,,,,,,,,,,,,,,,,,,,,,,,,,,,,,,,,,,,,,,,,,,,,,,,,,,,,,,,,,,,,,,,,,,,,,,,,,,,,,,,,,,,,,,,,,,,,,,,,,,,,,,,,,,,,,,
,,,,,,,,,,,001,2025-05-08_20h22.06.706,SLSINC_O,2022.2.5,Win32,60.24096386,,,,,,,,,,,25,"[529.8584999999999,584.5091999999285,614.193,650.9100999999046,714.8276999999284,738.5612999999523,812.0622999999523,852.2295999999046,881.1465999999047,900.5300999999046,990.3813999999761,1005.0149999999999,1027.3485999999045,1055.0822999999523,1123.6665999999045,1139.7072999999523,1173.084,1245.6683999999761,1272.6921999999286,1296.969,1320.5525999999047,1391.887,1434.9875999999047,1494.555,1743.4251999999285]","[529.8584999999999,584.5092999999523,614.193,650.9100999999046,714.8276999999284,738.5612999999523,812.0622999999523,852.2295999999046,881.1466999999285,900.5301999999284,990.3815,1005.0149999999999,1027.3486999999284,1055.0822999999523,1123.6665999999045,1139.7073999999761,1173.0840999999045,1245.6683999999761,1272.6921999999286,1296.969,1320.5526999999286,1391.8870999999046,1434.9875999999047,1494.555,1743.4251999999285]",,16,"[532.4647000000477,587.6413000000715,615.2487000000477,739.7435,813.3445,901.6790000000001,1005.9138000000715,1028.1975,1055.8478000000714,1130.3988000000713,1141.0656000000238,1174.5378999999762,1273.9675,1298.584399999976,1436.3697000000477,1745.2907000000475]","[532.4647000000477,587.6413999999762,615.2487000000477,739.7435,813.3446000000239,901.6790000000001,1005.9138000000715,1028.1975,1055.8478000000714,1130.398899999976,1141.0656000000238,1174.538,1273.9675,1298.584399999976,1436.3698000000713,1745.2907000000475]",9,"[652.1916000000238,715.9093000000714,854.4612000000477,882.3855000000001,991.7297000000478,1248.5068999999762,1322.122,1392.9588999999762,1495.5033000000715]","[652.1917000000476,715.9093000000714,854.4612000000477,882.3856000000239,991.7298000000715,1248.5068999999762,1322.122,1392.959,1495.5033000000715]","[""scam_button""]",5.083333588,1.8291,1.158333588,4.5186,1.041666794,0.7659,,,,,,resources/images/scam18.png,scam,1,0.65,0,0,,,,,,,,,,,0,0,0,14,1,,,,,,,,,,,,,,,,,,,,,,,,,,,,,,,,,,,,,,,,,,,,,,,,,,,,,,,,,,,,,,,,,,,,,,,
,,,,,,,,,,,001,2025-05-08_20h22.06.706,SLSINC_O,2022.2.5,Win32,60.24096386,,,,,,,,,,,26,"[529.8584999999999,584.5091999999285,614.193,650.9100999999046,714.8276999999284,738.5612999999523,812.0622999999523,852.2295999999046,881.1465999999047,900.5300999999046,990.3813999999761,1005.0149999999999,1027.3485999999045,1055.0822999999523,1123.6665999999045,1139.7072999999523,1173.084,1245.6683999999761,1272.6921999999286,1296.969,1320.5525999999047,1391.887,1434.9875999999047,1494.555,1743.4251999999285,1789.442399999976]","[529.8584999999999,584.5092999999523,614.193,650.9100999999046,714.8276999999284,738.5612999999523,812.0622999999523,852.2295999999046,881.1466999999285,900.5301999999284,990.3815,1005.0149999999999,1027.3486999999284,1055.0822999999523,1123.6665999999045,1139.7073999999761,1173.0840999999045,1245.6683999999761,1272.6921999999286,1296.969,1320.5526999999286,1391.8870999999046,1434.9875999999047,1494.555,1743.4251999999285,1789.442399999976]",,16,"[532.4647000000477,587.6413000000715,615.2487000000477,739.7435,813.3445,901.6790000000001,1005.9138000000715,1028.1975,1055.8478000000714,1130.3988000000713,1141.0656000000238,1174.5378999999762,1273.9675,1298.584399999976,1436.3697000000477,1745.2907000000475]","[532.4647000000477,587.6413999999762,615.2487000000477,739.7435,813.3446000000239,901.6790000000001,1005.9138000000715,1028.1975,1055.8478000000714,1130.398899999976,1141.0656000000238,1174.538,1273.9675,1298.584399999976,1436.3698000000713,1745.2907000000475]",10,"[652.1916000000238,715.9093000000714,854.4612000000477,882.3855000000001,991.7297000000478,1248.5068999999762,1322.122,1392.9588999999762,1495.5033000000715,1790.4741000000238]","[652.1917000000476,715.9093000000714,854.4612000000477,882.3856000000239,991.7298000000715,1248.5068999999762,1322.122,1392.959,1495.5033000000715,1790.4741000000238]","[""legit_button""]",8.291667175,1.1068,2.183333588,3.0415,1.95,0.7496,,,,,,resources/images/legit_21.png,legit,0.8,0.8,0,0,,,,,,,,,,,0,1,1,7,1,,,,,,,,,,,,,,,,,,,,,,,,,,,,,,,,,,,,,,,,,,,,,,,,,,,,,,,,,,,,,,,,,,,,,,,
,,,,,,,,,,,001,2025-05-08_20h22.06.706,SLSINC_O,2022.2.5,Win32,60.24096386,,,,,,,,,,,27,"[529.8584999999999,584.5091999999285,614.193,650.9100999999046,714.8276999999284,738.5612999999523,812.0622999999523,852.2295999999046,881.1465999999047,900.5300999999046,990.3813999999761,1005.0149999999999,1027.3485999999045,1055.0822999999523,1123.6665999999045,1139.7072999999523,1173.084,1245.6683999999761,1272.6921999999286,1296.969,1320.5525999999047,1391.887,1434.9875999999047,1494.555,1743.4251999999285,1789.442399999976,1867.2935]","[529.8584999999999,584.5092999999523,614.193,650.9100999999046,714.8276999999284,738.5612999999523,812.0622999999523,852.2295999999046,881.1466999999285,900.5301999999284,990.3815,1005.0149999999999,1027.3486999999284,1055.0822999999523,1123.6665999999045,1139.7073999999761,1173.0840999999045,1245.6683999999761,1272.6921999999286,1296.969,1320.5526999999286,1391.8870999999046,1434.9875999999047,1494.555,1743.4251999999285,1789.442399999976,1867.2935]",,17,"[532.4647000000477,587.6413000000715,615.2487000000477,739.7435,813.3445,901.6790000000001,1005.9138000000715,1028.1975,1055.8478000000714,1130.3988000000713,1141.0656000000238,1174.5378999999762,1273.9675,1298.584399999976,1436.3697000000477,1745.2907000000475,1868.716]","[532.4647000000477,587.6413999999762,615.2487000000477,739.7435,813.3446000000239,901.6790000000001,1005.9138000000715,1028.1975,1055.8478000000714,1130.398899999976,1141.0656000000238,1174.538,1273.9675,1298.584399999976,1436.3698000000713,1745.2907000000475,1868.716]",10,"[652.1916000000238,715.9093000000714,854.4612000000477,882.3855000000001,991.7297000000478,1248.5068999999762,1322.122,1392.9588999999762,1495.5033000000715,1790.4741000000238]","[652.1917000000476,715.9093000000714,854.4612000000477,882.3856000000239,991.7298000000715,1248.5068999999762,1322.122,1392.959,1495.5033000000715,1790.4741000000238]","[""scam_button""]",9.425,1.5834,1.1,1.9543,1.183333588,0.6038,,,,,,resources/images/scam17.png,scam,0.8,0.65,0,0,,,,,,,,,,,0,2,2,12,1,,,,,,,,,,,,,,,,,,,,,,,,,,,,,,,,,,,,,,,,,,,,,,,,,,,,,,,,,,,,,,,,,,,,,,,
,,,,,,,,,,,001,2025-05-08_20h22.06.706,SLSINC_O,2022.2.5,Win32,60.24096386,,,,,,,,,,,28,"[529.8584999999999,584.5091999999285,614.193,650.9100999999046,714.8276999999284,738.5612999999523,812.0622999999523,852.2295999999046,881.1465999999047,900.5300999999046,990.3813999999761,1005.0149999999999,1027.3485999999045,1055.0822999999523,1123.6665999999045,1139.7072999999523,1173.084,1245.6683999999761,1272.6921999999286,1296.969,1320.5525999999047,1391.887,1434.9875999999047,1494.555,1743.4251999999285,1789.442399999976,1867.2935,1907.444]","[529.8584999999999,584.5092999999523,614.193,650.9100999999046,714.8276999999284,738.5612999999523,812.0622999999523,852.2295999999046,881.1466999999285,900.5301999999284,990.3815,1005.0149999999999,1027.3486999999284,1055.0822999999523,1123.6665999999045,1139.7073999999761,1173.0840999999045,1245.6683999999761,1272.6921999999286,1296.969,1320.5526999999286,1391.8870999999046,1434.9875999999047,1494.555,1743.4251999999285,1789.442399999976,1867.2935,1907.4440999999047]",,17,"[532.4647000000477,587.6413000000715,615.2487000000477,739.7435,813.3445,901.6790000000001,1005.9138000000715,1028.1975,1055.8478000000714,1130.3988000000713,1141.0656000000238,1174.5378999999762,1273.9675,1298.584399999976,1436.3697000000477,1745.2907000000475,1868.716]","[532.4647000000477,587.6413999999762,615.2487000000477,739.7435,813.3446000000239,901.6790000000001,1005.9138000000715,1028.1975,1055.8478000000714,1130.398899999976,1141.0656000000238,1174.538,1273.9675,1298.584399999976,1436.3698000000713,1745.2907000000475,1868.716]",11,"[652.1916000000238,715.9093000000714,854.4612000000477,882.3855000000001,991.7297000000478,1248.5068999999762,1322.122,1392.9588999999762,1495.5033000000715,1790.4741000000238,1908.309]","[652.1917000000476,715.9093000000714,854.4612000000477,882.3856000000239,991.7298000000715,1248.5068999999762,1322.122,1392.959,1495.5033000000715,1790.4741000000238,1908.309]","[""legit_button""]",7.183333588,1.324,1.95,1.1334,1,0.416,,,,,,resources/images/legit_23.png,legit,1,0.65,0,0,,,,,,,,,,,0,3,3,8,1,,,,,,,,,,,,,,,,,,,,,,,,,,,,,,,,,,,,,,,,,,,,,,,,,,,,,,,,,,,,,,,,,,,,,,,
,,,,,,,,,,,001,2025-05-08_20h22.06.706,SLSINC_O,2022.2.5,Win32,60.24096386,,,,,,,,,,,29,"[529.8584999999999,584.5091999999285,614.193,650.9100999999046,714.8276999999284,738.5612999999523,812.0622999999523,852.2295999999046,881.1465999999047,900.5300999999046,990.3813999999761,1005.0149999999999,1027.3485999999045,1055.0822999999523,1123.6665999999045,1139.7072999999523,1173.084,1245.6683999999761,1272.6921999999286,1296.969,1320.5525999999047,1391.887,1434.9875999999047,1494.555,1743.4251999999285,1789.442399999976,1867.2935,1907.444,1934.4777999999524]","[529.8584999999999,584.5092999999523,614.193,650.9100999999046,714.8276999999284,738.5612999999523,812.0622999999523,852.2295999999046,881.1466999999285,900.5301999999284,990.3815,1005.0149999999999,1027.3486999999284,1055.0822999999523,1123.6665999999045,1139.7073999999761,1173.0840999999045,1245.6683999999761,1272.6921999999286,1296.969,1320.5526999999286,1391.8870999999046,1434.9875999999047,1494.555,1743.4251999999285,1789.442399999976,1867.2935,1907.4440999999047,1934.4777999999524]",,18,"[532.4647000000477,587.6413000000715,615.2487000000477,739.7435,813.3445,901.6790000000001,1005.9138000000715,1028.1975,1055.8478000000714,1130.3988000000713,1141.0656000000238,1174.5378999999762,1273.9675,1298.584399999976,1436.3697000000477,1745.2907000000475,1868.716,1935.809899999976]","[532.4647000000477,587.6413999999762,615.2487000000477,739.7435,813.3446000000239,901.6790000000001,1005.9138000000715,1028.1975,1055.8478000000714,1130.398899999976,1141.0656000000238,1174.538,1273.9675,1298.584399999976,1436.3698000000713,1745.2907000000475,1868.716,1935.809899999976]",11,"[652.1916000000238,715.9093000000714,854.4612000000477,882.3855000000001,991.7297000000478,1248.5068999999762,1322.122,1392.9588999999762,1495.5033000000715,1790.4741000000238,1908.309]","[652.1917000000476,715.9093000000714,854.4612000000477,882.3856000000239,991.7298000000715,1248.5068999999762,1322.122,1392.959,1495.5033000000715,1790.4741000000238,1908.309]","[""scam_button""]",8.058333588,1.7073,1.958333588,1.616,0.983333588,1.3492,,,,,,resources/images/legit12.jpg,legit,1,0.65,0,0,,,,,,,,,,,0,4,4,5,1,,,,,,,,,,,,,,,,,,,,,,,,,,,,,,,,,,,,,,,,,,,,,,,,,,,,,,,,,,,,,,,,,,,,,,,
,,,,,,,,,,,001,2025-05-08_20h22.06.706,SLSINC_O,2022.2.5,Win32,60.24096386,,,,,,,,,,,30,"[529.8584999999999,584.5091999999285,614.193,650.9100999999046,714.8276999999284,738.5612999999523,812.0622999999523,852.2295999999046,881.1465999999047,900.5300999999046,990.3813999999761,1005.0149999999999,1027.3485999999045,1055.0822999999523,1123.6665999999045,1139.7072999999523,1173.084,1245.6683999999761,1272.6921999999286,1296.969,1320.5525999999047,1391.887,1434.9875999999047,1494.555,1743.4251999999285,1789.442399999976,1867.2935,1907.444,1934.4777999999524,1970.7948999999762]","[529.8584999999999,584.5092999999523,614.193,650.9100999999046,714.8276999999284,738.5612999999523,812.0622999999523,852.2295999999046,881.1466999999285,900.5301999999284,990.3815,1005.0149999999999,1027.3486999999284,1055.0822999999523,1123.6665999999045,1139.7073999999761,1173.0840999999045,1245.6683999999761,1272.6921999999286,1296.969,1320.5526999999286,1391.8870999999046,1434.9875999999047,1494.555,1743.4251999999285,1789.442399999976,1867.2935,1907.4440999999047,1934.4777999999524,1970.7948999999762]",,19,"[532.4647000000477,587.6413000000715,615.2487000000477,739.7435,813.3445,901.6790000000001,1005.9138000000715,1028.1975,1055.8478000000714,1130.3988000000713,1141.0656000000238,1174.5378999999762,1273.9675,1298.584399999976,1436.3697000000477,1745.2907000000475,1868.716,1935.809899999976,1971.9769999999999]","[532.4647000000477,587.6413999999762,615.2487000000477,739.7435,813.3446000000239,901.6790000000001,1005.9138000000715,1028.1975,1055.8478000000714,1130.398899999976,1141.0656000000238,1174.538,1273.9675,1298.584399999976,1436.3698000000713,1745.2907000000475,1868.716,1935.809899999976,1971.9769999999999]",11,"[652.1916000000238,715.9093000000714,854.4612000000477,882.3855000000001,991.7297000000478,1248.5068999999762,1322.122,1392.9588999999762,1495.5033000000715,1790.4741000000238,1908.309]","[652.1917000000476,715.9093000000714,854.4612000000477,882.3856000000239,991.7298000000715,1248.5068999999762,1322.122,1392.959,1495.5033000000715,1790.4741000000238,1908.309]","[""scam_button""]",7.191667175,1.5916,1.925,1.882,1.025,0.3533,,,,,,resources/images/scam9.jpg,scam,0.65,0.65,0,0,,,,,,,,,,,0,5,5,1,1,,,,,,,,,,,,,,,,,,,,,,,,,,,,,,,,,,,,,,,,,,,,,,,,,,,,,,,,,,,,,,,,,,,,,,,
,,,,,,,,,,,001,2025-05-08_20h22.06.706,SLSINC_O,2022.2.5,Win32,60.24096386,,,,,,,,,,,31,"[529.8584999999999,584.5091999999285,614.193,650.9100999999046,714.8276999999284,738.5612999999523,812.0622999999523,852.2295999999046,881.1465999999047,900.5300999999046,990.3813999999761,1005.0149999999999,1027.3485999999045,1055.0822999999523,1123.6665999999045,1139.7072999999523,1173.084,1245.6683999999761,1272.6921999999286,1296.969,1320.5525999999047,1391.887,1434.9875999999047,1494.555,1743.4251999999285,1789.442399999976,1867.2935,1907.444,1934.4777999999524,1970.7948999999762,2040.0125999999048]","[529.8584999999999,584.5092999999523,614.193,650.9100999999046,714.8276999999284,738.5612999999523,812.0622999999523,852.2295999999046,881.1466999999285,900.5301999999284,990.3815,1005.0149999999999,1027.3486999999284,1055.0822999999523,1123.6665999999045,1139.7073999999761,1173.0840999999045,1245.6683999999761,1272.6921999999286,1296.969,1320.5526999999286,1391.8870999999046,1434.9875999999047,1494.555,1743.4251999999285,1789.442399999976,1867.2935,1907.4440999999047,1934.4777999999524,1970.7948999999762,2040.0125999999048]",,20,"[532.4647000000477,587.6413000000715,615.2487000000477,739.7435,813.3445,901.6790000000001,1005.9138000000715,1028.1975,1055.8478000000714,1130.3988000000713,1141.0656000000238,1174.5378999999762,1273.9675,1298.584399999976,1436.3697000000477,1745.2907000000475,1868.716,1935.809899999976,1971.9769999999999,2041.2113000000713]","[532.4647000000477,587.6413999999762,615.2487000000477,739.7435,813.3446000000239,901.6790000000001,1005.9138000000715,1028.1975,1055.8478000000714,1130.398899999976,1141.0656000000238,1174.538,1273.9675,1298.584399999976,1436.3698000000713,1745.2907000000475,1868.716,1935.809899999976,1971.9769999999999,2041.2113000000713]",11,"[652.1916000000238,715.9093000000714,854.4612000000477,882.3855000000001,991.7297000000478,1248.5068999999762,1322.122,1392.9588999999762,1495.5033000000715,1790.4741000000238,1908.309]","[652.1917000000476,715.9093000000714,854.4612000000477,882.3856000000239,991.7298000000715,1248.5068999999762,1322.122,1392.959,1495.5033000000715,1790.4741000000238,1908.309]","[""scam_button""]",5.008333588,0.9276,1.158333588,1.4938,1.15,0.4111,,,,,,resources/images/scam_21.png,scam,1,0.65,0,0,,,,,,,,,,,0,6,6,19,1,,,,,,,,,,,,,,,,,,,,,,,,,,,,,,,,,,,,,,,,,,,,,,,,,,,,,,,,,,,,,,,,,,,,,,,
,,,,,,,,,,,001,2025-05-08_20h22.06.706,SLSINC_O,2022.2.5,Win32,60.24096386,,,,,,,,,,,32,"[529.8584999999999,584.5091999999285,614.193,650.9100999999046,714.8276999999284,738.5612999999523,812.0622999999523,852.2295999999046,881.1465999999047,900.5300999999046,990.3813999999761,1005.0149999999999,1027.3485999999045,1055.0822999999523,1123.6665999999045,1139.7072999999523,1173.084,1245.6683999999761,1272.6921999999286,1296.969,1320.5525999999047,1391.887,1434.9875999999047,1494.555,1743.4251999999285,1789.442399999976,1867.2935,1907.444,1934.4777999999524,1970.7948999999762,2040.0125999999048,2116.430199999929]","[529.8584999999999,584.5092999999523,614.193,650.9100999999046,714.8276999999284,738.5612999999523,812.0622999999523,852.2295999999046,881.1466999999285,900.5301999999284,990.3815,1005.0149999999999,1027.3486999999284,1055.0822999999523,1123.6665999999045,1139.7073999999761,1173.0840999999045,1245.6683999999761,1272.6921999999286,1296.969,1320.5526999999286,1391.8870999999046,1434.9875999999047,1494.555,1743.4251999999285,1789.442399999976,1867.2935,1907.4440999999047,1934.4777999999524,1970.7948999999762,2040.0125999999048,2116.430199999929]",,20,"[532.4647000000477,587.6413000000715,615.2487000000477,739.7435,813.3445,901.6790000000001,1005.9138000000715,1028.1975,1055.8478000000714,1130.3988000000713,1141.0656000000238,1174.5378999999762,1273.9675,1298.584399999976,1436.3697000000477,1745.2907000000475,1868.716,1935.809899999976,1971.9769999999999,2041.2113000000713]","[532.4647000000477,587.6413999999762,615.2487000000477,739.7435,813.3446000000239,901.6790000000001,1005.9138000000715,1028.1975,1055.8478000000714,1130.398899999976,1141.0656000000238,1174.538,1273.9675,1298.584399999976,1436.3698000000713,1745.2907000000475,1868.716,1935.809899999976,1971.9769999999999,2041.2113000000713]",12,"[652.1916000000238,715.9093000000714,854.4612000000477,882.3855000000001,991.7297000000478,1248.5068999999762,1322.122,1392.9588999999762,1495.5033000000715,1790.4741000000238,1908.309,2117.4952000000476]","[652.1917000000476,715.9093000000714,854.4612000000477,882.3856000000239,991.7298000000715,1248.5068999999762,1322.122,1392.959,1495.5033000000715,1790.4741000000238,1908.309,2117.4952000000476]","[""legit_button""]",5.116667175,1.1908,1.216666794,1.7537,1.033333588,0.4988,,,,,,resources/images/legit11.jpg,legit,0.65,0.65,0,0,,,,,,,,,,,0,7,7,2,1,,,,,,,,,,,,,,,,,,,,,,,,,,,,,,,,,,,,,,,,,,,,,,,,,,,,,,,,,,,,,,,,,,,,,,,
,,,,,,,,,,,001,2025-05-08_20h22.06.706,SLSINC_O,2022.2.5,Win32,60.24096386,,,,,,,,,,,33,"[529.8584999999999,584.5091999999285,614.193,650.9100999999046,714.8276999999284,738.5612999999523,812.0622999999523,852.2295999999046,881.1465999999047,900.5300999999046,990.3813999999761,1005.0149999999999,1027.3485999999045,1055.0822999999523,1123.6665999999045,1139.7072999999523,1173.084,1245.6683999999761,1272.6921999999286,1296.969,1320.5525999999047,1391.887,1434.9875999999047,1494.555,1743.4251999999285,1789.442399999976,1867.2935,1907.444,1934.4777999999524,1970.7948999999762,2040.0125999999048,2116.430199999929,2187.247899999976]","[529.8584999999999,584.5092999999523,614.193,650.9100999999046,714.8276999999284,738.5612999999523,812.0622999999523,852.2295999999046,881.1466999999285,900.5301999999284,990.3815,1005.0149999999999,1027.3486999999284,1055.0822999999523,1123.6665999999045,1139.7073999999761,1173.0840999999045,1245.6683999999761,1272.6921999999286,1296.969,1320.5526999999286,1391.8870999999046,1434.9875999999047,1494.555,1743.4251999999285,1789.442399999976,1867.2935,1907.4440999999047,1934.4777999999524,1970.7948999999762,2040.0125999999048,2116.430199999929,2187.247899999976]",,21,"[532.4647000000477,587.6413000000715,615.2487000000477,739.7435,813.3445,901.6790000000001,1005.9138000000715,1028.1975,1055.8478000000714,1130.3988000000713,1141.0656000000238,1174.5378999999762,1273.9675,1298.584399999976,1436.3697000000477,1745.2907000000475,1868.716,1935.809899999976,1971.9769999999999,2041.2113000000713,2188.5038000000714]","[532.4647000000477,587.6413999999762,615.2487000000477,739.7435,813.3446000000239,901.6790000000001,1005.9138000000715,1028.1975,1055.8478000000714,1130.398899999976,1141.0656000000238,1174.538,1273.9675,1298.584399999976,1436.3698000000713,1745.2907000000475,1868.716,1935.809899999976,1971.9769999999999,2041.2113000000713,2188.5038000000714]",12,"[652.1916000000238,715.9093000000714,854.4612000000477,882.3855000000001,991.7297000000478,1248.5068999999762,1322.122,1392.9588999999762,1495.5033000000715,1790.4741000000238,1908.309,2117.4952000000476]","[652.1917000000476,715.9093000000714,854.4612000000477,882.3856000000239,991.7298000000715,1248.5068999999762,1322.122,1392.959,1495.5033000000715,1790.4741000000238,1908.309,2117.4952000000476]","[""scam_button""]",5.025,1.3686,1.958333588,1.2915,1.841666794,1.3972,,,,,,resources/images/legit_30.png,legit,1,0.85,0,0,,,,,,,,,,,0,8,8,16,1,,,,,,,,,,,,,,,,,,,,,,,,,,,,,,,,,,,,,,,,,,,,,,,,,,,,,,,,,,,,,,,,,,,,,,,
,,,,,,,,,,,001,2025-05-08_20h22.06.706,SLSINC_O,2022.2.5,Win32,60.24096386,,,,,,,,,,,34,"[529.8584999999999,584.5091999999285,614.193,650.9100999999046,714.8276999999284,738.5612999999523,812.0622999999523,852.2295999999046,881.1465999999047,900.5300999999046,990.3813999999761,1005.0149999999999,1027.3485999999045,1055.0822999999523,1123.6665999999045,1139.7072999999523,1173.084,1245.6683999999761,1272.6921999999286,1296.969,1320.5525999999047,1391.887,1434.9875999999047,1494.555,1743.4251999999285,1789.442399999976,1867.2935,1907.444,1934.4777999999524,1970.7948999999762,2040.0125999999048,2116.430199999929,2187.247899999976,2257.198899999976]","[529.8584999999999,584.5092999999523,614.193,650.9100999999046,714.8276999999284,738.5612999999523,812.0622999999523,852.2295999999046,881.1466999999285,900.5301999999284,990.3815,1005.0149999999999,1027.3486999999284,1055.0822999999523,1123.6665999999045,1139.7073999999761,1173.0840999999045,1245.6683999999761,1272.6921999999286,1296.969,1320.5526999999286,1391.8870999999046,1434.9875999999047,1494.555,1743.4251999999285,1789.442399999976,1867.2935,1907.4440999999047,1934.4777999999524,1970.7948999999762,2040.0125999999048,2116.430199999929,2187.247899999976,2257.198899999976]",,22,"[532.4647000000477,587.6413000000715,615.2487000000477,739.7435,813.3445,901.6790000000001,1005.9138000000715,1028.1975,1055.8478000000714,1130.3988000000713,1141.0656000000238,1174.5378999999762,1273.9675,1298.584399999976,1436.3697000000477,1745.2907000000475,1868.716,1935.809899999976,1971.9769999999999,2041.2113000000713,2188.5038000000714,2258.480899999976]","[532.4647000000477,587.6413999999762,615.2487000000477,739.7435,813.3446000000239,901.6790000000001,1005.9138000000715,1028.1975,1055.8478000000714,1130.398899999976,1141.0656000000238,1174.538,1273.9675,1298.584399999976,1436.3698000000713,1745.2907000000475,1868.716,1935.809899999976,1971.9769999999999,2041.2113000000713,2188.5038000000714,2258.4809999999998]",12,"[652.1916000000238,715.9093000000714,854.4612000000477,882.3855000000001,991.7297000000478,1248.5068999999762,1322.122,1392.9588999999762,1495.5033000000715,1790.4741000000238,1908.309,2117.4952000000476]","[652.1917000000476,715.9093000000714,854.4612000000477,882.3856000000239,991.7298000000715,1248.5068999999762,1322.122,1392.959,1495.5033000000715,1790.4741000000238,1908.309,2117.4952000000476]","[""scam_button""]",5.166667175,1.4077,1.083333588,1.0865,1.108333588,0.4495,,,,,,resources/images/scam_22.png,scam,1,0.65,0,0,,,,,,,,,,,0,9,9,23,1,,,,,,,,,,,,,,,,,,,,,,,,,,,,,,,,,,,,,,,,,,,,,,,,,,,,,,,,,,,,,,,,,,,,,,,
,,,,,,,,,,,001,2025-05-08_20h22.06.706,SLSINC_O,2022.2.5,Win32,60.24096386,,,,,,,,,,,35,"[529.8584999999999,584.5091999999285,614.193,650.9100999999046,714.8276999999284,738.5612999999523,812.0622999999523,852.2295999999046,881.1465999999047,900.5300999999046,990.3813999999761,1005.0149999999999,1027.3485999999045,1055.0822999999523,1123.6665999999045,1139.7072999999523,1173.084,1245.6683999999761,1272.6921999999286,1296.969,1320.5525999999047,1391.887,1434.9875999999047,1494.555,1743.4251999999285,1789.442399999976,1867.2935,1907.444,1934.4777999999524,1970.7948999999762,2040.0125999999048,2116.430199999929,2187.247899999976,2257.198899999976,2334.749899999976]","[529.8584999999999,584.5092999999523,614.193,650.9100999999046,714.8276999999284,738.5612999999523,812.0622999999523,852.2295999999046,881.1466999999285,900.5301999999284,990.3815,1005.0149999999999,1027.3486999999284,1055.0822999999523,1123.6665999999045,1139.7073999999761,1173.0840999999045,1245.6683999999761,1272.6921999999286,1296.969,1320.5526999999286,1391.8870999999046,1434.9875999999047,1494.555,1743.4251999999285,1789.442399999976,1867.2935,1907.4440999999047,1934.4777999999524,1970.7948999999762,2040.0125999999048,2116.430199999929,2187.247899999976,2257.198899999976,2334.749899999976]",,22,"[532.4647000000477,587.6413000000715,615.2487000000477,739.7435,813.3445,901.6790000000001,1005.9138000000715,1028.1975,1055.8478000000714,1130.3988000000713,1141.0656000000238,1174.5378999999762,1273.9675,1298.584399999976,1436.3697000000477,1745.2907000000475,1868.716,1935.809899999976,1971.9769999999999,2041.2113000000713,2188.5038000000714,2258.480899999976]","[532.4647000000477,587.6413999999762,615.2487000000477,739.7435,813.3446000000239,901.6790000000001,1005.9138000000715,1028.1975,1055.8478000000714,1130.398899999976,1141.0656000000238,1174.538,1273.9675,1298.584399999976,1436.3698000000713,1745.2907000000475,1868.716,1935.809899999976,1971.9769999999999,2041.2113000000713,2188.5038000000714,2258.4809999999998]",13,"[652.1916000000238,715.9093000000714,854.4612000000477,882.3855000000001,991.7297000000478,1248.5068999999762,1322.122,1392.9588999999762,1495.5033000000715,1790.4741000000238,1908.309,2117.4952000000476,2335.514899999976]","[652.1917000000476,715.9093000000714,854.4612000000477,882.3856000000239,991.7298000000715,1248.5068999999762,1322.122,1392.959,1495.5033000000715,1790.4741000000238,1908.309,2117.4952000000476,2335.514899999976]","[""legit_button""]",7.891667175,1.366,2.1,1.161,2.216666794,2.6837,,,,,,resources/images/legit_22.png,legit,1,0.78,0,0,,,,,,,,,,,0,10,10,9,1,,,,,,,,,,,,,,,,,,,,,,,,,,,,,,,,,,,,,,,,,,,,,,,,,,,,,,,,,,,,,,,,,,,,,,,
,,,,,,,,,,,001,2025-05-08_20h22.06.706,SLSINC_O,2022.2.5,Win32,60.24096386,,,,,,,,,,,36,"[529.8584999999999,584.5091999999285,614.193,650.9100999999046,714.8276999999284,738.5612999999523,812.0622999999523,852.2295999999046,881.1465999999047,900.5300999999046,990.3813999999761,1005.0149999999999,1027.3485999999045,1055.0822999999523,1123.6665999999045,1139.7072999999523,1173.084,1245.6683999999761,1272.6921999999286,1296.969,1320.5525999999047,1391.887,1434.9875999999047,1494.555,1743.4251999999285,1789.442399999976,1867.2935,1907.444,1934.4777999999524,1970.7948999999762,2040.0125999999048,2116.430199999929,2187.247899999976,2257.198899999976,2334.749899999976,2352.0835]","[529.8584999999999,584.5092999999523,614.193,650.9100999999046,714.8276999999284,738.5612999999523,812.0622999999523,852.2295999999046,881.1466999999285,900.5301999999284,990.3815,1005.0149999999999,1027.3486999999284,1055.0822999999523,1123.6665999999045,1139.7073999999761,1173.0840999999045,1245.6683999999761,1272.6921999999286,1296.969,1320.5526999999286,1391.8870999999046,1434.9875999999047,1494.555,1743.4251999999285,1789.442399999976,1867.2935,1907.4440999999047,1934.4777999999524,1970.7948999999762,2040.0125999999048,2116.430199999929,2187.247899999976,2257.198899999976,2334.749899999976,2352.0835]",,23,"[532.4647000000477,587.6413000000715,615.2487000000477,739.7435,813.3445,901.6790000000001,1005.9138000000715,1028.1975,1055.8478000000714,1130.3988000000713,1141.0656000000238,1174.5378999999762,1273.9675,1298.584399999976,1436.3697000000477,1745.2907000000475,1868.716,1935.809899999976,1971.9769999999999,2041.2113000000713,2188.5038000000714,2258.480899999976,2353.648899999976]","[532.4647000000477,587.6413999999762,615.2487000000477,739.7435,813.3446000000239,901.6790000000001,1005.9138000000715,1028.1975,1055.8478000000714,1130.398899999976,1141.0656000000238,1174.538,1273.9675,1298.584399999976,1436.3698000000713,1745.2907000000475,1868.716,1935.809899999976,1971.9769999999999,2041.2113000000713,2188.5038000000714,2258.4809999999998,2353.648899999976]",13,"[652.1916000000238,715.9093000000714,854.4612000000477,882.3855000000001,991.7297000000478,1248.5068999999762,1322.122,1392.9588999999762,1495.5033000000715,1790.4741000000238,1908.309,2117.4952000000476,2335.514899999976]","[652.1917000000476,715.9093000000714,854.4612000000477,882.3856000000239,991.7298000000715,1248.5068999999762,1322.122,1392.959,1495.5033000000715,1790.4741000000238,1908.309,2117.4952000000476,2335.514899999976]","[""scam_button""]",6.058333588,1.1239,2,1.9337,1.808333588,0.6161,,,,,,resources/images/scam16.png,scam,0.65,0.65,0,0,,,,,,,,,,,0,11,11,11,1,,,,,,,,,,,,,,,,,,,,,,,,,,,,,,,,,,,,,,,,,,,,,,,,,,,,,,,,,,,,,,,,,,,,,,,
,,,,,,,,,,,001,2025-05-08_20h22.06.706,SLSINC_O,2022.2.5,Win32,60.24096386,,,,,,,,,,,37,"[529.8584999999999,584.5091999999285,614.193,650.9100999999046,714.8276999999284,738.5612999999523,812.0622999999523,852.2295999999046,881.1465999999047,900.5300999999046,990.3813999999761,1005.0149999999999,1027.3485999999045,1055.0822999999523,1123.6665999999045,1139.7072999999523,1173.084,1245.6683999999761,1272.6921999999286,1296.969,1320.5525999999047,1391.887,1434.9875999999047,1494.555,1743.4251999999285,1789.442399999976,1867.2935,1907.444,1934.4777999999524,1970.7948999999762,2040.0125999999048,2116.430199999929,2187.247899999976,2257.198899999976,2334.749899999976,2352.0835,2395.534099999905]","[529.8584999999999,584.5092999999523,614.193,650.9100999999046,714.8276999999284,738.5612999999523,812.0622999999523,852.2295999999046,881.1466999999285,900.5301999999284,990.3815,1005.0149999999999,1027.3486999999284,1055.0822999999523,1123.6665999999045,1139.7073999999761,1173.0840999999045,1245.6683999999761,1272.6921999999286,1296.969,1320.5526999999286,1391.8870999999046,1434.9875999999047,1494.555,1743.4251999999285,1789.442399999976,1867.2935,1907.4440999999047,1934.4777999999524,1970.7948999999762,2040.0125999999048,2116.430199999929,2187.247899999976,2257.198899999976,2334.749899999976,2352.0835,2395.5342999999525]",,24,"[532.4647000000477,587.6413000000715,615.2487000000477,739.7435,813.3445,901.6790000000001,1005.9138000000715,1028.1975,1055.8478000000714,1130.3988000000713,1141.0656000000238,1174.5378999999762,1273.9675,1298.584399999976,1436.3697000000477,1745.2907000000475,1868.716,1935.809899999976,1971.9769999999999,2041.2113000000713,2188.5038000000714,2258.480899999976,2353.648899999976,2396.182899999976]","[532.4647000000477,587.6413999999762,615.2487000000477,739.7435,813.3446000000239,901.6790000000001,1005.9138000000715,1028.1975,1055.8478000000714,1130.398899999976,1141.0656000000238,1174.538,1273.9675,1298.584399999976,1436.3698000000713,1745.2907000000475,1868.716,1935.809899999976,1971.9769999999999,2041.2113000000713,2188.5038000000714,2258.4809999999998,2353.648899999976,2396.182899999976]",13,"[652.1916000000238,715.9093000000714,854.4612000000477,882.3855000000001,991.7297000000478,1248.5068999999762,1322.122,1392.9588999999762,1495.5033000000715,1790.4741000000238,1908.309,2117.4952000000476,2335.514899999976]","[652.1917000000476,715.9093000000714,854.4612000000477,882.3856000000239,991.7298000000715,1248.5068999999762,1322.122,1392.959,1495.5033000000715,1790.4741000000238,1908.309,2117.4952000000476,2335.514899999976]","[""scam_button""]",8.033333588,1.1611,2.141666794,2.4796,1.025,1.0191,,,,,,resources/images/legitimate_18.png,legit,1,0.65,0,0,,,,,,,,,,,0,12,12,17,1,,,,,,,,,,,,,,,,,,,,,,,,,,,,,,,,,,,,,,,,,,,,,,,,,,,,,,,,,,,,,,,,,,,,,,,
,,,,,,,,,,,001,2025-05-08_20h22.06.706,SLSINC_O,2022.2.5,Win32,60.24096386,,,,,,,,,,,38,"[529.8584999999999,584.5091999999285,614.193,650.9100999999046,714.8276999999284,738.5612999999523,812.0622999999523,852.2295999999046,881.1465999999047,900.5300999999046,990.3813999999761,1005.0149999999999,1027.3485999999045,1055.0822999999523,1123.6665999999045,1139.7072999999523,1173.084,1245.6683999999761,1272.6921999999286,1296.969,1320.5525999999047,1391.887,1434.9875999999047,1494.555,1743.4251999999285,1789.442399999976,1867.2935,1907.444,1934.4777999999524,1970.7948999999762,2040.0125999999048,2116.430199999929,2187.247899999976,2257.198899999976,2334.749899999976,2352.0835,2395.534099999905,2415.1676999999286]","[529.8584999999999,584.5092999999523,614.193,650.9100999999046,714.8276999999284,738.5612999999523,812.0622999999523,852.2295999999046,881.1466999999285,900.5301999999284,990.3815,1005.0149999999999,1027.3486999999284,1055.0822999999523,1123.6665999999045,1139.7073999999761,1173.0840999999045,1245.6683999999761,1272.6921999999286,1296.969,1320.5526999999286,1391.8870999999046,1434.9875999999047,1494.555,1743.4251999999285,1789.442399999976,1867.2935,1907.4440999999047,1934.4777999999524,1970.7948999999762,2040.0125999999048,2116.430199999929,2187.247899999976,2257.198899999976,2334.749899999976,2352.0835,2395.5342999999525,2415.1676999999286]",,24,"[532.4647000000477,587.6413000000715,615.2487000000477,739.7435,813.3445,901.6790000000001,1005.9138000000715,1028.1975,1055.8478000000714,1130.3988000000713,1141.0656000000238,1174.5378999999762,1273.9675,1298.584399999976,1436.3697000000477,1745.2907000000475,1868.716,1935.809899999976,1971.9769999999999,2041.2113000000713,2188.5038000000714,2258.480899999976,2353.648899999976,2396.182899999976]","[532.4647000000477,587.6413999999762,615.2487000000477,739.7435,813.3446000000239,901.6790000000001,1005.9138000000715,1028.1975,1055.8478000000714,1130.398899999976,1141.0656000000238,1174.538,1273.9675,1298.584399999976,1436.3698000000713,1745.2907000000475,1868.716,1935.809899999976,1971.9769999999999,2041.2113000000713,2188.5038000000714,2258.4809999999998,2353.648899999976,2396.182899999976]",14,"[652.1916000000238,715.9093000000714,854.4612000000477,882.3855000000001,991.7297000000478,1248.5068999999762,1322.122,1392.9588999999762,1495.5033000000715,1790.4741000000238,1908.309,2117.4952000000476,2335.514899999976,2415.7826000000236]","[652.1917000000476,715.9093000000714,854.4612000000477,882.3856000000239,991.7298000000715,1248.5068999999762,1322.122,1392.959,1495.5033000000715,1790.4741000000238,1908.309,2117.4952000000476,2335.514899999976,2415.7827000000475]","[""legit_button""]",7.933333588,1.2749,1.975,0.9191,2.308333588,2.0616,,,,,,resources/images/legit15.jpg,legit,0.95,0.65,0,0,,,,,,,,,,,0,13,13,13,1,,,,,,,,,,,,,,,,,,,,,,,,,,,,,,,,,,,,,,,,,,,,,,,,,,,,,,,,,,,,,,,,,,,,,,,
,,,,,,,,,,,001,2025-05-08_20h22.06.706,SLSINC_O,2022.2.5,Win32,60.24096386,,,,,,,,,,,39,"[529.8584999999999,584.5091999999285,614.193,650.9100999999046,714.8276999999284,738.5612999999523,812.0622999999523,852.2295999999046,881.1465999999047,900.5300999999046,990.3813999999761,1005.0149999999999,1027.3485999999045,1055.0822999999523,1123.6665999999045,1139.7072999999523,1173.084,1245.6683999999761,1272.6921999999286,1296.969,1320.5525999999047,1391.887,1434.9875999999047,1494.555,1743.4251999999285,1789.442399999976,1867.2935,1907.444,1934.4777999999524,1970.7948999999762,2040.0125999999048,2116.430199999929,2187.247899999976,2257.198899999976,2334.749899999976,2352.0835,2395.534099999905,2415.1676999999286,2439.5346999999288]","[529.8584999999999,584.5092999999523,614.193,650.9100999999046,714.8276999999284,738.5612999999523,812.0622999999523,852.2295999999046,881.1466999999285,900.5301999999284,990.3815,1005.0149999999999,1027.3486999999284,1055.0822999999523,1123.6665999999045,1139.7073999999761,1173.0840999999045,1245.6683999999761,1272.6921999999286,1296.969,1320.5526999999286,1391.8870999999046,1434.9875999999047,1494.555,1743.4251999999285,1789.442399999976,1867.2935,1907.4440999999047,1934.4777999999524,1970.7948999999762,2040.0125999999048,2116.430199999929,2187.247899999976,2257.198899999976,2334.749899999976,2352.0835,2395.5342999999525,2415.1676999999286,2439.5346999999288]",,25,"[532.4647000000477,587.6413000000715,615.2487000000477,739.7435,813.3445,901.6790000000001,1005.9138000000715,1028.1975,1055.8478000000714,1130.3988000000713,1141.0656000000238,1174.5378999999762,1273.9675,1298.584399999976,1436.3697000000477,1745.2907000000475,1868.716,1935.809899999976,1971.9769999999999,2041.2113000000713,2188.5038000000714,2258.480899999976,2353.648899999976,2396.182899999976,2440.2877000000476]","[532.4647000000477,587.6413999999762,615.2487000000477,739.7435,813.3446000000239,901.6790000000001,1005.9138000000715,1028.1975,1055.8478000000714,1130.398899999976,1141.0656000000238,1174.538,1273.9675,1298.584399999976,1436.3698000000713,1745.2907000000475,1868.716,1935.809899999976,1971.9769999999999,2041.2113000000713,2188.5038000000714,2258.4809999999998,2353.648899999976,2396.182899999976,2440.2878000000715]",14,"[652.1916000000238,715.9093000000714,854.4612000000477,882.3855000000001,991.7297000000478,1248.5068999999762,1322.122,1392.9588999999762,1495.5033000000715,1790.4741000000238,1908.309,2117.4952000000476,2335.514899999976,2415.7826000000236]","[652.1917000000476,715.9093000000714,854.4612000000477,882.3856000000239,991.7298000000715,1248.5068999999762,1322.122,1392.959,1495.5033000000715,1790.4741000000238,1908.309,2117.4952000000476,2335.514899999976,2415.7827000000475]","[""scam_button""]",7.875,1.803,2.3,1.0205,2.091666794,0.8796,,,,,,resources/images/scam_30.png,scam,1.45,0.6,0,0,,,,,,,,,,,0,14,14,20,1,,,,,,,,,,,,,,,,,,,,,,,,,,,,,,,,,,,,,,,,,,,,,,,,,,,,,,,,,,,,,,,,,,,,,,,
,,,,,,,,,,,001,2025-05-08_20h22.06.706,SLSINC_O,2022.2.5,Win32,60.24096386,,,,,,,,,,,40,"[529.8584999999999,584.5091999999285,614.193,650.9100999999046,714.8276999999284,738.5612999999523,812.0622999999523,852.2295999999046,881.1465999999047,900.5300999999046,990.3813999999761,1005.0149999999999,1027.3485999999045,1055.0822999999523,1123.6665999999045,1139.7072999999523,1173.084,1245.6683999999761,1272.6921999999286,1296.969,1320.5525999999047,1391.887,1434.9875999999047,1494.555,1743.4251999999285,1789.442399999976,1867.2935,1907.444,1934.4777999999524,1970.7948999999762,2040.0125999999048,2116.430199999929,2187.247899999976,2257.198899999976,2334.749899999976,2352.0835,2395.534099999905,2415.1676999999286,2439.5346999999288,2486.0853999999763]","[529.8584999999999,584.5092999999523,614.193,650.9100999999046,714.8276999999284,738.5612999999523,812.0622999999523,852.2295999999046,881.1466999999285,900.5301999999284,990.3815,1005.0149999999999,1027.3486999999284,1055.0822999999523,1123.6665999999045,1139.7073999999761,1173.0840999999045,1245.6683999999761,1272.6921999999286,1296.969,1320.5526999999286,1391.8870999999046,1434.9875999999047,1494.555,1743.4251999999285,1789.442399999976,1867.2935,1907.4440999999047,1934.4777999999524,1970.7948999999762,2040.0125999999048,2116.430199999929,2187.247899999976,2257.198899999976,2334.749899999976,2352.0835,2395.5342999999525,2415.1676999999286,2439.5346999999288,2486.0853999999763]",,26,"[532.4647000000477,587.6413000000715,615.2487000000477,739.7435,813.3445,901.6790000000001,1005.9138000000715,1028.1975,1055.8478000000714,1130.3988000000713,1141.0656000000238,1174.5378999999762,1273.9675,1298.584399999976,1436.3697000000477,1745.2907000000475,1868.716,1935.809899999976,1971.9769999999999,2041.2113000000713,2188.5038000000714,2258.480899999976,2353.648899999976,2396.182899999976,2440.2877000000476,2487.484]","[532.4647000000477,587.6413999999762,615.2487000000477,739.7435,813.3446000000239,901.6790000000001,1005.9138000000715,1028.1975,1055.8478000000714,1130.398899999976,1141.0656000000238,1174.538,1273.9675,1298.584399999976,1436.3698000000713,1745.2907000000475,1868.716,1935.809899999976,1971.9769999999999,2041.2113000000713,2188.5038000000714,2258.4809999999998,2353.648899999976,2396.182899999976,2440.2878000000715,2487.484100000024]",14,"[652.1916000000238,715.9093000000714,854.4612000000477,882.3855000000001,991.7297000000478,1248.5068999999762,1322.122,1392.9588999999762,1495.5033000000715,1790.4741000000238,1908.309,2117.4952000000476,2335.514899999976,2415.7826000000236]","[652.1917000000476,715.9093000000714,854.4612000000477,882.3856000000239,991.7298000000715,1248.5068999999762,1322.122,1392.959,1495.5033000000715,1790.4741000000238,1908.309,2117.4952000000476,2335.514899999976,2415.7827000000475]","[""scam_button""]",8.183333588,1.1581,2.083333588,1.0531,1.258333588,0.8962,,,,,,resources/images/scam15.jpg,scam,0.65,0.65,0,0,,,,,,,,,,,0,15,15,10,1,,,,,,,,,,,,,,,,,,,,,,,,,,,,,,,,,,,,,,,,,,,,,,,,,,,,,,,,,,,,,,,,,,,,,,,
,,,,,,,,,,,001,2025-05-08_20h22.06.706,SLSINC_O,2022.2.5,Win32,60.24096386,,,,,,,,,,,41,"[529.8584999999999,584.5091999999285,614.193,650.9100999999046,714.8276999999284,738.5612999999523,812.0622999999523,852.2295999999046,881.1465999999047,900.5300999999046,990.3813999999761,1005.0149999999999,1027.3485999999045,1055.0822999999523,1123.6665999999045,1139.7072999999523,1173.084,1245.6683999999761,1272.6921999999286,1296.969,1320.5525999999047,1391.887,1434.9875999999047,1494.555,1743.4251999999285,1789.442399999976,1867.2935,1907.444,1934.4777999999524,1970.7948999999762,2040.0125999999048,2116.430199999929,2187.247899999976,2257.198899999976,2334.749899999976,2352.0835,2395.534099999905,2415.1676999999286,2439.5346999999288,2486.0853999999763,2527.1357999999527]","[529.8584999999999,584.5092999999523,614.193,650.9100999999046,714.8276999999284,738.5612999999523,812.0622999999523,852.2295999999046,881.1466999999285,900.5301999999284,990.3815,1005.0149999999999,1027.3486999999284,1055.0822999999523,1123.6665999999045,1139.7073999999761,1173.0840999999045,1245.6683999999761,1272.6921999999286,1296.969,1320.5526999999286,1391.8870999999046,1434.9875999999047,1494.555,1743.4251999999285,1789.442399999976,1867.2935,1907.4440999999047,1934.4777999999524,1970.7948999999762,2040.0125999999048,2116.430199999929,2187.247899999976,2257.198899999976,2334.749899999976,2352.0835,2395.5342999999525,2415.1676999999286,2439.5346999999288,2486.0853999999763,2527.1358999999766]",,27,"[532.4647000000477,587.6413000000715,615.2487000000477,739.7435,813.3445,901.6790000000001,1005.9138000000715,1028.1975,1055.8478000000714,1130.3988000000713,1141.0656000000238,1174.5378999999762,1273.9675,1298.584399999976,1436.3697000000477,1745.2907000000475,1868.716,1935.809899999976,1971.9769999999999,2041.2113000000713,2188.5038000000714,2258.480899999976,2353.648899999976,2396.182899999976,2440.2877000000476,2487.484,2528.0083000000714]","[532.4647000000477,587.6413999999762,615.2487000000477,739.7435,813.3446000000239,901.6790000000001,1005.9138000000715,1028.1975,1055.8478000000714,1130.398899999976,1141.0656000000238,1174.538,1273.9675,1298.584399999976,1436.3698000000713,1745.2907000000475,1868.716,1935.809899999976,1971.9769999999999,2041.2113000000713,2188.5038000000714,2258.4809999999998,2353.648899999976,2396.182899999976,2440.2878000000715,2487.484100000024,2528.0083000000714]",14,"[652.1916000000238,715.9093000000714,854.4612000000477,882.3855000000001,991.7297000000478,1248.5068999999762,1322.122,1392.9588999999762,1495.5033000000715,1790.4741000000238,1908.309,2117.4952000000476,2335.514899999976,2415.7826000000236]","[652.1917000000476,715.9093000000714,854.4612000000477,882.3856000000239,991.7298000000715,1248.5068999999762,1322.122,1392.959,1495.5033000000715,1790.4741000000238,1908.309,2117.4952000000476,2335.514899999976,2415.7827000000475]","[""scam_button""]",8.066667175,1.6341,2.158333588,1.0164,2.041666794,0.672,,,,,,resources/images/scam_23.png,scam,1,0.8,0,0,,,,,,,,,,,0,16,16,21,1,,,,,,,,,,,,,,,,,,,,,,,,,,,,,,,,,,,,,,,,,,,,,,,,,,,,,,,,,,,,,,,,,,,,,,,
,,,,,,,,,,,001,2025-05-08_20h22.06.706,SLSINC_O,2022.2.5,Win32,60.24096386,,,,,,,,,,,42,"[529.8584999999999,584.5091999999285,614.193,650.9100999999046,714.8276999999284,738.5612999999523,812.0622999999523,852.2295999999046,881.1465999999047,900.5300999999046,990.3813999999761,1005.0149999999999,1027.3485999999045,1055.0822999999523,1123.6665999999045,1139.7072999999523,1173.084,1245.6683999999761,1272.6921999999286,1296.969,1320.5525999999047,1391.887,1434.9875999999047,1494.555,1743.4251999999285,1789.442399999976,1867.2935,1907.444,1934.4777999999524,1970.7948999999762,2040.0125999999048,2116.430199999929,2187.247899999976,2257.198899999976,2334.749899999976,2352.0835,2395.534099999905,2415.1676999999286,2439.5346999999288,2486.0853999999763,2527.1357999999527,2587.7035]","[529.8584999999999,584.5092999999523,614.193,650.9100999999046,714.8276999999284,738.5612999999523,812.0622999999523,852.2295999999046,881.1466999999285,900.5301999999284,990.3815,1005.0149999999999,1027.3486999999284,1055.0822999999523,1123.6665999999045,1139.7073999999761,1173.0840999999045,1245.6683999999761,1272.6921999999286,1296.969,1320.5526999999286,1391.8870999999046,1434.9875999999047,1494.555,1743.4251999999285,1789.442399999976,1867.2935,1907.4440999999047,1934.4777999999524,1970.7948999999762,2040.0125999999048,2116.430199999929,2187.247899999976,2257.198899999976,2334.749899999976,2352.0835,2395.5342999999525,2415.1676999999286,2439.5346999999288,2486.0853999999763,2527.1358999999766,2587.7035]",,27,"[532.4647000000477,587.6413000000715,615.2487000000477,739.7435,813.3445,901.6790000000001,1005.9138000000715,1028.1975,1055.8478000000714,1130.3988000000713,1141.0656000000238,1174.5378999999762,1273.9675,1298.584399999976,1436.3697000000477,1745.2907000000475,1868.716,1935.809899999976,1971.9769999999999,2041.2113000000713,2188.5038000000714,2258.480899999976,2353.648899999976,2396.182899999976,2440.2877000000476,2487.484,2528.0083000000714]","[532.4647000000477,587.6413999999762,615.2487000000477,739.7435,813.3446000000239,901.6790000000001,1005.9138000000715,1028.1975,1055.8478000000714,1130.398899999976,1141.0656000000238,1174.538,1273.9675,1298.584399999976,1436.3698000000713,1745.2907000000475,1868.716,1935.809899999976,1971.9769999999999,2041.2113000000713,2188.5038000000714,2258.4809999999998,2353.648899999976,2396.182899999976,2440.2878000000715,2487.484100000024,2528.0083000000714]",15,"[652.1916000000238,715.9093000000714,854.4612000000477,882.3855000000001,991.7297000000478,1248.5068999999762,1322.122,1392.9588999999762,1495.5033000000715,1790.4741000000238,1908.309,2117.4952000000476,2335.514899999976,2415.7826000000236,2588.6017000000475]","[652.1917000000476,715.9093000000714,854.4612000000477,882.3856000000239,991.7298000000715,1248.5068999999762,1322.122,1392.959,1495.5033000000715,1790.4741000000238,1908.309,2117.4952000000476,2335.514899999976,2415.7827000000475,2588.6017000000475]","[""legit_button""]",6.991667175,1.2749,3.133333588,2.1978,2.116666794,2.1748,,,,,,resources/images/legit_20.png,legit,0.9,0.8,0,0,,,,,,,,,,,0,17,17,3,1,,,,,,,,,,,,,,,,,,,,,,,,,,,,,,,,,,,,,,,,,,,,,,,,,,,,,,,,,,,,,,,,,,,,,,,
,,,,,,,,,,,001,2025-05-08_20h22.06.706,SLSINC_O,2022.2.5,Win32,60.24096386,,,,,,,,,,,43,"[529.8584999999999,584.5091999999285,614.193,650.9100999999046,714.8276999999284,738.5612999999523,812.0622999999523,852.2295999999046,881.1465999999047,900.5300999999046,990.3813999999761,1005.0149999999999,1027.3485999999045,1055.0822999999523,1123.6665999999045,1139.7072999999523,1173.084,1245.6683999999761,1272.6921999999286,1296.969,1320.5525999999047,1391.887,1434.9875999999047,1494.555,1743.4251999999285,1789.442399999976,1867.2935,1907.444,1934.4777999999524,1970.7948999999762,2040.0125999999048,2116.430199999929,2187.247899999976,2257.198899999976,2334.749899999976,2352.0835,2395.534099999905,2415.1676999999286,2439.5346999999288,2486.0853999999763,2527.1357999999527,2587.7035,2608.653699999929]","[529.8584999999999,584.5092999999523,614.193,650.9100999999046,714.8276999999284,738.5612999999523,812.0622999999523,852.2295999999046,881.1466999999285,900.5301999999284,990.3815,1005.0149999999999,1027.3486999999284,1055.0822999999523,1123.6665999999045,1139.7073999999761,1173.0840999999045,1245.6683999999761,1272.6921999999286,1296.969,1320.5526999999286,1391.8870999999046,1434.9875999999047,1494.555,1743.4251999999285,1789.442399999976,1867.2935,1907.4440999999047,1934.4777999999524,1970.7948999999762,2040.0125999999048,2116.430199999929,2187.247899999976,2257.198899999976,2334.749899999976,2352.0835,2395.5342999999525,2415.1676999999286,2439.5346999999288,2486.0853999999763,2527.1358999999766,2587.7035,2608.653699999929]",,28,"[532.4647000000477,587.6413000000715,615.2487000000477,739.7435,813.3445,901.6790000000001,1005.9138000000715,1028.1975,1055.8478000000714,1130.3988000000713,1141.0656000000238,1174.5378999999762,1273.9675,1298.584399999976,1436.3697000000477,1745.2907000000475,1868.716,1935.809899999976,1971.9769999999999,2041.2113000000713,2188.5038000000714,2258.480899999976,2353.648899999976,2396.182899999976,2440.2877000000476,2487.484,2528.0083000000714,2609.819100000024]","[532.4647000000477,587.6413999999762,615.2487000000477,739.7435,813.3446000000239,901.6790000000001,1005.9138000000715,1028.1975,1055.8478000000714,1130.398899999976,1141.0656000000238,1174.538,1273.9675,1298.584399999976,1436.3698000000713,1745.2907000000475,1868.716,1935.809899999976,1971.9769999999999,2041.2113000000713,2188.5038000000714,2258.4809999999998,2353.648899999976,2396.182899999976,2440.2878000000715,2487.484100000024,2528.0083000000714,2609.819100000024]",15,"[652.1916000000238,715.9093000000714,854.4612000000477,882.3855000000001,991.7297000000478,1248.5068999999762,1322.122,1392.9588999999762,1495.5033000000715,1790.4741000000238,1908.309,2117.4952000000476,2335.514899999976,2415.7826000000236,2588.6017000000475]","[652.1917000000476,715.9093000000714,854.4612000000477,882.3856000000239,991.7298000000715,1248.5068999999762,1322.122,1392.959,1495.5033000000715,1790.4741000000238,1908.309,2117.4952000000476,2335.514899999976,2415.7827000000475,2588.6017000000475]","[""scam_button""]",8.141667175,1.2741,1.941666794,1.8581,0.975,0.3321,,,,,,resources/images/scam_20.png,scam,1.45,0.6,0,0,,,,,,,,,,,0,18,18,18,1,,,,,,,,,,,,,,,,,,,,,,,,,,,,,,,,,,,,,,,,,,,,,,,,,,,,,,,,,,,,,,,,,,,,,,,
,,,,,,,,,,,001,2025-05-08_20h22.06.706,SLSINC_O,2022.2.5,Win32,60.24096386,,,,,,,,,,,44,"[529.8584999999999,584.5091999999285,614.193,650.9100999999046,714.8276999999284,738.5612999999523,812.0622999999523,852.2295999999046,881.1465999999047,900.5300999999046,990.3813999999761,1005.0149999999999,1027.3485999999045,1055.0822999999523,1123.6665999999045,1139.7072999999523,1173.084,1245.6683999999761,1272.6921999999286,1296.969,1320.5525999999047,1391.887,1434.9875999999047,1494.555,1743.4251999999285,1789.442399999976,1867.2935,1907.444,1934.4777999999524,1970.7948999999762,2040.0125999999048,2116.430199999929,2187.247899999976,2257.198899999976,2334.749899999976,2352.0835,2395.534099999905,2415.1676999999286,2439.5346999999288,2486.0853999999763,2527.1357999999527,2587.7035,2608.653699999929,2629.9872999999525]","[529.8584999999999,584.5092999999523,614.193,650.9100999999046,714.8276999999284,738.5612999999523,812.0622999999523,852.2295999999046,881.1466999999285,900.5301999999284,990.3815,1005.0149999999999,1027.3486999999284,1055.0822999999523,1123.6665999999045,1139.7073999999761,1173.0840999999045,1245.6683999999761,1272.6921999999286,1296.969,1320.5526999999286,1391.8870999999046,1434.9875999999047,1494.555,1743.4251999999285,1789.442399999976,1867.2935,1907.4440999999047,1934.4777999999524,1970.7948999999762,2040.0125999999048,2116.430199999929,2187.247899999976,2257.198899999976,2334.749899999976,2352.0835,2395.5342999999525,2415.1676999999286,2439.5346999999288,2486.0853999999763,2527.1358999999766,2587.7035,2608.653699999929,2629.9872999999525]",,29,"[532.4647000000477,587.6413000000715,615.2487000000477,739.7435,813.3445,901.6790000000001,1005.9138000000715,1028.1975,1055.8478000000714,1130.3988000000713,1141.0656000000238,1174.5378999999762,1273.9675,1298.584399999976,1436.3697000000477,1745.2907000000475,1868.716,1935.809899999976,1971.9769999999999,2041.2113000000713,2188.5038000000714,2258.480899999976,2353.648899999976,2396.182899999976,2440.2877000000476,2487.484,2528.0083000000714,2609.819100000024,2631.243]","[532.4647000000477,587.6413999999762,615.2487000000477,739.7435,813.3446000000239,901.6790000000001,1005.9138000000715,1028.1975,1055.8478000000714,1130.398899999976,1141.0656000000238,1174.538,1273.9675,1298.584399999976,1436.3698000000713,1745.2907000000475,1868.716,1935.809899999976,1971.9769999999999,2041.2113000000713,2188.5038000000714,2258.4809999999998,2353.648899999976,2396.182899999976,2440.2878000000715,2487.484100000024,2528.0083000000714,2609.819100000024,2631.243]",15,"[652.1916000000238,715.9093000000714,854.4612000000477,882.3855000000001,991.7297000000478,1248.5068999999762,1322.122,1392.9588999999762,1495.5033000000715,1790.4741000000238,1908.309,2117.4952000000476,2335.514899999976,2415.7826000000236,2588.6017000000475]","[652.1917000000476,715.9093000000714,854.4612000000477,882.3856000000239,991.7298000000715,1248.5068999999762,1322.122,1392.959,1495.5033000000715,1790.4741000000238,1908.309,2117.4952000000476,2335.514899999976,2415.7827000000475,2588.6017000000475]","[""scam_button""]",9.783333588,1.8336,1.075,2.221,0.966666794,0.6322,,,,,,resources/images/scam8.jpg,scam,0.65,0.65,0,0,,,,,,,,,,,0,19,19,0,1,,,,,,,,,,,,,,,,,,,,,,,,,,,,,,,,,,,,,,,,,,,,,,,,,,,,,,,,,,,,,,,,,,,,,,,
,,,,,,,,,,,001,2025-05-08_20h22.06.706,SLSINC_O,2022.2.5,Win32,60.24096386,,,,,,,,,,,45,"[529.8584999999999,584.5091999999285,614.193,650.9100999999046,714.8276999999284,738.5612999999523,812.0622999999523,852.2295999999046,881.1465999999047,900.5300999999046,990.3813999999761,1005.0149999999999,1027.3485999999045,1055.0822999999523,1123.6665999999045,1139.7072999999523,1173.084,1245.6683999999761,1272.6921999999286,1296.969,1320.5525999999047,1391.887,1434.9875999999047,1494.555,1743.4251999999285,1789.442399999976,1867.2935,1907.444,1934.4777999999524,1970.7948999999762,2040.0125999999048,2116.430199999929,2187.247899999976,2257.198899999976,2334.749899999976,2352.0835,2395.534099999905,2415.1676999999286,2439.5346999999288,2486.0853999999763,2527.1357999999527,2587.7035,2608.653699999929,2629.9872999999525,2705.7050000000004]","[529.8584999999999,584.5092999999523,614.193,650.9100999999046,714.8276999999284,738.5612999999523,812.0622999999523,852.2295999999046,881.1466999999285,900.5301999999284,990.3815,1005.0149999999999,1027.3486999999284,1055.0822999999523,1123.6665999999045,1139.7073999999761,1173.0840999999045,1245.6683999999761,1272.6921999999286,1296.969,1320.5526999999286,1391.8870999999046,1434.9875999999047,1494.555,1743.4251999999285,1789.442399999976,1867.2935,1907.4440999999047,1934.4777999999524,1970.7948999999762,2040.0125999999048,2116.430199999929,2187.247899999976,2257.198899999976,2334.749899999976,2352.0835,2395.5342999999525,2415.1676999999286,2439.5346999999288,2486.0853999999763,2527.1358999999766,2587.7035,2608.653699999929,2629.9872999999525,2705.7050999999046]",,30,"[532.4647000000477,587.6413000000715,615.2487000000477,739.7435,813.3445,901.6790000000001,1005.9138000000715,1028.1975,1055.8478000000714,1130.3988000000713,1141.0656000000238,1174.5378999999762,1273.9675,1298.584399999976,1436.3697000000477,1745.2907000000475,1868.716,1935.809899999976,1971.9769999999999,2041.2113000000713,2188.5038000000714,2258.480899999976,2353.648899999976,2396.182899999976,2440.2877000000476,2487.484,2528.0083000000714,2609.819100000024,2631.243,2708.237200000048]","[532.4647000000477,587.6413999999762,615.2487000000477,739.7435,813.3446000000239,901.6790000000001,1005.9138000000715,1028.1975,1055.8478000000714,1130.398899999976,1141.0656000000238,1174.538,1273.9675,1298.584399999976,1436.3698000000713,1745.2907000000475,1868.716,1935.809899999976,1971.9769999999999,2041.2113000000713,2188.5038000000714,2258.4809999999998,2353.648899999976,2396.182899999976,2440.2878000000715,2487.484100000024,2528.0083000000714,2609.819100000024,2631.243,2708.237200000048]",15,"[652.1916000000238,715.9093000000714,854.4612000000477,882.3855000000001,991.7297000000478,1248.5068999999762,1322.122,1392.9588999999762,1495.5033000000715,1790.4741000000238,1908.309,2117.4952000000476,2335.514899999976,2415.7826000000236,2588.6017000000475]","[652.1917000000476,715.9093000000714,854.4612000000477,882.3856000000239,991.7298000000715,1248.5068999999762,1322.122,1392.959,1495.5033000000715,1790.4741000000238,1908.309,2117.4952000000476,2335.514899999976,2415.7827000000475,2588.6017000000475]","[""scam_button""]",5.216667175,0.8066,1.183333588,1.3044,1.083333588,0.541,,,,,,resources/images/legit13.jpg,legit,0.65,0.65,0,0,,,,,,,,,,,0,20,20,6,1,,,,,,,,,,,,,,,,,,,,,,,,,,,,,,,,,,,,,,,,,,,,,,,,,,,,,,,,,,,,,,,,,,,,,,,
,,,,,,,,,,,001,2025-05-08_20h22.06.706,SLSINC_O,2022.2.5,Win32,60.24096386,,,,,,,,,,,46,"[529.8584999999999,584.5091999999285,614.193,650.9100999999046,714.8276999999284,738.5612999999523,812.0622999999523,852.2295999999046,881.1465999999047,900.5300999999046,990.3813999999761,1005.0149999999999,1027.3485999999045,1055.0822999999523,1123.6665999999045,1139.7072999999523,1173.084,1245.6683999999761,1272.6921999999286,1296.969,1320.5525999999047,1391.887,1434.9875999999047,1494.555,1743.4251999999285,1789.442399999976,1867.2935,1907.444,1934.4777999999524,1970.7948999999762,2040.0125999999048,2116.430199999929,2187.247899999976,2257.198899999976,2334.749899999976,2352.0835,2395.534099999905,2415.1676999999286,2439.5346999999288,2486.0853999999763,2527.1357999999527,2587.7035,2608.653699999929,2629.9872999999525,2705.7050000000004,2750.739]","[529.8584999999999,584.5092999999523,614.193,650.9100999999046,714.8276999999284,738.5612999999523,812.0622999999523,852.2295999999046,881.1466999999285,900.5301999999284,990.3815,1005.0149999999999,1027.3486999999284,1055.0822999999523,1123.6665999999045,1139.7073999999761,1173.0840999999045,1245.6683999999761,1272.6921999999286,1296.969,1320.5526999999286,1391.8870999999046,1434.9875999999047,1494.555,1743.4251999999285,1789.442399999976,1867.2935,1907.4440999999047,1934.4777999999524,1970.7948999999762,2040.0125999999048,2116.430199999929,2187.247899999976,2257.198899999976,2334.749899999976,2352.0835,2395.5342999999525,2415.1676999999286,2439.5346999999288,2486.0853999999763,2527.1358999999766,2587.7035,2608.653699999929,2629.9872999999525,2705.7050999999046,2750.739]",,30,"[532.4647000000477,587.6413000000715,615.2487000000477,739.7435,813.3445,901.6790000000001,1005.9138000000715,1028.1975,1055.8478000000714,1130.3988000000713,1141.0656000000238,1174.5378999999762,1273.9675,1298.584399999976,1436.3697000000477,1745.2907000000475,1868.716,1935.809899999976,1971.9769999999999,2041.2113000000713,2188.5038000000714,2258.480899999976,2353.648899999976,2396.182899999976,2440.2877000000476,2487.484,2528.0083000000714,2609.819100000024,2631.243,2708.237200000048]","[532.4647000000477,587.6413999999762,615.2487000000477,739.7435,813.3446000000239,901.6790000000001,1005.9138000000715,1028.1975,1055.8478000000714,1130.398899999976,1141.0656000000238,1174.538,1273.9675,1298.584399999976,1436.3698000000713,1745.2907000000475,1868.716,1935.809899999976,1971.9769999999999,2041.2113000000713,2188.5038000000714,2258.4809999999998,2353.648899999976,2396.182899999976,2440.2878000000715,2487.484100000024,2528.0083000000714,2609.819100000024,2631.243,2708.237200000048]",16,"[652.1916000000238,715.9093000000714,854.4612000000477,882.3855000000001,991.7297000000478,1248.5068999999762,1322.122,1392.9588999999762,1495.5033000000715,1790.4741000000238,1908.309,2117.4952000000476,2335.514899999976,2415.7826000000236,2588.6017000000475,2751.753899999976]","[652.1917000000476,715.9093000000714,854.4612000000477,882.3856000000239,991.7298000000715,1248.5068999999762,1322.122,1392.959,1495.5033000000715,1790.4741000000238,1908.309,2117.4952000000476,2335.514899999976,2415.7827000000475,2588.6017000000475,2751.753899999976]","[""legit_button""]",7,1.6572,1.991666794,1.2869,3.15,1.6162,,,,,,resources/images/legit16.jpg,legit,0.65,0.65,0,0,,,,,,,,,,,0,21,21,15,1,,,,,,,,,,,,,,,,,,,,,,,,,,,,,,,,,,,,,,,,,,,,,,,,,,,,,,,,,,,,,,,,,,,,,,,
,,,,,,,,,,,001,2025-05-08_20h22.06.706,SLSINC_O,2022.2.5,Win32,60.24096386,,,,,,,,,,,47,"[529.8584999999999,584.5091999999285,614.193,650.9100999999046,714.8276999999284,738.5612999999523,812.0622999999523,852.2295999999046,881.1465999999047,900.5300999999046,990.3813999999761,1005.0149999999999,1027.3485999999045,1055.0822999999523,1123.6665999999045,1139.7072999999523,1173.084,1245.6683999999761,1272.6921999999286,1296.969,1320.5525999999047,1391.887,1434.9875999999047,1494.555,1743.4251999999285,1789.442399999976,1867.2935,1907.444,1934.4777999999524,1970.7948999999762,2040.0125999999048,2116.430199999929,2187.247899999976,2257.198899999976,2334.749899999976,2352.0835,2395.534099999905,2415.1676999999286,2439.5346999999288,2486.0853999999763,2527.1357999999527,2587.7035,2608.653699999929,2629.9872999999525,2705.7050000000004,2750.739,2824.564199999929]","[529.8584999999999,584.5092999999523,614.193,650.9100999999046,714.8276999999284,738.5612999999523,812.0622999999523,852.2295999999046,881.1466999999285,900.5301999999284,990.3815,1005.0149999999999,1027.3486999999284,1055.0822999999523,1123.6665999999045,1139.7073999999761,1173.0840999999045,1245.6683999999761,1272.6921999999286,1296.969,1320.5526999999286,1391.8870999999046,1434.9875999999047,1494.555,1743.4251999999285,1789.442399999976,1867.2935,1907.4440999999047,1934.4777999999524,1970.7948999999762,2040.0125999999048,2116.430199999929,2187.247899999976,2257.198899999976,2334.749899999976,2352.0835,2395.5342999999525,2415.1676999999286,2439.5346999999288,2486.0853999999763,2527.1358999999766,2587.7035,2608.653699999929,2629.9872999999525,2705.7050999999046,2750.739,2824.564199999929]",,30,"[532.4647000000477,587.6413000000715,615.2487000000477,739.7435,813.3445,901.6790000000001,1005.9138000000715,1028.1975,1055.8478000000714,1130.3988000000713,1141.0656000000238,1174.5378999999762,1273.9675,1298.584399999976,1436.3697000000477,1745.2907000000475,1868.716,1935.809899999976,1971.9769999999999,2041.2113000000713,2188.5038000000714,2258.480899999976,2353.648899999976,2396.182899999976,2440.2877000000476,2487.484,2528.0083000000714,2609.819100000024,2631.243,2708.237200000048]","[532.4647000000477,587.6413999999762,615.2487000000477,739.7435,813.3446000000239,901.6790000000001,1005.9138000000715,1028.1975,1055.8478000000714,1130.398899999976,1141.0656000000238,1174.538,1273.9675,1298.584399999976,1436.3698000000713,1745.2907000000475,1868.716,1935.809899999976,1971.9769999999999,2041.2113000000713,2188.5038000000714,2258.4809999999998,2353.648899999976,2396.182899999976,2440.2878000000715,2487.484100000024,2528.0083000000714,2609.819100000024,2631.243,2708.237200000048]",17,"[652.1916000000238,715.9093000000714,854.4612000000477,882.3855000000001,991.7297000000478,1248.5068999999762,1322.122,1392.9588999999762,1495.5033000000715,1790.4741000000238,1908.309,2117.4952000000476,2335.514899999976,2415.7826000000236,2588.6017000000475,2751.753899999976,2825.4952000000476]","[652.1917000000476,715.9093000000714,854.4612000000477,882.3856000000239,991.7298000000715,1248.5068999999762,1322.122,1392.959,1495.5033000000715,1790.4741000000238,1908.309,2117.4952000000476,2335.514899999976,2415.7827000000475,2588.6017000000475,2751.753899999976,2825.4952000000476]","[""legit_button""]",7.216667175,2.7836,3.175,1.5493,2.933333588,3.3151,,,,,,resources/images/scam_24.png,scam,1,0.8,0,0,,,,,,,,,,,0,22,22,22,1,,,,,,,,,,,,,,,,,,,,,,,,,,,,,,,,,,,,,,,,,,,,,,,,,,,,,,,,,,,,,,,,,,,,,,,
,,,,,,,,,,,001,2025-05-08_20h22.06.706,SLSINC_O,2022.2.5,Win32,60.24096386,,,,,,,,,,,48,"[529.8584999999999,584.5091999999285,614.193,650.9100999999046,714.8276999999284,738.5612999999523,812.0622999999523,852.2295999999046,881.1465999999047,900.5300999999046,990.3813999999761,1005.0149999999999,1027.3485999999045,1055.0822999999523,1123.6665999999045,1139.7072999999523,1173.084,1245.6683999999761,1272.6921999999286,1296.969,1320.5525999999047,1391.887,1434.9875999999047,1494.555,1743.4251999999285,1789.442399999976,1867.2935,1907.444,1934.4777999999524,1970.7948999999762,2040.0125999999048,2116.430199999929,2187.247899999976,2257.198899999976,2334.749899999976,2352.0835,2395.534099999905,2415.1676999999286,2439.5346999999288,2486.0853999999763,2527.1357999999527,2587.7035,2608.653699999929,2629.9872999999525,2705.7050000000004,2750.739,2824.564199999929,2861.0905000000002]","[529.8584999999999,584.5092999999523,614.193,650.9100999999046,714.8276999999284,738.5612999999523,812.0622999999523,852.2295999999046,881.1466999999285,900.5301999999284,990.3815,1005.0149999999999,1027.3486999999284,1055.0822999999523,1123.6665999999045,1139.7073999999761,1173.0840999999045,1245.6683999999761,1272.6921999999286,1296.969,1320.5526999999286,1391.8870999999046,1434.9875999999047,1494.555,1743.4251999999285,1789.442399999976,1867.2935,1907.4440999999047,1934.4777999999524,1970.7948999999762,2040.0125999999048,2116.430199999929,2187.247899999976,2257.198899999976,2334.749899999976,2352.0835,2395.5342999999525,2415.1676999999286,2439.5346999999288,2486.0853999999763,2527.1358999999766,2587.7035,2608.653699999929,2629.9872999999525,2705.7050999999046,2750.739,2824.564199999929,2861.090599999905]",,31,"[532.4647000000477,587.6413000000715,615.2487000000477,739.7435,813.3445,901.6790000000001,1005.9138000000715,1028.1975,1055.8478000000714,1130.3988000000713,1141.0656000000238,1174.5378999999762,1273.9675,1298.584399999976,1436.3697000000477,1745.2907000000475,1868.716,1935.809899999976,1971.9769999999999,2041.2113000000713,2188.5038000000714,2258.480899999976,2353.648899999976,2396.182899999976,2440.2877000000476,2487.484,2528.0083000000714,2609.819100000024,2631.243,2708.237200000048,2862.3392000000476]","[532.4647000000477,587.6413999999762,615.2487000000477,739.7435,813.3446000000239,901.6790000000001,1005.9138000000715,1028.1975,1055.8478000000714,1130.398899999976,1141.0656000000238,1174.538,1273.9675,1298.584399999976,1436.3698000000713,1745.2907000000475,1868.716,1935.809899999976,1971.9769999999999,2041.2113000000713,2188.5038000000714,2258.4809999999998,2353.648899999976,2396.182899999976,2440.2878000000715,2487.484100000024,2528.0083000000714,2609.819100000024,2631.243,2708.237200000048,2862.3392000000476]",17,"[652.1916000000238,715.9093000000714,854.4612000000477,882.3855000000001,991.7297000000478,1248.5068999999762,1322.122,1392.9588999999762,1495.5033000000715,1790.4741000000238,1908.309,2117.4952000000476,2335.514899999976,2415.7826000000236,2588.6017000000475,2751.753899999976,2825.4952000000476]","[652.1917000000476,715.9093000000714,854.4612000000477,882.3856000000239,991.7298000000715,1248.5068999999762,1322.122,1392.959,1495.5033000000715,1790.4741000000238,1908.309,2117.4952000000476,2335.514899999976,2415.7827000000475,2588.6017000000475,2751.753899999976,2825.4952000000476]","[""scam_button""]",8.316667175,1.2567,2.091666794,2.0993,1.1,0.5742,,,,,,resources/images/legit_19.png,legit,0.65,0.65,0,0,,,,,,,,,,,0,23,23,4,1,,,,,,,,,,,,,,,,,,,,,,,,,,,,,,,,,,,,,,,,,,,,,,,,,,,,,,,,,,,,,,,,,,,,,,,
,,,,,,,,,,,001,2025-05-08_20h22.06.706,SLSINC_O,2022.2.5,Win32,60.24096386,,,,,,,,,,,,,,,,,,,,,,,,,,,,,,,,,,,,,,,,,,,,,,,,,,,,,,space,33.6204,,,,,,,,,,,,,,,,,,,,,,,,,,,,,,,,,,,,,,,,,,,,,,,,,,,,,,,,,,,,,,,,,,,,,
,,,,,,,,,,,001,2025-05-08_20h22.06.706,SLSINC_O,2022.2.5,Win32,60.24096386,,,,,,,,,,,,,,,,,,,,,,,,,,,,,,,,,,,,,,,,,,,,,,,,,,,,,,,,5,3.5845,"....is reliable, can always be counted on",0,0,0,4,1,"....is reliable, can always be counted on",,,,,,,,,,,,,,,,,,,,,,,,,,,,,,,,,,,,,,,,,,,,,,,,,,,,,,,,,,,,
,,,,,,,,,,,001,2025-05-08_20h22.06.706,SLSINC_O,2022.2.5,Win32,60.24096386,,,,,,,,,,,,,,,,,,,,,,,,,,,,,,,,,,,,,,,,,,,,,,,,,,,,,,,,2,3.2569,...often feels sad,0,1,1,0,1,...often feels sad,,,,,,,,,,,,,,,,,,,,,,,,,,,,,,,,,,,,,,,,,,,,,,,,,,,,,,,,,,,,
,,,,,,,,,,,001,2025-05-08_20h22.06.706,SLSINC_O,2022.2.5,Win32,60.24096386,,,,,,,,,,,,,,,,,,,,,,,,,,,,,,,,,,,,,,,,,,,,,,,,,,,,,,,,3,3.3696,...is inventive,0,2,2,2,1,...is inventive,,,,,,,,,,,,,,,,,,,,,,,,,,,,,,,,,,,,,,,,,,,,,,,,,,,,,,,,,,,,
,,,,,,,,,,,001,2025-05-08_20h22.06.706,SLSINC_O,2022.2.5,Win32,60.24096386,,,,,,,,,,,,,,,,,,,,,,,,,,,,,,,,,,,,,,,,,,,,,,,,,,,,,,,,4,3.7739,...finds clever ways to do things,0,3,3,3,1,...finds clever ways to do things,,,,,,,,,,,,,,,,,,,,,,,,,,,,,,,,,,,,,,,,,,,,,,,,,,,,,,,,,,,,
,,,,,,,,,,,001,2025-05-08_20h22.06.706,SLSINC_O,2022.2.5,Win32,60.24096386,,,,,,,,,,,,,,,,,,,,,,,,,,,,,,,,,,,,,,,,,,,,,,,,,,,,,,,,4,5.2864,"...is persistent, works until the task is finished",0,4,4,5,1,"...is persistent, works until the task is finished",,,,,,,,,,,,,,,,,,,,,,,,,,,,,,,,,,,,,,,,,,,,,,,,,,,,,,,,,,,,
,,,,,,,,,,,001,2025-05-08_20h22.06.706,SLSINC_O,2022.2.5,Win32,60.24096386,,,,,,,,,,,,,,,,,,,,,,,,,,,,,,,,,,,,,,,,,,,,,,,,,,,,,,,,3,2.6989,...is talktative,0,5,5,1,1,...is talktative,,,,,,,,,,,,,,,,,,,,,,,,,,,,,,,,,,,,,,,,,,,,,,,,,,,,,,,,,,,,
,,,,,,,,,,,001,2025-05-08_20h22.06.706,SLSINC_O,2022.2.5,Win32,60.24096386,,,,,,,,,,,,,,,,,,,,,,,,,,,,,,,,,,,,,,,,,,,,,,,,,,,,,,,,,,,,,,,,,space,11.2795,,,,,,,,,,,,,,,,,,,,,,,,,,,,,,,,,,,,,,,,,,,,,,,,,,,,,,,,,,
,,,,,,,,,,,001,2025-05-08_20h22.06.706,SLSINC_O,2022.2.5,Win32,60.24096386,,,,,,,,,,,,,,,,,,,,,,,,,,,,,,,,,,,,,,,,,,,,,,,,,,,,,,,,,,,,,,,,,,,3,7.3413,,0,0,0,18,1,People come to me for advice.,,,,,,,,,,,,,,,,,,,,,,,,,,,,,,,,,,,,,,,,,,,,,,,,,
,,,,,,,,,,,001,2025-05-08_20h22.06.706,SLSINC_O,2022.2.5,Win32,60.24096386,,,,,,,,,,,,,,,,,,,,,,,,,,,,,,,,,,,,,,,,,,,,,,,,,,,,,,,,,,,,,,,,,,,4,6.6173,,0,1,1,0,1,Try to pass along the knowledge I have gained through my experiences.,,,,,,,,,,,,,,,,,,,,,,,,,,,,,,,,,,,,,,,,,,,,,,,,,
,,,,,,,,,,,001,2025-05-08_20h22.06.706,SLSINC_O,2022.2.5,Win32,60.24096386,,,,,,,,,,,,,,,,,,,,,,,,,,,,,,,,,,,,,,,,,,,,,,,,,,,,,,,,,,,,,,,,,,,3,3.1671,,0,2,2,16,1,Other people say that I am a very productive person.,,,,,,,,,,,,,,,,,,,,,,,,,,,,,,,,,,,,,,,,,,,,,,,,,
,,,,,,,,,,,001,2025-05-08_20h22.06.706,SLSINC_O,2022.2.5,Win32,60.24096386,,,,,,,,,,,,,,,,,,,,,,,,,,,,,,,,,,,,,,,,,,,,,,,,,,,,,,,,,,,,,,,,,,,4,3.1005,,0,3,3,1,1,I feel that other people need me.,,,,,,,,,,,,,,,,,,,,,,,,,,,,,,,,,,,,,,,,,,,,,,,,,
,,,,,,,,,,,001,2025-05-08_20h22.06.706,SLSINC_O,2022.2.5,Win32,60.24096386,,,,,,,,,,,,,,,,,,,,,,,,,,,,,,,,,,,,,,,,,,,,,,,,,,,,,,,,,,,,,,,,,,,4,5.3505,,0,4,4,13,1,"In general, my actions have a positive effect on other people.",,,,,,,,,,,,,,,,,,,,,,,,,,,,,,,,,,,,,,,,,,,,,,,,,
,,,,,,,,,,,001,2025-05-08_20h22.06.706,SLSINC_O,2022.2.5,Win32,60.24096386,,,,,,,,,,,,,,,,,,,,,,,,,,,,,,,,,,,,,,,,,,,,,,,,,,,,,,,,,,,,,,,,,,,4,2.5719,,0,5,5,6,1,I try to be creative in most things that I do.,,,,,,,,,,,,,,,,,,,,,,,,,,,,,,,,,,,,,,,,,,,,,,,,,
,,,,,,,,,,,001,2025-05-08_20h22.06.706,SLSINC_O,2022.2.5,Win32,60.24096386,,,,,,,,,,,,,,,,,,,,,,,,,,,,,,,,,,,,,,,,,,,,,,,,,,,,,,,,,,,,,,,,,,,3,10.0237,,0,6,6,7,1,I think that I will be remembered for a long time after I die.,,,,,,,,,,,,,,,,,,,,,,,,,,,,,,,,,,,,,,,,,,,,,,,,,
,,,,,,,,,,,001,2025-05-08_20h22.06.706,SLSINC_O,2022.2.5,Win32,60.24096386,,,,,,,,,,,,,,,,,,,,,,,,,,,,,,,,,,,,,,,,,,,,,,,,,,,,,,,,,,,,,,,,,,,3,4.6092,,0,7,7,14,1,I feel as though I have done a lot to contribute to others.,,,,,,,,,,,,,,,,,,,,,,,,,,,,,,,,,,,,,,,,,,,,,,,,,
,,,,,,,,,,,001,2025-05-08_20h22.06.706,SLSINC_O,2022.2.5,Win32,60.24096386,,,,,,,,,,,,,,,,,,,,,,,,,,,,,,,,,,,,,,,,,,,,,,,,,,,,,,,,,,,,,,,,,,,3,3.2917,,0,8,8,4,1,I volunteer to work for a charity.,,,,,,,,,,,,,,,,,,,,,,,,,,,,,,,,,,,,,,,,,,,,,,,,,
,,,,,,,,,,,001,2025-05-08_20h22.06.706,SLSINC_O,2022.2.5,Win32,60.24096386,,,,,,,,,,,,,,,,,,,,,,,,,,,,,,,,,,,,,,,,,,,,,,,,,,,,,,,,,,,,,,,,,,,3,5.6447,,0,9,9,10,1,"If I were unable to have children of my own, I would like to adopt children.",,,,,,,,,,,,,,,,,,,,,,,,,,,,,,,,,,,,,,,,,,,,,,,,,
,,,,,,,,,,,001,2025-05-08_20h22.06.706,SLSINC_O,2022.2.5,Win32,60.24096386,,,,,,,,,,,,,,,,,,,,,,,,,,,,,,,,,,,,,,,,,,,,,,,,,,,,,,,,,,,,,,,,,,,3,3.6744,,0,10,10,9,1,Others would say that I have made unique contributions to society.,,,,,,,,,,,,,,,,,,,,,,,,,,,,,,,,,,,,,,,,,,,,,,,,,
,,,,,,,,,,,001,2025-05-08_20h22.06.706,SLSINC_O,2022.2.5,Win32,60.24096386,,,,,,,,,,,,,,,,,,,,,,,,,,,,,,,,,,,,,,,,,,,,,,,,,,,,,,,,,,,,,,,,,,,3,5.582,,0,11,11,8,1,I believe that society should be responsible for providing food and shelter for all homeless people.,,,,,,,,,,,,,,,,,,,,,,,,,,,,,,,,,,,,,,,,,,,,,,,,,
,,,,,,,,,,,001,2025-05-08_20h22.06.706,SLSINC_O,2022.2.5,Win32,60.24096386,,,,,,,,,,,,,,,,,,,,,,,,,,,,,,,,,,,,,,,,,,,,,,,,,,,,,,,,,,,,,,,,,,,4,5.1447,,0,12,12,5,1,I have made and created things that have had an impact on other people.,,,,,,,,,,,,,,,,,,,,,,,,,,,,,,,,,,,,,,,,,,,,,,,,,
,,,,,,,,,,,001,2025-05-08_20h22.06.706,SLSINC_O,2022.2.5,Win32,60.24096386,,,,,,,,,,,,,,,,,,,,,,,,,,,,,,,,,,,,,,,,,,,,,,,,,,,,,,,,,,,,,,,,,,,3,4.8679,,0,13,13,17,1,I have a responsibility to improve the neighborhood in which I live.,,,,,,,,,,,,,,,,,,,,,,,,,,,,,,,,,,,,,,,,,,,,,,,,,
,,,,,,,,,,,001,2025-05-08_20h22.06.706,SLSINC_O,2022.2.5,Win32,60.24096386,,,,,,,,,,,,,,,,,,,,,,,,,,,,,,,,,,,,,,,,,,,,,,,,,,,,,,,,,,,,,,,,,,,4,5.8009,,0,14,14,12,1,I feel that things I have done in my life will survive after I die.,,,,,,,,,,,,,,,,,,,,,,,,,,,,,,,,,,,,,,,,,,,,,,,,,
,,,,,,,,,,,001,2025-05-08_20h22.06.706,SLSINC_O,2022.2.5,Win32,60.24096386,,,,,,,,,,,,,,,,,,,,,,,,,,,,,,,,,,,,,,,,,,,,,,,,,,,,,,,,,,,,,,,,,,,4,12.6341,,0,15,15,15,1,"I have made many commitments to many different kinds of people, groups, and activities in my life.",,,,,,,,,,,,,,,,,,,,,,,,,,,,,,,,,,,,,,,,,,,,,,,,,
,,,,,,,,,,,001,2025-05-08_20h22.06.706,SLSINC_O,2022.2.5,Win32,60.24096386,,,,,,,,,,,,,,,,,,,,,,,,,,,,,,,,,,,,,,,,,,,,,,,,,,,,,,,,,,,,,,,,,,,3,3.7045,,0,16,16,19,1,I feel as though my contributions will exist after I die.,,,,,,,,,,,,,,,,,,,,,,,,,,,,,,,,,,,,,,,,,,,,,,,,,
,,,,,,,,,,,001,2025-05-08_20h22.06.706,SLSINC_O,2022.2.5,Win32,60.24096386,,,,,,,,,,,,,,,,,,,,,,,,,,,,,,,,,,,,,,,,,,,,,,,,,,,,,,,,,,,,,,,,,,,4,4.6197,,0,17,17,2,1,I think I would like the work of a teacher.,,,,,,,,,,,,,,,,,,,,,,,,,,,,,,,,,,,,,,,,,,,,,,,,,
,,,,,,,,,,,001,2025-05-08_20h22.06.706,SLSINC_O,2022.2.5,Win32,60.24096386,,,,,,,,,,,,,,,,,,,,,,,,,,,,,,,,,,,,,,,,,,,,,,,,,,,,,,,,,,,,,,,,,,,4,2.2012,,0,18,18,11,1,I have important skills that I try to teach others.,,,,,,,,,,,,,,,,,,,,,,,,,,,,,,,,,,,,,,,,,,,,,,,,,
,,,,,,,,,,,001,2025-05-08_20h22.06.706,SLSINC_O,2022.2.5,Win32,60.24096386,,,,,,,,,,,,,,,,,,,,,,,,,,,,,,,,,,,,,,,,,,,,,,,,,,,,,,,,,,,,,,,,,,,4,2.8621,,0,19,19,3,1,I feel as though I have made a difference to many people.,,,,,,,,,,,,,,,,,,,,,,,,,,,,,,,,,,,,,,,,,,,,,,,,,
,,,,,,,,,,,001,2025-05-08_20h22.06.706,SLSINC_O,2022.2.5,Win32,60.24096386,,,,,,,,,,,,,,,,,,,,,,,,,,,,,,,,,,,,,,,,,,,,,,,,,,,,,,,,,,,,,,,,,,,,,,,,,,,,space,4.509,,,,,,,,,,,,,,,,,,,,,,,,,,,,,,,,,,,,,,,,,,,,,,,
,,,,,,,,,,,001,2025-05-08_20h22.06.706,SLSINC_O,2022.2.5,Win32,60.24096386,,,,,,,,,,,,,,,,,,,,,,,,,,,,,,,,,,,,,,,,,,,,,,,,,,,,,,,,,,,,,,,,,,,,,,,,,,,No one really knows me well,,,2,3.5741,,0,0,0,12,1,,,,,,,,,,,,,,,,,,,,,,,,,,,,,,,,,,,,,,,
,,,,,,,,,,,001,2025-05-08_20h22.06.706,SLSINC_O,2022.2.5,Win32,60.24096386,,,,,,,,,,,,,,,,,,,,,,,,,,,,,,,,,,,,,,,,,,,,,,,,,,,,,,,,,,,,,,,,,,,,,,,,,,,There are people who really understand me,,,3,3.5057,,0,1,1,15,1,,,,,,,,,,,,,,,,,,,,,,,,,,,,,,,,,,,,,,,
,,,,,,,,,,,001,2025-05-08_20h22.06.706,SLSINC_O,2022.2.5,Win32,60.24096386,,,,,,,,,,,,,,,,,,,,,,,,,,,,,,,,,,,,,,,,,,,,,,,,,,,,,,,,,,,,,,,,,,,,,,,,,,,I am an outgoing person,,,3,3.9897,,0,2,2,8,1,,,,,,,,,,,,,,,,,,,,,,,,,,,,,,,,,,,,,,,
,,,,,,,,,,,001,2025-05-08_20h22.06.706,SLSINC_O,2022.2.5,Win32,60.24096386,,,,,,,,,,,,,,,,,,,,,,,,,,,,,,,,,,,,,,,,,,,,,,,,,,,,,,,,,,,,,,,,,,,,,,,,,,,People are around me but not with me,,,2,3.7613,,0,3,3,17,1,,,,,,,,,,,,,,,,,,,,,,,,,,,,,,,,,,,,,,,
,,,,,,,,,,,001,2025-05-08_20h22.06.706,SLSINC_O,2022.2.5,Win32,60.24096386,,,,,,,,,,,,,,,,,,,,,,,,,,,,,,,,,,,,,,,,,,,,,,,,,,,,,,,,,,,,,,,,,,,,,,,,,,,There are people I can talk to,,,4,3.1498,,0,4,4,18,1,,,,,,,,,,,,,,,,,,,,,,,,,,,,,,,,,,,,,,,
,,,,,,,,,,,001,2025-05-08_20h22.06.706,SLSINC_O,2022.2.5,Win32,60.24096386,,,,,,,,,,,,,,,,,,,,,,,,,,,,,,,,,,,,,,,,,,,,,,,,,,,,,,,,,,,,,,,,,,,,,,,,,,,I feel in tune with the people around me,,,3,3.2475,,0,5,5,0,1,,,,,,,,,,,,,,,,,,,,,,,,,,,,,,,,,,,,,,,
,,,,,,,,,,,001,2025-05-08_20h22.06.706,SLSINC_O,2022.2.5,Win32,60.24096386,,,,,,,,,,,,,,,,,,,,,,,,,,,,,,,,,,,,,,,,,,,,,,,,,,,,,,,,,,,,,,,,,,,,,,,,,,,There is no one I can turn to,,,1,2.4002,,0,6,6,2,1,,,,,,,,,,,,,,,,,,,,,,,,,,,,,,,,,,,,,,,
,,,,,,,,,,,001,2025-05-08_20h22.06.706,SLSINC_O,2022.2.5,Win32,60.24096386,,,,,,,,,,,,,,,,,,,,,,,,,,,,,,,,,,,,,,,,,,,,,,,,,,,,,,,,,,,,,,,,,,,,,,,,,,,I am unhappy being so withdrawn ,,,1,2.8367,,0,7,7,16,1,,,,,,,,,,,,,,,,,,,,,,,,,,,,,,,,,,,,,,,
,,,,,,,,,,,001,2025-05-08_20h22.06.706,SLSINC_O,2022.2.5,Win32,60.24096386,,,,,,,,,,,,,,,,,,,,,,,,,,,,,,,,,,,,,,,,,,,,,,,,,,,,,,,,,,,,,,,,,,,,,,,,,,,I feel left out,,,1,1.8424,,0,8,8,10,1,,,,,,,,,,,,,,,,,,,,,,,,,,,,,,,,,,,,,,,
,,,,,,,,,,,001,2025-05-08_20h22.06.706,SLSINC_O,2022.2.5,Win32,60.24096386,,,,,,,,,,,,,,,,,,,,,,,,,,,,,,,,,,,,,,,,,,,,,,,,,,,,,,,,,,,,,,,,,,,,,,,,,,,My social relationships are superficial,,,1,2.0085,,0,9,9,11,1,,,,,,,,,,,,,,,,,,,,,,,,,,,,,,,,,,,,,,,
,,,,,,,,,,,001,2025-05-08_20h22.06.706,SLSINC_O,2022.2.5,Win32,60.24096386,,,,,,,,,,,,,,,,,,,,,,,,,,,,,,,,,,,,,,,,,,,,,,,,,,,,,,,,,,,,,,,,,,,,,,,,,,,I am no longer close to anyone,,,1,2.2504,,0,10,10,6,1,,,,,,,,,,,,,,,,,,,,,,,,,,,,,,,,,,,,,,,
,,,,,,,,,,,001,2025-05-08_20h22.06.706,SLSINC_O,2022.2.5,Win32,60.24096386,,,,,,,,,,,,,,,,,,,,,,,,,,,,,,,,,,,,,,,,,,,,,,,,,,,,,,,,,,,,,,,,,,,,,,,,,,,I have a lot in common with the people around me,,,3,3.3707,,0,11,11,5,1,,,,,,,,,,,,,,,,,,,,,,,,,,,,,,,,,,,,,,,
,,,,,,,,,,,001,2025-05-08_20h22.06.706,SLSINC_O,2022.2.5,Win32,60.24096386,,,,,,,,,,,,,,,,,,,,,,,,,,,,,,,,,,,,,,,,,,,,,,,,,,,,,,,,,,,,,,,,,,,,,,,,,,,I can find companionship when I want it,,,4,2.9336,,0,12,12,14,1,,,,,,,,,,,,,,,,,,,,,,,,,,,,,,,,,,,,,,,
,,,,,,,,,,,001,2025-05-08_20h22.06.706,SLSINC_O,2022.2.5,Win32,60.24096386,,,,,,,,,,,,,,,,,,,,,,,,,,,,,,,,,,,,,,,,,,,,,,,,,,,,,,,,,,,,,,,,,,,,,,,,,,,I feel part of a group of friends,,,4,4.1009,,0,13,13,4,1,,,,,,,,,,,,,,,,,,,,,,,,,,,,,,,,,,,,,,,
,,,,,,,,,,,001,2025-05-08_20h22.06.706,SLSINC_O,2022.2.5,Win32,60.24096386,,,,,,,,,,,,,,,,,,,,,,,,,,,,,,,,,,,,,,,,,,,,,,,,,,,,,,,,,,,,,,,,,,,,,,,,,,,There are people I feel close to,,,4,3.7733,,0,14,14,9,1,,,,,,,,,,,,,,,,,,,,,,,,,,,,,,,,,,,,,,,
,,,,,,,,,,,001,2025-05-08_20h22.06.706,SLSINC_O,2022.2.5,Win32,60.24096386,,,,,,,,,,,,,,,,,,,,,,,,,,,,,,,,,,,,,,,,,,,,,,,,,,,,,,,,,,,,,,,,,,,,,,,,,,,I lack companionship,,,1,2.2592,,0,15,15,1,1,,,,,,,,,,,,,,,,,,,,,,,,,,,,,,,,,,,,,,,
,,,,,,,,,,,001,2025-05-08_20h22.06.706,SLSINC_O,2022.2.5,Win32,60.24096386,,,,,,,,,,,,,,,,,,,,,,,,,,,,,,,,,,,,,,,,,,,,,,,,,,,,,,,,,,,,,,,,,,,,,,,,,,,My interests and ideas are not shared by those around me,,,2,7.5839,,0,16,16,7,1,,,,,,,,,,,,,,,,,,,,,,,,,,,,,,,,,,,,,,,
,,,,,,,,,,,001,2025-05-08_20h22.06.706,SLSINC_O,2022.2.5,Win32,60.24096386,,,,,,,,,,,,,,,,,,,,,,,,,,,,,,,,,,,,,,,,,,,,,,,,,,,,,,,,,,,,,,,,,,,,,,,,,,,I feel isolated from others,,,1,8.3668,,0,17,17,13,1,,,,,,,,,,,,,,,,,,,,,,,,,,,,,,,,,,,,,,,
,,,,,,,,,,,001,2025-05-08_20h22.06.706,SLSINC_O,2022.2.5,Win32,60.24096386,,,,,,,,,,,,,,,,,,,,,,,,,,,,,,,,,,,,,,,,,,,,,,,,,,,,,,,,,,,,,,,,,,,,,,,,,,,There are people I can turn to,,,4,4.0014,,0,18,18,19,1,,,,,,,,,,,,,,,,,,,,,,,,,,,,,,,,,,,,,,,
,,,,,,,,,,,001,2025-05-08_20h22.06.706,SLSINC_O,2022.2.5,Win32,60.24096386,,,,,,,,,,,,,,,,,,,,,,,,,,,,,,,,,,,,,,,,,,,,,,,,,,,,,,,,,,,,,,,,,,,,,,,,,,,I do not feel alone,,,4,5.3839,,0,19,19,3,1,,,,,,,,,,,,,,,,,,,,,,,,,,,,,,,,,,,,,,,
,,,,,,,,,,,001,2025-05-08_20h22.06.706,SLSINC_O,2022.2.5,Win32,60.24096386,,,,,,,,,,,,,,,,,,,,,,,,,,,,,,,,,,,,,,,,,,,,,,,,,,,,,,,,,,,,,,,,,,,,,,,,,,,,,,,,,,,,,,space,6.5227,,,,,,,,,,,,,,,,,,,,,,,,,,,,,,,,,,,,,
,,,,,,,,,,,001,2025-05-08_20h22.06.706,SLSINC_O,2022.2.5,Win32,60.24096386,,,,,,,,,,,,,,,,,,,,,,,,,,,,,,,,,,,,,,,,,,,,,,,,,,,,,,,,,,,,,,,,,,,,,,,,,,,,,,,,,,,,,,,,3,14.0871,"When I am not distracted, I find my thoughts focusing on my own cognitive changes and concerns.",0,0,0,6,1,"When I am not distracted, I find my thoughts focusing on my own cognitive changes and concerns.",,,,,,,,,,,,,,,,,,,,,,,,,,,,
,,,,,,,,,,,001,2025-05-08_20h22.06.706,SLSINC_O,2022.2.5,Win32,60.24096386,,,,,,,,,,,,,,,,,,,,,,,,,,,,,,,,,,,,,,,,,,,,,,,,,,,,,,,,,,,,,,,,,,,,,,,,,,,,,,,,,,,,,,,,1,5.4825,"More often than not, I find my thoughts returning to concerns that I have Alzheimer’s disease or a related dementia.",0,1,1,4,1,"More often than not, I find my thoughts returning to concerns that I have Alzheimer’s disease or a related dementia.",,,,,,,,,,,,,,,,,,,,,,,,,,,,
,,,,,,,,,,,001,2025-05-08_20h22.06.706,SLSINC_O,2022.2.5,Win32,60.24096386,,,,,,,,,,,,,,,,,,,,,,,,,,,,,,,,,,,,,,,,,,,,,,,,,,,,,,,,,,,,,,,,,,,,,,,,,,,,,,,,,,,,,,,,2,6.2152,"When I forget a word that I want to say, my thoughts immediately turn to Alzheimer’s disease and related dementias.",0,2,2,10,1,"When I forget a word that I want to say, my thoughts immediately turn to Alzheimer’s disease and related dementias.",,,,,,,,,,,,,,,,,,,,,,,,,,,,
,,,,,,,,,,,001,2025-05-08_20h22.06.706,SLSINC_O,2022.2.5,Win32,60.24096386,,,,,,,,,,,,,,,,,,,,,,,,,,,,,,,,,,,,,,,,,,,,,,,,,,,,,,,,,,,,,,,,,,,,,,,,,,,,,,,,,,,,,,,,1,5.1186,"When I can’t remember something, I find myself wondering whether I have Alzheimer’s disease or a related dementia.",0,3,3,2,1,"When I can’t remember something, I find myself wondering whether I have Alzheimer’s disease or a related dementia.",,,,,,,,,,,,,,,,,,,,,,,,,,,,
,,,,,,,,,,,001,2025-05-08_20h22.06.706,SLSINC_O,2022.2.5,Win32,60.24096386,,,,,,,,,,,,,,,,,,,,,,,,,,,,,,,,,,,,,,,,,,,,,,,,,,,,,,,,,,,,,,,,,,,,,,,,,,,,,,,,,,,,,,,,1,5.3338,I think I probably worry more about Alzheimer’s disease and related dementias than other people my same age.,0,4,4,11,1,I think I probably worry more about Alzheimer’s disease and related dementias than other people my same age.,,,,,,,,,,,,,,,,,,,,,,,,,,,,
,,,,,,,,,,,001,2025-05-08_20h22.06.706,SLSINC_O,2022.2.5,Win32,60.24096386,,,,,,,,,,,,,,,,,,,,,,,,,,,,,,,,,,,,,,,,,,,,,,,,,,,,,,,,,,,,,,,,,,,,,,,,,,,,,,,,,,,,,,,,1,4.1802,I find it difficult to control my worries about developing Alzheimer’s disease and related dementias.,0,5,5,1,1,I find it difficult to control my worries about developing Alzheimer’s disease and related dementias.,,,,,,,,,,,,,,,,,,,,,,,,,,,,
,,,,,,,,,,,001,2025-05-08_20h22.06.706,SLSINC_O,2022.2.5,Win32,60.24096386,,,,,,,,,,,,,,,,,,,,,,,,,,,,,,,,,,,,,,,,,,,,,,,,,,,,,,,,,,,,,,,,,,,,,,,,,,,,,,,,,,,,,,,,1,4.8438,"	When I hear about someone having Alzheimer’s disease or a related dementia, I start to worry about having it myself.",0,6,6,5,1,"	When I hear about someone having Alzheimer’s disease or a related dementia, I start to worry about having it myself.",,,,,,,,,,,,,,,,,,,,,,,,,,,,
,,,,,,,,,,,001,2025-05-08_20h22.06.706,SLSINC_O,2022.2.5,Win32,60.24096386,,,,,,,,,,,,,,,,,,,,,,,,,,,,,,,,,,,,,,,,,,,,,,,,,,,,,,,,,,,,,,,,,,,,,,,,,,,,,,,,,,,,,,,,1,5.7658,"Even though I know it doesn’t help to focus on it, I can’t help thinking about whether or not I have Alzheimer’s disease or a related dementia.",0,7,7,7,1,"Even though I know it doesn’t help to focus on it, I can’t help thinking about whether or not I have Alzheimer’s disease or a related dementia.",,,,,,,,,,,,,,,,,,,,,,,,,,,,
,,,,,,,,,,,001,2025-05-08_20h22.06.706,SLSINC_O,2022.2.5,Win32,60.24096386,,,,,,,,,,,,,,,,,,,,,,,,,,,,,,,,,,,,,,,,,,,,,,,,,,,,,,,,,,,,,,,,,,,,,,,,,,,,,,,,,,,,,,,,1,5.782,"Sometimes when trying to go to sleep, I find my thoughts drift to my concerns about having Alzheimer’s disease or a related dementia.",0,8,8,9,1,"Sometimes when trying to go to sleep, I find my thoughts drift to my concerns about having Alzheimer’s disease or a related dementia.",,,,,,,,,,,,,,,,,,,,,,,,,,,,
,,,,,,,,,,,001,2025-05-08_20h22.06.706,SLSINC_O,2022.2.5,Win32,60.24096386,,,,,,,,,,,,,,,,,,,,,,,,,,,,,,,,,,,,,,,,,,,,,,,,,,,,,,,,,,,,,,,,,,,,,,,,,,,,,,,,,,,,,,,,1,5.5063,"I know I shouldn’t worry about developing Alzheimer’s disease and related dementias, but I just cannot help it.",0,9,9,0,1,"I know I shouldn’t worry about developing Alzheimer’s disease and related dementias, but I just cannot help it.",,,,,,,,,,,,,,,,,,,,,,,,,,,,
,,,,,,,,,,,001,2025-05-08_20h22.06.706,SLSINC_O,2022.2.5,Win32,60.24096386,,,,,,,,,,,,,,,,,,,,,,,,,,,,,,,,,,,,,,,,,,,,,,,,,,,,,,,,,,,,,,,,,,,,,,,,,,,,,,,,,,,,,,,,1,3.6498,My worries about Alzheimer’s disease and related dementias overwhelm me.,0,10,10,3,1,My worries about Alzheimer’s disease and related dementias overwhelm me.,,,,,,,,,,,,,,,,,,,,,,,,,,,,
,,,,,,,,,,,001,2025-05-08_20h22.06.706,SLSINC_O,2022.2.5,Win32,60.24096386,,,,,,,,,,,,,,,,,,,,,,,,,,,,,,,,,,,,,,,,,,,,,,,,,,,,,,,,,,,,,,,,,,,,,,,,,,,,,,,,,,,,,,,,1,3.6356,"Once I start worrying about Alzheimer’s disease and related dementias, I just cannot stop.",0,11,11,8,1,"Once I start worrying about Alzheimer’s disease and related dementias, I just cannot stop.",,,,,,,,,,,,,,,,,,,,,,,,,,,,
,,,,,,,,,,,001,2025-05-08_20h22.06.706,SLSINC_O,2022.2.5,Win32,60.24096386,,,,,,,,,,,,,,,,,,,,,,,,,,,,,,,,,,,,,,,,,,,,,,,,,,,,,,,,,,,,,,,,,,,,,,,,,,,,,,,,,,,,,,,,,,,,,,,,,space,2.1262,,,,,,,,,,,,,,,,,,,,,,,,,,
,,,,,,,,,,,001,2025-05-08_20h22.06.706,SLSINC_O,2022.2.5,Win32,60.24096386,,,,,,,,,,,,,,,,,,,,,,,,,,,,,,,,,,,,,,,,,,,,,,,,,,,,,,,,,,,,,,,,,,,,,,,,,,,,,,,,,,,,,,,,,,,,,,,,,,,2,8.4865,"I answer the phone whenever it rings, even if I do not know who is calling",0,0,0,0,1,"I answer the phone whenever it rings, even if I do not know who is calling",,,,,,,,,,,,,,,,,
,,,,,,,,,,,001,2025-05-08_20h22.06.706,SLSINC_O,2022.2.5,Win32,60.24096386,,,,,,,,,,,,,,,,,,,,,,,,,,,,,,,,,,,,,,,,,,,,,,,,,,,,,,,,,,,,,,,,,,,,,,,,,,,,,,,,,,,,,,,,,,,,,,,,,,,1,7.5439,"I have difficulty ending a phone call, even if the caller is a telemarketer, someone I do not know, or someone I do not wish to call me",0,1,1,1,1,"I have difficulty ending a phone call, even if the caller is a telemarketer, someone I do not know, or someone I do not wish to call me",,,,,,,,,,,,,,,,,
,,,,,,,,,,,001,2025-05-08_20h22.06.706,SLSINC_O,2022.2.5,Win32,60.24096386,,,,,,,,,,,,,,,,,,,,,,,,,,,,,,,,,,,,,,,,,,,,,,,,,,,,,,,,,,,,,,,,,,,,,,,,,,,,,,,,,,,,,,,,,,,,,,,,,,,4,4.3948,"If something sounds too good to be true, it usually is",0,2,2,2,1,"If something sounds too good to be true, it usually is",,,,,,,,,,,,,,,,,
,,,,,,,,,,,001,2025-05-08_20h22.06.706,SLSINC_O,2022.2.5,Win32,60.24096386,,,,,,,,,,,,,,,,,,,,,,,,,,,,,,,,,,,,,,,,,,,,,,,,,,,,,,,,,,,,,,,,,,,,,,,,,,,,,,,,,,,,,,,,,,,,,,,,,,,4,4.0364,Persons over the age of 65 are often targeted by con-artists,0,3,3,3,1,Persons over the age of 65 are often targeted by con-artists,,,,,,,,,,,,,,,,,
,,,,,,,,,,,001,2025-05-08_20h22.06.706,SLSINC_O,2022.2.5,Win32,60.24096386,,,,,,,,,,,,,,,,,,,,,,,,,,,,,,,,,,,,,,,,,,,,,,,,,,,,,,,,,,,,,,,,,,,,,,,,,,,,,,,,,,,,,,,,,,,,,,,,,,,1,4.4989,"If a telemarketer calls me, I usually listen to what they have to say",0,4,4,4,1,"If a telemarketer calls me, I usually listen to what they have to say",,,,,,,,,,,,,,,,,
,,,,,,,,,,,001,2025-05-08_20h22.06.706,SLSINC_O,2022.2.5,Win32,60.24096386,,,,,,,,,,,,,,,,,,,,,,,,,,,,,,,,,,,,,,,,,,,,,,,,,,,,,,,,,,,,,,,,,,,,,,,,,,,,,,,,,,,,,,,,,,,,,,,,,,,,,,,,,,,,1.991666718,5.561,,,,,,,,,,,,,,,
,,,,,,,,,,,001,2025-05-08_20h22.06.706,SLSINC_O,2022.2.5,Win32,60.24096386,,,,,,,,,,,,,,,,,,,,,,,,,,,,,,,,,,,,,,,,,,,,,,,,,,,,,,,,,,,,,,,,,,,,,,,,,,,,,,,,,,,,,,,,,,,,,,,,,,,,,,,,,,,,,,,,,,,,,,,,,,,,
,,,,,,,,,,,001,2025-05-08_20h22.06.706,SLSINC_O,2022.2.5,Win32,60.24096386,,,,,,,,,,,,,,,,,,,,,,,,,,,,,,,,,,,,,,,,,,,,,,,,,,,,,,,,,,,,,,,,,,,,,,,,,,,,,,,,,,,,,,,,,,,,,,,,,,,,,,,,,,,,,,"[""female_option""]",,,,,,,,,,,,,,
,,,,,,,,,,,001,2025-05-08_20h22.06.706,SLSINC_O,2022.2.5,Win32,60.24096386,,,,,,,,,,,,,,,,,,,,,,,,,,,,,,,,,,,,,,,,,,,,,,,,,,,,,,,,,,,,,,,,,,,,,,,,,,,,,,,,,,,,,,,,,,,,,,,,,,,,,,,,,,,,,,,,,,,,,,,,,,,,
,,,,,,,,,,,001,2025-05-08_20h22.06.706,SLSINC_O,2022.2.5,Win32,60.24096386,,,,,,,,,,,,,,,,,,,,,,,,,,,,,,,,,,,,,,,,,,,,,,,,,,,,,,,,,,,,,,,,,,,,,,,,,,,,,,,,,,,,,,,,,,,,,,,,,,,,,,,,,,,,,,,66,09/16/1958,,,,,,,,,,,,
,,,,,,,,,,,001,2025-05-08_20h22.06.706,SLSINC_O,2022.2.5,Win32,60.24096386,,,,,,,,,,,,,,,,,,,,,,,,,,,,,,,,,,,,,,,,,,,,,,,,,,,,,,,,,,,,,,,,,,,,,,,,,,,,,,,,,,,,,,,,,,,,,,,,,,,,,,,,,,,,,,,,,,,,,,,,,,,,
,,,,,,,,,,,001,2025-05-08_20h22.06.706,SLSINC_O,2022.2.5,Win32,60.24096386,,,,,,,,,,,,,,,,,,,,,,,,,,,,,,,,,,,,,,,,,,,,,,,,,,,,,,,,,,,,,,,,,,,,,,,,,,,,,,,,,,,,,,,,,,,,,,,,,,,,,,,,,,,,,,,,,"[""EduOpt5""]",,,,,,,,,,,
,,,,,,,,,,,001,2025-05-08_20h22.06.706,SLSINC_O,2022.2.5,Win32,60.24096386,,,,,,,,,,,,,,,,,,,,,,,,,,,,,,,,,,,,,,,,,,,,,,,,,,,,,,,,,,,,,,,,,,,,,,,,,,,,,,,,,,,,,,,,,,,,,,,,,,,,,,,,,,,,,,,,,,,,,,,,,,,,
,,,,,,,,,,,001,2025-05-08_20h22.06.706,SLSINC_O,2022.2.5,Win32,60.24096386,,,,,,,,,,,,,,,,,,,,,,,,,,,,,,,,,,,,,,,,,,,,,,,,,,,,,,,,,,,,,,,,,,,,,,,,,,,,,,,,,,,,,,,,,,,,,,,,,,,,,,,,,,,,,,,,,,"[""EthnOpt5""]",,,,,,,,,,
,,,,,,,,,,,001,2025-05-08_20h22.06.706,SLSINC_O,2022.2.5,Win32,60.24096386,,,,,,,,,,,,,,,,,,,,,,,,,,,,,,,,,,,,,,,,,,,,,,,,,,,,,,,,,,,,,,,,,,,,,,,,,,,,,,,,,,,,,,,,,,,,,,,,,,,,,,,,,,,,,,,,,,,,,,,,,,,,
,,,,,,,,,,,001,2025-05-08_20h22.06.706,SLSINC_O,2022.2.5,Win32,60.24096386,,,,,,,,,,,,,,,,,,,,,,,,,,,,,,,,,,,,,,,,,,,,,,,,,,,,,,,,,,,,,,,,,,,,,,,,,,,,,,,,,,,,,,,,,,,,,,,,,,,,,,,,,,,,,,,,,,,"[""EngFlncyY""]",,,,,,,,,
,,,,,,,,,,,001,2025-05-08_20h22.06.706,SLSINC_O,2022.2.5,Win32,60.24096386,,,,,,,,,,,,,,,,,,,,,,,,,,,,,,,,,,,,,,,,,,,,,,,,,,,,,,,,,,,,,,,,,,,,,,,,,,,,,,,,,,,,,,,,,,,,,,,,,,,,,,,,,,,,,,,,,,,,,,,,,,,,
,,,,,,,,,,,001,2025-05-08_20h22.06.706,SLSINC_O,2022.2.5,Win32,60.24096386,,,,,,,,,,,,,,,,,,,,,,,,,,,,,,,,,,,,,,,,,,,,,,,,,,,,,,,,,,,,,,,,,,,,,,,,,,,,,,,,,,,,,,,,,,,,,,,,,,,,,,,,,,,,,,,,,,,,0,USA,,,,,,,
,,,,,,,,,,,001,2025-05-08_20h22.06.706,SLSINC_O,2022.2.5,Win32,60.24096386,,,,,,,,,,,,,,,,,,,,,,,,,,,,,,,,,,,,,,,,,,,,,,,,,,,,,,,,,,,,,,,,,,,,,,,,,,,,,,,,,,,,,,,,,,,,,,,,,,,,,,,,,,,,,,,,,,,,,,,,,,,,
,,,,,,,,,,,001,2025-05-08_20h22.06.706,SLSINC_O,2022.2.5,Win32,60.24096386,,,,,,,,,,,,,,,,,,,,,,,,,,,,,,,,,,,,,,,,,,,,,,,,,,,,,,,,,,,,,,,,,,,,,,,,,,,,,,,,,,,,,,,,,,,,,,,,,,,,,,,,,,,,,,,,,,,,,,D,,,,,,
,,,,,,,,,,,001,2025-05-08_20h22.06.706,SLSINC_O,2022.2.5,Win32,60.24096386,,,,,,,,,,,,,,,,,,,,,,,,,,,,,,,,,,,,,,,,,,,,,,,,,,,,,,,,,,,,,,,,,,,,,,,,,,,,,,,,,,,,,,,,,,,,,,,,,,,,,,,,,,,,,,,,,,,,,,,,,,,,
,,,,,,,,,,,001,2025-05-08_20h22.06.706,SLSINC_O,2022.2.5,Win32,60.24096386,,,,,,,,,,,,,,,,,,,,,,,,,,,,,,,,,,,,,,,,,,,,,,,,,,,,,,,,,,,,,,,,,,,,,,,,,,,,,,,,,,,,,,,,,,,,,,,,,,,,,,,,,,,,,,,,,,,,,,,no,,,,,
,,,,,,,,,,,001,2025-05-08_20h22.06.706,SLSINC_O,2022.2.5,Win32,60.24096386,,,,,,,,,,,,,,,,,,,,,,,,,,,,,,,,,,,,,,,,,,,,,,,,,,,,,,,,,,,,,,,,,,,,,,,,,,,,,,,,,,,,,,,,,,,,,,,,,,,,,,,,,,,,,,,,,,,,,,,,,,,,
,,,,,,,,,,,001,2025-05-08_20h22.06.706,SLSINC_O,2022.2.5,Win32,60.24096386,,,,,,,,,,,,,,,,,,,,,,,,,,,,,,,,,,,,,,,,,,,,,,,,,,,,,,,,,,,,,,,,,,,,,,,,,,,,,,,,,,,,,,,,,,,,,,,,,,,,,,,,,,,,,,,,,,,,,,,,n/a,,,,
,,,,,,,,,,,001,2025-05-08_20h22.06.706,SLSINC_O,2022.2.5,Win32,60.24096386,,,,,,,,,,,,,,,,,,,,,,,,,,,,,,,,,,,,,,,,,,,,,,,,,,,,,,,,,,,,,,,,,,,,,,,,,,,,,,,,,,,,,,,,,,,,,,,,,,,,,,,,,,,,,,,,,,,,,,,,,,,,
,,,,,,,,,,,001,2025-05-08_20h22.06.706,SLSINC_O,2022.2.5,Win32,60.24096386,,,,,,,,,,,,,,,,,,,,,,,,,,,,,,,,,,,,,,,,,,,,,,,,,,,,,,,,,,,,,,,,,,,,,,,,,,,,,,,,,,,,,,,,,,,,,,,,,,,,,,,,,,,,,,,,,,,,,,,,,"[""Q4option1""]",,,
,,,,,,,,,,,001,2025-05-08_20h22.06.706,SLSINC_O,2022.2.5,Win32,60.24096386,,,,,,,,,,,,,,,,,,,,,,,,,,,,,,,,,,,,,,,,,,,,,,,,,,,,,,,,,,,,,,,,,,,,,,,,,,,,,,,,,,,,,,,,,,,,,,,,,,,,,,,,,,,,,,,,,,,,,,,,,,,,
,,,,,,,,,,,001,2025-05-08_20h22.06.706,SLSINC_O,2022.2.5,Win32,60.24096386,,,,,,,,,,,,,,,,,,,,,,,,,,,,,,,,,,,,,,,,,,,,,,,,,,,,,,,,,,,,,,,,,,,,,,,,,,,,,,,,,,,,,,,,,,,,,,,,,,,,,,,,,,,,,,,,,,,,,,,,,,1,[3375.0542999999525],[3375.0542999999525]
