bruinID.text,button.numClicks,button.timesOn,button.timesOff,mouseLogIn.x,mouseLogIn.y,mouseLogIn.leftButton,mouseLogIn.midButton,mouseLogIn.rightButton,mouseLogIn.time,mouseLogIn.clicked_name,session,date,expName,psychopyVersion,OS,frameRate,key_resp_6.keys,key_resp_6.rt,key_resp_5.keys,key_resp_5.rt,subjage_slider.response,subjage_slider.rt,confidence_scale.response,confidence_scale.rt,key_resp_7.keys,key_resp_7.rt,button_2.numClicks,button_2.timesOn,button_2.timesOff,email_type,scam_button.numClicks,scam_button.timesOn,scam_button.timesOff,legit_button.numClicks,legit_button.timesOn,legit_button.timesOff,button_selections_1,confidence_scale_email.response,confidence_scale_email.rt,personal_rel_scale.response,personal_rel_scale.rt,curiosity_scale.response,curiosity_scale.rt,email_loop.thisRepN,email_loop.thisTrialN,email_loop.thisN,email_loop.thisIndex,email_loop.ran,emails,type,xsize,ysize,xpos,ypos,key_resp_11.keys,key_resp_11.rt,key_resp_9.keys,key_resp_9.rt,key_resp_10.keys,key_resp_10.rt,textbox.text,next_button.numClicks,next_button.timesOn,next_button.timesOff,email_loops2.thisRepN,email_loops2.thisTrialN,email_loops2.thisN,email_loops2.thisIndex,email_loops2.ran,key_resp_3.keys,key_resp_3.rt,slider1_2.response,slider1_2.rt,trust_question,loop_GT.thisRepN,loop_GT.thisTrialN,loop_GT.thisN,loop_GT.thisIndex,loop_GT.ran,Phrases,instructionresp_2.keys,instructionresp_2.rt,key_resp_13.keys,key_resp_13.rt,gen_question,loop_G.thisRepN,loop_G.thisTrialN,loop_G.thisN,loop_G.thisIndex,loop_G.ran,Questions,instructionresp.keys,instructionresp.rt,key_resp_2.keys,key_resp_2.rt,lonely_question,loop_LS.thisRepN,loop_LS.thisTrialN,loop_LS.thisN,loop_LS.thisIndex,loop_LS.ran,key_resp_4.keys,key_resp_4.rt,rating.response,rating.rt,dementia_question,loop_dm.thisRepN,loop_dm.thisTrialN,loop_dm.thisN,loop_dm.thisIndex,loop_dm.ran,Items,key_resp.keys,key_resp.rt,slider1.response,slider1.rt,ss_question,loop_SS.thisRepN,loop_SS.thisTrialN,loop_SS.thisN,loop_SS.thisIndex,loop_SS.ran,Statements,slider.response,slider.rt,Gender,textboxAge.text,textboxBirthday.text,Education Level,Ethnicity,English Fluency,textboxAge_2.text,textboxCountry.text,FQ1textbox.text,textboxQuestion2.text,textboxQuestion3.text,FQ4 selection,Finish.numClicks,Finish.timesOn,Finish.timesOff
6691809035e52ca9b2b0f39a,1,[32.38469999998808],[32.384800000011914],-0.075059501,-0.071156575,1,0,0,9.9875,button,001,2025-05-08_18h46.52.380,SLSINC_O,2022.2.5,Win32,74.62686567,,,,,,,,,,,,,,,,,,,,,,,,,,,,,,,,,,,,,,,,,,,,,,,,,,,,,,,,,,,,,,,,,,,,,,,,,,,,,,,,,,,,,,,,,,,,,,,,,,,,,,,,,,,,,,,,,,,,,,,,,,,,
,,,,,,,,,,,001,2025-05-08_18h46.52.380,SLSINC_O,2022.2.5,Win32,74.62686567,space,51.7825,,,,,,,,,,,,,,,,,,,,,,,,,,,,,,,,,,,,,,,,,,,,,,,,,,,,,,,,,,,,,,,,,,,,,,,,,,,,,,,,,,,,,,,,,,,,,,,,,,,,,,,,,,,,,,,,,,,,,,,,,,
,,,,,,,,,,,001,2025-05-08_18h46.52.380,SLSINC_O,2022.2.5,Win32,74.62686567,,,space,32.1093,,,,,,,,,,,,,,,,,,,,,,,,,,,,,,,,,,,,,,,,,,,,,,,,,,,,,,,,,,,,,,,,,,,,,,,,,,,,,,,,,,,,,,,,,,,,,,,,,,,,,,,,,,,,,,,,,,,,,,,,
,,,,,,,,,,,001,2025-05-08_18h46.52.380,SLSINC_O,2022.2.5,Win32,74.62686567,,,,,78.97142608,5.0701,,,,,,,,,,,,,,,,,,,,,,,,,,,,,,,,,,,,,,,,,,,,,,,,,,,,,,,,,,,,,,,,,,,,,,,,,,,,,,,,,,,,,,,,,,,,,,,,,,,,,,,,,,,,,,,,,,,,,,
,,,,,,,,,,,001,2025-05-08_18h46.52.380,SLSINC_O,2022.2.5,Win32,74.62686567,,,,,,,9.171428308,14.2087,,,,,,,,,,,,,,,,,,,,,,,,,,,,,,,,,,,,,,,,,,,,,,,,,,,,,,,,,,,,,,,,,,,,,,,,,,,,,,,,,,,,,,,,,,,,,,,,,,,,,,,,,,,,,,,,,,,,
,,,,,,,,,,,001,2025-05-08_18h46.52.380,SLSINC_O,2022.2.5,Win32,74.62686567,,,,,,,,,space,24.105,,,,,,,,,,,,,,,,,,,,,,,,,,,,,,,,,,,,,,,,,,,,,,,,,,,,,,,,,,,,,,,,,,,,,,,,,,,,,,,,,,,,,,,,,,,,,,,,,,,,,,,,,,,,,,,,,,
,,,,,,,,,,,001,2025-05-08_18h46.52.380,SLSINC_O,2022.2.5,Win32,74.62686567,,,,,,,,,,,1,[197.76],[197.76010000002384],,1,[200.61869999998805],[200.6188000000119],0,[],[],"[""scam_button""]",5.066666492,2.5208,0.123809456,6.8304,5.019047445,5.8398,0,0,0,9,1,resources/images/scam6.jpg,scam,1,0.65,0,0,,,,,,,,,,,,,,,,,,,,,,,,,,,,,,,,,,,,,,,,,,,,,,,,,,,,,,,,,,,,,,,,,,,,,,,,,,,,,,,,,,,,,,
,,,,,,,,,,,001,2025-05-08_18h46.52.380,SLSINC_O,2022.2.5,Win32,74.62686567,,,,,,,,,,,2,"[197.76,235.86470000004772]","[197.76010000002384,235.86480000001194]",,2,"[200.61869999998805,237.10869999998812]","[200.6188000000119,237.10869999998812]",0,[],[],"[""scam_button""]",7.980952143,2.8547,0.009523744,5.1815,2.99999987,4.8873,0,1,1,6,1,resources/images/scam4.png,scam,0.8,0.65,0,0,,,,,,,,,,,,,,,,,,,,,,,,,,,,,,,,,,,,,,,,,,,,,,,,,,,,,,,,,,,,,,,,,,,,,,,,,,,,,,,,,,,,,,
,,,,,,,,,,,001,2025-05-08_18h46.52.380,SLSINC_O,2022.2.5,Win32,74.62686567,,,,,,,,,,,3,"[197.76,235.86470000004772,379.0547000000477]","[197.76010000002384,235.86480000001194,379.0547000000477]",,3,"[200.61869999998805,237.10869999998812,379.98900000000003]","[200.6188000000119,237.10869999998812,379.98900000000003]",0,[],[],"[""scam_button""]",4.990476017,1.4019,0.047618982,3.778,0.057142791,3.4821,0,2,2,14,1,resources/images/legit7-EDIT.png,legit,0.65,0.65,0,0,,,,,,,,,,,,,,,,,,,,,,,,,,,,,,,,,,,,,,,,,,,,,,,,,,,,,,,,,,,,,,,,,,,,,,,,,,,,,,,,,,,,,,
,,,,,,,,,,,001,2025-05-08_18h46.52.380,SLSINC_O,2022.2.5,Win32,74.62686567,,,,,,,,,,,4,"[197.76,235.86470000004772,379.0547000000477,402.5661000000239]","[197.76010000002384,235.86480000001194,379.0547000000477,402.5661000000239]",,4,"[200.61869999998805,237.10869999998812,379.98900000000003,404.07080000001196]","[200.6188000000119,237.10869999998812,379.98900000000003,404.0708999999762]",0,[],[],"[""scam_button""]",9.866666388,1.0491,5.104761729,3.9894,1.999999892,2.9651,0,3,3,19,1,resources/images/scam_11.png,scam,1,0.65,0,0,,,,,,,,,,,,,,,,,,,,,,,,,,,,,,,,,,,,,,,,,,,,,,,,,,,,,,,,,,,,,,,,,,,,,,,,,,,,,,,,,,,,,,
,,,,,,,,,,,001,2025-05-08_18h46.52.380,SLSINC_O,2022.2.5,Win32,74.62686567,,,,,,,,,,,5,"[197.76,235.86470000004772,379.0547000000477,402.5661000000239,435.1844000000358]","[197.76010000002384,235.86480000001194,379.0547000000477,402.5661000000239,435.1844000000358]",,4,"[200.61869999998805,237.10869999998812,379.98900000000003,404.07080000001196]","[200.6188000000119,237.10869999998812,379.98900000000003,404.0708999999762]",1,[436.1051999999881],[436.1052999999523],"[""legit_button""]",7.961904524,2.6099,0.019047554,3.4966,0.009523744,3.7948,0,4,4,21,1,resources/images/legit14-EDIT.jpg,legit,1,0.65,0,0,,,,,,,,,,,,,,,,,,,,,,,,,,,,,,,,,,,,,,,,,,,,,,,,,,,,,,,,,,,,,,,,,,,,,,,,,,,,,,,,,,,,,,
,,,,,,,,,,,001,2025-05-08_18h46.52.380,SLSINC_O,2022.2.5,Win32,74.62686567,,,,,,,,,,,6,"[197.76,235.86470000004772,379.0547000000477,402.5661000000239,435.1844000000358,470.7445]","[197.76010000002384,235.86480000001194,379.0547000000477,402.5661000000239,435.1844000000358,470.74460000002387]",,5,"[200.61869999998805,237.10869999998812,379.98900000000003,404.07080000001196,471.9448000000119]","[200.6188000000119,237.10869999998812,379.98900000000003,404.0708999999762,471.9448999999762]",1,[436.1051999999881],[436.1052999999523],"[""scam_button""]",7.838095003,1.465,0.114285647,3.2751,5.047618873,1.8586,0,5,5,10,1,resources/images/scam7.png,scam,0.65,0.65,0,0,,,,,,,,,,,,,,,,,,,,,,,,,,,,,,,,,,,,,,,,,,,,,,,,,,,,,,,,,,,,,,,,,,,,,,,,,,,,,,,,,,,,,,
,,,,,,,,,,,001,2025-05-08_18h46.52.380,SLSINC_O,2022.2.5,Win32,74.62686567,,,,,,,,,,,7,"[197.76,235.86470000004772,379.0547000000477,402.5661000000239,435.1844000000358,470.7445,503.101]","[197.76010000002384,235.86480000001194,379.0547000000477,402.5661000000239,435.1844000000358,470.74460000002387,503.101]",,6,"[200.61869999998805,237.10869999998812,379.98900000000003,404.07080000001196,471.9448000000119,504.0391000000238]","[200.6188000000119,237.10869999998812,379.98900000000003,404.0708999999762,471.9448999999762,504.0391000000238]",1,[436.1051999999881],[436.1052999999523],"[""scam_button""]",6.980952165,1.3395,5.009523636,3.9592,4.961904589,2.7124,0,6,6,8,1,resources/images/legit9-EDIT.png,legit,1,0.65,0,0,,,,,,,,,,,,,,,,,,,,,,,,,,,,,,,,,,,,,,,,,,,,,,,,,,,,,,,,,,,,,,,,,,,,,,,,,,,,,,,,,,,,,,
,,,,,,,,,,,001,2025-05-08_18h46.52.380,SLSINC_O,2022.2.5,Win32,74.62686567,,,,,,,,,,,8,"[197.76,235.86470000004772,379.0547000000477,402.5661000000239,435.1844000000358,470.7445,503.101,533.4841000000238]","[197.76010000002384,235.86480000001194,379.0547000000477,402.5661000000239,435.1844000000358,470.74460000002387,503.101,533.4842000000476]",,7,"[200.61869999998805,237.10869999998812,379.98900000000003,404.07080000001196,471.9448000000119,504.0391000000238,534.6103999999762]","[200.6188000000119,237.10869999998812,379.98900000000003,404.0708999999762,471.9448999999762,504.0391000000238,534.6103999999762]",1,[436.1051999999881],[436.1052999999523],"[""scam_button""]",8.933333075,1.0748,0.047618982,4.7337,5.076190301,1.1626,0,7,7,0,1,resources/images/scam_1.png,scam,1,0.65,0,0,,,,,,,,,,,,,,,,,,,,,,,,,,,,,,,,,,,,,,,,,,,,,,,,,,,,,,,,,,,,,,,,,,,,,,,,,,,,,,,,,,,,,,
,,,,,,,,,,,001,2025-05-08_18h46.52.380,SLSINC_O,2022.2.5,Win32,74.62686567,,,,,,,,,,,9,"[197.76,235.86470000004772,379.0547000000477,402.5661000000239,435.1844000000358,470.7445,503.101,533.4841000000238,596.0108000000118]","[197.76010000002384,235.86480000001194,379.0547000000477,402.5661000000239,435.1844000000358,470.74460000002387,503.101,533.4842000000476,596.0109000000357]",,7,"[200.61869999998805,237.10869999998812,379.98900000000003,404.07080000001196,471.9448000000119,504.0391000000238,534.6103999999762]","[200.6188000000119,237.10869999998812,379.98900000000003,404.0708999999762,471.9448999999762,504.0391000000238,534.6103999999762]",2,"[436.1051999999881,596.9741999999881]","[436.1052999999523,596.9742999999523]","[""legit_button""]",4.980952208,1.3654,0.0666666,4.5739,4.942856971,2.4044,0,8,8,12,1,resources/images/legit5-EDIT.png,legit,0.65,0.65,0,0,,,,,,,,,,,,,,,,,,,,,,,,,,,,,,,,,,,,,,,,,,,,,,,,,,,,,,,,,,,,,,,,,,,,,,,,,,,,,,,,,,,,,,
,,,,,,,,,,,001,2025-05-08_18h46.52.380,SLSINC_O,2022.2.5,Win32,74.62686567,,,,,,,,,,,10,"[197.76,235.86470000004772,379.0547000000477,402.5661000000239,435.1844000000358,470.7445,503.101,533.4841000000238,596.0108000000118,634.5041000000239]","[197.76010000002384,235.86480000001194,379.0547000000477,402.5661000000239,435.1844000000358,470.74460000002387,503.101,533.4842000000476,596.0109000000357,634.5041000000239]",,7,"[200.61869999998805,237.10869999998812,379.98900000000003,404.07080000001196,471.9448000000119,504.0391000000238,534.6103999999762]","[200.6188000000119,237.10869999998812,379.98900000000003,404.0708999999762,471.9448999999762,504.0391000000238,534.6103999999762]",3,"[436.1051999999881,596.9741999999881,635.3140999999641]","[436.1052999999523,596.9742999999523,635.3140999999641]","[""legit_button""]",6.952380737,1.8342,4.971428399,1.9465,5.133333157,1.8475,0,9,9,16,1,resources/images/scam13.png,scam,1,0.65,0,0,,,,,,,,,,,,,,,,,,,,,,,,,,,,,,,,,,,,,,,,,,,,,,,,,,,,,,,,,,,,,,,,,,,,,,,,,,,,,,,,,,,,,,
,,,,,,,,,,,001,2025-05-08_18h46.52.380,SLSINC_O,2022.2.5,Win32,74.62686567,,,,,,,,,,,11,"[197.76,235.86470000004772,379.0547000000477,402.5661000000239,435.1844000000358,470.7445,503.101,533.4841000000238,596.0108000000118,634.5041000000239,682.7223000000118]","[197.76010000002384,235.86480000001194,379.0547000000477,402.5661000000239,435.1844000000358,470.74460000002387,503.101,533.4842000000476,596.0109000000357,634.5041000000239,682.7223000000118]",,7,"[200.61869999998805,237.10869999998812,379.98900000000003,404.07080000001196,471.9448000000119,504.0391000000238,534.6103999999762]","[200.6188000000119,237.10869999998812,379.98900000000003,404.0708999999762,471.9448999999762,504.0391000000238,534.6103999999762]",4,"[436.1051999999881,596.9741999999881,635.3140999999641,684.2607999999523]","[436.1052999999523,596.9742999999523,635.3140999999641,684.2608999999761]","[""legit_button""]",4.971428399,1.0663,1.028571341,1.8552,4.895237924,4.0832,0,10,10,13,1,resources/images/legit6.png,legit,0.65,0.65,0,0,,,,,,,,,,,,,,,,,,,,,,,,,,,,,,,,,,,,,,,,,,,,,,,,,,,,,,,,,,,,,,,,,,,,,,,,,,,,,,,,,,,,,,
,,,,,,,,,,,001,2025-05-08_18h46.52.380,SLSINC_O,2022.2.5,Win32,74.62686567,,,,,,,,,,,12,"[197.76,235.86470000004772,379.0547000000477,402.5661000000239,435.1844000000358,470.7445,503.101,533.4841000000238,596.0108000000118,634.5041000000239,682.7223000000118,741.9748000000119]","[197.76010000002384,235.86480000001194,379.0547000000477,402.5661000000239,435.1844000000358,470.74460000002387,503.101,533.4842000000476,596.0109000000357,634.5041000000239,682.7223000000118,741.9749000000357]",,7,"[200.61869999998805,237.10869999998812,379.98900000000003,404.07080000001196,471.9448000000119,504.0391000000238,534.6103999999762]","[200.6188000000119,237.10869999998812,379.98900000000003,404.0708999999762,471.9448999999762,504.0391000000238,534.6103999999762]",5,"[436.1051999999881,596.9741999999881,635.3140999999641,684.2607999999523,743.2322999999524]","[436.1052999999523,596.9742999999523,635.3140999999641,684.2608999999761,743.2323999999762]","[""legit_button""]",7.942856906,2.2406,4.942856971,1.3986,4.857142687,2.5313,0,11,11,11,1,resources/images/legit4-EDIT.png,legit,0.65,0.65,0,0,,,,,,,,,,,,,,,,,,,,,,,,,,,,,,,,,,,,,,,,,,,,,,,,,,,,,,,,,,,,,,,,,,,,,,,,,,,,,,,,,,,,,,
,,,,,,,,,,,001,2025-05-08_18h46.52.380,SLSINC_O,2022.2.5,Win32,74.62686567,,,,,,,,,,,13,"[197.76,235.86470000004772,379.0547000000477,402.5661000000239,435.1844000000358,470.7445,503.101,533.4841000000238,596.0108000000118,634.5041000000239,682.7223000000118,741.9748000000119,798.6581000000239]","[197.76010000002384,235.86480000001194,379.0547000000477,402.5661000000239,435.1844000000358,470.74460000002387,503.101,533.4842000000476,596.0109000000357,634.5041000000239,682.7223000000118,741.9749000000357,798.6582000000477]",,8,"[200.61869999998805,237.10869999998812,379.98900000000003,404.07080000001196,471.9448000000119,504.0391000000238,534.6103999999762,800.0473000000119]","[200.6188000000119,237.10869999998812,379.98900000000003,404.0708999999762,471.9448999999762,504.0391000000238,534.6103999999762,800.0473999999762]",5,"[436.1051999999881,596.9741999999881,635.3140999999641,684.2607999999523,743.2322999999524]","[436.1052999999523,596.9742999999523,635.3140999999641,684.2608999999761,743.2323999999762]","[""scam_button""]",7.914285478,1.908,4.942856971,2.1899,4.942856971,0.6161,0,12,12,18,1,resources/images/legit10-EDIT.png,legit,1,0.65,0,0,,,,,,,,,,,,,,,,,,,,,,,,,,,,,,,,,,,,,,,,,,,,,,,,,,,,,,,,,,,,,,,,,,,,,,,,,,,,,,,,,,,,,,
,,,,,,,,,,,001,2025-05-08_18h46.52.380,SLSINC_O,2022.2.5,Win32,74.62686567,,,,,,,,,,,14,"[197.76,235.86470000004772,379.0547000000477,402.5661000000239,435.1844000000358,470.7445,503.101,533.4841000000238,596.0108000000118,634.5041000000239,682.7223000000118,741.9748000000119,798.6581000000239,805.4431000000238]","[197.76010000002384,235.86480000001194,379.0547000000477,402.5661000000239,435.1844000000358,470.74460000002387,503.101,533.4842000000476,596.0109000000357,634.5041000000239,682.7223000000118,741.9749000000357,798.6582000000477,805.4432000000477]",,9,"[200.61869999998805,237.10869999998812,379.98900000000003,404.07080000001196,471.9448000000119,504.0391000000238,534.6103999999762,800.0473000000119,810.7631000000239]","[200.6188000000119,237.10869999998812,379.98900000000003,404.0708999999762,471.9448999999762,504.0391000000238,534.6103999999762,800.0473999999762,810.763199999988]",5,"[436.1051999999881,596.9741999999881,635.3140999999641,684.2607999999523,743.2322999999524]","[436.1052999999523,596.9742999999523,635.3140999999641,684.2608999999761,743.2323999999762]","[""scam_button""]",2.066666557,1.5872,0.028571363,3.672,6.009523614,3.7829,0,13,13,7,1,resources/images/scam5.jpg,scam,0.7,0.65,0,0,,,,,,,,,,,,,,,,,,,,,,,,,,,,,,,,,,,,,,,,,,,,,,,,,,,,,,,,,,,,,,,,,,,,,,,,,,,,,,,,,,,,,,
,,,,,,,,,,,001,2025-05-08_18h46.52.380,SLSINC_O,2022.2.5,Win32,74.62686567,,,,,,,,,,,15,"[197.76,235.86470000004772,379.0547000000477,402.5661000000239,435.1844000000358,470.7445,503.101,533.4841000000238,596.0108000000118,634.5041000000239,682.7223000000118,741.9748000000119,798.6581000000239,805.4431000000238,850.7719999999999]","[197.76010000002384,235.86480000001194,379.0547000000477,402.5661000000239,435.1844000000358,470.74460000002387,503.101,533.4842000000476,596.0109000000357,634.5041000000239,682.7223000000118,741.9749000000357,798.6582000000477,805.4432000000477,850.7722000000476]",,10,"[200.61869999998805,237.10869999998812,379.98900000000003,404.07080000001196,471.9448000000119,504.0391000000238,534.6103999999762,800.0473000000119,810.7631000000239,851.9061999999881]","[200.6188000000119,237.10869999998812,379.98900000000003,404.0708999999762,471.9448999999762,504.0391000000238,534.6103999999762,800.0473999999762,810.763199999988,851.9061999999881]",5,"[436.1051999999881,596.9741999999881,635.3140999999641,684.2607999999523,743.2322999999524]","[436.1052999999523,596.9742999999523,635.3140999999641,684.2608999999761,743.2323999999762]","[""scam_button""]",8.885714028,1.1246,4.942856971,2.1078,0.038095172,1.67,0,14,14,17,1,resources/images/scam10.jpg,scam,1,0.65,0,0,,,,,,,,,,,,,,,,,,,,,,,,,,,,,,,,,,,,,,,,,,,,,,,,,,,,,,,,,,,,,,,,,,,,,,,,,,,,,,,,,,,,,,
,,,,,,,,,,,001,2025-05-08_18h46.52.380,SLSINC_O,2022.2.5,Win32,74.62686567,,,,,,,,,,,16,"[197.76,235.86470000004772,379.0547000000477,402.5661000000239,435.1844000000358,470.7445,503.101,533.4841000000238,596.0108000000118,634.5041000000239,682.7223000000118,741.9748000000119,798.6581000000239,805.4431000000238,850.7719999999999,909.9999000000357]","[197.76010000002384,235.86480000001194,379.0547000000477,402.5661000000239,435.1844000000358,470.74460000002387,503.101,533.4842000000476,596.0109000000357,634.5041000000239,682.7223000000118,741.9749000000357,798.6582000000477,805.4432000000477,850.7722000000476,909.9999000000357]",,10,"[200.61869999998805,237.10869999998812,379.98900000000003,404.07080000001196,471.9448000000119,504.0391000000238,534.6103999999762,800.0473000000119,810.7631000000239,851.9061999999881]","[200.6188000000119,237.10869999998812,379.98900000000003,404.0708999999762,471.9448999999762,504.0391000000238,534.6103999999762,800.0473999999762,810.763199999988,851.9061999999881]",6,"[436.1051999999881,596.9741999999881,635.3140999999641,684.2607999999523,743.2322999999524,910.9435999999641]","[436.1052999999523,596.9742999999523,635.3140999999641,684.2608999999761,743.2323999999762,910.9435999999641]","[""legit_button""]",5.076190301,1.0127,4.990476017,2.487,4.847618878,2.1936,0,15,15,5,1,resources/images/legit3.jpg,legit,1,0.73,0,0,,,,,,,,,,,,,,,,,,,,,,,,,,,,,,,,,,,,,,,,,,,,,,,,,,,,,,,,,,,,,,,,,,,,,,,,,,,,,,,,,,,,,,
,,,,,,,,,,,001,2025-05-08_18h46.52.380,SLSINC_O,2022.2.5,Win32,74.62686567,,,,,,,,,,,17,"[197.76,235.86470000004772,379.0547000000477,402.5661000000239,435.1844000000358,470.7445,503.101,533.4841000000238,596.0108000000118,634.5041000000239,682.7223000000118,741.9748000000119,798.6581000000239,805.4431000000238,850.7719999999999,909.9999000000357,930.011]","[197.76010000002384,235.86480000001194,379.0547000000477,402.5661000000239,435.1844000000358,470.74460000002387,503.101,533.4842000000476,596.0109000000357,634.5041000000239,682.7223000000118,741.9749000000357,798.6582000000477,805.4432000000477,850.7722000000476,909.9999000000357,930.0111000000238]",,11,"[200.61869999998805,237.10869999998812,379.98900000000003,404.07080000001196,471.9448000000119,504.0391000000238,534.6103999999762,800.0473000000119,810.7631000000239,851.9061999999881,931.0693000000119]","[200.6188000000119,237.10869999998812,379.98900000000003,404.0708999999762,471.9448999999762,504.0391000000238,534.6103999999762,800.0473999999762,810.763199999988,851.9061999999881,931.0693000000119]",6,"[436.1051999999881,596.9741999999881,635.3140999999641,684.2607999999523,743.2322999999524,910.9435999999641]","[436.1052999999523,596.9742999999523,635.3140999999641,684.2608999999761,743.2323999999762,910.9435999999641]","[""scam_button""]",7.923809287,1.9803,0.123809456,6.0633,5.028571255,1.3285,0,16,16,2,1,resources/images/scam3.png,scam,1.2,0.65,0,0,,,,,,,,,,,,,,,,,,,,,,,,,,,,,,,,,,,,,,,,,,,,,,,,,,,,,,,,,,,,,,,,,,,,,,,,,,,,,,,,,,,,,,
,,,,,,,,,,,001,2025-05-08_18h46.52.380,SLSINC_O,2022.2.5,Win32,74.62686567,,,,,,,,,,,18,"[197.76,235.86470000004772,379.0547000000477,402.5661000000239,435.1844000000358,470.7445,503.101,533.4841000000238,596.0108000000118,634.5041000000239,682.7223000000118,741.9748000000119,798.6581000000239,805.4431000000238,850.7719999999999,909.9999000000357,930.011,974.9205]","[197.76010000002384,235.86480000001194,379.0547000000477,402.5661000000239,435.1844000000358,470.74460000002387,503.101,533.4842000000476,596.0109000000357,634.5041000000239,682.7223000000118,741.9749000000357,798.6582000000477,805.4432000000477,850.7722000000476,909.9999000000357,930.0111000000238,974.9206000000238]",,12,"[200.61869999998805,237.10869999998812,379.98900000000003,404.07080000001196,471.9448000000119,504.0391000000238,534.6103999999762,800.0473000000119,810.7631000000239,851.9061999999881,931.0693000000119,976.1328999999762]","[200.6188000000119,237.10869999998812,379.98900000000003,404.0708999999762,471.9448999999762,504.0391000000238,534.6103999999762,800.0473999999762,810.763199999988,851.9061999999881,931.0693000000119,976.1328999999762]",6,"[436.1051999999881,596.9741999999881,635.3140999999641,684.2607999999523,743.2322999999524,910.9435999999641]","[436.1052999999523,596.9742999999523,635.3140999999641,684.2608999999761,743.2323999999762,910.9435999999641]","[""scam_button""]",6.942856927,1.5551,4.885714115,2.2538,0.009523744,1.5141,0,17,17,4,1,resources/images/legit2.jpg,legit,1,0.65,0,0,,,,,,,,,,,,,,,,,,,,,,,,,,,,,,,,,,,,,,,,,,,,,,,,,,,,,,,,,,,,,,,,,,,,,,,,,,,,,,,,,,,,,,
,,,,,,,,,,,001,2025-05-08_18h46.52.380,SLSINC_O,2022.2.5,Win32,74.62686567,,,,,,,,,,,19,"[197.76,235.86470000004772,379.0547000000477,402.5661000000239,435.1844000000358,470.7445,503.101,533.4841000000238,596.0108000000118,634.5041000000239,682.7223000000118,741.9748000000119,798.6581000000239,805.4431000000238,850.7719999999999,909.9999000000357,930.011,974.9205,1009.5634999999999]","[197.76010000002384,235.86480000001194,379.0547000000477,402.5661000000239,435.1844000000358,470.74460000002387,503.101,533.4842000000476,596.0109000000357,634.5041000000239,682.7223000000118,741.9749000000357,798.6582000000477,805.4432000000477,850.7722000000476,909.9999000000357,930.0111000000238,974.9206000000238,1009.5636000000237]",,13,"[200.61869999998805,237.10869999998812,379.98900000000003,404.07080000001196,471.9448000000119,504.0391000000238,534.6103999999762,800.0473000000119,810.7631000000239,851.9061999999881,931.0693000000119,976.1328999999762,1010.563699999988]","[200.6188000000119,237.10869999998812,379.98900000000003,404.0708999999762,471.9448999999762,504.0391000000238,534.6103999999762,800.0473999999762,810.763199999988,851.9061999999881,931.0693000000119,976.1328999999762,1010.5638000000118]",6,"[436.1051999999881,596.9741999999881,635.3140999999641,684.2607999999523,743.2322999999524,910.9435999999641]","[436.1052999999523,596.9742999999523,635.3140999999641,684.2608999999761,743.2323999999762,910.9435999999641]","[""scam_button""]",6.999999783,1.5542,0.104761837,3.0499,4.999999827,1.9753,0,18,18,23,1,resources/images/scam14-EDIT.png,scam,1,0.65,0,0,,,,,,,,,,,,,,,,,,,,,,,,,,,,,,,,,,,,,,,,,,,,,,,,,,,,,,,,,,,,,,,,,,,,,,,,,,,,,,,,,,,,,,
,,,,,,,,,,,001,2025-05-08_18h46.52.380,SLSINC_O,2022.2.5,Win32,74.62686567,,,,,,,,,,,20,"[197.76,235.86470000004772,379.0547000000477,402.5661000000239,435.1844000000358,470.7445,503.101,533.4841000000238,596.0108000000118,634.5041000000239,682.7223000000118,741.9748000000119,798.6581000000239,805.4431000000238,850.7719999999999,909.9999000000357,930.011,974.9205,1009.5634999999999,1042.4744999999998]","[197.76010000002384,235.86480000001194,379.0547000000477,402.5661000000239,435.1844000000358,470.74460000002387,503.101,533.4842000000476,596.0109000000357,634.5041000000239,682.7223000000118,741.9749000000357,798.6582000000477,805.4432000000477,850.7722000000476,909.9999000000357,930.0111000000238,974.9206000000238,1009.5636000000237,1042.4746000000237]",,13,"[200.61869999998805,237.10869999998812,379.98900000000003,404.07080000001196,471.9448000000119,504.0391000000238,534.6103999999762,800.0473000000119,810.7631000000239,851.9061999999881,931.0693000000119,976.1328999999762,1010.563699999988]","[200.6188000000119,237.10869999998812,379.98900000000003,404.0708999999762,471.9448999999762,504.0391000000238,534.6103999999762,800.0473999999762,810.763199999988,851.9061999999881,931.0693000000119,976.1328999999762,1010.5638000000118]",7,"[436.1051999999881,596.9741999999881,635.3140999999641,684.2607999999523,743.2322999999524,910.9435999999641,1043.6870999999642]","[436.1052999999523,596.9742999999523,635.3140999999641,684.2608999999761,743.2323999999762,910.9435999999641,1043.6870999999642]","[""legit_button""]",6.999999783,1.1055,0.057142791,2.9554,4.885714115,1.0119,0,19,19,3,1,resources/images/legit1.png,legit,1,0.72,0,0,,,,,,,,,,,,,,,,,,,,,,,,,,,,,,,,,,,,,,,,,,,,,,,,,,,,,,,,,,,,,,,,,,,,,,,,,,,,,,,,,,,,,,
,,,,,,,,,,,001,2025-05-08_18h46.52.380,SLSINC_O,2022.2.5,Win32,74.62686567,,,,,,,,,,,21,"[197.76,235.86470000004772,379.0547000000477,402.5661000000239,435.1844000000358,470.7445,503.101,533.4841000000238,596.0108000000118,634.5041000000239,682.7223000000118,741.9748000000119,798.6581000000239,805.4431000000238,850.7719999999999,909.9999000000357,930.011,974.9205,1009.5634999999999,1042.4744999999998,1073.7043000000117]","[197.76010000002384,235.86480000001194,379.0547000000477,402.5661000000239,435.1844000000358,470.74460000002387,503.101,533.4842000000476,596.0109000000357,634.5041000000239,682.7223000000118,741.9749000000357,798.6582000000477,805.4432000000477,850.7722000000476,909.9999000000357,930.0111000000238,974.9206000000238,1009.5636000000237,1042.4746000000237,1073.7044000000355]",,14,"[200.61869999998805,237.10869999998812,379.98900000000003,404.07080000001196,471.9448000000119,504.0391000000238,534.6103999999762,800.0473000000119,810.7631000000239,851.9061999999881,931.0693000000119,976.1328999999762,1010.563699999988,1074.876]","[200.6188000000119,237.10869999998812,379.98900000000003,404.0708999999762,471.9448999999762,504.0391000000238,534.6103999999762,800.0473999999762,810.763199999988,851.9061999999881,931.0693000000119,976.1328999999762,1010.5638000000118,1074.876]",7,"[436.1051999999881,596.9741999999881,635.3140999999641,684.2607999999523,743.2322999999524,910.9435999999641,1043.6870999999642]","[436.1052999999523,596.9742999999523,635.3140999999641,684.2608999999761,743.2323999999762,910.9435999999641,1043.6870999999642]","[""scam_button""]",7.971428334,1.487,0.009523744,2.3186,4.95238078,1.1274,0,20,20,20,1,resources/images/scam12.jpg,scam,0.65,0.65,0,0,,,,,,,,,,,,,,,,,,,,,,,,,,,,,,,,,,,,,,,,,,,,,,,,,,,,,,,,,,,,,,,,,,,,,,,,,,,,,,,,,,,,,,
,,,,,,,,,,,001,2025-05-08_18h46.52.380,SLSINC_O,2022.2.5,Win32,74.62686567,,,,,,,,,,,22,"[197.76,235.86470000004772,379.0547000000477,402.5661000000239,435.1844000000358,470.7445,503.101,533.4841000000238,596.0108000000118,634.5041000000239,682.7223000000118,741.9748000000119,798.6581000000239,805.4431000000238,850.7719999999999,909.9999000000357,930.011,974.9205,1009.5634999999999,1042.4744999999998,1073.7043000000117,1154.6851000000238]","[197.76010000002384,235.86480000001194,379.0547000000477,402.5661000000239,435.1844000000358,470.74460000002387,503.101,533.4842000000476,596.0109000000357,634.5041000000239,682.7223000000118,741.9749000000357,798.6582000000477,805.4432000000477,850.7722000000476,909.9999000000357,930.0111000000238,974.9206000000238,1009.5636000000237,1042.4746000000237,1073.7044000000355,1154.6852000000476]",,14,"[200.61869999998805,237.10869999998812,379.98900000000003,404.07080000001196,471.9448000000119,504.0391000000238,534.6103999999762,800.0473000000119,810.7631000000239,851.9061999999881,931.0693000000119,976.1328999999762,1010.563699999988,1074.876]","[200.6188000000119,237.10869999998812,379.98900000000003,404.0708999999762,471.9448999999762,504.0391000000238,534.6103999999762,800.0473999999762,810.763199999988,851.9061999999881,931.0693000000119,976.1328999999762,1010.5638000000118,1074.876]",8,"[436.1051999999881,596.9741999999881,635.3140999999641,684.2607999999523,743.2322999999524,910.9435999999641,1043.6870999999642,1155.646899999976]","[436.1052999999523,596.9742999999523,635.3140999999641,684.2608999999761,743.2323999999762,910.9435999999641,1043.6870999999642,1155.647]","[""legit_button""]",4.895237924,0.7874,4.971428399,0.9575,0.085714219,1.0607,0,21,21,22,1,resources/images/legit17-EDIT.png,legit,0.65,0.65,0,0,,,,,,,,,,,,,,,,,,,,,,,,,,,,,,,,,,,,,,,,,,,,,,,,,,,,,,,,,,,,,,,,,,,,,,,,,,,,,,,,,,,,,,
,,,,,,,,,,,001,2025-05-08_18h46.52.380,SLSINC_O,2022.2.5,Win32,74.62686567,,,,,,,,,,,23,"[197.76,235.86470000004772,379.0547000000477,402.5661000000239,435.1844000000358,470.7445,503.101,533.4841000000238,596.0108000000118,634.5041000000239,682.7223000000118,741.9748000000119,798.6581000000239,805.4431000000238,850.7719999999999,909.9999000000357,930.011,974.9205,1009.5634999999999,1042.4744999999998,1073.7043000000117,1154.6851000000238,1189.9194000000357]","[197.76010000002384,235.86480000001194,379.0547000000477,402.5661000000239,435.1844000000358,470.74460000002387,503.101,533.4842000000476,596.0109000000357,634.5041000000239,682.7223000000118,741.9749000000357,798.6582000000477,805.4432000000477,850.7722000000476,909.9999000000357,930.0111000000238,974.9206000000238,1009.5636000000237,1042.4746000000237,1073.7044000000355,1154.6852000000476,1189.9195]",,14,"[200.61869999998805,237.10869999998812,379.98900000000003,404.07080000001196,471.9448000000119,504.0391000000238,534.6103999999762,800.0473000000119,810.7631000000239,851.9061999999881,931.0693000000119,976.1328999999762,1010.563699999988,1074.876]","[200.6188000000119,237.10869999998812,379.98900000000003,404.0708999999762,471.9448999999762,504.0391000000238,534.6103999999762,800.0473999999762,810.763199999988,851.9061999999881,931.0693000000119,976.1328999999762,1010.5638000000118,1074.876]",9,"[436.1051999999881,596.9741999999881,635.3140999999641,684.2607999999523,743.2322999999524,910.9435999999641,1043.6870999999642,1155.646899999976,1190.6998999999762]","[436.1052999999523,596.9742999999523,635.3140999999641,684.2608999999761,743.2323999999762,910.9435999999641,1043.6870999999642,1155.647,1190.6998999999762]","[""legit_button""]",6.971428355,1.3564,4.876190305,2.0089,0.171428503,1.8882,0,22,22,15,1,resources/images/legit8.png,legit,0.8,0.72,0,0,,,,,,,,,,,,,,,,,,,,,,,,,,,,,,,,,,,,,,,,,,,,,,,,,,,,,,,,,,,,,,,,,,,,,,,,,,,,,,,,,,,,,,
,,,,,,,,,,,001,2025-05-08_18h46.52.380,SLSINC_O,2022.2.5,Win32,74.62686567,,,,,,,,,,,24,"[197.76,235.86470000004772,379.0547000000477,402.5661000000239,435.1844000000358,470.7445,503.101,533.4841000000238,596.0108000000118,634.5041000000239,682.7223000000118,741.9748000000119,798.6581000000239,805.4431000000238,850.7719999999999,909.9999000000357,930.011,974.9205,1009.5634999999999,1042.4744999999998,1073.7043000000117,1154.6851000000238,1189.9194000000357,1205.9936000000237]","[197.76010000002384,235.86480000001194,379.0547000000477,402.5661000000239,435.1844000000358,470.74460000002387,503.101,533.4842000000476,596.0109000000357,634.5041000000239,682.7223000000118,741.9749000000357,798.6582000000477,805.4432000000477,850.7722000000476,909.9999000000357,930.0111000000238,974.9206000000238,1009.5636000000237,1042.4746000000237,1073.7044000000355,1154.6852000000476,1189.9195,1205.9936000000237]",,15,"[200.61869999998805,237.10869999998812,379.98900000000003,404.07080000001196,471.9448000000119,504.0391000000238,534.6103999999762,800.0473000000119,810.7631000000239,851.9061999999881,931.0693000000119,976.1328999999762,1010.563699999988,1074.876,1207.0214999999998]","[200.6188000000119,237.10869999998812,379.98900000000003,404.0708999999762,471.9448999999762,504.0391000000238,534.6103999999762,800.0473999999762,810.763199999988,851.9061999999881,931.0693000000119,976.1328999999762,1010.5638000000118,1074.876,1207.0216000000237]",9,"[436.1051999999881,596.9741999999881,635.3140999999641,684.2607999999523,743.2322999999524,910.9435999999641,1043.6870999999642,1155.646899999976,1190.6998999999762]","[436.1052999999523,596.9742999999523,635.3140999999641,684.2608999999761,743.2323999999762,910.9435999999641,1043.6870999999642,1155.647,1190.6998999999762]","[""scam_button""]",8.99999974,1.558,5.104761729,2.7589,5.104761729,0.559,0,23,23,1,1,resources/images/scam_2.png,scam,0.9,0.65,0,0,,,,,,,,,,,,,,,,,,,,,,,,,,,,,,,,,,,,,,,,,,,,,,,,,,,,,,,,,,,,,,,,,,,,,,,,,,,,,,,,,,,,,,
,,,,,,,,,,,001,2025-05-08_18h46.52.380,SLSINC_O,2022.2.5,Win32,74.62686567,,,,,,,,,,,,,,,,,,,,,,,,,,,,,,,,,,,,,,,space,6.2595,,,,,,,,,,,,,,,,,,,,,,,,,,,,,,,,,,,,,,,,,,,,,,,,,,,,,,,,,,,,,,,,,,,,,,,,,,,,,,,,,,,,
,,,,,,,,,,,001,2025-05-08_18h46.52.380,SLSINC_O,2022.2.5,Win32,74.62686567,,,,,,,,,,,,,,,,,,,,,,,,,,,,,,,,,,,,,,,,,space,23.4972,,,,,,,,,,,,,,,,,,,,,,,,,,,,,,,,,,,,,,,,,,,,,,,,,,,,,,,,,,,,,,,,,,,,,,,,,,,,,,,,,,
,,,,,,,,,,,001,2025-05-08_18h46.52.380,SLSINC_O,2022.2.5,Win32,74.62686567,,,,,,,,,,,,,,,,,,,,,,,,,,,,,,,,,,,,,,,,,,,space,9.5994,,,,,,,,,,,,,,,,,,,,,,,,,,,,,,,,,,,,,,,,,,,,,,,,,,,,,,,,,,,,,,,,,,,,,,,,,,,,,,,,
,,,,,,,,,,,001,2025-05-08_18h46.52.380,SLSINC_O,2022.2.5,Win32,74.62686567,,,,,,,,,,,,,,,,,,,,,,,,,,,,,,,,,,,,,,,,,,,,,wants you to click a linkPoorly writtenMisspelling,1,[1319.3229000000356],[1319.3231000000237],,,,,,,,,,,,,,,,,,,,,,,,,,,,,,,,,,,,,,,,,,,,,,,,,,,,,,,,,,,,,,,,,,,,,,,,,,,,
,,,,,,,,,,,001,2025-05-08_18h46.52.380,SLSINC_O,2022.2.5,Win32,74.62686567,,,,,,,,,space,17.6674,,,,,,,,,,,,,,,,,,,,,,,,,,,,,,,,,,,,,,,,,,,,,,,,,,,,,,,,,,,,,,,,,,,,,,,,,,,,,,,,,,,,,,,,,,,,,,,,,,,,,,,,,,,,,,,,,,
,,,,,,,,,,,001,2025-05-08_18h46.52.380,SLSINC_O,2022.2.5,Win32,74.62686567,,,,,,,,,,,25,"[197.76,235.86470000004772,379.0547000000477,402.5661000000239,435.1844000000358,470.7445,503.101,533.4841000000238,596.0108000000118,634.5041000000239,682.7223000000118,741.9748000000119,798.6581000000239,805.4431000000238,850.7719999999999,909.9999000000357,930.011,974.9205,1009.5634999999999,1042.4744999999998,1073.7043000000117,1154.6851000000238,1189.9194000000357,1205.9936000000237,1398.1966000000236]","[197.76010000002384,235.86480000001194,379.0547000000477,402.5661000000239,435.1844000000358,470.74460000002387,503.101,533.4842000000476,596.0109000000357,634.5041000000239,682.7223000000118,741.9749000000357,798.6582000000477,805.4432000000477,850.7722000000476,909.9999000000357,930.0111000000238,974.9206000000238,1009.5636000000237,1042.4746000000237,1073.7044000000355,1154.6852000000476,1189.9195,1205.9936000000237,1398.1967000000475]",,16,"[200.61869999998805,237.10869999998812,379.98900000000003,404.07080000001196,471.9448000000119,504.0391000000238,534.6103999999762,800.0473000000119,810.7631000000239,851.9061999999881,931.0693000000119,976.1328999999762,1010.563699999988,1074.876,1207.0214999999998,1399.2714999999998]","[200.6188000000119,237.10869999998812,379.98900000000003,404.0708999999762,471.9448999999762,504.0391000000238,534.6103999999762,800.0473999999762,810.763199999988,851.9061999999881,931.0693000000119,976.1328999999762,1010.5638000000118,1074.876,1207.0216000000237,1399.2716000000237]",9,"[436.1051999999881,596.9741999999881,635.3140999999641,684.2607999999523,743.2322999999524,910.9435999999641,1043.6870999999642,1155.646899999976,1190.6998999999762]","[436.1052999999523,596.9742999999523,635.3140999999641,684.2608999999761,743.2323999999762,910.9435999999641,1043.6870999999642,1155.647,1190.6998999999762]","[""scam_button""]",7.990475952,1.3229,7.914285478,1.9517,4.838095068,4.6424,,,,,,resources/images/scam_24.png,scam,1,0.8,0,0,,,,,,,,,,,0,0,0,22,1,,,,,,,,,,,,,,,,,,,,,,,,,,,,,,,,,,,,,,,,,,,,,,,,,,,,,,,,,,,,,,,,,,,,,,,
,,,,,,,,,,,001,2025-05-08_18h46.52.380,SLSINC_O,2022.2.5,Win32,74.62686567,,,,,,,,,,,26,"[197.76,235.86470000004772,379.0547000000477,402.5661000000239,435.1844000000358,470.7445,503.101,533.4841000000238,596.0108000000118,634.5041000000239,682.7223000000118,741.9748000000119,798.6581000000239,805.4431000000238,850.7719999999999,909.9999000000357,930.011,974.9205,1009.5634999999999,1042.4744999999998,1073.7043000000117,1154.6851000000238,1189.9194000000357,1205.9936000000237,1398.1966000000236,1418.8754000000356]","[197.76010000002384,235.86480000001194,379.0547000000477,402.5661000000239,435.1844000000358,470.74460000002387,503.101,533.4842000000476,596.0109000000357,634.5041000000239,682.7223000000118,741.9749000000357,798.6582000000477,805.4432000000477,850.7722000000476,909.9999000000357,930.0111000000238,974.9206000000238,1009.5636000000237,1042.4746000000237,1073.7044000000355,1154.6852000000476,1189.9195,1205.9936000000237,1398.1967000000475,1418.8754000000356]",,16,"[200.61869999998805,237.10869999998812,379.98900000000003,404.07080000001196,471.9448000000119,504.0391000000238,534.6103999999762,800.0473000000119,810.7631000000239,851.9061999999881,931.0693000000119,976.1328999999762,1010.563699999988,1074.876,1207.0214999999998,1399.2714999999998]","[200.6188000000119,237.10869999998812,379.98900000000003,404.0708999999762,471.9448999999762,504.0391000000238,534.6103999999762,800.0473999999762,810.763199999988,851.9061999999881,931.0693000000119,976.1328999999762,1010.5638000000118,1074.876,1207.0216000000237,1399.2716000000237]",10,"[436.1051999999881,596.9741999999881,635.3140999999641,684.2607999999523,743.2322999999524,910.9435999999641,1043.6870999999642,1155.646899999976,1190.6998999999762,1419.6857999999522]","[436.1052999999523,596.9742999999523,635.3140999999641,684.2608999999761,743.2323999999762,910.9435999999641,1043.6870999999642,1155.647,1190.6998999999762,1419.6857999999522]","[""legit_button""]",8.942856884,1.38,8.914285456,1.6835,5.076190301,1.0567,,,,,,resources/images/legit_23.png,legit,1,0.65,0,0,,,,,,,,,,,0,1,1,8,1,,,,,,,,,,,,,,,,,,,,,,,,,,,,,,,,,,,,,,,,,,,,,,,,,,,,,,,,,,,,,,,,,,,,,,,
,,,,,,,,,,,001,2025-05-08_18h46.52.380,SLSINC_O,2022.2.5,Win32,74.62686567,,,,,,,,,,,27,"[197.76,235.86470000004772,379.0547000000477,402.5661000000239,435.1844000000358,470.7445,503.101,533.4841000000238,596.0108000000118,634.5041000000239,682.7223000000118,741.9748000000119,798.6581000000239,805.4431000000238,850.7719999999999,909.9999000000357,930.011,974.9205,1009.5634999999999,1042.4744999999998,1073.7043000000117,1154.6851000000238,1189.9194000000357,1205.9936000000237,1398.1966000000236,1418.8754000000356,1477.4973000000118]","[197.76010000002384,235.86480000001194,379.0547000000477,402.5661000000239,435.1844000000358,470.74460000002387,503.101,533.4842000000476,596.0109000000357,634.5041000000239,682.7223000000118,741.9749000000357,798.6582000000477,805.4432000000477,850.7722000000476,909.9999000000357,930.0111000000238,974.9206000000238,1009.5636000000237,1042.4746000000237,1073.7044000000355,1154.6852000000476,1189.9195,1205.9936000000237,1398.1967000000475,1418.8754000000356,1477.4973000000118]",,16,"[200.61869999998805,237.10869999998812,379.98900000000003,404.07080000001196,471.9448000000119,504.0391000000238,534.6103999999762,800.0473000000119,810.7631000000239,851.9061999999881,931.0693000000119,976.1328999999762,1010.563699999988,1074.876,1207.0214999999998,1399.2714999999998]","[200.6188000000119,237.10869999998812,379.98900000000003,404.0708999999762,471.9448999999762,504.0391000000238,534.6103999999762,800.0473999999762,810.763199999988,851.9061999999881,931.0693000000119,976.1328999999762,1010.5638000000118,1074.876,1207.0216000000237,1399.2716000000237]",11,"[436.1051999999881,596.9741999999881,635.3140999999641,684.2607999999523,743.2322999999524,910.9435999999641,1043.6870999999642,1155.646899999976,1190.6998999999762,1419.6857999999522,1478.565]","[436.1052999999523,596.9742999999523,635.3140999999641,684.2608999999761,743.2323999999762,910.9435999999641,1043.6870999999642,1155.647,1190.6998999999762,1419.6857999999522,1478.565]","[""legit_button""]",7.980952143,1.0513,0.028571363,3.0325,5.009523636,1.3382,,,,,,resources/images/legit_21.png,legit,0.8,0.8,0,0,,,,,,,,,,,0,2,2,7,1,,,,,,,,,,,,,,,,,,,,,,,,,,,,,,,,,,,,,,,,,,,,,,,,,,,,,,,,,,,,,,,,,,,,,,,
,,,,,,,,,,,001,2025-05-08_18h46.52.380,SLSINC_O,2022.2.5,Win32,74.62686567,,,,,,,,,,,28,"[197.76,235.86470000004772,379.0547000000477,402.5661000000239,435.1844000000358,470.7445,503.101,533.4841000000238,596.0108000000118,634.5041000000239,682.7223000000118,741.9748000000119,798.6581000000239,805.4431000000238,850.7719999999999,909.9999000000357,930.011,974.9205,1009.5634999999999,1042.4744999999998,1073.7043000000117,1154.6851000000238,1189.9194000000357,1205.9936000000237,1398.1966000000236,1418.8754000000356,1477.4973000000118,1498.4868000000117]","[197.76010000002384,235.86480000001194,379.0547000000477,402.5661000000239,435.1844000000358,470.74460000002387,503.101,533.4842000000476,596.0109000000357,634.5041000000239,682.7223000000118,741.9749000000357,798.6582000000477,805.4432000000477,850.7722000000476,909.9999000000357,930.0111000000238,974.9206000000238,1009.5636000000237,1042.4746000000237,1073.7044000000355,1154.6852000000476,1189.9195,1205.9936000000237,1398.1967000000475,1418.8754000000356,1477.4973000000118,1498.4868000000117]",,17,"[200.61869999998805,237.10869999998812,379.98900000000003,404.07080000001196,471.9448000000119,504.0391000000238,534.6103999999762,800.0473000000119,810.7631000000239,851.9061999999881,931.0693000000119,976.1328999999762,1010.563699999988,1074.876,1207.0214999999998,1399.2714999999998,1499.675]","[200.6188000000119,237.10869999998812,379.98900000000003,404.0708999999762,471.9448999999762,504.0391000000238,534.6103999999762,800.0473999999762,810.763199999988,851.9061999999881,931.0693000000119,976.1328999999762,1010.5638000000118,1074.876,1207.0216000000237,1399.2716000000237,1499.675]",11,"[436.1051999999881,596.9741999999881,635.3140999999641,684.2607999999523,743.2322999999524,910.9435999999641,1043.6870999999642,1155.646899999976,1190.6998999999762,1419.6857999999522,1478.565]","[436.1052999999523,596.9742999999523,635.3140999999641,684.2608999999761,743.2323999999762,910.9435999999641,1043.6870999999642,1155.647,1190.6998999999762,1419.6857999999522,1478.565]","[""scam_button""]",8.895237837,1.2205,4.95238078,2.0674,4.95238078,0.5456,,,,,,resources/images/scam_20.png,scam,1.45,0.6,0,0,,,,,,,,,,,0,3,3,18,1,,,,,,,,,,,,,,,,,,,,,,,,,,,,,,,,,,,,,,,,,,,,,,,,,,,,,,,,,,,,,,,,,,,,,,,
,,,,,,,,,,,001,2025-05-08_18h46.52.380,SLSINC_O,2022.2.5,Win32,74.62686567,,,,,,,,,,,29,"[197.76,235.86470000004772,379.0547000000477,402.5661000000239,435.1844000000358,470.7445,503.101,533.4841000000238,596.0108000000118,634.5041000000239,682.7223000000118,741.9748000000119,798.6581000000239,805.4431000000238,850.7719999999999,909.9999000000357,930.011,974.9205,1009.5634999999999,1042.4744999999998,1073.7043000000117,1154.6851000000238,1189.9194000000357,1205.9936000000237,1398.1966000000236,1418.8754000000356,1477.4973000000118,1498.4868000000117,1532.0439000000356]","[197.76010000002384,235.86480000001194,379.0547000000477,402.5661000000239,435.1844000000358,470.74460000002387,503.101,533.4842000000476,596.0109000000357,634.5041000000239,682.7223000000118,741.9749000000357,798.6582000000477,805.4432000000477,850.7722000000476,909.9999000000357,930.0111000000238,974.9206000000238,1009.5636000000237,1042.4746000000237,1073.7044000000355,1154.6852000000476,1189.9195,1205.9936000000237,1398.1967000000475,1418.8754000000356,1477.4973000000118,1498.4868000000117,1532.0439999999999]",,18,"[200.61869999998805,237.10869999998812,379.98900000000003,404.07080000001196,471.9448000000119,504.0391000000238,534.6103999999762,800.0473000000119,810.7631000000239,851.9061999999881,931.0693000000119,976.1328999999762,1010.563699999988,1074.876,1207.0214999999998,1399.2714999999998,1499.675,1532.9966999999879]","[200.6188000000119,237.10869999998812,379.98900000000003,404.0708999999762,471.9448999999762,504.0391000000238,534.6103999999762,800.0473999999762,810.763199999988,851.9061999999881,931.0693000000119,976.1328999999762,1010.5638000000118,1074.876,1207.0216000000237,1399.2716000000237,1499.675,1532.9966999999879]",11,"[436.1051999999881,596.9741999999881,635.3140999999641,684.2607999999523,743.2322999999524,910.9435999999641,1043.6870999999642,1155.646899999976,1190.6998999999762,1419.6857999999522,1478.565]","[436.1052999999523,596.9742999999523,635.3140999999641,684.2608999999761,743.2323999999762,910.9435999999641,1043.6870999999642,1155.647,1190.6998999999762,1419.6857999999522,1478.565]","[""scam_button""]",7.038095021,1.1834,4.961904589,0.8139,4.961904589,0.7692,,,,,,resources/images/scam_23.png,scam,1,0.8,0,0,,,,,,,,,,,0,4,4,21,1,,,,,,,,,,,,,,,,,,,,,,,,,,,,,,,,,,,,,,,,,,,,,,,,,,,,,,,,,,,,,,,,,,,,,,,
,,,,,,,,,,,001,2025-05-08_18h46.52.380,SLSINC_O,2022.2.5,Win32,74.62686567,,,,,,,,,,,30,"[197.76,235.86470000004772,379.0547000000477,402.5661000000239,435.1844000000358,470.7445,503.101,533.4841000000238,596.0108000000118,634.5041000000239,682.7223000000118,741.9748000000119,798.6581000000239,805.4431000000238,850.7719999999999,909.9999000000357,930.011,974.9205,1009.5634999999999,1042.4744999999998,1073.7043000000117,1154.6851000000238,1189.9194000000357,1205.9936000000237,1398.1966000000236,1418.8754000000356,1477.4973000000118,1498.4868000000117,1532.0439000000356,1544.7564000000357]","[197.76010000002384,235.86480000001194,379.0547000000477,402.5661000000239,435.1844000000358,470.74460000002387,503.101,533.4842000000476,596.0109000000357,634.5041000000239,682.7223000000118,741.9749000000357,798.6582000000477,805.4432000000477,850.7722000000476,909.9999000000357,930.0111000000238,974.9206000000238,1009.5636000000237,1042.4746000000237,1073.7044000000355,1154.6852000000476,1189.9195,1205.9936000000237,1398.1967000000475,1418.8754000000356,1477.4973000000118,1498.4868000000117,1532.0439999999999,1544.7564000000357]",,19,"[200.61869999998805,237.10869999998812,379.98900000000003,404.07080000001196,471.9448000000119,504.0391000000238,534.6103999999762,800.0473000000119,810.7631000000239,851.9061999999881,931.0693000000119,976.1328999999762,1010.563699999988,1074.876,1207.0214999999998,1399.2714999999998,1499.675,1532.9966999999879,1545.676199999988]","[200.6188000000119,237.10869999998812,379.98900000000003,404.0708999999762,471.9448999999762,504.0391000000238,534.6103999999762,800.0473999999762,810.763199999988,851.9061999999881,931.0693000000119,976.1328999999762,1010.5638000000118,1074.876,1207.0216000000237,1399.2716000000237,1499.675,1532.9966999999879,1545.676199999988]",11,"[436.1051999999881,596.9741999999881,635.3140999999641,684.2607999999523,743.2322999999524,910.9435999999641,1043.6870999999642,1155.646899999976,1190.6998999999762,1419.6857999999522,1478.565]","[436.1052999999523,596.9742999999523,635.3140999999641,684.2608999999761,743.2323999999762,910.9435999999641,1043.6870999999642,1155.647,1190.6998999999762,1419.6857999999522,1478.565]","[""scam_button""]",9.847618769,2.0727,0.009523744,3.0015,4.961904589,1.0497,,,,,,resources/images/scam9.jpg,scam,0.65,0.65,0,0,,,,,,,,,,,0,5,5,1,1,,,,,,,,,,,,,,,,,,,,,,,,,,,,,,,,,,,,,,,,,,,,,,,,,,,,,,,,,,,,,,,,,,,,,,,
,,,,,,,,,,,001,2025-05-08_18h46.52.380,SLSINC_O,2022.2.5,Win32,74.62686567,,,,,,,,,,,31,"[197.76,235.86470000004772,379.0547000000477,402.5661000000239,435.1844000000358,470.7445,503.101,533.4841000000238,596.0108000000118,634.5041000000239,682.7223000000118,741.9748000000119,798.6581000000239,805.4431000000238,850.7719999999999,909.9999000000357,930.011,974.9205,1009.5634999999999,1042.4744999999998,1073.7043000000117,1154.6851000000238,1189.9194000000357,1205.9936000000237,1398.1966000000236,1418.8754000000356,1477.4973000000118,1498.4868000000117,1532.0439000000356,1544.7564000000357,1576.4223000000118]","[197.76010000002384,235.86480000001194,379.0547000000477,402.5661000000239,435.1844000000358,470.74460000002387,503.101,533.4842000000476,596.0109000000357,634.5041000000239,682.7223000000118,741.9749000000357,798.6582000000477,805.4432000000477,850.7722000000476,909.9999000000357,930.0111000000238,974.9206000000238,1009.5636000000237,1042.4746000000237,1073.7044000000355,1154.6852000000476,1189.9195,1205.9936000000237,1398.1967000000475,1418.8754000000356,1477.4973000000118,1498.4868000000117,1532.0439999999999,1544.7564000000357,1576.4224000000356]",,20,"[200.61869999998805,237.10869999998812,379.98900000000003,404.07080000001196,471.9448000000119,504.0391000000238,534.6103999999762,800.0473000000119,810.7631000000239,851.9061999999881,931.0693000000119,976.1328999999762,1010.563699999988,1074.876,1207.0214999999998,1399.2714999999998,1499.675,1532.9966999999879,1545.676199999988,1577.6061000000238]","[200.6188000000119,237.10869999998812,379.98900000000003,404.0708999999762,471.9448999999762,504.0391000000238,534.6103999999762,800.0473999999762,810.763199999988,851.9061999999881,931.0693000000119,976.1328999999762,1010.5638000000118,1074.876,1207.0216000000237,1399.2716000000237,1499.675,1532.9966999999879,1545.676199999988,1577.606399999976]",11,"[436.1051999999881,596.9741999999881,635.3140999999641,684.2607999999523,743.2322999999524,910.9435999999641,1043.6870999999642,1155.646899999976,1190.6998999999762,1419.6857999999522,1478.565]","[436.1052999999523,596.9742999999523,635.3140999999641,684.2608999999761,743.2323999999762,910.9435999999641,1043.6870999999642,1155.647,1190.6998999999762,1419.6857999999522,1478.565]","[""scam_button""]",9.942856862,1.1837,0.047618982,3.3433,4.942856971,0.8905,,,,,,resources/images/scam8.jpg,scam,0.65,0.65,0,0,,,,,,,,,,,0,6,6,0,1,,,,,,,,,,,,,,,,,,,,,,,,,,,,,,,,,,,,,,,,,,,,,,,,,,,,,,,,,,,,,,,,,,,,,,,
,,,,,,,,,,,001,2025-05-08_18h46.52.380,SLSINC_O,2022.2.5,Win32,74.62686567,,,,,,,,,,,32,"[197.76,235.86470000004772,379.0547000000477,402.5661000000239,435.1844000000358,470.7445,503.101,533.4841000000238,596.0108000000118,634.5041000000239,682.7223000000118,741.9748000000119,798.6581000000239,805.4431000000238,850.7719999999999,909.9999000000357,930.011,974.9205,1009.5634999999999,1042.4744999999998,1073.7043000000117,1154.6851000000238,1189.9194000000357,1205.9936000000237,1398.1966000000236,1418.8754000000356,1477.4973000000118,1498.4868000000117,1532.0439000000356,1544.7564000000357,1576.4223000000118,1605.7318000000118]","[197.76010000002384,235.86480000001194,379.0547000000477,402.5661000000239,435.1844000000358,470.74460000002387,503.101,533.4842000000476,596.0109000000357,634.5041000000239,682.7223000000118,741.9749000000357,798.6582000000477,805.4432000000477,850.7722000000476,909.9999000000357,930.0111000000238,974.9206000000238,1009.5636000000237,1042.4746000000237,1073.7044000000355,1154.6852000000476,1189.9195,1205.9936000000237,1398.1967000000475,1418.8754000000356,1477.4973000000118,1498.4868000000117,1532.0439999999999,1544.7564000000357,1576.4224000000356,1605.7318000000118]",,21,"[200.61869999998805,237.10869999998812,379.98900000000003,404.07080000001196,471.9448000000119,504.0391000000238,534.6103999999762,800.0473000000119,810.7631000000239,851.9061999999881,931.0693000000119,976.1328999999762,1010.563699999988,1074.876,1207.0214999999998,1399.2714999999998,1499.675,1532.9966999999879,1545.676199999988,1577.6061000000238,1606.6403999999761]","[200.6188000000119,237.10869999998812,379.98900000000003,404.0708999999762,471.9448999999762,504.0391000000238,534.6103999999762,800.0473999999762,810.763199999988,851.9061999999881,931.0693000000119,976.1328999999762,1010.5638000000118,1074.876,1207.0216000000237,1399.2716000000237,1499.675,1532.9966999999879,1545.676199999988,1577.606399999976,1606.6403999999761]",11,"[436.1051999999881,596.9741999999881,635.3140999999641,684.2607999999523,743.2322999999524,910.9435999999641,1043.6870999999642,1155.646899999976,1190.6998999999762,1419.6857999999522,1478.565]","[436.1052999999523,596.9742999999523,635.3140999999641,684.2608999999761,743.2323999999762,910.9435999999641,1043.6870999999642,1155.647,1190.6998999999762,1419.6857999999522,1478.565]","[""scam_button""]",9.942856862,2.6086,0.009523744,3.1916,4.933333161,0.8378,,,,,,resources/images/scam16.png,scam,0.65,0.65,0,0,,,,,,,,,,,0,7,7,11,1,,,,,,,,,,,,,,,,,,,,,,,,,,,,,,,,,,,,,,,,,,,,,,,,,,,,,,,,,,,,,,,,,,,,,,,
,,,,,,,,,,,001,2025-05-08_18h46.52.380,SLSINC_O,2022.2.5,Win32,74.62686567,,,,,,,,,,,33,"[197.76,235.86470000004772,379.0547000000477,402.5661000000239,435.1844000000358,470.7445,503.101,533.4841000000238,596.0108000000118,634.5041000000239,682.7223000000118,741.9748000000119,798.6581000000239,805.4431000000238,850.7719999999999,909.9999000000357,930.011,974.9205,1009.5634999999999,1042.4744999999998,1073.7043000000117,1154.6851000000238,1189.9194000000357,1205.9936000000237,1398.1966000000236,1418.8754000000356,1477.4973000000118,1498.4868000000117,1532.0439000000356,1544.7564000000357,1576.4223000000118,1605.7318000000118,1649.9606000000238]","[197.76010000002384,235.86480000001194,379.0547000000477,402.5661000000239,435.1844000000358,470.74460000002387,503.101,533.4842000000476,596.0109000000357,634.5041000000239,682.7223000000118,741.9749000000357,798.6582000000477,805.4432000000477,850.7722000000476,909.9999000000357,930.0111000000238,974.9206000000238,1009.5636000000237,1042.4746000000237,1073.7044000000355,1154.6852000000476,1189.9195,1205.9936000000237,1398.1967000000475,1418.8754000000356,1477.4973000000118,1498.4868000000117,1532.0439999999999,1544.7564000000357,1576.4224000000356,1605.7318000000118,1649.9606000000238]",,22,"[200.61869999998805,237.10869999998812,379.98900000000003,404.07080000001196,471.9448000000119,504.0391000000238,534.6103999999762,800.0473000000119,810.7631000000239,851.9061999999881,931.0693000000119,976.1328999999762,1010.563699999988,1074.876,1207.0214999999998,1399.2714999999998,1499.675,1532.9966999999879,1545.676199999988,1577.6061000000238,1606.6403999999761,1650.99]","[200.6188000000119,237.10869999998812,379.98900000000003,404.0708999999762,471.9448999999762,504.0391000000238,534.6103999999762,800.0473999999762,810.763199999988,851.9061999999881,931.0693000000119,976.1328999999762,1010.5638000000118,1074.876,1207.0216000000237,1399.2716000000237,1499.675,1532.9966999999879,1545.676199999988,1577.606399999976,1606.6403999999761,1650.99]",11,"[436.1051999999881,596.9741999999881,635.3140999999641,684.2607999999523,743.2322999999524,910.9435999999641,1043.6870999999642,1155.646899999976,1190.6998999999762,1419.6857999999522,1478.565]","[436.1052999999523,596.9742999999523,635.3140999999641,684.2608999999761,743.2323999999762,910.9435999999641,1043.6870999999642,1155.647,1190.6998999999762,1419.6857999999522,1478.565]","[""scam_button""]",7.009523593,0.9948,0.095238028,2.1584,4.866666496,0.8527,,,,,,resources/images/legit13.jpg,legit,0.65,0.65,0,0,,,,,,,,,,,0,8,8,6,1,,,,,,,,,,,,,,,,,,,,,,,,,,,,,,,,,,,,,,,,,,,,,,,,,,,,,,,,,,,,,,,,,,,,,,,
,,,,,,,,,,,001,2025-05-08_18h46.52.380,SLSINC_O,2022.2.5,Win32,74.62686567,,,,,,,,,,,34,"[197.76,235.86470000004772,379.0547000000477,402.5661000000239,435.1844000000358,470.7445,503.101,533.4841000000238,596.0108000000118,634.5041000000239,682.7223000000118,741.9748000000119,798.6581000000239,805.4431000000238,850.7719999999999,909.9999000000357,930.011,974.9205,1009.5634999999999,1042.4744999999998,1073.7043000000117,1154.6851000000238,1189.9194000000357,1205.9936000000237,1398.1966000000236,1418.8754000000356,1477.4973000000118,1498.4868000000117,1532.0439000000356,1544.7564000000357,1576.4223000000118,1605.7318000000118,1649.9606000000238,1686.3204999999998]","[197.76010000002384,235.86480000001194,379.0547000000477,402.5661000000239,435.1844000000358,470.74460000002387,503.101,533.4842000000476,596.0109000000357,634.5041000000239,682.7223000000118,741.9749000000357,798.6582000000477,805.4432000000477,850.7722000000476,909.9999000000357,930.0111000000238,974.9206000000238,1009.5636000000237,1042.4746000000237,1073.7044000000355,1154.6852000000476,1189.9195,1205.9936000000237,1398.1967000000475,1418.8754000000356,1477.4973000000118,1498.4868000000117,1532.0439999999999,1544.7564000000357,1576.4224000000356,1605.7318000000118,1649.9606000000238,1686.3206000000237]",,22,"[200.61869999998805,237.10869999998812,379.98900000000003,404.07080000001196,471.9448000000119,504.0391000000238,534.6103999999762,800.0473000000119,810.7631000000239,851.9061999999881,931.0693000000119,976.1328999999762,1010.563699999988,1074.876,1207.0214999999998,1399.2714999999998,1499.675,1532.9966999999879,1545.676199999988,1577.6061000000238,1606.6403999999761,1650.99]","[200.6188000000119,237.10869999998812,379.98900000000003,404.0708999999762,471.9448999999762,504.0391000000238,534.6103999999762,800.0473999999762,810.763199999988,851.9061999999881,931.0693000000119,976.1328999999762,1010.5638000000118,1074.876,1207.0216000000237,1399.2716000000237,1499.675,1532.9966999999879,1545.676199999988,1577.606399999976,1606.6403999999761,1650.99]",12,"[436.1051999999881,596.9741999999881,635.3140999999641,684.2607999999523,743.2322999999524,910.9435999999641,1043.6870999999642,1155.646899999976,1190.6998999999762,1419.6857999999522,1478.565,1687.1667999999524]","[436.1052999999523,596.9742999999523,635.3140999999641,684.2608999999761,743.2323999999762,910.9435999999641,1043.6870999999642,1155.647,1190.6998999999762,1419.6857999999522,1478.565,1687.1667999999524]","[""legit_button""]",7.866666431,1.4768,2.038095129,1.8617,4.961904589,1.1288,,,,,,resources/images/legit16.jpg,legit,0.65,0.65,0,0,,,,,,,,,,,0,9,9,15,1,,,,,,,,,,,,,,,,,,,,,,,,,,,,,,,,,,,,,,,,,,,,,,,,,,,,,,,,,,,,,,,,,,,,,,,
,,,,,,,,,,,001,2025-05-08_18h46.52.380,SLSINC_O,2022.2.5,Win32,74.62686567,,,,,,,,,,,35,"[197.76,235.86470000004772,379.0547000000477,402.5661000000239,435.1844000000358,470.7445,503.101,533.4841000000238,596.0108000000118,634.5041000000239,682.7223000000118,741.9748000000119,798.6581000000239,805.4431000000238,850.7719999999999,909.9999000000357,930.011,974.9205,1009.5634999999999,1042.4744999999998,1073.7043000000117,1154.6851000000238,1189.9194000000357,1205.9936000000237,1398.1966000000236,1418.8754000000356,1477.4973000000118,1498.4868000000117,1532.0439000000356,1544.7564000000357,1576.4223000000118,1605.7318000000118,1649.9606000000238,1686.3204999999998,1721.2398000000119]","[197.76010000002384,235.86480000001194,379.0547000000477,402.5661000000239,435.1844000000358,470.74460000002387,503.101,533.4842000000476,596.0109000000357,634.5041000000239,682.7223000000118,741.9749000000357,798.6582000000477,805.4432000000477,850.7722000000476,909.9999000000357,930.0111000000238,974.9206000000238,1009.5636000000237,1042.4746000000237,1073.7044000000355,1154.6852000000476,1189.9195,1205.9936000000237,1398.1967000000475,1418.8754000000356,1477.4973000000118,1498.4868000000117,1532.0439999999999,1544.7564000000357,1576.4224000000356,1605.7318000000118,1649.9606000000238,1686.3206000000237,1721.2398000000119]",,23,"[200.61869999998805,237.10869999998812,379.98900000000003,404.07080000001196,471.9448000000119,504.0391000000238,534.6103999999762,800.0473000000119,810.7631000000239,851.9061999999881,931.0693000000119,976.1328999999762,1010.563699999988,1074.876,1207.0214999999998,1399.2714999999998,1499.675,1532.9966999999879,1545.676199999988,1577.6061000000238,1606.6403999999761,1650.99,1722.3083000000117]","[200.6188000000119,237.10869999998812,379.98900000000003,404.0708999999762,471.9448999999762,504.0391000000238,534.6103999999762,800.0473999999762,810.763199999988,851.9061999999881,931.0693000000119,976.1328999999762,1010.5638000000118,1074.876,1207.0216000000237,1399.2716000000237,1499.675,1532.9966999999879,1545.676199999988,1577.606399999976,1606.6403999999761,1650.99,1722.3083000000117]",12,"[436.1051999999881,596.9741999999881,635.3140999999641,684.2607999999523,743.2322999999524,910.9435999999641,1043.6870999999642,1155.646899999976,1190.6998999999762,1419.6857999999522,1478.565,1687.1667999999524]","[436.1052999999523,596.9742999999523,635.3140999999641,684.2608999999761,743.2323999999762,910.9435999999641,1043.6870999999642,1155.647,1190.6998999999762,1419.6857999999522,1478.565,1687.1667999999524]","[""scam_button""]",5.038095064,1.2633,0.038095172,1.4968,5.028571255,1.0065,,,,,,resources/images/legit_19.png,legit,0.65,0.65,0,0,,,,,,,,,,,0,10,10,4,1,,,,,,,,,,,,,,,,,,,,,,,,,,,,,,,,,,,,,,,,,,,,,,,,,,,,,,,,,,,,,,,,,,,,,,,
,,,,,,,,,,,001,2025-05-08_18h46.52.380,SLSINC_O,2022.2.5,Win32,74.62686567,,,,,,,,,,,36,"[197.76,235.86470000004772,379.0547000000477,402.5661000000239,435.1844000000358,470.7445,503.101,533.4841000000238,596.0108000000118,634.5041000000239,682.7223000000118,741.9748000000119,798.6581000000239,805.4431000000238,850.7719999999999,909.9999000000357,930.011,974.9205,1009.5634999999999,1042.4744999999998,1073.7043000000117,1154.6851000000238,1189.9194000000357,1205.9936000000237,1398.1966000000236,1418.8754000000356,1477.4973000000118,1498.4868000000117,1532.0439000000356,1544.7564000000357,1576.4223000000118,1605.7318000000118,1649.9606000000238,1686.3204999999998,1721.2398000000119,1750.732]","[197.76010000002384,235.86480000001194,379.0547000000477,402.5661000000239,435.1844000000358,470.74460000002387,503.101,533.4842000000476,596.0109000000357,634.5041000000239,682.7223000000118,741.9749000000357,798.6582000000477,805.4432000000477,850.7722000000476,909.9999000000357,930.0111000000238,974.9206000000238,1009.5636000000237,1042.4746000000237,1073.7044000000355,1154.6852000000476,1189.9195,1205.9936000000237,1398.1967000000475,1418.8754000000356,1477.4973000000118,1498.4868000000117,1532.0439999999999,1544.7564000000357,1576.4224000000356,1605.7318000000118,1649.9606000000238,1686.3206000000237,1721.2398000000119,1750.732]",,23,"[200.61869999998805,237.10869999998812,379.98900000000003,404.07080000001196,471.9448000000119,504.0391000000238,534.6103999999762,800.0473000000119,810.7631000000239,851.9061999999881,931.0693000000119,976.1328999999762,1010.563699999988,1074.876,1207.0214999999998,1399.2714999999998,1499.675,1532.9966999999879,1545.676199999988,1577.6061000000238,1606.6403999999761,1650.99,1722.3083000000117]","[200.6188000000119,237.10869999998812,379.98900000000003,404.0708999999762,471.9448999999762,504.0391000000238,534.6103999999762,800.0473999999762,810.763199999988,851.9061999999881,931.0693000000119,976.1328999999762,1010.5638000000118,1074.876,1207.0216000000237,1399.2716000000237,1499.675,1532.9966999999879,1545.676199999988,1577.606399999976,1606.6403999999761,1650.99,1722.3083000000117]",13,"[436.1051999999881,596.9741999999881,635.3140999999641,684.2607999999523,743.2322999999524,910.9435999999641,1043.6870999999642,1155.646899999976,1190.6998999999762,1419.6857999999522,1478.565,1687.1667999999524,1751.752]","[436.1052999999523,596.9742999999523,635.3140999999641,684.2608999999761,743.2323999999762,910.9435999999641,1043.6870999999642,1155.647,1190.6998999999762,1419.6857999999522,1478.565,1687.1667999999524,1751.752]","[""legit_button""]",4.876190305,0.7884,0.07619041,1.0644,4.895237924,0.9864,,,,,,resources/images/legit_30.png,legit,1,0.85,0,0,,,,,,,,,,,0,11,11,16,1,,,,,,,,,,,,,,,,,,,,,,,,,,,,,,,,,,,,,,,,,,,,,,,,,,,,,,,,,,,,,,,,,,,,,,,
,,,,,,,,,,,001,2025-05-08_18h46.52.380,SLSINC_O,2022.2.5,Win32,74.62686567,,,,,,,,,,,37,"[197.76,235.86470000004772,379.0547000000477,402.5661000000239,435.1844000000358,470.7445,503.101,533.4841000000238,596.0108000000118,634.5041000000239,682.7223000000118,741.9748000000119,798.6581000000239,805.4431000000238,850.7719999999999,909.9999000000357,930.011,974.9205,1009.5634999999999,1042.4744999999998,1073.7043000000117,1154.6851000000238,1189.9194000000357,1205.9936000000237,1398.1966000000236,1418.8754000000356,1477.4973000000118,1498.4868000000117,1532.0439000000356,1544.7564000000357,1576.4223000000118,1605.7318000000118,1649.9606000000238,1686.3204999999998,1721.2398000000119,1750.732,1853.8029999999999]","[197.76010000002384,235.86480000001194,379.0547000000477,402.5661000000239,435.1844000000358,470.74460000002387,503.101,533.4842000000476,596.0109000000357,634.5041000000239,682.7223000000118,741.9749000000357,798.6582000000477,805.4432000000477,850.7722000000476,909.9999000000357,930.0111000000238,974.9206000000238,1009.5636000000237,1042.4746000000237,1073.7044000000355,1154.6852000000476,1189.9195,1205.9936000000237,1398.1967000000475,1418.8754000000356,1477.4973000000118,1498.4868000000117,1532.0439999999999,1544.7564000000357,1576.4224000000356,1605.7318000000118,1649.9606000000238,1686.3206000000237,1721.2398000000119,1750.732,1853.8032000000476]",,23,"[200.61869999998805,237.10869999998812,379.98900000000003,404.07080000001196,471.9448000000119,504.0391000000238,534.6103999999762,800.0473000000119,810.7631000000239,851.9061999999881,931.0693000000119,976.1328999999762,1010.563699999988,1074.876,1207.0214999999998,1399.2714999999998,1499.675,1532.9966999999879,1545.676199999988,1577.6061000000238,1606.6403999999761,1650.99,1722.3083000000117]","[200.6188000000119,237.10869999998812,379.98900000000003,404.0708999999762,471.9448999999762,504.0391000000238,534.6103999999762,800.0473999999762,810.763199999988,851.9061999999881,931.0693000000119,976.1328999999762,1010.5638000000118,1074.876,1207.0216000000237,1399.2716000000237,1499.675,1532.9966999999879,1545.676199999988,1577.606399999976,1606.6403999999761,1650.99,1722.3083000000117]",14,"[436.1051999999881,596.9741999999881,635.3140999999641,684.2607999999523,743.2322999999524,910.9435999999641,1043.6870999999642,1155.646899999976,1190.6998999999762,1419.6857999999522,1478.565,1687.1667999999524,1751.752,1854.8613999999761]","[436.1052999999523,596.9742999999523,635.3140999999641,684.2608999999761,743.2323999999762,910.9435999999641,1043.6870999999642,1155.647,1190.6998999999762,1419.6857999999522,1478.565,1687.1667999999524,1751.752,1854.8613999999761]","[""legit_button""]",4.895237924,1.1535,4.961904589,1.1028,4.961904589,0.4965,,,,,,resources/images/legit_20.png,legit,0.9,0.8,0,0,,,,,,,,,,,0,12,12,3,1,,,,,,,,,,,,,,,,,,,,,,,,,,,,,,,,,,,,,,,,,,,,,,,,,,,,,,,,,,,,,,,,,,,,,,,
,,,,,,,,,,,001,2025-05-08_18h46.52.380,SLSINC_O,2022.2.5,Win32,74.62686567,,,,,,,,,,,38,"[197.76,235.86470000004772,379.0547000000477,402.5661000000239,435.1844000000358,470.7445,503.101,533.4841000000238,596.0108000000118,634.5041000000239,682.7223000000118,741.9748000000119,798.6581000000239,805.4431000000238,850.7719999999999,909.9999000000357,930.011,974.9205,1009.5634999999999,1042.4744999999998,1073.7043000000117,1154.6851000000238,1189.9194000000357,1205.9936000000237,1398.1966000000236,1418.8754000000356,1477.4973000000118,1498.4868000000117,1532.0439000000356,1544.7564000000357,1576.4223000000118,1605.7318000000118,1649.9606000000238,1686.3204999999998,1721.2398000000119,1750.732,1853.8029999999999,1858.1096000000236]","[197.76010000002384,235.86480000001194,379.0547000000477,402.5661000000239,435.1844000000358,470.74460000002387,503.101,533.4842000000476,596.0109000000357,634.5041000000239,682.7223000000118,741.9749000000357,798.6582000000477,805.4432000000477,850.7722000000476,909.9999000000357,930.0111000000238,974.9206000000238,1009.5636000000237,1042.4746000000237,1073.7044000000355,1154.6852000000476,1189.9195,1205.9936000000237,1398.1967000000475,1418.8754000000356,1477.4973000000118,1498.4868000000117,1532.0439999999999,1544.7564000000357,1576.4224000000356,1605.7318000000118,1649.9606000000238,1686.3206000000237,1721.2398000000119,1750.732,1853.8032000000476,1858.1096000000236]",,24,"[200.61869999998805,237.10869999998812,379.98900000000003,404.07080000001196,471.9448000000119,504.0391000000238,534.6103999999762,800.0473000000119,810.7631000000239,851.9061999999881,931.0693000000119,976.1328999999762,1010.563699999988,1074.876,1207.0214999999998,1399.2714999999998,1499.675,1532.9966999999879,1545.676199999988,1577.6061000000238,1606.6403999999761,1650.99,1722.3083000000117,1862.229699999988]","[200.6188000000119,237.10869999998812,379.98900000000003,404.0708999999762,471.9448999999762,504.0391000000238,534.6103999999762,800.0473999999762,810.763199999988,851.9061999999881,931.0693000000119,976.1328999999762,1010.5638000000118,1074.876,1207.0216000000237,1399.2716000000237,1499.675,1532.9966999999879,1545.676199999988,1577.606399999976,1606.6403999999761,1650.99,1722.3083000000117,1862.229699999988]",14,"[436.1051999999881,596.9741999999881,635.3140999999641,684.2607999999523,743.2322999999524,910.9435999999641,1043.6870999999642,1155.646899999976,1190.6998999999762,1419.6857999999522,1478.565,1687.1667999999524,1751.752,1854.8613999999761]","[436.1052999999523,596.9742999999523,635.3140999999641,684.2608999999761,743.2323999999762,910.9435999999641,1043.6870999999642,1155.647,1190.6998999999762,1419.6857999999522,1478.565,1687.1667999999524,1751.752,1854.8613999999761]","[""scam_button""]",5.028571255,1.4568,5.028571255,0.8906,4.914285543,4.2451,,,,,,resources/images/legit_22.png,legit,1,0.78,0,0,,,,,,,,,,,0,13,13,9,1,,,,,,,,,,,,,,,,,,,,,,,,,,,,,,,,,,,,,,,,,,,,,,,,,,,,,,,,,,,,,,,,,,,,,,,
,,,,,,,,,,,001,2025-05-08_18h46.52.380,SLSINC_O,2022.2.5,Win32,74.62686567,,,,,,,,,,,39,"[197.76,235.86470000004772,379.0547000000477,402.5661000000239,435.1844000000358,470.7445,503.101,533.4841000000238,596.0108000000118,634.5041000000239,682.7223000000118,741.9748000000119,798.6581000000239,805.4431000000238,850.7719999999999,909.9999000000357,930.011,974.9205,1009.5634999999999,1042.4744999999998,1073.7043000000117,1154.6851000000238,1189.9194000000357,1205.9936000000237,1398.1966000000236,1418.8754000000356,1477.4973000000118,1498.4868000000117,1532.0439000000356,1544.7564000000357,1576.4223000000118,1605.7318000000118,1649.9606000000238,1686.3204999999998,1721.2398000000119,1750.732,1853.8029999999999,1858.1096000000236,1912.9384999999997]","[197.76010000002384,235.86480000001194,379.0547000000477,402.5661000000239,435.1844000000358,470.74460000002387,503.101,533.4842000000476,596.0109000000357,634.5041000000239,682.7223000000118,741.9749000000357,798.6582000000477,805.4432000000477,850.7722000000476,909.9999000000357,930.0111000000238,974.9206000000238,1009.5636000000237,1042.4746000000237,1073.7044000000355,1154.6852000000476,1189.9195,1205.9936000000237,1398.1967000000475,1418.8754000000356,1477.4973000000118,1498.4868000000117,1532.0439999999999,1544.7564000000357,1576.4224000000356,1605.7318000000118,1649.9606000000238,1686.3206000000237,1721.2398000000119,1750.732,1853.8032000000476,1858.1096000000236,1912.9386000000236]",,25,"[200.61869999998805,237.10869999998812,379.98900000000003,404.07080000001196,471.9448000000119,504.0391000000238,534.6103999999762,800.0473000000119,810.7631000000239,851.9061999999881,931.0693000000119,976.1328999999762,1010.563699999988,1074.876,1207.0214999999998,1399.2714999999998,1499.675,1532.9966999999879,1545.676199999988,1577.6061000000238,1606.6403999999761,1650.99,1722.3083000000117,1862.229699999988,1914.0375]","[200.6188000000119,237.10869999998812,379.98900000000003,404.0708999999762,471.9448999999762,504.0391000000238,534.6103999999762,800.0473999999762,810.763199999988,851.9061999999881,931.0693000000119,976.1328999999762,1010.5638000000118,1074.876,1207.0216000000237,1399.2716000000237,1499.675,1532.9966999999879,1545.676199999988,1577.606399999976,1606.6403999999761,1650.99,1722.3083000000117,1862.229699999988,1914.0376000000238]",14,"[436.1051999999881,596.9741999999881,635.3140999999641,684.2607999999523,743.2322999999524,910.9435999999641,1043.6870999999642,1155.646899999976,1190.6998999999762,1419.6857999999522,1478.565,1687.1667999999524,1751.752,1854.8613999999761]","[436.1052999999523,596.9742999999523,635.3140999999641,684.2608999999761,743.2323999999762,910.9435999999641,1043.6870999999642,1155.647,1190.6998999999762,1419.6857999999522,1478.565,1687.1667999999524,1751.752,1854.8613999999761]","[""scam_button""]",5.009523636,1.1754,5.009523636,0.5369,5.009523636,0.5738,,,,,,resources/images/legitimate_18.png,legit,1,0.65,0,0,,,,,,,,,,,0,14,14,17,1,,,,,,,,,,,,,,,,,,,,,,,,,,,,,,,,,,,,,,,,,,,,,,,,,,,,,,,,,,,,,,,,,,,,,,,
,,,,,,,,,,,001,2025-05-08_18h46.52.380,SLSINC_O,2022.2.5,Win32,74.62686567,,,,,,,,,,,40,"[197.76,235.86470000004772,379.0547000000477,402.5661000000239,435.1844000000358,470.7445,503.101,533.4841000000238,596.0108000000118,634.5041000000239,682.7223000000118,741.9748000000119,798.6581000000239,805.4431000000238,850.7719999999999,909.9999000000357,930.011,974.9205,1009.5634999999999,1042.4744999999998,1073.7043000000117,1154.6851000000238,1189.9194000000357,1205.9936000000237,1398.1966000000236,1418.8754000000356,1477.4973000000118,1498.4868000000117,1532.0439000000356,1544.7564000000357,1576.4223000000118,1605.7318000000118,1649.9606000000238,1686.3204999999998,1721.2398000000119,1750.732,1853.8029999999999,1858.1096000000236,1912.9384999999997,1953.8079000000357]","[197.76010000002384,235.86480000001194,379.0547000000477,402.5661000000239,435.1844000000358,470.74460000002387,503.101,533.4842000000476,596.0109000000357,634.5041000000239,682.7223000000118,741.9749000000357,798.6582000000477,805.4432000000477,850.7722000000476,909.9999000000357,930.0111000000238,974.9206000000238,1009.5636000000237,1042.4746000000237,1073.7044000000355,1154.6852000000476,1189.9195,1205.9936000000237,1398.1967000000475,1418.8754000000356,1477.4973000000118,1498.4868000000117,1532.0439999999999,1544.7564000000357,1576.4224000000356,1605.7318000000118,1649.9606000000238,1686.3206000000237,1721.2398000000119,1750.732,1853.8032000000476,1858.1096000000236,1912.9386000000236,1953.8079999999998]",,26,"[200.61869999998805,237.10869999998812,379.98900000000003,404.07080000001196,471.9448000000119,504.0391000000238,534.6103999999762,800.0473000000119,810.7631000000239,851.9061999999881,931.0693000000119,976.1328999999762,1010.563699999988,1074.876,1207.0214999999998,1399.2714999999998,1499.675,1532.9966999999879,1545.676199999988,1577.6061000000238,1606.6403999999761,1650.99,1722.3083000000117,1862.229699999988,1914.0375,1954.7111000000236]","[200.6188000000119,237.10869999998812,379.98900000000003,404.0708999999762,471.9448999999762,504.0391000000238,534.6103999999762,800.0473999999762,810.763199999988,851.9061999999881,931.0693000000119,976.1328999999762,1010.5638000000118,1074.876,1207.0216000000237,1399.2716000000237,1499.675,1532.9966999999879,1545.676199999988,1577.606399999976,1606.6403999999761,1650.99,1722.3083000000117,1862.229699999988,1914.0376000000238,1954.7111000000236]",14,"[436.1051999999881,596.9741999999881,635.3140999999641,684.2607999999523,743.2322999999524,910.9435999999641,1043.6870999999642,1155.646899999976,1190.6998999999762,1419.6857999999522,1478.565,1687.1667999999524,1751.752,1854.8613999999761]","[436.1052999999523,596.9742999999523,635.3140999999641,684.2608999999761,743.2323999999762,910.9435999999641,1043.6870999999642,1155.647,1190.6998999999762,1419.6857999999522,1478.565,1687.1667999999524,1751.752,1854.8613999999761]","[""scam_button""]",8.980952121,2.104,0.152380884,4.06,4.838095068,1.0244,,,,,,resources/images/scam18.png,scam,1,0.65,0,0,,,,,,,,,,,0,15,15,14,1,,,,,,,,,,,,,,,,,,,,,,,,,,,,,,,,,,,,,,,,,,,,,,,,,,,,,,,,,,,,,,,,,,,,,,,
,,,,,,,,,,,001,2025-05-08_18h46.52.380,SLSINC_O,2022.2.5,Win32,74.62686567,,,,,,,,,,,41,"[197.76,235.86470000004772,379.0547000000477,402.5661000000239,435.1844000000358,470.7445,503.101,533.4841000000238,596.0108000000118,634.5041000000239,682.7223000000118,741.9748000000119,798.6581000000239,805.4431000000238,850.7719999999999,909.9999000000357,930.011,974.9205,1009.5634999999999,1042.4744999999998,1073.7043000000117,1154.6851000000238,1189.9194000000357,1205.9936000000237,1398.1966000000236,1418.8754000000356,1477.4973000000118,1498.4868000000117,1532.0439000000356,1544.7564000000357,1576.4223000000118,1605.7318000000118,1649.9606000000238,1686.3204999999998,1721.2398000000119,1750.732,1853.8029999999999,1858.1096000000236,1912.9384999999997,1953.8079000000357,2008.6629999999998]","[197.76010000002384,235.86480000001194,379.0547000000477,402.5661000000239,435.1844000000358,470.74460000002387,503.101,533.4842000000476,596.0109000000357,634.5041000000239,682.7223000000118,741.9749000000357,798.6582000000477,805.4432000000477,850.7722000000476,909.9999000000357,930.0111000000238,974.9206000000238,1009.5636000000237,1042.4746000000237,1073.7044000000355,1154.6852000000476,1189.9195,1205.9936000000237,1398.1967000000475,1418.8754000000356,1477.4973000000118,1498.4868000000117,1532.0439999999999,1544.7564000000357,1576.4224000000356,1605.7318000000118,1649.9606000000238,1686.3206000000237,1721.2398000000119,1750.732,1853.8032000000476,1858.1096000000236,1912.9386000000236,1953.8079999999998,2008.6632000000475]",,27,"[200.61869999998805,237.10869999998812,379.98900000000003,404.07080000001196,471.9448000000119,504.0391000000238,534.6103999999762,800.0473000000119,810.7631000000239,851.9061999999881,931.0693000000119,976.1328999999762,1010.563699999988,1074.876,1207.0214999999998,1399.2714999999998,1499.675,1532.9966999999879,1545.676199999988,1577.6061000000238,1606.6403999999761,1650.99,1722.3083000000117,1862.229699999988,1914.0375,1954.7111000000236,2010.645699999988]","[200.6188000000119,237.10869999998812,379.98900000000003,404.0708999999762,471.9448999999762,504.0391000000238,534.6103999999762,800.0473999999762,810.763199999988,851.9061999999881,931.0693000000119,976.1328999999762,1010.5638000000118,1074.876,1207.0216000000237,1399.2716000000237,1499.675,1532.9966999999879,1545.676199999988,1577.606399999976,1606.6403999999761,1650.99,1722.3083000000117,1862.229699999988,1914.0376000000238,1954.7111000000236,2010.645899999976]",14,"[436.1051999999881,596.9741999999881,635.3140999999641,684.2607999999523,743.2322999999524,910.9435999999641,1043.6870999999642,1155.646899999976,1190.6998999999762,1419.6857999999522,1478.565,1687.1667999999524,1751.752,1854.8613999999761]","[436.1052999999523,596.9742999999523,635.3140999999641,684.2608999999761,743.2323999999762,910.9435999999641,1043.6870999999642,1155.647,1190.6998999999762,1419.6857999999522,1478.565,1687.1667999999524,1751.752,1854.8613999999761]","[""scam_button""]",5.047618873,0.9736,0.123809456,3.3419,5.009523636,0.8589,,,,,,resources/images/scam_21.png,scam,1,0.65,0,0,,,,,,,,,,,0,16,16,19,1,,,,,,,,,,,,,,,,,,,,,,,,,,,,,,,,,,,,,,,,,,,,,,,,,,,,,,,,,,,,,,,,,,,,,,,
,,,,,,,,,,,001,2025-05-08_18h46.52.380,SLSINC_O,2022.2.5,Win32,74.62686567,,,,,,,,,,,42,"[197.76,235.86470000004772,379.0547000000477,402.5661000000239,435.1844000000358,470.7445,503.101,533.4841000000238,596.0108000000118,634.5041000000239,682.7223000000118,741.9748000000119,798.6581000000239,805.4431000000238,850.7719999999999,909.9999000000357,930.011,974.9205,1009.5634999999999,1042.4744999999998,1073.7043000000117,1154.6851000000238,1189.9194000000357,1205.9936000000237,1398.1966000000236,1418.8754000000356,1477.4973000000118,1498.4868000000117,1532.0439000000356,1544.7564000000357,1576.4223000000118,1605.7318000000118,1649.9606000000238,1686.3204999999998,1721.2398000000119,1750.732,1853.8029999999999,1858.1096000000236,1912.9384999999997,1953.8079000000357,2008.6629999999998,2053.765300000012]","[197.76010000002384,235.86480000001194,379.0547000000477,402.5661000000239,435.1844000000358,470.74460000002387,503.101,533.4842000000476,596.0109000000357,634.5041000000239,682.7223000000118,741.9749000000357,798.6582000000477,805.4432000000477,850.7722000000476,909.9999000000357,930.0111000000238,974.9206000000238,1009.5636000000237,1042.4746000000237,1073.7044000000355,1154.6852000000476,1189.9195,1205.9936000000237,1398.1967000000475,1418.8754000000356,1477.4973000000118,1498.4868000000117,1532.0439999999999,1544.7564000000357,1576.4224000000356,1605.7318000000118,1649.9606000000238,1686.3206000000237,1721.2398000000119,1750.732,1853.8032000000476,1858.1096000000236,1912.9386000000236,1953.8079999999998,2008.6632000000475,2053.7654000000357]",,28,"[200.61869999998805,237.10869999998812,379.98900000000003,404.07080000001196,471.9448000000119,504.0391000000238,534.6103999999762,800.0473000000119,810.7631000000239,851.9061999999881,931.0693000000119,976.1328999999762,1010.563699999988,1074.876,1207.0214999999998,1399.2714999999998,1499.675,1532.9966999999879,1545.676199999988,1577.6061000000238,1606.6403999999761,1650.99,1722.3083000000117,1862.229699999988,1914.0375,1954.7111000000236,2010.645699999988,2054.803699999988]","[200.6188000000119,237.10869999998812,379.98900000000003,404.0708999999762,471.9448999999762,504.0391000000238,534.6103999999762,800.0473999999762,810.763199999988,851.9061999999881,931.0693000000119,976.1328999999762,1010.5638000000118,1074.876,1207.0216000000237,1399.2716000000237,1499.675,1532.9966999999879,1545.676199999988,1577.606399999976,1606.6403999999761,1650.99,1722.3083000000117,1862.229699999988,1914.0376000000238,1954.7111000000236,2010.645899999976,2054.803800000012]",14,"[436.1051999999881,596.9741999999881,635.3140999999641,684.2607999999523,743.2322999999524,910.9435999999641,1043.6870999999642,1155.646899999976,1190.6998999999762,1419.6857999999522,1478.565,1687.1667999999524,1751.752,1854.8613999999761]","[436.1052999999523,596.9742999999523,635.3140999999641,684.2608999999761,743.2323999999762,910.9435999999641,1043.6870999999642,1155.647,1190.6998999999762,1419.6857999999522,1478.565,1687.1667999999524,1751.752,1854.8613999999761]","[""scam_button""]",5.028571255,1.6515,4.885714115,0.8927,4.885714115,0.4988,,,,,,resources/images/scam15.jpg,scam,0.65,0.65,0,0,,,,,,,,,,,0,17,17,10,1,,,,,,,,,,,,,,,,,,,,,,,,,,,,,,,,,,,,,,,,,,,,,,,,,,,,,,,,,,,,,,,,,,,,,,,
,,,,,,,,,,,001,2025-05-08_18h46.52.380,SLSINC_O,2022.2.5,Win32,74.62686567,,,,,,,,,,,43,"[197.76,235.86470000004772,379.0547000000477,402.5661000000239,435.1844000000358,470.7445,503.101,533.4841000000238,596.0108000000118,634.5041000000239,682.7223000000118,741.9748000000119,798.6581000000239,805.4431000000238,850.7719999999999,909.9999000000357,930.011,974.9205,1009.5634999999999,1042.4744999999998,1073.7043000000117,1154.6851000000238,1189.9194000000357,1205.9936000000237,1398.1966000000236,1418.8754000000356,1477.4973000000118,1498.4868000000117,1532.0439000000356,1544.7564000000357,1576.4223000000118,1605.7318000000118,1649.9606000000238,1686.3204999999998,1721.2398000000119,1750.732,1853.8029999999999,1858.1096000000236,1912.9384999999997,1953.8079000000357,2008.6629999999998,2053.765300000012,2094.3944000000356]","[197.76010000002384,235.86480000001194,379.0547000000477,402.5661000000239,435.1844000000358,470.74460000002387,503.101,533.4842000000476,596.0109000000357,634.5041000000239,682.7223000000118,741.9749000000357,798.6582000000477,805.4432000000477,850.7722000000476,909.9999000000357,930.0111000000238,974.9206000000238,1009.5636000000237,1042.4746000000237,1073.7044000000355,1154.6852000000476,1189.9195,1205.9936000000237,1398.1967000000475,1418.8754000000356,1477.4973000000118,1498.4868000000117,1532.0439999999999,1544.7564000000357,1576.4224000000356,1605.7318000000118,1649.9606000000238,1686.3206000000237,1721.2398000000119,1750.732,1853.8032000000476,1858.1096000000236,1912.9386000000236,1953.8079999999998,2008.6632000000475,2053.7654000000357,2094.3945]",,28,"[200.61869999998805,237.10869999998812,379.98900000000003,404.07080000001196,471.9448000000119,504.0391000000238,534.6103999999762,800.0473000000119,810.7631000000239,851.9061999999881,931.0693000000119,976.1328999999762,1010.563699999988,1074.876,1207.0214999999998,1399.2714999999998,1499.675,1532.9966999999879,1545.676199999988,1577.6061000000238,1606.6403999999761,1650.99,1722.3083000000117,1862.229699999988,1914.0375,1954.7111000000236,2010.645699999988,2054.803699999988]","[200.6188000000119,237.10869999998812,379.98900000000003,404.0708999999762,471.9448999999762,504.0391000000238,534.6103999999762,800.0473999999762,810.763199999988,851.9061999999881,931.0693000000119,976.1328999999762,1010.5638000000118,1074.876,1207.0216000000237,1399.2716000000237,1499.675,1532.9966999999879,1545.676199999988,1577.606399999976,1606.6403999999761,1650.99,1722.3083000000117,1862.229699999988,1914.0376000000238,1954.7111000000236,2010.645899999976,2054.803800000012]",15,"[436.1051999999881,596.9741999999881,635.3140999999641,684.2607999999523,743.2322999999524,910.9435999999641,1043.6870999999642,1155.646899999976,1190.6998999999762,1419.6857999999522,1478.565,1687.1667999999524,1751.752,1854.8613999999761,2095.2884999999997]","[436.1052999999523,596.9742999999523,635.3140999999641,684.2608999999761,743.2323999999762,910.9435999999641,1043.6870999999642,1155.647,1190.6998999999762,1419.6857999999522,1478.565,1687.1667999999524,1751.752,1854.8613999999761,2095.2884999999997]","[""legit_button""]",4.933333161,1.3671,0.028571363,1.8029,5.123809348,0.9372,,,,,,resources/images/legit12.jpg,legit,1,0.65,0,0,,,,,,,,,,,0,18,18,5,1,,,,,,,,,,,,,,,,,,,,,,,,,,,,,,,,,,,,,,,,,,,,,,,,,,,,,,,,,,,,,,,,,,,,,,,
,,,,,,,,,,,001,2025-05-08_18h46.52.380,SLSINC_O,2022.2.5,Win32,74.62686567,,,,,,,,,,,44,"[197.76,235.86470000004772,379.0547000000477,402.5661000000239,435.1844000000358,470.7445,503.101,533.4841000000238,596.0108000000118,634.5041000000239,682.7223000000118,741.9748000000119,798.6581000000239,805.4431000000238,850.7719999999999,909.9999000000357,930.011,974.9205,1009.5634999999999,1042.4744999999998,1073.7043000000117,1154.6851000000238,1189.9194000000357,1205.9936000000237,1398.1966000000236,1418.8754000000356,1477.4973000000118,1498.4868000000117,1532.0439000000356,1544.7564000000357,1576.4223000000118,1605.7318000000118,1649.9606000000238,1686.3204999999998,1721.2398000000119,1750.732,1853.8029999999999,1858.1096000000236,1912.9384999999997,1953.8079000000357,2008.6629999999998,2053.765300000012,2094.3944000000356,2127.9079000000356]","[197.76010000002384,235.86480000001194,379.0547000000477,402.5661000000239,435.1844000000358,470.74460000002387,503.101,533.4842000000476,596.0109000000357,634.5041000000239,682.7223000000118,741.9749000000357,798.6582000000477,805.4432000000477,850.7722000000476,909.9999000000357,930.0111000000238,974.9206000000238,1009.5636000000237,1042.4746000000237,1073.7044000000355,1154.6852000000476,1189.9195,1205.9936000000237,1398.1967000000475,1418.8754000000356,1477.4973000000118,1498.4868000000117,1532.0439999999999,1544.7564000000357,1576.4224000000356,1605.7318000000118,1649.9606000000238,1686.3206000000237,1721.2398000000119,1750.732,1853.8032000000476,1858.1096000000236,1912.9386000000236,1953.8079999999998,2008.6632000000475,2053.7654000000357,2094.3945,2127.9079000000356]",,28,"[200.61869999998805,237.10869999998812,379.98900000000003,404.07080000001196,471.9448000000119,504.0391000000238,534.6103999999762,800.0473000000119,810.7631000000239,851.9061999999881,931.0693000000119,976.1328999999762,1010.563699999988,1074.876,1207.0214999999998,1399.2714999999998,1499.675,1532.9966999999879,1545.676199999988,1577.6061000000238,1606.6403999999761,1650.99,1722.3083000000117,1862.229699999988,1914.0375,1954.7111000000236,2010.645699999988,2054.803699999988]","[200.6188000000119,237.10869999998812,379.98900000000003,404.0708999999762,471.9448999999762,504.0391000000238,534.6103999999762,800.0473999999762,810.763199999988,851.9061999999881,931.0693000000119,976.1328999999762,1010.5638000000118,1074.876,1207.0216000000237,1399.2716000000237,1499.675,1532.9966999999879,1545.676199999988,1577.606399999976,1606.6403999999761,1650.99,1722.3083000000117,1862.229699999988,1914.0376000000238,1954.7111000000236,2010.645899999976,2054.803800000012]",16,"[436.1051999999881,596.9741999999881,635.3140999999641,684.2607999999523,743.2322999999524,910.9435999999641,1043.6870999999642,1155.646899999976,1190.6998999999762,1419.6857999999522,1478.565,1687.1667999999524,1751.752,1854.8613999999761,2095.2884999999997,2128.9395999999642]","[436.1052999999523,596.9742999999523,635.3140999999641,684.2608999999761,743.2323999999762,910.9435999999641,1043.6870999999642,1155.647,1190.6998999999762,1419.6857999999522,1478.565,1687.1667999999524,1751.752,1854.8613999999761,2095.2884999999997,2128.9395999999642]","[""legit_button""]",7.980952143,2.2287,0.038095172,2.7231,0.028571363,1.7254,,,,,,resources/images/legit11.jpg,legit,0.65,0.65,0,0,,,,,,,,,,,0,19,19,2,1,,,,,,,,,,,,,,,,,,,,,,,,,,,,,,,,,,,,,,,,,,,,,,,,,,,,,,,,,,,,,,,,,,,,,,,
,,,,,,,,,,,001,2025-05-08_18h46.52.380,SLSINC_O,2022.2.5,Win32,74.62686567,,,,,,,,,,,45,"[197.76,235.86470000004772,379.0547000000477,402.5661000000239,435.1844000000358,470.7445,503.101,533.4841000000238,596.0108000000118,634.5041000000239,682.7223000000118,741.9748000000119,798.6581000000239,805.4431000000238,850.7719999999999,909.9999000000357,930.011,974.9205,1009.5634999999999,1042.4744999999998,1073.7043000000117,1154.6851000000238,1189.9194000000357,1205.9936000000237,1398.1966000000236,1418.8754000000356,1477.4973000000118,1498.4868000000117,1532.0439000000356,1544.7564000000357,1576.4223000000118,1605.7318000000118,1649.9606000000238,1686.3204999999998,1721.2398000000119,1750.732,1853.8029999999999,1858.1096000000236,1912.9384999999997,1953.8079000000357,2008.6629999999998,2053.765300000012,2094.3944000000356,2127.9079000000356,2157.661100000024]","[197.76010000002384,235.86480000001194,379.0547000000477,402.5661000000239,435.1844000000358,470.74460000002387,503.101,533.4842000000476,596.0109000000357,634.5041000000239,682.7223000000118,741.9749000000357,798.6582000000477,805.4432000000477,850.7722000000476,909.9999000000357,930.0111000000238,974.9206000000238,1009.5636000000237,1042.4746000000237,1073.7044000000355,1154.6852000000476,1189.9195,1205.9936000000237,1398.1967000000475,1418.8754000000356,1477.4973000000118,1498.4868000000117,1532.0439999999999,1544.7564000000357,1576.4224000000356,1605.7318000000118,1649.9606000000238,1686.3206000000237,1721.2398000000119,1750.732,1853.8032000000476,1858.1096000000236,1912.9386000000236,1953.8079999999998,2008.6632000000475,2053.7654000000357,2094.3945,2127.9079000000356,2157.6612000000478]",,29,"[200.61869999998805,237.10869999998812,379.98900000000003,404.07080000001196,471.9448000000119,504.0391000000238,534.6103999999762,800.0473000000119,810.7631000000239,851.9061999999881,931.0693000000119,976.1328999999762,1010.563699999988,1074.876,1207.0214999999998,1399.2714999999998,1499.675,1532.9966999999879,1545.676199999988,1577.6061000000238,1606.6403999999761,1650.99,1722.3083000000117,1862.229699999988,1914.0375,1954.7111000000236,2010.645699999988,2054.803699999988,2158.666199999988]","[200.6188000000119,237.10869999998812,379.98900000000003,404.0708999999762,471.9448999999762,504.0391000000238,534.6103999999762,800.0473999999762,810.763199999988,851.9061999999881,931.0693000000119,976.1328999999762,1010.5638000000118,1074.876,1207.0216000000237,1399.2716000000237,1499.675,1532.9966999999879,1545.676199999988,1577.606399999976,1606.6403999999761,1650.99,1722.3083000000117,1862.229699999988,1914.0376000000238,1954.7111000000236,2010.645899999976,2054.803800000012,2158.666199999988]",16,"[436.1051999999881,596.9741999999881,635.3140999999641,684.2607999999523,743.2322999999524,910.9435999999641,1043.6870999999642,1155.646899999976,1190.6998999999762,1419.6857999999522,1478.565,1687.1667999999524,1751.752,1854.8613999999761,2095.2884999999997,2128.9395999999642]","[436.1052999999523,596.9742999999523,635.3140999999641,684.2608999999761,743.2323999999762,910.9435999999641,1043.6870999999642,1155.647,1190.6998999999762,1419.6857999999522,1478.565,1687.1667999999524,1751.752,1854.8613999999761,2095.2884999999997,2128.9395999999642]","[""scam_button""]",9.9809521,1.3197,5.019047445,1.2808,5.076190301,0.8128,,,,,,resources/images/scam17.png,scam,0.8,0.65,0,0,,,,,,,,,,,0,20,20,12,1,,,,,,,,,,,,,,,,,,,,,,,,,,,,,,,,,,,,,,,,,,,,,,,,,,,,,,,,,,,,,,,,,,,,,,,
,,,,,,,,,,,001,2025-05-08_18h46.52.380,SLSINC_O,2022.2.5,Win32,74.62686567,,,,,,,,,,,46,"[197.76,235.86470000004772,379.0547000000477,402.5661000000239,435.1844000000358,470.7445,503.101,533.4841000000238,596.0108000000118,634.5041000000239,682.7223000000118,741.9748000000119,798.6581000000239,805.4431000000238,850.7719999999999,909.9999000000357,930.011,974.9205,1009.5634999999999,1042.4744999999998,1073.7043000000117,1154.6851000000238,1189.9194000000357,1205.9936000000237,1398.1966000000236,1418.8754000000356,1477.4973000000118,1498.4868000000117,1532.0439000000356,1544.7564000000357,1576.4223000000118,1605.7318000000118,1649.9606000000238,1686.3204999999998,1721.2398000000119,1750.732,1853.8029999999999,1858.1096000000236,1912.9384999999997,1953.8079000000357,2008.6629999999998,2053.765300000012,2094.3944000000356,2127.9079000000356,2157.661100000024,2180.7084000000355]","[197.76010000002384,235.86480000001194,379.0547000000477,402.5661000000239,435.1844000000358,470.74460000002387,503.101,533.4842000000476,596.0109000000357,634.5041000000239,682.7223000000118,741.9749000000357,798.6582000000477,805.4432000000477,850.7722000000476,909.9999000000357,930.0111000000238,974.9206000000238,1009.5636000000237,1042.4746000000237,1073.7044000000355,1154.6852000000476,1189.9195,1205.9936000000237,1398.1967000000475,1418.8754000000356,1477.4973000000118,1498.4868000000117,1532.0439999999999,1544.7564000000357,1576.4224000000356,1605.7318000000118,1649.9606000000238,1686.3206000000237,1721.2398000000119,1750.732,1853.8032000000476,1858.1096000000236,1912.9386000000236,1953.8079999999998,2008.6632000000475,2053.7654000000357,2094.3945,2127.9079000000356,2157.6612000000478,2180.7084999999997]",,30,"[200.61869999998805,237.10869999998812,379.98900000000003,404.07080000001196,471.9448000000119,504.0391000000238,534.6103999999762,800.0473000000119,810.7631000000239,851.9061999999881,931.0693000000119,976.1328999999762,1010.563699999988,1074.876,1207.0214999999998,1399.2714999999998,1499.675,1532.9966999999879,1545.676199999988,1577.6061000000238,1606.6403999999761,1650.99,1722.3083000000117,1862.229699999988,1914.0375,1954.7111000000236,2010.645699999988,2054.803699999988,2158.666199999988,2182.040800000012]","[200.6188000000119,237.10869999998812,379.98900000000003,404.0708999999762,471.9448999999762,504.0391000000238,534.6103999999762,800.0473999999762,810.763199999988,851.9061999999881,931.0693000000119,976.1328999999762,1010.5638000000118,1074.876,1207.0216000000237,1399.2716000000237,1499.675,1532.9966999999879,1545.676199999988,1577.606399999976,1606.6403999999761,1650.99,1722.3083000000117,1862.229699999988,1914.0376000000238,1954.7111000000236,2010.645899999976,2054.803800000012,2158.666199999988,2182.040899999976]",16,"[436.1051999999881,596.9741999999881,635.3140999999641,684.2607999999523,743.2322999999524,910.9435999999641,1043.6870999999642,1155.646899999976,1190.6998999999762,1419.6857999999522,1478.565,1687.1667999999524,1751.752,1854.8613999999761,2095.2884999999997,2128.9395999999642]","[436.1052999999523,596.9742999999523,635.3140999999641,684.2608999999761,743.2323999999762,910.9435999999641,1043.6870999999642,1155.647,1190.6998999999762,1419.6857999999522,1478.565,1687.1667999999524,1751.752,1854.8613999999761,2095.2884999999997,2128.9395999999642]","[""scam_button""]",7.952380715,1.2225,4.961904589,3.833,4.961904589,0.5854,,,,,,resources/images/scam_30.png,scam,1.45,0.6,0,0,,,,,,,,,,,0,21,21,20,1,,,,,,,,,,,,,,,,,,,,,,,,,,,,,,,,,,,,,,,,,,,,,,,,,,,,,,,,,,,,,,,,,,,,,,,
,,,,,,,,,,,001,2025-05-08_18h46.52.380,SLSINC_O,2022.2.5,Win32,74.62686567,,,,,,,,,,,47,"[197.76,235.86470000004772,379.0547000000477,402.5661000000239,435.1844000000358,470.7445,503.101,533.4841000000238,596.0108000000118,634.5041000000239,682.7223000000118,741.9748000000119,798.6581000000239,805.4431000000238,850.7719999999999,909.9999000000357,930.011,974.9205,1009.5634999999999,1042.4744999999998,1073.7043000000117,1154.6851000000238,1189.9194000000357,1205.9936000000237,1398.1966000000236,1418.8754000000356,1477.4973000000118,1498.4868000000117,1532.0439000000356,1544.7564000000357,1576.4223000000118,1605.7318000000118,1649.9606000000238,1686.3204999999998,1721.2398000000119,1750.732,1853.8029999999999,1858.1096000000236,1912.9384999999997,1953.8079000000357,2008.6629999999998,2053.765300000012,2094.3944000000356,2127.9079000000356,2157.661100000024,2180.7084000000355,2198.2439999999997]","[197.76010000002384,235.86480000001194,379.0547000000477,402.5661000000239,435.1844000000358,470.74460000002387,503.101,533.4842000000476,596.0109000000357,634.5041000000239,682.7223000000118,741.9749000000357,798.6582000000477,805.4432000000477,850.7722000000476,909.9999000000357,930.0111000000238,974.9206000000238,1009.5636000000237,1042.4746000000237,1073.7044000000355,1154.6852000000476,1189.9195,1205.9936000000237,1398.1967000000475,1418.8754000000356,1477.4973000000118,1498.4868000000117,1532.0439999999999,1544.7564000000357,1576.4224000000356,1605.7318000000118,1649.9606000000238,1686.3206000000237,1721.2398000000119,1750.732,1853.8032000000476,1858.1096000000236,1912.9386000000236,1953.8079999999998,2008.6632000000475,2053.7654000000357,2094.3945,2127.9079000000356,2157.6612000000478,2180.7084999999997,2198.2439999999997]",,30,"[200.61869999998805,237.10869999998812,379.98900000000003,404.07080000001196,471.9448000000119,504.0391000000238,534.6103999999762,800.0473000000119,810.7631000000239,851.9061999999881,931.0693000000119,976.1328999999762,1010.563699999988,1074.876,1207.0214999999998,1399.2714999999998,1499.675,1532.9966999999879,1545.676199999988,1577.6061000000238,1606.6403999999761,1650.99,1722.3083000000117,1862.229699999988,1914.0375,1954.7111000000236,2010.645699999988,2054.803699999988,2158.666199999988,2182.040800000012]","[200.6188000000119,237.10869999998812,379.98900000000003,404.0708999999762,471.9448999999762,504.0391000000238,534.6103999999762,800.0473999999762,810.763199999988,851.9061999999881,931.0693000000119,976.1328999999762,1010.5638000000118,1074.876,1207.0216000000237,1399.2716000000237,1499.675,1532.9966999999879,1545.676199999988,1577.606399999976,1606.6403999999761,1650.99,1722.3083000000117,1862.229699999988,1914.0376000000238,1954.7111000000236,2010.645899999976,2054.803800000012,2158.666199999988,2182.040899999976]",17,"[436.1051999999881,596.9741999999881,635.3140999999641,684.2607999999523,743.2322999999524,910.9435999999641,1043.6870999999642,1155.646899999976,1190.6998999999762,1419.6857999999522,1478.565,1687.1667999999524,1751.752,1854.8613999999761,2095.2884999999997,2128.9395999999642,2198.997799999952]","[436.1052999999523,596.9742999999523,635.3140999999641,684.2608999999761,743.2323999999762,910.9435999999641,1043.6870999999642,1155.647,1190.6998999999762,1419.6857999999522,1478.565,1687.1667999999524,1751.752,1854.8613999999761,2095.2884999999997,2128.9395999999642,2198.997799999952]","[""legit_button""]",4.961904589,2.0723,4.961904589,0.6508,4.961904589,0.5893,,,,,,resources/images/legit15.jpg,legit,0.95,0.65,0,0,,,,,,,,,,,0,22,22,13,1,,,,,,,,,,,,,,,,,,,,,,,,,,,,,,,,,,,,,,,,,,,,,,,,,,,,,,,,,,,,,,,,,,,,,,,
,,,,,,,,,,,001,2025-05-08_18h46.52.380,SLSINC_O,2022.2.5,Win32,74.62686567,,,,,,,,,,,48,"[197.76,235.86470000004772,379.0547000000477,402.5661000000239,435.1844000000358,470.7445,503.101,533.4841000000238,596.0108000000118,634.5041000000239,682.7223000000118,741.9748000000119,798.6581000000239,805.4431000000238,850.7719999999999,909.9999000000357,930.011,974.9205,1009.5634999999999,1042.4744999999998,1073.7043000000117,1154.6851000000238,1189.9194000000357,1205.9936000000237,1398.1966000000236,1418.8754000000356,1477.4973000000118,1498.4868000000117,1532.0439000000356,1544.7564000000357,1576.4223000000118,1605.7318000000118,1649.9606000000238,1686.3204999999998,1721.2398000000119,1750.732,1853.8029999999999,1858.1096000000236,1912.9384999999997,1953.8079000000357,2008.6629999999998,2053.765300000012,2094.3944000000356,2127.9079000000356,2157.661100000024,2180.7084000000355,2198.2439999999997,2275.8651000000236]","[197.76010000002384,235.86480000001194,379.0547000000477,402.5661000000239,435.1844000000358,470.74460000002387,503.101,533.4842000000476,596.0109000000357,634.5041000000239,682.7223000000118,741.9749000000357,798.6582000000477,805.4432000000477,850.7722000000476,909.9999000000357,930.0111000000238,974.9206000000238,1009.5636000000237,1042.4746000000237,1073.7044000000355,1154.6852000000476,1189.9195,1205.9936000000237,1398.1967000000475,1418.8754000000356,1477.4973000000118,1498.4868000000117,1532.0439999999999,1544.7564000000357,1576.4224000000356,1605.7318000000118,1649.9606000000238,1686.3206000000237,1721.2398000000119,1750.732,1853.8032000000476,1858.1096000000236,1912.9386000000236,1953.8079999999998,2008.6632000000475,2053.7654000000357,2094.3945,2127.9079000000356,2157.6612000000478,2180.7084999999997,2198.2439999999997,2275.8652000000475]",,30,"[200.61869999998805,237.10869999998812,379.98900000000003,404.07080000001196,471.9448000000119,504.0391000000238,534.6103999999762,800.0473000000119,810.7631000000239,851.9061999999881,931.0693000000119,976.1328999999762,1010.563699999988,1074.876,1207.0214999999998,1399.2714999999998,1499.675,1532.9966999999879,1545.676199999988,1577.6061000000238,1606.6403999999761,1650.99,1722.3083000000117,1862.229699999988,1914.0375,1954.7111000000236,2010.645699999988,2054.803699999988,2158.666199999988,2182.040800000012]","[200.6188000000119,237.10869999998812,379.98900000000003,404.0708999999762,471.9448999999762,504.0391000000238,534.6103999999762,800.0473999999762,810.763199999988,851.9061999999881,931.0693000000119,976.1328999999762,1010.5638000000118,1074.876,1207.0216000000237,1399.2716000000237,1499.675,1532.9966999999879,1545.676199999988,1577.606399999976,1606.6403999999761,1650.99,1722.3083000000117,1862.229699999988,1914.0376000000238,1954.7111000000236,2010.645899999976,2054.803800000012,2158.666199999988,2182.040899999976]",18,"[436.1051999999881,596.9741999999881,635.3140999999641,684.2607999999523,743.2322999999524,910.9435999999641,1043.6870999999642,1155.646899999976,1190.6998999999762,1419.6857999999522,1478.565,1687.1667999999524,1751.752,1854.8613999999761,2095.2884999999997,2128.9395999999642,2198.997799999952,2277.019299999952]","[436.1052999999523,596.9742999999523,635.3140999999641,684.2608999999761,743.2323999999762,910.9435999999641,1043.6870999999642,1155.647,1190.6998999999762,1419.6857999999522,1478.565,1687.1667999999524,1751.752,1854.8613999999761,2095.2884999999997,2128.9395999999642,2198.997799999952,2277.019399999976]","[""legit_button""]",5.038095064,1.01,0.095238028,1.8089,5.057142683,0.8728,,,,,,resources/images/scam_22.png,scam,1,0.65,0,0,,,,,,,,,,,0,23,23,23,1,,,,,,,,,,,,,,,,,,,,,,,,,,,,,,,,,,,,,,,,,,,,,,,,,,,,,,,,,,,,,,,,,,,,,,,
,,,,,,,,,,,001,2025-05-08_18h46.52.380,SLSINC_O,2022.2.5,Win32,74.62686567,,,,,,,,,,,,,,,,,,,,,,,,,,,,,,,,,,,,,,,,,,,,,,,,,,,,,,space,2.3425,,,,,,,,,,,,,,,,,,,,,,,,,,,,,,,,,,,,,,,,,,,,,,,,,,,,,,,,,,,,,,,,,,,,,
,,,,,,,,,,,001,2025-05-08_18h46.52.380,SLSINC_O,2022.2.5,Win32,74.62686567,,,,,,,,,,,,,,,,,,,,,,,,,,,,,,,,,,,,,,,,,,,,,,,,,,,,,,,,3,4.3873,...is talktative,0,0,0,1,1,...is talktative,,,,,,,,,,,,,,,,,,,,,,,,,,,,,,,,,,,,,,,,,,,,,,,,,,,,,,,,,,,,
,,,,,,,,,,,001,2025-05-08_18h46.52.380,SLSINC_O,2022.2.5,Win32,74.62686567,,,,,,,,,,,,,,,,,,,,,,,,,,,,,,,,,,,,,,,,,,,,,,,,,,,,,,,,1,4.5197,...often feels sad,0,1,1,0,1,...often feels sad,,,,,,,,,,,,,,,,,,,,,,,,,,,,,,,,,,,,,,,,,,,,,,,,,,,,,,,,,,,,
,,,,,,,,,,,001,2025-05-08_18h46.52.380,SLSINC_O,2022.2.5,Win32,74.62686567,,,,,,,,,,,,,,,,,,,,,,,,,,,,,,,,,,,,,,,,,,,,,,,,,,,,,,,,2,4.4589,...is inventive,0,2,2,2,1,...is inventive,,,,,,,,,,,,,,,,,,,,,,,,,,,,,,,,,,,,,,,,,,,,,,,,,,,,,,,,,,,,
,,,,,,,,,,,001,2025-05-08_18h46.52.380,SLSINC_O,2022.2.5,Win32,74.62686567,,,,,,,,,,,,,,,,,,,,,,,,,,,,,,,,,,,,,,,,,,,,,,,,,,,,,,,,3,7.6213,"....is reliable, can always be counted on",0,3,3,4,1,"....is reliable, can always be counted on",,,,,,,,,,,,,,,,,,,,,,,,,,,,,,,,,,,,,,,,,,,,,,,,,,,,,,,,,,,,
,,,,,,,,,,,001,2025-05-08_18h46.52.380,SLSINC_O,2022.2.5,Win32,74.62686567,,,,,,,,,,,,,,,,,,,,,,,,,,,,,,,,,,,,,,,,,,,,,,,,,,,,,,,,4,3.4554,...finds clever ways to do things,0,4,4,3,1,...finds clever ways to do things,,,,,,,,,,,,,,,,,,,,,,,,,,,,,,,,,,,,,,,,,,,,,,,,,,,,,,,,,,,,
,,,,,,,,,,,001,2025-05-08_18h46.52.380,SLSINC_O,2022.2.5,Win32,74.62686567,,,,,,,,,,,,,,,,,,,,,,,,,,,,,,,,,,,,,,,,,,,,,,,,,,,,,,,,4,6.6132,"...is persistent, works until the task is finished",0,5,5,5,1,"...is persistent, works until the task is finished",,,,,,,,,,,,,,,,,,,,,,,,,,,,,,,,,,,,,,,,,,,,,,,,,,,,,,,,,,,,
,,,,,,,,,,,001,2025-05-08_18h46.52.380,SLSINC_O,2022.2.5,Win32,74.62686567,,,,,,,,,,,,,,,,,,,,,,,,,,,,,,,,,,,,,,,,,,,,,,,,,,,,,,,,,,,,,,,,,space,8.4665,,,,,,,,,,,,,,,,,,,,,,,,,,,,,,,,,,,,,,,,,,,,,,,,,,,,,,,,,,
,,,,,,,,,,,001,2025-05-08_18h46.52.380,SLSINC_O,2022.2.5,Win32,74.62686567,,,,,,,,,,,,,,,,,,,,,,,,,,,,,,,,,,,,,,,,,,,,,,,,,,,,,,,,,,,,,,,,,,,4,7.9705,,0,0,0,14,1,I feel as though I have done a lot to contribute to others.,,,,,,,,,,,,,,,,,,,,,,,,,,,,,,,,,,,,,,,,,,,,,,,,,
,,,,,,,,,,,001,2025-05-08_18h46.52.380,SLSINC_O,2022.2.5,Win32,74.62686567,,,,,,,,,,,,,,,,,,,,,,,,,,,,,,,,,,,,,,,,,,,,,,,,,,,,,,,,,,,,,,,,,,,2,6.366,,0,1,1,10,1,"If I were unable to have children of my own, I would like to adopt children.",,,,,,,,,,,,,,,,,,,,,,,,,,,,,,,,,,,,,,,,,,,,,,,,,
,,,,,,,,,,,001,2025-05-08_18h46.52.380,SLSINC_O,2022.2.5,Win32,74.62686567,,,,,,,,,,,,,,,,,,,,,,,,,,,,,,,,,,,,,,,,,,,,,,,,,,,,,,,,,,,,,,,,,,,2,8.0116,,0,2,2,15,1,"I have made many commitments to many different kinds of people, groups, and activities in my life.",,,,,,,,,,,,,,,,,,,,,,,,,,,,,,,,,,,,,,,,,,,,,,,,,
,,,,,,,,,,,001,2025-05-08_18h46.52.380,SLSINC_O,2022.2.5,Win32,74.62686567,,,,,,,,,,,,,,,,,,,,,,,,,,,,,,,,,,,,,,,,,,,,,,,,,,,,,,,,,,,,,,,,,,,1,6.0278,,0,3,3,12,1,I feel that things I have done in my life will survive after I die.,,,,,,,,,,,,,,,,,,,,,,,,,,,,,,,,,,,,,,,,,,,,,,,,,
,,,,,,,,,,,001,2025-05-08_18h46.52.380,SLSINC_O,2022.2.5,Win32,74.62686567,,,,,,,,,,,,,,,,,,,,,,,,,,,,,,,,,,,,,,,,,,,,,,,,,,,,,,,,,,,,,,,,,,,3,5.0394,,0,4,4,6,1,I try to be creative in most things that I do.,,,,,,,,,,,,,,,,,,,,,,,,,,,,,,,,,,,,,,,,,,,,,,,,,
,,,,,,,,,,,001,2025-05-08_18h46.52.380,SLSINC_O,2022.2.5,Win32,74.62686567,,,,,,,,,,,,,,,,,,,,,,,,,,,,,,,,,,,,,,,,,,,,,,,,,,,,,,,,,,,,,,,,,,,3,7.9305,,0,5,5,0,1,Try to pass along the knowledge I have gained through my experiences.,,,,,,,,,,,,,,,,,,,,,,,,,,,,,,,,,,,,,,,,,,,,,,,,,
,,,,,,,,,,,001,2025-05-08_18h46.52.380,SLSINC_O,2022.2.5,Win32,74.62686567,,,,,,,,,,,,,,,,,,,,,,,,,,,,,,,,,,,,,,,,,,,,,,,,,,,,,,,,,,,,,,,,,,,2,5.0785,,0,6,6,2,1,I think I would like the work of a teacher.,,,,,,,,,,,,,,,,,,,,,,,,,,,,,,,,,,,,,,,,,,,,,,,,,
,,,,,,,,,,,001,2025-05-08_18h46.52.380,SLSINC_O,2022.2.5,Win32,74.62686567,,,,,,,,,,,,,,,,,,,,,,,,,,,,,,,,,,,,,,,,,,,,,,,,,,,,,,,,,,,,,,,,,,,3,9.023,,0,7,7,3,1,I feel as though I have made a difference to many people.,,,,,,,,,,,,,,,,,,,,,,,,,,,,,,,,,,,,,,,,,,,,,,,,,
,,,,,,,,,,,001,2025-05-08_18h46.52.380,SLSINC_O,2022.2.5,Win32,74.62686567,,,,,,,,,,,,,,,,,,,,,,,,,,,,,,,,,,,,,,,,,,,,,,,,,,,,,,,,,,,,,,,,,,,3,5.0993,,0,8,8,8,1,I believe that society should be responsible for providing food and shelter for all homeless people.,,,,,,,,,,,,,,,,,,,,,,,,,,,,,,,,,,,,,,,,,,,,,,,,,
,,,,,,,,,,,001,2025-05-08_18h46.52.380,SLSINC_O,2022.2.5,Win32,74.62686567,,,,,,,,,,,,,,,,,,,,,,,,,,,,,,,,,,,,,,,,,,,,,,,,,,,,,,,,,,,,,,,,,,,1,5.0442,,0,9,9,7,1,I think that I will be remembered for a long time after I die.,,,,,,,,,,,,,,,,,,,,,,,,,,,,,,,,,,,,,,,,,,,,,,,,,
,,,,,,,,,,,001,2025-05-08_18h46.52.380,SLSINC_O,2022.2.5,Win32,74.62686567,,,,,,,,,,,,,,,,,,,,,,,,,,,,,,,,,,,,,,,,,,,,,,,,,,,,,,,,,,,,,,,,,,,3,7.0556,,0,10,10,16,1,Other people say that I am a very productive person.,,,,,,,,,,,,,,,,,,,,,,,,,,,,,,,,,,,,,,,,,,,,,,,,,
,,,,,,,,,,,001,2025-05-08_18h46.52.380,SLSINC_O,2022.2.5,Win32,74.62686567,,,,,,,,,,,,,,,,,,,,,,,,,,,,,,,,,,,,,,,,,,,,,,,,,,,,,,,,,,,,,,,,,,,2,8.5253,,0,11,11,5,1,I have made and created things that have had an impact on other people.,,,,,,,,,,,,,,,,,,,,,,,,,,,,,,,,,,,,,,,,,,,,,,,,,
,,,,,,,,,,,001,2025-05-08_18h46.52.380,SLSINC_O,2022.2.5,Win32,74.62686567,,,,,,,,,,,,,,,,,,,,,,,,,,,,,,,,,,,,,,,,,,,,,,,,,,,,,,,,,,,,,,,,,,,1,7.0796,,0,12,12,9,1,Others would say that I have made unique contributions to society.,,,,,,,,,,,,,,,,,,,,,,,,,,,,,,,,,,,,,,,,,,,,,,,,,
,,,,,,,,,,,001,2025-05-08_18h46.52.380,SLSINC_O,2022.2.5,Win32,74.62686567,,,,,,,,,,,,,,,,,,,,,,,,,,,,,,,,,,,,,,,,,,,,,,,,,,,,,,,,,,,,,,,,,,,3,5.2806,,0,13,13,13,1,"In general, my actions have a positive effect on other people.",,,,,,,,,,,,,,,,,,,,,,,,,,,,,,,,,,,,,,,,,,,,,,,,,
,,,,,,,,,,,001,2025-05-08_18h46.52.380,SLSINC_O,2022.2.5,Win32,74.62686567,,,,,,,,,,,,,,,,,,,,,,,,,,,,,,,,,,,,,,,,,,,,,,,,,,,,,,,,,,,,,,,,,,,2,5.0571,,0,14,14,11,1,I have important skills that I try to teach others.,,,,,,,,,,,,,,,,,,,,,,,,,,,,,,,,,,,,,,,,,,,,,,,,,
,,,,,,,,,,,001,2025-05-08_18h46.52.380,SLSINC_O,2022.2.5,Win32,74.62686567,,,,,,,,,,,,,,,,,,,,,,,,,,,,,,,,,,,,,,,,,,,,,,,,,,,,,,,,,,,,,,,,,,,1,3.3301,,0,15,15,19,1,I feel as though my contributions will exist after I die.,,,,,,,,,,,,,,,,,,,,,,,,,,,,,,,,,,,,,,,,,,,,,,,,,
,,,,,,,,,,,001,2025-05-08_18h46.52.380,SLSINC_O,2022.2.5,Win32,74.62686567,,,,,,,,,,,,,,,,,,,,,,,,,,,,,,,,,,,,,,,,,,,,,,,,,,,,,,,,,,,,,,,,,,,3,2.961,,0,16,16,18,1,People come to me for advice.,,,,,,,,,,,,,,,,,,,,,,,,,,,,,,,,,,,,,,,,,,,,,,,,,
,,,,,,,,,,,001,2025-05-08_18h46.52.380,SLSINC_O,2022.2.5,Win32,74.62686567,,,,,,,,,,,,,,,,,,,,,,,,,,,,,,,,,,,,,,,,,,,,,,,,,,,,,,,,,,,,,,,,,,,4,3.757,,0,17,17,1,1,I feel that other people need me.,,,,,,,,,,,,,,,,,,,,,,,,,,,,,,,,,,,,,,,,,,,,,,,,,
,,,,,,,,,,,001,2025-05-08_18h46.52.380,SLSINC_O,2022.2.5,Win32,74.62686567,,,,,,,,,,,,,,,,,,,,,,,,,,,,,,,,,,,,,,,,,,,,,,,,,,,,,,,,,,,,,,,,,,,3,4.4396,,0,18,18,17,1,I have a responsibility to improve the neighborhood in which I live.,,,,,,,,,,,,,,,,,,,,,,,,,,,,,,,,,,,,,,,,,,,,,,,,,
,,,,,,,,,,,001,2025-05-08_18h46.52.380,SLSINC_O,2022.2.5,Win32,74.62686567,,,,,,,,,,,,,,,,,,,,,,,,,,,,,,,,,,,,,,,,,,,,,,,,,,,,,,,,,,,,,,,,,,,3,2.9843,,0,19,19,4,1,I volunteer to work for a charity.,,,,,,,,,,,,,,,,,,,,,,,,,,,,,,,,,,,,,,,,,,,,,,,,,
,,,,,,,,,,,001,2025-05-08_18h46.52.380,SLSINC_O,2022.2.5,Win32,74.62686567,,,,,,,,,,,,,,,,,,,,,,,,,,,,,,,,,,,,,,,,,,,,,,,,,,,,,,,,,,,,,,,,,,,,,,,,,,,,space,4.1218,,,,,,,,,,,,,,,,,,,,,,,,,,,,,,,,,,,,,,,,,,,,,,,
,,,,,,,,,,,001,2025-05-08_18h46.52.380,SLSINC_O,2022.2.5,Win32,74.62686567,,,,,,,,,,,,,,,,,,,,,,,,,,,,,,,,,,,,,,,,,,,,,,,,,,,,,,,,,,,,,,,,,,,,,,,,,,,I am no longer close to anyone,,,2,9.5285,,0,0,0,6,1,,,,,,,,,,,,,,,,,,,,,,,,,,,,,,,,,,,,,,,
,,,,,,,,,,,001,2025-05-08_18h46.52.380,SLSINC_O,2022.2.5,Win32,74.62686567,,,,,,,,,,,,,,,,,,,,,,,,,,,,,,,,,,,,,,,,,,,,,,,,,,,,,,,,,,,,,,,,,,,,,,,,,,,I can find companionship when I want it,,,4,5.1659,,0,1,1,14,1,,,,,,,,,,,,,,,,,,,,,,,,,,,,,,,,,,,,,,,
,,,,,,,,,,,001,2025-05-08_18h46.52.380,SLSINC_O,2022.2.5,Win32,74.62686567,,,,,,,,,,,,,,,,,,,,,,,,,,,,,,,,,,,,,,,,,,,,,,,,,,,,,,,,,,,,,,,,,,,,,,,,,,,I feel part of a group of friends,,,3,2.211,,0,2,2,4,1,,,,,,,,,,,,,,,,,,,,,,,,,,,,,,,,,,,,,,,
,,,,,,,,,,,001,2025-05-08_18h46.52.380,SLSINC_O,2022.2.5,Win32,74.62686567,,,,,,,,,,,,,,,,,,,,,,,,,,,,,,,,,,,,,,,,,,,,,,,,,,,,,,,,,,,,,,,,,,,,,,,,,,,There are people I feel close to,,,3,2.0155,,0,3,3,9,1,,,,,,,,,,,,,,,,,,,,,,,,,,,,,,,,,,,,,,,
,,,,,,,,,,,001,2025-05-08_18h46.52.380,SLSINC_O,2022.2.5,Win32,74.62686567,,,,,,,,,,,,,,,,,,,,,,,,,,,,,,,,,,,,,,,,,,,,,,,,,,,,,,,,,,,,,,,,,,,,,,,,,,,My social relationships are superficial,,,2,2.99,,0,4,4,11,1,,,,,,,,,,,,,,,,,,,,,,,,,,,,,,,,,,,,,,,
,,,,,,,,,,,001,2025-05-08_18h46.52.380,SLSINC_O,2022.2.5,Win32,74.62686567,,,,,,,,,,,,,,,,,,,,,,,,,,,,,,,,,,,,,,,,,,,,,,,,,,,,,,,,,,,,,,,,,,,,,,,,,,,I feel in tune with the people around me,,,2,5.7913,,0,5,5,0,1,,,,,,,,,,,,,,,,,,,,,,,,,,,,,,,,,,,,,,,
,,,,,,,,,,,001,2025-05-08_18h46.52.380,SLSINC_O,2022.2.5,Win32,74.62686567,,,,,,,,,,,,,,,,,,,,,,,,,,,,,,,,,,,,,,,,,,,,,,,,,,,,,,,,,,,,,,,,,,,,,,,,,,,I am unhappy being so withdrawn ,,,2,4.446,,0,6,6,16,1,,,,,,,,,,,,,,,,,,,,,,,,,,,,,,,,,,,,,,,
,,,,,,,,,,,001,2025-05-08_18h46.52.380,SLSINC_O,2022.2.5,Win32,74.62686567,,,,,,,,,,,,,,,,,,,,,,,,,,,,,,,,,,,,,,,,,,,,,,,,,,,,,,,,,,,,,,,,,,,,,,,,,,,There are people who really understand me,,,3,2.4959,,0,7,7,15,1,,,,,,,,,,,,,,,,,,,,,,,,,,,,,,,,,,,,,,,
,,,,,,,,,,,001,2025-05-08_18h46.52.380,SLSINC_O,2022.2.5,Win32,74.62686567,,,,,,,,,,,,,,,,,,,,,,,,,,,,,,,,,,,,,,,,,,,,,,,,,,,,,,,,,,,,,,,,,,,,,,,,,,,People are around me but not with me,,,3,5.1446,,0,8,8,17,1,,,,,,,,,,,,,,,,,,,,,,,,,,,,,,,,,,,,,,,
,,,,,,,,,,,001,2025-05-08_18h46.52.380,SLSINC_O,2022.2.5,Win32,74.62686567,,,,,,,,,,,,,,,,,,,,,,,,,,,,,,,,,,,,,,,,,,,,,,,,,,,,,,,,,,,,,,,,,,,,,,,,,,,I have a lot in common with the people around me,,,3,2.3854,,0,9,9,5,1,,,,,,,,,,,,,,,,,,,,,,,,,,,,,,,,,,,,,,,
,,,,,,,,,,,001,2025-05-08_18h46.52.380,SLSINC_O,2022.2.5,Win32,74.62686567,,,,,,,,,,,,,,,,,,,,,,,,,,,,,,,,,,,,,,,,,,,,,,,,,,,,,,,,,,,,,,,,,,,,,,,,,,,There are people I can turn to,,,4,2.2268,,0,10,10,19,1,,,,,,,,,,,,,,,,,,,,,,,,,,,,,,,,,,,,,,,
,,,,,,,,,,,001,2025-05-08_18h46.52.380,SLSINC_O,2022.2.5,Win32,74.62686567,,,,,,,,,,,,,,,,,,,,,,,,,,,,,,,,,,,,,,,,,,,,,,,,,,,,,,,,,,,,,,,,,,,,,,,,,,,I do not feel alone,,,4,2.5485,,0,11,11,3,1,,,,,,,,,,,,,,,,,,,,,,,,,,,,,,,,,,,,,,,
,,,,,,,,,,,001,2025-05-08_18h46.52.380,SLSINC_O,2022.2.5,Win32,74.62686567,,,,,,,,,,,,,,,,,,,,,,,,,,,,,,,,,,,,,,,,,,,,,,,,,,,,,,,,,,,,,,,,,,,,,,,,,,,No one really knows me well,,,3,3.6537,,0,12,12,12,1,,,,,,,,,,,,,,,,,,,,,,,,,,,,,,,,,,,,,,,
,,,,,,,,,,,001,2025-05-08_18h46.52.380,SLSINC_O,2022.2.5,Win32,74.62686567,,,,,,,,,,,,,,,,,,,,,,,,,,,,,,,,,,,,,,,,,,,,,,,,,,,,,,,,,,,,,,,,,,,,,,,,,,,I feel isolated from others,,,3,1.9726,,0,13,13,13,1,,,,,,,,,,,,,,,,,,,,,,,,,,,,,,,,,,,,,,,
,,,,,,,,,,,001,2025-05-08_18h46.52.380,SLSINC_O,2022.2.5,Win32,74.62686567,,,,,,,,,,,,,,,,,,,,,,,,,,,,,,,,,,,,,,,,,,,,,,,,,,,,,,,,,,,,,,,,,,,,,,,,,,,There is no one I can turn to,,,1,3.3916,,0,14,14,2,1,,,,,,,,,,,,,,,,,,,,,,,,,,,,,,,,,,,,,,,
,,,,,,,,,,,001,2025-05-08_18h46.52.380,SLSINC_O,2022.2.5,Win32,74.62686567,,,,,,,,,,,,,,,,,,,,,,,,,,,,,,,,,,,,,,,,,,,,,,,,,,,,,,,,,,,,,,,,,,,,,,,,,,,I am an outgoing person,,,3,2.846,,0,15,15,8,1,,,,,,,,,,,,,,,,,,,,,,,,,,,,,,,,,,,,,,,
,,,,,,,,,,,001,2025-05-08_18h46.52.380,SLSINC_O,2022.2.5,Win32,74.62686567,,,,,,,,,,,,,,,,,,,,,,,,,,,,,,,,,,,,,,,,,,,,,,,,,,,,,,,,,,,,,,,,,,,,,,,,,,,There are people I can talk to,,,3,2.6382,,0,16,16,18,1,,,,,,,,,,,,,,,,,,,,,,,,,,,,,,,,,,,,,,,
,,,,,,,,,,,001,2025-05-08_18h46.52.380,SLSINC_O,2022.2.5,Win32,74.62686567,,,,,,,,,,,,,,,,,,,,,,,,,,,,,,,,,,,,,,,,,,,,,,,,,,,,,,,,,,,,,,,,,,,,,,,,,,,I feel left out,,,2,2.6638,,0,17,17,10,1,,,,,,,,,,,,,,,,,,,,,,,,,,,,,,,,,,,,,,,
,,,,,,,,,,,001,2025-05-08_18h46.52.380,SLSINC_O,2022.2.5,Win32,74.62686567,,,,,,,,,,,,,,,,,,,,,,,,,,,,,,,,,,,,,,,,,,,,,,,,,,,,,,,,,,,,,,,,,,,,,,,,,,,My interests and ideas are not shared by those around me,,,4,4.6496,,0,18,18,7,1,,,,,,,,,,,,,,,,,,,,,,,,,,,,,,,,,,,,,,,
,,,,,,,,,,,001,2025-05-08_18h46.52.380,SLSINC_O,2022.2.5,Win32,74.62686567,,,,,,,,,,,,,,,,,,,,,,,,,,,,,,,,,,,,,,,,,,,,,,,,,,,,,,,,,,,,,,,,,,,,,,,,,,,I lack companionship,,,3,4.3837,,0,19,19,1,1,,,,,,,,,,,,,,,,,,,,,,,,,,,,,,,,,,,,,,,
,,,,,,,,,,,001,2025-05-08_18h46.52.380,SLSINC_O,2022.2.5,Win32,74.62686567,,,,,,,,,,,,,,,,,,,,,,,,,,,,,,,,,,,,,,,,,,,,,,,,,,,,,,,,,,,,,,,,,,,,,,,,,,,,,,,,,,,,,,space,2.2909,,,,,,,,,,,,,,,,,,,,,,,,,,,,,,,,,,,,,
,,,,,,,,,,,001,2025-05-08_18h46.52.380,SLSINC_O,2022.2.5,Win32,74.62686567,,,,,,,,,,,,,,,,,,,,,,,,,,,,,,,,,,,,,,,,,,,,,,,,,,,,,,,,,,,,,,,,,,,,,,,,,,,,,,,,,,,,,,,,2,18.1998,"When I am not distracted, I find my thoughts focusing on my own cognitive changes and concerns.",0,0,0,6,1,"When I am not distracted, I find my thoughts focusing on my own cognitive changes and concerns.",,,,,,,,,,,,,,,,,,,,,,,,,,,,
,,,,,,,,,,,001,2025-05-08_18h46.52.380,SLSINC_O,2022.2.5,Win32,74.62686567,,,,,,,,,,,,,,,,,,,,,,,,,,,,,,,,,,,,,,,,,,,,,,,,,,,,,,,,,,,,,,,,,,,,,,,,,,,,,,,,,,,,,,,,1,7.5323,I find it difficult to control my worries about developing Alzheimer’s disease and related dementias.,0,1,1,1,1,I find it difficult to control my worries about developing Alzheimer’s disease and related dementias.,,,,,,,,,,,,,,,,,,,,,,,,,,,,
,,,,,,,,,,,001,2025-05-08_18h46.52.380,SLSINC_O,2022.2.5,Win32,74.62686567,,,,,,,,,,,,,,,,,,,,,,,,,,,,,,,,,,,,,,,,,,,,,,,,,,,,,,,,,,,,,,,,,,,,,,,,,,,,,,,,,,,,,,,,1,7.0348,"	When I hear about someone having Alzheimer’s disease or a related dementia, I start to worry about having it myself.",0,2,2,5,1,"	When I hear about someone having Alzheimer’s disease or a related dementia, I start to worry about having it myself.",,,,,,,,,,,,,,,,,,,,,,,,,,,,
,,,,,,,,,,,001,2025-05-08_18h46.52.380,SLSINC_O,2022.2.5,Win32,74.62686567,,,,,,,,,,,,,,,,,,,,,,,,,,,,,,,,,,,,,,,,,,,,,,,,,,,,,,,,,,,,,,,,,,,,,,,,,,,,,,,,,,,,,,,,1,3.548,"Once I start worrying about Alzheimer’s disease and related dementias, I just cannot stop.",0,3,3,8,1,"Once I start worrying about Alzheimer’s disease and related dementias, I just cannot stop.",,,,,,,,,,,,,,,,,,,,,,,,,,,,
,,,,,,,,,,,001,2025-05-08_18h46.52.380,SLSINC_O,2022.2.5,Win32,74.62686567,,,,,,,,,,,,,,,,,,,,,,,,,,,,,,,,,,,,,,,,,,,,,,,,,,,,,,,,,,,,,,,,,,,,,,,,,,,,,,,,,,,,,,,,1,4.9669,"Even though I know it doesn’t help to focus on it, I can’t help thinking about whether or not I have Alzheimer’s disease or a related dementia.",0,4,4,7,1,"Even though I know it doesn’t help to focus on it, I can’t help thinking about whether or not I have Alzheimer’s disease or a related dementia.",,,,,,,,,,,,,,,,,,,,,,,,,,,,
,,,,,,,,,,,001,2025-05-08_18h46.52.380,SLSINC_O,2022.2.5,Win32,74.62686567,,,,,,,,,,,,,,,,,,,,,,,,,,,,,,,,,,,,,,,,,,,,,,,,,,,,,,,,,,,,,,,,,,,,,,,,,,,,,,,,,,,,,,,,1,6.1691,"Sometimes when trying to go to sleep, I find my thoughts drift to my concerns about having Alzheimer’s disease or a related dementia.",0,5,5,9,1,"Sometimes when trying to go to sleep, I find my thoughts drift to my concerns about having Alzheimer’s disease or a related dementia.",,,,,,,,,,,,,,,,,,,,,,,,,,,,
,,,,,,,,,,,001,2025-05-08_18h46.52.380,SLSINC_O,2022.2.5,Win32,74.62686567,,,,,,,,,,,,,,,,,,,,,,,,,,,,,,,,,,,,,,,,,,,,,,,,,,,,,,,,,,,,,,,,,,,,,,,,,,,,,,,,,,,,,,,,1,2.956,"More often than not, I find my thoughts returning to concerns that I have Alzheimer’s disease or a related dementia.",0,6,6,4,1,"More often than not, I find my thoughts returning to concerns that I have Alzheimer’s disease or a related dementia.",,,,,,,,,,,,,,,,,,,,,,,,,,,,
,,,,,,,,,,,001,2025-05-08_18h46.52.380,SLSINC_O,2022.2.5,Win32,74.62686567,,,,,,,,,,,,,,,,,,,,,,,,,,,,,,,,,,,,,,,,,,,,,,,,,,,,,,,,,,,,,,,,,,,,,,,,,,,,,,,,,,,,,,,,1,3.1238,"When I can’t remember something, I find myself wondering whether I have Alzheimer’s disease or a related dementia.",0,7,7,2,1,"When I can’t remember something, I find myself wondering whether I have Alzheimer’s disease or a related dementia.",,,,,,,,,,,,,,,,,,,,,,,,,,,,
,,,,,,,,,,,001,2025-05-08_18h46.52.380,SLSINC_O,2022.2.5,Win32,74.62686567,,,,,,,,,,,,,,,,,,,,,,,,,,,,,,,,,,,,,,,,,,,,,,,,,,,,,,,,,,,,,,,,,,,,,,,,,,,,,,,,,,,,,,,,1,4.3479,"I know I shouldn’t worry about developing Alzheimer’s disease and related dementias, but I just cannot help it.",0,8,8,0,1,"I know I shouldn’t worry about developing Alzheimer’s disease and related dementias, but I just cannot help it.",,,,,,,,,,,,,,,,,,,,,,,,,,,,
,,,,,,,,,,,001,2025-05-08_18h46.52.380,SLSINC_O,2022.2.5,Win32,74.62686567,,,,,,,,,,,,,,,,,,,,,,,,,,,,,,,,,,,,,,,,,,,,,,,,,,,,,,,,,,,,,,,,,,,,,,,,,,,,,,,,,,,,,,,,1,4.6822,"When I forget a word that I want to say, my thoughts immediately turn to Alzheimer’s disease and related dementias.",0,9,9,10,1,"When I forget a word that I want to say, my thoughts immediately turn to Alzheimer’s disease and related dementias.",,,,,,,,,,,,,,,,,,,,,,,,,,,,
,,,,,,,,,,,001,2025-05-08_18h46.52.380,SLSINC_O,2022.2.5,Win32,74.62686567,,,,,,,,,,,,,,,,,,,,,,,,,,,,,,,,,,,,,,,,,,,,,,,,,,,,,,,,,,,,,,,,,,,,,,,,,,,,,,,,,,,,,,,,1,6.5945,I think I probably worry more about Alzheimer’s disease and related dementias than other people my same age.,0,10,10,11,1,I think I probably worry more about Alzheimer’s disease and related dementias than other people my same age.,,,,,,,,,,,,,,,,,,,,,,,,,,,,
,,,,,,,,,,,001,2025-05-08_18h46.52.380,SLSINC_O,2022.2.5,Win32,74.62686567,,,,,,,,,,,,,,,,,,,,,,,,,,,,,,,,,,,,,,,,,,,,,,,,,,,,,,,,,,,,,,,,,,,,,,,,,,,,,,,,,,,,,,,,1,3.9411,My worries about Alzheimer’s disease and related dementias overwhelm me.,0,11,11,3,1,My worries about Alzheimer’s disease and related dementias overwhelm me.,,,,,,,,,,,,,,,,,,,,,,,,,,,,
,,,,,,,,,,,001,2025-05-08_18h46.52.380,SLSINC_O,2022.2.5,Win32,74.62686567,,,,,,,,,,,,,,,,,,,,,,,,,,,,,,,,,,,,,,,,,,,,,,,,,,,,,,,,,,,,,,,,,,,,,,,,,,,,,,,,,,,,,,,,,,,,,,,,,space,4.6392,,,,,,,,,,,,,,,,,,,,,,,,,,
,,,,,,,,,,,001,2025-05-08_18h46.52.380,SLSINC_O,2022.2.5,Win32,74.62686567,,,,,,,,,,,,,,,,,,,,,,,,,,,,,,,,,,,,,,,,,,,,,,,,,,,,,,,,,,,,,,,,,,,,,,,,,,,,,,,,,,,,,,,,,,,,,,,,,,,1,5.3542,"I answer the phone whenever it rings, even if I do not know who is calling",0,0,0,0,1,"I answer the phone whenever it rings, even if I do not know who is calling",,,,,,,,,,,,,,,,,
,,,,,,,,,,,001,2025-05-08_18h46.52.380,SLSINC_O,2022.2.5,Win32,74.62686567,,,,,,,,,,,,,,,,,,,,,,,,,,,,,,,,,,,,,,,,,,,,,,,,,,,,,,,,,,,,,,,,,,,,,,,,,,,,,,,,,,,,,,,,,,,,,,,,,,,1,3.3012,"If a telemarketer calls me, I usually listen to what they have to say",0,1,1,4,1,"If a telemarketer calls me, I usually listen to what they have to say",,,,,,,,,,,,,,,,,
,,,,,,,,,,,001,2025-05-08_18h46.52.380,SLSINC_O,2022.2.5,Win32,74.62686567,,,,,,,,,,,,,,,,,,,,,,,,,,,,,,,,,,,,,,,,,,,,,,,,,,,,,,,,,,,,,,,,,,,,,,,,,,,,,,,,,,,,,,,,,,,,,,,,,,,1,4.279,"I have difficulty ending a phone call, even if the caller is a telemarketer, someone I do not know, or someone I do not wish to call me",0,2,2,1,1,"I have difficulty ending a phone call, even if the caller is a telemarketer, someone I do not know, or someone I do not wish to call me",,,,,,,,,,,,,,,,,
,,,,,,,,,,,001,2025-05-08_18h46.52.380,SLSINC_O,2022.2.5,Win32,74.62686567,,,,,,,,,,,,,,,,,,,,,,,,,,,,,,,,,,,,,,,,,,,,,,,,,,,,,,,,,,,,,,,,,,,,,,,,,,,,,,,,,,,,,,,,,,,,,,,,,,,4,4.1457,"If something sounds too good to be true, it usually is",0,3,3,2,1,"If something sounds too good to be true, it usually is",,,,,,,,,,,,,,,,,
,,,,,,,,,,,001,2025-05-08_18h46.52.380,SLSINC_O,2022.2.5,Win32,74.62686567,,,,,,,,,,,,,,,,,,,,,,,,,,,,,,,,,,,,,,,,,,,,,,,,,,,,,,,,,,,,,,,,,,,,,,,,,,,,,,,,,,,,,,,,,,,,,,,,,,,4,3.9617,Persons over the age of 65 are often targeted by con-artists,0,4,4,3,1,Persons over the age of 65 are often targeted by con-artists,,,,,,,,,,,,,,,,,
,,,,,,,,,,,001,2025-05-08_18h46.52.380,SLSINC_O,2022.2.5,Win32,74.62686567,,,,,,,,,,,,,,,,,,,,,,,,,,,,,,,,,,,,,,,,,,,,,,,,,,,,,,,,,,,,,,,,,,,,,,,,,,,,,,,,,,,,,,,,,,,,,,,,,,,,,,,,,,,,1.98476187,6.8038,,,,,,,,,,,,,,,
,,,,,,,,,,,001,2025-05-08_18h46.52.380,SLSINC_O,2022.2.5,Win32,74.62686567,,,,,,,,,,,,,,,,,,,,,,,,,,,,,,,,,,,,,,,,,,,,,,,,,,,,,,,,,,,,,,,,,,,,,,,,,,,,,,,,,,,,,,,,,,,,,,,,,,,,,,,,,,,,,,,,,,,,,,,,,,,,
,,,,,,,,,,,001,2025-05-08_18h46.52.380,SLSINC_O,2022.2.5,Win32,74.62686567,,,,,,,,,,,,,,,,,,,,,,,,,,,,,,,,,,,,,,,,,,,,,,,,,,,,,,,,,,,,,,,,,,,,,,,,,,,,,,,,,,,,,,,,,,,,,,,,,,,,,,,,,,,,,,"[""female_option""]",,,,,,,,,,,,,,
,,,,,,,,,,,001,2025-05-08_18h46.52.380,SLSINC_O,2022.2.5,Win32,74.62686567,,,,,,,,,,,,,,,,,,,,,,,,,,,,,,,,,,,,,,,,,,,,,,,,,,,,,,,,,,,,,,,,,,,,,,,,,,,,,,,,,,,,,,,,,,,,,,,,,,,,,,,,,,,,,,,,,,,,,,,,,,,,
,,,,,,,,,,,001,2025-05-08_18h46.52.380,SLSINC_O,2022.2.5,Win32,74.62686567,,,,,,,,,,,,,,,,,,,,,,,,,,,,,,,,,,,,,,,,,,,,,,,,,,,,,,,,,,,,,,,,,,,,,,,,,,,,,,,,,,,,,,,,,,,,,,,,,,,,,,,,,,,,,,,65,11/30/1959,,,,,,,,,,,,
,,,,,,,,,,,001,2025-05-08_18h46.52.380,SLSINC_O,2022.2.5,Win32,74.62686567,,,,,,,,,,,,,,,,,,,,,,,,,,,,,,,,,,,,,,,,,,,,,,,,,,,,,,,,,,,,,,,,,,,,,,,,,,,,,,,,,,,,,,,,,,,,,,,,,,,,,,,,,,,,,,,,,,,,,,,,,,,,
,,,,,,,,,,,001,2025-05-08_18h46.52.380,SLSINC_O,2022.2.5,Win32,74.62686567,,,,,,,,,,,,,,,,,,,,,,,,,,,,,,,,,,,,,,,,,,,,,,,,,,,,,,,,,,,,,,,,,,,,,,,,,,,,,,,,,,,,,,,,,,,,,,,,,,,,,,,,,,,,,,,,,"[""EduOpt4""]",,,,,,,,,,,
,,,,,,,,,,,001,2025-05-08_18h46.52.380,SLSINC_O,2022.2.5,Win32,74.62686567,,,,,,,,,,,,,,,,,,,,,,,,,,,,,,,,,,,,,,,,,,,,,,,,,,,,,,,,,,,,,,,,,,,,,,,,,,,,,,,,,,,,,,,,,,,,,,,,,,,,,,,,,,,,,,,,,,,,,,,,,,,,
,,,,,,,,,,,001,2025-05-08_18h46.52.380,SLSINC_O,2022.2.5,Win32,74.62686567,,,,,,,,,,,,,,,,,,,,,,,,,,,,,,,,,,,,,,,,,,,,,,,,,,,,,,,,,,,,,,,,,,,,,,,,,,,,,,,,,,,,,,,,,,,,,,,,,,,,,,,,,,,,,,,,,,"[""EthnOpt6""]",,,,,,,,,,
,,,,,,,,,,,001,2025-05-08_18h46.52.380,SLSINC_O,2022.2.5,Win32,74.62686567,,,,,,,,,,,,,,,,,,,,,,,,,,,,,,,,,,,,,,,,,,,,,,,,,,,,,,,,,,,,,,,,,,,,,,,,,,,,,,,,,,,,,,,,,,,,,,,,,,,,,,,,,,,,,,,,,,,,,,,,,,,,
,,,,,,,,,,,001,2025-05-08_18h46.52.380,SLSINC_O,2022.2.5,Win32,74.62686567,,,,,,,,,,,,,,,,,,,,,,,,,,,,,,,,,,,,,,,,,,,,,,,,,,,,,,,,,,,,,,,,,,,,,,,,,,,,,,,,,,,,,,,,,,,,,,,,,,,,,,,,,,,,,,,,,,,"[""EngFlncyY""]",,,,,,,,,
,,,,,,,,,,,001,2025-05-08_18h46.52.380,SLSINC_O,2022.2.5,Win32,74.62686567,,,,,,,,,,,,,,,,,,,,,,,,,,,,,,,,,,,,,,,,,,,,,,,,,,,,,,,,,,,,,,,,,,,,,,,,,,,,,,,,,,,,,,,,,,,,,,,,,,,,,,,,,,,,,,,,,,,,,,,,,,,,
,,,,,,,,,,,001,2025-05-08_18h46.52.380,SLSINC_O,2022.2.5,Win32,74.62686567,,,,,,,,,,,,,,,,,,,,,,,,,,,,,,,,,,,,,,,,,,,,,,,,,,,,,,,,,,,,,,,,,,,,,,,,,,,,,,,,,,,,,,,,,,,,,,,,,,,,,,,,,,,,,,,,,,,,0,United States,,,,,,,
,,,,,,,,,,,001,2025-05-08_18h46.52.380,SLSINC_O,2022.2.5,Win32,74.62686567,,,,,,,,,,,,,,,,,,,,,,,,,,,,,,,,,,,,,,,,,,,,,,,,,,,,,,,,,,,,,,,,,,,,,,,,,,,,,,,,,,,,,,,,,,,,,,,,,,,,,,,,,,,,,,,,,,,,,,,,,,,,
,,,,,,,,,,,001,2025-05-08_18h46.52.380,SLSINC_O,2022.2.5,Win32,74.62686567,,,,,,,,,,,,,,,,,,,,,,,,,,,,,,,,,,,,,,,,,,,,,,,,,,,,,,,,,,,,,,,,,,,,,,,,,,,,,,,,,,,,,,,,,,,,,,,,,,,,,,,,,,,,,,,,,,,,,,D,,,,,,
,,,,,,,,,,,001,2025-05-08_18h46.52.380,SLSINC_O,2022.2.5,Win32,74.62686567,,,,,,,,,,,,,,,,,,,,,,,,,,,,,,,,,,,,,,,,,,,,,,,,,,,,,,,,,,,,,,,,,,,,,,,,,,,,,,,,,,,,,,,,,,,,,,,,,,,,,,,,,,,,,,,,,,,,,,,,,,,,
,,,,,,,,,,,001,2025-05-08_18h46.52.380,SLSINC_O,2022.2.5,Win32,74.62686567,,,,,,,,,,,,,,,,,,,,,,,,,,,,,,,,,,,,,,,,,,,,,,,,,,,,,,,,,,,,,,,,,,,,,,,,,,,,,,,,,,,,,,,,,,,,,,,,,,,,,,,,,,,,,,,,,,,,,,,No,,,,,
,,,,,,,,,,,001,2025-05-08_18h46.52.380,SLSINC_O,2022.2.5,Win32,74.62686567,,,,,,,,,,,,,,,,,,,,,,,,,,,,,,,,,,,,,,,,,,,,,,,,,,,,,,,,,,,,,,,,,,,,,,,,,,,,,,,,,,,,,,,,,,,,,,,,,,,,,,,,,,,,,,,,,,,,,,,,,,,,
,,,,,,,,,,,001,2025-05-08_18h46.52.380,SLSINC_O,2022.2.5,Win32,74.62686567,,,,,,,,,,,,,,,,,,,,,,,,,,,,,,,,,,,,,,,,,,,,,,,,,,,,,,,,,,,,,,,,,,,,,,,,,,,,,,,,,,,,,,,,,,,,,,,,,,,,,,,,,,,,,,,,,,,,,,,,No comments besides it went fine.,,,,
,,,,,,,,,,,001,2025-05-08_18h46.52.380,SLSINC_O,2022.2.5,Win32,74.62686567,,,,,,,,,,,,,,,,,,,,,,,,,,,,,,,,,,,,,,,,,,,,,,,,,,,,,,,,,,,,,,,,,,,,,,,,,,,,,,,,,,,,,,,,,,,,,,,,,,,,,,,,,,,,,,,,,,,,,,,,,,,,
,,,,,,,,,,,001,2025-05-08_18h46.52.380,SLSINC_O,2022.2.5,Win32,74.62686567,,,,,,,,,,,,,,,,,,,,,,,,,,,,,,,,,,,,,,,,,,,,,,,,,,,,,,,,,,,,,,,,,,,,,,,,,,,,,,,,,,,,,,,,,,,,,,,,,,,,,,,,,,,,,,,,,,,,,,,,,"[""Q4option1""]",,,
,,,,,,,,,,,001,2025-05-08_18h46.52.380,SLSINC_O,2022.2.5,Win32,74.62686567,,,,,,,,,,,,,,,,,,,,,,,,,,,,,,,,,,,,,,,,,,,,,,,,,,,,,,,,,,,,,,,,,,,,,,,,,,,,,,,,,,,,,,,,,,,,,,,,,,,,,,,,,,,,,,,,,,,,,,,,,,,,
,,,,,,,,,,,001,2025-05-08_18h46.52.380,SLSINC_O,2022.2.5,Win32,74.62686567,,,,,,,,,,,,,,,,,,,,,,,,,,,,,,,,,,,,,,,,,,,,,,,,,,,,,,,,,,,,,,,,,,,,,,,,,,,,,,,,,,,,,,,,,,,,,,,,,,,,,,,,,,,,,,,,,,,,,,,,,,1,[2763.968600000024],[2763.9687000000476]
