bruinID.text,button.numClicks,button.timesOn,button.timesOff,mouseLogIn.x,mouseLogIn.y,mouseLogIn.leftButton,mouseLogIn.midButton,mouseLogIn.rightButton,mouseLogIn.time,mouseLogIn.clicked_name,repeat.thisRepN,repeat.thisTrialN,repeat.thisN,repeat.thisIndex,repeat.ran,participant,session,date,expName,psychopyVersion,OS,frameRate,key_resp_6.keys,key_resp_6.rt,key_resp_5.keys,key_resp_5.rt,subjage_slider.response,subjage_slider.rt,confidence_scale.response,confidence_scale.rt,key_resp_7.keys,key_resp_7.rt,button_2.numClicks,button_2.timesOn,button_2.timesOff,email_type,scam_button.numClicks,scam_button.timesOn,scam_button.timesOff,legit_button.numClicks,legit_button.timesOn,legit_button.timesOff,button_selections_1,confidence_scale_email.response,confidence_scale_email.rt,personal_rel_scale.response,personal_rel_scale.rt,curiosity_scale.response,curiosity_scale.rt,email_loop.thisRepN,email_loop.thisTrialN,email_loop.thisN,email_loop.thisIndex,email_loop.ran,emails,type,xsize,ysize,xpos,ypos,key_resp_8.keys,key_resp_8.rt,button_3.numClicks,button_3.timesOn,button_3.timesOff,button_4.numClicks,button_4.timesOn,button_4.timesOff,button_5.numClicks,button_5.timesOn,button_5.timesOff,email_loops2.thisRepN,email_loops2.thisTrialN,email_loops2.thisN,email_loops2.thisIndex,email_loops2.ran,key_resp_3.keys,key_resp_3.rt,slider1_2.response,slider1_2.rt,trust_question,loop_GT.thisRepN,loop_GT.thisTrialN,loop_GT.thisN,loop_GT.thisIndex,loop_GT.ran,Phrases,instructionresp_2.keys,instructionresp_2.rt,key_resp_13.keys,key_resp_13.rt,gen_question,loop_G.thisRepN,loop_G.thisTrialN,loop_G.thisN,loop_G.thisIndex,loop_G.ran,Questions,instructionresp.keys,instructionresp.rt,key_resp_2.keys,key_resp_2.rt,lonely_question,loop_LS.thisRepN,loop_LS.thisTrialN,loop_LS.thisN,loop_LS.thisIndex,loop_LS.ran,key_resp_4.keys,key_resp_4.rt,rating.response,rating.rt,dementia_question,loop_dm.thisRepN,loop_dm.thisTrialN,loop_dm.thisN,loop_dm.thisIndex,loop_dm.ran,Items,key_resp.keys,key_resp.rt,slider1.response,slider1.rt,ss_question,loop_SS.thisRepN,loop_SS.thisTrialN,loop_SS.thisN,loop_SS.thisIndex,loop_SS.ran,Statements,slider.response,slider.rt,Gender,textboxAge.text,textboxBirthday.text,Education Level,Ethnicity,English Fluency,textboxAge_2.text,textboxCountry.text,FQ1textbox.text,textboxQuestion2.text,textboxQuestion3.text,FQ4 selection,Finish.numClicks,Finish.timesOn,Finish.timesOff
106513244,1,[24.174],[24.174],0.030434783,-0.054891304,1,0,0,5.752,button,0,0,0,0,1,117466,001,2025-04-15_13h19.34.598,SLSIC2,2022.2.5,MacIntel,60.16847172,,,,,,,,,,,,,,,,,,,,,,,,,,,,,,,,,,,,,,,,,,,,,,,,,,,,,,,,,,,,,,,,,,,,,,,,,,,,,,,,,,,,,,,,,,,,,,,,,,,,,,,,,,,,,,,,,,,,,,,,,,,,,
,,,,,,,,,,,,,,,,117466,001,2025-04-15_13h19.34.598,SLSIC2,2022.2.5,MacIntel,60.16847172,space,2.133,,,,,,,,,,,,,,,,,,,,,,,,,,,,,,,,,,,,,,,,,,,,,,,,,,,,,,,,,,,,,,,,,,,,,,,,,,,,,,,,,,,,,,,,,,,,,,,,,,,,,,,,,,,,,,,,,,,,,,,,,,,
,,,,,,,,,,,,,,,,117466,001,2025-04-15_13h19.34.598,SLSIC2,2022.2.5,MacIntel,60.16847172,,,space,1.187,,,,,,,,,,,,,,,,,,,,,,,,,,,,,,,,,,,,,,,,,,,,,,,,,,,,,,,,,,,,,,,,,,,,,,,,,,,,,,,,,,,,,,,,,,,,,,,,,,,,,,,,,,,,,,,,,,,,,,,,,
,,,,,,,,,,,,,,,,117466,001,2025-04-15_13h19.34.598,SLSIC2,2022.2.5,MacIntel,60.16847172,,,,,29.30051813,11.771,,,,,,,,,,,,,,,,,,,,,,,,,,,,,,,,,,,,,,,,,,,,,,,,,,,,,,,,,,,,,,,,,,,,,,,,,,,,,,,,,,,,,,,,,,,,,,,,,,,,,,,,,,,,,,,,,,,,,,,
,,,,,,,,,,,,,,,,117466,001,2025-04-15_13h19.34.598,SLSIC2,2022.2.5,MacIntel,60.16847172,,,,,,,7.454663212,10.204,,,,,,,,,,,,,,,,,,,,,,,,,,,,,,,,,,,,,,,,,,,,,,,,,,,,,,,,,,,,,,,,,,,,,,,,,,,,,,,,,,,,,,,,,,,,,,,,,,,,,,,,,,,,,,,,,,,,,
,,,,,,,,,,,,,,,,117466,001,2025-04-15_13h19.34.598,SLSIC2,2022.2.5,MacIntel,60.16847172,,,,,,,,,space,5.041,,,,,,,,,,,,,,,,,,,,,,,,,,,,,,,,,,,,,,,,,,,,,,,,,,,,,,,,,,,,,,,,,,,,,,,,,,,,,,,,,,,,,,,,,,,,,,,,,,,,,,,,,,,,,,,,,,,
,,,,,,,,,,,,,,,,117466,001,2025-04-15_13h19.34.598,SLSIC2,2022.2.5,MacIntel,60.16847172,,,,,,,,,,,1,[71.64],[71.64099999999999],,0,[],[],1,[73.322],[73.322],"[""legit_button""]",7.791450777,2.926,6.910621762,6.655,1.029792746,4.004,0,0,0,8,1,resources/images/legit_23.png,legit,1,0.65,0,0,,,,,,,,,,,,,,,,,,,,,,,,,,,,,,,,,,,,,,,,,,,,,,,,,,,,,,,,,,,,,,,,,,,,,,,,,,,,,,,,,,,,,,,
,,,,,,,,,,,,,,,,117466,001,2025-04-15_13h19.34.598,SLSIC2,2022.2.5,MacIntel,60.16847172,,,,,,,,,,,2,"[71.64,107.52399999999999]","[71.64099999999999,107.52399999999999]",,0,[],[],2,"[73.322,108.638]","[73.322,108.63900000000001]","[""legit_button""]",8.665803109,1.121,8.063471503,1.53,2.10492228,2.755,0,1,1,22,1,resources/images/scam_24.png,scam,1,0.8,0,0,,,,,,,,,,,,,,,,,,,,,,,,,,,,,,,,,,,,,,,,,,,,,,,,,,,,,,,,,,,,,,,,,,,,,,,,,,,,,,,,,,,,,,,
,,,,,,,,,,,,,,,,117466,001,2025-04-15_13h19.34.598,SLSIC2,2022.2.5,MacIntel,60.16847172,,,,,,,,,,,3,"[71.64,107.52399999999999,133.572]","[71.64099999999999,107.52399999999999,133.572]",,0,[],[],3,"[73.322,108.638,135.721]","[73.322,108.63900000000001,135.722]","[""legit_button""]",5.310880829,1.252,0.187823834,2.13,1.943005181,2.355,0,2,2,7,1,resources/images/legit_21.png,legit,0.8,0.8,0,0,,,,,,,,,,,,,,,,,,,,,,,,,,,,,,,,,,,,,,,,,,,,,,,,,,,,,,,,,,,,,,,,,,,,,,,,,,,,,,,,,,,,,,,
,,,,,,,,,,,,,,,,117466,001,2025-04-15_13h19.34.598,SLSIC2,2022.2.5,MacIntel,60.16847172,,,,,,,,,,,4,"[71.64,107.52399999999999,133.572,183.18800000000002]","[71.64099999999999,107.52399999999999,133.572,183.18900000000002]",,0,[],[],4,"[73.322,108.638,135.721,187.488]","[73.322,108.63900000000001,135.722,187.488]","[""legit_button""]",1.509067358,2.24,0.110103627,2.587,2.759067358,3.826,0,3,3,12,1,resources/images/scam17.png,scam,0.8,0.65,0,0,,,,,,,,,,,,,,,,,,,,,,,,,,,,,,,,,,,,,,,,,,,,,,,,,,,,,,,,,,,,,,,,,,,,,,,,,,,,,,,,,,,,,,,
,,,,,,,,,,,,,,,,117466,001,2025-04-15_13h19.34.598,SLSIC2,2022.2.5,MacIntel,60.16847172,,,,,,,,,,,5,"[71.64,107.52399999999999,133.572,183.18800000000002,201.75500000000002]","[71.64099999999999,107.52399999999999,133.572,183.18900000000002,201.75500000000002]",,1,[203.506],[203.506],4,"[73.322,108.638,135.721,187.488]","[73.322,108.63900000000001,135.722,187.488]","[""scam_button""]",6.010362694,1.794,4.987046632,2.062,0.330310881,2.706,0,4,4,19,1,resources/images/scam_21.png,scam,1,0.65,0,0,,,,,,,,,,,,,,,,,,,,,,,,,,,,,,,,,,,,,,,,,,,,,,,,,,,,,,,,,,,,,,,,,,,,,,,,,,,,,,,,,,,,,,,
,,,,,,,,,,,,,,,,117466,001,2025-04-15_13h19.34.598,SLSIC2,2022.2.5,MacIntel,60.16847172,,,,,,,,,,,6,"[71.64,107.52399999999999,133.572,183.18800000000002,201.75500000000002,220.08800000000002]","[71.64099999999999,107.52399999999999,133.572,183.18900000000002,201.75500000000002,220.08800000000002]",,2,"[203.506,221.422]","[203.506,221.422]",4,"[73.322,108.638,135.721,187.488]","[73.322,108.63900000000001,135.722,187.488]","[""scam_button""]",2.07253886,1.709,1.92357513,2.195,0.42746114,1.544,0,5,5,18,1,resources/images/scam_20.png,scam,1.45,0.6,0,0,,,,,,,,,,,,,,,,,,,,,,,,,,,,,,,,,,,,,,,,,,,,,,,,,,,,,,,,,,,,,,,,,,,,,,,,,,,,,,,,,,,,,,,
,,,,,,,,,,,,,,,,117466,001,2025-04-15_13h19.34.598,SLSIC2,2022.2.5,MacIntel,60.16847172,,,,,,,,,,,7,"[71.64,107.52399999999999,133.572,183.18800000000002,201.75500000000002,220.08800000000002,235.639]","[71.64099999999999,107.52399999999999,133.572,183.18900000000002,201.75500000000002,220.08800000000002,235.639]",,2,"[203.506,221.422]","[203.506,221.422]",5,"[73.322,108.638,135.721,187.488,237.75500000000002]","[73.322,108.63900000000001,135.722,187.488,237.75500000000002]","[""legit_button""]",3.115284974,1.207,3.10880829,3.179,1.010362694,2.014,0,6,6,13,1,resources/images/legit15.jpg,legit,0.95,0.65,0,0,,,,,,,,,,,,,,,,,,,,,,,,,,,,,,,,,,,,,,,,,,,,,,,,,,,,,,,,,,,,,,,,,,,,,,,,,,,,,,,,,,,,,,,
,,,,,,,,,,,,,,,,117466,001,2025-04-15_13h19.34.598,SLSIC2,2022.2.5,MacIntel,60.16847172,,,,,,,,,,,8,"[71.64,107.52399999999999,133.572,183.18800000000002,201.75500000000002,220.08800000000002,235.639,265.855]","[71.64099999999999,107.52399999999999,133.572,183.18900000000002,201.75500000000002,220.08800000000002,235.639,265.855]",,3,"[203.506,221.422,266.889]","[203.506,221.422,266.889]",5,"[73.322,108.638,135.721,187.488,237.75500000000002]","[73.322,108.63900000000001,135.722,187.488,237.75500000000002]","[""scam_button""]",3.75,1.538,0.904792825,1.588,0.97387719,0.854,0,7,7,15,1,resources/images/legit16.jpg,legit,0.65,0.65,0,0,,,,,,,,,,,,,,,,,,,,,,,,,,,,,,,,,,,,,,,,,,,,,,,,,,,,,,,,,,,,,,,,,,,,,,,,,,,,,,,,,,,,,,,
,,,,,,,,,,,,,,,,117466,001,2025-04-15_13h19.34.598,SLSIC2,2022.2.5,MacIntel,60.16847172,,,,,,,,,,,9,"[71.64,107.52399999999999,133.572,183.18800000000002,201.75500000000002,220.08800000000002,235.639,265.855,288.22200000000004]","[71.64099999999999,107.52399999999999,133.572,183.18900000000002,201.75500000000002,220.08800000000002,235.639,265.855,288.22200000000004]",,4,"[203.506,221.422,266.889,289.23800000000006]","[203.506,221.422,266.889,289.23800000000006]",5,"[73.322,108.638,135.721,187.488,237.75500000000002]","[73.322,108.63900000000001,135.722,187.488,237.75500000000002]","[""scam_button""]",7.704447218,1.052,3.560232844,1.588,1.743955069,1.588,0,8,8,0,1,resources/images/scam8.jpg,scam,0.65,0.65,0,0,,,,,,,,,,,,,,,,,,,,,,,,,,,,,,,,,,,,,,,,,,,,,,,,,,,,,,,,,,,,,,,,,,,,,,,,,,,,,,,,,,,,,,,
,,,,,,,,,,,,,,,,117466,001,2025-04-15_13h19.34.598,SLSIC2,2022.2.5,MacIntel,60.16847172,,,,,,,,,,,10,"[71.64,107.52399999999999,133.572,183.18800000000002,201.75500000000002,220.08800000000002,235.639,265.855,288.22200000000004,300.43800000000005]","[71.64099999999999,107.52399999999999,133.572,183.18900000000002,201.75500000000002,220.08800000000002,235.639,265.855,288.22200000000004,300.43800000000005]",,5,"[203.506,221.422,266.889,289.23800000000006,301.504]","[203.506,221.422,266.889,289.23800000000006,301.50500000000005]",5,"[73.322,108.638,135.721,187.488,237.75500000000002]","[73.322,108.63900000000001,135.722,187.488,237.75500000000002]","[""scam_button""]",7.129965669,0.773,2.307642803,1.106,0.554620219,1.255,0,9,9,21,1,resources/images/scam_23.png,scam,1,0.8,0,0,,,,,,,,,,,,,,,,,,,,,,,,,,,,,,,,,,,,,,,,,,,,,,,,,,,,,,,,,,,,,,,,,,,,,,,,,,,,,,,,,,,,,,,
,,,,,,,,,,,,,,,,117466,001,2025-04-15_13h19.34.598,SLSIC2,2022.2.5,MacIntel,60.16847172,,,,,,,,,,,11,"[71.64,107.52399999999999,133.572,183.18800000000002,201.75500000000002,220.08800000000002,235.639,265.855,288.22200000000004,300.43800000000005,317.20500000000004]","[71.64099999999999,107.52399999999999,133.572,183.18900000000002,201.75500000000002,220.08800000000002,235.639,265.855,288.22200000000004,300.43800000000005,317.20500000000004]",,6,"[203.506,221.422,266.889,289.23800000000006,301.504,318.504]","[203.506,221.422,266.889,289.23800000000006,301.50500000000005,318.504]",5,"[73.322,108.638,135.721,187.488,237.75500000000002]","[73.322,108.63900000000001,135.722,187.488,237.75500000000002]","[""scam_button""]",6.216105723,0.642,2.324913697,1.504,0.416666535,0.997,0,10,10,20,1,resources/images/scam_30.png,scam,1.45,0.6,0,0,,,,,,,,,,,,,,,,,,,,,,,,,,,,,,,,,,,,,,,,,,,,,,,,,,,,,,,,,,,,,,,,,,,,,,,,,,,,,,,,,,,,,,,
,,,,,,,,,,,,,,,,117466,001,2025-04-15_13h19.34.598,SLSIC2,2022.2.5,MacIntel,60.16847172,,,,,,,,,,,12,"[71.64,107.52399999999999,133.572,183.18800000000002,201.75500000000002,220.08800000000002,235.639,265.855,288.22200000000004,300.43800000000005,317.20500000000004,335.355]","[71.64099999999999,107.52399999999999,133.572,183.18900000000002,201.75500000000002,220.08800000000002,235.639,265.855,288.22200000000004,300.43800000000005,317.20500000000004,335.355]",,6,"[203.506,221.422,266.889,289.23800000000006,301.504,318.504]","[203.506,221.422,266.889,289.23800000000006,301.50500000000005,318.504]",6,"[73.322,108.638,135.721,187.488,237.75500000000002,336.353]","[73.322,108.63900000000001,135.722,187.488,237.75500000000002,336.353]","[""legit_button""]",7.687392161,2.921,2.985751295,1.471,0.859240201,1.972,0,11,11,16,1,resources/images/legit_30.png,legit,1,0.85,0,0,,,,,,,,,,,,,,,,,,,,,,,,,,,,,,,,,,,,,,,,,,,,,,,,,,,,,,,,,,,,,,,,,,,,,,,,,,,,,,,,,,,,,,,
,,,,,,,,,,,,,,,,117466,001,2025-04-15_13h19.34.598,SLSIC2,2022.2.5,MacIntel,60.16847172,,,,,,,,,,,13,"[71.64,107.52399999999999,133.572,183.18800000000002,201.75500000000002,220.08800000000002,235.639,265.855,288.22200000000004,300.43800000000005,317.20500000000004,335.355,357.40600000000006]","[71.64099999999999,107.52399999999999,133.572,183.18900000000002,201.75500000000002,220.08800000000002,235.639,265.855,288.22200000000004,300.43800000000005,317.20500000000004,335.355,357.40600000000006]",,7,"[203.506,221.422,266.889,289.23800000000006,301.504,318.504,358.30400000000003]","[203.506,221.422,266.889,289.23800000000006,301.50500000000005,318.504,358.30400000000003]",6,"[73.322,108.638,135.721,187.488,237.75500000000002,336.353]","[73.322,108.63900000000001,135.722,187.488,237.75500000000002,336.353]","[""scam_button""]",4.507772021,1.135,1.360103627,1.355,0.382124352,0.72,0,12,12,4,1,resources/images/legit_19.png,legit,0.65,0.65,0,0,,,,,,,,,,,,,,,,,,,,,,,,,,,,,,,,,,,,,,,,,,,,,,,,,,,,,,,,,,,,,,,,,,,,,,,,,,,,,,,,,,,,,,,
,,,,,,,,,,,,,,,,117466,001,2025-04-15_13h19.34.598,SLSIC2,2022.2.5,MacIntel,60.16847172,,,,,,,,,,,14,"[71.64,107.52399999999999,133.572,183.18800000000002,201.75500000000002,220.08800000000002,235.639,265.855,288.22200000000004,300.43800000000005,317.20500000000004,335.355,357.40600000000006,382.95500000000004]","[71.64099999999999,107.52399999999999,133.572,183.18900000000002,201.75500000000002,220.08800000000002,235.639,265.855,288.22200000000004,300.43800000000005,317.20500000000004,335.355,357.40600000000006,382.95500000000004]",,7,"[203.506,221.422,266.889,289.23800000000006,301.504,318.504,358.30400000000003]","[203.506,221.422,266.889,289.23800000000006,301.50500000000005,318.504,358.30400000000003]",7,"[73.322,108.638,135.721,187.488,237.75500000000002,336.353,384.071]","[73.322,108.63900000000001,135.722,187.488,237.75500000000002,336.353,384.071]","[""legit_button""]",3.834196891,1.067,0.939119171,1.214,1.010362694,0.705,0,13,13,9,1,resources/images/legit_22.png,legit,1,0.78,0,0,,,,,,,,,,,,,,,,,,,,,,,,,,,,,,,,,,,,,,,,,,,,,,,,,,,,,,,,,,,,,,,,,,,,,,,,,,,,,,,,,,,,,,,
,,,,,,,,,,,,,,,,117466,001,2025-04-15_13h19.34.598,SLSIC2,2022.2.5,MacIntel,60.16847172,,,,,,,,,,,15,"[71.64,107.52399999999999,133.572,183.18800000000002,201.75500000000002,220.08800000000002,235.639,265.855,288.22200000000004,300.43800000000005,317.20500000000004,335.355,357.40600000000006,382.95500000000004,397.20400000000006]","[71.64099999999999,107.52399999999999,133.572,183.18900000000002,201.75500000000002,220.08800000000002,235.639,265.855,288.22200000000004,300.43800000000005,317.20500000000004,335.355,357.40600000000006,382.95500000000004,397.20400000000006]",,8,"[203.506,221.422,266.889,289.23800000000006,301.504,318.504,358.30400000000003,398.12100000000004]","[203.506,221.422,266.889,289.23800000000006,301.50500000000005,318.504,358.30400000000003,398.12100000000004]",7,"[73.322,108.638,135.721,187.488,237.75500000000002,336.353,384.071]","[73.322,108.63900000000001,135.722,187.488,237.75500000000002,336.353,384.071]","[""scam_button""]",8.225388601,1.052,1.534974093,1.545,0.408031088,0.739,0,14,14,11,1,resources/images/scam16.png,scam,0.65,0.65,0,0,,,,,,,,,,,,,,,,,,,,,,,,,,,,,,,,,,,,,,,,,,,,,,,,,,,,,,,,,,,,,,,,,,,,,,,,,,,,,,,,,,,,,,,
,,,,,,,,,,,,,,,,117466,001,2025-04-15_13h19.34.598,SLSIC2,2022.2.5,MacIntel,60.16847172,,,,,,,,,,,16,"[71.64,107.52399999999999,133.572,183.18800000000002,201.75500000000002,220.08800000000002,235.639,265.855,288.22200000000004,300.43800000000005,317.20500000000004,335.355,357.40600000000006,382.95500000000004,397.20400000000006,413.13700000000006]","[71.64099999999999,107.52399999999999,133.572,183.18900000000002,201.75500000000002,220.08800000000002,235.639,265.855,288.22200000000004,300.43800000000005,317.20500000000004,335.355,357.40600000000006,382.95500000000004,397.20400000000006,413.13700000000006]",,9,"[203.506,221.422,266.889,289.23800000000006,301.504,318.504,358.30400000000003,398.12100000000004,415.08700000000005]","[203.506,221.422,266.889,289.23800000000006,301.50500000000005,318.504,358.30400000000003,398.12100000000004,415.08700000000005]",7,"[73.322,108.638,135.721,187.488,237.75500000000002,336.353,384.071]","[73.322,108.63900000000001,135.722,187.488,237.75500000000002,336.353,384.071]","[""scam_button""]",1.03626943,0.942,0.751295337,1.947,5.589378238,1.893,0,15,15,3,1,resources/images/legit_20.png,legit,0.9,0.8,0,0,,,,,,,,,,,,,,,,,,,,,,,,,,,,,,,,,,,,,,,,,,,,,,,,,,,,,,,,,,,,,,,,,,,,,,,,,,,,,,,,,,,,,,,
,,,,,,,,,,,,,,,,117466,001,2025-04-15_13h19.34.598,SLSIC2,2022.2.5,MacIntel,60.16847172,,,,,,,,,,,17,"[71.64,107.52399999999999,133.572,183.18800000000002,201.75500000000002,220.08800000000002,235.639,265.855,288.22200000000004,300.43800000000005,317.20500000000004,335.355,357.40600000000006,382.95500000000004,397.20400000000006,413.13700000000006,430.42100000000005]","[71.64099999999999,107.52399999999999,133.572,183.18900000000002,201.75500000000002,220.08800000000002,235.639,265.855,288.22200000000004,300.43800000000005,317.20500000000004,335.355,357.40600000000006,382.95500000000004,397.20400000000006,413.13700000000006,430.42100000000005]",,9,"[203.506,221.422,266.889,289.23800000000006,301.504,318.504,358.30400000000003,398.12100000000004,415.08700000000005]","[203.506,221.422,266.889,289.23800000000006,301.50500000000005,318.504,358.30400000000003,398.12100000000004,415.08700000000005]",8,"[73.322,108.638,135.721,187.488,237.75500000000002,336.353,384.071,432.45300000000003]","[73.322,108.63900000000001,135.722,187.488,237.75500000000002,336.353,384.071,432.45300000000003]","[""legit_button""]",3.873056995,1.22,0.913212435,1.439,1.139896373,0.524,0,16,16,5,1,resources/images/legit12.jpg,legit,1,0.65,0,0,,,,,,,,,,,,,,,,,,,,,,,,,,,,,,,,,,,,,,,,,,,,,,,,,,,,,,,,,,,,,,,,,,,,,,,,,,,,,,,,,,,,,,,
,,,,,,,,,,,,,,,,117466,001,2025-04-15_13h19.34.598,SLSIC2,2022.2.5,MacIntel,60.16847172,,,,,,,,,,,18,"[71.64,107.52399999999999,133.572,183.18800000000002,201.75500000000002,220.08800000000002,235.639,265.855,288.22200000000004,300.43800000000005,317.20500000000004,335.355,357.40600000000006,382.95500000000004,397.20400000000006,413.13700000000006,430.42100000000005,442.87000000000006]","[71.64099999999999,107.52399999999999,133.572,183.18900000000002,201.75500000000002,220.08800000000002,235.639,265.855,288.22200000000004,300.43800000000005,317.20500000000004,335.355,357.40600000000006,382.95500000000004,397.20400000000006,413.13700000000006,430.42100000000005,442.87000000000006]",,9,"[203.506,221.422,266.889,289.23800000000006,301.504,318.504,358.30400000000003,398.12100000000004,415.08700000000005]","[203.506,221.422,266.889,289.23800000000006,301.50500000000005,318.504,358.30400000000003,398.12100000000004,415.08700000000005]",9,"[73.322,108.638,135.721,187.488,237.75500000000002,336.353,384.071,432.45300000000003,444.002]","[73.322,108.63900000000001,135.722,187.488,237.75500000000002,336.353,384.071,432.45300000000003,444.002]","[""legit_button""]",6.625647668,0.586,1.288860104,2.055,1.010362694,1.956,0,17,17,17,1,resources/images/legitimate_18.png,legit,1,0.65,0,0,,,,,,,,,,,,,,,,,,,,,,,,,,,,,,,,,,,,,,,,,,,,,,,,,,,,,,,,,,,,,,,,,,,,,,,,,,,,,,,,,,,,,,,
,,,,,,,,,,,,,,,,117466,001,2025-04-15_13h19.34.598,SLSIC2,2022.2.5,MacIntel,60.16847172,,,,,,,,,,,19,"[71.64,107.52399999999999,133.572,183.18800000000002,201.75500000000002,220.08800000000002,235.639,265.855,288.22200000000004,300.43800000000005,317.20500000000004,335.355,357.40600000000006,382.95500000000004,397.20400000000006,413.13700000000006,430.42100000000005,442.87000000000006,455.50500000000005]","[71.64099999999999,107.52399999999999,133.572,183.18900000000002,201.75500000000002,220.08800000000002,235.639,265.855,288.22200000000004,300.43800000000005,317.20500000000004,335.355,357.40600000000006,382.95500000000004,397.20400000000006,413.13700000000006,430.42100000000005,442.87000000000006,455.50500000000005]",,9,"[203.506,221.422,266.889,289.23800000000006,301.504,318.504,358.30400000000003,398.12100000000004,415.08700000000005]","[203.506,221.422,266.889,289.23800000000006,301.50500000000005,318.504,358.30400000000003,398.12100000000004,415.08700000000005]",10,"[73.322,108.638,135.721,187.488,237.75500000000002,336.353,384.071,432.45300000000003,444.002,456.636]","[73.322,108.63900000000001,135.722,187.488,237.75500000000002,336.353,384.071,432.45300000000003,444.002,456.636]","[""legit_button""]",4.119170984,0.984,1.191709845,1.365,1.191709845,0.705,0,18,18,2,1,resources/images/legit11.jpg,legit,0.65,0.65,0,0,,,,,,,,,,,,,,,,,,,,,,,,,,,,,,,,,,,,,,,,,,,,,,,,,,,,,,,,,,,,,,,,,,,,,,,,,,,,,,,,,,,,,,,
,,,,,,,,,,,,,,,,117466,001,2025-04-15_13h19.34.598,SLSIC2,2022.2.5,MacIntel,60.16847172,,,,,,,,,,,20,"[71.64,107.52399999999999,133.572,183.18800000000002,201.75500000000002,220.08800000000002,235.639,265.855,288.22200000000004,300.43800000000005,317.20500000000004,335.355,357.40600000000006,382.95500000000004,397.20400000000006,413.13700000000006,430.42100000000005,442.87000000000006,455.50500000000005,462.95300000000003]","[71.64099999999999,107.52399999999999,133.572,183.18900000000002,201.75500000000002,220.08800000000002,235.639,265.855,288.22200000000004,300.43800000000005,317.20500000000004,335.355,357.40600000000006,382.95500000000004,397.20400000000006,413.13700000000006,430.42100000000005,442.87000000000006,455.50500000000005,462.95300000000003]",,10,"[203.506,221.422,266.889,289.23800000000006,301.504,318.504,358.30400000000003,398.12100000000004,415.08700000000005,463.97]","[203.506,221.422,266.889,289.23800000000006,301.50500000000005,318.504,358.30400000000003,398.12100000000004,415.08700000000005,463.97]",10,"[73.322,108.638,135.721,187.488,237.75500000000002,336.353,384.071,432.45300000000003,444.002,456.636]","[73.322,108.63900000000001,135.722,187.488,237.75500000000002,336.353,384.071,432.45300000000003,444.002,456.636]","[""scam_button""]",6.703367876,0.786,1.211139896,1.398,1.28238342,1.506,0,19,19,1,1,resources/images/scam9.jpg,scam,0.65,0.65,0,0,,,,,,,,,,,,,,,,,,,,,,,,,,,,,,,,,,,,,,,,,,,,,,,,,,,,,,,,,,,,,,,,,,,,,,,,,,,,,,,,,,,,,,,
,,,,,,,,,,,,,,,,117466,001,2025-04-15_13h19.34.598,SLSIC2,2022.2.5,MacIntel,60.16847172,,,,,,,,,,,21,"[71.64,107.52399999999999,133.572,183.18800000000002,201.75500000000002,220.08800000000002,235.639,265.855,288.22200000000004,300.43800000000005,317.20500000000004,335.355,357.40600000000006,382.95500000000004,397.20400000000006,413.13700000000006,430.42100000000005,442.87000000000006,455.50500000000005,462.95300000000003,493.637]","[71.64099999999999,107.52399999999999,133.572,183.18900000000002,201.75500000000002,220.08800000000002,235.639,265.855,288.22200000000004,300.43800000000005,317.20500000000004,335.355,357.40600000000006,382.95500000000004,397.20400000000006,413.13700000000006,430.42100000000005,442.87000000000006,455.50500000000005,462.95300000000003,493.638]",,10,"[203.506,221.422,266.889,289.23800000000006,301.504,318.504,358.30400000000003,398.12100000000004,415.08700000000005,463.97]","[203.506,221.422,266.889,289.23800000000006,301.50500000000005,318.504,358.30400000000003,398.12100000000004,415.08700000000005,463.97]",11,"[73.322,108.638,135.721,187.488,237.75500000000002,336.353,384.071,432.45300000000003,444.002,456.636,494.65199999999993]","[73.322,108.63900000000001,135.722,187.488,237.75500000000002,336.353,384.071,432.45300000000003,444.002,456.636,494.65199999999993]","[""legit_button""]",4.449481865,0.609,0.770725389,0.976,0.770725389,0.491,0,20,20,14,1,resources/images/scam18.png,scam,1,0.65,0,0,,,,,,,,,,,,,,,,,,,,,,,,,,,,,,,,,,,,,,,,,,,,,,,,,,,,,,,,,,,,,,,,,,,,,,,,,,,,,,,,,,,,,,,
,,,,,,,,,,,,,,,,117466,001,2025-04-15_13h19.34.598,SLSIC2,2022.2.5,MacIntel,60.16847172,,,,,,,,,,,22,"[71.64,107.52399999999999,133.572,183.18800000000002,201.75500000000002,220.08800000000002,235.639,265.855,288.22200000000004,300.43800000000005,317.20500000000004,335.355,357.40600000000006,382.95500000000004,397.20400000000006,413.13700000000006,430.42100000000005,442.87000000000006,455.50500000000005,462.95300000000003,493.637,512.5699999999999]","[71.64099999999999,107.52399999999999,133.572,183.18900000000002,201.75500000000002,220.08800000000002,235.639,265.855,288.22200000000004,300.43800000000005,317.20500000000004,335.355,357.40600000000006,382.95500000000004,397.20400000000006,413.13700000000006,430.42100000000005,442.87000000000006,455.50500000000005,462.95300000000003,493.638,512.5699999999999]",,10,"[203.506,221.422,266.889,289.23800000000006,301.504,318.504,358.30400000000003,398.12100000000004,415.08700000000005,463.97]","[203.506,221.422,266.889,289.23800000000006,301.50500000000005,318.504,358.30400000000003,398.12100000000004,415.08700000000005,463.97]",12,"[73.322,108.638,135.721,187.488,237.75500000000002,336.353,384.071,432.45300000000003,444.002,456.636,494.65199999999993,513.7689999999999]","[73.322,108.63900000000001,135.722,187.488,237.75500000000002,336.353,384.071,432.45300000000003,444.002,456.636,494.65199999999993,513.7689999999999]","[""legit_button""]",7.331606218,0.973,3.620466321,1.255,1.418393782,0.622,0,21,21,23,1,resources/images/scam_22.png,scam,1,0.65,0,0,,,,,,,,,,,,,,,,,,,,,,,,,,,,,,,,,,,,,,,,,,,,,,,,,,,,,,,,,,,,,,,,,,,,,,,,,,,,,,,,,,,,,,,
,,,,,,,,,,,,,,,,117466,001,2025-04-15_13h19.34.598,SLSIC2,2022.2.5,MacIntel,60.16847172,,,,,,,,,,,23,"[71.64,107.52399999999999,133.572,183.18800000000002,201.75500000000002,220.08800000000002,235.639,265.855,288.22200000000004,300.43800000000005,317.20500000000004,335.355,357.40600000000006,382.95500000000004,397.20400000000006,413.13700000000006,430.42100000000005,442.87000000000006,455.50500000000005,462.95300000000003,493.637,512.5699999999999,581.0699999999999]","[71.64099999999999,107.52399999999999,133.572,183.18900000000002,201.75500000000002,220.08800000000002,235.639,265.855,288.22200000000004,300.43800000000005,317.20500000000004,335.355,357.40600000000006,382.95500000000004,397.20400000000006,413.13700000000006,430.42100000000005,442.87000000000006,455.50500000000005,462.95300000000003,493.638,512.5699999999999,581.0709999999999]",,11,"[203.506,221.422,266.889,289.23800000000006,301.504,318.504,358.30400000000003,398.12100000000004,415.08700000000005,463.97,582.2689999999999]","[203.506,221.422,266.889,289.23800000000006,301.50500000000005,318.504,358.30400000000003,398.12100000000004,415.08700000000005,463.97,582.2689999999999]",12,"[73.322,108.638,135.721,187.488,237.75500000000002,336.353,384.071,432.45300000000003,444.002,456.636,494.65199999999993,513.7689999999999]","[73.322,108.63900000000001,135.722,187.488,237.75500000000002,336.353,384.071,432.45300000000003,444.002,456.636,494.65199999999993,513.7689999999999]","[""scam_button""]",7.402849741,0.926,2.68134715,2.295,1.528497409,0.508,0,22,22,10,1,resources/images/scam15.jpg,scam,0.65,0.65,0,0,,,,,,,,,,,,,,,,,,,,,,,,,,,,,,,,,,,,,,,,,,,,,,,,,,,,,,,,,,,,,,,,,,,,,,,,,,,,,,,,,,,,,,,
,,,,,,,,,,,,,,,,117466,001,2025-04-15_13h19.34.598,SLSIC2,2022.2.5,MacIntel,60.16847172,,,,,,,,,,,24,"[71.64,107.52399999999999,133.572,183.18800000000002,201.75500000000002,220.08800000000002,235.639,265.855,288.22200000000004,300.43800000000005,317.20500000000004,335.355,357.40600000000006,382.95500000000004,397.20400000000006,413.13700000000006,430.42100000000005,442.87000000000006,455.50500000000005,462.95300000000003,493.637,512.5699999999999,581.0699999999999,593.5029999999999]","[71.64099999999999,107.52399999999999,133.572,183.18900000000002,201.75500000000002,220.08800000000002,235.639,265.855,288.22200000000004,300.43800000000005,317.20500000000004,335.355,357.40600000000006,382.95500000000004,397.20400000000006,413.13700000000006,430.42100000000005,442.87000000000006,455.50500000000005,462.95300000000003,493.638,512.5699999999999,581.0709999999999,593.5029999999999]",,11,"[203.506,221.422,266.889,289.23800000000006,301.504,318.504,358.30400000000003,398.12100000000004,415.08700000000005,463.97,582.2689999999999]","[203.506,221.422,266.889,289.23800000000006,301.50500000000005,318.504,358.30400000000003,398.12100000000004,415.08700000000005,463.97,582.2689999999999]",13,"[73.322,108.638,135.721,187.488,237.75500000000002,336.353,384.071,432.45300000000003,444.002,456.636,494.65199999999993,513.7689999999999,595.8019999999999]","[73.322,108.63900000000001,135.722,187.488,237.75500000000002,336.353,384.071,432.45300000000003,444.002,456.636,494.65199999999993,513.7689999999999,595.8019999999999]","[""legit_button""]",2.046632124,1.242,0.835492228,0.91,0.848445596,0.671,0,23,23,6,1,resources/images/legit13.jpg,legit,0.65,0.65,0,0,,,,,,,,,,,,,,,,,,,,,,,,,,,,,,,,,,,,,,,,,,,,,,,,,,,,,,,,,,,,,,,,,,,,,,,,,,,,,,,,,,,,,,,
,,,,,,,,,,,,,,,,117466,001,2025-04-15_13h19.34.598,SLSIC2,2022.2.5,MacIntel,60.16847172,,,,,,,,,,,,,,,,,,,,,,,,,,,,,,,,,,,,,,,space,1.656,,,,,,,,,,,,,,,,,,,,,,,,,,,,,,,,,,,,,,,,,,,,,,,,,,,,,,,,,,,,,,,,,,,,,,,,,,,,,,,,,,,,,
,,,,,,,,,,,,,,,,117466,001,2025-04-15_13h19.34.598,SLSIC2,2022.2.5,MacIntel,60.16847172,,,,,,,,,,,,,,,,,,,,,,,,,,,,,,,,,,,,,,,,,1,[611.832],[611.832],,,,,,,,,,,,,,,,,,,,,,,,,,,,,,,,,,,,,,,,,,,,,,,,,,,,,,,,,,,,,,,,,,,,,,,,,,,,,,,,,,
,,,,,,,,,,,,,,,,117466,001,2025-04-15_13h19.34.598,SLSIC2,2022.2.5,MacIntel,60.16847172,,,,,,,,,,,,,,,,,,,,,,,,0.518134715,1.593,,,,,,,,,,,,,,,,,,,,,,,,,,,,,,,,,,,,,,,,,,,,,,,,,,,,,,,,,,,,,,,,,,,,,,,,,,,,,,,,,,,,,,,,,,,,,,,,,,,,
,,,,,,,,,,,,,,,,117466,001,2025-04-15_13h19.34.598,SLSIC2,2022.2.5,MacIntel,60.16847172,,,,,,,,,,,,,,,,,,,,,,,,,,,,,,,,,,,,,,,,,,,,1,[625.764],[625.765],,,,,,,,,,,,,,,,,,,,,,,,,,,,,,,,,,,,,,,,,,,,,,,,,,,,,,,,,,,,,,,,,,,,,,,,,,,,,,,
,,,,,,,,,,,,,,,,117466,001,2025-04-15_13h19.34.598,SLSIC2,2022.2.5,MacIntel,60.16847172,,,,,,,,,,,,,,,,,,,,,,,,2.707253886,2.954,,,,,,,,,,,,,,,,,,,,,,,,,,,,,,,,,,,,,,,,,,,,,,,,,,,,,,,,,,,,,,,,,,,,,,,,,,,,,,,,,,,,,,,,,,,,,,,,,,,,
,,,,,,,,,,,,,,,,117466,001,2025-04-15_13h19.34.598,SLSIC2,2022.2.5,MacIntel,60.16847172,,,,,,,,,,,,,,,,,,,,,,,,,,,,,,,,,,,,,,,,,,,,,,,1,[636.232],[636.232],,,,,,,,,,,,,,,,,,,,,,,,,,,,,,,,,,,,,,,,,,,,,,,,,,,,,,,,,,,,,,,,,,,,,,,,,,,,
,,,,,,,,,,,,,,,,117466,001,2025-04-15_13h19.34.598,SLSIC2,2022.2.5,MacIntel,60.16847172,,,,,,,,,,,,,,,,,,,,,,,,3.93134715,2.075,,,,,,,,,,,,,,,,,,,,,,,,,,,,,,,,,,,,,,,,,,,,,,,,,,,,,,,,,,,,,,,,,,,,,,,,,,,,,,,,,,,,,,,,,,,,,,,,,,,,
,,,,,,,,,,,,,,,,117466,001,2025-04-15_13h19.34.598,SLSIC2,2022.2.5,MacIntel,60.16847172,,,,,,,,,space,5.407,,,,,,,,,,,,,,,,,,,,,,,,,,,,,,,,,,,,,,,,,,,,,,,,,,,,,,,,,,,,,,,,,,,,,,,,,,,,,,,,,,,,,,,,,,,,,,,,,,,,,,,,,,,,,,,,,,,
,,,,,,,,,,,,,,,,117466,001,2025-04-15_13h19.34.598,SLSIC2,2022.2.5,MacIntel,60.16847172,,,,,,,,,,,25,"[71.64,107.52399999999999,133.572,183.18800000000002,201.75500000000002,220.08800000000002,235.639,265.855,288.22200000000004,300.43800000000005,317.20500000000004,335.355,357.40600000000006,382.95500000000004,397.20400000000006,413.13700000000006,430.42100000000005,442.87000000000006,455.50500000000005,462.95300000000003,493.637,512.5699999999999,581.0699999999999,593.5029999999999,666.185]","[71.64099999999999,107.52399999999999,133.572,183.18900000000002,201.75500000000002,220.08800000000002,235.639,265.855,288.22200000000004,300.43800000000005,317.20500000000004,335.355,357.40600000000006,382.95500000000004,397.20400000000006,413.13700000000006,430.42100000000005,442.87000000000006,455.50500000000005,462.95300000000003,493.638,512.5699999999999,581.0709999999999,593.5029999999999,666.1859999999999]",,11,"[203.506,221.422,266.889,289.23800000000006,301.504,318.504,358.30400000000003,398.12100000000004,415.08700000000005,463.97,582.2689999999999]","[203.506,221.422,266.889,289.23800000000006,301.50500000000005,318.504,358.30400000000003,398.12100000000004,415.08700000000005,463.97,582.2689999999999]",14,"[73.322,108.638,135.721,187.488,237.75500000000002,336.353,384.071,432.45300000000003,444.002,456.636,494.65199999999993,513.7689999999999,595.8019999999999,667.318]","[73.322,108.63900000000001,135.722,187.488,237.75500000000002,336.353,384.071,432.45300000000003,444.002,456.636,494.65199999999993,513.7689999999999,595.8019999999999,667.318]","[""legit_button""]",5.479274611,2.109,1.651554404,1.591,1.70984456,1.171,,,,,,resources/images/legit3.jpg,legit,1,0.73,0,0,,,,,,,,,,,,0,0,0,5,1,,,,,,,,,,,,,,,,,,,,,,,,,,,,,,,,,,,,,,,,,,,,,,,,,,,,,,,,,,,,,,,,,,,,,,,
,,,,,,,,,,,,,,,,117466,001,2025-04-15_13h19.34.598,SLSIC2,2022.2.5,MacIntel,60.16847172,,,,,,,,,,,26,"[71.64,107.52399999999999,133.572,183.18800000000002,201.75500000000002,220.08800000000002,235.639,265.855,288.22200000000004,300.43800000000005,317.20500000000004,335.355,357.40600000000006,382.95500000000004,397.20400000000006,413.13700000000006,430.42100000000005,442.87000000000006,455.50500000000005,462.95300000000003,493.637,512.5699999999999,581.0699999999999,593.5029999999999,666.185,685.92]","[71.64099999999999,107.52399999999999,133.572,183.18900000000002,201.75500000000002,220.08800000000002,235.639,265.855,288.22200000000004,300.43800000000005,317.20500000000004,335.355,357.40600000000006,382.95500000000004,397.20400000000006,413.13700000000006,430.42100000000005,442.87000000000006,455.50500000000005,462.95300000000003,493.638,512.5699999999999,581.0709999999999,593.5029999999999,666.1859999999999,685.92]",,12,"[203.506,221.422,266.889,289.23800000000006,301.504,318.504,358.30400000000003,398.12100000000004,415.08700000000005,463.97,582.2689999999999,688.7009999999999]","[203.506,221.422,266.889,289.23800000000006,301.50500000000005,318.504,358.30400000000003,398.12100000000004,415.08700000000005,463.97,582.2689999999999,688.7009999999999]",14,"[73.322,108.638,135.721,187.488,237.75500000000002,336.353,384.071,432.45300000000003,444.002,456.636,494.65199999999993,513.7689999999999,595.8019999999999,667.318]","[73.322,108.63900000000001,135.722,187.488,237.75500000000002,336.353,384.071,432.45300000000003,444.002,456.636,494.65199999999993,513.7689999999999,595.8019999999999,667.318]","[""scam_button""]",4.721502591,0.999,1.411917098,1.453,1.534974093,0.959,,,,,,resources/images/legit17-EDIT.png,legit,0.65,0.65,0,0,,,,,,,,,,,,0,1,1,22,1,,,,,,,,,,,,,,,,,,,,,,,,,,,,,,,,,,,,,,,,,,,,,,,,,,,,,,,,,,,,,,,,,,,,,,,
,,,,,,,,,,,,,,,,117466,001,2025-04-15_13h19.34.598,SLSIC2,2022.2.5,MacIntel,60.16847172,,,,,,,,,,,27,"[71.64,107.52399999999999,133.572,183.18800000000002,201.75500000000002,220.08800000000002,235.639,265.855,288.22200000000004,300.43800000000005,317.20500000000004,335.355,357.40600000000006,382.95500000000004,397.20400000000006,413.13700000000006,430.42100000000005,442.87000000000006,455.50500000000005,462.95300000000003,493.637,512.5699999999999,581.0699999999999,593.5029999999999,666.185,685.92,712.0859999999999]","[71.64099999999999,107.52399999999999,133.572,183.18900000000002,201.75500000000002,220.08800000000002,235.639,265.855,288.22200000000004,300.43800000000005,317.20500000000004,335.355,357.40600000000006,382.95500000000004,397.20400000000006,413.13700000000006,430.42100000000005,442.87000000000006,455.50500000000005,462.95300000000003,493.638,512.5699999999999,581.0709999999999,593.5029999999999,666.1859999999999,685.92,712.0859999999999]",,12,"[203.506,221.422,266.889,289.23800000000006,301.504,318.504,358.30400000000003,398.12100000000004,415.08700000000005,463.97,582.2689999999999,688.7009999999999]","[203.506,221.422,266.889,289.23800000000006,301.50500000000005,318.504,358.30400000000003,398.12100000000004,415.08700000000005,463.97,582.2689999999999,688.7009999999999]",15,"[73.322,108.638,135.721,187.488,237.75500000000002,336.353,384.071,432.45300000000003,444.002,456.636,494.65199999999993,513.7689999999999,595.8019999999999,667.318,713.2009999999999]","[73.322,108.63900000000001,135.722,187.488,237.75500000000002,336.353,384.071,432.45300000000003,444.002,456.636,494.65199999999993,513.7689999999999,595.8019999999999,667.318,713.2009999999999]","[""legit_button""]",7.129965669,0.802,2.676813788,1.906,0.539939366,0.692,,,,,,resources/images/legit4-EDIT.png,legit,0.65,0.65,0,0,,,,,,,,,,,,0,2,2,11,1,,,,,,,,,,,,,,,,,,,,,,,,,,,,,,,,,,,,,,,,,,,,,,,,,,,,,,,,,,,,,,,,,,,,,,,
,,,,,,,,,,,,,,,,117466,001,2025-04-15_13h19.34.598,SLSIC2,2022.2.5,MacIntel,60.16847172,,,,,,,,,,,28,"[71.64,107.52399999999999,133.572,183.18800000000002,201.75500000000002,220.08800000000002,235.639,265.855,288.22200000000004,300.43800000000005,317.20500000000004,335.355,357.40600000000006,382.95500000000004,397.20400000000006,413.13700000000006,430.42100000000005,442.87000000000006,455.50500000000005,462.95300000000003,493.637,512.5699999999999,581.0699999999999,593.5029999999999,666.185,685.92,712.0859999999999,728.901]","[71.64099999999999,107.52399999999999,133.572,183.18900000000002,201.75500000000002,220.08800000000002,235.639,265.855,288.22200000000004,300.43800000000005,317.20500000000004,335.355,357.40600000000006,382.95500000000004,397.20400000000006,413.13700000000006,430.42100000000005,442.87000000000006,455.50500000000005,462.95300000000003,493.638,512.5699999999999,581.0709999999999,593.5029999999999,666.1859999999999,685.92,712.0859999999999,728.901]",,13,"[203.506,221.422,266.889,289.23800000000006,301.504,318.504,358.30400000000003,398.12100000000004,415.08700000000005,463.97,582.2689999999999,688.7009999999999,729.9689999999999]","[203.506,221.422,266.889,289.23800000000006,301.50500000000005,318.504,358.30400000000003,398.12100000000004,415.08700000000005,463.97,582.2689999999999,688.7009999999999,729.9689999999999]",15,"[73.322,108.638,135.721,187.488,237.75500000000002,336.353,384.071,432.45300000000003,444.002,456.636,494.65199999999993,513.7689999999999,595.8019999999999,667.318,713.2009999999999]","[73.322,108.63900000000001,135.722,187.488,237.75500000000002,336.353,384.071,432.45300000000003,444.002,456.636,494.65199999999993,513.7689999999999,595.8019999999999,667.318,713.2009999999999]","[""scam_button""]",3.866580311,0.62,2.953367876,1.239,1.560880829,0.645,,,,,,resources/images/legit9-EDIT.png,legit,1,0.65,0,0,,,,,,,,,,,,0,3,3,8,1,,,,,,,,,,,,,,,,,,,,,,,,,,,,,,,,,,,,,,,,,,,,,,,,,,,,,,,,,,,,,,,,,,,,,,,
,,,,,,,,,,,,,,,,117466,001,2025-04-15_13h19.34.598,SLSIC2,2022.2.5,MacIntel,60.16847172,,,,,,,,,,,29,"[71.64,107.52399999999999,133.572,183.18800000000002,201.75500000000002,220.08800000000002,235.639,265.855,288.22200000000004,300.43800000000005,317.20500000000004,335.355,357.40600000000006,382.95500000000004,397.20400000000006,413.13700000000006,430.42100000000005,442.87000000000006,455.50500000000005,462.95300000000003,493.637,512.5699999999999,581.0699999999999,593.5029999999999,666.185,685.92,712.0859999999999,728.901,746.9849999999999]","[71.64099999999999,107.52399999999999,133.572,183.18900000000002,201.75500000000002,220.08800000000002,235.639,265.855,288.22200000000004,300.43800000000005,317.20500000000004,335.355,357.40600000000006,382.95500000000004,397.20400000000006,413.13700000000006,430.42100000000005,442.87000000000006,455.50500000000005,462.95300000000003,493.638,512.5699999999999,581.0709999999999,593.5029999999999,666.1859999999999,685.92,712.0859999999999,728.901,746.9859999999999]",,13,"[203.506,221.422,266.889,289.23800000000006,301.504,318.504,358.30400000000003,398.12100000000004,415.08700000000005,463.97,582.2689999999999,688.7009999999999,729.9689999999999]","[203.506,221.422,266.889,289.23800000000006,301.50500000000005,318.504,358.30400000000003,398.12100000000004,415.08700000000005,463.97,582.2689999999999,688.7009999999999,729.9689999999999]",16,"[73.322,108.638,135.721,187.488,237.75500000000002,336.353,384.071,432.45300000000003,444.002,456.636,494.65199999999993,513.7689999999999,595.8019999999999,667.318,713.2009999999999,749.534]","[73.322,108.63900000000001,135.722,187.488,237.75500000000002,336.353,384.071,432.45300000000003,444.002,456.636,494.65199999999993,513.7689999999999,595.8019999999999,667.318,713.2009999999999,749.535]","[""legit_button""]",2.04015544,1.521,1.049222798,0.894,1.049222798,0.523,,,,,,resources/images/legit14-EDIT.jpg,legit,1,0.65,0,0,,,,,,,,,,,,0,4,4,21,1,,,,,,,,,,,,,,,,,,,,,,,,,,,,,,,,,,,,,,,,,,,,,,,,,,,,,,,,,,,,,,,,,,,,,,,
,,,,,,,,,,,,,,,,117466,001,2025-04-15_13h19.34.598,SLSIC2,2022.2.5,MacIntel,60.16847172,,,,,,,,,,,30,"[71.64,107.52399999999999,133.572,183.18800000000002,201.75500000000002,220.08800000000002,235.639,265.855,288.22200000000004,300.43800000000005,317.20500000000004,335.355,357.40600000000006,382.95500000000004,397.20400000000006,413.13700000000006,430.42100000000005,442.87000000000006,455.50500000000005,462.95300000000003,493.637,512.5699999999999,581.0699999999999,593.5029999999999,666.185,685.92,712.0859999999999,728.901,746.9849999999999,775.5849999999999]","[71.64099999999999,107.52399999999999,133.572,183.18900000000002,201.75500000000002,220.08800000000002,235.639,265.855,288.22200000000004,300.43800000000005,317.20500000000004,335.355,357.40600000000006,382.95500000000004,397.20400000000006,413.13700000000006,430.42100000000005,442.87000000000006,455.50500000000005,462.95300000000003,493.638,512.5699999999999,581.0709999999999,593.5029999999999,666.1859999999999,685.92,712.0859999999999,728.901,746.9859999999999,775.5849999999999]",,14,"[203.506,221.422,266.889,289.23800000000006,301.504,318.504,358.30400000000003,398.12100000000004,415.08700000000005,463.97,582.2689999999999,688.7009999999999,729.9689999999999,776.401]","[203.506,221.422,266.889,289.23800000000006,301.50500000000005,318.504,358.30400000000003,398.12100000000004,415.08700000000005,463.97,582.2689999999999,688.7009999999999,729.9689999999999,776.401]",16,"[73.322,108.638,135.721,187.488,237.75500000000002,336.353,384.071,432.45300000000003,444.002,456.636,494.65199999999993,513.7689999999999,595.8019999999999,667.318,713.2009999999999,749.534]","[73.322,108.63900000000001,135.722,187.488,237.75500000000002,336.353,384.071,432.45300000000003,444.002,456.636,494.65199999999993,513.7689999999999,595.8019999999999,667.318,713.2009999999999,749.535]","[""scam_button""]",8.011658031,1.053,2.461139896,0.904,1.243523316,0.614,,,,,,resources/images/scam14-EDIT.png,scam,1,0.65,0,0,,,,,,,,,,,,0,5,5,23,1,,,,,,,,,,,,,,,,,,,,,,,,,,,,,,,,,,,,,,,,,,,,,,,,,,,,,,,,,,,,,,,,,,,,,,,
,,,,,,,,,,,,,,,,117466,001,2025-04-15_13h19.34.598,SLSIC2,2022.2.5,MacIntel,60.16847172,,,,,,,,,,,31,"[71.64,107.52399999999999,133.572,183.18800000000002,201.75500000000002,220.08800000000002,235.639,265.855,288.22200000000004,300.43800000000005,317.20500000000004,335.355,357.40600000000006,382.95500000000004,397.20400000000006,413.13700000000006,430.42100000000005,442.87000000000006,455.50500000000005,462.95300000000003,493.637,512.5699999999999,581.0699999999999,593.5029999999999,666.185,685.92,712.0859999999999,728.901,746.9849999999999,775.5849999999999,797.934]","[71.64099999999999,107.52399999999999,133.572,183.18900000000002,201.75500000000002,220.08800000000002,235.639,265.855,288.22200000000004,300.43800000000005,317.20500000000004,335.355,357.40600000000006,382.95500000000004,397.20400000000006,413.13700000000006,430.42100000000005,442.87000000000006,455.50500000000005,462.95300000000003,493.638,512.5699999999999,581.0709999999999,593.5029999999999,666.1859999999999,685.92,712.0859999999999,728.901,746.9859999999999,775.5849999999999,797.934]",,14,"[203.506,221.422,266.889,289.23800000000006,301.504,318.504,358.30400000000003,398.12100000000004,415.08700000000005,463.97,582.2689999999999,688.7009999999999,729.9689999999999,776.401]","[203.506,221.422,266.889,289.23800000000006,301.50500000000005,318.504,358.30400000000003,398.12100000000004,415.08700000000005,463.97,582.2689999999999,688.7009999999999,729.9689999999999,776.401]",17,"[73.322,108.638,135.721,187.488,237.75500000000002,336.353,384.071,432.45300000000003,444.002,456.636,494.65199999999993,513.7689999999999,595.8019999999999,667.318,713.2009999999999,749.534,798.8499999999999]","[73.322,108.63900000000001,135.722,187.488,237.75500000000002,336.353,384.071,432.45300000000003,444.002,456.636,494.65199999999993,513.7689999999999,595.8019999999999,667.318,713.2009999999999,749.535,798.851]","[""legit_button""]",2.985751295,1.304,1.204663212,0.574,0.67357513,0.471,,,,,,resources/images/scam12.jpg,scam,0.65,0.65,0,0,,,,,,,,,,,,0,6,6,20,1,,,,,,,,,,,,,,,,,,,,,,,,,,,,,,,,,,,,,,,,,,,,,,,,,,,,,,,,,,,,,,,,,,,,,,,
,,,,,,,,,,,,,,,,117466,001,2025-04-15_13h19.34.598,SLSIC2,2022.2.5,MacIntel,60.16847172,,,,,,,,,,,32,"[71.64,107.52399999999999,133.572,183.18800000000002,201.75500000000002,220.08800000000002,235.639,265.855,288.22200000000004,300.43800000000005,317.20500000000004,335.355,357.40600000000006,382.95500000000004,397.20400000000006,413.13700000000006,430.42100000000005,442.87000000000006,455.50500000000005,462.95300000000003,493.637,512.5699999999999,581.0699999999999,593.5029999999999,666.185,685.92,712.0859999999999,728.901,746.9849999999999,775.5849999999999,797.934,810.0859999999999]","[71.64099999999999,107.52399999999999,133.572,183.18900000000002,201.75500000000002,220.08800000000002,235.639,265.855,288.22200000000004,300.43800000000005,317.20500000000004,335.355,357.40600000000006,382.95500000000004,397.20400000000006,413.13700000000006,430.42100000000005,442.87000000000006,455.50500000000005,462.95300000000003,493.638,512.5699999999999,581.0709999999999,593.5029999999999,666.1859999999999,685.92,712.0859999999999,728.901,746.9859999999999,775.5849999999999,797.934,810.0859999999999]",,15,"[203.506,221.422,266.889,289.23800000000006,301.504,318.504,358.30400000000003,398.12100000000004,415.08700000000005,463.97,582.2689999999999,688.7009999999999,729.9689999999999,776.401,811.1999999999999]","[203.506,221.422,266.889,289.23800000000006,301.50500000000005,318.504,358.30400000000003,398.12100000000004,415.08700000000005,463.97,582.2689999999999,688.7009999999999,729.9689999999999,776.401,811.1999999999999]",17,"[73.322,108.638,135.721,187.488,237.75500000000002,336.353,384.071,432.45300000000003,444.002,456.636,494.65199999999993,513.7689999999999,595.8019999999999,667.318,713.2009999999999,749.534,798.8499999999999]","[73.322,108.63900000000001,135.722,187.488,237.75500000000002,336.353,384.071,432.45300000000003,444.002,456.636,494.65199999999993,513.7689999999999,595.8019999999999,667.318,713.2009999999999,749.535,798.851]","[""scam_button""]",1.975388601,0.669,0.932642487,0.574,0.252590674,0.439,,,,,,resources/images/scam3.png,scam,1.2,0.65,0,0,,,,,,,,,,,,0,7,7,2,1,,,,,,,,,,,,,,,,,,,,,,,,,,,,,,,,,,,,,,,,,,,,,,,,,,,,,,,,,,,,,,,,,,,,,,,
,,,,,,,,,,,,,,,,117466,001,2025-04-15_13h19.34.598,SLSIC2,2022.2.5,MacIntel,60.16847172,,,,,,,,,,,33,"[71.64,107.52399999999999,133.572,183.18800000000002,201.75500000000002,220.08800000000002,235.639,265.855,288.22200000000004,300.43800000000005,317.20500000000004,335.355,357.40600000000006,382.95500000000004,397.20400000000006,413.13700000000006,430.42100000000005,442.87000000000006,455.50500000000005,462.95300000000003,493.637,512.5699999999999,581.0699999999999,593.5029999999999,666.185,685.92,712.0859999999999,728.901,746.9849999999999,775.5849999999999,797.934,810.0859999999999,840.3509999999999]","[71.64099999999999,107.52399999999999,133.572,183.18900000000002,201.75500000000002,220.08800000000002,235.639,265.855,288.22200000000004,300.43800000000005,317.20500000000004,335.355,357.40600000000006,382.95500000000004,397.20400000000006,413.13700000000006,430.42100000000005,442.87000000000006,455.50500000000005,462.95300000000003,493.638,512.5699999999999,581.0709999999999,593.5029999999999,666.1859999999999,685.92,712.0859999999999,728.901,746.9859999999999,775.5849999999999,797.934,810.0859999999999,840.352]",,16,"[203.506,221.422,266.889,289.23800000000006,301.504,318.504,358.30400000000003,398.12100000000004,415.08700000000005,463.97,582.2689999999999,688.7009999999999,729.9689999999999,776.401,811.1999999999999,842.3839999999999]","[203.506,221.422,266.889,289.23800000000006,301.50500000000005,318.504,358.30400000000003,398.12100000000004,415.08700000000005,463.97,582.2689999999999,688.7009999999999,729.9689999999999,776.401,811.1999999999999,842.3839999999999]",17,"[73.322,108.638,135.721,187.488,237.75500000000002,336.353,384.071,432.45300000000003,444.002,456.636,494.65199999999993,513.7689999999999,595.8019999999999,667.318,713.2009999999999,749.534,798.8499999999999]","[73.322,108.63900000000001,135.722,187.488,237.75500000000002,336.353,384.071,432.45300000000003,444.002,456.636,494.65199999999993,513.7689999999999,595.8019999999999,667.318,713.2009999999999,749.535,798.851]","[""scam_button""]",1.29857513,0.862,1.398963731,0.688,1.243307479,0.487,,,,,,resources/images/legit5-EDIT.png,legit,0.65,0.65,0,0,,,,,,,,,,,,0,8,8,12,1,,,,,,,,,,,,,,,,,,,,,,,,,,,,,,,,,,,,,,,,,,,,,,,,,,,,,,,,,,,,,,,,,,,,,,,
,,,,,,,,,,,,,,,,117466,001,2025-04-15_13h19.34.598,SLSIC2,2022.2.5,MacIntel,60.16847172,,,,,,,,,,,34,"[71.64,107.52399999999999,133.572,183.18800000000002,201.75500000000002,220.08800000000002,235.639,265.855,288.22200000000004,300.43800000000005,317.20500000000004,335.355,357.40600000000006,382.95500000000004,397.20400000000006,413.13700000000006,430.42100000000005,442.87000000000006,455.50500000000005,462.95300000000003,493.637,512.5699999999999,581.0699999999999,593.5029999999999,666.185,685.92,712.0859999999999,728.901,746.9849999999999,775.5849999999999,797.934,810.0859999999999,840.3509999999999,861.7169999999999]","[71.64099999999999,107.52399999999999,133.572,183.18900000000002,201.75500000000002,220.08800000000002,235.639,265.855,288.22200000000004,300.43800000000005,317.20500000000004,335.355,357.40600000000006,382.95500000000004,397.20400000000006,413.13700000000006,430.42100000000005,442.87000000000006,455.50500000000005,462.95300000000003,493.638,512.5699999999999,581.0709999999999,593.5029999999999,666.1859999999999,685.92,712.0859999999999,728.901,746.9859999999999,775.5849999999999,797.934,810.0859999999999,840.352,861.7169999999999]",,17,"[203.506,221.422,266.889,289.23800000000006,301.504,318.504,358.30400000000003,398.12100000000004,415.08700000000005,463.97,582.2689999999999,688.7009999999999,729.9689999999999,776.401,811.1999999999999,842.3839999999999,863.2339999999999]","[203.506,221.422,266.889,289.23800000000006,301.50500000000005,318.504,358.30400000000003,398.12100000000004,415.08700000000005,463.97,582.2689999999999,688.7009999999999,729.9689999999999,776.401,811.1999999999999,842.3839999999999,863.2339999999999]",17,"[73.322,108.638,135.721,187.488,237.75500000000002,336.353,384.071,432.45300000000003,444.002,456.636,494.65199999999993,513.7689999999999,595.8019999999999,667.318,713.2009999999999,749.534,798.8499999999999]","[73.322,108.63900000000001,135.722,187.488,237.75500000000002,336.353,384.071,432.45300000000003,444.002,456.636,494.65199999999993,513.7689999999999,595.8019999999999,667.318,713.2009999999999,749.535,798.851]","[""scam_button""]",4.952288217,0.604,2.703799707,0.492,1.333549381,0.423,,,,,,resources/images/scam10.jpg,scam,1,0.65,0,0,,,,,,,,,,,,0,9,9,17,1,,,,,,,,,,,,,,,,,,,,,,,,,,,,,,,,,,,,,,,,,,,,,,,,,,,,,,,,,,,,,,,,,,,,,,,
,,,,,,,,,,,,,,,,117466,001,2025-04-15_13h19.34.598,SLSIC2,2022.2.5,MacIntel,60.16847172,,,,,,,,,,,35,"[71.64,107.52399999999999,133.572,183.18800000000002,201.75500000000002,220.08800000000002,235.639,265.855,288.22200000000004,300.43800000000005,317.20500000000004,335.355,357.40600000000006,382.95500000000004,397.20400000000006,413.13700000000006,430.42100000000005,442.87000000000006,455.50500000000005,462.95300000000003,493.637,512.5699999999999,581.0699999999999,593.5029999999999,666.185,685.92,712.0859999999999,728.901,746.9849999999999,775.5849999999999,797.934,810.0859999999999,840.3509999999999,861.7169999999999,868.834]","[71.64099999999999,107.52399999999999,133.572,183.18900000000002,201.75500000000002,220.08800000000002,235.639,265.855,288.22200000000004,300.43800000000005,317.20500000000004,335.355,357.40600000000006,382.95500000000004,397.20400000000006,413.13700000000006,430.42100000000005,442.87000000000006,455.50500000000005,462.95300000000003,493.638,512.5699999999999,581.0709999999999,593.5029999999999,666.1859999999999,685.92,712.0859999999999,728.901,746.9859999999999,775.5849999999999,797.934,810.0859999999999,840.352,861.7169999999999,868.834]",,17,"[203.506,221.422,266.889,289.23800000000006,301.504,318.504,358.30400000000003,398.12100000000004,415.08700000000005,463.97,582.2689999999999,688.7009999999999,729.9689999999999,776.401,811.1999999999999,842.3839999999999,863.2339999999999]","[203.506,221.422,266.889,289.23800000000006,301.50500000000005,318.504,358.30400000000003,398.12100000000004,415.08700000000005,463.97,582.2689999999999,688.7009999999999,729.9689999999999,776.401,811.1999999999999,842.3839999999999,863.2339999999999]",18,"[73.322,108.638,135.721,187.488,237.75500000000002,336.353,384.071,432.45300000000003,444.002,456.636,494.65199999999993,513.7689999999999,595.8019999999999,667.318,713.2009999999999,749.534,798.8499999999999,870.4169999999999]","[73.322,108.63900000000001,135.722,187.488,237.75500000000002,336.353,384.071,432.45300000000003,444.002,456.636,494.65199999999993,513.7689999999999,595.8019999999999,667.318,713.2009999999999,749.535,798.851,870.4169999999999]","[""legit_button""]",1.705094965,0.838,1.694948266,0.471,1.694948266,0.387,,,,,,resources/images/scam_2.png,scam,0.9,0.65,0,0,,,,,,,,,,,,0,10,10,1,1,,,,,,,,,,,,,,,,,,,,,,,,,,,,,,,,,,,,,,,,,,,,,,,,,,,,,,,,,,,,,,,,,,,,,,,
,,,,,,,,,,,,,,,,117466,001,2025-04-15_13h19.34.598,SLSIC2,2022.2.5,MacIntel,60.16847172,,,,,,,,,,,36,"[71.64,107.52399999999999,133.572,183.18800000000002,201.75500000000002,220.08800000000002,235.639,265.855,288.22200000000004,300.43800000000005,317.20500000000004,335.355,357.40600000000006,382.95500000000004,397.20400000000006,413.13700000000006,430.42100000000005,442.87000000000006,455.50500000000005,462.95300000000003,493.637,512.5699999999999,581.0699999999999,593.5029999999999,666.185,685.92,712.0859999999999,728.901,746.9849999999999,775.5849999999999,797.934,810.0859999999999,840.3509999999999,861.7169999999999,868.834,875.6669999999999]","[71.64099999999999,107.52399999999999,133.572,183.18900000000002,201.75500000000002,220.08800000000002,235.639,265.855,288.22200000000004,300.43800000000005,317.20500000000004,335.355,357.40600000000006,382.95500000000004,397.20400000000006,413.13700000000006,430.42100000000005,442.87000000000006,455.50500000000005,462.95300000000003,493.638,512.5699999999999,581.0709999999999,593.5029999999999,666.1859999999999,685.92,712.0859999999999,728.901,746.9859999999999,775.5849999999999,797.934,810.0859999999999,840.352,861.7169999999999,868.834,875.6669999999999]",,17,"[203.506,221.422,266.889,289.23800000000006,301.504,318.504,358.30400000000003,398.12100000000004,415.08700000000005,463.97,582.2689999999999,688.7009999999999,729.9689999999999,776.401,811.1999999999999,842.3839999999999,863.2339999999999]","[203.506,221.422,266.889,289.23800000000006,301.50500000000005,318.504,358.30400000000003,398.12100000000004,415.08700000000005,463.97,582.2689999999999,688.7009999999999,729.9689999999999,776.401,811.1999999999999,842.3839999999999,863.2339999999999]",19,"[73.322,108.638,135.721,187.488,237.75500000000002,336.353,384.071,432.45300000000003,444.002,456.636,494.65199999999993,513.7689999999999,595.8019999999999,667.318,713.2009999999999,749.534,798.8499999999999,870.4169999999999,876.616]","[73.322,108.63900000000001,135.722,187.488,237.75500000000002,336.353,384.071,432.45300000000003,444.002,456.636,494.65199999999993,513.7689999999999,595.8019999999999,667.318,713.2009999999999,749.535,798.851,870.4169999999999,876.616]","[""legit_button""]",5.710276075,0.691,5.710276075,0.306,5.659974251,1.558,,,,,,resources/images/scam13.png,scam,1,0.65,0,0,,,,,,,,,,,,0,11,11,16,1,,,,,,,,,,,,,,,,,,,,,,,,,,,,,,,,,,,,,,,,,,,,,,,,,,,,,,,,,,,,,,,,,,,,,,,
,,,,,,,,,,,,,,,,117466,001,2025-04-15_13h19.34.598,SLSIC2,2022.2.5,MacIntel,60.16847172,,,,,,,,,,,37,"[71.64,107.52399999999999,133.572,183.18800000000002,201.75500000000002,220.08800000000002,235.639,265.855,288.22200000000004,300.43800000000005,317.20500000000004,335.355,357.40600000000006,382.95500000000004,397.20400000000006,413.13700000000006,430.42100000000005,442.87000000000006,455.50500000000005,462.95300000000003,493.637,512.5699999999999,581.0699999999999,593.5029999999999,666.185,685.92,712.0859999999999,728.901,746.9849999999999,775.5849999999999,797.934,810.0859999999999,840.3509999999999,861.7169999999999,868.834,875.6669999999999,884.867]","[71.64099999999999,107.52399999999999,133.572,183.18900000000002,201.75500000000002,220.08800000000002,235.639,265.855,288.22200000000004,300.43800000000005,317.20500000000004,335.355,357.40600000000006,382.95500000000004,397.20400000000006,413.13700000000006,430.42100000000005,442.87000000000006,455.50500000000005,462.95300000000003,493.638,512.5699999999999,581.0709999999999,593.5029999999999,666.1859999999999,685.92,712.0859999999999,728.901,746.9859999999999,775.5849999999999,797.934,810.0859999999999,840.352,861.7169999999999,868.834,875.6669999999999,884.867]",,17,"[203.506,221.422,266.889,289.23800000000006,301.504,318.504,358.30400000000003,398.12100000000004,415.08700000000005,463.97,582.2689999999999,688.7009999999999,729.9689999999999,776.401,811.1999999999999,842.3839999999999,863.2339999999999]","[203.506,221.422,266.889,289.23800000000006,301.50500000000005,318.504,358.30400000000003,398.12100000000004,415.08700000000005,463.97,582.2689999999999,688.7009999999999,729.9689999999999,776.401,811.1999999999999,842.3839999999999,863.2339999999999]",20,"[73.322,108.638,135.721,187.488,237.75500000000002,336.353,384.071,432.45300000000003,444.002,456.636,494.65199999999993,513.7689999999999,595.8019999999999,667.318,713.2009999999999,749.534,798.8499999999999,870.4169999999999,876.616,887.5989999999999]","[73.322,108.63900000000001,135.722,187.488,237.75500000000002,336.353,384.071,432.45300000000003,444.002,456.636,494.65199999999993,513.7689999999999,595.8019999999999,667.318,713.2009999999999,749.535,798.851,870.4169999999999,876.616,887.5989999999999]","[""legit_button""]",2.809153344,0.838,1.955958549,0.79,1.955958549,0.554,,,,,,resources/images/scam_1.png,scam,1,0.65,0,0,,,,,,,,,,,,0,12,12,0,1,,,,,,,,,,,,,,,,,,,,,,,,,,,,,,,,,,,,,,,,,,,,,,,,,,,,,,,,,,,,,,,,,,,,,,,
,,,,,,,,,,,,,,,,117466,001,2025-04-15_13h19.34.598,SLSIC2,2022.2.5,MacIntel,60.16847172,,,,,,,,,,,38,"[71.64,107.52399999999999,133.572,183.18800000000002,201.75500000000002,220.08800000000002,235.639,265.855,288.22200000000004,300.43800000000005,317.20500000000004,335.355,357.40600000000006,382.95500000000004,397.20400000000006,413.13700000000006,430.42100000000005,442.87000000000006,455.50500000000005,462.95300000000003,493.637,512.5699999999999,581.0699999999999,593.5029999999999,666.185,685.92,712.0859999999999,728.901,746.9849999999999,775.5849999999999,797.934,810.0859999999999,840.3509999999999,861.7169999999999,868.834,875.6669999999999,884.867,901.7669999999999]","[71.64099999999999,107.52399999999999,133.572,183.18900000000002,201.75500000000002,220.08800000000002,235.639,265.855,288.22200000000004,300.43800000000005,317.20500000000004,335.355,357.40600000000006,382.95500000000004,397.20400000000006,413.13700000000006,430.42100000000005,442.87000000000006,455.50500000000005,462.95300000000003,493.638,512.5699999999999,581.0709999999999,593.5029999999999,666.1859999999999,685.92,712.0859999999999,728.901,746.9859999999999,775.5849999999999,797.934,810.0859999999999,840.352,861.7169999999999,868.834,875.6669999999999,884.867,901.7669999999999]",,17,"[203.506,221.422,266.889,289.23800000000006,301.504,318.504,358.30400000000003,398.12100000000004,415.08700000000005,463.97,582.2689999999999,688.7009999999999,729.9689999999999,776.401,811.1999999999999,842.3839999999999,863.2339999999999]","[203.506,221.422,266.889,289.23800000000006,301.50500000000005,318.504,358.30400000000003,398.12100000000004,415.08700000000005,463.97,582.2689999999999,688.7009999999999,729.9689999999999,776.401,811.1999999999999,842.3839999999999,863.2339999999999]",21,"[73.322,108.638,135.721,187.488,237.75500000000002,336.353,384.071,432.45300000000003,444.002,456.636,494.65199999999993,513.7689999999999,595.8019999999999,667.318,713.2009999999999,749.534,798.8499999999999,870.4169999999999,876.616,887.5989999999999,904.766]","[73.322,108.63900000000001,135.722,187.488,237.75500000000002,336.353,384.071,432.45300000000003,444.002,456.636,494.65199999999993,513.7689999999999,595.8019999999999,667.318,713.2009999999999,749.535,798.851,870.4169999999999,876.616,887.5989999999999,904.7669999999999]","[""legit_button""]",4.806778666,1.774,4.977331606,1.322,4.977331606,0.955,,,,,,resources/images/scam5.jpg,scam,0.7,0.65,0,0,,,,,,,,,,,,0,13,13,7,1,,,,,,,,,,,,,,,,,,,,,,,,,,,,,,,,,,,,,,,,,,,,,,,,,,,,,,,,,,,,,,,,,,,,,,,
,,,,,,,,,,,,,,,,117466,001,2025-04-15_13h19.34.598,SLSIC2,2022.2.5,MacIntel,60.16847172,,,,,,,,,,,39,"[71.64,107.52399999999999,133.572,183.18800000000002,201.75500000000002,220.08800000000002,235.639,265.855,288.22200000000004,300.43800000000005,317.20500000000004,335.355,357.40600000000006,382.95500000000004,397.20400000000006,413.13700000000006,430.42100000000005,442.87000000000006,455.50500000000005,462.95300000000003,493.637,512.5699999999999,581.0699999999999,593.5029999999999,666.185,685.92,712.0859999999999,728.901,746.9849999999999,775.5849999999999,797.934,810.0859999999999,840.3509999999999,861.7169999999999,868.834,875.6669999999999,884.867,901.7669999999999,912.483]","[71.64099999999999,107.52399999999999,133.572,183.18900000000002,201.75500000000002,220.08800000000002,235.639,265.855,288.22200000000004,300.43800000000005,317.20500000000004,335.355,357.40600000000006,382.95500000000004,397.20400000000006,413.13700000000006,430.42100000000005,442.87000000000006,455.50500000000005,462.95300000000003,493.638,512.5699999999999,581.0709999999999,593.5029999999999,666.1859999999999,685.92,712.0859999999999,728.901,746.9859999999999,775.5849999999999,797.934,810.0859999999999,840.352,861.7169999999999,868.834,875.6669999999999,884.867,901.7669999999999,912.483]",,17,"[203.506,221.422,266.889,289.23800000000006,301.504,318.504,358.30400000000003,398.12100000000004,415.08700000000005,463.97,582.2689999999999,688.7009999999999,729.9689999999999,776.401,811.1999999999999,842.3839999999999,863.2339999999999]","[203.506,221.422,266.889,289.23800000000006,301.50500000000005,318.504,358.30400000000003,398.12100000000004,415.08700000000005,463.97,582.2689999999999,688.7009999999999,729.9689999999999,776.401,811.1999999999999,842.3839999999999,863.2339999999999]",22,"[73.322,108.638,135.721,187.488,237.75500000000002,336.353,384.071,432.45300000000003,444.002,456.636,494.65199999999993,513.7689999999999,595.8019999999999,667.318,713.2009999999999,749.534,798.8499999999999,870.4169999999999,876.616,887.5989999999999,904.766,918.4319999999999]","[73.322,108.63900000000001,135.722,187.488,237.75500000000002,336.353,384.071,432.45300000000003,444.002,456.636,494.65199999999993,513.7689999999999,595.8019999999999,667.318,713.2009999999999,749.535,798.851,870.4169999999999,876.616,887.5989999999999,904.7669999999999,918.4319999999999]","[""legit_button""]",3.215673575,0.705,1.805483566,1.325,0.771589131,0.593,,,,,,resources/images/scam7.png,scam,0.65,0.65,0,0,,,,,,,,,,,,0,14,14,10,1,,,,,,,,,,,,,,,,,,,,,,,,,,,,,,,,,,,,,,,,,,,,,,,,,,,,,,,,,,,,,,,,,,,,,,,
,,,,,,,,,,,,,,,,117466,001,2025-04-15_13h19.34.598,SLSIC2,2022.2.5,MacIntel,60.16847172,,,,,,,,,,,40,"[71.64,107.52399999999999,133.572,183.18800000000002,201.75500000000002,220.08800000000002,235.639,265.855,288.22200000000004,300.43800000000005,317.20500000000004,335.355,357.40600000000006,382.95500000000004,397.20400000000006,413.13700000000006,430.42100000000005,442.87000000000006,455.50500000000005,462.95300000000003,493.637,512.5699999999999,581.0699999999999,593.5029999999999,666.185,685.92,712.0859999999999,728.901,746.9849999999999,775.5849999999999,797.934,810.0859999999999,840.3509999999999,861.7169999999999,868.834,875.6669999999999,884.867,901.7669999999999,912.483,927.233]","[71.64099999999999,107.52399999999999,133.572,183.18900000000002,201.75500000000002,220.08800000000002,235.639,265.855,288.22200000000004,300.43800000000005,317.20500000000004,335.355,357.40600000000006,382.95500000000004,397.20400000000006,413.13700000000006,430.42100000000005,442.87000000000006,455.50500000000005,462.95300000000003,493.638,512.5699999999999,581.0709999999999,593.5029999999999,666.1859999999999,685.92,712.0859999999999,728.901,746.9859999999999,775.5849999999999,797.934,810.0859999999999,840.352,861.7169999999999,868.834,875.6669999999999,884.867,901.7669999999999,912.483,927.233]",,17,"[203.506,221.422,266.889,289.23800000000006,301.504,318.504,358.30400000000003,398.12100000000004,415.08700000000005,463.97,582.2689999999999,688.7009999999999,729.9689999999999,776.401,811.1999999999999,842.3839999999999,863.2339999999999]","[203.506,221.422,266.889,289.23800000000006,301.50500000000005,318.504,358.30400000000003,398.12100000000004,415.08700000000005,463.97,582.2689999999999,688.7009999999999,729.9689999999999,776.401,811.1999999999999,842.3839999999999,863.2339999999999]",23,"[73.322,108.638,135.721,187.488,237.75500000000002,336.353,384.071,432.45300000000003,444.002,456.636,494.65199999999993,513.7689999999999,595.8019999999999,667.318,713.2009999999999,749.534,798.8499999999999,870.4169999999999,876.616,887.5989999999999,904.766,918.4319999999999,928.4159999999999]","[73.322,108.63900000000001,135.722,187.488,237.75500000000002,336.353,384.071,432.45300000000003,444.002,456.636,494.65199999999993,513.7689999999999,595.8019999999999,667.318,713.2009999999999,749.535,798.851,870.4169999999999,876.616,887.5989999999999,904.7669999999999,918.4319999999999,928.4159999999999]","[""legit_button""]",4.79166693,1.055,4.831822054,2.48,1.419041293,1.657,,,,,,resources/images/legit8.png,legit,0.8,0.72,0,0,,,,,,,,,,,,0,15,15,15,1,,,,,,,,,,,,,,,,,,,,,,,,,,,,,,,,,,,,,,,,,,,,,,,,,,,,,,,,,,,,,,,,,,,,,,,
,,,,,,,,,,,,,,,,117466,001,2025-04-15_13h19.34.598,SLSIC2,2022.2.5,MacIntel,60.16847172,,,,,,,,,,,41,"[71.64,107.52399999999999,133.572,183.18800000000002,201.75500000000002,220.08800000000002,235.639,265.855,288.22200000000004,300.43800000000005,317.20500000000004,335.355,357.40600000000006,382.95500000000004,397.20400000000006,413.13700000000006,430.42100000000005,442.87000000000006,455.50500000000005,462.95300000000003,493.637,512.5699999999999,581.0699999999999,593.5029999999999,666.185,685.92,712.0859999999999,728.901,746.9849999999999,775.5849999999999,797.934,810.0859999999999,840.3509999999999,861.7169999999999,868.834,875.6669999999999,884.867,901.7669999999999,912.483,927.233,1020.901]","[71.64099999999999,107.52399999999999,133.572,183.18900000000002,201.75500000000002,220.08800000000002,235.639,265.855,288.22200000000004,300.43800000000005,317.20500000000004,335.355,357.40600000000006,382.95500000000004,397.20400000000006,413.13700000000006,430.42100000000005,442.87000000000006,455.50500000000005,462.95300000000003,493.638,512.5699999999999,581.0709999999999,593.5029999999999,666.1859999999999,685.92,712.0859999999999,728.901,746.9859999999999,775.5849999999999,797.934,810.0859999999999,840.352,861.7169999999999,868.834,875.6669999999999,884.867,901.7669999999999,912.483,927.233,1020.901]",,17,"[203.506,221.422,266.889,289.23800000000006,301.504,318.504,358.30400000000003,398.12100000000004,415.08700000000005,463.97,582.2689999999999,688.7009999999999,729.9689999999999,776.401,811.1999999999999,842.3839999999999,863.2339999999999]","[203.506,221.422,266.889,289.23800000000006,301.50500000000005,318.504,358.30400000000003,398.12100000000004,415.08700000000005,463.97,582.2689999999999,688.7009999999999,729.9689999999999,776.401,811.1999999999999,842.3839999999999,863.2339999999999]",24,"[73.322,108.638,135.721,187.488,237.75500000000002,336.353,384.071,432.45300000000003,444.002,456.636,494.65199999999993,513.7689999999999,595.8019999999999,667.318,713.2009999999999,749.534,798.8499999999999,870.4169999999999,876.616,887.5989999999999,904.766,918.4319999999999,928.4159999999999,1021.599]","[73.322,108.63900000000001,135.722,187.488,237.75500000000002,336.353,384.071,432.45300000000003,444.002,456.636,494.65199999999993,513.7689999999999,595.8019999999999,667.318,713.2009999999999,749.535,798.851,870.4169999999999,876.616,887.5989999999999,904.7669999999999,918.4319999999999,928.4159999999999,1021.599]","[""legit_button""]",8.58613958,0.651,6.63363521,0.556,0.972150101,0.988,,,,,,resources/images/legit7-EDIT.png,legit,0.65,0.65,0,0,,,,,,,,,,,,0,16,16,14,1,,,,,,,,,,,,,,,,,,,,,,,,,,,,,,,,,,,,,,,,,,,,,,,,,,,,,,,,,,,,,,,,,,,,,,,
,,,,,,,,,,,,,,,,117466,001,2025-04-15_13h19.34.598,SLSIC2,2022.2.5,MacIntel,60.16847172,,,,,,,,,,,42,"[71.64,107.52399999999999,133.572,183.18800000000002,201.75500000000002,220.08800000000002,235.639,265.855,288.22200000000004,300.43800000000005,317.20500000000004,335.355,357.40600000000006,382.95500000000004,397.20400000000006,413.13700000000006,430.42100000000005,442.87000000000006,455.50500000000005,462.95300000000003,493.637,512.5699999999999,581.0699999999999,593.5029999999999,666.185,685.92,712.0859999999999,728.901,746.9849999999999,775.5849999999999,797.934,810.0859999999999,840.3509999999999,861.7169999999999,868.834,875.6669999999999,884.867,901.7669999999999,912.483,927.233,1020.901,1026.95]","[71.64099999999999,107.52399999999999,133.572,183.18900000000002,201.75500000000002,220.08800000000002,235.639,265.855,288.22200000000004,300.43800000000005,317.20500000000004,335.355,357.40600000000006,382.95500000000004,397.20400000000006,413.13700000000006,430.42100000000005,442.87000000000006,455.50500000000005,462.95300000000003,493.638,512.5699999999999,581.0709999999999,593.5029999999999,666.1859999999999,685.92,712.0859999999999,728.901,746.9859999999999,775.5849999999999,797.934,810.0859999999999,840.352,861.7169999999999,868.834,875.6669999999999,884.867,901.7669999999999,912.483,927.233,1020.901,1026.95]",,17,"[203.506,221.422,266.889,289.23800000000006,301.504,318.504,358.30400000000003,398.12100000000004,415.08700000000005,463.97,582.2689999999999,688.7009999999999,729.9689999999999,776.401,811.1999999999999,842.3839999999999,863.2339999999999]","[203.506,221.422,266.889,289.23800000000006,301.50500000000005,318.504,358.30400000000003,398.12100000000004,415.08700000000005,463.97,582.2689999999999,688.7009999999999,729.9689999999999,776.401,811.1999999999999,842.3839999999999,863.2339999999999]",25,"[73.322,108.638,135.721,187.488,237.75500000000002,336.353,384.071,432.45300000000003,444.002,456.636,494.65199999999993,513.7689999999999,595.8019999999999,667.318,713.2009999999999,749.534,798.8499999999999,870.4169999999999,876.616,887.5989999999999,904.766,918.4319999999999,928.4159999999999,1021.599,1027.8980000000001]","[73.322,108.63900000000001,135.722,187.488,237.75500000000002,336.353,384.071,432.45300000000003,444.002,456.636,494.65199999999993,513.7689999999999,595.8019999999999,667.318,713.2009999999999,749.535,798.851,870.4169999999999,876.616,887.5989999999999,904.7669999999999,918.4319999999999,928.4159999999999,1021.599,1027.8980000000001]","[""legit_button""]",7.205958391,0.567,2.131692363,0.619,1.785406004,0.437,,,,,,resources/images/legit1.png,legit,1,0.72,0,0,,,,,,,,,,,,0,17,17,3,1,,,,,,,,,,,,,,,,,,,,,,,,,,,,,,,,,,,,,,,,,,,,,,,,,,,,,,,,,,,,,,,,,,,,,,,
,,,,,,,,,,,,,,,,117466,001,2025-04-15_13h19.34.598,SLSIC2,2022.2.5,MacIntel,60.16847172,,,,,,,,,,,43,"[71.64,107.52399999999999,133.572,183.18800000000002,201.75500000000002,220.08800000000002,235.639,265.855,288.22200000000004,300.43800000000005,317.20500000000004,335.355,357.40600000000006,382.95500000000004,397.20400000000006,413.13700000000006,430.42100000000005,442.87000000000006,455.50500000000005,462.95300000000003,493.637,512.5699999999999,581.0699999999999,593.5029999999999,666.185,685.92,712.0859999999999,728.901,746.9849999999999,775.5849999999999,797.934,810.0859999999999,840.3509999999999,861.7169999999999,868.834,875.6669999999999,884.867,901.7669999999999,912.483,927.233,1020.901,1026.95,1043.383]","[71.64099999999999,107.52399999999999,133.572,183.18900000000002,201.75500000000002,220.08800000000002,235.639,265.855,288.22200000000004,300.43800000000005,317.20500000000004,335.355,357.40600000000006,382.95500000000004,397.20400000000006,413.13700000000006,430.42100000000005,442.87000000000006,455.50500000000005,462.95300000000003,493.638,512.5699999999999,581.0709999999999,593.5029999999999,666.1859999999999,685.92,712.0859999999999,728.901,746.9859999999999,775.5849999999999,797.934,810.0859999999999,840.352,861.7169999999999,868.834,875.6669999999999,884.867,901.7669999999999,912.483,927.233,1020.901,1026.95,1043.383]",,18,"[203.506,221.422,266.889,289.23800000000006,301.504,318.504,358.30400000000003,398.12100000000004,415.08700000000005,463.97,582.2689999999999,688.7009999999999,729.9689999999999,776.401,811.1999999999999,842.3839999999999,863.2339999999999,1044.682]","[203.506,221.422,266.889,289.23800000000006,301.50500000000005,318.504,358.30400000000003,398.12100000000004,415.08700000000005,463.97,582.2689999999999,688.7009999999999,729.9689999999999,776.401,811.1999999999999,842.3839999999999,863.2339999999999,1044.682]",25,"[73.322,108.638,135.721,187.488,237.75500000000002,336.353,384.071,432.45300000000003,444.002,456.636,494.65199999999993,513.7689999999999,595.8019999999999,667.318,713.2009999999999,749.534,798.8499999999999,870.4169999999999,876.616,887.5989999999999,904.766,918.4319999999999,928.4159999999999,1021.599,1027.8980000000001]","[73.322,108.63900000000001,135.722,187.488,237.75500000000002,336.353,384.071,432.45300000000003,444.002,456.636,494.65199999999993,513.7689999999999,595.8019999999999,667.318,713.2009999999999,749.535,798.851,870.4169999999999,876.616,887.5989999999999,904.7669999999999,918.4319999999999,928.4159999999999,1021.599,1027.8980000000001]","[""scam_button""]",2.583333544,2.97,1.097797927,1.231,0.289723688,0.598,,,,,,resources/images/legit2.jpg,legit,1,0.65,0,0,,,,,,,,,,,,0,18,18,4,1,,,,,,,,,,,,,,,,,,,,,,,,,,,,,,,,,,,,,,,,,,,,,,,,,,,,,,,,,,,,,,,,,,,,,,,
,,,,,,,,,,,,,,,,117466,001,2025-04-15_13h19.34.598,SLSIC2,2022.2.5,MacIntel,60.16847172,,,,,,,,,,,44,"[71.64,107.52399999999999,133.572,183.18800000000002,201.75500000000002,220.08800000000002,235.639,265.855,288.22200000000004,300.43800000000005,317.20500000000004,335.355,357.40600000000006,382.95500000000004,397.20400000000006,413.13700000000006,430.42100000000005,442.87000000000006,455.50500000000005,462.95300000000003,493.637,512.5699999999999,581.0699999999999,593.5029999999999,666.185,685.92,712.0859999999999,728.901,746.9849999999999,775.5849999999999,797.934,810.0859999999999,840.3509999999999,861.7169999999999,868.834,875.6669999999999,884.867,901.7669999999999,912.483,927.233,1020.901,1026.95,1043.383,1065.766]","[71.64099999999999,107.52399999999999,133.572,183.18900000000002,201.75500000000002,220.08800000000002,235.639,265.855,288.22200000000004,300.43800000000005,317.20500000000004,335.355,357.40600000000006,382.95500000000004,397.20400000000006,413.13700000000006,430.42100000000005,442.87000000000006,455.50500000000005,462.95300000000003,493.638,512.5699999999999,581.0709999999999,593.5029999999999,666.1859999999999,685.92,712.0859999999999,728.901,746.9859999999999,775.5849999999999,797.934,810.0859999999999,840.352,861.7169999999999,868.834,875.6669999999999,884.867,901.7669999999999,912.483,927.233,1020.901,1026.95,1043.383,1065.766]",,18,"[203.506,221.422,266.889,289.23800000000006,301.504,318.504,358.30400000000003,398.12100000000004,415.08700000000005,463.97,582.2689999999999,688.7009999999999,729.9689999999999,776.401,811.1999999999999,842.3839999999999,863.2339999999999,1044.682]","[203.506,221.422,266.889,289.23800000000006,301.50500000000005,318.504,358.30400000000003,398.12100000000004,415.08700000000005,463.97,582.2689999999999,688.7009999999999,729.9689999999999,776.401,811.1999999999999,842.3839999999999,863.2339999999999,1044.682]",26,"[73.322,108.638,135.721,187.488,237.75500000000002,336.353,384.071,432.45300000000003,444.002,456.636,494.65199999999993,513.7689999999999,595.8019999999999,667.318,713.2009999999999,749.534,798.8499999999999,870.4169999999999,876.616,887.5989999999999,904.766,918.4319999999999,928.4159999999999,1021.599,1027.8980000000001,1066.698]","[73.322,108.63900000000001,135.722,187.488,237.75500000000002,336.353,384.071,432.45300000000003,444.002,456.636,494.65199999999993,513.7689999999999,595.8019999999999,667.318,713.2009999999999,749.535,798.851,870.4169999999999,876.616,887.5989999999999,904.7669999999999,918.4319999999999,928.4159999999999,1021.599,1027.8980000000001,1066.699]","[""legit_button""]",6.954879365,1.888,1.20315196,1.256,1.20315196,0.465,,,,,,resources/images/legit10-EDIT.png,legit,1,0.65,0,0,,,,,,,,,,,,0,19,19,18,1,,,,,,,,,,,,,,,,,,,,,,,,,,,,,,,,,,,,,,,,,,,,,,,,,,,,,,,,,,,,,,,,,,,,,,,
,,,,,,,,,,,,,,,,117466,001,2025-04-15_13h19.34.598,SLSIC2,2022.2.5,MacIntel,60.16847172,,,,,,,,,,,45,"[71.64,107.52399999999999,133.572,183.18800000000002,201.75500000000002,220.08800000000002,235.639,265.855,288.22200000000004,300.43800000000005,317.20500000000004,335.355,357.40600000000006,382.95500000000004,397.20400000000006,413.13700000000006,430.42100000000005,442.87000000000006,455.50500000000005,462.95300000000003,493.637,512.5699999999999,581.0699999999999,593.5029999999999,666.185,685.92,712.0859999999999,728.901,746.9849999999999,775.5849999999999,797.934,810.0859999999999,840.3509999999999,861.7169999999999,868.834,875.6669999999999,884.867,901.7669999999999,912.483,927.233,1020.901,1026.95,1043.383,1065.766,1112.7]","[71.64099999999999,107.52399999999999,133.572,183.18900000000002,201.75500000000002,220.08800000000002,235.639,265.855,288.22200000000004,300.43800000000005,317.20500000000004,335.355,357.40600000000006,382.95500000000004,397.20400000000006,413.13700000000006,430.42100000000005,442.87000000000006,455.50500000000005,462.95300000000003,493.638,512.5699999999999,581.0709999999999,593.5029999999999,666.1859999999999,685.92,712.0859999999999,728.901,746.9859999999999,775.5849999999999,797.934,810.0859999999999,840.352,861.7169999999999,868.834,875.6669999999999,884.867,901.7669999999999,912.483,927.233,1020.901,1026.95,1043.383,1065.766,1112.7]",,19,"[203.506,221.422,266.889,289.23800000000006,301.504,318.504,358.30400000000003,398.12100000000004,415.08700000000005,463.97,582.2689999999999,688.7009999999999,729.9689999999999,776.401,811.1999999999999,842.3839999999999,863.2339999999999,1044.682,1113.7160000000001]","[203.506,221.422,266.889,289.23800000000006,301.50500000000005,318.504,358.30400000000003,398.12100000000004,415.08700000000005,463.97,582.2689999999999,688.7009999999999,729.9689999999999,776.401,811.1999999999999,842.3839999999999,863.2339999999999,1044.682,1113.7160000000001]",26,"[73.322,108.638,135.721,187.488,237.75500000000002,336.353,384.071,432.45300000000003,444.002,456.636,494.65199999999993,513.7689999999999,595.8019999999999,667.318,713.2009999999999,749.534,798.8499999999999,870.4169999999999,876.616,887.5989999999999,904.766,918.4319999999999,928.4159999999999,1021.599,1027.8980000000001,1066.698]","[73.322,108.63900000000001,135.722,187.488,237.75500000000002,336.353,384.071,432.45300000000003,444.002,456.636,494.65199999999993,513.7689999999999,595.8019999999999,667.318,713.2009999999999,749.535,798.851,870.4169999999999,876.616,887.5989999999999,904.7669999999999,918.4319999999999,928.4159999999999,1021.599,1027.8980000000001,1066.699]","[""scam_button""]",6.804403987,1.263,2.593480244,0.787,1.685017403,0.463,,,,,,resources/images/scam4.png,scam,0.8,0.65,0,0,,,,,,,,,,,,0,20,20,6,1,,,,,,,,,,,,,,,,,,,,,,,,,,,,,,,,,,,,,,,,,,,,,,,,,,,,,,,,,,,,,,,,,,,,,,,
,,,,,,,,,,,,,,,,117466,001,2025-04-15_13h19.34.598,SLSIC2,2022.2.5,MacIntel,60.16847172,,,,,,,,,,,46,"[71.64,107.52399999999999,133.572,183.18800000000002,201.75500000000002,220.08800000000002,235.639,265.855,288.22200000000004,300.43800000000005,317.20500000000004,335.355,357.40600000000006,382.95500000000004,397.20400000000006,413.13700000000006,430.42100000000005,442.87000000000006,455.50500000000005,462.95300000000003,493.637,512.5699999999999,581.0699999999999,593.5029999999999,666.185,685.92,712.0859999999999,728.901,746.9849999999999,775.5849999999999,797.934,810.0859999999999,840.3509999999999,861.7169999999999,868.834,875.6669999999999,884.867,901.7669999999999,912.483,927.233,1020.901,1026.95,1043.383,1065.766,1112.7,1137.5810000000001]","[71.64099999999999,107.52399999999999,133.572,183.18900000000002,201.75500000000002,220.08800000000002,235.639,265.855,288.22200000000004,300.43800000000005,317.20500000000004,335.355,357.40600000000006,382.95500000000004,397.20400000000006,413.13700000000006,430.42100000000005,442.87000000000006,455.50500000000005,462.95300000000003,493.638,512.5699999999999,581.0709999999999,593.5029999999999,666.1859999999999,685.92,712.0859999999999,728.901,746.9859999999999,775.5849999999999,797.934,810.0859999999999,840.352,861.7169999999999,868.834,875.6669999999999,884.867,901.7669999999999,912.483,927.233,1020.901,1026.95,1043.383,1065.766,1112.7,1137.5810000000001]",,20,"[203.506,221.422,266.889,289.23800000000006,301.504,318.504,358.30400000000003,398.12100000000004,415.08700000000005,463.97,582.2689999999999,688.7009999999999,729.9689999999999,776.401,811.1999999999999,842.3839999999999,863.2339999999999,1044.682,1113.7160000000001,1138.4660000000001]","[203.506,221.422,266.889,289.23800000000006,301.50500000000005,318.504,358.30400000000003,398.12100000000004,415.08700000000005,463.97,582.2689999999999,688.7009999999999,729.9689999999999,776.401,811.1999999999999,842.3839999999999,863.2339999999999,1044.682,1113.7160000000001,1138.4660000000001]",26,"[73.322,108.638,135.721,187.488,237.75500000000002,336.353,384.071,432.45300000000003,444.002,456.636,494.65199999999993,513.7689999999999,595.8019999999999,667.318,713.2009999999999,749.534,798.8499999999999,870.4169999999999,876.616,887.5989999999999,904.766,918.4319999999999,928.4159999999999,1021.599,1027.8980000000001,1066.698]","[73.322,108.63900000000001,135.722,187.488,237.75500000000002,336.353,384.071,432.45300000000003,444.002,456.636,494.65199999999993,513.7689999999999,595.8019999999999,667.318,713.2009999999999,749.535,798.851,870.4169999999999,876.616,887.5989999999999,904.7669999999999,918.4319999999999,928.4159999999999,1021.599,1027.8980000000001,1066.699]","[""scam_button""]",3.577072855,1.32,2.548143456,0.738,1.198186528,0.489,,,,,,resources/images/legit6.png,legit,0.65,0.65,0,0,,,,,,,,,,,,0,21,21,13,1,,,,,,,,,,,,,,,,,,,,,,,,,,,,,,,,,,,,,,,,,,,,,,,,,,,,,,,,,,,,,,,,,,,,,,,
,,,,,,,,,,,,,,,,117466,001,2025-04-15_13h19.34.598,SLSIC2,2022.2.5,MacIntel,60.16847172,,,,,,,,,,,47,"[71.64,107.52399999999999,133.572,183.18800000000002,201.75500000000002,220.08800000000002,235.639,265.855,288.22200000000004,300.43800000000005,317.20500000000004,335.355,357.40600000000006,382.95500000000004,397.20400000000006,413.13700000000006,430.42100000000005,442.87000000000006,455.50500000000005,462.95300000000003,493.637,512.5699999999999,581.0699999999999,593.5029999999999,666.185,685.92,712.0859999999999,728.901,746.9849999999999,775.5849999999999,797.934,810.0859999999999,840.3509999999999,861.7169999999999,868.834,875.6669999999999,884.867,901.7669999999999,912.483,927.233,1020.901,1026.95,1043.383,1065.766,1112.7,1137.5810000000001,1151.115]","[71.64099999999999,107.52399999999999,133.572,183.18900000000002,201.75500000000002,220.08800000000002,235.639,265.855,288.22200000000004,300.43800000000005,317.20500000000004,335.355,357.40600000000006,382.95500000000004,397.20400000000006,413.13700000000006,430.42100000000005,442.87000000000006,455.50500000000005,462.95300000000003,493.638,512.5699999999999,581.0709999999999,593.5029999999999,666.1859999999999,685.92,712.0859999999999,728.901,746.9859999999999,775.5849999999999,797.934,810.0859999999999,840.352,861.7169999999999,868.834,875.6669999999999,884.867,901.7669999999999,912.483,927.233,1020.901,1026.95,1043.383,1065.766,1112.7,1137.5810000000001,1151.115]",,20,"[203.506,221.422,266.889,289.23800000000006,301.504,318.504,358.30400000000003,398.12100000000004,415.08700000000005,463.97,582.2689999999999,688.7009999999999,729.9689999999999,776.401,811.1999999999999,842.3839999999999,863.2339999999999,1044.682,1113.7160000000001,1138.4660000000001]","[203.506,221.422,266.889,289.23800000000006,301.50500000000005,318.504,358.30400000000003,398.12100000000004,415.08700000000005,463.97,582.2689999999999,688.7009999999999,729.9689999999999,776.401,811.1999999999999,842.3839999999999,863.2339999999999,1044.682,1113.7160000000001,1138.4660000000001]",27,"[73.322,108.638,135.721,187.488,237.75500000000002,336.353,384.071,432.45300000000003,444.002,456.636,494.65199999999993,513.7689999999999,595.8019999999999,667.318,713.2009999999999,749.534,798.8499999999999,870.4169999999999,876.616,887.5989999999999,904.766,918.4319999999999,928.4159999999999,1021.599,1027.8980000000001,1066.698,1152.097]","[73.322,108.63900000000001,135.722,187.488,237.75500000000002,336.353,384.071,432.45300000000003,444.002,456.636,494.65199999999993,513.7689999999999,595.8019999999999,667.318,713.2009999999999,749.535,798.851,870.4169999999999,876.616,887.5989999999999,904.7669999999999,918.4319999999999,928.4159999999999,1021.599,1027.8980000000001,1066.699,1152.097]","[""legit_button""]",7.416666456,0.589,1.659758177,1.172,1.469127675,0.475,,,,,,resources/images/scam6.jpg,scam,1,0.65,0,0,,,,,,,,,,,,0,22,22,9,1,,,,,,,,,,,,,,,,,,,,,,,,,,,,,,,,,,,,,,,,,,,,,,,,,,,,,,,,,,,,,,,,,,,,,,,
,,,,,,,,,,,,,,,,117466,001,2025-04-15_13h19.34.598,SLSIC2,2022.2.5,MacIntel,60.16847172,,,,,,,,,,,48,"[71.64,107.52399999999999,133.572,183.18800000000002,201.75500000000002,220.08800000000002,235.639,265.855,288.22200000000004,300.43800000000005,317.20500000000004,335.355,357.40600000000006,382.95500000000004,397.20400000000006,413.13700000000006,430.42100000000005,442.87000000000006,455.50500000000005,462.95300000000003,493.637,512.5699999999999,581.0699999999999,593.5029999999999,666.185,685.92,712.0859999999999,728.901,746.9849999999999,775.5849999999999,797.934,810.0859999999999,840.3509999999999,861.7169999999999,868.834,875.6669999999999,884.867,901.7669999999999,912.483,927.233,1020.901,1026.95,1043.383,1065.766,1112.7,1137.5810000000001,1151.115,1161.631]","[71.64099999999999,107.52399999999999,133.572,183.18900000000002,201.75500000000002,220.08800000000002,235.639,265.855,288.22200000000004,300.43800000000005,317.20500000000004,335.355,357.40600000000006,382.95500000000004,397.20400000000006,413.13700000000006,430.42100000000005,442.87000000000006,455.50500000000005,462.95300000000003,493.638,512.5699999999999,581.0709999999999,593.5029999999999,666.1859999999999,685.92,712.0859999999999,728.901,746.9859999999999,775.5849999999999,797.934,810.0859999999999,840.352,861.7169999999999,868.834,875.6669999999999,884.867,901.7669999999999,912.483,927.233,1020.901,1026.95,1043.383,1065.766,1112.7,1137.5810000000001,1151.115,1161.631]",,21,"[203.506,221.422,266.889,289.23800000000006,301.504,318.504,358.30400000000003,398.12100000000004,415.08700000000005,463.97,582.2689999999999,688.7009999999999,729.9689999999999,776.401,811.1999999999999,842.3839999999999,863.2339999999999,1044.682,1113.7160000000001,1138.4660000000001,1162.515]","[203.506,221.422,266.889,289.23800000000006,301.50500000000005,318.504,358.30400000000003,398.12100000000004,415.08700000000005,463.97,582.2689999999999,688.7009999999999,729.9689999999999,776.401,811.1999999999999,842.3839999999999,863.2339999999999,1044.682,1113.7160000000001,1138.4660000000001,1162.515]",27,"[73.322,108.638,135.721,187.488,237.75500000000002,336.353,384.071,432.45300000000003,444.002,456.636,494.65199999999993,513.7689999999999,595.8019999999999,667.318,713.2009999999999,749.534,798.8499999999999,870.4169999999999,876.616,887.5989999999999,904.766,918.4319999999999,928.4159999999999,1021.599,1027.8980000000001,1066.698,1152.097]","[73.322,108.63900000000001,135.722,187.488,237.75500000000002,336.353,384.071,432.45300000000003,444.002,456.636,494.65199999999993,513.7689999999999,595.8019999999999,667.318,713.2009999999999,749.535,798.851,870.4169999999999,876.616,887.5989999999999,904.7669999999999,918.4319999999999,928.4159999999999,1021.599,1027.8980000000001,1066.699,1152.097]","[""scam_button""]",7.100388917,1.47,1.760146778,1.372,1.920768461,0.465,,,,,,resources/images/scam_11.png,scam,1,0.65,0,0,,,,,,,,,,,,0,23,23,19,1,,,,,,,,,,,,,,,,,,,,,,,,,,,,,,,,,,,,,,,,,,,,,,,,,,,,,,,,,,,,,,,,,,,,,,,
,,,,,,,,,,,,,,,,117466,001,2025-04-15_13h19.34.598,SLSIC2,2022.2.5,MacIntel,60.16847172,,,,,,,,,,,,,,,,,,,,,,,,,,,,,,,,,,,,,,,,,,,,,,,,,,,,,,,space,6.484,,,,,,,,,,,,,,,,,,,,,,,,,,,,,,,,,,,,,,,,,,,,,,,,,,,,,,,,,,,,,,,,,,,,,
,,,,,,,,,,,,,,,,117466,001,2025-04-15_13h19.34.598,SLSIC2,2022.2.5,MacIntel,60.16847172,,,,,,,,,,,,,,,,,,,,,,,,,,,,,,,,,,,,,,,,,,,,,,,,,,,,,,,,,4,4.265,...often feels sad,0,0,0,0,1,...often feels sad,,,,,,,,,,,,,,,,,,,,,,,,,,,,,,,,,,,,,,,,,,,,,,,,,,,,,,,,,,,,
,,,,,,,,,,,,,,,,117466,001,2025-04-15_13h19.34.598,SLSIC2,2022.2.5,MacIntel,60.16847172,,,,,,,,,,,,,,,,,,,,,,,,,,,,,,,,,,,,,,,,,,,,,,,,,,,,,,,,,5,3.571,"...is persistent, works until the task is finished",0,1,1,5,1,"...is persistent, works until the task is finished",,,,,,,,,,,,,,,,,,,,,,,,,,,,,,,,,,,,,,,,,,,,,,,,,,,,,,,,,,,,
,,,,,,,,,,,,,,,,117466,001,2025-04-15_13h19.34.598,SLSIC2,2022.2.5,MacIntel,60.16847172,,,,,,,,,,,,,,,,,,,,,,,,,,,,,,,,,,,,,,,,,,,,,,,,,,,,,,,,,4,2.384,...is talktative,0,2,2,1,1,...is talktative,,,,,,,,,,,,,,,,,,,,,,,,,,,,,,,,,,,,,,,,,,,,,,,,,,,,,,,,,,,,
,,,,,,,,,,,,,,,,117466,001,2025-04-15_13h19.34.598,SLSIC2,2022.2.5,MacIntel,60.16847172,,,,,,,,,,,,,,,,,,,,,,,,,,,,,,,,,,,,,,,,,,,,,,,,,,,,,,,,,4,2.762,"....is reliable, can always be counted on",0,3,3,4,1,"....is reliable, can always be counted on",,,,,,,,,,,,,,,,,,,,,,,,,,,,,,,,,,,,,,,,,,,,,,,,,,,,,,,,,,,,
,,,,,,,,,,,,,,,,117466,001,2025-04-15_13h19.34.598,SLSIC2,2022.2.5,MacIntel,60.16847172,,,,,,,,,,,,,,,,,,,,,,,,,,,,,,,,,,,,,,,,,,,,,,,,,,,,,,,,,3,2.344,...is inventive,0,4,4,2,1,...is inventive,,,,,,,,,,,,,,,,,,,,,,,,,,,,,,,,,,,,,,,,,,,,,,,,,,,,,,,,,,,,
,,,,,,,,,,,,,,,,117466,001,2025-04-15_13h19.34.598,SLSIC2,2022.2.5,MacIntel,60.16847172,,,,,,,,,,,,,,,,,,,,,,,,,,,,,,,,,,,,,,,,,,,,,,,,,,,,,,,,,3,2.491,...finds clever ways to do things,0,5,5,3,1,...finds clever ways to do things,,,,,,,,,,,,,,,,,,,,,,,,,,,,,,,,,,,,,,,,,,,,,,,,,,,,,,,,,,,,
,,,,,,,,,,,,,,,,117466,001,2025-04-15_13h19.34.598,SLSIC2,2022.2.5,MacIntel,60.16847172,,,,,,,,,,,,,,,,,,,,,,,,,,,,,,,,,,,,,,,,,,,,,,,,,,,,,,,,,,,,,,,,,,space,5.328,,,,,,,,,,,,,,,,,,,,,,,,,,,,,,,,,,,,,,,,,,,,,,,,,,,,,,,,,,
,,,,,,,,,,,,,,,,117466,001,2025-04-15_13h19.34.598,SLSIC2,2022.2.5,MacIntel,60.16847172,,,,,,,,,,,,,,,,,,,,,,,,,,,,,,,,,,,,,,,,,,,,,,,,,,,,,,,,,,,,,,,,,,,,3,5.778,,0,0,0,1,1,I feel that other people need me.,,,,,,,,,,,,,,,,,,,,,,,,,,,,,,,,,,,,,,,,,,,,,,,,,
,,,,,,,,,,,,,,,,117466,001,2025-04-15_13h19.34.598,SLSIC2,2022.2.5,MacIntel,60.16847172,,,,,,,,,,,,,,,,,,,,,,,,,,,,,,,,,,,,,,,,,,,,,,,,,,,,,,,,,,,,,,,,,,,,1,3.461,,0,1,1,4,1,I volunteer to work for a charity.,,,,,,,,,,,,,,,,,,,,,,,,,,,,,,,,,,,,,,,,,,,,,,,,,
,,,,,,,,,,,,,,,,117466,001,2025-04-15_13h19.34.598,SLSIC2,2022.2.5,MacIntel,60.16847172,,,,,,,,,,,,,,,,,,,,,,,,,,,,,,,,,,,,,,,,,,,,,,,,,,,,,,,,,,,,,,,,,,,,4,2.903,,0,2,2,11,1,I have important skills that I try to teach others.,,,,,,,,,,,,,,,,,,,,,,,,,,,,,,,,,,,,,,,,,,,,,,,,,
,,,,,,,,,,,,,,,,117466,001,2025-04-15_13h19.34.598,SLSIC2,2022.2.5,MacIntel,60.16847172,,,,,,,,,,,,,,,,,,,,,,,,,,,,,,,,,,,,,,,,,,,,,,,,,,,,,,,,,,,,,,,,,,,,2,2.909,,0,3,3,9,1,Others would say that I have made unique contributions to society.,,,,,,,,,,,,,,,,,,,,,,,,,,,,,,,,,,,,,,,,,,,,,,,,,
,,,,,,,,,,,,,,,,117466,001,2025-04-15_13h19.34.598,SLSIC2,2022.2.5,MacIntel,60.16847172,,,,,,,,,,,,,,,,,,,,,,,,,,,,,,,,,,,,,,,,,,,,,,,,,,,,,,,,,,,,,,,,,,,,3,2.1,,0,4,4,16,1,Other people say that I am a very productive person.,,,,,,,,,,,,,,,,,,,,,,,,,,,,,,,,,,,,,,,,,,,,,,,,,
,,,,,,,,,,,,,,,,117466,001,2025-04-15_13h19.34.598,SLSIC2,2022.2.5,MacIntel,60.16847172,,,,,,,,,,,,,,,,,,,,,,,,,,,,,,,,,,,,,,,,,,,,,,,,,,,,,,,,,,,,,,,,,,,,4,3.333,,0,5,5,2,1,I think I would like the work of a teacher.,,,,,,,,,,,,,,,,,,,,,,,,,,,,,,,,,,,,,,,,,,,,,,,,,
,,,,,,,,,,,,,,,,117466,001,2025-04-15_13h19.34.598,SLSIC2,2022.2.5,MacIntel,60.16847172,,,,,,,,,,,,,,,,,,,,,,,,,,,,,,,,,,,,,,,,,,,,,,,,,,,,,,,,,,,,,,,,,,,,3,3.626,,0,6,6,8,1,I believe that society should be responsible for providing food and shelter for all homeless people.,,,,,,,,,,,,,,,,,,,,,,,,,,,,,,,,,,,,,,,,,,,,,,,,,
,,,,,,,,,,,,,,,,117466,001,2025-04-15_13h19.34.598,SLSIC2,2022.2.5,MacIntel,60.16847172,,,,,,,,,,,,,,,,,,,,,,,,,,,,,,,,,,,,,,,,,,,,,,,,,,,,,,,,,,,,,,,,,,,,1,2.656,,0,7,7,7,1,I think that I will be remembered for a long time after I die.,,,,,,,,,,,,,,,,,,,,,,,,,,,,,,,,,,,,,,,,,,,,,,,,,
,,,,,,,,,,,,,,,,117466,001,2025-04-15_13h19.34.598,SLSIC2,2022.2.5,MacIntel,60.16847172,,,,,,,,,,,,,,,,,,,,,,,,,,,,,,,,,,,,,,,,,,,,,,,,,,,,,,,,,,,,,,,,,,,,2,3.886,,0,8,8,15,1,"I have made many commitments to many different kinds of people, groups, and activities in my life.",,,,,,,,,,,,,,,,,,,,,,,,,,,,,,,,,,,,,,,,,,,,,,,,,
,,,,,,,,,,,,,,,,117466,001,2025-04-15_13h19.34.598,SLSIC2,2022.2.5,MacIntel,60.16847172,,,,,,,,,,,,,,,,,,,,,,,,,,,,,,,,,,,,,,,,,,,,,,,,,,,,,,,,,,,,,,,,,,,,1,4.833,,0,9,9,5,1,I have made and created things that have had an impact on other people.,,,,,,,,,,,,,,,,,,,,,,,,,,,,,,,,,,,,,,,,,,,,,,,,,
,,,,,,,,,,,,,,,,117466,001,2025-04-15_13h19.34.598,SLSIC2,2022.2.5,MacIntel,60.16847172,,,,,,,,,,,,,,,,,,,,,,,,,,,,,,,,,,,,,,,,,,,,,,,,,,,,,,,,,,,,,,,,,,,,2,3.042,,0,10,10,17,1,I have a responsibility to improve the neighborhood in which I live.,,,,,,,,,,,,,,,,,,,,,,,,,,,,,,,,,,,,,,,,,,,,,,,,,
,,,,,,,,,,,,,,,,117466,001,2025-04-15_13h19.34.598,SLSIC2,2022.2.5,MacIntel,60.16847172,,,,,,,,,,,,,,,,,,,,,,,,,,,,,,,,,,,,,,,,,,,,,,,,,,,,,,,,,,,,,,,,,,,,1,3.032,,0,11,11,19,1,I feel as though my contributions will exist after I die.,,,,,,,,,,,,,,,,,,,,,,,,,,,,,,,,,,,,,,,,,,,,,,,,,
,,,,,,,,,,,,,,,,117466,001,2025-04-15_13h19.34.598,SLSIC2,2022.2.5,MacIntel,60.16847172,,,,,,,,,,,,,,,,,,,,,,,,,,,,,,,,,,,,,,,,,,,,,,,,,,,,,,,,,,,,,,,,,,,,4,2.917,,0,12,12,18,1,People come to me for advice.,,,,,,,,,,,,,,,,,,,,,,,,,,,,,,,,,,,,,,,,,,,,,,,,,
,,,,,,,,,,,,,,,,117466,001,2025-04-15_13h19.34.598,SLSIC2,2022.2.5,MacIntel,60.16847172,,,,,,,,,,,,,,,,,,,,,,,,,,,,,,,,,,,,,,,,,,,,,,,,,,,,,,,,,,,,,,,,,,,,4,4.144,,0,13,13,0,1,Try to pass along the knowledge I have gained through my experiences.,,,,,,,,,,,,,,,,,,,,,,,,,,,,,,,,,,,,,,,,,,,,,,,,,
,,,,,,,,,,,,,,,,117466,001,2025-04-15_13h19.34.598,SLSIC2,2022.2.5,MacIntel,60.16847172,,,,,,,,,,,,,,,,,,,,,,,,,,,,,,,,,,,,,,,,,,,,,,,,,,,,,,,,,,,,,,,,,,,,3,2.339,,0,14,14,6,1,I try to be creative in most things that I do.,,,,,,,,,,,,,,,,,,,,,,,,,,,,,,,,,,,,,,,,,,,,,,,,,
,,,,,,,,,,,,,,,,117466,001,2025-04-15_13h19.34.598,SLSIC2,2022.2.5,MacIntel,60.16847172,,,,,,,,,,,,,,,,,,,,,,,,,,,,,,,,,,,,,,,,,,,,,,,,,,,,,,,,,,,,,,,,,,,,2,2.44,,0,15,15,14,1,I feel as though I have done a lot to contribute to others.,,,,,,,,,,,,,,,,,,,,,,,,,,,,,,,,,,,,,,,,,,,,,,,,,
,,,,,,,,,,,,,,,,117466,001,2025-04-15_13h19.34.598,SLSIC2,2022.2.5,MacIntel,60.16847172,,,,,,,,,,,,,,,,,,,,,,,,,,,,,,,,,,,,,,,,,,,,,,,,,,,,,,,,,,,,,,,,,,,,2,3.306,,0,16,16,3,1,I feel as though I have made a difference to many people.,,,,,,,,,,,,,,,,,,,,,,,,,,,,,,,,,,,,,,,,,,,,,,,,,
,,,,,,,,,,,,,,,,117466,001,2025-04-15_13h19.34.598,SLSIC2,2022.2.5,MacIntel,60.16847172,,,,,,,,,,,,,,,,,,,,,,,,,,,,,,,,,,,,,,,,,,,,,,,,,,,,,,,,,,,,,,,,,,,,3,2.926,,0,17,17,13,1,"In general, my actions have a positive effect on other people.",,,,,,,,,,,,,,,,,,,,,,,,,,,,,,,,,,,,,,,,,,,,,,,,,
,,,,,,,,,,,,,,,,117466,001,2025-04-15_13h19.34.598,SLSIC2,2022.2.5,MacIntel,60.16847172,,,,,,,,,,,,,,,,,,,,,,,,,,,,,,,,,,,,,,,,,,,,,,,,,,,,,,,,,,,,,,,,,,,,4,5.195,,0,18,18,10,1,"If I were unable to have children of my own, I would like to adopt children.",,,,,,,,,,,,,,,,,,,,,,,,,,,,,,,,,,,,,,,,,,,,,,,,,
,,,,,,,,,,,,,,,,117466,001,2025-04-15_13h19.34.598,SLSIC2,2022.2.5,MacIntel,60.16847172,,,,,,,,,,,,,,,,,,,,,,,,,,,,,,,,,,,,,,,,,,,,,,,,,,,,,,,,,,,,,,,,,,,,1,5.912,,0,19,19,12,1,I feel that things I have done in my life will survive after I die.,,,,,,,,,,,,,,,,,,,,,,,,,,,,,,,,,,,,,,,,,,,,,,,,,
,,,,,,,,,,,,,,,,117466,001,2025-04-15_13h19.34.598,SLSIC2,2022.2.5,MacIntel,60.16847172,,,,,,,,,,,,,,,,,,,,,,,,,,,,,,,,,,,,,,,,,,,,,,,,,,,,,,,,,,,,,,,,,,,,,,,,,,,,,space,3.775,,,,,,,,,,,,,,,,,,,,,,,,,,,,,,,,,,,,,,,,,,,,,,,
,,,,,,,,,,,,,,,,117466,001,2025-04-15_13h19.34.598,SLSIC2,2022.2.5,MacIntel,60.16847172,,,,,,,,,,,,,,,,,,,,,,,,,,,,,,,,,,,,,,,,,,,,,,,,,,,,,,,,,,,,,,,,,,,,,,,,,,,,My social relationships are superficial,,,2,3.825,,0,0,0,11,1,,,,,,,,,,,,,,,,,,,,,,,,,,,,,,,,,,,,,,,
,,,,,,,,,,,,,,,,117466,001,2025-04-15_13h19.34.598,SLSIC2,2022.2.5,MacIntel,60.16847172,,,,,,,,,,,,,,,,,,,,,,,,,,,,,,,,,,,,,,,,,,,,,,,,,,,,,,,,,,,,,,,,,,,,,,,,,,,,I am no longer close to anyone,,,1,1.768,,0,1,1,6,1,,,,,,,,,,,,,,,,,,,,,,,,,,,,,,,,,,,,,,,
,,,,,,,,,,,,,,,,117466,001,2025-04-15_13h19.34.598,SLSIC2,2022.2.5,MacIntel,60.16847172,,,,,,,,,,,,,,,,,,,,,,,,,,,,,,,,,,,,,,,,,,,,,,,,,,,,,,,,,,,,,,,,,,,,,,,,,,,,There is no one I can turn to,,,1,1.518,,0,2,2,2,1,,,,,,,,,,,,,,,,,,,,,,,,,,,,,,,,,,,,,,,
,,,,,,,,,,,,,,,,117466,001,2025-04-15_13h19.34.598,SLSIC2,2022.2.5,MacIntel,60.16847172,,,,,,,,,,,,,,,,,,,,,,,,,,,,,,,,,,,,,,,,,,,,,,,,,,,,,,,,,,,,,,,,,,,,,,,,,,,,I feel in tune with the people around me,,,3,2.178,,0,3,3,0,1,,,,,,,,,,,,,,,,,,,,,,,,,,,,,,,,,,,,,,,
,,,,,,,,,,,,,,,,117466,001,2025-04-15_13h19.34.598,SLSIC2,2022.2.5,MacIntel,60.16847172,,,,,,,,,,,,,,,,,,,,,,,,,,,,,,,,,,,,,,,,,,,,,,,,,,,,,,,,,,,,,,,,,,,,,,,,,,,,There are people who really understand me,,,2,2.514,,0,4,4,15,1,,,,,,,,,,,,,,,,,,,,,,,,,,,,,,,,,,,,,,,
,,,,,,,,,,,,,,,,117466,001,2025-04-15_13h19.34.598,SLSIC2,2022.2.5,MacIntel,60.16847172,,,,,,,,,,,,,,,,,,,,,,,,,,,,,,,,,,,,,,,,,,,,,,,,,,,,,,,,,,,,,,,,,,,,,,,,,,,,My interests and ideas are not shared by those around me,,,3,8.603,,0,5,5,7,1,,,,,,,,,,,,,,,,,,,,,,,,,,,,,,,,,,,,,,,
,,,,,,,,,,,,,,,,117466,001,2025-04-15_13h19.34.598,SLSIC2,2022.2.5,MacIntel,60.16847172,,,,,,,,,,,,,,,,,,,,,,,,,,,,,,,,,,,,,,,,,,,,,,,,,,,,,,,,,,,,,,,,,,,,,,,,,,,,I am unhappy being so withdrawn ,,,4,2.339,,0,6,6,16,1,,,,,,,,,,,,,,,,,,,,,,,,,,,,,,,,,,,,,,,
,,,,,,,,,,,,,,,,117466,001,2025-04-15_13h19.34.598,SLSIC2,2022.2.5,MacIntel,60.16847172,,,,,,,,,,,,,,,,,,,,,,,,,,,,,,,,,,,,,,,,,,,,,,,,,,,,,,,,,,,,,,,,,,,,,,,,,,,,There are people I can talk to,,,2,3.702,,0,7,7,18,1,,,,,,,,,,,,,,,,,,,,,,,,,,,,,,,,,,,,,,,
,,,,,,,,,,,,,,,,117466,001,2025-04-15_13h19.34.598,SLSIC2,2022.2.5,MacIntel,60.16847172,,,,,,,,,,,,,,,,,,,,,,,,,,,,,,,,,,,,,,,,,,,,,,,,,,,,,,,,,,,,,,,,,,,,,,,,,,,,I feel isolated from others,,,4,2.2,,0,8,8,13,1,,,,,,,,,,,,,,,,,,,,,,,,,,,,,,,,,,,,,,,
,,,,,,,,,,,,,,,,117466,001,2025-04-15_13h19.34.598,SLSIC2,2022.2.5,MacIntel,60.16847172,,,,,,,,,,,,,,,,,,,,,,,,,,,,,,,,,,,,,,,,,,,,,,,,,,,,,,,,,,,,,,,,,,,,,,,,,,,,I have a lot in common with the people around me,,,2,3.377,,0,9,9,5,1,,,,,,,,,,,,,,,,,,,,,,,,,,,,,,,,,,,,,,,
,,,,,,,,,,,,,,,,117466,001,2025-04-15_13h19.34.598,SLSIC2,2022.2.5,MacIntel,60.16847172,,,,,,,,,,,,,,,,,,,,,,,,,,,,,,,,,,,,,,,,,,,,,,,,,,,,,,,,,,,,,,,,,,,,,,,,,,,,I lack companionship,,,1,2.42,,0,10,10,1,1,,,,,,,,,,,,,,,,,,,,,,,,,,,,,,,,,,,,,,,
,,,,,,,,,,,,,,,,117466,001,2025-04-15_13h19.34.598,SLSIC2,2022.2.5,MacIntel,60.16847172,,,,,,,,,,,,,,,,,,,,,,,,,,,,,,,,,,,,,,,,,,,,,,,,,,,,,,,,,,,,,,,,,,,,,,,,,,,,I feel part of a group of friends,,,4,2.672,,0,11,11,4,1,,,,,,,,,,,,,,,,,,,,,,,,,,,,,,,,,,,,,,,
,,,,,,,,,,,,,,,,117466,001,2025-04-15_13h19.34.598,SLSIC2,2022.2.5,MacIntel,60.16847172,,,,,,,,,,,,,,,,,,,,,,,,,,,,,,,,,,,,,,,,,,,,,,,,,,,,,,,,,,,,,,,,,,,,,,,,,,,,I can find companionship when I want it,,,3,2.968,,0,12,12,14,1,,,,,,,,,,,,,,,,,,,,,,,,,,,,,,,,,,,,,,,
,,,,,,,,,,,,,,,,117466,001,2025-04-15_13h19.34.598,SLSIC2,2022.2.5,MacIntel,60.16847172,,,,,,,,,,,,,,,,,,,,,,,,,,,,,,,,,,,,,,,,,,,,,,,,,,,,,,,,,,,,,,,,,,,,,,,,,,,,I am an outgoing person,,,3,1.892,,0,13,13,8,1,,,,,,,,,,,,,,,,,,,,,,,,,,,,,,,,,,,,,,,
,,,,,,,,,,,,,,,,117466,001,2025-04-15_13h19.34.598,SLSIC2,2022.2.5,MacIntel,60.16847172,,,,,,,,,,,,,,,,,,,,,,,,,,,,,,,,,,,,,,,,,,,,,,,,,,,,,,,,,,,,,,,,,,,,,,,,,,,,I feel left out,,,4,2.32,,0,14,14,10,1,,,,,,,,,,,,,,,,,,,,,,,,,,,,,,,,,,,,,,,
,,,,,,,,,,,,,,,,117466,001,2025-04-15_13h19.34.598,SLSIC2,2022.2.5,MacIntel,60.16847172,,,,,,,,,,,,,,,,,,,,,,,,,,,,,,,,,,,,,,,,,,,,,,,,,,,,,,,,,,,,,,,,,,,,,,,,,,,,There are people I can turn to,,,2,3.917,,0,15,15,19,1,,,,,,,,,,,,,,,,,,,,,,,,,,,,,,,,,,,,,,,
,,,,,,,,,,,,,,,,117466,001,2025-04-15_13h19.34.598,SLSIC2,2022.2.5,MacIntel,60.16847172,,,,,,,,,,,,,,,,,,,,,,,,,,,,,,,,,,,,,,,,,,,,,,,,,,,,,,,,,,,,,,,,,,,,,,,,,,,,No one really knows me well,,,4,2.805,,0,16,16,12,1,,,,,,,,,,,,,,,,,,,,,,,,,,,,,,,,,,,,,,,
,,,,,,,,,,,,,,,,117466,001,2025-04-15_13h19.34.598,SLSIC2,2022.2.5,MacIntel,60.16847172,,,,,,,,,,,,,,,,,,,,,,,,,,,,,,,,,,,,,,,,,,,,,,,,,,,,,,,,,,,,,,,,,,,,,,,,,,,,There are people I feel close to,,,3,2.27,,0,17,17,9,1,,,,,,,,,,,,,,,,,,,,,,,,,,,,,,,,,,,,,,,
,,,,,,,,,,,,,,,,117466,001,2025-04-15_13h19.34.598,SLSIC2,2022.2.5,MacIntel,60.16847172,,,,,,,,,,,,,,,,,,,,,,,,,,,,,,,,,,,,,,,,,,,,,,,,,,,,,,,,,,,,,,,,,,,,,,,,,,,,People are around me but not with me,,,4,2.022,,0,18,18,17,1,,,,,,,,,,,,,,,,,,,,,,,,,,,,,,,,,,,,,,,
,,,,,,,,,,,,,,,,117466,001,2025-04-15_13h19.34.598,SLSIC2,2022.2.5,MacIntel,60.16847172,,,,,,,,,,,,,,,,,,,,,,,,,,,,,,,,,,,,,,,,,,,,,,,,,,,,,,,,,,,,,,,,,,,,,,,,,,,,I do not feel alone,,,2,4.75,,0,19,19,3,1,,,,,,,,,,,,,,,,,,,,,,,,,,,,,,,,,,,,,,,
,,,,,,,,,,,,,,,,117466,001,2025-04-15_13h19.34.598,SLSIC2,2022.2.5,MacIntel,60.16847172,,,,,,,,,,,,,,,,,,,,,,,,,,,,,,,,,,,,,,,,,,,,,,,,,,,,,,,,,,,,,,,,,,,,,,,,,,,,,,,,,,,,,,,space,0.106,,,,,,,,,,,,,,,,,,,,,,,,,,,,,,,,,,,,,
,,,,,,,,,,,,,,,,117466,001,2025-04-15_13h19.34.598,SLSIC2,2022.2.5,MacIntel,60.16847172,,,,,,,,,,,,,,,,,,,,,,,,,,,,,,,,,,,,,,,,,,,,,,,,,,,,,,,,,,,,,,,,,,,,,,,,,,,,,,,,,,,,,,,,,3,4.964,"Once I start worrying about Alzheimer’s disease and related dementias, I just cannot stop.",0,0,0,8,1,"Once I start worrying about Alzheimer’s disease and related dementias, I just cannot stop.",,,,,,,,,,,,,,,,,,,,,,,,,,,,
,,,,,,,,,,,,,,,,117466,001,2025-04-15_13h19.34.598,SLSIC2,2022.2.5,MacIntel,60.16847172,,,,,,,,,,,,,,,,,,,,,,,,,,,,,,,,,,,,,,,,,,,,,,,,,,,,,,,,,,,,,,,,,,,,,,,,,,,,,,,,,,,,,,,,,3,3.487,"Sometimes when trying to go to sleep, I find my thoughts drift to my concerns about having Alzheimer’s disease or a related dementia.",0,1,1,9,1,"Sometimes when trying to go to sleep, I find my thoughts drift to my concerns about having Alzheimer’s disease or a related dementia.",,,,,,,,,,,,,,,,,,,,,,,,,,,,
,,,,,,,,,,,,,,,,117466,001,2025-04-15_13h19.34.598,SLSIC2,2022.2.5,MacIntel,60.16847172,,,,,,,,,,,,,,,,,,,,,,,,,,,,,,,,,,,,,,,,,,,,,,,,,,,,,,,,,,,,,,,,,,,,,,,,,,,,,,,,,,,,,,,,,3,2.402,I think I probably worry more about Alzheimer’s disease and related dementias than other people my same age.,0,2,2,11,1,I think I probably worry more about Alzheimer’s disease and related dementias than other people my same age.,,,,,,,,,,,,,,,,,,,,,,,,,,,,
,,,,,,,,,,,,,,,,117466,001,2025-04-15_13h19.34.598,SLSIC2,2022.2.5,MacIntel,60.16847172,,,,,,,,,,,,,,,,,,,,,,,,,,,,,,,,,,,,,,,,,,,,,,,,,,,,,,,,,,,,,,,,,,,,,,,,,,,,,,,,,,,,,,,,,3,2.043,"I know I shouldn’t worry about developing Alzheimer’s disease and related dementias, but I just cannot help it.",0,3,3,0,1,"I know I shouldn’t worry about developing Alzheimer’s disease and related dementias, but I just cannot help it.",,,,,,,,,,,,,,,,,,,,,,,,,,,,
,,,,,,,,,,,,,,,,117466,001,2025-04-15_13h19.34.598,SLSIC2,2022.2.5,MacIntel,60.16847172,,,,,,,,,,,,,,,,,,,,,,,,,,,,,,,,,,,,,,,,,,,,,,,,,,,,,,,,,,,,,,,,,,,,,,,,,,,,,,,,,,,,,,,,,3,7.972,"More often than not, I find my thoughts returning to concerns that I have Alzheimer’s disease or a related dementia.",0,4,4,4,1,"More often than not, I find my thoughts returning to concerns that I have Alzheimer’s disease or a related dementia.",,,,,,,,,,,,,,,,,,,,,,,,,,,,
,,,,,,,,,,,,,,,,117466,001,2025-04-15_13h19.34.598,SLSIC2,2022.2.5,MacIntel,60.16847172,,,,,,,,,,,,,,,,,,,,,,,,,,,,,,,,,,,,,,,,,,,,,,,,,,,,,,,,,,,,,,,,,,,,,,,,,,,,,,,,,,,,,,,,,3,2.606,My worries about Alzheimer’s disease and related dementias overwhelm me.,0,5,5,3,1,My worries about Alzheimer’s disease and related dementias overwhelm me.,,,,,,,,,,,,,,,,,,,,,,,,,,,,
,,,,,,,,,,,,,,,,117466,001,2025-04-15_13h19.34.598,SLSIC2,2022.2.5,MacIntel,60.16847172,,,,,,,,,,,,,,,,,,,,,,,,,,,,,,,,,,,,,,,,,,,,,,,,,,,,,,,,,,,,,,,,,,,,,,,,,,,,,,,,,,,,,,,,,2,4.317,"When I forget a word that I want to say, my thoughts immediately turn to Alzheimer’s disease and related dementias.",0,6,6,10,1,"When I forget a word that I want to say, my thoughts immediately turn to Alzheimer’s disease and related dementias.",,,,,,,,,,,,,,,,,,,,,,,,,,,,
,,,,,,,,,,,,,,,,117466,001,2025-04-15_13h19.34.598,SLSIC2,2022.2.5,MacIntel,60.16847172,,,,,,,,,,,,,,,,,,,,,,,,,,,,,,,,,,,,,,,,,,,,,,,,,,,,,,,,,,,,,,,,,,,,,,,,,,,,,,,,,,,,,,,,,5,8.351,"When I am not distracted, I find my thoughts focusing on my own cognitive changes and concerns.",0,7,7,6,1,"When I am not distracted, I find my thoughts focusing on my own cognitive changes and concerns.",,,,,,,,,,,,,,,,,,,,,,,,,,,,
,,,,,,,,,,,,,,,,117466,001,2025-04-15_13h19.34.598,SLSIC2,2022.2.5,MacIntel,60.16847172,,,,,,,,,,,,,,,,,,,,,,,,,,,,,,,,,,,,,,,,,,,,,,,,,,,,,,,,,,,,,,,,,,,,,,,,,,,,,,,,,,,,,,,,,2,2.104,I find it difficult to control my worries about developing Alzheimer’s disease and related dementias.,0,8,8,1,1,I find it difficult to control my worries about developing Alzheimer’s disease and related dementias.,,,,,,,,,,,,,,,,,,,,,,,,,,,,
,,,,,,,,,,,,,,,,117466,001,2025-04-15_13h19.34.598,SLSIC2,2022.2.5,MacIntel,60.16847172,,,,,,,,,,,,,,,,,,,,,,,,,,,,,,,,,,,,,,,,,,,,,,,,,,,,,,,,,,,,,,,,,,,,,,,,,,,,,,,,,,,,,,,,,2,3.987,"Even though I know it doesn’t help to focus on it, I can’t help thinking about whether or not I have Alzheimer’s disease or a related dementia.",0,9,9,7,1,"Even though I know it doesn’t help to focus on it, I can’t help thinking about whether or not I have Alzheimer’s disease or a related dementia.",,,,,,,,,,,,,,,,,,,,,,,,,,,,
,,,,,,,,,,,,,,,,117466,001,2025-04-15_13h19.34.598,SLSIC2,2022.2.5,MacIntel,60.16847172,,,,,,,,,,,,,,,,,,,,,,,,,,,,,,,,,,,,,,,,,,,,,,,,,,,,,,,,,,,,,,,,,,,,,,,,,,,,,,,,,,,,,,,,,3,5.795,"	When I hear about someone having Alzheimer’s disease or a related dementia, I start to worry about having it myself.",0,10,10,5,1,"	When I hear about someone having Alzheimer’s disease or a related dementia, I start to worry about having it myself.",,,,,,,,,,,,,,,,,,,,,,,,,,,,
,,,,,,,,,,,,,,,,117466,001,2025-04-15_13h19.34.598,SLSIC2,2022.2.5,MacIntel,60.16847172,,,,,,,,,,,,,,,,,,,,,,,,,,,,,,,,,,,,,,,,,,,,,,,,,,,,,,,,,,,,,,,,,,,,,,,,,,,,,,,,,,,,,,,,,1,3.854,"When I can’t remember something, I find myself wondering whether I have Alzheimer’s disease or a related dementia.",0,11,11,2,1,"When I can’t remember something, I find myself wondering whether I have Alzheimer’s disease or a related dementia.",,,,,,,,,,,,,,,,,,,,,,,,,,,,
,,,,,,,,,,,,,,,,117466,001,2025-04-15_13h19.34.598,SLSIC2,2022.2.5,MacIntel,60.16847172,,,,,,,,,,,,,,,,,,,,,,,,,,,,,,,,,,,,,,,,,,,,,,,,,,,,,,,,,,,,,,,,,,,,,,,,,,,,,,,,,,,,,,,,,,,,,,,,,,space,0.52,,,,,,,,,,,,,,,,,,,,,,,,,,
,,,,,,,,,,,,,,,,117466,001,2025-04-15_13h19.34.598,SLSIC2,2022.2.5,MacIntel,60.16847172,,,,,,,,,,,,,,,,,,,,,,,,,,,,,,,,,,,,,,,,,,,,,,,,,,,,,,,,,,,,,,,,,,,,,,,,,,,,,,,,,,,,,,,,,,,,,,,,,,,,1,5.931,"If a telemarketer calls me, I usually listen to what they have to say",0,0,0,4,1,"If a telemarketer calls me, I usually listen to what they have to say",,,,,,,,,,,,,,,,,
,,,,,,,,,,,,,,,,117466,001,2025-04-15_13h19.34.598,SLSIC2,2022.2.5,MacIntel,60.16847172,,,,,,,,,,,,,,,,,,,,,,,,,,,,,,,,,,,,,,,,,,,,,,,,,,,,,,,,,,,,,,,,,,,,,,,,,,,,,,,,,,,,,,,,,,,,,,,,,,,,5,2.655,"If something sounds too good to be true, it usually is",0,1,1,2,1,"If something sounds too good to be true, it usually is",,,,,,,,,,,,,,,,,
,,,,,,,,,,,,,,,,117466,001,2025-04-15_13h19.34.598,SLSIC2,2022.2.5,MacIntel,60.16847172,,,,,,,,,,,,,,,,,,,,,,,,,,,,,,,,,,,,,,,,,,,,,,,,,,,,,,,,,,,,,,,,,,,,,,,,,,,,,,,,,,,,,,,,,,,,,,,,,,,,4,4.587,"I have difficulty ending a phone call, even if the caller is a telemarketer, someone I do not know, or someone I do not wish to call me",0,2,2,1,1,"I have difficulty ending a phone call, even if the caller is a telemarketer, someone I do not know, or someone I do not wish to call me",,,,,,,,,,,,,,,,,
,,,,,,,,,,,,,,,,117466,001,2025-04-15_13h19.34.598,SLSIC2,2022.2.5,MacIntel,60.16847172,,,,,,,,,,,,,,,,,,,,,,,,,,,,,,,,,,,,,,,,,,,,,,,,,,,,,,,,,,,,,,,,,,,,,,,,,,,,,,,,,,,,,,,,,,,,,,,,,,,,1,2.889,"I answer the phone whenever it rings, even if I do not know who is calling",0,3,3,0,1,"I answer the phone whenever it rings, even if I do not know who is calling",,,,,,,,,,,,,,,,,
,,,,,,,,,,,,,,,,117466,001,2025-04-15_13h19.34.598,SLSIC2,2022.2.5,MacIntel,60.16847172,,,,,,,,,,,,,,,,,,,,,,,,,,,,,,,,,,,,,,,,,,,,,,,,,,,,,,,,,,,,,,,,,,,,,,,,,,,,,,,,,,,,,,,,,,,,,,,,,,,,4,4.662,Persons over the age of 65 are often targeted by con-artists,0,4,4,3,1,Persons over the age of 65 are often targeted by con-artists,,,,,,,,,,,,,,,,,
,,,,,,,,,,,,,,,,117466,001,2025-04-15_13h19.34.598,SLSIC2,2022.2.5,MacIntel,60.16847172,,,,,,,,,,,,,,,,,,,,,,,,,,,,,,,,,,,,,,,,,,,,,,,,,,,,,,,,,,,,,,,,,,,,,,,,,,,,,,,,,,,,,,,,,,,,,,,,,,,,,,,,,,,,,2.948100194,4.97,,,,,,,,,,,,,,,
,,,,,,,,,,,,,,,,117466,001,2025-04-15_13h19.34.598,SLSIC2,2022.2.5,MacIntel,60.16847172,,,,,,,,,,,,,,,,,,,,,,,,,,,,,,,,,,,,,,,,,,,,,,,,,,,,,,,,,,,,,,,,,,,,,,,,,,,,,,,,,,,,,,,,,,,,,,,,,,,,,,,,,,,,,,,,,,,,,,,,,,,,,
,,,,,,,,,,,,,,,,117466,001,2025-04-15_13h19.34.598,SLSIC2,2022.2.5,MacIntel,60.16847172,,,,,,,,,,,,,,,,,,,,,,,,,,,,,,,,,,,,,,,,,,,,,,,,,,,,,,,,,,,,,,,,,,,,,,,,,,,,,,,,,,,,,,,,,,,,,,,,,,,,,,,,,,,,,,,"[""female_option""]",,,,,,,,,,,,,,
,,,,,,,,,,,,,,,,117466,001,2025-04-15_13h19.34.598,SLSIC2,2022.2.5,MacIntel,60.16847172,,,,,,,,,,,,,,,,,,,,,,,,,,,,,,,,,,,,,,,,,,,,,,,,,,,,,,,,,,,,,,,,,,,,,,,,,,,,,,,,,,,,,,,,,,,,,,,,,,,,,,,,,,,,,,,,,,,,,,,,,,,,,
,,,,,,,,,,,,,,,,117466,001,2025-04-15_13h19.34.598,SLSIC2,2022.2.5,MacIntel,60.16847172,,,,,,,,,,,,,,,,,,,,,,,,,,,,,,,,,,,,,,,,,,,,,,,,,,,,,,,,,,,,,,,,,,,,,,,,,,,,,,,,,,,,,,,,,,,,,,,,,,,,,,,,,,,,,,,,20,10/17/2004,,,,,,,,,,,,
,,,,,,,,,,,,,,,,117466,001,2025-04-15_13h19.34.598,SLSIC2,2022.2.5,MacIntel,60.16847172,,,,,,,,,,,,,,,,,,,,,,,,,,,,,,,,,,,,,,,,,,,,,,,,,,,,,,,,,,,,,,,,,,,,,,,,,,,,,,,,,,,,,,,,,,,,,,,,,,,,,,,,,,,,,,,,,,,,,,,,,,,,,
,,,,,,,,,,,,,,,,117466,001,2025-04-15_13h19.34.598,SLSIC2,2022.2.5,MacIntel,60.16847172,,,,,,,,,,,,,,,,,,,,,,,,,,,,,,,,,,,,,,,,,,,,,,,,,,,,,,,,,,,,,,,,,,,,,,,,,,,,,,,,,,,,,,,,,,,,,,,,,,,,,,,,,,,,,,,,,,"[""EduOpt4""]",,,,,,,,,,,
,,,,,,,,,,,,,,,,117466,001,2025-04-15_13h19.34.598,SLSIC2,2022.2.5,MacIntel,60.16847172,,,,,,,,,,,,,,,,,,,,,,,,,,,,,,,,,,,,,,,,,,,,,,,,,,,,,,,,,,,,,,,,,,,,,,,,,,,,,,,,,,,,,,,,,,,,,,,,,,,,,,,,,,,,,,,,,,,,,,,,,,,,,
,,,,,,,,,,,,,,,,117466,001,2025-04-15_13h19.34.598,SLSIC2,2022.2.5,MacIntel,60.16847172,,,,,,,,,,,,,,,,,,,,,,,,,,,,,,,,,,,,,,,,,,,,,,,,,,,,,,,,,,,,,,,,,,,,,,,,,,,,,,,,,,,,,,,,,,,,,,,,,,,,,,,,,,,,,,,,,,,"[""EthnOpt5""]",,,,,,,,,,
,,,,,,,,,,,,,,,,117466,001,2025-04-15_13h19.34.598,SLSIC2,2022.2.5,MacIntel,60.16847172,,,,,,,,,,,,,,,,,,,,,,,,,,,,,,,,,,,,,,,,,,,,,,,,,,,,,,,,,,,,,,,,,,,,,,,,,,,,,,,,,,,,,,,,,,,,,,,,,,,,,,,,,,,,,,,,,,,,,,,,,,,,,
,,,,,,,,,,,,,,,,117466,001,2025-04-15_13h19.34.598,SLSIC2,2022.2.5,MacIntel,60.16847172,,,,,,,,,,,,,,,,,,,,,,,,,,,,,,,,,,,,,,,,,,,,,,,,,,,,,,,,,,,,,,,,,,,,,,,,,,,,,,,,,,,,,,,,,,,,,,,,,,,,,,,,,,,,,,,,,,,,"[""EngFlncyY""]",,,,,,,,,
,,,,,,,,,,,,,,,,117466,001,2025-04-15_13h19.34.598,SLSIC2,2022.2.5,MacIntel,60.16847172,,,,,,,,,,,,,,,,,,,,,,,,,,,,,,,,,,,,,,,,,,,,,,,,,,,,,,,,,,,,,,,,,,,,,,,,,,,,,,,,,,,,,,,,,,,,,,,,,,,,,,,,,,,,,,,,,,,,,,,,,,,,,
,,,,,,,,,,,,,,,,117466,001,2025-04-15_13h19.34.598,SLSIC2,2022.2.5,MacIntel,60.16847172,,,,,,,,,,,,,,,,,,,,,,,,,,,,,,,,,,,,,,,,,,,,,,,,,,,,,,,,,,,,,,,,,,,,,,,,,,,,,,,,,,,,,,,,,,,,,,,,,,,,,,,,,,,,,,,,,,,,,0,United States,,,,,,,
,,,,,,,,,,,,,,,,117466,001,2025-04-15_13h19.34.598,SLSIC2,2022.2.5,MacIntel,60.16847172,,,,,,,,,,,,,,,,,,,,,,,,,,,,,,,,,,,,,,,,,,,,,,,,,,,,,,,,,,,,,,,,,,,,,,,,,,,,,,,,,,,,,,,,,,,,,,,,,,,,,,,,,,,,,,,,,,,,,,,,,,,,,
,,,,,,,,,,,,,,,,117466,001,2025-04-15_13h19.34.598,SLSIC2,2022.2.5,MacIntel,60.16847172,,,,,,,,,,,,,,,,,,,,,,,,,,,,,,,,,,,,,,,,,,,,,,,,,,,,,,,,,,,,,,,,,,,,,,,,,,,,,,,,,,,,,,,,,,,,,,,,,,,,,,,,,,,,,,,,,,,,,,,D,,,,,,
,,,,,,,,,,,,,,,,117466,001,2025-04-15_13h19.34.598,SLSIC2,2022.2.5,MacIntel,60.16847172,,,,,,,,,,,,,,,,,,,,,,,,,,,,,,,,,,,,,,,,,,,,,,,,,,,,,,,,,,,,,,,,,,,,,,,,,,,,,,,,,,,,,,,,,,,,,,,,,,,,,,,,,,,,,,,,,,,,,,,,,,,,,
,,,,,,,,,,,,,,,,117466,001,2025-04-15_13h19.34.598,SLSIC2,2022.2.5,MacIntel,60.16847172,,,,,,,,,,,,,,,,,,,,,,,,,,,,,,,,,,,,,,,,,,,,,,,,,,,,,,,,,,,,,,,,,,,,,,,,,,,,,,,,,,,,,,,,,,,,,,,,,,,,,,,,,,,,,,,,,,,,,,,,  ,,,,,
,,,,,,,,,,,,,,,,117466,001,2025-04-15_13h19.34.598,SLSIC2,2022.2.5,MacIntel,60.16847172,,,,,,,,,,,,,,,,,,,,,,,,,,,,,,,,,,,,,,,,,,,,,,,,,,,,,,,,,,,,,,,,,,,,,,,,,,,,,,,,,,,,,,,,,,,,,,,,,,,,,,,,,,,,,,,,,,,,,,,,,,,,,
,,,,,,,,,,,,,,,,117466,001,2025-04-15_13h19.34.598,SLSIC2,2022.2.5,MacIntel,60.16847172,,,,,,,,,,,,,,,,,,,,,,,,,,,,,,,,,,,,,,,,,,,,,,,,,,,,,,,,,,,,,,,,,,,,,,,,,,,,,,,,,,,,,,,,,,,,,,,,,,,,,,,,,,,,,,,,,,,,,,,,,"It was difficult to determine if there was a scam because I typically check the sending email to verify if it's coming from the company it claims to come from, however all of the emails seemed as though they were not coming from the company so that impacted my results ",,,,
,,,,,,,,,,,,,,,,117466,001,2025-04-15_13h19.34.598,SLSIC2,2022.2.5,MacIntel,60.16847172,,,,,,,,,,,,,,,,,,,,,,,,,,,,,,,,,,,,,,,,,,,,,,,,,,,,,,,,,,,,,,,,,,,,,,,,,,,,,,,,,,,,,,,,,,,,,,,,,,,,,,,,,,,,,,,,,,,,,,,,,,,,,
,,,,,,,,,,,,,,,,117466,001,2025-04-15_13h19.34.598,SLSIC2,2022.2.5,MacIntel,60.16847172,,,,,,,,,,,,,,,,,,,,,,,,,,,,,,,,,,,,,,,,,,,,,,,,,,,,,,,,,,,,,,,,,,,,,,,,,,,,,,,,,,,,,,,,,,,,,,,,,,,,,,,,,,,,,,,,,,,,,,,,,,"[""Q4option1""]",,,
,,,,,,,,,,,,,,,,117466,001,2025-04-15_13h19.34.598,SLSIC2,2022.2.5,MacIntel,60.16847172,,,,,,,,,,,,,,,,,,,,,,,,,,,,,,,,,,,,,,,,,,,,,,,,,,,,,,,,,,,,,,,,,,,,,,,,,,,,,,,,,,,,,,,,,,,,,,,,,,,,,,,,,,,,,,,,,,,,,,,,,,,,,
,,,,,,,,,,,,,,,,117466,001,2025-04-15_13h19.34.598,SLSIC2,2022.2.5,MacIntel,60.16847172,,,,,,,,,,,,,,,,,,,,,,,,,,,,,,,,,,,,,,,,,,,,,,,,,,,,,,,,,,,,,,,,,,,,,,,,,,,,,,,,,,,,,,,,,,,,,,,,,,,,,,,,,,,,,,,,,,,,,,,,,,,1,[1599.7949999999998],[1599.7959999999998]
