bruinID.text,button.numClicks,button.timesOn,button.timesOff,mouseLogIn.x,mouseLogIn.y,mouseLogIn.leftButton,mouseLogIn.midButton,mouseLogIn.rightButton,mouseLogIn.time,mouseLogIn.clicked_name,repeat.thisRepN,repeat.thisTrialN,repeat.thisN,repeat.thisIndex,repeat.ran,participant,session,date,expName,psychopyVersion,OS,frameRate,key_resp_6.keys,key_resp_6.rt,key_resp_5.keys,key_resp_5.rt,subjage_slider.response,subjage_slider.rt,confidence_scale.response,confidence_scale.rt,key_resp_7.keys,key_resp_7.rt,button_2.numClicks,button_2.timesOn,button_2.timesOff,email_type,scam_button.numClicks,scam_button.timesOn,scam_button.timesOff,legit_button.numClicks,legit_button.timesOn,legit_button.timesOff,button_selections_1,confidence_scale_email.response,confidence_scale_email.rt,personal_rel_scale.response,personal_rel_scale.rt,curiosity_scale.response,curiosity_scale.rt,email_loop.thisRepN,email_loop.thisTrialN,email_loop.thisN,email_loop.thisIndex,email_loop.ran,emails,type,xsize,ysize,xpos,ypos,key_resp_8.keys,key_resp_8.rt,button_3.numClicks,button_3.timesOn,button_3.timesOff,button_4.numClicks,button_4.timesOn,button_4.timesOff,button_5.numClicks,button_5.timesOn,button_5.timesOff,email_loops2.thisRepN,email_loops2.thisTrialN,email_loops2.thisN,email_loops2.thisIndex,email_loops2.ran,key_resp_3.keys,key_resp_3.rt,slider1_2.response,slider1_2.rt,trust_question,loop_GT.thisRepN,loop_GT.thisTrialN,loop_GT.thisN,loop_GT.thisIndex,loop_GT.ran,Phrases,instructionresp_2.keys,instructionresp_2.rt,key_resp_13.keys,key_resp_13.rt,gen_question,loop_G.thisRepN,loop_G.thisTrialN,loop_G.thisN,loop_G.thisIndex,loop_G.ran,Questions,instructionresp.keys,instructionresp.rt,key_resp_2.keys,key_resp_2.rt,lonely_question,loop_LS.thisRepN,loop_LS.thisTrialN,loop_LS.thisN,loop_LS.thisIndex,loop_LS.ran,key_resp_4.keys,key_resp_4.rt,rating.response,rating.rt,dementia_question,loop_dm.thisRepN,loop_dm.thisTrialN,loop_dm.thisN,loop_dm.thisIndex,loop_dm.ran,Items,key_resp.keys,key_resp.rt,slider1.response,slider1.rt,ss_question,loop_SS.thisRepN,loop_SS.thisTrialN,loop_SS.thisN,loop_SS.thisIndex,loop_SS.ran,Statements,slider.response,slider.rt,Gender,textboxAge.text,textboxBirthday.text,Education Level,Ethnicity,English Fluency,textboxAge_2.text,textboxCountry.text,FQ1textbox.text,textboxQuestion2.text,textboxQuestion3.text,FQ4 selection,Finish.numClicks,Finish.timesOn,Finish.timesOff
406271352,1,[106.84400000000002],[106.84400000000002],-0.005555556,-0.074444444,1,0,0,1.966,button,0,0,0,0,1,299027,001,2025-04-17_23h31.47.493,SLSIC2,2022.2.5,MacIntel,58.82352941,,,,,,,,,,,,,,,,,,,,,,,,,,,,,,,,,,,,,,,,,,,,,,,,,,,,,,,,,,,,,,,,,,,,,,,,,,,,,,,,,,,,,,,,,,,,,,,,,,,,,,,,,,,,,,,,,,,,,,,,,,,,,
,,,,,,,,,,,,,,,,299027,001,2025-04-17_23h31.47.493,SLSIC2,2022.2.5,MacIntel,58.82352941,space,3.332,,,,,,,,,,,,,,,,,,,,,,,,,,,,,,,,,,,,,,,,,,,,,,,,,,,,,,,,,,,,,,,,,,,,,,,,,,,,,,,,,,,,,,,,,,,,,,,,,,,,,,,,,,,,,,,,,,,,,,,,,,,
,,,,,,,,,,,,,,,,299027,001,2025-04-17_23h31.47.493,SLSIC2,2022.2.5,MacIntel,58.82352941,,,space,46.386,,,,,,,,,,,,,,,,,,,,,,,,,,,,,,,,,,,,,,,,,,,,,,,,,,,,,,,,,,,,,,,,,,,,,,,,,,,,,,,,,,,,,,,,,,,,,,,,,,,,,,,,,,,,,,,,,,,,,,,,,
,,,,,,,,,,,,,,,,299027,001,2025-04-17_23h31.47.493,SLSIC2,2022.2.5,MacIntel,58.82352941,,,,,68.93333333,11.977,,,,,,,,,,,,,,,,,,,,,,,,,,,,,,,,,,,,,,,,,,,,,,,,,,,,,,,,,,,,,,,,,,,,,,,,,,,,,,,,,,,,,,,,,,,,,,,,,,,,,,,,,,,,,,,,,,,,,,,
,,,,,,,,,,,,,,,,299027,001,2025-04-17_23h31.47.493,SLSIC2,2022.2.5,MacIntel,58.82352941,,,,,,,6.977777778,17.905,,,,,,,,,,,,,,,,,,,,,,,,,,,,,,,,,,,,,,,,,,,,,,,,,,,,,,,,,,,,,,,,,,,,,,,,,,,,,,,,,,,,,,,,,,,,,,,,,,,,,,,,,,,,,,,,,,,,,
,,,,,,,,,,,,,,,,299027,001,2025-04-17_23h31.47.493,SLSIC2,2022.2.5,MacIntel,58.82352941,,,,,,,,,space,22.984,,,,,,,,,,,,,,,,,,,,,,,,,,,,,,,,,,,,,,,,,,,,,,,,,,,,,,,,,,,,,,,,,,,,,,,,,,,,,,,,,,,,,,,,,,,,,,,,,,,,,,,,,,,,,,,,,,,
,,,,,,,,,,,,,,,,299027,001,2025-04-17_23h31.47.493,SLSIC2,2022.2.5,MacIntel,58.82352941,,,,,,,,,,,1,[230.06600000000006],[230.06600000000006],,1,[234.84900000000005],[234.84900000000005],0,[],[],"[""scam_button""]",6,6.67,3.988888889,14.409,3.966666667,51.139,0,0,0,1,1,resources/images/scam9.jpg,scam,0.65,0.65,0,0,,,,,,,,,,,,,,,,,,,,,,,,,,,,,,,,,,,,,,,,,,,,,,,,,,,,,,,,,,,,,,,,,,,,,,,,,,,,,,,,,,,,,,,
,,,,,,,,,,,,,,,,299027,001,2025-04-17_23h31.47.493,SLSIC2,2022.2.5,MacIntel,58.82352941,,,,,,,,,,,2,"[230.06600000000006,389.30100000000004]","[230.06600000000006,389.30100000000004]",,2,"[234.84900000000005,391.23400000000004]","[234.84900000000005,391.23400000000004]",0,[],[],"[""scam_button""]",9.9,4.261,0.022222222,9.389,0.022222222,4.346,0,1,1,0,1,resources/images/scam8.jpg,scam,0.65,0.65,0,0,,,,,,,,,,,,,,,,,,,,,,,,,,,,,,,,,,,,,,,,,,,,,,,,,,,,,,,,,,,,,,,,,,,,,,,,,,,,,,,,,,,,,,,
,,,,,,,,,,,,,,,,299027,001,2025-04-17_23h31.47.493,SLSIC2,2022.2.5,MacIntel,58.82352941,,,,,,,,,,,3,"[230.06600000000006,389.30100000000004,439.952]","[230.06600000000006,389.30100000000004,439.952]",,2,"[234.84900000000005,391.23400000000004]","[234.84900000000005,391.23400000000004]",1,[440.81700000000006],[440.81700000000006],"[""legit_button""]",8,2.154,4.966666667,4.271,6.022222222,5.709,0,2,2,23,1,resources/images/scam_22.png,scam,1,0.65,0,0,,,,,,,,,,,,,,,,,,,,,,,,,,,,,,,,,,,,,,,,,,,,,,,,,,,,,,,,,,,,,,,,,,,,,,,,,,,,,,,,,,,,,,,
,,,,,,,,,,,,,,,,299027,001,2025-04-17_23h31.47.493,SLSIC2,2022.2.5,MacIntel,58.82352941,,,,,,,,,,,4,"[230.06600000000006,389.30100000000004,439.952,491.93500000000006]","[230.06600000000006,389.30100000000004,439.952,491.93500000000006]",,2,"[234.84900000000005,391.23400000000004]","[234.84900000000005,391.23400000000004]",2,"[440.81700000000006,493.00300000000004]","[440.81700000000006,493.00300000000004]","[""legit_button""]",9.011111111,2.069,6.044444444,5.887,2.044444444,7.121,0,3,3,3,1,resources/images/legit_20.png,legit,0.9,0.8,0,0,,,,,,,,,,,,,,,,,,,,,,,,,,,,,,,,,,,,,,,,,,,,,,,,,,,,,,,,,,,,,,,,,,,,,,,,,,,,,,,,,,,,,,,
,,,,,,,,,,,,,,,,299027,001,2025-04-17_23h31.47.493,SLSIC2,2022.2.5,MacIntel,58.82352941,,,,,,,,,,,5,"[230.06600000000006,389.30100000000004,439.952,491.93500000000006,558.353]","[230.06600000000006,389.30100000000004,439.952,491.93500000000006,558.353]",,3,"[234.84900000000005,391.23400000000004,559.551]","[234.84900000000005,391.23400000000004,559.551]",2,"[440.81700000000006,493.00300000000004]","[440.81700000000006,493.00300000000004]","[""scam_button""]",6.055555556,2.887,2.955555556,7.796,3.966666667,3.587,0,4,4,14,1,resources/images/scam18.png,scam,1,0.65,0,0,,,,,,,,,,,,,,,,,,,,,,,,,,,,,,,,,,,,,,,,,,,,,,,,,,,,,,,,,,,,,,,,,,,,,,,,,,,,,,,,,,,,,,,
,,,,,,,,,,,,,,,,299027,001,2025-04-17_23h31.47.493,SLSIC2,2022.2.5,MacIntel,58.82352941,,,,,,,,,,,6,"[230.06600000000006,389.30100000000004,439.952,491.93500000000006,558.353,629.854]","[230.06600000000006,389.30100000000004,439.952,491.93500000000006,558.353,629.854]",,3,"[234.84900000000005,391.23400000000004,559.551]","[234.84900000000005,391.23400000000004,559.551]",3,"[440.81700000000006,493.00300000000004,632.836]","[440.81700000000006,493.00300000000004,632.836]","[""legit_button""]",4.955555556,1.76,4.033333333,0.977,6.077777778,2.407,0,5,5,10,1,resources/images/scam15.jpg,scam,0.65,0.65,0,0,,,,,,,,,,,,,,,,,,,,,,,,,,,,,,,,,,,,,,,,,,,,,,,,,,,,,,,,,,,,,,,,,,,,,,,,,,,,,,,,,,,,,,,
,,,,,,,,,,,,,,,,299027,001,2025-04-17_23h31.47.493,SLSIC2,2022.2.5,MacIntel,58.82352941,,,,,,,,,,,7,"[230.06600000000006,389.30100000000004,439.952,491.93500000000006,558.353,629.854,651.573]","[230.06600000000006,389.30100000000004,439.952,491.93500000000006,558.353,629.854,651.573]",,3,"[234.84900000000005,391.23400000000004,559.551]","[234.84900000000005,391.23400000000004,559.551]",4,"[440.81700000000006,493.00300000000004,632.836,652.6690000000001]","[440.81700000000006,493.00300000000004,632.836,652.6690000000001]","[""legit_button""]",8.122222222,1.501,9,5.954,4.955555556,5.28,0,6,6,8,1,resources/images/legit_23.png,legit,1,0.65,0,0,,,,,,,,,,,,,,,,,,,,,,,,,,,,,,,,,,,,,,,,,,,,,,,,,,,,,,,,,,,,,,,,,,,,,,,,,,,,,,,,,,,,,,,
,,,,,,,,,,,,,,,,299027,001,2025-04-17_23h31.47.493,SLSIC2,2022.2.5,MacIntel,58.82352941,,,,,,,,,,,8,"[230.06600000000006,389.30100000000004,439.952,491.93500000000006,558.353,629.854,651.573,722.356]","[230.06600000000006,389.30100000000004,439.952,491.93500000000006,558.353,629.854,651.573,722.356]",,3,"[234.84900000000005,391.23400000000004,559.551]","[234.84900000000005,391.23400000000004,559.551]",5,"[440.81700000000006,493.00300000000004,632.836,652.6690000000001,723.7860000000001]","[440.81700000000006,493.00300000000004,632.836,652.6690000000001,723.7860000000001]","[""legit_button""]",8.077777778,1.57,7.033333333,15.013,0.988888889,4.186,0,7,7,7,1,resources/images/legit_21.png,legit,0.8,0.8,0,0,,,,,,,,,,,,,,,,,,,,,,,,,,,,,,,,,,,,,,,,,,,,,,,,,,,,,,,,,,,,,,,,,,,,,,,,,,,,,,,,,,,,,,,
,,,,,,,,,,,,,,,,299027,001,2025-04-17_23h31.47.493,SLSIC2,2022.2.5,MacIntel,58.82352941,,,,,,,,,,,9,"[230.06600000000006,389.30100000000004,439.952,491.93500000000006,558.353,629.854,651.573,722.356,789.855]","[230.06600000000006,389.30100000000004,439.952,491.93500000000006,558.353,629.854,651.573,722.356,789.855]",,4,"[234.84900000000005,391.23400000000004,559.551,791.22]","[234.84900000000005,391.23400000000004,559.551,791.22]",5,"[440.81700000000006,493.00300000000004,632.836,652.6690000000001,723.7860000000001]","[440.81700000000006,493.00300000000004,632.836,652.6690000000001,723.7860000000001]","[""scam_button""]",4.955555556,20.937,2.022222222,24.305,1.022222222,4.084,0,8,8,2,1,resources/images/legit11.jpg,legit,0.65,0.65,0,0,,,,,,,,,,,,,,,,,,,,,,,,,,,,,,,,,,,,,,,,,,,,,,,,,,,,,,,,,,,,,,,,,,,,,,,,,,,,,,,,,,,,,,,
,,,,,,,,,,,,,,,,299027,001,2025-04-17_23h31.47.493,SLSIC2,2022.2.5,MacIntel,58.82352941,,,,,,,,,,,10,"[230.06600000000006,389.30100000000004,439.952,491.93500000000006,558.353,629.854,651.573,722.356,789.855,862.256]","[230.06600000000006,389.30100000000004,439.952,491.93500000000006,558.353,629.854,651.573,722.356,789.855,862.256]",,5,"[234.84900000000005,391.23400000000004,559.551,791.22,863.388]","[234.84900000000005,391.23400000000004,559.551,791.22,863.388]",5,"[440.81700000000006,493.00300000000004,632.836,652.6690000000001,723.7860000000001]","[440.81700000000006,493.00300000000004,632.836,652.6690000000001,723.7860000000001]","[""scam_button""]",7.011111111,1.846,5.977777778,5.17,7.955555556,6.422,0,9,9,6,1,resources/images/legit13.jpg,legit,0.65,0.65,0,0,,,,,,,,,,,,,,,,,,,,,,,,,,,,,,,,,,,,,,,,,,,,,,,,,,,,,,,,,,,,,,,,,,,,,,,,,,,,,,,,,,,,,,,
,,,,,,,,,,,,,,,,299027,001,2025-04-17_23h31.47.493,SLSIC2,2022.2.5,MacIntel,58.82352941,,,,,,,,,,,11,"[230.06600000000006,389.30100000000004,439.952,491.93500000000006,558.353,629.854,651.573,722.356,789.855,862.256,902.256]","[230.06600000000006,389.30100000000004,439.952,491.93500000000006,558.353,629.854,651.573,722.356,789.855,862.256,902.256]",,5,"[234.84900000000005,391.23400000000004,559.551,791.22,863.388]","[234.84900000000005,391.23400000000004,559.551,791.22,863.388]",6,"[440.81700000000006,493.00300000000004,632.836,652.6690000000001,723.7860000000001,903.3720000000001]","[440.81700000000006,493.00300000000004,632.836,652.6690000000001,723.7860000000001,903.3720000000001]","[""legit_button""]",3.933333333,4.621,7.044444444,2.601,8.088888889,2.954,0,10,10,21,1,resources/images/scam_23.png,scam,1,0.8,0,0,,,,,,,,,,,,,,,,,,,,,,,,,,,,,,,,,,,,,,,,,,,,,,,,,,,,,,,,,,,,,,,,,,,,,,,,,,,,,,,,,,,,,,,
,,,,,,,,,,,,,,,,299027,001,2025-04-17_23h31.47.493,SLSIC2,2022.2.5,MacIntel,58.82352941,,,,,,,,,,,12,"[230.06600000000006,389.30100000000004,439.952,491.93500000000006,558.353,629.854,651.573,722.356,789.855,862.256,902.256,942.172]","[230.06600000000006,389.30100000000004,439.952,491.93500000000006,558.353,629.854,651.573,722.356,789.855,862.256,902.256,942.173]",,6,"[234.84900000000005,391.23400000000004,559.551,791.22,863.388,943.8380000000001]","[234.84900000000005,391.23400000000004,559.551,791.22,863.388,943.8380000000001]",6,"[440.81700000000006,493.00300000000004,632.836,652.6690000000001,723.7860000000001,903.3720000000001]","[440.81700000000006,493.00300000000004,632.836,652.6690000000001,723.7860000000001,903.3720000000001]","[""scam_button""]",3.755555556,9.404,1.488888889,11.227,3.488888889,6.21,0,11,11,13,1,resources/images/legit15.jpg,legit,0.95,0.65,0,0,,,,,,,,,,,,,,,,,,,,,,,,,,,,,,,,,,,,,,,,,,,,,,,,,,,,,,,,,,,,,,,,,,,,,,,,,,,,,,,,,,,,,,,
,,,,,,,,,,,,,,,,299027,001,2025-04-17_23h31.47.493,SLSIC2,2022.2.5,MacIntel,58.82352941,,,,,,,,,,,13,"[230.06600000000006,389.30100000000004,439.952,491.93500000000006,558.353,629.854,651.573,722.356,789.855,862.256,902.256,942.172,979.473]","[230.06600000000006,389.30100000000004,439.952,491.93500000000006,558.353,629.854,651.573,722.356,789.855,862.256,902.256,942.173,979.4739999999999]",,6,"[234.84900000000005,391.23400000000004,559.551,791.22,863.388,943.8380000000001]","[234.84900000000005,391.23400000000004,559.551,791.22,863.388,943.8380000000001]",7,"[440.81700000000006,493.00300000000004,632.836,652.6690000000001,723.7860000000001,903.3720000000001,980.4569999999999]","[440.81700000000006,493.00300000000004,632.836,652.6690000000001,723.7860000000001,903.3720000000001,980.4569999999999]","[""legit_button""]",9.711111111,1.478,5,7.878,7,1.938,0,12,12,9,1,resources/images/legit_22.png,legit,1,0.78,0,0,,,,,,,,,,,,,,,,,,,,,,,,,,,,,,,,,,,,,,,,,,,,,,,,,,,,,,,,,,,,,,,,,,,,,,,,,,,,,,,,,,,,,,,
,,,,,,,,,,,,,,,,299027,001,2025-04-17_23h31.47.493,SLSIC2,2022.2.5,MacIntel,58.82352941,,,,,,,,,,,14,"[230.06600000000006,389.30100000000004,439.952,491.93500000000006,558.353,629.854,651.573,722.356,789.855,862.256,902.256,942.172,979.473,1021.174]","[230.06600000000006,389.30100000000004,439.952,491.93500000000006,558.353,629.854,651.573,722.356,789.855,862.256,902.256,942.173,979.4739999999999,1021.174]",,7,"[234.84900000000005,391.23400000000004,559.551,791.22,863.388,943.8380000000001,1022.2389999999998]","[234.84900000000005,391.23400000000004,559.551,791.22,863.388,943.8380000000001,1022.2389999999998]",7,"[440.81700000000006,493.00300000000004,632.836,652.6690000000001,723.7860000000001,903.3720000000001,980.4569999999999]","[440.81700000000006,493.00300000000004,632.836,652.6690000000001,723.7860000000001,903.3720000000001,980.4569999999999]","[""scam_button""]",9.811111111,3.587,0.533333333,5.16,0.033333333,2.372,0,13,13,12,1,resources/images/scam17.png,scam,0.8,0.65,0,0,,,,,,,,,,,,,,,,,,,,,,,,,,,,,,,,,,,,,,,,,,,,,,,,,,,,,,,,,,,,,,,,,,,,,,,,,,,,,,,,,,,,,,,
,,,,,,,,,,,,,,,,299027,001,2025-04-17_23h31.47.493,SLSIC2,2022.2.5,MacIntel,58.82352941,,,,,,,,,,,15,"[230.06600000000006,389.30100000000004,439.952,491.93500000000006,558.353,629.854,651.573,722.356,789.855,862.256,902.256,942.172,979.473,1021.174,1040.792]","[230.06600000000006,389.30100000000004,439.952,491.93500000000006,558.353,629.854,651.573,722.356,789.855,862.256,902.256,942.173,979.4739999999999,1021.174,1040.792]",,7,"[234.84900000000005,391.23400000000004,559.551,791.22,863.388,943.8380000000001,1022.2389999999998]","[234.84900000000005,391.23400000000004,559.551,791.22,863.388,943.8380000000001,1022.2389999999998]",8,"[440.81700000000006,493.00300000000004,632.836,652.6690000000001,723.7860000000001,903.3720000000001,980.4569999999999,1041.556]","[440.81700000000006,493.00300000000004,632.836,652.6690000000001,723.7860000000001,903.3720000000001,980.4569999999999,1041.556]","[""legit_button""]",9.755555556,1.236,3.744444444,3.454,5.844444444,2.077,0,14,14,11,1,resources/images/scam16.png,scam,0.65,0.65,0,0,,,,,,,,,,,,,,,,,,,,,,,,,,,,,,,,,,,,,,,,,,,,,,,,,,,,,,,,,,,,,,,,,,,,,,,,,,,,,,,,,,,,,,,
,,,,,,,,,,,,,,,,299027,001,2025-04-17_23h31.47.493,SLSIC2,2022.2.5,MacIntel,58.82352941,,,,,,,,,,,16,"[230.06600000000006,389.30100000000004,439.952,491.93500000000006,558.353,629.854,651.573,722.356,789.855,862.256,902.256,942.172,979.473,1021.174,1040.792,1088.091]","[230.06600000000006,389.30100000000004,439.952,491.93500000000006,558.353,629.854,651.573,722.356,789.855,862.256,902.256,942.173,979.4739999999999,1021.174,1040.792,1088.091]",,8,"[234.84900000000005,391.23400000000004,559.551,791.22,863.388,943.8380000000001,1022.2389999999998,1089.69]","[234.84900000000005,391.23400000000004,559.551,791.22,863.388,943.8380000000001,1022.2389999999998,1089.69]",8,"[440.81700000000006,493.00300000000004,632.836,652.6690000000001,723.7860000000001,903.3720000000001,980.4569999999999,1041.556]","[440.81700000000006,493.00300000000004,632.836,652.6690000000001,723.7860000000001,903.3720000000001,980.4569999999999,1041.556]","[""scam_button""]",4.622222222,2.454,1.944444444,2.284,3.933333333,4.491,0,15,15,17,1,resources/images/legitimate_18.png,legit,1,0.65,0,0,,,,,,,,,,,,,,,,,,,,,,,,,,,,,,,,,,,,,,,,,,,,,,,,,,,,,,,,,,,,,,,,,,,,,,,,,,,,,,,,,,,,,,,
,,,,,,,,,,,,,,,,299027,001,2025-04-17_23h31.47.493,SLSIC2,2022.2.5,MacIntel,58.82352941,,,,,,,,,,,17,"[230.06600000000006,389.30100000000004,439.952,491.93500000000006,558.353,629.854,651.573,722.356,789.855,862.256,902.256,942.172,979.473,1021.174,1040.792,1088.091,1106.841]","[230.06600000000006,389.30100000000004,439.952,491.93500000000006,558.353,629.854,651.573,722.356,789.855,862.256,902.256,942.173,979.4739999999999,1021.174,1040.792,1088.091,1106.841]",,8,"[234.84900000000005,391.23400000000004,559.551,791.22,863.388,943.8380000000001,1022.2389999999998,1089.69]","[234.84900000000005,391.23400000000004,559.551,791.22,863.388,943.8380000000001,1022.2389999999998,1089.69]",9,"[440.81700000000006,493.00300000000004,632.836,652.6690000000001,723.7860000000001,903.3720000000001,980.4569999999999,1041.556,1107.874]","[440.81700000000006,493.00300000000004,632.836,652.6690000000001,723.7860000000001,903.3720000000001,980.4569999999999,1041.556,1107.874]","[""legit_button""]",8.333333333,1.693,5.3,10.653,6.922222222,6.636,0,16,16,4,1,resources/images/legit_19.png,legit,0.65,0.65,0,0,,,,,,,,,,,,,,,,,,,,,,,,,,,,,,,,,,,,,,,,,,,,,,,,,,,,,,,,,,,,,,,,,,,,,,,,,,,,,,,,,,,,,,,
,,,,,,,,,,,,,,,,299027,001,2025-04-17_23h31.47.493,SLSIC2,2022.2.5,MacIntel,58.82352941,,,,,,,,,,,18,"[230.06600000000006,389.30100000000004,439.952,491.93500000000006,558.353,629.854,651.573,722.356,789.855,862.256,902.256,942.172,979.473,1021.174,1040.792,1088.091,1106.841,1140.192]","[230.06600000000006,389.30100000000004,439.952,491.93500000000006,558.353,629.854,651.573,722.356,789.855,862.256,902.256,942.173,979.4739999999999,1021.174,1040.792,1088.091,1106.841,1140.192]",,8,"[234.84900000000005,391.23400000000004,559.551,791.22,863.388,943.8380000000001,1022.2389999999998,1089.69]","[234.84900000000005,391.23400000000004,559.551,791.22,863.388,943.8380000000001,1022.2389999999998,1089.69]",10,"[440.81700000000006,493.00300000000004,632.836,652.6690000000001,723.7860000000001,903.3720000000001,980.4569999999999,1041.556,1107.874,1140.807]","[440.81700000000006,493.00300000000004,632.836,652.6690000000001,723.7860000000001,903.3720000000001,980.4569999999999,1041.556,1107.874,1140.807]","[""legit_button""]",7.566666667,1.137,3.344444444,4.826,5.722222222,3.109,0,17,17,15,1,resources/images/legit16.jpg,legit,0.65,0.65,0,0,,,,,,,,,,,,,,,,,,,,,,,,,,,,,,,,,,,,,,,,,,,,,,,,,,,,,,,,,,,,,,,,,,,,,,,,,,,,,,,,,,,,,,,
,,,,,,,,,,,,,,,,299027,001,2025-04-17_23h31.47.493,SLSIC2,2022.2.5,MacIntel,58.82352941,,,,,,,,,,,19,"[230.06600000000006,389.30100000000004,439.952,491.93500000000006,558.353,629.854,651.573,722.356,789.855,862.256,902.256,942.172,979.473,1021.174,1040.792,1088.091,1106.841,1140.192,1165.192]","[230.06600000000006,389.30100000000004,439.952,491.93500000000006,558.353,629.854,651.573,722.356,789.855,862.256,902.256,942.173,979.4739999999999,1021.174,1040.792,1088.091,1106.841,1140.192,1165.192]",,8,"[234.84900000000005,391.23400000000004,559.551,791.22,863.388,943.8380000000001,1022.2389999999998,1089.69]","[234.84900000000005,391.23400000000004,559.551,791.22,863.388,943.8380000000001,1022.2389999999998,1089.69]",11,"[440.81700000000006,493.00300000000004,632.836,652.6690000000001,723.7860000000001,903.3720000000001,980.4569999999999,1041.556,1107.874,1140.807,1166.3239999999998]","[440.81700000000006,493.00300000000004,632.836,652.6690000000001,723.7860000000001,903.3720000000001,980.4569999999999,1041.556,1107.874,1140.807,1166.3239999999998]","[""legit_button""]",8.1,2.26,9.355555556,4.271,7.755555556,2.489,0,18,18,16,1,resources/images/legit_30.png,legit,1,0.85,0,0,,,,,,,,,,,,,,,,,,,,,,,,,,,,,,,,,,,,,,,,,,,,,,,,,,,,,,,,,,,,,,,,,,,,,,,,,,,,,,,,,,,,,,,
,,,,,,,,,,,,,,,,299027,001,2025-04-17_23h31.47.493,SLSIC2,2022.2.5,MacIntel,58.82352941,,,,,,,,,,,20,"[230.06600000000006,389.30100000000004,439.952,491.93500000000006,558.353,629.854,651.573,722.356,789.855,862.256,902.256,942.172,979.473,1021.174,1040.792,1088.091,1106.841,1140.192,1165.192,1200.942]","[230.06600000000006,389.30100000000004,439.952,491.93500000000006,558.353,629.854,651.573,722.356,789.855,862.256,902.256,942.173,979.4739999999999,1021.174,1040.792,1088.091,1106.841,1140.192,1165.192,1200.942]",,9,"[234.84900000000005,391.23400000000004,559.551,791.22,863.388,943.8380000000001,1022.2389999999998,1089.69,1202.307]","[234.84900000000005,391.23400000000004,559.551,791.22,863.388,943.8380000000001,1022.2389999999998,1089.69,1202.307]",11,"[440.81700000000006,493.00300000000004,632.836,652.6690000000001,723.7860000000001,903.3720000000001,980.4569999999999,1041.556,1107.874,1140.807,1166.3239999999998]","[440.81700000000006,493.00300000000004,632.836,652.6690000000001,723.7860000000001,903.3720000000001,980.4569999999999,1041.556,1107.874,1140.807,1166.3239999999998]","[""scam_button""]",8.1,2.209,6.522222222,3.205,7.866666667,2.767,0,19,19,20,1,resources/images/scam_30.png,scam,1.45,0.6,0,0,,,,,,,,,,,,,,,,,,,,,,,,,,,,,,,,,,,,,,,,,,,,,,,,,,,,,,,,,,,,,,,,,,,,,,,,,,,,,,,,,,,,,,,
,,,,,,,,,,,,,,,,299027,001,2025-04-17_23h31.47.493,SLSIC2,2022.2.5,MacIntel,58.82352941,,,,,,,,,,,21,"[230.06600000000006,389.30100000000004,439.952,491.93500000000006,558.353,629.854,651.573,722.356,789.855,862.256,902.256,942.172,979.473,1021.174,1040.792,1088.091,1106.841,1140.192,1165.192,1200.942,1243.126]","[230.06600000000006,389.30100000000004,439.952,491.93500000000006,558.353,629.854,651.573,722.356,789.855,862.256,902.256,942.173,979.4739999999999,1021.174,1040.792,1088.091,1106.841,1140.192,1165.192,1200.942,1243.126]",,10,"[234.84900000000005,391.23400000000004,559.551,791.22,863.388,943.8380000000001,1022.2389999999998,1089.69,1202.307,1243.9579999999999]","[234.84900000000005,391.23400000000004,559.551,791.22,863.388,943.8380000000001,1022.2389999999998,1089.69,1202.307,1243.9579999999999]",11,"[440.81700000000006,493.00300000000004,632.836,652.6690000000001,723.7860000000001,903.3720000000001,980.4569999999999,1041.556,1107.874,1140.807,1166.3239999999998]","[440.81700000000006,493.00300000000004,632.836,652.6690000000001,723.7860000000001,903.3720000000001,980.4569999999999,1041.556,1107.874,1140.807,1166.3239999999998]","[""scam_button""]",7.911111111,2.725,6.044444444,1.654,7.466666667,1.441,0,20,20,18,1,resources/images/scam_20.png,scam,1.45,0.6,0,0,,,,,,,,,,,,,,,,,,,,,,,,,,,,,,,,,,,,,,,,,,,,,,,,,,,,,,,,,,,,,,,,,,,,,,,,,,,,,,,,,,,,,,,
,,,,,,,,,,,,,,,,299027,001,2025-04-17_23h31.47.493,SLSIC2,2022.2.5,MacIntel,58.82352941,,,,,,,,,,,22,"[230.06600000000006,389.30100000000004,439.952,491.93500000000006,558.353,629.854,651.573,722.356,789.855,862.256,902.256,942.172,979.473,1021.174,1040.792,1088.091,1106.841,1140.192,1165.192,1200.942,1243.126,1257.9089999999999]","[230.06600000000006,389.30100000000004,439.952,491.93500000000006,558.353,629.854,651.573,722.356,789.855,862.256,902.256,942.173,979.4739999999999,1021.174,1040.792,1088.091,1106.841,1140.192,1165.192,1200.942,1243.126,1257.9089999999999]",,10,"[234.84900000000005,391.23400000000004,559.551,791.22,863.388,943.8380000000001,1022.2389999999998,1089.69,1202.307,1243.9579999999999]","[234.84900000000005,391.23400000000004,559.551,791.22,863.388,943.8380000000001,1022.2389999999998,1089.69,1202.307,1243.9579999999999]",12,"[440.81700000000006,493.00300000000004,632.836,652.6690000000001,723.7860000000001,903.3720000000001,980.4569999999999,1041.556,1107.874,1140.807,1166.3239999999998,1258.658]","[440.81700000000006,493.00300000000004,632.836,652.6690000000001,723.7860000000001,903.3720000000001,980.4569999999999,1041.556,1107.874,1140.807,1166.3239999999998,1258.658]","[""legit_button""]",8.533333333,1.475,7.166666667,6.322,5.633333333,3.555,0,21,21,22,1,resources/images/scam_24.png,scam,1,0.8,0,0,,,,,,,,,,,,,,,,,,,,,,,,,,,,,,,,,,,,,,,,,,,,,,,,,,,,,,,,,,,,,,,,,,,,,,,,,,,,,,,,,,,,,,,
,,,,,,,,,,,,,,,,299027,001,2025-04-17_23h31.47.493,SLSIC2,2022.2.5,MacIntel,58.82352941,,,,,,,,,,,23,"[230.06600000000006,389.30100000000004,439.952,491.93500000000006,558.353,629.854,651.573,722.356,789.855,862.256,902.256,942.172,979.473,1021.174,1040.792,1088.091,1106.841,1140.192,1165.192,1200.942,1243.126,1257.9089999999999,1285.893]","[230.06600000000006,389.30100000000004,439.952,491.93500000000006,558.353,629.854,651.573,722.356,789.855,862.256,902.256,942.173,979.4739999999999,1021.174,1040.792,1088.091,1106.841,1140.192,1165.192,1200.942,1243.126,1257.9089999999999,1285.893]",,11,"[234.84900000000005,391.23400000000004,559.551,791.22,863.388,943.8380000000001,1022.2389999999998,1089.69,1202.307,1243.9579999999999,1287.1589999999999]","[234.84900000000005,391.23400000000004,559.551,791.22,863.388,943.8380000000001,1022.2389999999998,1089.69,1202.307,1243.9579999999999,1287.1589999999999]",12,"[440.81700000000006,493.00300000000004,632.836,652.6690000000001,723.7860000000001,903.3720000000001,980.4569999999999,1041.556,1107.874,1140.807,1166.3239999999998,1258.658]","[440.81700000000006,493.00300000000004,632.836,652.6690000000001,723.7860000000001,903.3720000000001,980.4569999999999,1041.556,1107.874,1140.807,1166.3239999999998,1258.658]","[""scam_button""]",5.888888889,3.004,3.844444444,12.704,2.688888889,1.303,0,22,22,5,1,resources/images/legit12.jpg,legit,1,0.65,0,0,,,,,,,,,,,,,,,,,,,,,,,,,,,,,,,,,,,,,,,,,,,,,,,,,,,,,,,,,,,,,,,,,,,,,,,,,,,,,,,,,,,,,,,
,,,,,,,,,,,,,,,,299027,001,2025-04-17_23h31.47.493,SLSIC2,2022.2.5,MacIntel,58.82352941,,,,,,,,,,,24,"[230.06600000000006,389.30100000000004,439.952,491.93500000000006,558.353,629.854,651.573,722.356,789.855,862.256,902.256,942.172,979.473,1021.174,1040.792,1088.091,1106.841,1140.192,1165.192,1200.942,1243.126,1257.9089999999999,1285.893,1315.0929999999998]","[230.06600000000006,389.30100000000004,439.952,491.93500000000006,558.353,629.854,651.573,722.356,789.855,862.256,902.256,942.173,979.4739999999999,1021.174,1040.792,1088.091,1106.841,1140.192,1165.192,1200.942,1243.126,1257.9089999999999,1285.893,1315.0929999999998]",,12,"[234.84900000000005,391.23400000000004,559.551,791.22,863.388,943.8380000000001,1022.2389999999998,1089.69,1202.307,1243.9579999999999,1287.1589999999999,1316.042]","[234.84900000000005,391.23400000000004,559.551,791.22,863.388,943.8380000000001,1022.2389999999998,1089.69,1202.307,1243.9579999999999,1287.1589999999999,1316.042]",12,"[440.81700000000006,493.00300000000004,632.836,652.6690000000001,723.7860000000001,903.3720000000001,980.4569999999999,1041.556,1107.874,1140.807,1166.3239999999998,1258.658]","[440.81700000000006,493.00300000000004,632.836,652.6690000000001,723.7860000000001,903.3720000000001,980.4569999999999,1041.556,1107.874,1140.807,1166.3239999999998,1258.658]","[""scam_button""]",8.366666667,1.372,5.022222222,3.437,1.911111111,11.79,0,23,23,19,1,resources/images/scam_21.png,scam,1,0.65,0,0,,,,,,,,,,,,,,,,,,,,,,,,,,,,,,,,,,,,,,,,,,,,,,,,,,,,,,,,,,,,,,,,,,,,,,,,,,,,,,,,,,,,,,,
,,,,,,,,,,,,,,,,299027,001,2025-04-17_23h31.47.493,SLSIC2,2022.2.5,MacIntel,58.82352941,,,,,,,,,,,,,,,,,,,,,,,,,,,,,,,,,,,,,,,space,6.669,,,,,,,,,,,,,,,,,,,,,,,,,,,,,,,,,,,,,,,,,,,,,,,,,,,,,,,,,,,,,,,,,,,,,,,,,,,,,,,,,,,,,
,,,,,,,,,,,,,,,,299027,001,2025-04-17_23h31.47.493,SLSIC2,2022.2.5,MacIntel,58.82352941,,,,,,,,,,,,,,,,,,,,,,,,,,,,,,,,,,,,,,,,,1,[1380.19],[1380.19],,,,,,,,,,,,,,,,,,,,,,,,,,,,,,,,,,,,,,,,,,,,,,,,,,,,,,,,,,,,,,,,,,,,,,,,,,,,,,,,,,
,,,,,,,,,,,,,,,,299027,001,2025-04-17_23h31.47.493,SLSIC2,2022.2.5,MacIntel,58.82352941,,,,,,,,,,,,,,,,,,,,,,,,0.222222222,4.635,,,,,,,,,,,,,,,,,,,,,,,,,,,,,,,,,,,,,,,,,,,,,,,,,,,,,,,,,,,,,,,,,,,,,,,,,,,,,,,,,,,,,,,,,,,,,,,,,,,,
,,,,,,,,,,,,,,,,299027,001,2025-04-17_23h31.47.493,SLSIC2,2022.2.5,MacIntel,58.82352941,,,,,,,,,,,,,,,,,,,,,,,,,,,,,,,,,,,,,,,,,,,,1,[1399.623],[1399.624],,,,,,,,,,,,,,,,,,,,,,,,,,,,,,,,,,,,,,,,,,,,,,,,,,,,,,,,,,,,,,,,,,,,,,,,,,,,,,,
,,,,,,,,,,,,,,,,299027,001,2025-04-17_23h31.47.493,SLSIC2,2022.2.5,MacIntel,58.82352941,,,,,,,,,,,,,,,,,,,,,,,,7.733333333,2.236,,,,,,,,,,,,,,,,,,,,,,,,,,,,,,,,,,,,,,,,,,,,,,,,,,,,,,,,,,,,,,,,,,,,,,,,,,,,,,,,,,,,,,,,,,,,,,,,,,,,
,,,,,,,,,,,,,,,,299027,001,2025-04-17_23h31.47.493,SLSIC2,2022.2.5,MacIntel,58.82352941,,,,,,,,,,,,,,,,,,,,,,,,,,,,,,,,,,,,,,,,,,,,,,,1,[1414.156],[1414.157],,,,,,,,,,,,,,,,,,,,,,,,,,,,,,,,,,,,,,,,,,,,,,,,,,,,,,,,,,,,,,,,,,,,,,,,,,,,
,,,,,,,,,,,,,,,,299027,001,2025-04-17_23h31.47.493,SLSIC2,2022.2.5,MacIntel,58.82352941,,,,,,,,,,,,,,,,,,,,,,,,7.922222222,4.637,,,,,,,,,,,,,,,,,,,,,,,,,,,,,,,,,,,,,,,,,,,,,,,,,,,,,,,,,,,,,,,,,,,,,,,,,,,,,,,,,,,,,,,,,,,,,,,,,,,,
,,,,,,,,,,,,,,,,299027,001,2025-04-17_23h31.47.493,SLSIC2,2022.2.5,MacIntel,58.82352941,,,,,,,,,space,16.351,,,,,,,,,,,,,,,,,,,,,,,,,,,,,,,,,,,,,,,,,,,,,,,,,,,,,,,,,,,,,,,,,,,,,,,,,,,,,,,,,,,,,,,,,,,,,,,,,,,,,,,,,,,,,,,,,,,
,,,,,,,,,,,,,,,,299027,001,2025-04-17_23h31.47.493,SLSIC2,2022.2.5,MacIntel,58.82352941,,,,,,,,,,,25,"[230.06600000000006,389.30100000000004,439.952,491.93500000000006,558.353,629.854,651.573,722.356,789.855,862.256,902.256,942.172,979.473,1021.174,1040.792,1088.091,1106.841,1140.192,1165.192,1200.942,1243.126,1257.9089999999999,1285.893,1315.0929999999998,1456.48]","[230.06600000000006,389.30100000000004,439.952,491.93500000000006,558.353,629.854,651.573,722.356,789.855,862.256,902.256,942.173,979.4739999999999,1021.174,1040.792,1088.091,1106.841,1140.192,1165.192,1200.942,1243.126,1257.9089999999999,1285.893,1315.0929999999998,1456.48]",,13,"[234.84900000000005,391.23400000000004,559.551,791.22,863.388,943.8380000000001,1022.2389999999998,1089.69,1202.307,1243.9579999999999,1287.1589999999999,1316.042,1457.9099999999999]","[234.84900000000005,391.23400000000004,559.551,791.22,863.388,943.8380000000001,1022.2389999999998,1089.69,1202.307,1243.9579999999999,1287.1589999999999,1316.042,1457.9099999999999]",12,"[440.81700000000006,493.00300000000004,632.836,652.6690000000001,723.7860000000001,903.3720000000001,980.4569999999999,1041.556,1107.874,1140.807,1166.3239999999998,1258.658]","[440.81700000000006,493.00300000000004,632.836,652.6690000000001,723.7860000000001,903.3720000000001,980.4569999999999,1041.556,1107.874,1140.807,1166.3239999999998,1258.658]","[""scam_button""]",7.155555556,6.388,3.822222222,2.852,5.1,4.171,,,,,,resources/images/scam7.png,scam,0.65,0.65,0,0,,,,,,,,,,,,0,0,0,10,1,,,,,,,,,,,,,,,,,,,,,,,,,,,,,,,,,,,,,,,,,,,,,,,,,,,,,,,,,,,,,,,,,,,,,,,
,,,,,,,,,,,,,,,,299027,001,2025-04-17_23h31.47.493,SLSIC2,2022.2.5,MacIntel,58.82352941,,,,,,,,,,,26,"[230.06600000000006,389.30100000000004,439.952,491.93500000000006,558.353,629.854,651.573,722.356,789.855,862.256,902.256,942.172,979.473,1021.174,1040.792,1088.091,1106.841,1140.192,1165.192,1200.942,1243.126,1257.9089999999999,1285.893,1315.0929999999998,1456.48,1485.4779999999998]","[230.06600000000006,389.30100000000004,439.952,491.93500000000006,558.353,629.854,651.573,722.356,789.855,862.256,902.256,942.173,979.4739999999999,1021.174,1040.792,1088.091,1106.841,1140.192,1165.192,1200.942,1243.126,1257.9089999999999,1285.893,1315.0929999999998,1456.48,1485.4779999999998]",,13,"[234.84900000000005,391.23400000000004,559.551,791.22,863.388,943.8380000000001,1022.2389999999998,1089.69,1202.307,1243.9579999999999,1287.1589999999999,1316.042,1457.9099999999999]","[234.84900000000005,391.23400000000004,559.551,791.22,863.388,943.8380000000001,1022.2389999999998,1089.69,1202.307,1243.9579999999999,1287.1589999999999,1316.042,1457.9099999999999]",13,"[440.81700000000006,493.00300000000004,632.836,652.6690000000001,723.7860000000001,903.3720000000001,980.4569999999999,1041.556,1107.874,1140.807,1166.3239999999998,1258.658,1486.36]","[440.81700000000006,493.00300000000004,632.836,652.6690000000001,723.7860000000001,903.3720000000001,980.4569999999999,1041.556,1107.874,1140.807,1166.3239999999998,1258.658,1486.36]","[""legit_button""]",6.333333333,3.446,2.022222222,4.624,3.233333333,5.279,,,,,,resources/images/legit9-EDIT.png,legit,1,0.65,0,0,,,,,,,,,,,,0,1,1,8,1,,,,,,,,,,,,,,,,,,,,,,,,,,,,,,,,,,,,,,,,,,,,,,,,,,,,,,,,,,,,,,,,,,,,,,,
,,,,,,,,,,,,,,,,299027,001,2025-04-17_23h31.47.493,SLSIC2,2022.2.5,MacIntel,58.82352941,,,,,,,,,,,27,"[230.06600000000006,389.30100000000004,439.952,491.93500000000006,558.353,629.854,651.573,722.356,789.855,862.256,902.256,942.172,979.473,1021.174,1040.792,1088.091,1106.841,1140.192,1165.192,1200.942,1243.126,1257.9089999999999,1285.893,1315.0929999999998,1456.48,1485.4779999999998,1516.3619999999999]","[230.06600000000006,389.30100000000004,439.952,491.93500000000006,558.353,629.854,651.573,722.356,789.855,862.256,902.256,942.173,979.4739999999999,1021.174,1040.792,1088.091,1106.841,1140.192,1165.192,1200.942,1243.126,1257.9089999999999,1285.893,1315.0929999999998,1456.48,1485.4779999999998,1516.3619999999999]",,14,"[234.84900000000005,391.23400000000004,559.551,791.22,863.388,943.8380000000001,1022.2389999999998,1089.69,1202.307,1243.9579999999999,1287.1589999999999,1316.042,1457.9099999999999,1518.644]","[234.84900000000005,391.23400000000004,559.551,791.22,863.388,943.8380000000001,1022.2389999999998,1089.69,1202.307,1243.9579999999999,1287.1589999999999,1316.042,1457.9099999999999,1518.644]",13,"[440.81700000000006,493.00300000000004,632.836,652.6690000000001,723.7860000000001,903.3720000000001,980.4569999999999,1041.556,1107.874,1140.807,1166.3239999999998,1258.658,1486.36]","[440.81700000000006,493.00300000000004,632.836,652.6690000000001,723.7860000000001,903.3720000000001,980.4569999999999,1041.556,1107.874,1140.807,1166.3239999999998,1258.658,1486.36]","[""scam_button""]",5.533333333,1.77,1.811111111,2.404,0.166666667,0.953,,,,,,resources/images/scam12.jpg,scam,0.65,0.65,0,0,,,,,,,,,,,,0,2,2,20,1,,,,,,,,,,,,,,,,,,,,,,,,,,,,,,,,,,,,,,,,,,,,,,,,,,,,,,,,,,,,,,,,,,,,,,,
,,,,,,,,,,,,,,,,299027,001,2025-04-17_23h31.47.493,SLSIC2,2022.2.5,MacIntel,58.82352941,,,,,,,,,,,28,"[230.06600000000006,389.30100000000004,439.952,491.93500000000006,558.353,629.854,651.573,722.356,789.855,862.256,902.256,942.172,979.473,1021.174,1040.792,1088.091,1106.841,1140.192,1165.192,1200.942,1243.126,1257.9089999999999,1285.893,1315.0929999999998,1456.48,1485.4779999999998,1516.3619999999999,1532.379]","[230.06600000000006,389.30100000000004,439.952,491.93500000000006,558.353,629.854,651.573,722.356,789.855,862.256,902.256,942.173,979.4739999999999,1021.174,1040.792,1088.091,1106.841,1140.192,1165.192,1200.942,1243.126,1257.9089999999999,1285.893,1315.0929999999998,1456.48,1485.4779999999998,1516.3619999999999,1532.379]",,15,"[234.84900000000005,391.23400000000004,559.551,791.22,863.388,943.8380000000001,1022.2389999999998,1089.69,1202.307,1243.9579999999999,1287.1589999999999,1316.042,1457.9099999999999,1518.644,1534.6779999999999]","[234.84900000000005,391.23400000000004,559.551,791.22,863.388,943.8380000000001,1022.2389999999998,1089.69,1202.307,1243.9579999999999,1287.1589999999999,1316.042,1457.9099999999999,1518.644,1534.6779999999999]",13,"[440.81700000000006,493.00300000000004,632.836,652.6690000000001,723.7860000000001,903.3720000000001,980.4569999999999,1041.556,1107.874,1140.807,1166.3239999999998,1258.658,1486.36]","[440.81700000000006,493.00300000000004,632.836,652.6690000000001,723.7860000000001,903.3720000000001,980.4569999999999,1041.556,1107.874,1140.807,1166.3239999999998,1258.658,1486.36]","[""scam_button""]",7.322222222,2.238,4.322222222,1.756,3.844444444,2.37,,,,,,resources/images/scam_1.png,scam,1,0.65,0,0,,,,,,,,,,,,0,3,3,0,1,,,,,,,,,,,,,,,,,,,,,,,,,,,,,,,,,,,,,,,,,,,,,,,,,,,,,,,,,,,,,,,,,,,,,,,
,,,,,,,,,,,,,,,,299027,001,2025-04-17_23h31.47.493,SLSIC2,2022.2.5,MacIntel,58.82352941,,,,,,,,,,,29,"[230.06600000000006,389.30100000000004,439.952,491.93500000000006,558.353,629.854,651.573,722.356,789.855,862.256,902.256,942.172,979.473,1021.174,1040.792,1088.091,1106.841,1140.192,1165.192,1200.942,1243.126,1257.9089999999999,1285.893,1315.0929999999998,1456.48,1485.4779999999998,1516.3619999999999,1532.379,1554.495]","[230.06600000000006,389.30100000000004,439.952,491.93500000000006,558.353,629.854,651.573,722.356,789.855,862.256,902.256,942.173,979.4739999999999,1021.174,1040.792,1088.091,1106.841,1140.192,1165.192,1200.942,1243.126,1257.9089999999999,1285.893,1315.0929999999998,1456.48,1485.4779999999998,1516.3619999999999,1532.379,1554.495]",,15,"[234.84900000000005,391.23400000000004,559.551,791.22,863.388,943.8380000000001,1022.2389999999998,1089.69,1202.307,1243.9579999999999,1287.1589999999999,1316.042,1457.9099999999999,1518.644,1534.6779999999999]","[234.84900000000005,391.23400000000004,559.551,791.22,863.388,943.8380000000001,1022.2389999999998,1089.69,1202.307,1243.9579999999999,1287.1589999999999,1316.042,1457.9099999999999,1518.644,1534.6779999999999]",14,"[440.81700000000006,493.00300000000004,632.836,652.6690000000001,723.7860000000001,903.3720000000001,980.4569999999999,1041.556,1107.874,1140.807,1166.3239999999998,1258.658,1486.36,1555.0439999999999]","[440.81700000000006,493.00300000000004,632.836,652.6690000000001,723.7860000000001,903.3720000000001,980.4569999999999,1041.556,1107.874,1140.807,1166.3239999999998,1258.658,1486.36,1555.0439999999999]","[""legit_button""]",7.966666667,1.44,7.133333333,1.651,8.155555556,1.289,,,,,,resources/images/legit3.jpg,legit,1,0.73,0,0,,,,,,,,,,,,0,4,4,5,1,,,,,,,,,,,,,,,,,,,,,,,,,,,,,,,,,,,,,,,,,,,,,,,,,,,,,,,,,,,,,,,,,,,,,,,
,,,,,,,,,,,,,,,,299027,001,2025-04-17_23h31.47.493,SLSIC2,2022.2.5,MacIntel,58.82352941,,,,,,,,,,,30,"[230.06600000000006,389.30100000000004,439.952,491.93500000000006,558.353,629.854,651.573,722.356,789.855,862.256,902.256,942.172,979.473,1021.174,1040.792,1088.091,1106.841,1140.192,1165.192,1200.942,1243.126,1257.9089999999999,1285.893,1315.0929999999998,1456.48,1485.4779999999998,1516.3619999999999,1532.379,1554.495,1569.062]","[230.06600000000006,389.30100000000004,439.952,491.93500000000006,558.353,629.854,651.573,722.356,789.855,862.256,902.256,942.173,979.4739999999999,1021.174,1040.792,1088.091,1106.841,1140.192,1165.192,1200.942,1243.126,1257.9089999999999,1285.893,1315.0929999999998,1456.48,1485.4779999999998,1516.3619999999999,1532.379,1554.495,1569.062]",,16,"[234.84900000000005,391.23400000000004,559.551,791.22,863.388,943.8380000000001,1022.2389999999998,1089.69,1202.307,1243.9579999999999,1287.1589999999999,1316.042,1457.9099999999999,1518.644,1534.6779999999999,1570.061]","[234.84900000000005,391.23400000000004,559.551,791.22,863.388,943.8380000000001,1022.2389999999998,1089.69,1202.307,1243.9579999999999,1287.1589999999999,1316.042,1457.9099999999999,1518.644,1534.6779999999999,1570.061]",14,"[440.81700000000006,493.00300000000004,632.836,652.6690000000001,723.7860000000001,903.3720000000001,980.4569999999999,1041.556,1107.874,1140.807,1166.3239999999998,1258.658,1486.36,1555.0439999999999]","[440.81700000000006,493.00300000000004,632.836,652.6690000000001,723.7860000000001,903.3720000000001,980.4569999999999,1041.556,1107.874,1140.807,1166.3239999999998,1258.658,1486.36,1555.0439999999999]","[""scam_button""]",9.2,1.253,7.855555556,2.812,6.8,2.287,,,,,,resources/images/scam5.jpg,scam,0.7,0.65,0,0,,,,,,,,,,,,0,5,5,7,1,,,,,,,,,,,,,,,,,,,,,,,,,,,,,,,,,,,,,,,,,,,,,,,,,,,,,,,,,,,,,,,,,,,,,,,
,,,,,,,,,,,,,,,,299027,001,2025-04-17_23h31.47.493,SLSIC2,2022.2.5,MacIntel,58.82352941,,,,,,,,,,,31,"[230.06600000000006,389.30100000000004,439.952,491.93500000000006,558.353,629.854,651.573,722.356,789.855,862.256,902.256,942.172,979.473,1021.174,1040.792,1088.091,1106.841,1140.192,1165.192,1200.942,1243.126,1257.9089999999999,1285.893,1315.0929999999998,1456.48,1485.4779999999998,1516.3619999999999,1532.379,1554.495,1569.062,1595.263]","[230.06600000000006,389.30100000000004,439.952,491.93500000000006,558.353,629.854,651.573,722.356,789.855,862.256,902.256,942.173,979.4739999999999,1021.174,1040.792,1088.091,1106.841,1140.192,1165.192,1200.942,1243.126,1257.9089999999999,1285.893,1315.0929999999998,1456.48,1485.4779999999998,1516.3619999999999,1532.379,1554.495,1569.062,1595.263]",,16,"[234.84900000000005,391.23400000000004,559.551,791.22,863.388,943.8380000000001,1022.2389999999998,1089.69,1202.307,1243.9579999999999,1287.1589999999999,1316.042,1457.9099999999999,1518.644,1534.6779999999999,1570.061]","[234.84900000000005,391.23400000000004,559.551,791.22,863.388,943.8380000000001,1022.2389999999998,1089.69,1202.307,1243.9579999999999,1287.1589999999999,1316.042,1457.9099999999999,1518.644,1534.6779999999999,1570.061]",15,"[440.81700000000006,493.00300000000004,632.836,652.6690000000001,723.7860000000001,903.3720000000001,980.4569999999999,1041.556,1107.874,1140.807,1166.3239999999998,1258.658,1486.36,1555.0439999999999,1596.645]","[440.81700000000006,493.00300000000004,632.836,652.6690000000001,723.7860000000001,903.3720000000001,980.4569999999999,1041.556,1107.874,1140.807,1166.3239999999998,1258.658,1486.36,1555.0439999999999,1596.645]","[""legit_button""]",5.888888889,1.453,5.066666667,2.67,6.777777778,1.847,,,,,,resources/images/scam14-EDIT.png,scam,1,0.65,0,0,,,,,,,,,,,,0,6,6,23,1,,,,,,,,,,,,,,,,,,,,,,,,,,,,,,,,,,,,,,,,,,,,,,,,,,,,,,,,,,,,,,,,,,,,,,,
,,,,,,,,,,,,,,,,299027,001,2025-04-17_23h31.47.493,SLSIC2,2022.2.5,MacIntel,58.82352941,,,,,,,,,,,32,"[230.06600000000006,389.30100000000004,439.952,491.93500000000006,558.353,629.854,651.573,722.356,789.855,862.256,902.256,942.172,979.473,1021.174,1040.792,1088.091,1106.841,1140.192,1165.192,1200.942,1243.126,1257.9089999999999,1285.893,1315.0929999999998,1456.48,1485.4779999999998,1516.3619999999999,1532.379,1554.495,1569.062,1595.263,1617.2959999999998]","[230.06600000000006,389.30100000000004,439.952,491.93500000000006,558.353,629.854,651.573,722.356,789.855,862.256,902.256,942.173,979.4739999999999,1021.174,1040.792,1088.091,1106.841,1140.192,1165.192,1200.942,1243.126,1257.9089999999999,1285.893,1315.0929999999998,1456.48,1485.4779999999998,1516.3619999999999,1532.379,1554.495,1569.062,1595.263,1617.2959999999998]",,17,"[234.84900000000005,391.23400000000004,559.551,791.22,863.388,943.8380000000001,1022.2389999999998,1089.69,1202.307,1243.9579999999999,1287.1589999999999,1316.042,1457.9099999999999,1518.644,1534.6779999999999,1570.061,1618.478]","[234.84900000000005,391.23400000000004,559.551,791.22,863.388,943.8380000000001,1022.2389999999998,1089.69,1202.307,1243.9579999999999,1287.1589999999999,1316.042,1457.9099999999999,1518.644,1534.6779999999999,1570.061,1618.478]",15,"[440.81700000000006,493.00300000000004,632.836,652.6690000000001,723.7860000000001,903.3720000000001,980.4569999999999,1041.556,1107.874,1140.807,1166.3239999999998,1258.658,1486.36,1555.0439999999999,1596.645]","[440.81700000000006,493.00300000000004,632.836,652.6690000000001,723.7860000000001,903.3720000000001,980.4569999999999,1041.556,1107.874,1140.807,1166.3239999999998,1258.658,1486.36,1555.0439999999999,1596.645]","[""scam_button""]",4.511111111,6.446,5.411111111,1.588,6.277777778,2.17,,,,,,resources/images/scam4.png,scam,0.8,0.65,0,0,,,,,,,,,,,,0,7,7,6,1,,,,,,,,,,,,,,,,,,,,,,,,,,,,,,,,,,,,,,,,,,,,,,,,,,,,,,,,,,,,,,,,,,,,,,,
,,,,,,,,,,,,,,,,299027,001,2025-04-17_23h31.47.493,SLSIC2,2022.2.5,MacIntel,58.82352941,,,,,,,,,,,33,"[230.06600000000006,389.30100000000004,439.952,491.93500000000006,558.353,629.854,651.573,722.356,789.855,862.256,902.256,942.172,979.473,1021.174,1040.792,1088.091,1106.841,1140.192,1165.192,1200.942,1243.126,1257.9089999999999,1285.893,1315.0929999999998,1456.48,1485.4779999999998,1516.3619999999999,1532.379,1554.495,1569.062,1595.263,1617.2959999999998,1639.4959999999999]","[230.06600000000006,389.30100000000004,439.952,491.93500000000006,558.353,629.854,651.573,722.356,789.855,862.256,902.256,942.173,979.4739999999999,1021.174,1040.792,1088.091,1106.841,1140.192,1165.192,1200.942,1243.126,1257.9089999999999,1285.893,1315.0929999999998,1456.48,1485.4779999999998,1516.3619999999999,1532.379,1554.495,1569.062,1595.263,1617.2959999999998,1639.4959999999999]",,18,"[234.84900000000005,391.23400000000004,559.551,791.22,863.388,943.8380000000001,1022.2389999999998,1089.69,1202.307,1243.9579999999999,1287.1589999999999,1316.042,1457.9099999999999,1518.644,1534.6779999999999,1570.061,1618.478,1640.645]","[234.84900000000005,391.23400000000004,559.551,791.22,863.388,943.8380000000001,1022.2389999999998,1089.69,1202.307,1243.9579999999999,1287.1589999999999,1316.042,1457.9099999999999,1518.644,1534.6779999999999,1570.061,1618.478,1640.645]",15,"[440.81700000000006,493.00300000000004,632.836,652.6690000000001,723.7860000000001,903.3720000000001,980.4569999999999,1041.556,1107.874,1140.807,1166.3239999999998,1258.658,1486.36,1555.0439999999999,1596.645]","[440.81700000000006,493.00300000000004,632.836,652.6690000000001,723.7860000000001,903.3720000000001,980.4569999999999,1041.556,1107.874,1140.807,1166.3239999999998,1258.658,1486.36,1555.0439999999999,1596.645]","[""scam_button""]",6.488888889,2.174,5.222222222,2.892,3.755555556,0.551,,,,,,resources/images/legit10-EDIT.png,legit,1,0.65,0,0,,,,,,,,,,,,0,8,8,18,1,,,,,,,,,,,,,,,,,,,,,,,,,,,,,,,,,,,,,,,,,,,,,,,,,,,,,,,,,,,,,,,,,,,,,,,
,,,,,,,,,,,,,,,,299027,001,2025-04-17_23h31.47.493,SLSIC2,2022.2.5,MacIntel,58.82352941,,,,,,,,,,,34,"[230.06600000000006,389.30100000000004,439.952,491.93500000000006,558.353,629.854,651.573,722.356,789.855,862.256,902.256,942.172,979.473,1021.174,1040.792,1088.091,1106.841,1140.192,1165.192,1200.942,1243.126,1257.9089999999999,1285.893,1315.0929999999998,1456.48,1485.4779999999998,1516.3619999999999,1532.379,1554.495,1569.062,1595.263,1617.2959999999998,1639.4959999999999,1668.165]","[230.06600000000006,389.30100000000004,439.952,491.93500000000006,558.353,629.854,651.573,722.356,789.855,862.256,902.256,942.173,979.4739999999999,1021.174,1040.792,1088.091,1106.841,1140.192,1165.192,1200.942,1243.126,1257.9089999999999,1285.893,1315.0929999999998,1456.48,1485.4779999999998,1516.3619999999999,1532.379,1554.495,1569.062,1595.263,1617.2959999999998,1639.4959999999999,1668.165]",,19,"[234.84900000000005,391.23400000000004,559.551,791.22,863.388,943.8380000000001,1022.2389999999998,1089.69,1202.307,1243.9579999999999,1287.1589999999999,1316.042,1457.9099999999999,1518.644,1534.6779999999999,1570.061,1618.478,1640.645,1671.712]","[234.84900000000005,391.23400000000004,559.551,791.22,863.388,943.8380000000001,1022.2389999999998,1089.69,1202.307,1243.9579999999999,1287.1589999999999,1316.042,1457.9099999999999,1518.644,1534.6779999999999,1570.061,1618.478,1640.645,1671.712]",15,"[440.81700000000006,493.00300000000004,632.836,652.6690000000001,723.7860000000001,903.3720000000001,980.4569999999999,1041.556,1107.874,1140.807,1166.3239999999998,1258.658,1486.36,1555.0439999999999,1596.645]","[440.81700000000006,493.00300000000004,632.836,652.6690000000001,723.7860000000001,903.3720000000001,980.4569999999999,1041.556,1107.874,1140.807,1166.3239999999998,1258.658,1486.36,1555.0439999999999,1596.645]","[""scam_button""]",4.355555556,1.837,2.933333333,1.755,1.766666667,0.534,,,,,,resources/images/scam6.jpg,scam,1,0.65,0,0,,,,,,,,,,,,0,9,9,9,1,,,,,,,,,,,,,,,,,,,,,,,,,,,,,,,,,,,,,,,,,,,,,,,,,,,,,,,,,,,,,,,,,,,,,,,
,,,,,,,,,,,,,,,,299027,001,2025-04-17_23h31.47.493,SLSIC2,2022.2.5,MacIntel,58.82352941,,,,,,,,,,,35,"[230.06600000000006,389.30100000000004,439.952,491.93500000000006,558.353,629.854,651.573,722.356,789.855,862.256,902.256,942.172,979.473,1021.174,1040.792,1088.091,1106.841,1140.192,1165.192,1200.942,1243.126,1257.9089999999999,1285.893,1315.0929999999998,1456.48,1485.4779999999998,1516.3619999999999,1532.379,1554.495,1569.062,1595.263,1617.2959999999998,1639.4959999999999,1668.165,1682.6129999999998]","[230.06600000000006,389.30100000000004,439.952,491.93500000000006,558.353,629.854,651.573,722.356,789.855,862.256,902.256,942.173,979.4739999999999,1021.174,1040.792,1088.091,1106.841,1140.192,1165.192,1200.942,1243.126,1257.9089999999999,1285.893,1315.0929999999998,1456.48,1485.4779999999998,1516.3619999999999,1532.379,1554.495,1569.062,1595.263,1617.2959999999998,1639.4959999999999,1668.165,1682.6129999999998]",,19,"[234.84900000000005,391.23400000000004,559.551,791.22,863.388,943.8380000000001,1022.2389999999998,1089.69,1202.307,1243.9579999999999,1287.1589999999999,1316.042,1457.9099999999999,1518.644,1534.6779999999999,1570.061,1618.478,1640.645,1671.712]","[234.84900000000005,391.23400000000004,559.551,791.22,863.388,943.8380000000001,1022.2389999999998,1089.69,1202.307,1243.9579999999999,1287.1589999999999,1316.042,1457.9099999999999,1518.644,1534.6779999999999,1570.061,1618.478,1640.645,1671.712]",16,"[440.81700000000006,493.00300000000004,632.836,652.6690000000001,723.7860000000001,903.3720000000001,980.4569999999999,1041.556,1107.874,1140.807,1166.3239999999998,1258.658,1486.36,1555.0439999999999,1596.645,1683.4959999999999]","[440.81700000000006,493.00300000000004,632.836,652.6690000000001,723.7860000000001,903.3720000000001,980.4569999999999,1041.556,1107.874,1140.807,1166.3239999999998,1258.658,1486.36,1555.0439999999999,1596.645,1683.4959999999999]","[""legit_button""]",8.533333333,1.437,8.022222222,2.775,7.333333333,2.571,,,,,,resources/images/legit8.png,legit,0.8,0.72,0,0,,,,,,,,,,,,0,10,10,15,1,,,,,,,,,,,,,,,,,,,,,,,,,,,,,,,,,,,,,,,,,,,,,,,,,,,,,,,,,,,,,,,,,,,,,,,
,,,,,,,,,,,,,,,,299027,001,2025-04-17_23h31.47.493,SLSIC2,2022.2.5,MacIntel,58.82352941,,,,,,,,,,,36,"[230.06600000000006,389.30100000000004,439.952,491.93500000000006,558.353,629.854,651.573,722.356,789.855,862.256,902.256,942.172,979.473,1021.174,1040.792,1088.091,1106.841,1140.192,1165.192,1200.942,1243.126,1257.9089999999999,1285.893,1315.0929999999998,1456.48,1485.4779999999998,1516.3619999999999,1532.379,1554.495,1569.062,1595.263,1617.2959999999998,1639.4959999999999,1668.165,1682.6129999999998,1705.98]","[230.06600000000006,389.30100000000004,439.952,491.93500000000006,558.353,629.854,651.573,722.356,789.855,862.256,902.256,942.173,979.4739999999999,1021.174,1040.792,1088.091,1106.841,1140.192,1165.192,1200.942,1243.126,1257.9089999999999,1285.893,1315.0929999999998,1456.48,1485.4779999999998,1516.3619999999999,1532.379,1554.495,1569.062,1595.263,1617.2959999999998,1639.4959999999999,1668.165,1682.6129999999998,1705.98]",,20,"[234.84900000000005,391.23400000000004,559.551,791.22,863.388,943.8380000000001,1022.2389999999998,1089.69,1202.307,1243.9579999999999,1287.1589999999999,1316.042,1457.9099999999999,1518.644,1534.6779999999999,1570.061,1618.478,1640.645,1671.712,1706.712]","[234.84900000000005,391.23400000000004,559.551,791.22,863.388,943.8380000000001,1022.2389999999998,1089.69,1202.307,1243.9579999999999,1287.1589999999999,1316.042,1457.9099999999999,1518.644,1534.6779999999999,1570.061,1618.478,1640.645,1671.712,1706.712]",16,"[440.81700000000006,493.00300000000004,632.836,652.6690000000001,723.7860000000001,903.3720000000001,980.4569999999999,1041.556,1107.874,1140.807,1166.3239999999998,1258.658,1486.36,1555.0439999999999,1596.645,1683.4959999999999]","[440.81700000000006,493.00300000000004,632.836,652.6690000000001,723.7860000000001,903.3720000000001,980.4569999999999,1041.556,1107.874,1140.807,1166.3239999999998,1258.658,1486.36,1555.0439999999999,1596.645,1683.4959999999999]","[""scam_button""]",6.422222222,3.301,5.144444444,1.385,4.188888889,2.237,,,,,,resources/images/scam10.jpg,scam,1,0.65,0,0,,,,,,,,,,,,0,11,11,17,1,,,,,,,,,,,,,,,,,,,,,,,,,,,,,,,,,,,,,,,,,,,,,,,,,,,,,,,,,,,,,,,,,,,,,,,
,,,,,,,,,,,,,,,,299027,001,2025-04-17_23h31.47.493,SLSIC2,2022.2.5,MacIntel,58.82352941,,,,,,,,,,,37,"[230.06600000000006,389.30100000000004,439.952,491.93500000000006,558.353,629.854,651.573,722.356,789.855,862.256,902.256,942.172,979.473,1021.174,1040.792,1088.091,1106.841,1140.192,1165.192,1200.942,1243.126,1257.9089999999999,1285.893,1315.0929999999998,1456.48,1485.4779999999998,1516.3619999999999,1532.379,1554.495,1569.062,1595.263,1617.2959999999998,1639.4959999999999,1668.165,1682.6129999999998,1705.98,1718.23]","[230.06600000000006,389.30100000000004,439.952,491.93500000000006,558.353,629.854,651.573,722.356,789.855,862.256,902.256,942.173,979.4739999999999,1021.174,1040.792,1088.091,1106.841,1140.192,1165.192,1200.942,1243.126,1257.9089999999999,1285.893,1315.0929999999998,1456.48,1485.4779999999998,1516.3619999999999,1532.379,1554.495,1569.062,1595.263,1617.2959999999998,1639.4959999999999,1668.165,1682.6129999999998,1705.98,1718.23]",,21,"[234.84900000000005,391.23400000000004,559.551,791.22,863.388,943.8380000000001,1022.2389999999998,1089.69,1202.307,1243.9579999999999,1287.1589999999999,1316.042,1457.9099999999999,1518.644,1534.6779999999999,1570.061,1618.478,1640.645,1671.712,1706.712,1718.9289999999999]","[234.84900000000005,391.23400000000004,559.551,791.22,863.388,943.8380000000001,1022.2389999999998,1089.69,1202.307,1243.9579999999999,1287.1589999999999,1316.042,1457.9099999999999,1518.644,1534.6779999999999,1570.061,1618.478,1640.645,1671.712,1706.712,1718.9289999999999]",16,"[440.81700000000006,493.00300000000004,632.836,652.6690000000001,723.7860000000001,903.3720000000001,980.4569999999999,1041.556,1107.874,1140.807,1166.3239999999998,1258.658,1486.36,1555.0439999999999,1596.645,1683.4959999999999]","[440.81700000000006,493.00300000000004,632.836,652.6690000000001,723.7860000000001,903.3720000000001,980.4569999999999,1041.556,1107.874,1140.807,1166.3239999999998,1258.658,1486.36,1555.0439999999999,1596.645,1683.4959999999999]","[""scam_button""]",9.4,1.039,7.955555556,2.074,6.233333333,0.737,,,,,,resources/images/scam13.png,scam,1,0.65,0,0,,,,,,,,,,,,0,12,12,16,1,,,,,,,,,,,,,,,,,,,,,,,,,,,,,,,,,,,,,,,,,,,,,,,,,,,,,,,,,,,,,,,,,,,,,,,
,,,,,,,,,,,,,,,,299027,001,2025-04-17_23h31.47.493,SLSIC2,2022.2.5,MacIntel,58.82352941,,,,,,,,,,,38,"[230.06600000000006,389.30100000000004,439.952,491.93500000000006,558.353,629.854,651.573,722.356,789.855,862.256,902.256,942.172,979.473,1021.174,1040.792,1088.091,1106.841,1140.192,1165.192,1200.942,1243.126,1257.9089999999999,1285.893,1315.0929999999998,1456.48,1485.4779999999998,1516.3619999999999,1532.379,1554.495,1569.062,1595.263,1617.2959999999998,1639.4959999999999,1668.165,1682.6129999999998,1705.98,1718.23,1731.549]","[230.06600000000006,389.30100000000004,439.952,491.93500000000006,558.353,629.854,651.573,722.356,789.855,862.256,902.256,942.173,979.4739999999999,1021.174,1040.792,1088.091,1106.841,1140.192,1165.192,1200.942,1243.126,1257.9089999999999,1285.893,1315.0929999999998,1456.48,1485.4779999999998,1516.3619999999999,1532.379,1554.495,1569.062,1595.263,1617.2959999999998,1639.4959999999999,1668.165,1682.6129999999998,1705.98,1718.23,1731.549]",,22,"[234.84900000000005,391.23400000000004,559.551,791.22,863.388,943.8380000000001,1022.2389999999998,1089.69,1202.307,1243.9579999999999,1287.1589999999999,1316.042,1457.9099999999999,1518.644,1534.6779999999999,1570.061,1618.478,1640.645,1671.712,1706.712,1718.9289999999999,1732.396]","[234.84900000000005,391.23400000000004,559.551,791.22,863.388,943.8380000000001,1022.2389999999998,1089.69,1202.307,1243.9579999999999,1287.1589999999999,1316.042,1457.9099999999999,1518.644,1534.6779999999999,1570.061,1618.478,1640.645,1671.712,1706.712,1718.9289999999999,1732.396]",16,"[440.81700000000006,493.00300000000004,632.836,652.6690000000001,723.7860000000001,903.3720000000001,980.4569999999999,1041.556,1107.874,1140.807,1166.3239999999998,1258.658,1486.36,1555.0439999999999,1596.645,1683.4959999999999]","[440.81700000000006,493.00300000000004,632.836,652.6690000000001,723.7860000000001,903.3720000000001,980.4569999999999,1041.556,1107.874,1140.807,1166.3239999999998,1258.658,1486.36,1555.0439999999999,1596.645,1683.4959999999999]","[""scam_button""]",7.2,2.127,5.666666667,1.279,3.644444444,0.589,,,,,,resources/images/scam_11.png,scam,1,0.65,0,0,,,,,,,,,,,,0,13,13,19,1,,,,,,,,,,,,,,,,,,,,,,,,,,,,,,,,,,,,,,,,,,,,,,,,,,,,,,,,,,,,,,,,,,,,,,,
,,,,,,,,,,,,,,,,299027,001,2025-04-17_23h31.47.493,SLSIC2,2022.2.5,MacIntel,58.82352941,,,,,,,,,,,39,"[230.06600000000006,389.30100000000004,439.952,491.93500000000006,558.353,629.854,651.573,722.356,789.855,862.256,902.256,942.172,979.473,1021.174,1040.792,1088.091,1106.841,1140.192,1165.192,1200.942,1243.126,1257.9089999999999,1285.893,1315.0929999999998,1456.48,1485.4779999999998,1516.3619999999999,1532.379,1554.495,1569.062,1595.263,1617.2959999999998,1639.4959999999999,1668.165,1682.6129999999998,1705.98,1718.23,1731.549,1744.5639999999999]","[230.06600000000006,389.30100000000004,439.952,491.93500000000006,558.353,629.854,651.573,722.356,789.855,862.256,902.256,942.173,979.4739999999999,1021.174,1040.792,1088.091,1106.841,1140.192,1165.192,1200.942,1243.126,1257.9089999999999,1285.893,1315.0929999999998,1456.48,1485.4779999999998,1516.3619999999999,1532.379,1554.495,1569.062,1595.263,1617.2959999999998,1639.4959999999999,1668.165,1682.6129999999998,1705.98,1718.23,1731.549,1744.5639999999999]",,23,"[234.84900000000005,391.23400000000004,559.551,791.22,863.388,943.8380000000001,1022.2389999999998,1089.69,1202.307,1243.9579999999999,1287.1589999999999,1316.042,1457.9099999999999,1518.644,1534.6779999999999,1570.061,1618.478,1640.645,1671.712,1706.712,1718.9289999999999,1732.396,1745.2459999999999]","[234.84900000000005,391.23400000000004,559.551,791.22,863.388,943.8380000000001,1022.2389999999998,1089.69,1202.307,1243.9579999999999,1287.1589999999999,1316.042,1457.9099999999999,1518.644,1534.6779999999999,1570.061,1618.478,1640.645,1671.712,1706.712,1718.9289999999999,1732.396,1745.2459999999999]",16,"[440.81700000000006,493.00300000000004,632.836,652.6690000000001,723.7860000000001,903.3720000000001,980.4569999999999,1041.556,1107.874,1140.807,1166.3239999999998,1258.658,1486.36,1555.0439999999999,1596.645,1683.4959999999999]","[440.81700000000006,493.00300000000004,632.836,652.6690000000001,723.7860000000001,903.3720000000001,980.4569999999999,1041.556,1107.874,1140.807,1166.3239999999998,1258.658,1486.36,1555.0439999999999,1596.645,1683.4959999999999]","[""scam_button""]",7.888888889,1.145,6.211111111,1.138,4.5,1.088,,,,,,resources/images/legit2.jpg,legit,1,0.65,0,0,,,,,,,,,,,,0,14,14,4,1,,,,,,,,,,,,,,,,,,,,,,,,,,,,,,,,,,,,,,,,,,,,,,,,,,,,,,,,,,,,,,,,,,,,,,,
,,,,,,,,,,,,,,,,299027,001,2025-04-17_23h31.47.493,SLSIC2,2022.2.5,MacIntel,58.82352941,,,,,,,,,,,40,"[230.06600000000006,389.30100000000004,439.952,491.93500000000006,558.353,629.854,651.573,722.356,789.855,862.256,902.256,942.172,979.473,1021.174,1040.792,1088.091,1106.841,1140.192,1165.192,1200.942,1243.126,1257.9089999999999,1285.893,1315.0929999999998,1456.48,1485.4779999999998,1516.3619999999999,1532.379,1554.495,1569.062,1595.263,1617.2959999999998,1639.4959999999999,1668.165,1682.6129999999998,1705.98,1718.23,1731.549,1744.5639999999999,1764.6309999999999]","[230.06600000000006,389.30100000000004,439.952,491.93500000000006,558.353,629.854,651.573,722.356,789.855,862.256,902.256,942.173,979.4739999999999,1021.174,1040.792,1088.091,1106.841,1140.192,1165.192,1200.942,1243.126,1257.9089999999999,1285.893,1315.0929999999998,1456.48,1485.4779999999998,1516.3619999999999,1532.379,1554.495,1569.062,1595.263,1617.2959999999998,1639.4959999999999,1668.165,1682.6129999999998,1705.98,1718.23,1731.549,1744.5639999999999,1764.6309999999999]",,23,"[234.84900000000005,391.23400000000004,559.551,791.22,863.388,943.8380000000001,1022.2389999999998,1089.69,1202.307,1243.9579999999999,1287.1589999999999,1316.042,1457.9099999999999,1518.644,1534.6779999999999,1570.061,1618.478,1640.645,1671.712,1706.712,1718.9289999999999,1732.396,1745.2459999999999]","[234.84900000000005,391.23400000000004,559.551,791.22,863.388,943.8380000000001,1022.2389999999998,1089.69,1202.307,1243.9579999999999,1287.1589999999999,1316.042,1457.9099999999999,1518.644,1534.6779999999999,1570.061,1618.478,1640.645,1671.712,1706.712,1718.9289999999999,1732.396,1745.2459999999999]",17,"[440.81700000000006,493.00300000000004,632.836,652.6690000000001,723.7860000000001,903.3720000000001,980.4569999999999,1041.556,1107.874,1140.807,1166.3239999999998,1258.658,1486.36,1555.0439999999999,1596.645,1683.4959999999999,1766.413]","[440.81700000000006,493.00300000000004,632.836,652.6690000000001,723.7860000000001,903.3720000000001,980.4569999999999,1041.556,1107.874,1140.807,1166.3239999999998,1258.658,1486.36,1555.0439999999999,1596.645,1683.4959999999999,1766.413]","[""legit_button""]",6.122222222,1.318,5.044444444,1.119,4.1,1.044,,,,,,resources/images/legit4-EDIT.png,legit,0.65,0.65,0,0,,,,,,,,,,,,0,15,15,11,1,,,,,,,,,,,,,,,,,,,,,,,,,,,,,,,,,,,,,,,,,,,,,,,,,,,,,,,,,,,,,,,,,,,,,,,
,,,,,,,,,,,,,,,,299027,001,2025-04-17_23h31.47.493,SLSIC2,2022.2.5,MacIntel,58.82352941,,,,,,,,,,,41,"[230.06600000000006,389.30100000000004,439.952,491.93500000000006,558.353,629.854,651.573,722.356,789.855,862.256,902.256,942.172,979.473,1021.174,1040.792,1088.091,1106.841,1140.192,1165.192,1200.942,1243.126,1257.9089999999999,1285.893,1315.0929999999998,1456.48,1485.4779999999998,1516.3619999999999,1532.379,1554.495,1569.062,1595.263,1617.2959999999998,1639.4959999999999,1668.165,1682.6129999999998,1705.98,1718.23,1731.549,1744.5639999999999,1764.6309999999999,1782.181]","[230.06600000000006,389.30100000000004,439.952,491.93500000000006,558.353,629.854,651.573,722.356,789.855,862.256,902.256,942.173,979.4739999999999,1021.174,1040.792,1088.091,1106.841,1140.192,1165.192,1200.942,1243.126,1257.9089999999999,1285.893,1315.0929999999998,1456.48,1485.4779999999998,1516.3619999999999,1532.379,1554.495,1569.062,1595.263,1617.2959999999998,1639.4959999999999,1668.165,1682.6129999999998,1705.98,1718.23,1731.549,1744.5639999999999,1764.6309999999999,1782.181]",,23,"[234.84900000000005,391.23400000000004,559.551,791.22,863.388,943.8380000000001,1022.2389999999998,1089.69,1202.307,1243.9579999999999,1287.1589999999999,1316.042,1457.9099999999999,1518.644,1534.6779999999999,1570.061,1618.478,1640.645,1671.712,1706.712,1718.9289999999999,1732.396,1745.2459999999999]","[234.84900000000005,391.23400000000004,559.551,791.22,863.388,943.8380000000001,1022.2389999999998,1089.69,1202.307,1243.9579999999999,1287.1589999999999,1316.042,1457.9099999999999,1518.644,1534.6779999999999,1570.061,1618.478,1640.645,1671.712,1706.712,1718.9289999999999,1732.396,1745.2459999999999]",18,"[440.81700000000006,493.00300000000004,632.836,652.6690000000001,723.7860000000001,903.3720000000001,980.4569999999999,1041.556,1107.874,1140.807,1166.3239999999998,1258.658,1486.36,1555.0439999999999,1596.645,1683.4959999999999,1766.413,1785.6119999999999]","[440.81700000000006,493.00300000000004,632.836,652.6690000000001,723.7860000000001,903.3720000000001,980.4569999999999,1041.556,1107.874,1140.807,1166.3239999999998,1258.658,1486.36,1555.0439999999999,1596.645,1683.4959999999999,1766.413,1785.613]","[""legit_button""]",5.566666667,1.68,4.911111111,3.263,5.911111111,2.22,,,,,,resources/images/legit17-EDIT.png,legit,0.65,0.65,0,0,,,,,,,,,,,,0,16,16,22,1,,,,,,,,,,,,,,,,,,,,,,,,,,,,,,,,,,,,,,,,,,,,,,,,,,,,,,,,,,,,,,,,,,,,,,,
,,,,,,,,,,,,,,,,299027,001,2025-04-17_23h31.47.493,SLSIC2,2022.2.5,MacIntel,58.82352941,,,,,,,,,,,42,"[230.06600000000006,389.30100000000004,439.952,491.93500000000006,558.353,629.854,651.573,722.356,789.855,862.256,902.256,942.172,979.473,1021.174,1040.792,1088.091,1106.841,1140.192,1165.192,1200.942,1243.126,1257.9089999999999,1285.893,1315.0929999999998,1456.48,1485.4779999999998,1516.3619999999999,1532.379,1554.495,1569.062,1595.263,1617.2959999999998,1639.4959999999999,1668.165,1682.6129999999998,1705.98,1718.23,1731.549,1744.5639999999999,1764.6309999999999,1782.181,1796.481]","[230.06600000000006,389.30100000000004,439.952,491.93500000000006,558.353,629.854,651.573,722.356,789.855,862.256,902.256,942.173,979.4739999999999,1021.174,1040.792,1088.091,1106.841,1140.192,1165.192,1200.942,1243.126,1257.9089999999999,1285.893,1315.0929999999998,1456.48,1485.4779999999998,1516.3619999999999,1532.379,1554.495,1569.062,1595.263,1617.2959999999998,1639.4959999999999,1668.165,1682.6129999999998,1705.98,1718.23,1731.549,1744.5639999999999,1764.6309999999999,1782.181,1796.481]",,24,"[234.84900000000005,391.23400000000004,559.551,791.22,863.388,943.8380000000001,1022.2389999999998,1089.69,1202.307,1243.9579999999999,1287.1589999999999,1316.042,1457.9099999999999,1518.644,1534.6779999999999,1570.061,1618.478,1640.645,1671.712,1706.712,1718.9289999999999,1732.396,1745.2459999999999,1797.3129999999999]","[234.84900000000005,391.23400000000004,559.551,791.22,863.388,943.8380000000001,1022.2389999999998,1089.69,1202.307,1243.9579999999999,1287.1589999999999,1316.042,1457.9099999999999,1518.644,1534.6779999999999,1570.061,1618.478,1640.645,1671.712,1706.712,1718.9289999999999,1732.396,1745.2459999999999,1797.3129999999999]",18,"[440.81700000000006,493.00300000000004,632.836,652.6690000000001,723.7860000000001,903.3720000000001,980.4569999999999,1041.556,1107.874,1140.807,1166.3239999999998,1258.658,1486.36,1555.0439999999999,1596.645,1683.4959999999999,1766.413,1785.6119999999999]","[440.81700000000006,493.00300000000004,632.836,652.6690000000001,723.7860000000001,903.3720000000001,980.4569999999999,1041.556,1107.874,1140.807,1166.3239999999998,1258.658,1486.36,1555.0439999999999,1596.645,1683.4959999999999,1766.413,1785.613]","[""scam_button""]",8.066666667,2.521,6.855555556,2.888,4.644444444,4.612,,,,,,resources/images/scam_2.png,scam,0.9,0.65,0,0,,,,,,,,,,,,0,17,17,1,1,,,,,,,,,,,,,,,,,,,,,,,,,,,,,,,,,,,,,,,,,,,,,,,,,,,,,,,,,,,,,,,,,,,,,,,
,,,,,,,,,,,,,,,,299027,001,2025-04-17_23h31.47.493,SLSIC2,2022.2.5,MacIntel,58.82352941,,,,,,,,,,,43,"[230.06600000000006,389.30100000000004,439.952,491.93500000000006,558.353,629.854,651.573,722.356,789.855,862.256,902.256,942.172,979.473,1021.174,1040.792,1088.091,1106.841,1140.192,1165.192,1200.942,1243.126,1257.9089999999999,1285.893,1315.0929999999998,1456.48,1485.4779999999998,1516.3619999999999,1532.379,1554.495,1569.062,1595.263,1617.2959999999998,1639.4959999999999,1668.165,1682.6129999999998,1705.98,1718.23,1731.549,1744.5639999999999,1764.6309999999999,1782.181,1796.481,1847.95]","[230.06600000000006,389.30100000000004,439.952,491.93500000000006,558.353,629.854,651.573,722.356,789.855,862.256,902.256,942.173,979.4739999999999,1021.174,1040.792,1088.091,1106.841,1140.192,1165.192,1200.942,1243.126,1257.9089999999999,1285.893,1315.0929999999998,1456.48,1485.4779999999998,1516.3619999999999,1532.379,1554.495,1569.062,1595.263,1617.2959999999998,1639.4959999999999,1668.165,1682.6129999999998,1705.98,1718.23,1731.549,1744.5639999999999,1764.6309999999999,1782.181,1796.481,1847.95]",,25,"[234.84900000000005,391.23400000000004,559.551,791.22,863.388,943.8380000000001,1022.2389999999998,1089.69,1202.307,1243.9579999999999,1287.1589999999999,1316.042,1457.9099999999999,1518.644,1534.6779999999999,1570.061,1618.478,1640.645,1671.712,1706.712,1718.9289999999999,1732.396,1745.2459999999999,1797.3129999999999,1848.897]","[234.84900000000005,391.23400000000004,559.551,791.22,863.388,943.8380000000001,1022.2389999999998,1089.69,1202.307,1243.9579999999999,1287.1589999999999,1316.042,1457.9099999999999,1518.644,1534.6779999999999,1570.061,1618.478,1640.645,1671.712,1706.712,1718.9289999999999,1732.396,1745.2459999999999,1797.3129999999999,1848.897]",18,"[440.81700000000006,493.00300000000004,632.836,652.6690000000001,723.7860000000001,903.3720000000001,980.4569999999999,1041.556,1107.874,1140.807,1166.3239999999998,1258.658,1486.36,1555.0439999999999,1596.645,1683.4959999999999,1766.413,1785.6119999999999]","[440.81700000000006,493.00300000000004,632.836,652.6690000000001,723.7860000000001,903.3720000000001,980.4569999999999,1041.556,1107.874,1140.807,1166.3239999999998,1258.658,1486.36,1555.0439999999999,1596.645,1683.4959999999999,1766.413,1785.613]","[""scam_button""]",8.855555556,6.862,6.555555556,14.385,4.3,6.293,,,,,,resources/images/scam3.png,scam,1.2,0.65,0,0,,,,,,,,,,,,0,18,18,2,1,,,,,,,,,,,,,,,,,,,,,,,,,,,,,,,,,,,,,,,,,,,,,,,,,,,,,,,,,,,,,,,,,,,,,,,
,,,,,,,,,,,,,,,,299027,001,2025-04-17_23h31.47.493,SLSIC2,2022.2.5,MacIntel,58.82352941,,,,,,,,,,,44,"[230.06600000000006,389.30100000000004,439.952,491.93500000000006,558.353,629.854,651.573,722.356,789.855,862.256,902.256,942.172,979.473,1021.174,1040.792,1088.091,1106.841,1140.192,1165.192,1200.942,1243.126,1257.9089999999999,1285.893,1315.0929999999998,1456.48,1485.4779999999998,1516.3619999999999,1532.379,1554.495,1569.062,1595.263,1617.2959999999998,1639.4959999999999,1668.165,1682.6129999999998,1705.98,1718.23,1731.549,1744.5639999999999,1764.6309999999999,1782.181,1796.481,1847.95,1908.7649999999999]","[230.06600000000006,389.30100000000004,439.952,491.93500000000006,558.353,629.854,651.573,722.356,789.855,862.256,902.256,942.173,979.4739999999999,1021.174,1040.792,1088.091,1106.841,1140.192,1165.192,1200.942,1243.126,1257.9089999999999,1285.893,1315.0929999999998,1456.48,1485.4779999999998,1516.3619999999999,1532.379,1554.495,1569.062,1595.263,1617.2959999999998,1639.4959999999999,1668.165,1682.6129999999998,1705.98,1718.23,1731.549,1744.5639999999999,1764.6309999999999,1782.181,1796.481,1847.95,1908.7649999999999]",,26,"[234.84900000000005,391.23400000000004,559.551,791.22,863.388,943.8380000000001,1022.2389999999998,1089.69,1202.307,1243.9579999999999,1287.1589999999999,1316.042,1457.9099999999999,1518.644,1534.6779999999999,1570.061,1618.478,1640.645,1671.712,1706.712,1718.9289999999999,1732.396,1745.2459999999999,1797.3129999999999,1848.897,1909.6309999999999]","[234.84900000000005,391.23400000000004,559.551,791.22,863.388,943.8380000000001,1022.2389999999998,1089.69,1202.307,1243.9579999999999,1287.1589999999999,1316.042,1457.9099999999999,1518.644,1534.6779999999999,1570.061,1618.478,1640.645,1671.712,1706.712,1718.9289999999999,1732.396,1745.2459999999999,1797.3129999999999,1848.897,1909.6309999999999]",18,"[440.81700000000006,493.00300000000004,632.836,652.6690000000001,723.7860000000001,903.3720000000001,980.4569999999999,1041.556,1107.874,1140.807,1166.3239999999998,1258.658,1486.36,1555.0439999999999,1596.645,1683.4959999999999,1766.413,1785.6119999999999]","[440.81700000000006,493.00300000000004,632.836,652.6690000000001,723.7860000000001,903.3720000000001,980.4569999999999,1041.556,1107.874,1140.807,1166.3239999999998,1258.658,1486.36,1555.0439999999999,1596.645,1683.4959999999999,1766.413,1785.613]","[""scam_button""]",7.211111111,1.644,6.122222222,2.207,3.755555556,2.463,,,,,,resources/images/legit6.png,legit,0.65,0.65,0,0,,,,,,,,,,,,0,19,19,13,1,,,,,,,,,,,,,,,,,,,,,,,,,,,,,,,,,,,,,,,,,,,,,,,,,,,,,,,,,,,,,,,,,,,,,,,
,,,,,,,,,,,,,,,,299027,001,2025-04-17_23h31.47.493,SLSIC2,2022.2.5,MacIntel,58.82352941,,,,,,,,,,,45,"[230.06600000000006,389.30100000000004,439.952,491.93500000000006,558.353,629.854,651.573,722.356,789.855,862.256,902.256,942.172,979.473,1021.174,1040.792,1088.091,1106.841,1140.192,1165.192,1200.942,1243.126,1257.9089999999999,1285.893,1315.0929999999998,1456.48,1485.4779999999998,1516.3619999999999,1532.379,1554.495,1569.062,1595.263,1617.2959999999998,1639.4959999999999,1668.165,1682.6129999999998,1705.98,1718.23,1731.549,1744.5639999999999,1764.6309999999999,1782.181,1796.481,1847.95,1908.7649999999999,1921.1149999999998]","[230.06600000000006,389.30100000000004,439.952,491.93500000000006,558.353,629.854,651.573,722.356,789.855,862.256,902.256,942.173,979.4739999999999,1021.174,1040.792,1088.091,1106.841,1140.192,1165.192,1200.942,1243.126,1257.9089999999999,1285.893,1315.0929999999998,1456.48,1485.4779999999998,1516.3619999999999,1532.379,1554.495,1569.062,1595.263,1617.2959999999998,1639.4959999999999,1668.165,1682.6129999999998,1705.98,1718.23,1731.549,1744.5639999999999,1764.6309999999999,1782.181,1796.481,1847.95,1908.7649999999999,1921.1149999999998]",,26,"[234.84900000000005,391.23400000000004,559.551,791.22,863.388,943.8380000000001,1022.2389999999998,1089.69,1202.307,1243.9579999999999,1287.1589999999999,1316.042,1457.9099999999999,1518.644,1534.6779999999999,1570.061,1618.478,1640.645,1671.712,1706.712,1718.9289999999999,1732.396,1745.2459999999999,1797.3129999999999,1848.897,1909.6309999999999]","[234.84900000000005,391.23400000000004,559.551,791.22,863.388,943.8380000000001,1022.2389999999998,1089.69,1202.307,1243.9579999999999,1287.1589999999999,1316.042,1457.9099999999999,1518.644,1534.6779999999999,1570.061,1618.478,1640.645,1671.712,1706.712,1718.9289999999999,1732.396,1745.2459999999999,1797.3129999999999,1848.897,1909.6309999999999]",19,"[440.81700000000006,493.00300000000004,632.836,652.6690000000001,723.7860000000001,903.3720000000001,980.4569999999999,1041.556,1107.874,1140.807,1166.3239999999998,1258.658,1486.36,1555.0439999999999,1596.645,1683.4959999999999,1766.413,1785.6119999999999,1922.0639999999999]","[440.81700000000006,493.00300000000004,632.836,652.6690000000001,723.7860000000001,903.3720000000001,980.4569999999999,1041.556,1107.874,1140.807,1166.3239999999998,1258.658,1486.36,1555.0439999999999,1596.645,1683.4959999999999,1766.413,1785.613,1922.0639999999999]","[""legit_button""]",9.333333333,1.539,8.233333333,3.022,7.7,2.531,,,,,,resources/images/legit1.png,legit,1,0.72,0,0,,,,,,,,,,,,0,20,20,3,1,,,,,,,,,,,,,,,,,,,,,,,,,,,,,,,,,,,,,,,,,,,,,,,,,,,,,,,,,,,,,,,,,,,,,,,
,,,,,,,,,,,,,,,,299027,001,2025-04-17_23h31.47.493,SLSIC2,2022.2.5,MacIntel,58.82352941,,,,,,,,,,,46,"[230.06600000000006,389.30100000000004,439.952,491.93500000000006,558.353,629.854,651.573,722.356,789.855,862.256,902.256,942.172,979.473,1021.174,1040.792,1088.091,1106.841,1140.192,1165.192,1200.942,1243.126,1257.9089999999999,1285.893,1315.0929999999998,1456.48,1485.4779999999998,1516.3619999999999,1532.379,1554.495,1569.062,1595.263,1617.2959999999998,1639.4959999999999,1668.165,1682.6129999999998,1705.98,1718.23,1731.549,1744.5639999999999,1764.6309999999999,1782.181,1796.481,1847.95,1908.7649999999999,1921.1149999999998,1953.982]","[230.06600000000006,389.30100000000004,439.952,491.93500000000006,558.353,629.854,651.573,722.356,789.855,862.256,902.256,942.173,979.4739999999999,1021.174,1040.792,1088.091,1106.841,1140.192,1165.192,1200.942,1243.126,1257.9089999999999,1285.893,1315.0929999999998,1456.48,1485.4779999999998,1516.3619999999999,1532.379,1554.495,1569.062,1595.263,1617.2959999999998,1639.4959999999999,1668.165,1682.6129999999998,1705.98,1718.23,1731.549,1744.5639999999999,1764.6309999999999,1782.181,1796.481,1847.95,1908.7649999999999,1921.1149999999998,1953.982]",,27,"[234.84900000000005,391.23400000000004,559.551,791.22,863.388,943.8380000000001,1022.2389999999998,1089.69,1202.307,1243.9579999999999,1287.1589999999999,1316.042,1457.9099999999999,1518.644,1534.6779999999999,1570.061,1618.478,1640.645,1671.712,1706.712,1718.9289999999999,1732.396,1745.2459999999999,1797.3129999999999,1848.897,1909.6309999999999,1955.665]","[234.84900000000005,391.23400000000004,559.551,791.22,863.388,943.8380000000001,1022.2389999999998,1089.69,1202.307,1243.9579999999999,1287.1589999999999,1316.042,1457.9099999999999,1518.644,1534.6779999999999,1570.061,1618.478,1640.645,1671.712,1706.712,1718.9289999999999,1732.396,1745.2459999999999,1797.3129999999999,1848.897,1909.6309999999999,1955.665]",19,"[440.81700000000006,493.00300000000004,632.836,652.6690000000001,723.7860000000001,903.3720000000001,980.4569999999999,1041.556,1107.874,1140.807,1166.3239999999998,1258.658,1486.36,1555.0439999999999,1596.645,1683.4959999999999,1766.413,1785.6119999999999,1922.0639999999999]","[440.81700000000006,493.00300000000004,632.836,652.6690000000001,723.7860000000001,903.3720000000001,980.4569999999999,1041.556,1107.874,1140.807,1166.3239999999998,1258.658,1486.36,1555.0439999999999,1596.645,1683.4959999999999,1766.413,1785.613,1922.0639999999999]","[""scam_button""]",4.055555556,1.503,3.633333333,1.487,3.244444444,2.275,,,,,,resources/images/legit14-EDIT.jpg,legit,1,0.65,0,0,,,,,,,,,,,,0,21,21,21,1,,,,,,,,,,,,,,,,,,,,,,,,,,,,,,,,,,,,,,,,,,,,,,,,,,,,,,,,,,,,,,,,,,,,,,,
,,,,,,,,,,,,,,,,299027,001,2025-04-17_23h31.47.493,SLSIC2,2022.2.5,MacIntel,58.82352941,,,,,,,,,,,47,"[230.06600000000006,389.30100000000004,439.952,491.93500000000006,558.353,629.854,651.573,722.356,789.855,862.256,902.256,942.172,979.473,1021.174,1040.792,1088.091,1106.841,1140.192,1165.192,1200.942,1243.126,1257.9089999999999,1285.893,1315.0929999999998,1456.48,1485.4779999999998,1516.3619999999999,1532.379,1554.495,1569.062,1595.263,1617.2959999999998,1639.4959999999999,1668.165,1682.6129999999998,1705.98,1718.23,1731.549,1744.5639999999999,1764.6309999999999,1782.181,1796.481,1847.95,1908.7649999999999,1921.1149999999998,1953.982,1977.55]","[230.06600000000006,389.30100000000004,439.952,491.93500000000006,558.353,629.854,651.573,722.356,789.855,862.256,902.256,942.173,979.4739999999999,1021.174,1040.792,1088.091,1106.841,1140.192,1165.192,1200.942,1243.126,1257.9089999999999,1285.893,1315.0929999999998,1456.48,1485.4779999999998,1516.3619999999999,1532.379,1554.495,1569.062,1595.263,1617.2959999999998,1639.4959999999999,1668.165,1682.6129999999998,1705.98,1718.23,1731.549,1744.5639999999999,1764.6309999999999,1782.181,1796.481,1847.95,1908.7649999999999,1921.1149999999998,1953.982,1977.55]",,27,"[234.84900000000005,391.23400000000004,559.551,791.22,863.388,943.8380000000001,1022.2389999999998,1089.69,1202.307,1243.9579999999999,1287.1589999999999,1316.042,1457.9099999999999,1518.644,1534.6779999999999,1570.061,1618.478,1640.645,1671.712,1706.712,1718.9289999999999,1732.396,1745.2459999999999,1797.3129999999999,1848.897,1909.6309999999999,1955.665]","[234.84900000000005,391.23400000000004,559.551,791.22,863.388,943.8380000000001,1022.2389999999998,1089.69,1202.307,1243.9579999999999,1287.1589999999999,1316.042,1457.9099999999999,1518.644,1534.6779999999999,1570.061,1618.478,1640.645,1671.712,1706.712,1718.9289999999999,1732.396,1745.2459999999999,1797.3129999999999,1848.897,1909.6309999999999,1955.665]",20,"[440.81700000000006,493.00300000000004,632.836,652.6690000000001,723.7860000000001,903.3720000000001,980.4569999999999,1041.556,1107.874,1140.807,1166.3239999999998,1258.658,1486.36,1555.0439999999999,1596.645,1683.4959999999999,1766.413,1785.6119999999999,1922.0639999999999,1978.1979999999999]","[440.81700000000006,493.00300000000004,632.836,652.6690000000001,723.7860000000001,903.3720000000001,980.4569999999999,1041.556,1107.874,1140.807,1166.3239999999998,1258.658,1486.36,1555.0439999999999,1596.645,1683.4959999999999,1766.413,1785.613,1922.0639999999999,1978.1979999999999]","[""legit_button""]",5.033333333,2.225,5.677777778,4.337,6.511111111,1.769,,,,,,resources/images/legit7-EDIT.png,legit,0.65,0.65,0,0,,,,,,,,,,,,0,22,22,14,1,,,,,,,,,,,,,,,,,,,,,,,,,,,,,,,,,,,,,,,,,,,,,,,,,,,,,,,,,,,,,,,,,,,,,,,
,,,,,,,,,,,,,,,,299027,001,2025-04-17_23h31.47.493,SLSIC2,2022.2.5,MacIntel,58.82352941,,,,,,,,,,,48,"[230.06600000000006,389.30100000000004,439.952,491.93500000000006,558.353,629.854,651.573,722.356,789.855,862.256,902.256,942.172,979.473,1021.174,1040.792,1088.091,1106.841,1140.192,1165.192,1200.942,1243.126,1257.9089999999999,1285.893,1315.0929999999998,1456.48,1485.4779999999998,1516.3619999999999,1532.379,1554.495,1569.062,1595.263,1617.2959999999998,1639.4959999999999,1668.165,1682.6129999999998,1705.98,1718.23,1731.549,1744.5639999999999,1764.6309999999999,1782.181,1796.481,1847.95,1908.7649999999999,1921.1149999999998,1953.982,1977.55,1996.2489999999998]","[230.06600000000006,389.30100000000004,439.952,491.93500000000006,558.353,629.854,651.573,722.356,789.855,862.256,902.256,942.173,979.4739999999999,1021.174,1040.792,1088.091,1106.841,1140.192,1165.192,1200.942,1243.126,1257.9089999999999,1285.893,1315.0929999999998,1456.48,1485.4779999999998,1516.3619999999999,1532.379,1554.495,1569.062,1595.263,1617.2959999999998,1639.4959999999999,1668.165,1682.6129999999998,1705.98,1718.23,1731.549,1744.5639999999999,1764.6309999999999,1782.181,1796.481,1847.95,1908.7649999999999,1921.1149999999998,1953.982,1977.55,1996.2489999999998]",,28,"[234.84900000000005,391.23400000000004,559.551,791.22,863.388,943.8380000000001,1022.2389999999998,1089.69,1202.307,1243.9579999999999,1287.1589999999999,1316.042,1457.9099999999999,1518.644,1534.6779999999999,1570.061,1618.478,1640.645,1671.712,1706.712,1718.9289999999999,1732.396,1745.2459999999999,1797.3129999999999,1848.897,1909.6309999999999,1955.665,1997.198]","[234.84900000000005,391.23400000000004,559.551,791.22,863.388,943.8380000000001,1022.2389999999998,1089.69,1202.307,1243.9579999999999,1287.1589999999999,1316.042,1457.9099999999999,1518.644,1534.6779999999999,1570.061,1618.478,1640.645,1671.712,1706.712,1718.9289999999999,1732.396,1745.2459999999999,1797.3129999999999,1848.897,1909.6309999999999,1955.665,1997.198]",20,"[440.81700000000006,493.00300000000004,632.836,652.6690000000001,723.7860000000001,903.3720000000001,980.4569999999999,1041.556,1107.874,1140.807,1166.3239999999998,1258.658,1486.36,1555.0439999999999,1596.645,1683.4959999999999,1766.413,1785.6119999999999,1922.0639999999999,1978.1979999999999]","[440.81700000000006,493.00300000000004,632.836,652.6690000000001,723.7860000000001,903.3720000000001,980.4569999999999,1041.556,1107.874,1140.807,1166.3239999999998,1258.658,1486.36,1555.0439999999999,1596.645,1683.4959999999999,1766.413,1785.613,1922.0639999999999,1978.1979999999999]","[""scam_button""]",7.888888889,1.259,6.888888889,9.322,5.588888889,2.676,,,,,,resources/images/legit5-EDIT.png,legit,0.65,0.65,0,0,,,,,,,,,,,,0,23,23,12,1,,,,,,,,,,,,,,,,,,,,,,,,,,,,,,,,,,,,,,,,,,,,,,,,,,,,,,,,,,,,,,,,,,,,,,,
,,,,,,,,,,,,,,,,299027,001,2025-04-17_23h31.47.493,SLSIC2,2022.2.5,MacIntel,58.82352941,,,,,,,,,,,,,,,,,,,,,,,,,,,,,,,,,,,,,,,,,,,,,,,,,,,,,,,space,13.955,,,,,,,,,,,,,,,,,,,,,,,,,,,,,,,,,,,,,,,,,,,,,,,,,,,,,,,,,,,,,,,,,,,,,
,,,,,,,,,,,,,,,,299027,001,2025-04-17_23h31.47.493,SLSIC2,2022.2.5,MacIntel,58.82352941,,,,,,,,,,,,,,,,,,,,,,,,,,,,,,,,,,,,,,,,,,,,,,,,,,,,,,,,,3,8.86,...is inventive,0,0,0,2,1,...is inventive,,,,,,,,,,,,,,,,,,,,,,,,,,,,,,,,,,,,,,,,,,,,,,,,,,,,,,,,,,,,
,,,,,,,,,,,,,,,,299027,001,2025-04-17_23h31.47.493,SLSIC2,2022.2.5,MacIntel,58.82352941,,,,,,,,,,,,,,,,,,,,,,,,,,,,,,,,,,,,,,,,,,,,,,,,,,,,,,,,,2,4.969,...often feels sad,0,1,1,0,1,...often feels sad,,,,,,,,,,,,,,,,,,,,,,,,,,,,,,,,,,,,,,,,,,,,,,,,,,,,,,,,,,,,
,,,,,,,,,,,,,,,,299027,001,2025-04-17_23h31.47.493,SLSIC2,2022.2.5,MacIntel,58.82352941,,,,,,,,,,,,,,,,,,,,,,,,,,,,,,,,,,,,,,,,,,,,,,,,,,,,,,,,,4,3.923,...is talktative,0,2,2,1,1,...is talktative,,,,,,,,,,,,,,,,,,,,,,,,,,,,,,,,,,,,,,,,,,,,,,,,,,,,,,,,,,,,
,,,,,,,,,,,,,,,,299027,001,2025-04-17_23h31.47.493,SLSIC2,2022.2.5,MacIntel,58.82352941,,,,,,,,,,,,,,,,,,,,,,,,,,,,,,,,,,,,,,,,,,,,,,,,,,,,,,,,,5,6.188,"....is reliable, can always be counted on",0,3,3,4,1,"....is reliable, can always be counted on",,,,,,,,,,,,,,,,,,,,,,,,,,,,,,,,,,,,,,,,,,,,,,,,,,,,,,,,,,,,
,,,,,,,,,,,,,,,,299027,001,2025-04-17_23h31.47.493,SLSIC2,2022.2.5,MacIntel,58.82352941,,,,,,,,,,,,,,,,,,,,,,,,,,,,,,,,,,,,,,,,,,,,,,,,,,,,,,,,,5,6.623,...finds clever ways to do things,0,4,4,3,1,...finds clever ways to do things,,,,,,,,,,,,,,,,,,,,,,,,,,,,,,,,,,,,,,,,,,,,,,,,,,,,,,,,,,,,
,,,,,,,,,,,,,,,,299027,001,2025-04-17_23h31.47.493,SLSIC2,2022.2.5,MacIntel,58.82352941,,,,,,,,,,,,,,,,,,,,,,,,,,,,,,,,,,,,,,,,,,,,,,,,,,,,,,,,,4,8.436,"...is persistent, works until the task is finished",0,5,5,5,1,"...is persistent, works until the task is finished",,,,,,,,,,,,,,,,,,,,,,,,,,,,,,,,,,,,,,,,,,,,,,,,,,,,,,,,,,,,
,,,,,,,,,,,,,,,,299027,001,2025-04-17_23h31.47.493,SLSIC2,2022.2.5,MacIntel,58.82352941,,,,,,,,,,,,,,,,,,,,,,,,,,,,,,,,,,,,,,,,,,,,,,,,,,,,,,,,,,,,,,,,,,space,6.51,,,,,,,,,,,,,,,,,,,,,,,,,,,,,,,,,,,,,,,,,,,,,,,,,,,,,,,,,,
,,,,,,,,,,,,,,,,299027,001,2025-04-17_23h31.47.493,SLSIC2,2022.2.5,MacIntel,58.82352941,,,,,,,,,,,,,,,,,,,,,,,,,,,,,,,,,,,,,,,,,,,,,,,,,,,,,,,,,,,,,,,,,,,,4,28.518,,0,0,0,7,1,I think that I will be remembered for a long time after I die.,,,,,,,,,,,,,,,,,,,,,,,,,,,,,,,,,,,,,,,,,,,,,,,,,
,,,,,,,,,,,,,,,,299027,001,2025-04-17_23h31.47.493,SLSIC2,2022.2.5,MacIntel,58.82352941,,,,,,,,,,,,,,,,,,,,,,,,,,,,,,,,,,,,,,,,,,,,,,,,,,,,,,,,,,,,,,,,,,,,3,5.052,,0,1,1,4,1,I volunteer to work for a charity.,,,,,,,,,,,,,,,,,,,,,,,,,,,,,,,,,,,,,,,,,,,,,,,,,
,,,,,,,,,,,,,,,,299027,001,2025-04-17_23h31.47.493,SLSIC2,2022.2.5,MacIntel,58.82352941,,,,,,,,,,,,,,,,,,,,,,,,,,,,,,,,,,,,,,,,,,,,,,,,,,,,,,,,,,,,,,,,,,,,4,6.251,,0,2,2,1,1,I feel that other people need me.,,,,,,,,,,,,,,,,,,,,,,,,,,,,,,,,,,,,,,,,,,,,,,,,,
,,,,,,,,,,,,,,,,299027,001,2025-04-17_23h31.47.493,SLSIC2,2022.2.5,MacIntel,58.82352941,,,,,,,,,,,,,,,,,,,,,,,,,,,,,,,,,,,,,,,,,,,,,,,,,,,,,,,,,,,,,,,,,,,,3,7.267,,0,3,3,5,1,I have made and created things that have had an impact on other people.,,,,,,,,,,,,,,,,,,,,,,,,,,,,,,,,,,,,,,,,,,,,,,,,,
,,,,,,,,,,,,,,,,299027,001,2025-04-17_23h31.47.493,SLSIC2,2022.2.5,MacIntel,58.82352941,,,,,,,,,,,,,,,,,,,,,,,,,,,,,,,,,,,,,,,,,,,,,,,,,,,,,,,,,,,,,,,,,,,,4,4.185,,0,4,4,18,1,People come to me for advice.,,,,,,,,,,,,,,,,,,,,,,,,,,,,,,,,,,,,,,,,,,,,,,,,,
,,,,,,,,,,,,,,,,299027,001,2025-04-17_23h31.47.493,SLSIC2,2022.2.5,MacIntel,58.82352941,,,,,,,,,,,,,,,,,,,,,,,,,,,,,,,,,,,,,,,,,,,,,,,,,,,,,,,,,,,,,,,,,,,,2,6.068,,0,5,5,9,1,Others would say that I have made unique contributions to society.,,,,,,,,,,,,,,,,,,,,,,,,,,,,,,,,,,,,,,,,,,,,,,,,,
,,,,,,,,,,,,,,,,299027,001,2025-04-17_23h31.47.493,SLSIC2,2022.2.5,MacIntel,58.82352941,,,,,,,,,,,,,,,,,,,,,,,,,,,,,,,,,,,,,,,,,,,,,,,,,,,,,,,,,,,,,,,,,,,,2,6.736,,0,6,6,16,1,Other people say that I am a very productive person.,,,,,,,,,,,,,,,,,,,,,,,,,,,,,,,,,,,,,,,,,,,,,,,,,
,,,,,,,,,,,,,,,,299027,001,2025-04-17_23h31.47.493,SLSIC2,2022.2.5,MacIntel,58.82352941,,,,,,,,,,,,,,,,,,,,,,,,,,,,,,,,,,,,,,,,,,,,,,,,,,,,,,,,,,,,,,,,,,,,3,6.934,,0,7,7,6,1,I try to be creative in most things that I do.,,,,,,,,,,,,,,,,,,,,,,,,,,,,,,,,,,,,,,,,,,,,,,,,,
,,,,,,,,,,,,,,,,299027,001,2025-04-17_23h31.47.493,SLSIC2,2022.2.5,MacIntel,58.82352941,,,,,,,,,,,,,,,,,,,,,,,,,,,,,,,,,,,,,,,,,,,,,,,,,,,,,,,,,,,,,,,,,,,,3,4.893,,0,8,8,14,1,I feel as though I have done a lot to contribute to others.,,,,,,,,,,,,,,,,,,,,,,,,,,,,,,,,,,,,,,,,,,,,,,,,,
,,,,,,,,,,,,,,,,299027,001,2025-04-17_23h31.47.493,SLSIC2,2022.2.5,MacIntel,58.82352941,,,,,,,,,,,,,,,,,,,,,,,,,,,,,,,,,,,,,,,,,,,,,,,,,,,,,,,,,,,,,,,,,,,,4,7.334,,0,9,9,2,1,I think I would like the work of a teacher.,,,,,,,,,,,,,,,,,,,,,,,,,,,,,,,,,,,,,,,,,,,,,,,,,
,,,,,,,,,,,,,,,,299027,001,2025-04-17_23h31.47.493,SLSIC2,2022.2.5,MacIntel,58.82352941,,,,,,,,,,,,,,,,,,,,,,,,,,,,,,,,,,,,,,,,,,,,,,,,,,,,,,,,,,,,,,,,,,,,3,5.843,,0,10,10,11,1,I have important skills that I try to teach others.,,,,,,,,,,,,,,,,,,,,,,,,,,,,,,,,,,,,,,,,,,,,,,,,,
,,,,,,,,,,,,,,,,299027,001,2025-04-17_23h31.47.493,SLSIC2,2022.2.5,MacIntel,58.82352941,,,,,,,,,,,,,,,,,,,,,,,,,,,,,,,,,,,,,,,,,,,,,,,,,,,,,,,,,,,,,,,,,,,,3,9.333,,0,11,11,17,1,I have a responsibility to improve the neighborhood in which I live.,,,,,,,,,,,,,,,,,,,,,,,,,,,,,,,,,,,,,,,,,,,,,,,,,
,,,,,,,,,,,,,,,,299027,001,2025-04-17_23h31.47.493,SLSIC2,2022.2.5,MacIntel,58.82352941,,,,,,,,,,,,,,,,,,,,,,,,,,,,,,,,,,,,,,,,,,,,,,,,,,,,,,,,,,,,,,,,,,,,3,8.134,,0,12,12,3,1,I feel as though I have made a difference to many people.,,,,,,,,,,,,,,,,,,,,,,,,,,,,,,,,,,,,,,,,,,,,,,,,,
,,,,,,,,,,,,,,,,299027,001,2025-04-17_23h31.47.493,SLSIC2,2022.2.5,MacIntel,58.82352941,,,,,,,,,,,,,,,,,,,,,,,,,,,,,,,,,,,,,,,,,,,,,,,,,,,,,,,,,,,,,,,,,,,,4,5.952,,0,13,13,8,1,I believe that society should be responsible for providing food and shelter for all homeless people.,,,,,,,,,,,,,,,,,,,,,,,,,,,,,,,,,,,,,,,,,,,,,,,,,
,,,,,,,,,,,,,,,,299027,001,2025-04-17_23h31.47.493,SLSIC2,2022.2.5,MacIntel,58.82352941,,,,,,,,,,,,,,,,,,,,,,,,,,,,,,,,,,,,,,,,,,,,,,,,,,,,,,,,,,,,,,,,,,,,4,3.72,,0,14,14,10,1,"If I were unable to have children of my own, I would like to adopt children.",,,,,,,,,,,,,,,,,,,,,,,,,,,,,,,,,,,,,,,,,,,,,,,,,
,,,,,,,,,,,,,,,,299027,001,2025-04-17_23h31.47.493,SLSIC2,2022.2.5,MacIntel,58.82352941,,,,,,,,,,,,,,,,,,,,,,,,,,,,,,,,,,,,,,,,,,,,,,,,,,,,,,,,,,,,,,,,,,,,3,6.752,,0,15,15,13,1,"In general, my actions have a positive effect on other people.",,,,,,,,,,,,,,,,,,,,,,,,,,,,,,,,,,,,,,,,,,,,,,,,,
,,,,,,,,,,,,,,,,299027,001,2025-04-17_23h31.47.493,SLSIC2,2022.2.5,MacIntel,58.82352941,,,,,,,,,,,,,,,,,,,,,,,,,,,,,,,,,,,,,,,,,,,,,,,,,,,,,,,,,,,,,,,,,,,,4,7.674,,0,16,16,0,1,Try to pass along the knowledge I have gained through my experiences.,,,,,,,,,,,,,,,,,,,,,,,,,,,,,,,,,,,,,,,,,,,,,,,,,
,,,,,,,,,,,,,,,,299027,001,2025-04-17_23h31.47.493,SLSIC2,2022.2.5,MacIntel,58.82352941,,,,,,,,,,,,,,,,,,,,,,,,,,,,,,,,,,,,,,,,,,,,,,,,,,,,,,,,,,,,,,,,,,,,2,8.169,,0,17,17,19,1,I feel as though my contributions will exist after I die.,,,,,,,,,,,,,,,,,,,,,,,,,,,,,,,,,,,,,,,,,,,,,,,,,
,,,,,,,,,,,,,,,,299027,001,2025-04-17_23h31.47.493,SLSIC2,2022.2.5,MacIntel,58.82352941,,,,,,,,,,,,,,,,,,,,,,,,,,,,,,,,,,,,,,,,,,,,,,,,,,,,,,,,,,,,,,,,,,,,2,5.433,,0,18,18,12,1,I feel that things I have done in my life will survive after I die.,,,,,,,,,,,,,,,,,,,,,,,,,,,,,,,,,,,,,,,,,,,,,,,,,
,,,,,,,,,,,,,,,,299027,001,2025-04-17_23h31.47.493,SLSIC2,2022.2.5,MacIntel,58.82352941,,,,,,,,,,,,,,,,,,,,,,,,,,,,,,,,,,,,,,,,,,,,,,,,,,,,,,,,,,,,,,,,,,,,2,10.65,,0,19,19,15,1,"I have made many commitments to many different kinds of people, groups, and activities in my life.",,,,,,,,,,,,,,,,,,,,,,,,,,,,,,,,,,,,,,,,,,,,,,,,,
,,,,,,,,,,,,,,,,299027,001,2025-04-17_23h31.47.493,SLSIC2,2022.2.5,MacIntel,58.82352941,,,,,,,,,,,,,,,,,,,,,,,,,,,,,,,,,,,,,,,,,,,,,,,,,,,,,,,,,,,,,,,,,,,,,,,,,,,,,space,4.785,,,,,,,,,,,,,,,,,,,,,,,,,,,,,,,,,,,,,,,,,,,,,,,
,,,,,,,,,,,,,,,,299027,001,2025-04-17_23h31.47.493,SLSIC2,2022.2.5,MacIntel,58.82352941,,,,,,,,,,,,,,,,,,,,,,,,,,,,,,,,,,,,,,,,,,,,,,,,,,,,,,,,,,,,,,,,,,,,,,,,,,,,There are people I feel close to,,,4,4.102,,0,0,0,9,1,,,,,,,,,,,,,,,,,,,,,,,,,,,,,,,,,,,,,,,
,,,,,,,,,,,,,,,,299027,001,2025-04-17_23h31.47.493,SLSIC2,2022.2.5,MacIntel,58.82352941,,,,,,,,,,,,,,,,,,,,,,,,,,,,,,,,,,,,,,,,,,,,,,,,,,,,,,,,,,,,,,,,,,,,,,,,,,,,There are people I can turn to,,,4,1.942,,0,1,1,19,1,,,,,,,,,,,,,,,,,,,,,,,,,,,,,,,,,,,,,,,
,,,,,,,,,,,,,,,,299027,001,2025-04-17_23h31.47.493,SLSIC2,2022.2.5,MacIntel,58.82352941,,,,,,,,,,,,,,,,,,,,,,,,,,,,,,,,,,,,,,,,,,,,,,,,,,,,,,,,,,,,,,,,,,,,,,,,,,,,I am no longer close to anyone,,,1,10.474,,0,2,2,6,1,,,,,,,,,,,,,,,,,,,,,,,,,,,,,,,,,,,,,,,
,,,,,,,,,,,,,,,,299027,001,2025-04-17_23h31.47.493,SLSIC2,2022.2.5,MacIntel,58.82352941,,,,,,,,,,,,,,,,,,,,,,,,,,,,,,,,,,,,,,,,,,,,,,,,,,,,,,,,,,,,,,,,,,,,,,,,,,,,I feel in tune with the people around me,,,3,4.383,,0,3,3,0,1,,,,,,,,,,,,,,,,,,,,,,,,,,,,,,,,,,,,,,,
,,,,,,,,,,,,,,,,299027,001,2025-04-17_23h31.47.493,SLSIC2,2022.2.5,MacIntel,58.82352941,,,,,,,,,,,,,,,,,,,,,,,,,,,,,,,,,,,,,,,,,,,,,,,,,,,,,,,,,,,,,,,,,,,,,,,,,,,,I feel isolated from others,,,2,2.205,,0,4,4,13,1,,,,,,,,,,,,,,,,,,,,,,,,,,,,,,,,,,,,,,,
,,,,,,,,,,,,,,,,299027,001,2025-04-17_23h31.47.493,SLSIC2,2022.2.5,MacIntel,58.82352941,,,,,,,,,,,,,,,,,,,,,,,,,,,,,,,,,,,,,,,,,,,,,,,,,,,,,,,,,,,,,,,,,,,,,,,,,,,,I do not feel alone,,,3,6.074,,0,5,5,3,1,,,,,,,,,,,,,,,,,,,,,,,,,,,,,,,,,,,,,,,
,,,,,,,,,,,,,,,,299027,001,2025-04-17_23h31.47.493,SLSIC2,2022.2.5,MacIntel,58.82352941,,,,,,,,,,,,,,,,,,,,,,,,,,,,,,,,,,,,,,,,,,,,,,,,,,,,,,,,,,,,,,,,,,,,,,,,,,,,I am unhappy being so withdrawn ,,,2,5.754,,0,6,6,16,1,,,,,,,,,,,,,,,,,,,,,,,,,,,,,,,,,,,,,,,
,,,,,,,,,,,,,,,,299027,001,2025-04-17_23h31.47.493,SLSIC2,2022.2.5,MacIntel,58.82352941,,,,,,,,,,,,,,,,,,,,,,,,,,,,,,,,,,,,,,,,,,,,,,,,,,,,,,,,,,,,,,,,,,,,,,,,,,,,I feel left out,,,2,2.687,,0,7,7,10,1,,,,,,,,,,,,,,,,,,,,,,,,,,,,,,,,,,,,,,,
,,,,,,,,,,,,,,,,299027,001,2025-04-17_23h31.47.493,SLSIC2,2022.2.5,MacIntel,58.82352941,,,,,,,,,,,,,,,,,,,,,,,,,,,,,,,,,,,,,,,,,,,,,,,,,,,,,,,,,,,,,,,,,,,,,,,,,,,,I am an outgoing person,,,3,2.334,,0,8,8,8,1,,,,,,,,,,,,,,,,,,,,,,,,,,,,,,,,,,,,,,,
,,,,,,,,,,,,,,,,299027,001,2025-04-17_23h31.47.493,SLSIC2,2022.2.5,MacIntel,58.82352941,,,,,,,,,,,,,,,,,,,,,,,,,,,,,,,,,,,,,,,,,,,,,,,,,,,,,,,,,,,,,,,,,,,,,,,,,,,,People are around me but not with me,,,3,7.527,,0,9,9,17,1,,,,,,,,,,,,,,,,,,,,,,,,,,,,,,,,,,,,,,,
,,,,,,,,,,,,,,,,299027,001,2025-04-17_23h31.47.493,SLSIC2,2022.2.5,MacIntel,58.82352941,,,,,,,,,,,,,,,,,,,,,,,,,,,,,,,,,,,,,,,,,,,,,,,,,,,,,,,,,,,,,,,,,,,,,,,,,,,,I lack companionship,,,2,2.451,,0,10,10,1,1,,,,,,,,,,,,,,,,,,,,,,,,,,,,,,,,,,,,,,,
,,,,,,,,,,,,,,,,299027,001,2025-04-17_23h31.47.493,SLSIC2,2022.2.5,MacIntel,58.82352941,,,,,,,,,,,,,,,,,,,,,,,,,,,,,,,,,,,,,,,,,,,,,,,,,,,,,,,,,,,,,,,,,,,,,,,,,,,,My interests and ideas are not shared by those around me,,,2,6.684,,0,11,11,7,1,,,,,,,,,,,,,,,,,,,,,,,,,,,,,,,,,,,,,,,
,,,,,,,,,,,,,,,,299027,001,2025-04-17_23h31.47.493,SLSIC2,2022.2.5,MacIntel,58.82352941,,,,,,,,,,,,,,,,,,,,,,,,,,,,,,,,,,,,,,,,,,,,,,,,,,,,,,,,,,,,,,,,,,,,,,,,,,,,My social relationships are superficial,,,2,5.268,,0,12,12,11,1,,,,,,,,,,,,,,,,,,,,,,,,,,,,,,,,,,,,,,,
,,,,,,,,,,,,,,,,299027,001,2025-04-17_23h31.47.493,SLSIC2,2022.2.5,MacIntel,58.82352941,,,,,,,,,,,,,,,,,,,,,,,,,,,,,,,,,,,,,,,,,,,,,,,,,,,,,,,,,,,,,,,,,,,,,,,,,,,,There are people I can talk to,,,4,3.3,,0,13,13,18,1,,,,,,,,,,,,,,,,,,,,,,,,,,,,,,,,,,,,,,,
,,,,,,,,,,,,,,,,299027,001,2025-04-17_23h31.47.493,SLSIC2,2022.2.5,MacIntel,58.82352941,,,,,,,,,,,,,,,,,,,,,,,,,,,,,,,,,,,,,,,,,,,,,,,,,,,,,,,,,,,,,,,,,,,,,,,,,,,,There is no one I can turn to,,,1,2.603,,0,14,14,2,1,,,,,,,,,,,,,,,,,,,,,,,,,,,,,,,,,,,,,,,
,,,,,,,,,,,,,,,,299027,001,2025-04-17_23h31.47.493,SLSIC2,2022.2.5,MacIntel,58.82352941,,,,,,,,,,,,,,,,,,,,,,,,,,,,,,,,,,,,,,,,,,,,,,,,,,,,,,,,,,,,,,,,,,,,,,,,,,,,There are people who really understand me,,,4,4.903,,0,15,15,15,1,,,,,,,,,,,,,,,,,,,,,,,,,,,,,,,,,,,,,,,
,,,,,,,,,,,,,,,,299027,001,2025-04-17_23h31.47.493,SLSIC2,2022.2.5,MacIntel,58.82352941,,,,,,,,,,,,,,,,,,,,,,,,,,,,,,,,,,,,,,,,,,,,,,,,,,,,,,,,,,,,,,,,,,,,,,,,,,,,I feel part of a group of friends,,,3,5.15,,0,16,16,4,1,,,,,,,,,,,,,,,,,,,,,,,,,,,,,,,,,,,,,,,
,,,,,,,,,,,,,,,,299027,001,2025-04-17_23h31.47.493,SLSIC2,2022.2.5,MacIntel,58.82352941,,,,,,,,,,,,,,,,,,,,,,,,,,,,,,,,,,,,,,,,,,,,,,,,,,,,,,,,,,,,,,,,,,,,,,,,,,,,No one really knows me well,,,1,2.443,,0,17,17,12,1,,,,,,,,,,,,,,,,,,,,,,,,,,,,,,,,,,,,,,,
,,,,,,,,,,,,,,,,299027,001,2025-04-17_23h31.47.493,SLSIC2,2022.2.5,MacIntel,58.82352941,,,,,,,,,,,,,,,,,,,,,,,,,,,,,,,,,,,,,,,,,,,,,,,,,,,,,,,,,,,,,,,,,,,,,,,,,,,,I have a lot in common with the people around me,,,3,5.251,,0,18,18,5,1,,,,,,,,,,,,,,,,,,,,,,,,,,,,,,,,,,,,,,,
,,,,,,,,,,,,,,,,299027,001,2025-04-17_23h31.47.493,SLSIC2,2022.2.5,MacIntel,58.82352941,,,,,,,,,,,,,,,,,,,,,,,,,,,,,,,,,,,,,,,,,,,,,,,,,,,,,,,,,,,,,,,,,,,,,,,,,,,,I can find companionship when I want it,,,2,4.018,,0,19,19,14,1,,,,,,,,,,,,,,,,,,,,,,,,,,,,,,,,,,,,,,,
,,,,,,,,,,,,,,,,299027,001,2025-04-17_23h31.47.493,SLSIC2,2022.2.5,MacIntel,58.82352941,,,,,,,,,,,,,,,,,,,,,,,,,,,,,,,,,,,,,,,,,,,,,,,,,,,,,,,,,,,,,,,,,,,,,,,,,,,,,,,,,,,,,,,space,3.084,,,,,,,,,,,,,,,,,,,,,,,,,,,,,,,,,,,,,
,,,,,,,,,,,,,,,,299027,001,2025-04-17_23h31.47.493,SLSIC2,2022.2.5,MacIntel,58.82352941,,,,,,,,,,,,,,,,,,,,,,,,,,,,,,,,,,,,,,,,,,,,,,,,,,,,,,,,,,,,,,,,,,,,,,,,,,,,,,,,,,,,,,,,,4,7.858,My worries about Alzheimer’s disease and related dementias overwhelm me.,0,0,0,3,1,My worries about Alzheimer’s disease and related dementias overwhelm me.,,,,,,,,,,,,,,,,,,,,,,,,,,,,
,,,,,,,,,,,,,,,,299027,001,2025-04-17_23h31.47.493,SLSIC2,2022.2.5,MacIntel,58.82352941,,,,,,,,,,,,,,,,,,,,,,,,,,,,,,,,,,,,,,,,,,,,,,,,,,,,,,,,,,,,,,,,,,,,,,,,,,,,,,,,,,,,,,,,,4,10.085,I find it difficult to control my worries about developing Alzheimer’s disease and related dementias.,0,1,1,1,1,I find it difficult to control my worries about developing Alzheimer’s disease and related dementias.,,,,,,,,,,,,,,,,,,,,,,,,,,,,
,,,,,,,,,,,,,,,,299027,001,2025-04-17_23h31.47.493,SLSIC2,2022.2.5,MacIntel,58.82352941,,,,,,,,,,,,,,,,,,,,,,,,,,,,,,,,,,,,,,,,,,,,,,,,,,,,,,,,,,,,,,,,,,,,,,,,,,,,,,,,,,,,,,,,,2,7.203,"When I forget a word that I want to say, my thoughts immediately turn to Alzheimer’s disease and related dementias.",0,2,2,10,1,"When I forget a word that I want to say, my thoughts immediately turn to Alzheimer’s disease and related dementias.",,,,,,,,,,,,,,,,,,,,,,,,,,,,
,,,,,,,,,,,,,,,,299027,001,2025-04-17_23h31.47.493,SLSIC2,2022.2.5,MacIntel,58.82352941,,,,,,,,,,,,,,,,,,,,,,,,,,,,,,,,,,,,,,,,,,,,,,,,,,,,,,,,,,,,,,,,,,,,,,,,,,,,,,,,,,,,,,,,,1,11.079,I think I probably worry more about Alzheimer’s disease and related dementias than other people my same age.,0,3,3,11,1,I think I probably worry more about Alzheimer’s disease and related dementias than other people my same age.,,,,,,,,,,,,,,,,,,,,,,,,,,,,
,,,,,,,,,,,,,,,,299027,001,2025-04-17_23h31.47.493,SLSIC2,2022.2.5,MacIntel,58.82352941,,,,,,,,,,,,,,,,,,,,,,,,,,,,,,,,,,,,,,,,,,,,,,,,,,,,,,,,,,,,,,,,,,,,,,,,,,,,,,,,,,,,,,,,,4,11.672,"When I am not distracted, I find my thoughts focusing on my own cognitive changes and concerns.",0,4,4,6,1,"When I am not distracted, I find my thoughts focusing on my own cognitive changes and concerns.",,,,,,,,,,,,,,,,,,,,,,,,,,,,
,,,,,,,,,,,,,,,,299027,001,2025-04-17_23h31.47.493,SLSIC2,2022.2.5,MacIntel,58.82352941,,,,,,,,,,,,,,,,,,,,,,,,,,,,,,,,,,,,,,,,,,,,,,,,,,,,,,,,,,,,,,,,,,,,,,,,,,,,,,,,,,,,,,,,,1,11.854,"Once I start worrying about Alzheimer’s disease and related dementias, I just cannot stop.",0,5,5,8,1,"Once I start worrying about Alzheimer’s disease and related dementias, I just cannot stop.",,,,,,,,,,,,,,,,,,,,,,,,,,,,
,,,,,,,,,,,,,,,,299027,001,2025-04-17_23h31.47.493,SLSIC2,2022.2.5,MacIntel,58.82352941,,,,,,,,,,,,,,,,,,,,,,,,,,,,,,,,,,,,,,,,,,,,,,,,,,,,,,,,,,,,,,,,,,,,,,,,,,,,,,,,,,,,,,,,,3,6.459,"	When I hear about someone having Alzheimer’s disease or a related dementia, I start to worry about having it myself.",0,6,6,5,1,"	When I hear about someone having Alzheimer’s disease or a related dementia, I start to worry about having it myself.",,,,,,,,,,,,,,,,,,,,,,,,,,,,
,,,,,,,,,,,,,,,,299027,001,2025-04-17_23h31.47.493,SLSIC2,2022.2.5,MacIntel,58.82352941,,,,,,,,,,,,,,,,,,,,,,,,,,,,,,,,,,,,,,,,,,,,,,,,,,,,,,,,,,,,,,,,,,,,,,,,,,,,,,,,,,,,,,,,,1,6.243,"When I can’t remember something, I find myself wondering whether I have Alzheimer’s disease or a related dementia.",0,7,7,2,1,"When I can’t remember something, I find myself wondering whether I have Alzheimer’s disease or a related dementia.",,,,,,,,,,,,,,,,,,,,,,,,,,,,
,,,,,,,,,,,,,,,,299027,001,2025-04-17_23h31.47.493,SLSIC2,2022.2.5,MacIntel,58.82352941,,,,,,,,,,,,,,,,,,,,,,,,,,,,,,,,,,,,,,,,,,,,,,,,,,,,,,,,,,,,,,,,,,,,,,,,,,,,,,,,,,,,,,,,,1,6.145,"More often than not, I find my thoughts returning to concerns that I have Alzheimer’s disease or a related dementia.",0,8,8,4,1,"More often than not, I find my thoughts returning to concerns that I have Alzheimer’s disease or a related dementia.",,,,,,,,,,,,,,,,,,,,,,,,,,,,
,,,,,,,,,,,,,,,,299027,001,2025-04-17_23h31.47.493,SLSIC2,2022.2.5,MacIntel,58.82352941,,,,,,,,,,,,,,,,,,,,,,,,,,,,,,,,,,,,,,,,,,,,,,,,,,,,,,,,,,,,,,,,,,,,,,,,,,,,,,,,,,,,,,,,,1,5.055,"I know I shouldn’t worry about developing Alzheimer’s disease and related dementias, but I just cannot help it.",0,9,9,0,1,"I know I shouldn’t worry about developing Alzheimer’s disease and related dementias, but I just cannot help it.",,,,,,,,,,,,,,,,,,,,,,,,,,,,
,,,,,,,,,,,,,,,,299027,001,2025-04-17_23h31.47.493,SLSIC2,2022.2.5,MacIntel,58.82352941,,,,,,,,,,,,,,,,,,,,,,,,,,,,,,,,,,,,,,,,,,,,,,,,,,,,,,,,,,,,,,,,,,,,,,,,,,,,,,,,,,,,,,,,,1,5.989,"Sometimes when trying to go to sleep, I find my thoughts drift to my concerns about having Alzheimer’s disease or a related dementia.",0,10,10,9,1,"Sometimes when trying to go to sleep, I find my thoughts drift to my concerns about having Alzheimer’s disease or a related dementia.",,,,,,,,,,,,,,,,,,,,,,,,,,,,
,,,,,,,,,,,,,,,,299027,001,2025-04-17_23h31.47.493,SLSIC2,2022.2.5,MacIntel,58.82352941,,,,,,,,,,,,,,,,,,,,,,,,,,,,,,,,,,,,,,,,,,,,,,,,,,,,,,,,,,,,,,,,,,,,,,,,,,,,,,,,,,,,,,,,,2,8.767,"Even though I know it doesn’t help to focus on it, I can’t help thinking about whether or not I have Alzheimer’s disease or a related dementia.",0,11,11,7,1,"Even though I know it doesn’t help to focus on it, I can’t help thinking about whether or not I have Alzheimer’s disease or a related dementia.",,,,,,,,,,,,,,,,,,,,,,,,,,,,
,,,,,,,,,,,,,,,,299027,001,2025-04-17_23h31.47.493,SLSIC2,2022.2.5,MacIntel,58.82352941,,,,,,,,,,,,,,,,,,,,,,,,,,,,,,,,,,,,,,,,,,,,,,,,,,,,,,,,,,,,,,,,,,,,,,,,,,,,,,,,,,,,,,,,,,,,,,,,,,space,1.304,,,,,,,,,,,,,,,,,,,,,,,,,,
,,,,,,,,,,,,,,,,299027,001,2025-04-17_23h31.47.493,SLSIC2,2022.2.5,MacIntel,58.82352941,,,,,,,,,,,,,,,,,,,,,,,,,,,,,,,,,,,,,,,,,,,,,,,,,,,,,,,,,,,,,,,,,,,,,,,,,,,,,,,,,,,,,,,,,,,,,,,,,,,,2,9.48,"If a telemarketer calls me, I usually listen to what they have to say",0,0,0,4,1,"If a telemarketer calls me, I usually listen to what they have to say",,,,,,,,,,,,,,,,,
,,,,,,,,,,,,,,,,299027,001,2025-04-17_23h31.47.493,SLSIC2,2022.2.5,MacIntel,58.82352941,,,,,,,,,,,,,,,,,,,,,,,,,,,,,,,,,,,,,,,,,,,,,,,,,,,,,,,,,,,,,,,,,,,,,,,,,,,,,,,,,,,,,,,,,,,,,,,,,,,,3,8.042,"I answer the phone whenever it rings, even if I do not know who is calling",0,1,1,0,1,"I answer the phone whenever it rings, even if I do not know who is calling",,,,,,,,,,,,,,,,,
,,,,,,,,,,,,,,,,299027,001,2025-04-17_23h31.47.493,SLSIC2,2022.2.5,MacIntel,58.82352941,,,,,,,,,,,,,,,,,,,,,,,,,,,,,,,,,,,,,,,,,,,,,,,,,,,,,,,,,,,,,,,,,,,,,,,,,,,,,,,,,,,,,,,,,,,,,,,,,,,,3,7.887,"If something sounds too good to be true, it usually is",0,2,2,2,1,"If something sounds too good to be true, it usually is",,,,,,,,,,,,,,,,,
,,,,,,,,,,,,,,,,299027,001,2025-04-17_23h31.47.493,SLSIC2,2022.2.5,MacIntel,58.82352941,,,,,,,,,,,,,,,,,,,,,,,,,,,,,,,,,,,,,,,,,,,,,,,,,,,,,,,,,,,,,,,,,,,,,,,,,,,,,,,,,,,,,,,,,,,,,,,,,,,,4,5.708,Persons over the age of 65 are often targeted by con-artists,0,3,3,3,1,Persons over the age of 65 are often targeted by con-artists,,,,,,,,,,,,,,,,,
,,,,,,,,,,,,,,,,299027,001,2025-04-17_23h31.47.493,SLSIC2,2022.2.5,MacIntel,58.82352941,,,,,,,,,,,,,,,,,,,,,,,,,,,,,,,,,,,,,,,,,,,,,,,,,,,,,,,,,,,,,,,,,,,,,,,,,,,,,,,,,,,,,,,,,,,,,,,,,,,,1,10.42,"I have difficulty ending a phone call, even if the caller is a telemarketer, someone I do not know, or someone I do not wish to call me",0,4,4,1,1,"I have difficulty ending a phone call, even if the caller is a telemarketer, someone I do not know, or someone I do not wish to call me",,,,,,,,,,,,,,,,,
,,,,,,,,,,,,,,,,299027,001,2025-04-17_23h31.47.493,SLSIC2,2022.2.5,MacIntel,58.82352941,,,,,,,,,,,,,,,,,,,,,,,,,,,,,,,,,,,,,,,,,,,,,,,,,,,,,,,,,,,,,,,,,,,,,,,,,,,,,,,,,,,,,,,,,,,,,,,,,,,,,,,,,,,,,2.011111111,8.203,,,,,,,,,,,,,,,
,,,,,,,,,,,,,,,,299027,001,2025-04-17_23h31.47.493,SLSIC2,2022.2.5,MacIntel,58.82352941,,,,,,,,,,,,,,,,,,,,,,,,,,,,,,,,,,,,,,,,,,,,,,,,,,,,,,,,,,,,,,,,,,,,,,,,,,,,,,,,,,,,,,,,,,,,,,,,,,,,,,,,,,,,,,,,,,,,,,,,,,,,,
,,,,,,,,,,,,,,,,299027,001,2025-04-17_23h31.47.493,SLSIC2,2022.2.5,MacIntel,58.82352941,,,,,,,,,,,,,,,,,,,,,,,,,,,,,,,,,,,,,,,,,,,,,,,,,,,,,,,,,,,,,,,,,,,,,,,,,,,,,,,,,,,,,,,,,,,,,,,,,,,,,,,,,,,,,,,"[""female_option""]",,,,,,,,,,,,,,
,,,,,,,,,,,,,,,,299027,001,2025-04-17_23h31.47.493,SLSIC2,2022.2.5,MacIntel,58.82352941,,,,,,,,,,,,,,,,,,,,,,,,,,,,,,,,,,,,,,,,,,,,,,,,,,,,,,,,,,,,,,,,,,,,,,,,,,,,,,,,,,,,,,,,,,,,,,,,,,,,,,,,,,,,,,,,,,,,,,,,,,,,,
,,,,,,,,,,,,,,,,299027,001,2025-04-17_23h31.47.493,SLSIC2,2022.2.5,MacIntel,58.82352941,,,,,,,,,,,,,,,,,,,,,,,,,,,,,,,,,,,,,,,,,,,,,,,,,,,,,,,,,,,,,,,,,,,,,,,,,,,,,,,,,,,,,,,,,,,,,,,,,,,,,,,,,,,,,,,,19,04/22/2005,,,,,,,,,,,,
,,,,,,,,,,,,,,,,299027,001,2025-04-17_23h31.47.493,SLSIC2,2022.2.5,MacIntel,58.82352941,,,,,,,,,,,,,,,,,,,,,,,,,,,,,,,,,,,,,,,,,,,,,,,,,,,,,,,,,,,,,,,,,,,,,,,,,,,,,,,,,,,,,,,,,,,,,,,,,,,,,,,,,,,,,,,,,,,,,,,,,,,,,
,,,,,,,,,,,,,,,,299027,001,2025-04-17_23h31.47.493,SLSIC2,2022.2.5,MacIntel,58.82352941,,,,,,,,,,,,,,,,,,,,,,,,,,,,,,,,,,,,,,,,,,,,,,,,,,,,,,,,,,,,,,,,,,,,,,,,,,,,,,,,,,,,,,,,,,,,,,,,,,,,,,,,,,,,,,,,,,"[""EduOpt3""]",,,,,,,,,,,
,,,,,,,,,,,,,,,,299027,001,2025-04-17_23h31.47.493,SLSIC2,2022.2.5,MacIntel,58.82352941,,,,,,,,,,,,,,,,,,,,,,,,,,,,,,,,,,,,,,,,,,,,,,,,,,,,,,,,,,,,,,,,,,,,,,,,,,,,,,,,,,,,,,,,,,,,,,,,,,,,,,,,,,,,,,,,,,,,,,,,,,,,,
,,,,,,,,,,,,,,,,299027,001,2025-04-17_23h31.47.493,SLSIC2,2022.2.5,MacIntel,58.82352941,,,,,,,,,,,,,,,,,,,,,,,,,,,,,,,,,,,,,,,,,,,,,,,,,,,,,,,,,,,,,,,,,,,,,,,,,,,,,,,,,,,,,,,,,,,,,,,,,,,,,,,,,,,,,,,,,,,"[""EthnOpt4""]",,,,,,,,,,
,,,,,,,,,,,,,,,,299027,001,2025-04-17_23h31.47.493,SLSIC2,2022.2.5,MacIntel,58.82352941,,,,,,,,,,,,,,,,,,,,,,,,,,,,,,,,,,,,,,,,,,,,,,,,,,,,,,,,,,,,,,,,,,,,,,,,,,,,,,,,,,,,,,,,,,,,,,,,,,,,,,,,,,,,,,,,,,,,,,,,,,,,,
,,,,,,,,,,,,,,,,299027,001,2025-04-17_23h31.47.493,SLSIC2,2022.2.5,MacIntel,58.82352941,,,,,,,,,,,,,,,,,,,,,,,,,,,,,,,,,,,,,,,,,,,,,,,,,,,,,,,,,,,,,,,,,,,,,,,,,,,,,,,,,,,,,,,,,,,,,,,,,,,,,,,,,,,,,,,,,,,,"[""EngFlncyY""]",,,,,,,,,
,,,,,,,,,,,,,,,,299027,001,2025-04-17_23h31.47.493,SLSIC2,2022.2.5,MacIntel,58.82352941,,,,,,,,,,,,,,,,,,,,,,,,,,,,,,,,,,,,,,,,,,,,,,,,,,,,,,,,,,,,,,,,,,,,,,,,,,,,,,,,,,,,,,,,,,,,,,,,,,,,,,,,,,,,,,,,,,,,,,,,,,,,,
,,,,,,,,,,,,,,,,299027,001,2025-04-17_23h31.47.493,SLSIC2,2022.2.5,MacIntel,58.82352941,,,,,,,,,,,,,,,,,,,,,,,,,,,,,,,,,,,,,,,,,,,,,,,,,,,,,,,,,,,,,,,,,,,,,,,,,,,,,,,,,,,,,,,,,,,,,,,,,,,,,,,,,,,,,,,,,,,,,0,USA,,,,,,,
,,,,,,,,,,,,,,,,299027,001,2025-04-17_23h31.47.493,SLSIC2,2022.2.5,MacIntel,58.82352941,,,,,,,,,,,,,,,,,,,,,,,,,,,,,,,,,,,,,,,,,,,,,,,,,,,,,,,,,,,,,,,,,,,,,,,,,,,,,,,,,,,,,,,,,,,,,,,,,,,,,,,,,,,,,,,,,,,,,,,,,,,,,
,,,,,,,,,,,,,,,,299027,001,2025-04-17_23h31.47.493,SLSIC2,2022.2.5,MacIntel,58.82352941,,,,,,,,,,,,,,,,,,,,,,,,,,,,,,,,,,,,,,,,,,,,,,,,,,,,,,,,,,,,,,,,,,,,,,,,,,,,,,,,,,,,,,,,,,,,,,,,,,,,,,,,,,,,,,,,,,,,,,,D,,,,,,
,,,,,,,,,,,,,,,,299027,001,2025-04-17_23h31.47.493,SLSIC2,2022.2.5,MacIntel,58.82352941,,,,,,,,,,,,,,,,,,,,,,,,,,,,,,,,,,,,,,,,,,,,,,,,,,,,,,,,,,,,,,,,,,,,,,,,,,,,,,,,,,,,,,,,,,,,,,,,,,,,,,,,,,,,,,,,,,,,,,,,,,,,,
,,,,,,,,,,,,,,,,299027,001,2025-04-17_23h31.47.493,SLSIC2,2022.2.5,MacIntel,58.82352941,,,,,,,,,,,,,,,,,,,,,,,,,,,,,,,,,,,,,,,,,,,,,,,,,,,,,,,,,,,,,,,,,,,,,,,,,,,,,,,,,,,,,,,,,,,,,,,,,,,,,,,,,,,,,,,,,,,,,,,,"No, I went to a quiet space and did the study so that I wouldn't get distracted.",,,,,
,,,,,,,,,,,,,,,,299027,001,2025-04-17_23h31.47.493,SLSIC2,2022.2.5,MacIntel,58.82352941,,,,,,,,,,,,,,,,,,,,,,,,,,,,,,,,,,,,,,,,,,,,,,,,,,,,,,,,,,,,,,,,,,,,,,,,,,,,,,,,,,,,,,,,,,,,,,,,,,,,,,,,,,,,,,,,,,,,,,,,,,,,,
,,,,,,,,,,,,,,,,299027,001,2025-04-17_23h31.47.493,SLSIC2,2022.2.5,MacIntel,58.82352941,,,,,,,,,,,,,,,,,,,,,,,,,,,,,,,,,,,,,,,,,,,,,,,,,,,,,,,,,,,,,,,,,,,,,,,,,,,,,,,,,,,,,,,,,,,,,,,,,,,,,,,,,,,,,,,,,,,,,,,,,It was an intresting task to look at examples of different emails and try to guess if they were scams or not. I just wish I knew if I was right about them being a scam or not.,,,,
,,,,,,,,,,,,,,,,299027,001,2025-04-17_23h31.47.493,SLSIC2,2022.2.5,MacIntel,58.82352941,,,,,,,,,,,,,,,,,,,,,,,,,,,,,,,,,,,,,,,,,,,,,,,,,,,,,,,,,,,,,,,,,,,,,,,,,,,,,,,,,,,,,,,,,,,,,,,,,,,,,,,,,,,,,,,,,,,,,,,,,,,,,
,,,,,,,,,,,,,,,,299027,001,2025-04-17_23h31.47.493,SLSIC2,2022.2.5,MacIntel,58.82352941,,,,,,,,,,,,,,,,,,,,,,,,,,,,,,,,,,,,,,,,,,,,,,,,,,,,,,,,,,,,,,,,,,,,,,,,,,,,,,,,,,,,,,,,,,,,,,,,,,,,,,,,,,,,,,,,,,,,,,,,,,"[""Q4option1""]",,,
,,,,,,,,,,,,,,,,299027,001,2025-04-17_23h31.47.493,SLSIC2,2022.2.5,MacIntel,58.82352941,,,,,,,,,,,,,,,,,,,,,,,,,,,,,,,,,,,,,,,,,,,,,,,,,,,,,,,,,,,,,,,,,,,,,,,,,,,,,,,,,,,,,,,,,,,,,,,,,,,,,,,,,,,,,,,,,,,,,,,,,,,,,
,,,,,,,,,,,,,,,,299027,001,2025-04-17_23h31.47.493,SLSIC2,2022.2.5,MacIntel,58.82352941,,,,,,,,,,,,,,,,,,,,,,,,,,,,,,,,,,,,,,,,,,,,,,,,,,,,,,,,,,,,,,,,,,,,,,,,,,,,,,,,,,,,,,,,,,,,,,,,,,,,,,,,,,,,,,,,,,,,,,,,,,,1,[2802.1310000000003],[2802.1310000000003]
