bruinID.text,button.numClicks,button.timesOn,button.timesOff,mouseLogIn.x,mouseLogIn.y,mouseLogIn.leftButton,mouseLogIn.midButton,mouseLogIn.rightButton,mouseLogIn.time,mouseLogIn.clicked_name,repeat.thisRepN,repeat.thisTrialN,repeat.thisN,repeat.thisIndex,repeat.ran,participant,session,date,expName,psychopyVersion,OS,frameRate,key_resp_6.keys,key_resp_6.rt,key_resp_5.keys,key_resp_5.rt,subjage_slider.response,subjage_slider.rt,confidence_scale.response,confidence_scale.rt,key_resp_7.keys,key_resp_7.rt,button_2.numClicks,button_2.timesOn,button_2.timesOff,email_type,scam_button.numClicks,scam_button.timesOn,scam_button.timesOff,legit_button.numClicks,legit_button.timesOn,legit_button.timesOff,button_selections_1,confidence_scale_email.response,confidence_scale_email.rt,personal_rel_scale.response,personal_rel_scale.rt,curiosity_scale.response,curiosity_scale.rt,email_loop.thisRepN,email_loop.thisTrialN,email_loop.thisN,email_loop.thisIndex,email_loop.ran,emails,type,xsize,ysize,xpos,ypos,key_resp_8.keys,key_resp_8.rt,button_3.numClicks,button_3.timesOn,button_3.timesOff,button_4.numClicks,button_4.timesOn,button_4.timesOff,button_5.numClicks,button_5.timesOn,button_5.timesOff,email_loops2.thisRepN,email_loops2.thisTrialN,email_loops2.thisN,email_loops2.thisIndex,email_loops2.ran,key_resp_3.keys,key_resp_3.rt,slider1_2.response,slider1_2.rt,trust_question,loop_GT.thisRepN,loop_GT.thisTrialN,loop_GT.thisN,loop_GT.thisIndex,loop_GT.ran,Phrases,instructionresp_2.keys,instructionresp_2.rt,key_resp_13.keys,key_resp_13.rt,gen_question,loop_G.thisRepN,loop_G.thisTrialN,loop_G.thisN,loop_G.thisIndex,loop_G.ran,Questions,instructionresp.keys,instructionresp.rt,key_resp_2.keys,key_resp_2.rt,lonely_question,loop_LS.thisRepN,loop_LS.thisTrialN,loop_LS.thisN,loop_LS.thisIndex,loop_LS.ran,key_resp_4.keys,key_resp_4.rt,rating.response,rating.rt,dementia_question,loop_dm.thisRepN,loop_dm.thisTrialN,loop_dm.thisN,loop_dm.thisIndex,loop_dm.ran,Items,key_resp.keys,key_resp.rt,slider1.response,slider1.rt,ss_question,loop_SS.thisRepN,loop_SS.thisTrialN,loop_SS.thisN,loop_SS.thisIndex,loop_SS.ran,Statements,slider.response,slider.rt,Gender,textboxAge.text,textboxBirthday.text,Education Level,Ethnicity,English Fluency,textboxAge_2.text,textboxCountry.text,FQ1textbox.text,textboxQuestion2.text,textboxQuestion3.text,FQ4 selection,Finish.numClicks,Finish.timesOn,Finish.timesOff
306404734,1,[5.937899999991053],[5.937899999991053],0.301755487,-0.077391299,1,0,0,5.6755,button,0,0,0,0,1,931417,001,2025-04-16_13h17.46.405,SLSIC2,2022.2.5,MacIntel,58.82352941,,,,,,,,,,,,,,,,,,,,,,,,,,,,,,,,,,,,,,,,,,,,,,,,,,,,,,,,,,,,,,,,,,,,,,,,,,,,,,,,,,,,,,,,,,,,,,,,,,,,,,,,,,,,,,,,,,,,,,,,,,,,,
,,,,,,,,,,,,,,,,931417,001,2025-04-16_13h17.46.405,SLSIC2,2022.2.5,MacIntel,58.82352941,space,2.7551,,,,,,,,,,,,,,,,,,,,,,,,,,,,,,,,,,,,,,,,,,,,,,,,,,,,,,,,,,,,,,,,,,,,,,,,,,,,,,,,,,,,,,,,,,,,,,,,,,,,,,,,,,,,,,,,,,,,,,,,,,,
,,,,,,,,,,,,,,,,931417,001,2025-04-16_13h17.46.405,SLSIC2,2022.2.5,MacIntel,58.82352941,,,space,20.6673,,,,,,,,,,,,,,,,,,,,,,,,,,,,,,,,,,,,,,,,,,,,,,,,,,,,,,,,,,,,,,,,,,,,,,,,,,,,,,,,,,,,,,,,,,,,,,,,,,,,,,,,,,,,,,,,,,,,,,,,,
,,,,,,,,,,,,,,,,931417,001,2025-04-16_13h17.46.405,SLSIC2,2022.2.5,MacIntel,58.82352941,,,,,79.99384766,11.7445,,,,,,,,,,,,,,,,,,,,,,,,,,,,,,,,,,,,,,,,,,,,,,,,,,,,,,,,,,,,,,,,,,,,,,,,,,,,,,,,,,,,,,,,,,,,,,,,,,,,,,,,,,,,,,,,,,,,,,,
,,,,,,,,,,,,,,,,931417,001,2025-04-16_13h17.46.405,SLSIC2,2022.2.5,MacIntel,58.82352941,,,,,,,7.04440918,21.2067,,,,,,,,,,,,,,,,,,,,,,,,,,,,,,,,,,,,,,,,,,,,,,,,,,,,,,,,,,,,,,,,,,,,,,,,,,,,,,,,,,,,,,,,,,,,,,,,,,,,,,,,,,,,,,,,,,,,,
,,,,,,,,,,,,,,,,931417,001,2025-04-16_13h17.46.405,SLSIC2,2022.2.5,MacIntel,58.82352941,,,,,,,,,space,18.9649,,,,,,,,,,,,,,,,,,,,,,,,,,,,,,,,,,,,,,,,,,,,,,,,,,,,,,,,,,,,,,,,,,,,,,,,,,,,,,,,,,,,,,,,,,,,,,,,,,,,,,,,,,,,,,,,,,,
,,,,,,,,,,,,,,,,931417,001,2025-04-16_13h17.46.405,SLSIC2,2022.2.5,MacIntel,58.82352941,,,,,,,,,,,1,[91.52989999999106],[91.52989999999106],,0,[],[],1,[95.334200000003],[95.334200000003],"[""legit_button""]",9.056871977,3.2343,9.056871977,3.3503,9.980807059,13.3739,0,0,0,8,1,resources/images/legit_23.png,legit,1,0.65,0,0,,,,,,,,,,,,,,,,,,,,,,,,,,,,,,,,,,,,,,,,,,,,,,,,,,,,,,,,,,,,,,,,,,,,,,,,,,,,,,,,,,,,,,,
,,,,,,,,,,,,,,,,931417,001,2025-04-16_13h17.46.405,SLSIC2,2022.2.5,MacIntel,58.82352941,,,,,,,,,,,2,"[91.52989999999106,124.29759999999403]","[91.52989999999106,124.29759999999403]",,0,[],[],2,"[95.334200000003,125.43820000000298]","[95.334200000003,125.43820000000298]","[""legit_button""]",8.031641788,1.7073,9.95324707,2.2106,9.953234282,1.7086,0,1,1,19,1,resources/images/scam_21.png,scam,1,0.65,0,0,,,,,,,,,,,,,,,,,,,,,,,,,,,,,,,,,,,,,,,,,,,,,,,,,,,,,,,,,,,,,,,,,,,,,,,,,,,,,,,,,,,,,,,
,,,,,,,,,,,,,,,,931417,001,2025-04-16_13h17.46.405,SLSIC2,2022.2.5,MacIntel,58.82352941,,,,,,,,,,,3,"[91.52989999999106,124.29759999999403,183.24209999999402]","[91.52989999999106,124.29759999999403,183.24209999999402]",,1,[184.10079999999704],[184.100900000006],2,"[95.334200000003,125.43820000000298]","[95.334200000003,125.43820000000298]","[""scam_button""]",9.898535156,1.9626,0.081798735,19.3403,0.081798735,2.4431,0,2,2,12,1,resources/images/scam17.png,scam,0.8,0.65,0,0,,,,,,,,,,,,,,,,,,,,,,,,,,,,,,,,,,,,,,,,,,,,,,,,,,,,,,,,,,,,,,,,,,,,,,,,,,,,,,,,,,,,,,,
,,,,,,,,,,,,,,,,931417,001,2025-04-16_13h17.46.405,SLSIC2,2022.2.5,MacIntel,58.82352941,,,,,,,,,,,4,"[91.52989999999106,124.29759999999403,183.24209999999402,223.795599999994]","[91.52989999999106,124.29759999999403,183.24209999999402,223.795599999994]",,2,"[184.10079999999704,225.405299999997]","[184.100900000006,225.405299999997]",2,"[95.334200000003,125.43820000000298]","[95.334200000003,125.43820000000298]","[""scam_button""]",9.980947731,3.5194,0.028776914,1.7411,0.028776914,1.168,0,3,3,0,1,resources/images/scam8.jpg,scam,0.65,0.65,0,0,,,,,,,,,,,,,,,,,,,,,,,,,,,,,,,,,,,,,,,,,,,,,,,,,,,,,,,,,,,,,,,,,,,,,,,,,,,,,,,,,,,,,,,
,,,,,,,,,,,,,,,,931417,001,2025-04-16_13h17.46.405,SLSIC2,2022.2.5,MacIntel,58.82352941,,,,,,,,,,,5,"[91.52989999999106,124.29759999999403,183.24209999999402,223.795599999994,244.494299999997]","[91.52989999999106,124.29759999999403,183.24209999999402,223.795599999994,244.494299999997]",,3,"[184.10079999999704,225.405299999997,245.24279999999698]","[184.100900000006,225.405299999997,245.24279999999698]",2,"[95.334200000003,125.43820000000298]","[95.334200000003,125.43820000000298]","[""scam_button""]",9.940535482,2.9569,0.024506487,1.9243,0.024506487,0.6199,0,4,4,18,1,resources/images/scam_20.png,scam,1.45,0.6,0,0,,,,,,,,,,,,,,,,,,,,,,,,,,,,,,,,,,,,,,,,,,,,,,,,,,,,,,,,,,,,,,,,,,,,,,,,,,,,,,,,,,,,,,,
,,,,,,,,,,,,,,,,931417,001,2025-04-16_13h17.46.405,SLSIC2,2022.2.5,MacIntel,58.82352941,,,,,,,,,,,6,"[91.52989999999106,124.29759999999403,183.24209999999402,223.795599999994,244.494299999997,261.98269999998803]","[91.52989999999106,124.29759999999403,183.24209999999402,223.795599999994,244.494299999997,261.98269999998803]",,4,"[184.10079999999704,225.405299999997,245.24279999999698,263.76520000000295]","[184.100900000006,225.405299999997,245.24279999999698,263.76520000000295]",2,"[95.334200000003,125.43820000000298]","[95.334200000003,125.43820000000298]","[""scam_button""]",9.95542806,1.6698,1.085587565,3.3729,1.074860491,0.7736,0,5,5,20,1,resources/images/scam_30.png,scam,1.45,0.6,0,0,,,,,,,,,,,,,,,,,,,,,,,,,,,,,,,,,,,,,,,,,,,,,,,,,,,,,,,,,,,,,,,,,,,,,,,,,,,,,,,,,,,,,,,
,,,,,,,,,,,,,,,,931417,001,2025-04-16_13h17.46.405,SLSIC2,2022.2.5,MacIntel,58.82352941,,,,,,,,,,,7,"[91.52989999999106,124.29759999999403,183.24209999999402,223.795599999994,244.494299999997,261.98269999998803,280.42099999999994]","[91.52989999999106,124.29759999999403,183.24209999999402,223.795599999994,244.494299999997,261.98269999998803,280.42099999999994]",,4,"[184.10079999999704,225.405299999997,245.24279999999698,263.76520000000295]","[184.100900000006,225.405299999997,245.24279999999698,263.76520000000295]",3,"[95.334200000003,125.43820000000298,281.13030000001186]","[95.334200000003,125.43820000000298,281.13030000001186]","[""legit_button""]",9.92843657,2.2355,6.013659087,2.8306,6.976013765,2.6315,0,6,6,6,1,resources/images/legit13.jpg,legit,0.65,0.65,0,0,,,,,,,,,,,,,,,,,,,,,,,,,,,,,,,,,,,,,,,,,,,,,,,,,,,,,,,,,,,,,,,,,,,,,,,,,,,,,,,,,,,,,,,
,,,,,,,,,,,,,,,,931417,001,2025-04-16_13h17.46.405,SLSIC2,2022.2.5,MacIntel,58.82352941,,,,,,,,,,,8,"[91.52989999999106,124.29759999999403,183.24209999999402,223.795599999994,244.494299999997,261.98269999998803,280.42099999999994,294.27899999999994]","[91.52989999999106,124.29759999999403,183.24209999999402,223.795599999994,244.494299999997,261.98269999998803,280.42099999999994,294.27899999999994]",,4,"[184.10079999999704,225.405299999997,245.24279999999698,263.76520000000295]","[184.100900000006,225.405299999997,245.24279999999698,263.76520000000295]",4,"[95.334200000003,125.43820000000298,281.13030000001186,295.2661000000089]","[95.334200000003,125.43820000000298,281.13030000001186,295.2661000000089]","[""legit_button""]",9.07371303,2.0293,7.989765858,0.9917,9.03562128,1.2386,0,7,7,9,1,resources/images/legit_22.png,legit,1,0.78,0,0,,,,,,,,,,,,,,,,,,,,,,,,,,,,,,,,,,,,,,,,,,,,,,,,,,,,,,,,,,,,,,,,,,,,,,,,,,,,,,,,,,,,,,,
,,,,,,,,,,,,,,,,931417,001,2025-04-16_13h17.46.405,SLSIC2,2022.2.5,MacIntel,58.82352941,,,,,,,,,,,9,"[91.52989999999106,124.29759999999403,183.24209999999402,223.795599999994,244.494299999997,261.98269999998803,280.42099999999994,294.27899999999994,321.65999999999997]","[91.52989999999106,124.29759999999403,183.24209999999402,223.795599999994,244.494299999997,261.98269999998803,280.42099999999994,294.27899999999994,321.65999999999997]",,4,"[184.10079999999704,225.405299999997,245.24279999999698,263.76520000000295]","[184.100900000006,225.405299999997,245.24279999999698,263.76520000000295]",5,"[95.334200000003,125.43820000000298,281.13030000001186,295.2661000000089,322.5304000000059]","[95.334200000003,125.43820000000298,281.13030000001186,295.2661000000089,322.5304000000059]","[""legit_button""]",6.93890904,1.5337,6.93890904,1.345,8.000073242,1.1329,0,8,8,17,1,resources/images/legitimate_18.png,legit,1,0.65,0,0,,,,,,,,,,,,,,,,,,,,,,,,,,,,,,,,,,,,,,,,,,,,,,,,,,,,,,,,,,,,,,,,,,,,,,,,,,,,,,,,,,,,,,,
,,,,,,,,,,,,,,,,931417,001,2025-04-16_13h17.46.405,SLSIC2,2022.2.5,MacIntel,58.82352941,,,,,,,,,,,10,"[91.52989999999106,124.29759999999403,183.24209999999402,223.795599999994,244.494299999997,261.98269999998803,280.42099999999994,294.27899999999994,321.65999999999997,333.75319999998806]","[91.52989999999106,124.29759999999403,183.24209999999402,223.795599999994,244.494299999997,261.98269999998803,280.42099999999994,294.27899999999994,321.65999999999997,333.75319999998806]",,4,"[184.10079999999704,225.405299999997,245.24279999999698,263.76520000000295]","[184.100900000006,225.405299999997,245.24279999999698,263.76520000000295]",6,"[95.334200000003,125.43820000000298,281.13030000001186,295.2661000000089,322.5304000000059,341.04549999999995]","[95.334200000003,125.43820000000298,281.13030000001186,295.2661000000089,322.5304000000059,341.04549999999995]","[""legit_button""]",5.970465379,1.2878,5.979045759,1.9269,6.999169922,1.8399,0,9,9,21,1,resources/images/scam_23.png,scam,1,0.8,0,0,,,,,,,,,,,,,,,,,,,,,,,,,,,,,,,,,,,,,,,,,,,,,,,,,,,,,,,,,,,,,,,,,,,,,,,,,,,,,,,,,,,,,,,
,,,,,,,,,,,,,,,,931417,001,2025-04-16_13h17.46.405,SLSIC2,2022.2.5,MacIntel,58.82352941,,,,,,,,,,,11,"[91.52989999999106,124.29759999999403,183.24209999999402,223.795599999994,244.494299999997,261.98269999998803,280.42099999999994,294.27899999999994,321.65999999999997,333.75319999998806,366.04719999998804]","[91.52989999999106,124.29759999999403,183.24209999999402,223.795599999994,244.494299999997,261.98269999998803,280.42099999999994,294.27899999999994,321.65999999999997,333.75319999998806,366.04719999998804]",,4,"[184.10079999999704,225.405299999997,245.24279999999698,263.76520000000295]","[184.100900000006,225.405299999997,245.24279999999698,263.76520000000295]",7,"[95.334200000003,125.43820000000298,281.13030000001186,295.2661000000089,322.5304000000059,341.04549999999995,367.26130000001194]","[95.334200000003,125.43820000000298,281.13030000001186,295.2661000000089,322.5304000000059,341.04549999999995,367.2614000000059]","[""legit_button""]",9.052060082,1.1305,7.008411226,1.2461,6.03169701,1.412,0,10,10,2,1,resources/images/legit11.jpg,legit,0.65,0.65,0,0,,,,,,,,,,,,,,,,,,,,,,,,,,,,,,,,,,,,,,,,,,,,,,,,,,,,,,,,,,,,,,,,,,,,,,,,,,,,,,,,,,,,,,,
,,,,,,,,,,,,,,,,931417,001,2025-04-16_13h17.46.405,SLSIC2,2022.2.5,MacIntel,58.82352941,,,,,,,,,,,12,"[91.52989999999106,124.29759999999403,183.24209999999402,223.795599999994,244.494299999997,261.98269999998803,280.42099999999994,294.27899999999994,321.65999999999997,333.75319999998806,366.04719999998804,386.60119999998807]","[91.52989999999106,124.29759999999403,183.24209999999402,223.795599999994,244.494299999997,261.98269999998803,280.42099999999994,294.27899999999994,321.65999999999997,333.75319999998806,366.04719999998804,386.60129999999697]",,4,"[184.10079999999704,225.405299999997,245.24279999999698,263.76520000000295]","[184.100900000006,225.405299999997,245.24279999999698,263.76520000000295]",8,"[95.334200000003,125.43820000000298,281.13030000001186,295.2661000000089,322.5304000000059,341.04549999999995,367.26130000001194,387.3317000000029]","[95.334200000003,125.43820000000298,281.13030000001186,295.2661000000089,322.5304000000059,341.04549999999995,367.2614000000059,387.3317000000029]","[""legit_button""]",8.911259533,1.6261,7.002641369,1.2736,8.062203544,1.9088,0,11,11,10,1,resources/images/scam15.jpg,scam,0.65,0.65,0,0,,,,,,,,,,,,,,,,,,,,,,,,,,,,,,,,,,,,,,,,,,,,,,,,,,,,,,,,,,,,,,,,,,,,,,,,,,,,,,,,,,,,,,,
,,,,,,,,,,,,,,,,931417,001,2025-04-16_13h17.46.405,SLSIC2,2022.2.5,MacIntel,58.82352941,,,,,,,,,,,13,"[91.52989999999106,124.29759999999403,183.24209999999402,223.795599999994,244.494299999997,261.98269999998803,280.42099999999994,294.27899999999994,321.65999999999997,333.75319999998806,366.04719999998804,386.60119999998807,397.809299999997]","[91.52989999999106,124.29759999999403,183.24209999999402,223.795599999994,244.494299999997,261.98269999998803,280.42099999999994,294.27899999999994,321.65999999999997,333.75319999998806,366.04719999998804,386.60129999999697,397.809399999991]",,4,"[184.10079999999704,225.405299999997,245.24279999999698,263.76520000000295]","[184.100900000006,225.405299999997,245.24279999999698,263.76520000000295]",9,"[95.334200000003,125.43820000000298,281.13030000001186,295.2661000000089,322.5304000000059,341.04549999999995,367.26130000001194,387.3317000000029,398.5739000000059]","[95.334200000003,125.43820000000298,281.13030000001186,295.2661000000089,322.5304000000059,341.04549999999995,367.2614000000059,387.3317000000029,398.5739000000059]","[""legit_button""]",7.953944615,1.0416,8.008569336,1.2647,7.883580962,1.3966,0,12,12,13,1,resources/images/legit15.jpg,legit,0.95,0.65,0,0,,,,,,,,,,,,,,,,,,,,,,,,,,,,,,,,,,,,,,,,,,,,,,,,,,,,,,,,,,,,,,,,,,,,,,,,,,,,,,,,,,,,,,,
,,,,,,,,,,,,,,,,931417,001,2025-04-16_13h17.46.405,SLSIC2,2022.2.5,MacIntel,58.82352941,,,,,,,,,,,14,"[91.52989999999106,124.29759999999403,183.24209999999402,223.795599999994,244.494299999997,261.98269999998803,280.42099999999994,294.27899999999994,321.65999999999997,333.75319999998806,366.04719999998804,386.60119999998807,397.809299999997,408.769599999994]","[91.52989999999106,124.29759999999403,183.24209999999402,223.795599999994,244.494299999997,261.98269999998803,280.42099999999994,294.27899999999994,321.65999999999997,333.75319999998806,366.04719999998804,386.60129999999697,397.809399999991,408.769599999994]",,4,"[184.10079999999704,225.405299999997,245.24279999999698,263.76520000000295]","[184.100900000006,225.405299999997,245.24279999999698,263.76520000000295]",10,"[95.334200000003,125.43820000000298,281.13030000001186,295.2661000000089,322.5304000000059,341.04549999999995,367.26130000001194,387.3317000000029,398.5739000000059,409.45070000000294]","[95.334200000003,125.43820000000298,281.13030000001186,295.2661000000089,322.5304000000059,341.04549999999995,367.2614000000059,387.3317000000029,398.5739000000059,409.45070000000294]","[""legit_button""]",9.059872582,1.0151,7.040820313,0.8966,5.988338797,0.9939,0,13,13,3,1,resources/images/legit_20.png,legit,0.9,0.8,0,0,,,,,,,,,,,,,,,,,,,,,,,,,,,,,,,,,,,,,,,,,,,,,,,,,,,,,,,,,,,,,,,,,,,,,,,,,,,,,,,,,,,,,,,
,,,,,,,,,,,,,,,,931417,001,2025-04-16_13h17.46.405,SLSIC2,2022.2.5,MacIntel,58.82352941,,,,,,,,,,,15,"[91.52989999999106,124.29759999999403,183.24209999999402,223.795599999994,244.494299999997,261.98269999998803,280.42099999999994,294.27899999999994,321.65999999999997,333.75319999998806,366.04719999998804,386.60119999998807,397.809299999997,408.769599999994,434.51849999999996]","[91.52989999999106,124.29759999999403,183.24209999999402,223.795599999994,244.494299999997,261.98269999998803,280.42099999999994,294.27899999999994,321.65999999999997,333.75319999998806,366.04719999998804,386.60129999999697,397.809399999991,408.769599999994,434.51849999999996]",,4,"[184.10079999999704,225.405299999997,245.24279999999698,263.76520000000295]","[184.100900000006,225.405299999997,245.24279999999698,263.76520000000295]",11,"[95.334200000003,125.43820000000298,281.13030000001186,295.2661000000089,322.5304000000059,341.04549999999995,367.26130000001194,387.3317000000029,398.5739000000059,409.45070000000294,435.2174000000059]","[95.334200000003,125.43820000000298,281.13030000001186,295.2661000000089,322.5304000000059,341.04549999999995,367.2614000000059,387.3317000000029,398.5739000000059,409.45070000000294,435.2174000000059]","[""legit_button""]",7.982339332,1.3954,6.961070033,0.8627,8.073556083,0.6975,0,14,14,23,1,resources/images/scam_22.png,scam,1,0.65,0,0,,,,,,,,,,,,,,,,,,,,,,,,,,,,,,,,,,,,,,,,,,,,,,,,,,,,,,,,,,,,,,,,,,,,,,,,,,,,,,,,,,,,,,,
,,,,,,,,,,,,,,,,931417,001,2025-04-16_13h17.46.405,SLSIC2,2022.2.5,MacIntel,58.82352941,,,,,,,,,,,16,"[91.52989999999106,124.29759999999403,183.24209999999402,223.795599999994,244.494299999997,261.98269999998803,280.42099999999994,294.27899999999994,321.65999999999997,333.75319999998806,366.04719999998804,386.60119999998807,397.809299999997,408.769599999994,434.51849999999996,445.794899999991]","[91.52989999999106,124.29759999999403,183.24209999999402,223.795599999994,244.494299999997,261.98269999998803,280.42099999999994,294.27899999999994,321.65999999999997,333.75319999998806,366.04719999998804,386.60129999999697,397.809399999991,408.769599999994,434.51849999999996,445.794899999991]",,4,"[184.10079999999704,225.405299999997,245.24279999999698,263.76520000000295]","[184.100900000006,225.405299999997,245.24279999999698,263.76520000000295]",12,"[95.334200000003,125.43820000000298,281.13030000001186,295.2661000000089,322.5304000000059,341.04549999999995,367.26130000001194,387.3317000000029,398.5739000000059,409.45070000000294,435.2174000000059,446.65860000000896]","[95.334200000003,125.43820000000298,281.13030000001186,295.2661000000089,322.5304000000059,341.04549999999995,367.2614000000059,387.3317000000029,398.5739000000059,409.45070000000294,435.2174000000059,446.65860000000896]","[""legit_button""]",8.062688337,0.9067,6.947162156,0.5955,7.971602958,0.5306,0,15,15,4,1,resources/images/legit_19.png,legit,0.65,0.65,0,0,,,,,,,,,,,,,,,,,,,,,,,,,,,,,,,,,,,,,,,,,,,,,,,,,,,,,,,,,,,,,,,,,,,,,,,,,,,,,,,,,,,,,,,
,,,,,,,,,,,,,,,,931417,001,2025-04-16_13h17.46.405,SLSIC2,2022.2.5,MacIntel,58.82352941,,,,,,,,,,,17,"[91.52989999999106,124.29759999999403,183.24209999999402,223.795599999994,244.494299999997,261.98269999998803,280.42099999999994,294.27899999999994,321.65999999999997,333.75319999998806,366.04719999998804,386.60119999998807,397.809299999997,408.769599999994,434.51849999999996,445.794899999991,479.4227999999969]","[91.52989999999106,124.29759999999403,183.24209999999402,223.795599999994,244.494299999997,261.98269999998803,280.42099999999994,294.27899999999994,321.65999999999997,333.75319999998806,366.04719999998804,386.60129999999697,397.809399999991,408.769599999994,434.51849999999996,445.794899999991,479.4227999999969]",,5,"[184.10079999999704,225.405299999997,245.24279999999698,263.76520000000295,486.0502000000029]","[184.100900000006,225.405299999997,245.24279999999698,263.76520000000295,486.0502000000029]",12,"[95.334200000003,125.43820000000298,281.13030000001186,295.2661000000089,322.5304000000059,341.04549999999995,367.26130000001194,387.3317000000029,398.5739000000059,409.45070000000294,435.2174000000059,446.65860000000896]","[95.334200000003,125.43820000000298,281.13030000001186,295.2661000000089,322.5304000000059,341.04549999999995,367.2614000000059,387.3317000000029,398.5739000000059,409.45070000000294,435.2174000000059,446.65860000000896]","[""scam_button""]",7.012083798,2.4443,7.983063616,3.5302,7.014384533,4.2271,0,16,16,14,1,resources/images/scam18.png,scam,1,0.65,0,0,,,,,,,,,,,,,,,,,,,,,,,,,,,,,,,,,,,,,,,,,,,,,,,,,,,,,,,,,,,,,,,,,,,,,,,,,,,,,,,,,,,,,,,
,,,,,,,,,,,,,,,,931417,001,2025-04-16_13h17.46.405,SLSIC2,2022.2.5,MacIntel,58.82352941,,,,,,,,,,,18,"[91.52989999999106,124.29759999999403,183.24209999999402,223.795599999994,244.494299999997,261.98269999998803,280.42099999999994,294.27899999999994,321.65999999999997,333.75319999998806,366.04719999998804,386.60119999998807,397.809299999997,408.769599999994,434.51849999999996,445.794899999991,479.4227999999969,501.691]","[91.52989999999106,124.29759999999403,183.24209999999402,223.795599999994,244.494299999997,261.98269999998803,280.42099999999994,294.27899999999994,321.65999999999997,333.75319999998806,366.04719999998804,386.60129999999697,397.809399999991,408.769599999994,434.51849999999996,445.794899999991,479.4227999999969,501.691]",,5,"[184.10079999999704,225.405299999997,245.24279999999698,263.76520000000295,486.0502000000029]","[184.100900000006,225.405299999997,245.24279999999698,263.76520000000295,486.0502000000029]",13,"[95.334200000003,125.43820000000298,281.13030000001186,295.2661000000089,322.5304000000059,341.04549999999995,367.26130000001194,387.3317000000029,398.5739000000059,409.45070000000294,435.2174000000059,446.65860000000896,502.37199999999996]","[95.334200000003,125.43820000000298,281.13030000001186,295.2661000000089,322.5304000000059,341.04549999999995,367.2614000000059,387.3317000000029,398.5739000000059,409.45070000000294,435.2174000000059,446.65860000000896,502.37199999999996]","[""legit_button""]",8.060800316,0.9635,7.931090727,2.2574,6.018180339,0.7133,0,17,17,11,1,resources/images/scam16.png,scam,0.65,0.65,0,0,,,,,,,,,,,,,,,,,,,,,,,,,,,,,,,,,,,,,,,,,,,,,,,,,,,,,,,,,,,,,,,,,,,,,,,,,,,,,,,,,,,,,,,
,,,,,,,,,,,,,,,,931417,001,2025-04-16_13h17.46.405,SLSIC2,2022.2.5,MacIntel,58.82352941,,,,,,,,,,,19,"[91.52989999999106,124.29759999999403,183.24209999999402,223.795599999994,244.494299999997,261.98269999998803,280.42099999999994,294.27899999999994,321.65999999999997,333.75319999998806,366.04719999998804,386.60119999998807,397.809299999997,408.769599999994,434.51849999999996,445.794899999991,479.4227999999969,501.691,509.769399999991]","[91.52989999999106,124.29759999999403,183.24209999999402,223.795599999994,244.494299999997,261.98269999998803,280.42099999999994,294.27899999999994,321.65999999999997,333.75319999998806,366.04719999998804,386.60129999999697,397.809399999991,408.769599999994,434.51849999999996,445.794899999991,479.4227999999969,501.691,509.769399999991]",,5,"[184.10079999999704,225.405299999997,245.24279999999698,263.76520000000295,486.0502000000029]","[184.100900000006,225.405299999997,245.24279999999698,263.76520000000295,486.0502000000029]",14,"[95.334200000003,125.43820000000298,281.13030000001186,295.2661000000089,322.5304000000059,341.04549999999995,367.26130000001194,387.3317000000029,398.5739000000059,409.45070000000294,435.2174000000059,446.65860000000896,502.37199999999996,510.5675]","[95.334200000003,125.43820000000298,281.13030000001186,295.2661000000089,322.5304000000059,341.04549999999995,367.2614000000059,387.3317000000029,398.5739000000059,409.45070000000294,435.2174000000059,446.65860000000896,502.37199999999996,510.5675]","[""legit_button""]",9.967287481,1.5968,9.930394345,2.3398,9.930394345,0.4615,0,18,18,16,1,resources/images/legit_30.png,legit,1,0.85,0,0,,,,,,,,,,,,,,,,,,,,,,,,,,,,,,,,,,,,,,,,,,,,,,,,,,,,,,,,,,,,,,,,,,,,,,,,,,,,,,,,,,,,,,,
,,,,,,,,,,,,,,,,931417,001,2025-04-16_13h17.46.405,SLSIC2,2022.2.5,MacIntel,58.82352941,,,,,,,,,,,20,"[91.52989999999106,124.29759999999403,183.24209999999402,223.795599999994,244.494299999997,261.98269999998803,280.42099999999994,294.27899999999994,321.65999999999997,333.75319999998806,366.04719999998804,386.60119999998807,397.809299999997,408.769599999994,434.51849999999996,445.794899999991,479.4227999999969,501.691,509.769399999991,522.244299999997]","[91.52989999999106,124.29759999999403,183.24209999999402,223.795599999994,244.494299999997,261.98269999998803,280.42099999999994,294.27899999999994,321.65999999999997,333.75319999998806,366.04719999998804,386.60129999999697,397.809399999991,408.769599999994,434.51849999999996,445.794899999991,479.4227999999969,501.691,509.769399999991,522.244299999997]",,5,"[184.10079999999704,225.405299999997,245.24279999999698,263.76520000000295,486.0502000000029]","[184.100900000006,225.405299999997,245.24279999999698,263.76520000000295,486.0502000000029]",15,"[95.334200000003,125.43820000000298,281.13030000001186,295.2661000000089,322.5304000000059,341.04549999999995,367.26130000001194,387.3317000000029,398.5739000000059,409.45070000000294,435.2174000000059,446.65860000000896,502.37199999999996,510.5675,522.8916000000089]","[95.334200000003,125.43820000000298,281.13030000001186,295.2661000000089,322.5304000000059,341.04549999999995,367.2614000000059,387.3317000000029,398.5739000000059,409.45070000000294,435.2174000000059,446.65860000000896,502.37199999999996,510.5675,522.8916000000089]","[""legit_button""]",9.987198893,2.1945,8.981603423,0.8789,9.834969076,0.5805,0,19,19,5,1,resources/images/legit12.jpg,legit,1,0.65,0,0,,,,,,,,,,,,,,,,,,,,,,,,,,,,,,,,,,,,,,,,,,,,,,,,,,,,,,,,,,,,,,,,,,,,,,,,,,,,,,,,,,,,,,,
,,,,,,,,,,,,,,,,931417,001,2025-04-16_13h17.46.405,SLSIC2,2022.2.5,MacIntel,58.82352941,,,,,,,,,,,21,"[91.52989999999106,124.29759999999403,183.24209999999402,223.795599999994,244.494299999997,261.98269999998803,280.42099999999994,294.27899999999994,321.65999999999997,333.75319999998806,366.04719999998804,386.60119999998807,397.809299999997,408.769599999994,434.51849999999996,445.794899999991,479.4227999999969,501.691,509.769399999991,522.244299999997,532.1535999999941]","[91.52989999999106,124.29759999999403,183.24209999999402,223.795599999994,244.494299999997,261.98269999998803,280.42099999999994,294.27899999999994,321.65999999999997,333.75319999998806,366.04719999998804,386.60129999999697,397.809399999991,408.769599999994,434.51849999999996,445.794899999991,479.4227999999969,501.691,509.769399999991,522.244299999997,532.1535999999941]",,5,"[184.10079999999704,225.405299999997,245.24279999999698,263.76520000000295,486.0502000000029]","[184.100900000006,225.405299999997,245.24279999999698,263.76520000000295,486.0502000000029]",16,"[95.334200000003,125.43820000000298,281.13030000001186,295.2661000000089,322.5304000000059,341.04549999999995,367.26130000001194,387.3317000000029,398.5739000000059,409.45070000000294,435.2174000000059,446.65860000000896,502.37199999999996,510.5675,522.8916000000089,532.8683000000119]","[95.334200000003,125.43820000000298,281.13030000001186,295.2661000000089,322.5304000000059,341.04549999999995,367.2614000000059,387.3317000000029,398.5739000000059,409.45070000000294,435.2174000000059,446.65860000000896,502.37199999999996,510.5675,522.8916000000089,532.8683000000119]","[""legit_button""]",9.925060454,1.197,8.852825056,0.7455,7.986593192,1.1796,0,20,20,22,1,resources/images/scam_24.png,scam,1,0.8,0,0,,,,,,,,,,,,,,,,,,,,,,,,,,,,,,,,,,,,,,,,,,,,,,,,,,,,,,,,,,,,,,,,,,,,,,,,,,,,,,,,,,,,,,,
,,,,,,,,,,,,,,,,931417,001,2025-04-16_13h17.46.405,SLSIC2,2022.2.5,MacIntel,58.82352941,,,,,,,,,,,22,"[91.52989999999106,124.29759999999403,183.24209999999402,223.795599999994,244.494299999997,261.98269999998803,280.42099999999994,294.27899999999994,321.65999999999997,333.75319999998806,366.04719999998804,386.60119999998807,397.809299999997,408.769599999994,434.51849999999996,445.794899999991,479.4227999999969,501.691,509.769399999991,522.244299999997,532.1535999999941,542.130399999991]","[91.52989999999106,124.29759999999403,183.24209999999402,223.795599999994,244.494299999997,261.98269999998803,280.42099999999994,294.27899999999994,321.65999999999997,333.75319999998806,366.04719999998804,386.60129999999697,397.809399999991,408.769599999994,434.51849999999996,445.794899999991,479.4227999999969,501.691,509.769399999991,522.244299999997,532.1535999999941,542.130399999991]",,5,"[184.10079999999704,225.405299999997,245.24279999999698,263.76520000000295,486.0502000000029]","[184.100900000006,225.405299999997,245.24279999999698,263.76520000000295,486.0502000000029]",17,"[95.334200000003,125.43820000000298,281.13030000001186,295.2661000000089,322.5304000000059,341.04549999999995,367.26130000001194,387.3317000000029,398.5739000000059,409.45070000000294,435.2174000000059,446.65860000000896,502.37199999999996,510.5675,522.8916000000089,532.8683000000119,542.778700000003]","[95.334200000003,125.43820000000298,281.13030000001186,295.2661000000089,322.5304000000059,341.04549999999995,367.2614000000059,387.3317000000029,398.5739000000059,409.45070000000294,435.2174000000059,446.65860000000896,502.37199999999996,510.5675,522.8916000000089,532.8683000000119,542.778700000003]","[""legit_button""]",8.92004162,1.4295,6.891379511,0.8108,6.989336868,1.5579,0,21,21,7,1,resources/images/legit_21.png,legit,0.8,0.8,0,0,,,,,,,,,,,,,,,,,,,,,,,,,,,,,,,,,,,,,,,,,,,,,,,,,,,,,,,,,,,,,,,,,,,,,,,,,,,,,,,,,,,,,,,
,,,,,,,,,,,,,,,,931417,001,2025-04-16_13h17.46.405,SLSIC2,2022.2.5,MacIntel,58.82352941,,,,,,,,,,,23,"[91.52989999999106,124.29759999999403,183.24209999999402,223.795599999994,244.494299999997,261.98269999998803,280.42099999999994,294.27899999999994,321.65999999999997,333.75319999998806,366.04719999998804,386.60119999998807,397.809299999997,408.769599999994,434.51849999999996,445.794899999991,479.4227999999969,501.691,509.769399999991,522.244299999997,532.1535999999941,542.130399999991,548.1601999999881]","[91.52989999999106,124.29759999999403,183.24209999999402,223.795599999994,244.494299999997,261.98269999998803,280.42099999999994,294.27899999999994,321.65999999999997,333.75319999998806,366.04719999998804,386.60129999999697,397.809399999991,408.769599999994,434.51849999999996,445.794899999991,479.4227999999969,501.691,509.769399999991,522.244299999997,532.1535999999941,542.130399999991,548.1601999999881]",,5,"[184.10079999999704,225.405299999997,245.24279999999698,263.76520000000295,486.0502000000029]","[184.100900000006,225.405299999997,245.24279999999698,263.76520000000295,486.0502000000029]",18,"[95.334200000003,125.43820000000298,281.13030000001186,295.2661000000089,322.5304000000059,341.04549999999995,367.26130000001194,387.3317000000029,398.5739000000059,409.45070000000294,435.2174000000059,446.65860000000896,502.37199999999996,510.5675,522.8916000000089,532.8683000000119,542.778700000003,548.8576000000089]","[95.334200000003,125.43820000000298,281.13030000001186,295.2661000000089,322.5304000000059,341.04549999999995,367.2614000000059,387.3317000000029,398.5739000000059,409.45070000000294,435.2174000000059,446.65860000000896,502.37199999999996,510.5675,522.8916000000089,532.8683000000119,542.778700000003,548.8576000000089]","[""legit_button""]",8.993645368,2.6473,5.966700381,1.299,6.994302223,0.4903,0,22,22,1,1,resources/images/scam9.jpg,scam,0.65,0.65,0,0,,,,,,,,,,,,,,,,,,,,,,,,,,,,,,,,,,,,,,,,,,,,,,,,,,,,,,,,,,,,,,,,,,,,,,,,,,,,,,,,,,,,,,,
,,,,,,,,,,,,,,,,931417,001,2025-04-16_13h17.46.405,SLSIC2,2022.2.5,MacIntel,58.82352941,,,,,,,,,,,24,"[91.52989999999106,124.29759999999403,183.24209999999402,223.795599999994,244.494299999997,261.98269999998803,280.42099999999994,294.27899999999994,321.65999999999997,333.75319999998806,366.04719999998804,386.60119999998807,397.809299999997,408.769599999994,434.51849999999996,445.794899999991,479.4227999999969,501.691,509.769399999991,522.244299999997,532.1535999999941,542.130399999991,548.1601999999881,568.2463999999911]","[91.52989999999106,124.29759999999403,183.24209999999402,223.795599999994,244.494299999997,261.98269999998803,280.42099999999994,294.27899999999994,321.65999999999997,333.75319999998806,366.04719999998804,386.60129999999697,397.809399999991,408.769599999994,434.51849999999996,445.794899999991,479.4227999999969,501.691,509.769399999991,522.244299999997,532.1535999999941,542.130399999991,548.1601999999881,568.2463999999911]",,5,"[184.10079999999704,225.405299999997,245.24279999999698,263.76520000000295,486.0502000000029]","[184.100900000006,225.405299999997,245.24279999999698,263.76520000000295,486.0502000000029]",19,"[95.334200000003,125.43820000000298,281.13030000001186,295.2661000000089,322.5304000000059,341.04549999999995,367.26130000001194,387.3317000000029,398.5739000000059,409.45070000000294,435.2174000000059,446.65860000000896,502.37199999999996,510.5675,522.8916000000089,532.8683000000119,542.778700000003,548.8576000000089,569.128]","[95.334200000003,125.43820000000298,281.13030000001186,295.2661000000089,322.5304000000059,341.04549999999995,367.2614000000059,387.3317000000029,398.5739000000059,409.45070000000294,435.2174000000059,446.65860000000896,502.37199999999996,510.5675,522.8916000000089,532.8683000000119,542.778700000003,548.8576000000089,569.128]","[""legit_button""]",8.020275298,0.9951,5.983408319,1.5954,7.046507626,1.1971,0,23,23,15,1,resources/images/legit16.jpg,legit,0.65,0.65,0,0,,,,,,,,,,,,,,,,,,,,,,,,,,,,,,,,,,,,,,,,,,,,,,,,,,,,,,,,,,,,,,,,,,,,,,,,,,,,,,,,,,,,,,,
,,,,,,,,,,,,,,,,931417,001,2025-04-16_13h17.46.405,SLSIC2,2022.2.5,MacIntel,58.82352941,,,,,,,,,,,,,,,,,,,,,,,,,,,,,,,,,,,,,,,space,7.7343,,,,,,,,,,,,,,,,,,,,,,,,,,,,,,,,,,,,,,,,,,,,,,,,,,,,,,,,,,,,,,,,,,,,,,,,,,,,,,,,,,,,,
,,,,,,,,,,,,,,,,931417,001,2025-04-16_13h17.46.405,SLSIC2,2022.2.5,MacIntel,58.82352941,,,,,,,,,,,,,,,,,,,,,,,,,,,,,,,,,,,,,,,,,1,[612.0765999999941],[612.0765999999941],,,,,,,,,,,,,,,,,,,,,,,,,,,,,,,,,,,,,,,,,,,,,,,,,,,,,,,,,,,,,,,,,,,,,,,,,,,,,,,,,,
,,,,,,,,,,,,,,,,931417,001,2025-04-16_13h17.46.405,SLSIC2,2022.2.5,MacIntel,58.82352941,,,,,,,,,,,,,,,,,,,,,,,,6.025354585,2.5464,,,,,,,,,,,,,,,,,,,,,,,,,,,,,,,,,,,,,,,,,,,,,,,,,,,,,,,,,,,,,,,,,,,,,,,,,,,,,,,,,,,,,,,,,,,,,,,,,,,,
,,,,,,,,,,,,,,,,931417,001,2025-04-16_13h17.46.405,SLSIC2,2022.2.5,MacIntel,58.82352941,,,,,,,,,,,,,,,,,,,,,,,,,,,,,,,,,,,,,,,,,,,,1,[617.7215],[617.7215],,,,,,,,,,,,,,,,,,,,,,,,,,,,,,,,,,,,,,,,,,,,,,,,,,,,,,,,,,,,,,,,,,,,,,,,,,,,,,,
,,,,,,,,,,,,,,,,931417,001,2025-04-16_13h17.46.405,SLSIC2,2022.2.5,MacIntel,58.82352941,,,,,,,,,,,,,,,,,,,,,,,,9.064941406,1.4792,,,,,,,,,,,,,,,,,,,,,,,,,,,,,,,,,,,,,,,,,,,,,,,,,,,,,,,,,,,,,,,,,,,,,,,,,,,,,,,,,,,,,,,,,,,,,,,,,,,,
,,,,,,,,,,,,,,,,931417,001,2025-04-16_13h17.46.405,SLSIC2,2022.2.5,MacIntel,58.82352941,,,,,,,,,,,,,,,,,,,,,,,,,,,,,,,,,,,,,,,,,,,,,,,1,[624.9825],[624.9825],,,,,,,,,,,,,,,,,,,,,,,,,,,,,,,,,,,,,,,,,,,,,,,,,,,,,,,,,,,,,,,,,,,,,,,,,,,,
,,,,,,,,,,,,,,,,931417,001,2025-04-16_13h17.46.405,SLSIC2,2022.2.5,MacIntel,58.82352941,,,,,,,,,,,,,,,,,,,,,,,,3.982089379,1.1616,,,,,,,,,,,,,,,,,,,,,,,,,,,,,,,,,,,,,,,,,,,,,,,,,,,,,,,,,,,,,,,,,,,,,,,,,,,,,,,,,,,,,,,,,,,,,,,,,,,,
,,,,,,,,,,,,,,,,931417,001,2025-04-16_13h17.46.405,SLSIC2,2022.2.5,MacIntel,58.82352941,,,,,,,,,space,4.816,,,,,,,,,,,,,,,,,,,,,,,,,,,,,,,,,,,,,,,,,,,,,,,,,,,,,,,,,,,,,,,,,,,,,,,,,,,,,,,,,,,,,,,,,,,,,,,,,,,,,,,,,,,,,,,,,,,
,,,,,,,,,,,,,,,,931417,001,2025-04-16_13h17.46.405,SLSIC2,2022.2.5,MacIntel,58.82352941,,,,,,,,,,,25,"[91.52989999999106,124.29759999999403,183.24209999999402,223.795599999994,244.494299999997,261.98269999998803,280.42099999999994,294.27899999999994,321.65999999999997,333.75319999998806,366.04719999998804,386.60119999998807,397.809299999997,408.769599999994,434.51849999999996,445.794899999991,479.4227999999969,501.691,509.769399999991,522.244299999997,532.1535999999941,542.130399999991,548.1601999999881,568.2463999999911,641.0481999999881]","[91.52989999999106,124.29759999999403,183.24209999999402,223.795599999994,244.494299999997,261.98269999998803,280.42099999999994,294.27899999999994,321.65999999999997,333.75319999998806,366.04719999998804,386.60129999999697,397.809399999991,408.769599999994,434.51849999999996,445.794899999991,479.4227999999969,501.691,509.769399999991,522.244299999997,532.1535999999941,542.130399999991,548.1601999999881,568.2463999999911,641.0481999999881]",,5,"[184.10079999999704,225.405299999997,245.24279999999698,263.76520000000295,486.0502000000029]","[184.100900000006,225.405299999997,245.24279999999698,263.76520000000295,486.0502000000029]",20,"[95.334200000003,125.43820000000298,281.13030000001186,295.2661000000089,322.5304000000059,341.04549999999995,367.26130000001194,387.3317000000029,398.5739000000059,409.45070000000294,435.2174000000059,446.65860000000896,502.37199999999996,510.5675,522.8916000000089,532.8683000000119,542.778700000003,548.8576000000089,569.128,641.712800000012]","[95.334200000003,125.43820000000298,281.13030000001186,295.2661000000089,322.5304000000059,341.04549999999995,367.2614000000059,387.3317000000029,398.5739000000059,409.45070000000294,435.2174000000059,446.65860000000896,502.37199999999996,510.5675,522.8916000000089,532.8683000000119,542.778700000003,548.8576000000089,569.128,641.712800000012]","[""legit_button""]",7.979075986,2.1969,6.020188686,1.8126,7.009619141,1.3121,,,,,,resources/images/scam6.jpg,scam,1,0.65,0,0,,,,,,,,,,,,0,0,0,9,1,,,,,,,,,,,,,,,,,,,,,,,,,,,,,,,,,,,,,,,,,,,,,,,,,,,,,,,,,,,,,,,,,,,,,,,
,,,,,,,,,,,,,,,,931417,001,2025-04-16_13h17.46.405,SLSIC2,2022.2.5,MacIntel,58.82352941,,,,,,,,,,,26,"[91.52989999999106,124.29759999999403,183.24209999999402,223.795599999994,244.494299999997,261.98269999998803,280.42099999999994,294.27899999999994,321.65999999999997,333.75319999998806,366.04719999998804,386.60119999998807,397.809299999997,408.769599999994,434.51849999999996,445.794899999991,479.4227999999969,501.691,509.769399999991,522.244299999997,532.1535999999941,542.130399999991,548.1601999999881,568.2463999999911,641.0481999999881,649.9755999999941]","[91.52989999999106,124.29759999999403,183.24209999999402,223.795599999994,244.494299999997,261.98269999998803,280.42099999999994,294.27899999999994,321.65999999999997,333.75319999998806,366.04719999998804,386.60129999999697,397.809399999991,408.769599999994,434.51849999999996,445.794899999991,479.4227999999969,501.691,509.769399999991,522.244299999997,532.1535999999941,542.130399999991,548.1601999999881,568.2463999999911,641.0481999999881,649.9755999999941]",,5,"[184.10079999999704,225.405299999997,245.24279999999698,263.76520000000295,486.0502000000029]","[184.100900000006,225.405299999997,245.24279999999698,263.76520000000295,486.0502000000029]",21,"[95.334200000003,125.43820000000298,281.13030000001186,295.2661000000089,322.5304000000059,341.04549999999995,367.26130000001194,387.3317000000029,398.5739000000059,409.45070000000294,435.2174000000059,446.65860000000896,502.37199999999996,510.5675,522.8916000000089,532.8683000000119,542.778700000003,548.8576000000089,569.128,641.712800000012,650.706700000003]","[95.334200000003,125.43820000000298,281.13030000001186,295.2661000000089,322.5304000000059,341.04549999999995,367.2614000000059,387.3317000000029,398.5739000000059,409.45070000000294,435.2174000000059,446.65860000000896,502.37199999999996,510.5675,522.8916000000089,532.8683000000119,542.778700000003,548.8576000000089,569.128,641.712800000012,650.706700000003]","[""legit_button""]",9.968808129,1.0308,7.934337798,1.0282,8.794637044,0.4941,,,,,,resources/images/scam5.jpg,scam,0.7,0.65,0,0,,,,,,,,,,,,0,1,1,7,1,,,,,,,,,,,,,,,,,,,,,,,,,,,,,,,,,,,,,,,,,,,,,,,,,,,,,,,,,,,,,,,,,,,,,,,
,,,,,,,,,,,,,,,,931417,001,2025-04-16_13h17.46.405,SLSIC2,2022.2.5,MacIntel,58.82352941,,,,,,,,,,,27,"[91.52989999999106,124.29759999999403,183.24209999999402,223.795599999994,244.494299999997,261.98269999998803,280.42099999999994,294.27899999999994,321.65999999999997,333.75319999998806,366.04719999998804,386.60119999998807,397.809299999997,408.769599999994,434.51849999999996,445.794899999991,479.4227999999969,501.691,509.769399999991,522.244299999997,532.1535999999941,542.130399999991,548.1601999999881,568.2463999999911,641.0481999999881,649.9755999999941,660.4356999999881]","[91.52989999999106,124.29759999999403,183.24209999999402,223.795599999994,244.494299999997,261.98269999998803,280.42099999999994,294.27899999999994,321.65999999999997,333.75319999998806,366.04719999998804,386.60129999999697,397.809399999991,408.769599999994,434.51849999999996,445.794899999991,479.4227999999969,501.691,509.769399999991,522.244299999997,532.1535999999941,542.130399999991,548.1601999999881,568.2463999999911,641.0481999999881,649.9755999999941,660.4356999999881]",,5,"[184.10079999999704,225.405299999997,245.24279999999698,263.76520000000295,486.0502000000029]","[184.100900000006,225.405299999997,245.24279999999698,263.76520000000295,486.0502000000029]",22,"[95.334200000003,125.43820000000298,281.13030000001186,295.2661000000089,322.5304000000059,341.04549999999995,367.26130000001194,387.3317000000029,398.5739000000059,409.45070000000294,435.2174000000059,446.65860000000896,502.37199999999996,510.5675,522.8916000000089,532.8683000000119,542.778700000003,548.8576000000089,569.128,641.712800000012,650.706700000003,661.084200000003]","[95.334200000003,125.43820000000298,281.13030000001186,295.2661000000089,322.5304000000059,341.04549999999995,367.2614000000059,387.3317000000029,398.5739000000059,409.45070000000294,435.2174000000059,446.65860000000896,502.37199999999996,510.5675,522.8916000000089,532.8683000000119,542.778700000003,548.8576000000089,569.128,641.712800000012,650.706700000003,661.084200000003]","[""legit_button""]",8.998481678,0.8567,6.951905459,0.6744,5.982751465,1.0616,,,,,,resources/images/legit17-EDIT.png,legit,0.65,0.65,0,0,,,,,,,,,,,,0,2,2,22,1,,,,,,,,,,,,,,,,,,,,,,,,,,,,,,,,,,,,,,,,,,,,,,,,,,,,,,,,,,,,,,,,,,,,,,,
,,,,,,,,,,,,,,,,931417,001,2025-04-16_13h17.46.405,SLSIC2,2022.2.5,MacIntel,58.82352941,,,,,,,,,,,28,"[91.52989999999106,124.29759999999403,183.24209999999402,223.795599999994,244.494299999997,261.98269999998803,280.42099999999994,294.27899999999994,321.65999999999997,333.75319999998806,366.04719999998804,386.60119999998807,397.809299999997,408.769599999994,434.51849999999996,445.794899999991,479.4227999999969,501.691,509.769399999991,522.244299999997,532.1535999999941,542.130399999991,548.1601999999881,568.2463999999911,641.0481999999881,649.9755999999941,660.4356999999881,671.2117999999971]","[91.52989999999106,124.29759999999403,183.24209999999402,223.795599999994,244.494299999997,261.98269999998803,280.42099999999994,294.27899999999994,321.65999999999997,333.75319999998806,366.04719999998804,386.60129999999697,397.809399999991,408.769599999994,434.51849999999996,445.794899999991,479.4227999999969,501.691,509.769399999991,522.244299999997,532.1535999999941,542.130399999991,548.1601999999881,568.2463999999911,641.0481999999881,649.9755999999941,660.4356999999881,671.2117999999971]",,5,"[184.10079999999704,225.405299999997,245.24279999999698,263.76520000000295,486.0502000000029]","[184.100900000006,225.405299999997,245.24279999999698,263.76520000000295,486.0502000000029]",23,"[95.334200000003,125.43820000000298,281.13030000001186,295.2661000000089,322.5304000000059,341.04549999999995,367.26130000001194,387.3317000000029,398.5739000000059,409.45070000000294,435.2174000000059,446.65860000000896,502.37199999999996,510.5675,522.8916000000089,532.8683000000119,542.778700000003,548.8576000000089,569.128,641.712800000012,650.706700000003,661.084200000003,674.041900000006]","[95.334200000003,125.43820000000298,281.13030000001186,295.2661000000089,322.5304000000059,341.04549999999995,367.2614000000059,387.3317000000029,398.5739000000059,409.45070000000294,435.2174000000059,446.65860000000896,502.37199999999996,510.5675,522.8916000000089,532.8683000000119,542.778700000003,548.8576000000089,569.128,641.712800000012,650.706700000003,661.084200000003,674.041900000006]","[""legit_button""]",4.034812128,1.7943,2.0329026,1.9085,0.961847214,1.673,,,,,,resources/images/scam7.png,scam,0.65,0.65,0,0,,,,,,,,,,,,0,3,3,10,1,,,,,,,,,,,,,,,,,,,,,,,,,,,,,,,,,,,,,,,,,,,,,,,,,,,,,,,,,,,,,,,,,,,,,,,
,,,,,,,,,,,,,,,,931417,001,2025-04-16_13h17.46.405,SLSIC2,2022.2.5,MacIntel,58.82352941,,,,,,,,,,,29,"[91.52989999999106,124.29759999999403,183.24209999999402,223.795599999994,244.494299999997,261.98269999998803,280.42099999999994,294.27899999999994,321.65999999999997,333.75319999998806,366.04719999998804,386.60119999998807,397.809299999997,408.769599999994,434.51849999999996,445.794899999991,479.4227999999969,501.691,509.769399999991,522.244299999997,532.1535999999941,542.130399999991,548.1601999999881,568.2463999999911,641.0481999999881,649.9755999999941,660.4356999999881,671.2117999999971,698.543399999991]","[91.52989999999106,124.29759999999403,183.24209999999402,223.795599999994,244.494299999997,261.98269999998803,280.42099999999994,294.27899999999994,321.65999999999997,333.75319999998806,366.04719999998804,386.60129999999697,397.809399999991,408.769599999994,434.51849999999996,445.794899999991,479.4227999999969,501.691,509.769399999991,522.244299999997,532.1535999999941,542.130399999991,548.1601999999881,568.2463999999911,641.0481999999881,649.9755999999941,660.4356999999881,671.2117999999971,698.543399999991]",,6,"[184.10079999999704,225.405299999997,245.24279999999698,263.76520000000295,486.0502000000029,699.209400000006]","[184.100900000006,225.405299999997,245.24279999999698,263.76520000000295,486.0502000000029,699.2095]",23,"[95.334200000003,125.43820000000298,281.13030000001186,295.2661000000089,322.5304000000059,341.04549999999995,367.26130000001194,387.3317000000029,398.5739000000059,409.45070000000294,435.2174000000059,446.65860000000896,502.37199999999996,510.5675,522.8916000000089,532.8683000000119,542.778700000003,548.8576000000089,569.128,641.712800000012,650.706700000003,661.084200000003,674.041900000006]","[95.334200000003,125.43820000000298,281.13030000001186,295.2661000000089,322.5304000000059,341.04549999999995,367.2614000000059,387.3317000000029,398.5739000000059,409.45070000000294,435.2174000000059,446.65860000000896,502.37199999999996,510.5675,522.8916000000089,532.8683000000119,542.778700000003,548.8576000000089,569.128,641.712800000012,650.706700000003,661.084200000003,674.041900000006]","[""scam_button""]",6.038677107,1.3613,3.032804362,2.2926,1.983170573,0.6628,,,,,,resources/images/legit14-EDIT.jpg,legit,1,0.65,0,0,,,,,,,,,,,,0,4,4,21,1,,,,,,,,,,,,,,,,,,,,,,,,,,,,,,,,,,,,,,,,,,,,,,,,,,,,,,,,,,,,,,,,,,,,,,,
,,,,,,,,,,,,,,,,931417,001,2025-04-16_13h17.46.405,SLSIC2,2022.2.5,MacIntel,58.82352941,,,,,,,,,,,30,"[91.52989999999106,124.29759999999403,183.24209999999402,223.795599999994,244.494299999997,261.98269999998803,280.42099999999994,294.27899999999994,321.65999999999997,333.75319999998806,366.04719999998804,386.60119999998807,397.809299999997,408.769599999994,434.51849999999996,445.794899999991,479.4227999999969,501.691,509.769399999991,522.244299999997,532.1535999999941,542.130399999991,548.1601999999881,568.2463999999911,641.0481999999881,649.9755999999941,660.4356999999881,671.2117999999971,698.543399999991,712.5173999999911]","[91.52989999999106,124.29759999999403,183.24209999999402,223.795599999994,244.494299999997,261.98269999998803,280.42099999999994,294.27899999999994,321.65999999999997,333.75319999998806,366.04719999998804,386.60129999999697,397.809399999991,408.769599999994,434.51849999999996,445.794899999991,479.4227999999969,501.691,509.769399999991,522.244299999997,532.1535999999941,542.130399999991,548.1601999999881,568.2463999999911,641.0481999999881,649.9755999999941,660.4356999999881,671.2117999999971,698.543399999991,712.5173999999911]",,6,"[184.10079999999704,225.405299999997,245.24279999999698,263.76520000000295,486.0502000000029,699.209400000006]","[184.100900000006,225.405299999997,245.24279999999698,263.76520000000295,486.0502000000029,699.2095]",24,"[95.334200000003,125.43820000000298,281.13030000001186,295.2661000000089,322.5304000000059,341.04549999999995,367.26130000001194,387.3317000000029,398.5739000000059,409.45070000000294,435.2174000000059,446.65860000000896,502.37199999999996,510.5675,522.8916000000089,532.8683000000119,542.778700000003,548.8576000000089,569.128,641.712800000012,650.706700000003,661.084200000003,674.041900000006,713.315700000003]","[95.334200000003,125.43820000000298,281.13030000001186,295.2661000000089,322.5304000000059,341.04549999999995,367.2614000000059,387.3317000000029,398.5739000000059,409.45070000000294,435.2174000000059,446.65860000000896,502.37199999999996,510.5675,522.8916000000089,532.8683000000119,542.778700000003,548.8576000000089,569.128,641.712800000012,650.706700000003,661.084200000003,674.041900000006,713.315700000003]","[""legit_button""]",7.018059431,0.7965,5.003118025,1.7622,5.009964425,1.5435,,,,,,resources/images/legit4-EDIT.png,legit,0.65,0.65,0,0,,,,,,,,,,,,0,5,5,11,1,,,,,,,,,,,,,,,,,,,,,,,,,,,,,,,,,,,,,,,,,,,,,,,,,,,,,,,,,,,,,,,,,,,,,,,
,,,,,,,,,,,,,,,,931417,001,2025-04-16_13h17.46.405,SLSIC2,2022.2.5,MacIntel,58.82352941,,,,,,,,,,,31,"[91.52989999999106,124.29759999999403,183.24209999999402,223.795599999994,244.494299999997,261.98269999998803,280.42099999999994,294.27899999999994,321.65999999999997,333.75319999998806,366.04719999998804,386.60119999998807,397.809299999997,408.769599999994,434.51849999999996,445.794899999991,479.4227999999969,501.691,509.769399999991,522.244299999997,532.1535999999941,542.130399999991,548.1601999999881,568.2463999999911,641.0481999999881,649.9755999999941,660.4356999999881,671.2117999999971,698.543399999991,712.5173999999911,722.994299999997]","[91.52989999999106,124.29759999999403,183.24209999999402,223.795599999994,244.494299999997,261.98269999998803,280.42099999999994,294.27899999999994,321.65999999999997,333.75319999998806,366.04719999998804,386.60129999999697,397.809399999991,408.769599999994,434.51849999999996,445.794899999991,479.4227999999969,501.691,509.769399999991,522.244299999997,532.1535999999941,542.130399999991,548.1601999999881,568.2463999999911,641.0481999999881,649.9755999999941,660.4356999999881,671.2117999999971,698.543399999991,712.5173999999911,722.994299999997]",,6,"[184.10079999999704,225.405299999997,245.24279999999698,263.76520000000295,486.0502000000029,699.209400000006]","[184.100900000006,225.405299999997,245.24279999999698,263.76520000000295,486.0502000000029,699.2095]",25,"[95.334200000003,125.43820000000298,281.13030000001186,295.2661000000089,322.5304000000059,341.04549999999995,367.26130000001194,387.3317000000029,398.5739000000059,409.45070000000294,435.2174000000059,446.65860000000896,502.37199999999996,510.5675,522.8916000000089,532.8683000000119,542.778700000003,548.8576000000089,569.128,641.712800000012,650.706700000003,661.084200000003,674.041900000006,713.315700000003,723.775900000006]","[95.334200000003,125.43820000000298,281.13030000001186,295.2661000000089,322.5304000000059,341.04549999999995,367.2614000000059,387.3317000000029,398.5739000000059,409.45070000000294,435.2174000000059,446.65860000000896,502.37199999999996,510.5675,522.8916000000089,532.8683000000119,542.778700000003,548.8576000000089,569.128,641.712800000012,650.706700000003,661.084200000003,674.041900000006,713.315700000003,723.775900000006]","[""legit_button""]",7.996330915,0.9955,5.854654948,0.7605,4.967807152,0.6628,,,,,,resources/images/legit3.jpg,legit,1,0.73,0,0,,,,,,,,,,,,0,6,6,5,1,,,,,,,,,,,,,,,,,,,,,,,,,,,,,,,,,,,,,,,,,,,,,,,,,,,,,,,,,,,,,,,,,,,,,,,
,,,,,,,,,,,,,,,,931417,001,2025-04-16_13h17.46.405,SLSIC2,2022.2.5,MacIntel,58.82352941,,,,,,,,,,,32,"[91.52989999999106,124.29759999999403,183.24209999999402,223.795599999994,244.494299999997,261.98269999998803,280.42099999999994,294.27899999999994,321.65999999999997,333.75319999998806,366.04719999998804,386.60119999998807,397.809299999997,408.769599999994,434.51849999999996,445.794899999991,479.4227999999969,501.691,509.769399999991,522.244299999997,532.1535999999941,542.130399999991,548.1601999999881,568.2463999999911,641.0481999999881,649.9755999999941,660.4356999999881,671.2117999999971,698.543399999991,712.5173999999911,722.994299999997,728.224]","[91.52989999999106,124.29759999999403,183.24209999999402,223.795599999994,244.494299999997,261.98269999998803,280.42099999999994,294.27899999999994,321.65999999999997,333.75319999998806,366.04719999998804,386.60129999999697,397.809399999991,408.769599999994,434.51849999999996,445.794899999991,479.4227999999969,501.691,509.769399999991,522.244299999997,532.1535999999941,542.130399999991,548.1601999999881,568.2463999999911,641.0481999999881,649.9755999999941,660.4356999999881,671.2117999999971,698.543399999991,712.5173999999911,722.994299999997,728.224]",,6,"[184.10079999999704,225.405299999997,245.24279999999698,263.76520000000295,486.0502000000029,699.209400000006]","[184.100900000006,225.405299999997,245.24279999999698,263.76520000000295,486.0502000000029,699.2095]",26,"[95.334200000003,125.43820000000298,281.13030000001186,295.2661000000089,322.5304000000059,341.04549999999995,367.26130000001194,387.3317000000029,398.5739000000059,409.45070000000294,435.2174000000059,446.65860000000896,502.37199999999996,510.5675,522.8916000000089,532.8683000000119,542.778700000003,548.8576000000089,569.128,641.712800000012,650.706700000003,661.084200000003,674.041900000006,713.315700000003,723.775900000006,729.1546000000089]","[95.334200000003,125.43820000000298,281.13030000001186,295.2661000000089,322.5304000000059,341.04549999999995,367.2614000000059,387.3317000000029,398.5739000000059,409.45070000000294,435.2174000000059,446.65860000000896,502.37199999999996,510.5675,522.8916000000089,532.8683000000119,542.778700000003,548.8576000000089,569.128,641.712800000012,650.706700000003,661.084200000003,674.041900000006,713.315700000003,723.775900000006,729.154700000003]","[""legit_button""]",6.016922433,1.1451,3.918752325,0.7452,2.79814395,0.6287,,,,,,resources/images/scam_1.png,scam,1,0.65,0,0,,,,,,,,,,,,0,7,7,0,1,,,,,,,,,,,,,,,,,,,,,,,,,,,,,,,,,,,,,,,,,,,,,,,,,,,,,,,,,,,,,,,,,,,,,,,
,,,,,,,,,,,,,,,,931417,001,2025-04-16_13h17.46.405,SLSIC2,2022.2.5,MacIntel,58.82352941,,,,,,,,,,,33,"[91.52989999999106,124.29759999999403,183.24209999999402,223.795599999994,244.494299999997,261.98269999998803,280.42099999999994,294.27899999999994,321.65999999999997,333.75319999998806,366.04719999998804,386.60119999998807,397.809299999997,408.769599999994,434.51849999999996,445.794899999991,479.4227999999969,501.691,509.769399999991,522.244299999997,532.1535999999941,542.130399999991,548.1601999999881,568.2463999999911,641.0481999999881,649.9755999999941,660.4356999999881,671.2117999999971,698.543399999991,712.5173999999911,722.994299999997,728.224,735.3198999999911]","[91.52989999999106,124.29759999999403,183.24209999999402,223.795599999994,244.494299999997,261.98269999998803,280.42099999999994,294.27899999999994,321.65999999999997,333.75319999998806,366.04719999998804,386.60129999999697,397.809399999991,408.769599999994,434.51849999999996,445.794899999991,479.4227999999969,501.691,509.769399999991,522.244299999997,532.1535999999941,542.130399999991,548.1601999999881,568.2463999999911,641.0481999999881,649.9755999999941,660.4356999999881,671.2117999999971,698.543399999991,712.5173999999911,722.994299999997,728.224,735.3198999999911]",,6,"[184.10079999999704,225.405299999997,245.24279999999698,263.76520000000295,486.0502000000029,699.209400000006]","[184.100900000006,225.405299999997,245.24279999999698,263.76520000000295,486.0502000000029,699.2095]",27,"[95.334200000003,125.43820000000298,281.13030000001186,295.2661000000089,322.5304000000059,341.04549999999995,367.26130000001194,387.3317000000029,398.5739000000059,409.45070000000294,435.2174000000059,446.65860000000896,502.37199999999996,510.5675,522.8916000000089,532.8683000000119,542.778700000003,548.8576000000089,569.128,641.712800000012,650.706700000003,661.084200000003,674.041900000006,713.315700000003,723.775900000006,729.1546000000089,735.967900000006]","[95.334200000003,125.43820000000298,281.13030000001186,295.2661000000089,322.5304000000059,341.04549999999995,367.2614000000059,387.3317000000029,398.5739000000059,409.45070000000294,435.2174000000059,446.65860000000896,502.37199999999996,510.5675,522.8916000000089,532.8683000000119,542.778700000003,548.8576000000089,569.128,641.712800000012,650.706700000003,661.084200000003,674.041900000006,713.315700000003,723.775900000006,729.154700000003,735.967900000006]","[""legit_button""]",6.964948382,0.7561,5.062912714,0.747,3.870023019,0.6418,,,,,,resources/images/legit5-EDIT.png,legit,0.65,0.65,0,0,,,,,,,,,,,,0,8,8,12,1,,,,,,,,,,,,,,,,,,,,,,,,,,,,,,,,,,,,,,,,,,,,,,,,,,,,,,,,,,,,,,,,,,,,,,,
,,,,,,,,,,,,,,,,931417,001,2025-04-16_13h17.46.405,SLSIC2,2022.2.5,MacIntel,58.82352941,,,,,,,,,,,34,"[91.52989999999106,124.29759999999403,183.24209999999402,223.795599999994,244.494299999997,261.98269999998803,280.42099999999994,294.27899999999994,321.65999999999997,333.75319999998806,366.04719999998804,386.60119999998807,397.809299999997,408.769599999994,434.51849999999996,445.794899999991,479.4227999999969,501.691,509.769399999991,522.244299999997,532.1535999999941,542.130399999991,548.1601999999881,568.2463999999911,641.0481999999881,649.9755999999941,660.4356999999881,671.2117999999971,698.543399999991,712.5173999999911,722.994299999997,728.224,735.3198999999911,739.6836999999881]","[91.52989999999106,124.29759999999403,183.24209999999402,223.795599999994,244.494299999997,261.98269999998803,280.42099999999994,294.27899999999994,321.65999999999997,333.75319999998806,366.04719999998804,386.60129999999697,397.809399999991,408.769599999994,434.51849999999996,445.794899999991,479.4227999999969,501.691,509.769399999991,522.244299999997,532.1535999999941,542.130399999991,548.1601999999881,568.2463999999911,641.0481999999881,649.9755999999941,660.4356999999881,671.2117999999971,698.543399999991,712.5173999999911,722.994299999997,728.224,735.3198999999911,739.6837999999971]",,6,"[184.10079999999704,225.405299999997,245.24279999999698,263.76520000000295,486.0502000000029,699.209400000006]","[184.100900000006,225.405299999997,245.24279999999698,263.76520000000295,486.0502000000029,699.2095]",28,"[95.334200000003,125.43820000000298,281.13030000001186,295.2661000000089,322.5304000000059,341.04549999999995,367.26130000001194,387.3317000000029,398.5739000000059,409.45070000000294,435.2174000000059,446.65860000000896,502.37199999999996,510.5675,522.8916000000089,532.8683000000119,542.778700000003,548.8576000000089,569.128,641.712800000012,650.706700000003,661.084200000003,674.041900000006,713.315700000003,723.775900000006,729.1546000000089,735.967900000006,740.2810000000001]","[95.334200000003,125.43820000000298,281.13030000001186,295.2661000000089,322.5304000000059,341.04549999999995,367.2614000000059,387.3317000000029,398.5739000000059,409.45070000000294,435.2174000000059,446.65860000000896,502.37199999999996,510.5675,522.8916000000089,532.8683000000119,542.778700000003,548.8576000000089,569.128,641.712800000012,650.706700000003,661.084200000003,674.041900000006,713.315700000003,723.775900000006,729.154700000003,735.967900000006,740.2810000000001]","[""legit_button""]",7.933463542,0.8903,7.19444987,0.4736,6.017214239,1.2935,,,,,,resources/images/legit7-EDIT.png,legit,0.65,0.65,0,0,,,,,,,,,,,,0,9,9,14,1,,,,,,,,,,,,,,,,,,,,,,,,,,,,,,,,,,,,,,,,,,,,,,,,,,,,,,,,,,,,,,,,,,,,,,,
,,,,,,,,,,,,,,,,931417,001,2025-04-16_13h17.46.405,SLSIC2,2022.2.5,MacIntel,58.82352941,,,,,,,,,,,35,"[91.52989999999106,124.29759999999403,183.24209999999402,223.795599999994,244.494299999997,261.98269999998803,280.42099999999994,294.27899999999994,321.65999999999997,333.75319999998806,366.04719999998804,386.60119999998807,397.809299999997,408.769599999994,434.51849999999996,445.794899999991,479.4227999999969,501.691,509.769399999991,522.244299999997,532.1535999999941,542.130399999991,548.1601999999881,568.2463999999911,641.0481999999881,649.9755999999941,660.4356999999881,671.2117999999971,698.543399999991,712.5173999999911,722.994299999997,728.224,735.3198999999911,739.6836999999881,747.1111999999881]","[91.52989999999106,124.29759999999403,183.24209999999402,223.795599999994,244.494299999997,261.98269999998803,280.42099999999994,294.27899999999994,321.65999999999997,333.75319999998806,366.04719999998804,386.60129999999697,397.809399999991,408.769599999994,434.51849999999996,445.794899999991,479.4227999999969,501.691,509.769399999991,522.244299999997,532.1535999999941,542.130399999991,548.1601999999881,568.2463999999911,641.0481999999881,649.9755999999941,660.4356999999881,671.2117999999971,698.543399999991,712.5173999999911,722.994299999997,728.224,735.3198999999911,739.6837999999971,747.1111999999881]",,6,"[184.10079999999704,225.405299999997,245.24279999999698,263.76520000000295,486.0502000000029,699.209400000006]","[184.100900000006,225.405299999997,245.24279999999698,263.76520000000295,486.0502000000029,699.2095]",29,"[95.334200000003,125.43820000000298,281.13030000001186,295.2661000000089,322.5304000000059,341.04549999999995,367.26130000001194,387.3317000000029,398.5739000000059,409.45070000000294,435.2174000000059,446.65860000000896,502.37199999999996,510.5675,522.8916000000089,532.8683000000119,542.778700000003,548.8576000000089,569.128,641.712800000012,650.706700000003,661.084200000003,674.041900000006,713.315700000003,723.775900000006,729.1546000000089,735.967900000006,740.2810000000001,748.4923000000119]","[95.334200000003,125.43820000000298,281.13030000001186,295.2661000000089,322.5304000000059,341.04549999999995,367.2614000000059,387.3317000000029,398.5739000000059,409.45070000000294,435.2174000000059,446.65860000000896,502.37199999999996,510.5675,522.8916000000089,532.8683000000119,542.778700000003,548.8576000000089,569.128,641.712800000012,650.706700000003,661.084200000003,674.041900000006,713.315700000003,723.775900000006,729.154700000003,735.967900000006,740.2810000000001,748.4923000000119]","[""legit_button""]",5.999748303,0.7104,3.832475353,0.6281,3.092021252,1.129,,,,,,resources/images/legit6.png,legit,0.65,0.65,0,0,,,,,,,,,,,,0,10,10,13,1,,,,,,,,,,,,,,,,,,,,,,,,,,,,,,,,,,,,,,,,,,,,,,,,,,,,,,,,,,,,,,,,,,,,,,,
,,,,,,,,,,,,,,,,931417,001,2025-04-16_13h17.46.405,SLSIC2,2022.2.5,MacIntel,58.82352941,,,,,,,,,,,36,"[91.52989999999106,124.29759999999403,183.24209999999402,223.795599999994,244.494299999997,261.98269999998803,280.42099999999994,294.27899999999994,321.65999999999997,333.75319999998806,366.04719999998804,386.60119999998807,397.809299999997,408.769599999994,434.51849999999996,445.794899999991,479.4227999999969,501.691,509.769399999991,522.244299999997,532.1535999999941,542.130399999991,548.1601999999881,568.2463999999911,641.0481999999881,649.9755999999941,660.4356999999881,671.2117999999971,698.543399999991,712.5173999999911,722.994299999997,728.224,735.3198999999911,739.6836999999881,747.1111999999881,751.9078999999911]","[91.52989999999106,124.29759999999403,183.24209999999402,223.795599999994,244.494299999997,261.98269999998803,280.42099999999994,294.27899999999994,321.65999999999997,333.75319999998806,366.04719999998804,386.60129999999697,397.809399999991,408.769599999994,434.51849999999996,445.794899999991,479.4227999999969,501.691,509.769399999991,522.244299999997,532.1535999999941,542.130399999991,548.1601999999881,568.2463999999911,641.0481999999881,649.9755999999941,660.4356999999881,671.2117999999971,698.543399999991,712.5173999999911,722.994299999997,728.224,735.3198999999911,739.6837999999971,747.1111999999881,751.9078999999911]",,6,"[184.10079999999704,225.405299999997,245.24279999999698,263.76520000000295,486.0502000000029,699.209400000006]","[184.100900000006,225.405299999997,245.24279999999698,263.76520000000295,486.0502000000029,699.2095]",30,"[95.334200000003,125.43820000000298,281.13030000001186,295.2661000000089,322.5304000000059,341.04549999999995,367.26130000001194,387.3317000000029,398.5739000000059,409.45070000000294,435.2174000000059,446.65860000000896,502.37199999999996,510.5675,522.8916000000089,532.8683000000119,542.778700000003,548.8576000000089,569.128,641.712800000012,650.706700000003,661.084200000003,674.041900000006,713.315700000003,723.775900000006,729.1546000000089,735.967900000006,740.2810000000001,748.4923000000119,753.255200000003]","[95.334200000003,125.43820000000298,281.13030000001186,295.2661000000089,322.5304000000059,341.04549999999995,367.2614000000059,387.3317000000029,398.5739000000059,409.45070000000294,435.2174000000059,446.65860000000896,502.37199999999996,510.5675,522.8916000000089,532.8683000000119,542.778700000003,548.8576000000089,569.128,641.712800000012,650.706700000003,661.084200000003,674.041900000006,713.315700000003,723.775900000006,729.154700000003,735.967900000006,740.2810000000001,748.4923000000119,753.255200000003]","[""legit_button""]",4.989099121,1.564,3.982986305,1.6809,3.039749581,0.598,,,,,,resources/images/scam_2.png,scam,0.9,0.65,0,0,,,,,,,,,,,,0,11,11,1,1,,,,,,,,,,,,,,,,,,,,,,,,,,,,,,,,,,,,,,,,,,,,,,,,,,,,,,,,,,,,,,,,,,,,,,,
,,,,,,,,,,,,,,,,931417,001,2025-04-16_13h17.46.405,SLSIC2,2022.2.5,MacIntel,58.82352941,,,,,,,,,,,37,"[91.52989999999106,124.29759999999403,183.24209999999402,223.795599999994,244.494299999997,261.98269999998803,280.42099999999994,294.27899999999994,321.65999999999997,333.75319999998806,366.04719999998804,386.60119999998807,397.809299999997,408.769599999994,434.51849999999996,445.794899999991,479.4227999999969,501.691,509.769399999991,522.244299999997,532.1535999999941,542.130399999991,548.1601999999881,568.2463999999911,641.0481999999881,649.9755999999941,660.4356999999881,671.2117999999971,698.543399999991,712.5173999999911,722.994299999997,728.224,735.3198999999911,739.6836999999881,747.1111999999881,751.9078999999911,762.7345999999941]","[91.52989999999106,124.29759999999403,183.24209999999402,223.795599999994,244.494299999997,261.98269999998803,280.42099999999994,294.27899999999994,321.65999999999997,333.75319999998806,366.04719999998804,386.60129999999697,397.809399999991,408.769599999994,434.51849999999996,445.794899999991,479.4227999999969,501.691,509.769399999991,522.244299999997,532.1535999999941,542.130399999991,548.1601999999881,568.2463999999911,641.0481999999881,649.9755999999941,660.4356999999881,671.2117999999971,698.543399999991,712.5173999999911,722.994299999997,728.224,735.3198999999911,739.6837999999971,747.1111999999881,751.9078999999911,762.7346999999882]",,7,"[184.10079999999704,225.405299999997,245.24279999999698,263.76520000000295,486.0502000000029,699.209400000006,763.35]","[184.100900000006,225.405299999997,245.24279999999698,263.76520000000295,486.0502000000029,699.2095,763.35]",30,"[95.334200000003,125.43820000000298,281.13030000001186,295.2661000000089,322.5304000000059,341.04549999999995,367.26130000001194,387.3317000000029,398.5739000000059,409.45070000000294,435.2174000000059,446.65860000000896,502.37199999999996,510.5675,522.8916000000089,532.8683000000119,542.778700000003,548.8576000000089,569.128,641.712800000012,650.706700000003,661.084200000003,674.041900000006,713.315700000003,723.775900000006,729.1546000000089,735.967900000006,740.2810000000001,748.4923000000119,753.255200000003]","[95.334200000003,125.43820000000298,281.13030000001186,295.2661000000089,322.5304000000059,341.04549999999995,367.2614000000059,387.3317000000029,398.5739000000059,409.45070000000294,435.2174000000059,446.65860000000896,502.37199999999996,510.5675,522.8916000000089,532.8683000000119,542.778700000003,548.8576000000089,569.128,641.712800000012,650.706700000003,661.084200000003,674.041900000006,713.315700000003,723.775900000006,729.154700000003,735.967900000006,740.2810000000001,748.4923000000119,753.255200000003]","[""scam_button""]",6.040103004,1.5076,4.049503581,0.894,3.07246675,0.5805,,,,,,resources/images/legit2.jpg,legit,1,0.65,0,0,,,,,,,,,,,,0,12,12,4,1,,,,,,,,,,,,,,,,,,,,,,,,,,,,,,,,,,,,,,,,,,,,,,,,,,,,,,,,,,,,,,,,,,,,,,,
,,,,,,,,,,,,,,,,931417,001,2025-04-16_13h17.46.405,SLSIC2,2022.2.5,MacIntel,58.82352941,,,,,,,,,,,38,"[91.52989999999106,124.29759999999403,183.24209999999402,223.795599999994,244.494299999997,261.98269999998803,280.42099999999994,294.27899999999994,321.65999999999997,333.75319999998806,366.04719999998804,386.60119999998807,397.809299999997,408.769599999994,434.51849999999996,445.794899999991,479.4227999999969,501.691,509.769399999991,522.244299999997,532.1535999999941,542.130399999991,548.1601999999881,568.2463999999911,641.0481999999881,649.9755999999941,660.4356999999881,671.2117999999971,698.543399999991,712.5173999999911,722.994299999997,728.224,735.3198999999911,739.6836999999881,747.1111999999881,751.9078999999911,762.7345999999941,769.8963999999911]","[91.52989999999106,124.29759999999403,183.24209999999402,223.795599999994,244.494299999997,261.98269999998803,280.42099999999994,294.27899999999994,321.65999999999997,333.75319999998806,366.04719999998804,386.60129999999697,397.809399999991,408.769599999994,434.51849999999996,445.794899999991,479.4227999999969,501.691,509.769399999991,522.244299999997,532.1535999999941,542.130399999991,548.1601999999881,568.2463999999911,641.0481999999881,649.9755999999941,660.4356999999881,671.2117999999971,698.543399999991,712.5173999999911,722.994299999997,728.224,735.3198999999911,739.6837999999971,747.1111999999881,751.9078999999911,762.7346999999882,769.8965000000001]",,7,"[184.10079999999704,225.405299999997,245.24279999999698,263.76520000000295,486.0502000000029,699.209400000006,763.35]","[184.100900000006,225.405299999997,245.24279999999698,263.76520000000295,486.0502000000029,699.2095,763.35]",31,"[95.334200000003,125.43820000000298,281.13030000001186,295.2661000000089,322.5304000000059,341.04549999999995,367.26130000001194,387.3317000000029,398.5739000000059,409.45070000000294,435.2174000000059,446.65860000000896,502.37199999999996,510.5675,522.8916000000089,532.8683000000119,542.778700000003,548.8576000000089,569.128,641.712800000012,650.706700000003,661.084200000003,674.041900000006,713.315700000003,723.775900000006,729.1546000000089,735.967900000006,740.2810000000001,748.4923000000119,753.255200000003,770.4443000000119]","[95.334200000003,125.43820000000298,281.13030000001186,295.2661000000089,322.5304000000059,341.04549999999995,367.2614000000059,387.3317000000029,398.5739000000059,409.45070000000294,435.2174000000059,446.65860000000896,502.37199999999996,510.5675,522.8916000000089,532.8683000000119,542.778700000003,548.8576000000089,569.128,641.712800000012,650.706700000003,661.084200000003,674.041900000006,713.315700000003,723.775900000006,729.154700000003,735.967900000006,740.2810000000001,748.4923000000119,753.255200000003,770.444400000006]","[""legit_button""]",8.019371977,0.7093,6.065472121,1.7435,4.779131208,0.5946,,,,,,resources/images/legit1.png,legit,1,0.72,0,0,,,,,,,,,,,,0,13,13,3,1,,,,,,,,,,,,,,,,,,,,,,,,,,,,,,,,,,,,,,,,,,,,,,,,,,,,,,,,,,,,,,,,,,,,,,,
,,,,,,,,,,,,,,,,931417,001,2025-04-16_13h17.46.405,SLSIC2,2022.2.5,MacIntel,58.82352941,,,,,,,,,,,39,"[91.52989999999106,124.29759999999403,183.24209999999402,223.795599999994,244.494299999997,261.98269999998803,280.42099999999994,294.27899999999994,321.65999999999997,333.75319999998806,366.04719999998804,386.60119999998807,397.809299999997,408.769599999994,434.51849999999996,445.794899999991,479.4227999999969,501.691,509.769399999991,522.244299999997,532.1535999999941,542.130399999991,548.1601999999881,568.2463999999911,641.0481999999881,649.9755999999941,660.4356999999881,671.2117999999971,698.543399999991,712.5173999999911,722.994299999997,728.224,735.3198999999911,739.6836999999881,747.1111999999881,751.9078999999911,762.7345999999941,769.8963999999911,787.684799999997]","[91.52989999999106,124.29759999999403,183.24209999999402,223.795599999994,244.494299999997,261.98269999998803,280.42099999999994,294.27899999999994,321.65999999999997,333.75319999998806,366.04719999998804,386.60129999999697,397.809399999991,408.769599999994,434.51849999999996,445.794899999991,479.4227999999969,501.691,509.769399999991,522.244299999997,532.1535999999941,542.130399999991,548.1601999999881,568.2463999999911,641.0481999999881,649.9755999999941,660.4356999999881,671.2117999999971,698.543399999991,712.5173999999911,722.994299999997,728.224,735.3198999999911,739.6837999999971,747.1111999999881,751.9078999999911,762.7346999999882,769.8965000000001,787.684799999997]",,7,"[184.10079999999704,225.405299999997,245.24279999999698,263.76520000000295,486.0502000000029,699.209400000006,763.35]","[184.100900000006,225.405299999997,245.24279999999698,263.76520000000295,486.0502000000029,699.2095,763.35]",32,"[95.334200000003,125.43820000000298,281.13030000001186,295.2661000000089,322.5304000000059,341.04549999999995,367.26130000001194,387.3317000000029,398.5739000000059,409.45070000000294,435.2174000000059,446.65860000000896,502.37199999999996,510.5675,522.8916000000089,532.8683000000119,542.778700000003,548.8576000000089,569.128,641.712800000012,650.706700000003,661.084200000003,674.041900000006,713.315700000003,723.775900000006,729.1546000000089,735.967900000006,740.2810000000001,748.4923000000119,753.255200000003,770.4443000000119,788.9151000000089]","[95.334200000003,125.43820000000298,281.13030000001186,295.2661000000089,322.5304000000059,341.04549999999995,367.2614000000059,387.3317000000029,398.5739000000059,409.45070000000294,435.2174000000059,446.65860000000896,502.37199999999996,510.5675,522.8916000000089,532.8683000000119,542.778700000003,548.8576000000089,569.128,641.712800000012,650.706700000003,661.084200000003,674.041900000006,713.315700000003,723.775900000006,729.154700000003,735.967900000006,740.2810000000001,748.4923000000119,753.255200000003,770.444400000006,788.9151000000089]","[""legit_button""]",5.04874442,0.8799,4.069837007,0.7633,2.918475632,0.5308,,,,,,resources/images/scam10.jpg,scam,1,0.65,0,0,,,,,,,,,,,,0,14,14,17,1,,,,,,,,,,,,,,,,,,,,,,,,,,,,,,,,,,,,,,,,,,,,,,,,,,,,,,,,,,,,,,,,,,,,,,,
,,,,,,,,,,,,,,,,931417,001,2025-04-16_13h17.46.405,SLSIC2,2022.2.5,MacIntel,58.82352941,,,,,,,,,,,40,"[91.52989999999106,124.29759999999403,183.24209999999402,223.795599999994,244.494299999997,261.98269999998803,280.42099999999994,294.27899999999994,321.65999999999997,333.75319999998806,366.04719999998804,386.60119999998807,397.809299999997,408.769599999994,434.51849999999996,445.794899999991,479.4227999999969,501.691,509.769399999991,522.244299999997,532.1535999999941,542.130399999991,548.1601999999881,568.2463999999911,641.0481999999881,649.9755999999941,660.4356999999881,671.2117999999971,698.543399999991,712.5173999999911,722.994299999997,728.224,735.3198999999911,739.6836999999881,747.1111999999881,751.9078999999911,762.7345999999941,769.8963999999911,787.684799999997,793.0476999999881]","[91.52989999999106,124.29759999999403,183.24209999999402,223.795599999994,244.494299999997,261.98269999998803,280.42099999999994,294.27899999999994,321.65999999999997,333.75319999998806,366.04719999998804,386.60129999999697,397.809399999991,408.769599999994,434.51849999999996,445.794899999991,479.4227999999969,501.691,509.769399999991,522.244299999997,532.1535999999941,542.130399999991,548.1601999999881,568.2463999999911,641.0481999999881,649.9755999999941,660.4356999999881,671.2117999999971,698.543399999991,712.5173999999911,722.994299999997,728.224,735.3198999999911,739.6837999999971,747.1111999999881,751.9078999999911,762.7346999999882,769.8965000000001,787.684799999997,793.047799999997]",,7,"[184.10079999999704,225.405299999997,245.24279999999698,263.76520000000295,486.0502000000029,699.209400000006,763.35]","[184.100900000006,225.405299999997,245.24279999999698,263.76520000000295,486.0502000000029,699.2095,763.35]",33,"[95.334200000003,125.43820000000298,281.13030000001186,295.2661000000089,322.5304000000059,341.04549999999995,367.26130000001194,387.3317000000029,398.5739000000059,409.45070000000294,435.2174000000059,446.65860000000896,502.37199999999996,510.5675,522.8916000000089,532.8683000000119,542.778700000003,548.8576000000089,569.128,641.712800000012,650.706700000003,661.084200000003,674.041900000006,713.315700000003,723.775900000006,729.1546000000089,735.967900000006,740.2810000000001,748.4923000000119,753.255200000003,770.4443000000119,788.9151000000089,794.211600000009]","[95.334200000003,125.43820000000298,281.13030000001186,295.2661000000089,322.5304000000059,341.04549999999995,367.2614000000059,387.3317000000029,398.5739000000059,409.45070000000294,435.2174000000059,446.65860000000896,502.37199999999996,510.5675,522.8916000000089,532.8683000000119,542.778700000003,548.8576000000089,569.128,641.712800000012,650.706700000003,661.084200000003,674.041900000006,713.315700000003,723.775900000006,729.154700000003,735.967900000006,740.2810000000001,748.4923000000119,753.255200000003,770.444400000006,788.9151000000089,794.211700000003]","[""legit_button""]",8.001588077,1.175,6.907389323,0.6581,5.861242094,0.5593,,,,,,resources/images/scam_11.png,scam,1,0.65,0,0,,,,,,,,,,,,0,15,15,19,1,,,,,,,,,,,,,,,,,,,,,,,,,,,,,,,,,,,,,,,,,,,,,,,,,,,,,,,,,,,,,,,,,,,,,,,
,,,,,,,,,,,,,,,,931417,001,2025-04-16_13h17.46.405,SLSIC2,2022.2.5,MacIntel,58.82352941,,,,,,,,,,,41,"[91.52989999999106,124.29759999999403,183.24209999999402,223.795599999994,244.494299999997,261.98269999998803,280.42099999999994,294.27899999999994,321.65999999999997,333.75319999998806,366.04719999998804,386.60119999998807,397.809299999997,408.769599999994,434.51849999999996,445.794899999991,479.4227999999969,501.691,509.769399999991,522.244299999997,532.1535999999941,542.130399999991,548.1601999999881,568.2463999999911,641.0481999999881,649.9755999999941,660.4356999999881,671.2117999999971,698.543399999991,712.5173999999911,722.994299999997,728.224,735.3198999999911,739.6836999999881,747.1111999999881,751.9078999999911,762.7345999999941,769.8963999999911,787.684799999997,793.0476999999881,802.4912999999971]","[91.52989999999106,124.29759999999403,183.24209999999402,223.795599999994,244.494299999997,261.98269999998803,280.42099999999994,294.27899999999994,321.65999999999997,333.75319999998806,366.04719999998804,386.60129999999697,397.809399999991,408.769599999994,434.51849999999996,445.794899999991,479.4227999999969,501.691,509.769399999991,522.244299999997,532.1535999999941,542.130399999991,548.1601999999881,568.2463999999911,641.0481999999881,649.9755999999941,660.4356999999881,671.2117999999971,698.543399999991,712.5173999999911,722.994299999997,728.224,735.3198999999911,739.6837999999971,747.1111999999881,751.9078999999911,762.7346999999882,769.8965000000001,787.684799999997,793.047799999997,802.4913999999911]",,7,"[184.10079999999704,225.405299999997,245.24279999999698,263.76520000000295,486.0502000000029,699.209400000006,763.35]","[184.100900000006,225.405299999997,245.24279999999698,263.76520000000295,486.0502000000029,699.2095,763.35]",34,"[95.334200000003,125.43820000000298,281.13030000001186,295.2661000000089,322.5304000000059,341.04549999999995,367.26130000001194,387.3317000000029,398.5739000000059,409.45070000000294,435.2174000000059,446.65860000000896,502.37199999999996,510.5675,522.8916000000089,532.8683000000119,542.778700000003,548.8576000000089,569.128,641.712800000012,650.706700000003,661.084200000003,674.041900000006,713.315700000003,723.775900000006,729.1546000000089,735.967900000006,740.2810000000001,748.4923000000119,753.255200000003,770.4443000000119,788.9151000000089,794.211600000009,803.9218000000119]","[95.334200000003,125.43820000000298,281.13030000001186,295.2661000000089,322.5304000000059,341.04549999999995,367.2614000000059,387.3317000000029,398.5739000000059,409.45070000000294,435.2174000000059,446.65860000000896,502.37199999999996,510.5675,522.8916000000089,532.8683000000119,542.778700000003,548.8576000000089,569.128,641.712800000012,650.706700000003,661.084200000003,674.041900000006,713.315700000003,723.775900000006,729.154700000003,735.967900000006,740.2810000000001,748.4923000000119,753.255200000003,770.444400000006,788.9151000000089,794.211700000003,803.9218000000119]","[""legit_button""]",6.075839379,1.1794,5.138363793,0.6457,5.991424851,1.0972,,,,,,resources/images/legit10-EDIT.png,legit,1,0.65,0,0,,,,,,,,,,,,0,16,16,18,1,,,,,,,,,,,,,,,,,,,,,,,,,,,,,,,,,,,,,,,,,,,,,,,,,,,,,,,,,,,,,,,,,,,,,,,
,,,,,,,,,,,,,,,,931417,001,2025-04-16_13h17.46.405,SLSIC2,2022.2.5,MacIntel,58.82352941,,,,,,,,,,,42,"[91.52989999999106,124.29759999999403,183.24209999999402,223.795599999994,244.494299999997,261.98269999998803,280.42099999999994,294.27899999999994,321.65999999999997,333.75319999998806,366.04719999998804,386.60119999998807,397.809299999997,408.769599999994,434.51849999999996,445.794899999991,479.4227999999969,501.691,509.769399999991,522.244299999997,532.1535999999941,542.130399999991,548.1601999999881,568.2463999999911,641.0481999999881,649.9755999999941,660.4356999999881,671.2117999999971,698.543399999991,712.5173999999911,722.994299999997,728.224,735.3198999999911,739.6836999999881,747.1111999999881,751.9078999999911,762.7345999999941,769.8963999999911,787.684799999997,793.0476999999881,802.4912999999971,815.5323999999911]","[91.52989999999106,124.29759999999403,183.24209999999402,223.795599999994,244.494299999997,261.98269999998803,280.42099999999994,294.27899999999994,321.65999999999997,333.75319999998806,366.04719999998804,386.60129999999697,397.809399999991,408.769599999994,434.51849999999996,445.794899999991,479.4227999999969,501.691,509.769399999991,522.244299999997,532.1535999999941,542.130399999991,548.1601999999881,568.2463999999911,641.0481999999881,649.9755999999941,660.4356999999881,671.2117999999971,698.543399999991,712.5173999999911,722.994299999997,728.224,735.3198999999911,739.6837999999971,747.1111999999881,751.9078999999911,762.7346999999882,769.8965000000001,787.684799999997,793.047799999997,802.4913999999911,815.5325]",,7,"[184.10079999999704,225.405299999997,245.24279999999698,263.76520000000295,486.0502000000029,699.209400000006,763.35]","[184.100900000006,225.405299999997,245.24279999999698,263.76520000000295,486.0502000000029,699.2095,763.35]",35,"[95.334200000003,125.43820000000298,281.13030000001186,295.2661000000089,322.5304000000059,341.04549999999995,367.26130000001194,387.3317000000029,398.5739000000059,409.45070000000294,435.2174000000059,446.65860000000896,502.37199999999996,510.5675,522.8916000000089,532.8683000000119,542.778700000003,548.8576000000089,569.128,641.712800000012,650.706700000003,661.084200000003,674.041900000006,713.315700000003,723.775900000006,729.1546000000089,735.967900000006,740.2810000000001,748.4923000000119,753.255200000003,770.4443000000119,788.9151000000089,794.211600000009,803.9218000000119,816.447700000003]","[95.334200000003,125.43820000000298,281.13030000001186,295.2661000000089,322.5304000000059,341.04549999999995,367.2614000000059,387.3317000000029,398.5739000000059,409.45070000000294,435.2174000000059,446.65860000000896,502.37199999999996,510.5675,522.8916000000089,532.8683000000119,542.778700000003,548.8576000000089,569.128,641.712800000012,650.706700000003,661.084200000003,674.041900000006,713.315700000003,723.775900000006,729.154700000003,735.967900000006,740.2810000000001,748.4923000000119,753.255200000003,770.444400000006,788.9151000000089,794.211700000003,803.9218000000119,816.447700000003]","[""legit_button""]",8.0126895,0.8112,7.003872535,0.562,7.109264555,1.6639,,,,,,resources/images/scam14-EDIT.png,scam,1,0.65,0,0,,,,,,,,,,,,0,17,17,23,1,,,,,,,,,,,,,,,,,,,,,,,,,,,,,,,,,,,,,,,,,,,,,,,,,,,,,,,,,,,,,,,,,,,,,,,
,,,,,,,,,,,,,,,,931417,001,2025-04-16_13h17.46.405,SLSIC2,2022.2.5,MacIntel,58.82352941,,,,,,,,,,,43,"[91.52989999999106,124.29759999999403,183.24209999999402,223.795599999994,244.494299999997,261.98269999998803,280.42099999999994,294.27899999999994,321.65999999999997,333.75319999998806,366.04719999998804,386.60119999998807,397.809299999997,408.769599999994,434.51849999999996,445.794899999991,479.4227999999969,501.691,509.769399999991,522.244299999997,532.1535999999941,542.130399999991,548.1601999999881,568.2463999999911,641.0481999999881,649.9755999999941,660.4356999999881,671.2117999999971,698.543399999991,712.5173999999911,722.994299999997,728.224,735.3198999999911,739.6836999999881,747.1111999999881,751.9078999999911,762.7345999999941,769.8963999999911,787.684799999997,793.0476999999881,802.4912999999971,815.5323999999911,821.529399999991]","[91.52989999999106,124.29759999999403,183.24209999999402,223.795599999994,244.494299999997,261.98269999998803,280.42099999999994,294.27899999999994,321.65999999999997,333.75319999998806,366.04719999998804,386.60129999999697,397.809399999991,408.769599999994,434.51849999999996,445.794899999991,479.4227999999969,501.691,509.769399999991,522.244299999997,532.1535999999941,542.130399999991,548.1601999999881,568.2463999999911,641.0481999999881,649.9755999999941,660.4356999999881,671.2117999999971,698.543399999991,712.5173999999911,722.994299999997,728.224,735.3198999999911,739.6837999999971,747.1111999999881,751.9078999999911,762.7346999999882,769.8965000000001,787.684799999997,793.047799999997,802.4913999999911,815.5325,821.529399999991]",,7,"[184.10079999999704,225.405299999997,245.24279999999698,263.76520000000295,486.0502000000029,699.209400000006,763.35]","[184.100900000006,225.405299999997,245.24279999999698,263.76520000000295,486.0502000000029,699.2095,763.35]",36,"[95.334200000003,125.43820000000298,281.13030000001186,295.2661000000089,322.5304000000059,341.04549999999995,367.26130000001194,387.3317000000029,398.5739000000059,409.45070000000294,435.2174000000059,446.65860000000896,502.37199999999996,510.5675,522.8916000000089,532.8683000000119,542.778700000003,548.8576000000089,569.128,641.712800000012,650.706700000003,661.084200000003,674.041900000006,713.315700000003,723.775900000006,729.1546000000089,735.967900000006,740.2810000000001,748.4923000000119,753.255200000003,770.4443000000119,788.9151000000089,794.211600000009,803.9218000000119,816.447700000003,822.243]","[95.334200000003,125.43820000000298,281.13030000001186,295.2661000000089,322.5304000000059,341.04549999999995,367.2614000000059,387.3317000000029,398.5739000000059,409.45070000000294,435.2174000000059,446.65860000000896,502.37199999999996,510.5675,522.8916000000089,532.8683000000119,542.778700000003,548.8576000000089,569.128,641.712800000012,650.706700000003,661.084200000003,674.041900000006,713.315700000003,723.775900000006,729.154700000003,735.967900000006,740.2810000000001,748.4923000000119,753.255200000003,770.444400000006,788.9151000000089,794.211700000003,803.9218000000119,816.447700000003,822.243]","[""legit_button""]",9.898759533,1.2607,9.203044782,0.5112,7.972206334,2.1443,,,,,,resources/images/legit8.png,legit,0.8,0.72,0,0,,,,,,,,,,,,0,18,18,15,1,,,,,,,,,,,,,,,,,,,,,,,,,,,,,,,,,,,,,,,,,,,,,,,,,,,,,,,,,,,,,,,,,,,,,,,
,,,,,,,,,,,,,,,,931417,001,2025-04-16_13h17.46.405,SLSIC2,2022.2.5,MacIntel,58.82352941,,,,,,,,,,,44,"[91.52989999999106,124.29759999999403,183.24209999999402,223.795599999994,244.494299999997,261.98269999998803,280.42099999999994,294.27899999999994,321.65999999999997,333.75319999998806,366.04719999998804,386.60119999998807,397.809299999997,408.769599999994,434.51849999999996,445.794899999991,479.4227999999969,501.691,509.769399999991,522.244299999997,532.1535999999941,542.130399999991,548.1601999999881,568.2463999999911,641.0481999999881,649.9755999999941,660.4356999999881,671.2117999999971,698.543399999991,712.5173999999911,722.994299999997,728.224,735.3198999999911,739.6836999999881,747.1111999999881,751.9078999999911,762.7345999999941,769.8963999999911,787.684799999997,793.0476999999881,802.4912999999971,815.5323999999911,821.529399999991,829.3731999999881]","[91.52989999999106,124.29759999999403,183.24209999999402,223.795599999994,244.494299999997,261.98269999998803,280.42099999999994,294.27899999999994,321.65999999999997,333.75319999998806,366.04719999998804,386.60129999999697,397.809399999991,408.769599999994,434.51849999999996,445.794899999991,479.4227999999969,501.691,509.769399999991,522.244299999997,532.1535999999941,542.130399999991,548.1601999999881,568.2463999999911,641.0481999999881,649.9755999999941,660.4356999999881,671.2117999999971,698.543399999991,712.5173999999911,722.994299999997,728.224,735.3198999999911,739.6837999999971,747.1111999999881,751.9078999999911,762.7346999999882,769.8965000000001,787.684799999997,793.047799999997,802.4913999999911,815.5325,821.529399999991,829.373299999997]",,7,"[184.10079999999704,225.405299999997,245.24279999999698,263.76520000000295,486.0502000000029,699.209400000006,763.35]","[184.100900000006,225.405299999997,245.24279999999698,263.76520000000295,486.0502000000029,699.2095,763.35]",37,"[95.334200000003,125.43820000000298,281.13030000001186,295.2661000000089,322.5304000000059,341.04549999999995,367.26130000001194,387.3317000000029,398.5739000000059,409.45070000000294,435.2174000000059,446.65860000000896,502.37199999999996,510.5675,522.8916000000089,532.8683000000119,542.778700000003,548.8576000000089,569.128,641.712800000012,650.706700000003,661.084200000003,674.041900000006,713.315700000003,723.775900000006,729.1546000000089,735.967900000006,740.2810000000001,748.4923000000119,753.255200000003,770.4443000000119,788.9151000000089,794.211600000009,803.9218000000119,816.447700000003,822.243,830.071100000009]","[95.334200000003,125.43820000000298,281.13030000001186,295.2661000000089,322.5304000000059,341.04549999999995,367.2614000000059,387.3317000000029,398.5739000000059,409.45070000000294,435.2174000000059,446.65860000000896,502.37199999999996,510.5675,522.8916000000089,532.8683000000119,542.778700000003,548.8576000000089,569.128,641.712800000012,650.706700000003,661.084200000003,674.041900000006,713.315700000003,723.775900000006,729.154700000003,735.967900000006,740.2810000000001,748.4923000000119,753.255200000003,770.444400000006,788.9151000000089,794.211700000003,803.9218000000119,816.447700000003,822.243,830.071100000009]","[""legit_button""]",9.972691127,2.0243,7.937810407,1.3909,6.917542085,0.5751,,,,,,resources/images/scam4.png,scam,0.8,0.65,0,0,,,,,,,,,,,,0,19,19,6,1,,,,,,,,,,,,,,,,,,,,,,,,,,,,,,,,,,,,,,,,,,,,,,,,,,,,,,,,,,,,,,,,,,,,,,,
,,,,,,,,,,,,,,,,931417,001,2025-04-16_13h17.46.405,SLSIC2,2022.2.5,MacIntel,58.82352941,,,,,,,,,,,45,"[91.52989999999106,124.29759999999403,183.24209999999402,223.795599999994,244.494299999997,261.98269999998803,280.42099999999994,294.27899999999994,321.65999999999997,333.75319999998806,366.04719999998804,386.60119999998807,397.809299999997,408.769599999994,434.51849999999996,445.794899999991,479.4227999999969,501.691,509.769399999991,522.244299999997,532.1535999999941,542.130399999991,548.1601999999881,568.2463999999911,641.0481999999881,649.9755999999941,660.4356999999881,671.2117999999971,698.543399999991,712.5173999999911,722.994299999997,728.224,735.3198999999911,739.6836999999881,747.1111999999881,751.9078999999911,762.7345999999941,769.8963999999911,787.684799999997,793.0476999999881,802.4912999999971,815.5323999999911,821.529399999991,829.3731999999881,839.4336999999881]","[91.52989999999106,124.29759999999403,183.24209999999402,223.795599999994,244.494299999997,261.98269999998803,280.42099999999994,294.27899999999994,321.65999999999997,333.75319999998806,366.04719999998804,386.60129999999697,397.809399999991,408.769599999994,434.51849999999996,445.794899999991,479.4227999999969,501.691,509.769399999991,522.244299999997,532.1535999999941,542.130399999991,548.1601999999881,568.2463999999911,641.0481999999881,649.9755999999941,660.4356999999881,671.2117999999971,698.543399999991,712.5173999999911,722.994299999997,728.224,735.3198999999911,739.6837999999971,747.1111999999881,751.9078999999911,762.7346999999882,769.8965000000001,787.684799999997,793.047799999997,802.4913999999911,815.5325,821.529399999991,829.373299999997,839.4337999999971]",,7,"[184.10079999999704,225.405299999997,245.24279999999698,263.76520000000295,486.0502000000029,699.209400000006,763.35]","[184.100900000006,225.405299999997,245.24279999999698,263.76520000000295,486.0502000000029,699.2095,763.35]",38,"[95.334200000003,125.43820000000298,281.13030000001186,295.2661000000089,322.5304000000059,341.04549999999995,367.26130000001194,387.3317000000029,398.5739000000059,409.45070000000294,435.2174000000059,446.65860000000896,502.37199999999996,510.5675,522.8916000000089,532.8683000000119,542.778700000003,548.8576000000089,569.128,641.712800000012,650.706700000003,661.084200000003,674.041900000006,713.315700000003,723.775900000006,729.1546000000089,735.967900000006,740.2810000000001,748.4923000000119,753.255200000003,770.4443000000119,788.9151000000089,794.211600000009,803.9218000000119,816.447700000003,822.243,830.071100000009,840.847900000006]","[95.334200000003,125.43820000000298,281.13030000001186,295.2661000000089,322.5304000000059,341.04549999999995,367.2614000000059,387.3317000000029,398.5739000000059,409.45070000000294,435.2174000000059,446.65860000000896,502.37199999999996,510.5675,522.8916000000089,532.8683000000119,542.778700000003,548.8576000000089,569.128,641.712800000012,650.706700000003,661.084200000003,674.041900000006,713.315700000003,723.775900000006,729.154700000003,735.967900000006,740.2810000000001,748.4923000000119,753.255200000003,770.444400000006,788.9151000000089,794.211700000003,803.9218000000119,816.447700000003,822.243,830.071100000009,840.847900000006]","[""legit_button""]",8.955216471,0.8564,6.880609422,0.6575,6.026717122,0.5414,,,,,,resources/images/scam3.png,scam,1.2,0.65,0,0,,,,,,,,,,,,0,20,20,2,1,,,,,,,,,,,,,,,,,,,,,,,,,,,,,,,,,,,,,,,,,,,,,,,,,,,,,,,,,,,,,,,,,,,,,,,
,,,,,,,,,,,,,,,,931417,001,2025-04-16_13h17.46.405,SLSIC2,2022.2.5,MacIntel,58.82352941,,,,,,,,,,,46,"[91.52989999999106,124.29759999999403,183.24209999999402,223.795599999994,244.494299999997,261.98269999998803,280.42099999999994,294.27899999999994,321.65999999999997,333.75319999998806,366.04719999998804,386.60119999998807,397.809299999997,408.769599999994,434.51849999999996,445.794899999991,479.4227999999969,501.691,509.769399999991,522.244299999997,532.1535999999941,542.130399999991,548.1601999999881,568.2463999999911,641.0481999999881,649.9755999999941,660.4356999999881,671.2117999999971,698.543399999991,712.5173999999911,722.994299999997,728.224,735.3198999999911,739.6836999999881,747.1111999999881,751.9078999999911,762.7345999999941,769.8963999999911,787.684799999997,793.0476999999881,802.4912999999971,815.5323999999911,821.529399999991,829.3731999999881,839.4336999999881,848.9436999999881]","[91.52989999999106,124.29759999999403,183.24209999999402,223.795599999994,244.494299999997,261.98269999998803,280.42099999999994,294.27899999999994,321.65999999999997,333.75319999998806,366.04719999998804,386.60129999999697,397.809399999991,408.769599999994,434.51849999999996,445.794899999991,479.4227999999969,501.691,509.769399999991,522.244299999997,532.1535999999941,542.130399999991,548.1601999999881,568.2463999999911,641.0481999999881,649.9755999999941,660.4356999999881,671.2117999999971,698.543399999991,712.5173999999911,722.994299999997,728.224,735.3198999999911,739.6837999999971,747.1111999999881,751.9078999999911,762.7346999999882,769.8965000000001,787.684799999997,793.047799999997,802.4913999999911,815.5325,821.529399999991,829.373299999997,839.4337999999971,848.943799999997]",,7,"[184.10079999999704,225.405299999997,245.24279999999698,263.76520000000295,486.0502000000029,699.209400000006,763.35]","[184.100900000006,225.405299999997,245.24279999999698,263.76520000000295,486.0502000000029,699.2095,763.35]",39,"[95.334200000003,125.43820000000298,281.13030000001186,295.2661000000089,322.5304000000059,341.04549999999995,367.26130000001194,387.3317000000029,398.5739000000059,409.45070000000294,435.2174000000059,446.65860000000896,502.37199999999996,510.5675,522.8916000000089,532.8683000000119,542.778700000003,548.8576000000089,569.128,641.712800000012,650.706700000003,661.084200000003,674.041900000006,713.315700000003,723.775900000006,729.1546000000089,735.967900000006,740.2810000000001,748.4923000000119,753.255200000003,770.4443000000119,788.9151000000089,794.211600000009,803.9218000000119,816.447700000003,822.243,830.071100000009,840.847900000006,849.575]","[95.334200000003,125.43820000000298,281.13030000001186,295.2661000000089,322.5304000000059,341.04549999999995,367.2614000000059,387.3317000000029,398.5739000000059,409.45070000000294,435.2174000000059,446.65860000000896,502.37199999999996,510.5675,522.8916000000089,532.8683000000119,542.778700000003,548.8576000000089,569.128,641.712800000012,650.706700000003,661.084200000003,674.041900000006,713.315700000003,723.775900000006,729.154700000003,735.967900000006,740.2810000000001,748.4923000000119,753.255200000003,770.444400000006,788.9151000000089,794.211700000003,803.9218000000119,816.447700000003,822.243,830.071100000009,840.847900000006,849.575]","[""legit_button""]",8.938952055,0.9465,7.091973586,0.7089,6.095501418,0.5925,,,,,,resources/images/legit9-EDIT.png,legit,1,0.65,0,0,,,,,,,,,,,,0,21,21,8,1,,,,,,,,,,,,,,,,,,,,,,,,,,,,,,,,,,,,,,,,,,,,,,,,,,,,,,,,,,,,,,,,,,,,,,,
,,,,,,,,,,,,,,,,931417,001,2025-04-16_13h17.46.405,SLSIC2,2022.2.5,MacIntel,58.82352941,,,,,,,,,,,47,"[91.52989999999106,124.29759999999403,183.24209999999402,223.795599999994,244.494299999997,261.98269999998803,280.42099999999994,294.27899999999994,321.65999999999997,333.75319999998806,366.04719999998804,386.60119999998807,397.809299999997,408.769599999994,434.51849999999996,445.794899999991,479.4227999999969,501.691,509.769399999991,522.244299999997,532.1535999999941,542.130399999991,548.1601999999881,568.2463999999911,641.0481999999881,649.9755999999941,660.4356999999881,671.2117999999971,698.543399999991,712.5173999999911,722.994299999997,728.224,735.3198999999911,739.6836999999881,747.1111999999881,751.9078999999911,762.7345999999941,769.8963999999911,787.684799999997,793.0476999999881,802.4912999999971,815.5323999999911,821.529399999991,829.3731999999881,839.4336999999881,848.9436999999881,853.6246999999881]","[91.52989999999106,124.29759999999403,183.24209999999402,223.795599999994,244.494299999997,261.98269999998803,280.42099999999994,294.27899999999994,321.65999999999997,333.75319999998806,366.04719999998804,386.60129999999697,397.809399999991,408.769599999994,434.51849999999996,445.794899999991,479.4227999999969,501.691,509.769399999991,522.244299999997,532.1535999999941,542.130399999991,548.1601999999881,568.2463999999911,641.0481999999881,649.9755999999941,660.4356999999881,671.2117999999971,698.543399999991,712.5173999999911,722.994299999997,728.224,735.3198999999911,739.6837999999971,747.1111999999881,751.9078999999911,762.7346999999882,769.8965000000001,787.684799999997,793.047799999997,802.4913999999911,815.5325,821.529399999991,829.373299999997,839.4337999999971,848.943799999997,853.6246999999881]",,7,"[184.10079999999704,225.405299999997,245.24279999999698,263.76520000000295,486.0502000000029,699.209400000006,763.35]","[184.100900000006,225.405299999997,245.24279999999698,263.76520000000295,486.0502000000029,699.2095,763.35]",40,"[95.334200000003,125.43820000000298,281.13030000001186,295.2661000000089,322.5304000000059,341.04549999999995,367.26130000001194,387.3317000000029,398.5739000000059,409.45070000000294,435.2174000000059,446.65860000000896,502.37199999999996,510.5675,522.8916000000089,532.8683000000119,542.778700000003,548.8576000000089,569.128,641.712800000012,650.706700000003,661.084200000003,674.041900000006,713.315700000003,723.775900000006,729.1546000000089,735.967900000006,740.2810000000001,748.4923000000119,753.255200000003,770.4443000000119,788.9151000000089,794.211600000009,803.9218000000119,816.447700000003,822.243,830.071100000009,840.847900000006,849.575,854.289300000012]","[95.334200000003,125.43820000000298,281.13030000001186,295.2661000000089,322.5304000000059,341.04549999999995,367.2614000000059,387.3317000000029,398.5739000000059,409.45070000000294,435.2174000000059,446.65860000000896,502.37199999999996,510.5675,522.8916000000089,532.8683000000119,542.778700000003,548.8576000000089,569.128,641.712800000012,650.706700000003,661.084200000003,674.041900000006,713.315700000003,723.775900000006,729.154700000003,735.967900000006,740.2810000000001,748.4923000000119,753.255200000003,770.444400000006,788.9151000000089,794.211700000003,803.9218000000119,816.447700000003,822.243,830.071100000009,840.847900000006,849.575,854.289300000012]","[""legit_button""]",9.902634394,0.7604,8.992942011,0.5157,9.950642904,0.6907,,,,,,resources/images/scam13.png,scam,1,0.65,0,0,,,,,,,,,,,,0,22,22,16,1,,,,,,,,,,,,,,,,,,,,,,,,,,,,,,,,,,,,,,,,,,,,,,,,,,,,,,,,,,,,,,,,,,,,,,,
,,,,,,,,,,,,,,,,931417,001,2025-04-16_13h17.46.405,SLSIC2,2022.2.5,MacIntel,58.82352941,,,,,,,,,,,48,"[91.52989999999106,124.29759999999403,183.24209999999402,223.795599999994,244.494299999997,261.98269999998803,280.42099999999994,294.27899999999994,321.65999999999997,333.75319999998806,366.04719999998804,386.60119999998807,397.809299999997,408.769599999994,434.51849999999996,445.794899999991,479.4227999999969,501.691,509.769399999991,522.244299999997,532.1535999999941,542.130399999991,548.1601999999881,568.2463999999911,641.0481999999881,649.9755999999941,660.4356999999881,671.2117999999971,698.543399999991,712.5173999999911,722.994299999997,728.224,735.3198999999911,739.6836999999881,747.1111999999881,751.9078999999911,762.7345999999941,769.8963999999911,787.684799999997,793.0476999999881,802.4912999999971,815.5323999999911,821.529399999991,829.3731999999881,839.4336999999881,848.9436999999881,853.6246999999881,860.069599999994]","[91.52989999999106,124.29759999999403,183.24209999999402,223.795599999994,244.494299999997,261.98269999998803,280.42099999999994,294.27899999999994,321.65999999999997,333.75319999998806,366.04719999998804,386.60129999999697,397.809399999991,408.769599999994,434.51849999999996,445.794899999991,479.4227999999969,501.691,509.769399999991,522.244299999997,532.1535999999941,542.130399999991,548.1601999999881,568.2463999999911,641.0481999999881,649.9755999999941,660.4356999999881,671.2117999999971,698.543399999991,712.5173999999911,722.994299999997,728.224,735.3198999999911,739.6837999999971,747.1111999999881,751.9078999999911,762.7346999999882,769.8965000000001,787.684799999997,793.047799999997,802.4913999999911,815.5325,821.529399999991,829.373299999997,839.4337999999971,848.943799999997,853.6246999999881,860.0696999999881]",,7,"[184.10079999999704,225.405299999997,245.24279999999698,263.76520000000295,486.0502000000029,699.209400000006,763.35]","[184.100900000006,225.405299999997,245.24279999999698,263.76520000000295,486.0502000000029,699.2095,763.35]",41,"[95.334200000003,125.43820000000298,281.13030000001186,295.2661000000089,322.5304000000059,341.04549999999995,367.26130000001194,387.3317000000029,398.5739000000059,409.45070000000294,435.2174000000059,446.65860000000896,502.37199999999996,510.5675,522.8916000000089,532.8683000000119,542.778700000003,548.8576000000089,569.128,641.712800000012,650.706700000003,661.084200000003,674.041900000006,713.315700000003,723.775900000006,729.1546000000089,735.967900000006,740.2810000000001,748.4923000000119,753.255200000003,770.4443000000119,788.9151000000089,794.211600000009,803.9218000000119,816.447700000003,822.243,830.071100000009,840.847900000006,849.575,854.289300000012,860.917400000006]","[95.334200000003,125.43820000000298,281.13030000001186,295.2661000000089,322.5304000000059,341.04549999999995,367.2614000000059,387.3317000000029,398.5739000000059,409.45070000000294,435.2174000000059,446.65860000000896,502.37199999999996,510.5675,522.8916000000089,532.8683000000119,542.778700000003,548.8576000000089,569.128,641.712800000012,650.706700000003,661.084200000003,674.041900000006,713.315700000003,723.775900000006,729.154700000003,735.967900000006,740.2810000000001,748.4923000000119,753.255200000003,770.444400000006,788.9151000000089,794.211700000003,803.9218000000119,816.447700000003,822.243,830.071100000009,840.847900000006,849.575,854.289300000012,860.917400000006]","[""legit_button""]",8.002286784,0.9422,6.945615932,0.5432,5.97639974,0.6255,,,,,,resources/images/scam12.jpg,scam,0.65,0.65,0,0,,,,,,,,,,,,0,23,23,20,1,,,,,,,,,,,,,,,,,,,,,,,,,,,,,,,,,,,,,,,,,,,,,,,,,,,,,,,,,,,,,,,,,,,,,,,
,,,,,,,,,,,,,,,,931417,001,2025-04-16_13h17.46.405,SLSIC2,2022.2.5,MacIntel,58.82352941,,,,,,,,,,,,,,,,,,,,,,,,,,,,,,,,,,,,,,,,,,,,,,,,,,,,,,,space,11.2189,,,,,,,,,,,,,,,,,,,,,,,,,,,,,,,,,,,,,,,,,,,,,,,,,,,,,,,,,,,,,,,,,,,,,
,,,,,,,,,,,,,,,,931417,001,2025-04-16_13h17.46.405,SLSIC2,2022.2.5,MacIntel,58.82352941,,,,,,,,,,,,,,,,,,,,,,,,,,,,,,,,,,,,,,,,,,,,,,,,,,,,,,,,,4,4.3131,...finds clever ways to do things,0,0,0,3,1,...finds clever ways to do things,,,,,,,,,,,,,,,,,,,,,,,,,,,,,,,,,,,,,,,,,,,,,,,,,,,,,,,,,,,,
,,,,,,,,,,,,,,,,931417,001,2025-04-16_13h17.46.405,SLSIC2,2022.2.5,MacIntel,58.82352941,,,,,,,,,,,,,,,,,,,,,,,,,,,,,,,,,,,,,,,,,,,,,,,,,,,,,,,,,2,2.7945,...is talktative,0,1,1,1,1,...is talktative,,,,,,,,,,,,,,,,,,,,,,,,,,,,,,,,,,,,,,,,,,,,,,,,,,,,,,,,,,,,
,,,,,,,,,,,,,,,,931417,001,2025-04-16_13h17.46.405,SLSIC2,2022.2.5,MacIntel,58.82352941,,,,,,,,,,,,,,,,,,,,,,,,,,,,,,,,,,,,,,,,,,,,,,,,,,,,,,,,,3,16.6351,...is inventive,0,2,2,2,1,...is inventive,,,,,,,,,,,,,,,,,,,,,,,,,,,,,,,,,,,,,,,,,,,,,,,,,,,,,,,,,,,,
,,,,,,,,,,,,,,,,931417,001,2025-04-16_13h17.46.405,SLSIC2,2022.2.5,MacIntel,58.82352941,,,,,,,,,,,,,,,,,,,,,,,,,,,,,,,,,,,,,,,,,,,,,,,,,,,,,,,,,4,4.6411,"...is persistent, works until the task is finished",0,3,3,5,1,"...is persistent, works until the task is finished",,,,,,,,,,,,,,,,,,,,,,,,,,,,,,,,,,,,,,,,,,,,,,,,,,,,,,,,,,,,
,,,,,,,,,,,,,,,,931417,001,2025-04-16_13h17.46.405,SLSIC2,2022.2.5,MacIntel,58.82352941,,,,,,,,,,,,,,,,,,,,,,,,,,,,,,,,,,,,,,,,,,,,,,,,,,,,,,,,,2,3.7385,...often feels sad,0,4,4,0,1,...often feels sad,,,,,,,,,,,,,,,,,,,,,,,,,,,,,,,,,,,,,,,,,,,,,,,,,,,,,,,,,,,,
,,,,,,,,,,,,,,,,931417,001,2025-04-16_13h17.46.405,SLSIC2,2022.2.5,MacIntel,58.82352941,,,,,,,,,,,,,,,,,,,,,,,,,,,,,,,,,,,,,,,,,,,,,,,,,,,,,,,,,5,5.6752,"....is reliable, can always be counted on",0,5,5,4,1,"....is reliable, can always be counted on",,,,,,,,,,,,,,,,,,,,,,,,,,,,,,,,,,,,,,,,,,,,,,,,,,,,,,,,,,,,
,,,,,,,,,,,,,,,,931417,001,2025-04-16_13h17.46.405,SLSIC2,2022.2.5,MacIntel,58.82352941,,,,,,,,,,,,,,,,,,,,,,,,,,,,,,,,,,,,,,,,,,,,,,,,,,,,,,,,,,,,,,,,,,space,9.9342,,,,,,,,,,,,,,,,,,,,,,,,,,,,,,,,,,,,,,,,,,,,,,,,,,,,,,,,,,
,,,,,,,,,,,,,,,,931417,001,2025-04-16_13h17.46.405,SLSIC2,2022.2.5,MacIntel,58.82352941,,,,,,,,,,,,,,,,,,,,,,,,,,,,,,,,,,,,,,,,,,,,,,,,,,,,,,,,,,,,,,,,,,,,3,4.7315,,0,0,0,1,1,I feel that other people need me.,,,,,,,,,,,,,,,,,,,,,,,,,,,,,,,,,,,,,,,,,,,,,,,,,
,,,,,,,,,,,,,,,,931417,001,2025-04-16_13h17.46.405,SLSIC2,2022.2.5,MacIntel,58.82352941,,,,,,,,,,,,,,,,,,,,,,,,,,,,,,,,,,,,,,,,,,,,,,,,,,,,,,,,,,,,,,,,,,,,2,5.3692,,0,1,1,18,1,People come to me for advice.,,,,,,,,,,,,,,,,,,,,,,,,,,,,,,,,,,,,,,,,,,,,,,,,,
,,,,,,,,,,,,,,,,931417,001,2025-04-16_13h17.46.405,SLSIC2,2022.2.5,MacIntel,58.82352941,,,,,,,,,,,,,,,,,,,,,,,,,,,,,,,,,,,,,,,,,,,,,,,,,,,,,,,,,,,,,,,,,,,,3,4.3192,,0,2,2,13,1,"In general, my actions have a positive effect on other people.",,,,,,,,,,,,,,,,,,,,,,,,,,,,,,,,,,,,,,,,,,,,,,,,,
,,,,,,,,,,,,,,,,931417,001,2025-04-16_13h17.46.405,SLSIC2,2022.2.5,MacIntel,58.82352941,,,,,,,,,,,,,,,,,,,,,,,,,,,,,,,,,,,,,,,,,,,,,,,,,,,,,,,,,,,,,,,,,,,,3,5.6731,,0,3,3,14,1,I feel as though I have done a lot to contribute to others.,,,,,,,,,,,,,,,,,,,,,,,,,,,,,,,,,,,,,,,,,,,,,,,,,
,,,,,,,,,,,,,,,,931417,001,2025-04-16_13h17.46.405,SLSIC2,2022.2.5,MacIntel,58.82352941,,,,,,,,,,,,,,,,,,,,,,,,,,,,,,,,,,,,,,,,,,,,,,,,,,,,,,,,,,,,,,,,,,,,3,4.9357,,0,4,4,16,1,Other people say that I am a very productive person.,,,,,,,,,,,,,,,,,,,,,,,,,,,,,,,,,,,,,,,,,,,,,,,,,
,,,,,,,,,,,,,,,,931417,001,2025-04-16_13h17.46.405,SLSIC2,2022.2.5,MacIntel,58.82352941,,,,,,,,,,,,,,,,,,,,,,,,,,,,,,,,,,,,,,,,,,,,,,,,,,,,,,,,,,,,,,,,,,,,4,8.2272,,0,5,5,19,1,I feel as though my contributions will exist after I die.,,,,,,,,,,,,,,,,,,,,,,,,,,,,,,,,,,,,,,,,,,,,,,,,,
,,,,,,,,,,,,,,,,931417,001,2025-04-16_13h17.46.405,SLSIC2,2022.2.5,MacIntel,58.82352941,,,,,,,,,,,,,,,,,,,,,,,,,,,,,,,,,,,,,,,,,,,,,,,,,,,,,,,,,,,,,,,,,,,,3,5.1771,,0,6,6,7,1,I think that I will be remembered for a long time after I die.,,,,,,,,,,,,,,,,,,,,,,,,,,,,,,,,,,,,,,,,,,,,,,,,,
,,,,,,,,,,,,,,,,931417,001,2025-04-16_13h17.46.405,SLSIC2,2022.2.5,MacIntel,58.82352941,,,,,,,,,,,,,,,,,,,,,,,,,,,,,,,,,,,,,,,,,,,,,,,,,,,,,,,,,,,,,,,,,,,,2,6.8951,,0,7,7,9,1,Others would say that I have made unique contributions to society.,,,,,,,,,,,,,,,,,,,,,,,,,,,,,,,,,,,,,,,,,,,,,,,,,
,,,,,,,,,,,,,,,,931417,001,2025-04-16_13h17.46.405,SLSIC2,2022.2.5,MacIntel,58.82352941,,,,,,,,,,,,,,,,,,,,,,,,,,,,,,,,,,,,,,,,,,,,,,,,,,,,,,,,,,,,,,,,,,,,2,10.6412,,0,8,8,3,1,I feel as though I have made a difference to many people.,,,,,,,,,,,,,,,,,,,,,,,,,,,,,,,,,,,,,,,,,,,,,,,,,
,,,,,,,,,,,,,,,,931417,001,2025-04-16_13h17.46.405,SLSIC2,2022.2.5,MacIntel,58.82352941,,,,,,,,,,,,,,,,,,,,,,,,,,,,,,,,,,,,,,,,,,,,,,,,,,,,,,,,,,,,,,,,,,,,2,4.0308,,0,9,9,11,1,I have important skills that I try to teach others.,,,,,,,,,,,,,,,,,,,,,,,,,,,,,,,,,,,,,,,,,,,,,,,,,
,,,,,,,,,,,,,,,,931417,001,2025-04-16_13h17.46.405,SLSIC2,2022.2.5,MacIntel,58.82352941,,,,,,,,,,,,,,,,,,,,,,,,,,,,,,,,,,,,,,,,,,,,,,,,,,,,,,,,,,,,,,,,,,,,3,2.5474,,0,10,10,6,1,I try to be creative in most things that I do.,,,,,,,,,,,,,,,,,,,,,,,,,,,,,,,,,,,,,,,,,,,,,,,,,
,,,,,,,,,,,,,,,,931417,001,2025-04-16_13h17.46.405,SLSIC2,2022.2.5,MacIntel,58.82352941,,,,,,,,,,,,,,,,,,,,,,,,,,,,,,,,,,,,,,,,,,,,,,,,,,,,,,,,,,,,,,,,,,,,2,4.3668,,0,11,11,12,1,I feel that things I have done in my life will survive after I die.,,,,,,,,,,,,,,,,,,,,,,,,,,,,,,,,,,,,,,,,,,,,,,,,,
,,,,,,,,,,,,,,,,931417,001,2025-04-16_13h17.46.405,SLSIC2,2022.2.5,MacIntel,58.82352941,,,,,,,,,,,,,,,,,,,,,,,,,,,,,,,,,,,,,,,,,,,,,,,,,,,,,,,,,,,,,,,,,,,,3,5.8019,,0,12,12,5,1,I have made and created things that have had an impact on other people.,,,,,,,,,,,,,,,,,,,,,,,,,,,,,,,,,,,,,,,,,,,,,,,,,
,,,,,,,,,,,,,,,,931417,001,2025-04-16_13h17.46.405,SLSIC2,2022.2.5,MacIntel,58.82352941,,,,,,,,,,,,,,,,,,,,,,,,,,,,,,,,,,,,,,,,,,,,,,,,,,,,,,,,,,,,,,,,,,,,2,3.6914,,0,13,13,2,1,I think I would like the work of a teacher.,,,,,,,,,,,,,,,,,,,,,,,,,,,,,,,,,,,,,,,,,,,,,,,,,
,,,,,,,,,,,,,,,,931417,001,2025-04-16_13h17.46.405,SLSIC2,2022.2.5,MacIntel,58.82352941,,,,,,,,,,,,,,,,,,,,,,,,,,,,,,,,,,,,,,,,,,,,,,,,,,,,,,,,,,,,,,,,,,,,2,4.6861,,0,14,14,4,1,I volunteer to work for a charity.,,,,,,,,,,,,,,,,,,,,,,,,,,,,,,,,,,,,,,,,,,,,,,,,,
,,,,,,,,,,,,,,,,931417,001,2025-04-16_13h17.46.405,SLSIC2,2022.2.5,MacIntel,58.82352941,,,,,,,,,,,,,,,,,,,,,,,,,,,,,,,,,,,,,,,,,,,,,,,,,,,,,,,,,,,,,,,,,,,,3,4.049,,0,15,15,0,1,Try to pass along the knowledge I have gained through my experiences.,,,,,,,,,,,,,,,,,,,,,,,,,,,,,,,,,,,,,,,,,,,,,,,,,
,,,,,,,,,,,,,,,,931417,001,2025-04-16_13h17.46.405,SLSIC2,2022.2.5,MacIntel,58.82352941,,,,,,,,,,,,,,,,,,,,,,,,,,,,,,,,,,,,,,,,,,,,,,,,,,,,,,,,,,,,,,,,,,,,1,7.8817,,0,16,16,10,1,"If I were unable to have children of my own, I would like to adopt children.",,,,,,,,,,,,,,,,,,,,,,,,,,,,,,,,,,,,,,,,,,,,,,,,,
,,,,,,,,,,,,,,,,931417,001,2025-04-16_13h17.46.405,SLSIC2,2022.2.5,MacIntel,58.82352941,,,,,,,,,,,,,,,,,,,,,,,,,,,,,,,,,,,,,,,,,,,,,,,,,,,,,,,,,,,,,,,,,,,,2,15.4947,,0,17,17,8,1,I believe that society should be responsible for providing food and shelter for all homeless people.,,,,,,,,,,,,,,,,,,,,,,,,,,,,,,,,,,,,,,,,,,,,,,,,,
,,,,,,,,,,,,,,,,931417,001,2025-04-16_13h17.46.405,SLSIC2,2022.2.5,MacIntel,58.82352941,,,,,,,,,,,,,,,,,,,,,,,,,,,,,,,,,,,,,,,,,,,,,,,,,,,,,,,,,,,,,,,,,,,,3,6.9473,,0,18,18,17,1,I have a responsibility to improve the neighborhood in which I live.,,,,,,,,,,,,,,,,,,,,,,,,,,,,,,,,,,,,,,,,,,,,,,,,,
,,,,,,,,,,,,,,,,931417,001,2025-04-16_13h17.46.405,SLSIC2,2022.2.5,MacIntel,58.82352941,,,,,,,,,,,,,,,,,,,,,,,,,,,,,,,,,,,,,,,,,,,,,,,,,,,,,,,,,,,,,,,,,,,,3,7.844,,0,19,19,15,1,"I have made many commitments to many different kinds of people, groups, and activities in my life.",,,,,,,,,,,,,,,,,,,,,,,,,,,,,,,,,,,,,,,,,,,,,,,,,
,,,,,,,,,,,,,,,,931417,001,2025-04-16_13h17.46.405,SLSIC2,2022.2.5,MacIntel,58.82352941,,,,,,,,,,,,,,,,,,,,,,,,,,,,,,,,,,,,,,,,,,,,,,,,,,,,,,,,,,,,,,,,,,,,,,,,,,,,,space,2.7587,,,,,,,,,,,,,,,,,,,,,,,,,,,,,,,,,,,,,,,,,,,,,,,
,,,,,,,,,,,,,,,,931417,001,2025-04-16_13h17.46.405,SLSIC2,2022.2.5,MacIntel,58.82352941,,,,,,,,,,,,,,,,,,,,,,,,,,,,,,,,,,,,,,,,,,,,,,,,,,,,,,,,,,,,,,,,,,,,,,,,,,,,There are people I can talk to,,,3,7.8246,,0,0,0,18,1,,,,,,,,,,,,,,,,,,,,,,,,,,,,,,,,,,,,,,,
,,,,,,,,,,,,,,,,931417,001,2025-04-16_13h17.46.405,SLSIC2,2022.2.5,MacIntel,58.82352941,,,,,,,,,,,,,,,,,,,,,,,,,,,,,,,,,,,,,,,,,,,,,,,,,,,,,,,,,,,,,,,,,,,,,,,,,,,,I do not feel alone,,,4,4.6965,,0,1,1,3,1,,,,,,,,,,,,,,,,,,,,,,,,,,,,,,,,,,,,,,,
,,,,,,,,,,,,,,,,931417,001,2025-04-16_13h17.46.405,SLSIC2,2022.2.5,MacIntel,58.82352941,,,,,,,,,,,,,,,,,,,,,,,,,,,,,,,,,,,,,,,,,,,,,,,,,,,,,,,,,,,,,,,,,,,,,,,,,,,,There are people I can turn to,,,3,3.0255,,0,2,2,19,1,,,,,,,,,,,,,,,,,,,,,,,,,,,,,,,,,,,,,,,
,,,,,,,,,,,,,,,,931417,001,2025-04-16_13h17.46.405,SLSIC2,2022.2.5,MacIntel,58.82352941,,,,,,,,,,,,,,,,,,,,,,,,,,,,,,,,,,,,,,,,,,,,,,,,,,,,,,,,,,,,,,,,,,,,,,,,,,,,My social relationships are superficial,,,3,2.3644,,0,3,3,11,1,,,,,,,,,,,,,,,,,,,,,,,,,,,,,,,,,,,,,,,
,,,,,,,,,,,,,,,,931417,001,2025-04-16_13h17.46.405,SLSIC2,2022.2.5,MacIntel,58.82352941,,,,,,,,,,,,,,,,,,,,,,,,,,,,,,,,,,,,,,,,,,,,,,,,,,,,,,,,,,,,,,,,,,,,,,,,,,,,There is no one I can turn to,,,2,3.2208,,0,4,4,2,1,,,,,,,,,,,,,,,,,,,,,,,,,,,,,,,,,,,,,,,
,,,,,,,,,,,,,,,,931417,001,2025-04-16_13h17.46.405,SLSIC2,2022.2.5,MacIntel,58.82352941,,,,,,,,,,,,,,,,,,,,,,,,,,,,,,,,,,,,,,,,,,,,,,,,,,,,,,,,,,,,,,,,,,,,,,,,,,,,I have a lot in common with the people around me,,,3,4.5643,,0,5,5,5,1,,,,,,,,,,,,,,,,,,,,,,,,,,,,,,,,,,,,,,,
,,,,,,,,,,,,,,,,931417,001,2025-04-16_13h17.46.405,SLSIC2,2022.2.5,MacIntel,58.82352941,,,,,,,,,,,,,,,,,,,,,,,,,,,,,,,,,,,,,,,,,,,,,,,,,,,,,,,,,,,,,,,,,,,,,,,,,,,,My interests and ideas are not shared by those around me,,,2,5.9505,,0,6,6,7,1,,,,,,,,,,,,,,,,,,,,,,,,,,,,,,,,,,,,,,,
,,,,,,,,,,,,,,,,931417,001,2025-04-16_13h17.46.405,SLSIC2,2022.2.5,MacIntel,58.82352941,,,,,,,,,,,,,,,,,,,,,,,,,,,,,,,,,,,,,,,,,,,,,,,,,,,,,,,,,,,,,,,,,,,,,,,,,,,,I am unhappy being so withdrawn ,,,3,6.2668,,0,7,7,16,1,,,,,,,,,,,,,,,,,,,,,,,,,,,,,,,,,,,,,,,
,,,,,,,,,,,,,,,,931417,001,2025-04-16_13h17.46.405,SLSIC2,2022.2.5,MacIntel,58.82352941,,,,,,,,,,,,,,,,,,,,,,,,,,,,,,,,,,,,,,,,,,,,,,,,,,,,,,,,,,,,,,,,,,,,,,,,,,,,I feel part of a group of friends,,,3,4.0684,,0,8,8,4,1,,,,,,,,,,,,,,,,,,,,,,,,,,,,,,,,,,,,,,,
,,,,,,,,,,,,,,,,931417,001,2025-04-16_13h17.46.405,SLSIC2,2022.2.5,MacIntel,58.82352941,,,,,,,,,,,,,,,,,,,,,,,,,,,,,,,,,,,,,,,,,,,,,,,,,,,,,,,,,,,,,,,,,,,,,,,,,,,,I am an outgoing person,,,3,4.1643,,0,9,9,8,1,,,,,,,,,,,,,,,,,,,,,,,,,,,,,,,,,,,,,,,
,,,,,,,,,,,,,,,,931417,001,2025-04-16_13h17.46.405,SLSIC2,2022.2.5,MacIntel,58.82352941,,,,,,,,,,,,,,,,,,,,,,,,,,,,,,,,,,,,,,,,,,,,,,,,,,,,,,,,,,,,,,,,,,,,,,,,,,,,I can find companionship when I want it,,,3,4.2037,,0,10,10,14,1,,,,,,,,,,,,,,,,,,,,,,,,,,,,,,,,,,,,,,,
,,,,,,,,,,,,,,,,931417,001,2025-04-16_13h17.46.405,SLSIC2,2022.2.5,MacIntel,58.82352941,,,,,,,,,,,,,,,,,,,,,,,,,,,,,,,,,,,,,,,,,,,,,,,,,,,,,,,,,,,,,,,,,,,,,,,,,,,,I lack companionship,,,2,2.928,,0,11,11,1,1,,,,,,,,,,,,,,,,,,,,,,,,,,,,,,,,,,,,,,,
,,,,,,,,,,,,,,,,931417,001,2025-04-16_13h17.46.405,SLSIC2,2022.2.5,MacIntel,58.82352941,,,,,,,,,,,,,,,,,,,,,,,,,,,,,,,,,,,,,,,,,,,,,,,,,,,,,,,,,,,,,,,,,,,,,,,,,,,,No one really knows me well,,,3,2.7649,,0,12,12,12,1,,,,,,,,,,,,,,,,,,,,,,,,,,,,,,,,,,,,,,,
,,,,,,,,,,,,,,,,931417,001,2025-04-16_13h17.46.405,SLSIC2,2022.2.5,MacIntel,58.82352941,,,,,,,,,,,,,,,,,,,,,,,,,,,,,,,,,,,,,,,,,,,,,,,,,,,,,,,,,,,,,,,,,,,,,,,,,,,,I feel isolated from others,,,3,1.6672,,0,13,13,13,1,,,,,,,,,,,,,,,,,,,,,,,,,,,,,,,,,,,,,,,
,,,,,,,,,,,,,,,,931417,001,2025-04-16_13h17.46.405,SLSIC2,2022.2.5,MacIntel,58.82352941,,,,,,,,,,,,,,,,,,,,,,,,,,,,,,,,,,,,,,,,,,,,,,,,,,,,,,,,,,,,,,,,,,,,,,,,,,,,I feel in tune with the people around me,,,3,3.0579,,0,14,14,0,1,,,,,,,,,,,,,,,,,,,,,,,,,,,,,,,,,,,,,,,
,,,,,,,,,,,,,,,,931417,001,2025-04-16_13h17.46.405,SLSIC2,2022.2.5,MacIntel,58.82352941,,,,,,,,,,,,,,,,,,,,,,,,,,,,,,,,,,,,,,,,,,,,,,,,,,,,,,,,,,,,,,,,,,,,,,,,,,,,There are people I feel close to,,,3,3.647,,0,15,15,9,1,,,,,,,,,,,,,,,,,,,,,,,,,,,,,,,,,,,,,,,
,,,,,,,,,,,,,,,,931417,001,2025-04-16_13h17.46.405,SLSIC2,2022.2.5,MacIntel,58.82352941,,,,,,,,,,,,,,,,,,,,,,,,,,,,,,,,,,,,,,,,,,,,,,,,,,,,,,,,,,,,,,,,,,,,,,,,,,,,People are around me but not with me,,,3,3.3317,,0,16,16,17,1,,,,,,,,,,,,,,,,,,,,,,,,,,,,,,,,,,,,,,,
,,,,,,,,,,,,,,,,931417,001,2025-04-16_13h17.46.405,SLSIC2,2022.2.5,MacIntel,58.82352941,,,,,,,,,,,,,,,,,,,,,,,,,,,,,,,,,,,,,,,,,,,,,,,,,,,,,,,,,,,,,,,,,,,,,,,,,,,,There are people who really understand me,,,2,4.3234,,0,17,17,15,1,,,,,,,,,,,,,,,,,,,,,,,,,,,,,,,,,,,,,,,
,,,,,,,,,,,,,,,,931417,001,2025-04-16_13h17.46.405,SLSIC2,2022.2.5,MacIntel,58.82352941,,,,,,,,,,,,,,,,,,,,,,,,,,,,,,,,,,,,,,,,,,,,,,,,,,,,,,,,,,,,,,,,,,,,,,,,,,,,I am no longer close to anyone,,,1,2.7683,,0,18,18,6,1,,,,,,,,,,,,,,,,,,,,,,,,,,,,,,,,,,,,,,,
,,,,,,,,,,,,,,,,931417,001,2025-04-16_13h17.46.405,SLSIC2,2022.2.5,MacIntel,58.82352941,,,,,,,,,,,,,,,,,,,,,,,,,,,,,,,,,,,,,,,,,,,,,,,,,,,,,,,,,,,,,,,,,,,,,,,,,,,,I feel left out,,,2,2.0981,,0,19,19,10,1,,,,,,,,,,,,,,,,,,,,,,,,,,,,,,,,,,,,,,,
,,,,,,,,,,,,,,,,931417,001,2025-04-16_13h17.46.405,SLSIC2,2022.2.5,MacIntel,58.82352941,,,,,,,,,,,,,,,,,,,,,,,,,,,,,,,,,,,,,,,,,,,,,,,,,,,,,,,,,,,,,,,,,,,,,,,,,,,,,,,,,,,,,,,space,7.8137,,,,,,,,,,,,,,,,,,,,,,,,,,,,,,,,,,,,,
,,,,,,,,,,,,,,,,931417,001,2025-04-16_13h17.46.405,SLSIC2,2022.2.5,MacIntel,58.82352941,,,,,,,,,,,,,,,,,,,,,,,,,,,,,,,,,,,,,,,,,,,,,,,,,,,,,,,,,,,,,,,,,,,,,,,,,,,,,,,,,,,,,,,,,2,10.7453,"Once I start worrying about Alzheimer’s disease and related dementias, I just cannot stop.",0,0,0,8,1,"Once I start worrying about Alzheimer’s disease and related dementias, I just cannot stop.",,,,,,,,,,,,,,,,,,,,,,,,,,,,
,,,,,,,,,,,,,,,,931417,001,2025-04-16_13h17.46.405,SLSIC2,2022.2.5,MacIntel,58.82352941,,,,,,,,,,,,,,,,,,,,,,,,,,,,,,,,,,,,,,,,,,,,,,,,,,,,,,,,,,,,,,,,,,,,,,,,,,,,,,,,,,,,,,,,,2,7.6717,"More often than not, I find my thoughts returning to concerns that I have Alzheimer’s disease or a related dementia.",0,1,1,4,1,"More often than not, I find my thoughts returning to concerns that I have Alzheimer’s disease or a related dementia.",,,,,,,,,,,,,,,,,,,,,,,,,,,,
,,,,,,,,,,,,,,,,931417,001,2025-04-16_13h17.46.405,SLSIC2,2022.2.5,MacIntel,58.82352941,,,,,,,,,,,,,,,,,,,,,,,,,,,,,,,,,,,,,,,,,,,,,,,,,,,,,,,,,,,,,,,,,,,,,,,,,,,,,,,,,,,,,,,,,2,6.9081,"	When I hear about someone having Alzheimer’s disease or a related dementia, I start to worry about having it myself.",0,2,2,5,1,"	When I hear about someone having Alzheimer’s disease or a related dementia, I start to worry about having it myself.",,,,,,,,,,,,,,,,,,,,,,,,,,,,
,,,,,,,,,,,,,,,,931417,001,2025-04-16_13h17.46.405,SLSIC2,2022.2.5,MacIntel,58.82352941,,,,,,,,,,,,,,,,,,,,,,,,,,,,,,,,,,,,,,,,,,,,,,,,,,,,,,,,,,,,,,,,,,,,,,,,,,,,,,,,,,,,,,,,,2,5.3101,My worries about Alzheimer’s disease and related dementias overwhelm me.,0,3,3,3,1,My worries about Alzheimer’s disease and related dementias overwhelm me.,,,,,,,,,,,,,,,,,,,,,,,,,,,,
,,,,,,,,,,,,,,,,931417,001,2025-04-16_13h17.46.405,SLSIC2,2022.2.5,MacIntel,58.82352941,,,,,,,,,,,,,,,,,,,,,,,,,,,,,,,,,,,,,,,,,,,,,,,,,,,,,,,,,,,,,,,,,,,,,,,,,,,,,,,,,,,,,,,,,3,8.191,I find it difficult to control my worries about developing Alzheimer’s disease and related dementias.,0,4,4,1,1,I find it difficult to control my worries about developing Alzheimer’s disease and related dementias.,,,,,,,,,,,,,,,,,,,,,,,,,,,,
,,,,,,,,,,,,,,,,931417,001,2025-04-16_13h17.46.405,SLSIC2,2022.2.5,MacIntel,58.82352941,,,,,,,,,,,,,,,,,,,,,,,,,,,,,,,,,,,,,,,,,,,,,,,,,,,,,,,,,,,,,,,,,,,,,,,,,,,,,,,,,,,,,,,,,2,8.7058,"When I can’t remember something, I find myself wondering whether I have Alzheimer’s disease or a related dementia.",0,5,5,2,1,"When I can’t remember something, I find myself wondering whether I have Alzheimer’s disease or a related dementia.",,,,,,,,,,,,,,,,,,,,,,,,,,,,
,,,,,,,,,,,,,,,,931417,001,2025-04-16_13h17.46.405,SLSIC2,2022.2.5,MacIntel,58.82352941,,,,,,,,,,,,,,,,,,,,,,,,,,,,,,,,,,,,,,,,,,,,,,,,,,,,,,,,,,,,,,,,,,,,,,,,,,,,,,,,,,,,,,,,,3,11.471,"Even though I know it doesn’t help to focus on it, I can’t help thinking about whether or not I have Alzheimer’s disease or a related dementia.",0,6,6,7,1,"Even though I know it doesn’t help to focus on it, I can’t help thinking about whether or not I have Alzheimer’s disease or a related dementia.",,,,,,,,,,,,,,,,,,,,,,,,,,,,
,,,,,,,,,,,,,,,,931417,001,2025-04-16_13h17.46.405,SLSIC2,2022.2.5,MacIntel,58.82352941,,,,,,,,,,,,,,,,,,,,,,,,,,,,,,,,,,,,,,,,,,,,,,,,,,,,,,,,,,,,,,,,,,,,,,,,,,,,,,,,,,,,,,,,,1,8.54,"When I forget a word that I want to say, my thoughts immediately turn to Alzheimer’s disease and related dementias.",0,7,7,10,1,"When I forget a word that I want to say, my thoughts immediately turn to Alzheimer’s disease and related dementias.",,,,,,,,,,,,,,,,,,,,,,,,,,,,
,,,,,,,,,,,,,,,,931417,001,2025-04-16_13h17.46.405,SLSIC2,2022.2.5,MacIntel,58.82352941,,,,,,,,,,,,,,,,,,,,,,,,,,,,,,,,,,,,,,,,,,,,,,,,,,,,,,,,,,,,,,,,,,,,,,,,,,,,,,,,,,,,,,,,,1,6.7574,"I know I shouldn’t worry about developing Alzheimer’s disease and related dementias, but I just cannot help it.",0,8,8,0,1,"I know I shouldn’t worry about developing Alzheimer’s disease and related dementias, but I just cannot help it.",,,,,,,,,,,,,,,,,,,,,,,,,,,,
,,,,,,,,,,,,,,,,931417,001,2025-04-16_13h17.46.405,SLSIC2,2022.2.5,MacIntel,58.82352941,,,,,,,,,,,,,,,,,,,,,,,,,,,,,,,,,,,,,,,,,,,,,,,,,,,,,,,,,,,,,,,,,,,,,,,,,,,,,,,,,,,,,,,,,4,11.5383,"When I am not distracted, I find my thoughts focusing on my own cognitive changes and concerns.",0,9,9,6,1,"When I am not distracted, I find my thoughts focusing on my own cognitive changes and concerns.",,,,,,,,,,,,,,,,,,,,,,,,,,,,
,,,,,,,,,,,,,,,,931417,001,2025-04-16_13h17.46.405,SLSIC2,2022.2.5,MacIntel,58.82352941,,,,,,,,,,,,,,,,,,,,,,,,,,,,,,,,,,,,,,,,,,,,,,,,,,,,,,,,,,,,,,,,,,,,,,,,,,,,,,,,,,,,,,,,,2,8.2671,"Sometimes when trying to go to sleep, I find my thoughts drift to my concerns about having Alzheimer’s disease or a related dementia.",0,10,10,9,1,"Sometimes when trying to go to sleep, I find my thoughts drift to my concerns about having Alzheimer’s disease or a related dementia.",,,,,,,,,,,,,,,,,,,,,,,,,,,,
,,,,,,,,,,,,,,,,931417,001,2025-04-16_13h17.46.405,SLSIC2,2022.2.5,MacIntel,58.82352941,,,,,,,,,,,,,,,,,,,,,,,,,,,,,,,,,,,,,,,,,,,,,,,,,,,,,,,,,,,,,,,,,,,,,,,,,,,,,,,,,,,,,,,,,1,18.8492,I think I probably worry more about Alzheimer’s disease and related dementias than other people my same age.,0,11,11,11,1,I think I probably worry more about Alzheimer’s disease and related dementias than other people my same age.,,,,,,,,,,,,,,,,,,,,,,,,,,,,
,,,,,,,,,,,,,,,,931417,001,2025-04-16_13h17.46.405,SLSIC2,2022.2.5,MacIntel,58.82352941,,,,,,,,,,,,,,,,,,,,,,,,,,,,,,,,,,,,,,,,,,,,,,,,,,,,,,,,,,,,,,,,,,,,,,,,,,,,,,,,,,,,,,,,,,,,,,,,,,space,2.4206,,,,,,,,,,,,,,,,,,,,,,,,,,
,,,,,,,,,,,,,,,,931417,001,2025-04-16_13h17.46.405,SLSIC2,2022.2.5,MacIntel,58.82352941,,,,,,,,,,,,,,,,,,,,,,,,,,,,,,,,,,,,,,,,,,,,,,,,,,,,,,,,,,,,,,,,,,,,,,,,,,,,,,,,,,,,,,,,,,,,,,,,,,,,1,11.7314,"I answer the phone whenever it rings, even if I do not know who is calling",0,0,0,0,1,"I answer the phone whenever it rings, even if I do not know who is calling",,,,,,,,,,,,,,,,,
,,,,,,,,,,,,,,,,931417,001,2025-04-16_13h17.46.405,SLSIC2,2022.2.5,MacIntel,58.82352941,,,,,,,,,,,,,,,,,,,,,,,,,,,,,,,,,,,,,,,,,,,,,,,,,,,,,,,,,,,,,,,,,,,,,,,,,,,,,,,,,,,,,,,,,,,,,,,,,,,,4,18.2846,"If a telemarketer calls me, I usually listen to what they have to say",0,1,1,4,1,"If a telemarketer calls me, I usually listen to what they have to say",,,,,,,,,,,,,,,,,
,,,,,,,,,,,,,,,,931417,001,2025-04-16_13h17.46.405,SLSIC2,2022.2.5,MacIntel,58.82352941,,,,,,,,,,,,,,,,,,,,,,,,,,,,,,,,,,,,,,,,,,,,,,,,,,,,,,,,,,,,,,,,,,,,,,,,,,,,,,,,,,,,,,,,,,,,,,,,,,,,4,8.9911,"If something sounds too good to be true, it usually is",0,2,2,2,1,"If something sounds too good to be true, it usually is",,,,,,,,,,,,,,,,,
,,,,,,,,,,,,,,,,931417,001,2025-04-16_13h17.46.405,SLSIC2,2022.2.5,MacIntel,58.82352941,,,,,,,,,,,,,,,,,,,,,,,,,,,,,,,,,,,,,,,,,,,,,,,,,,,,,,,,,,,,,,,,,,,,,,,,,,,,,,,,,,,,,,,,,,,,,,,,,,,,4,17.8321,Persons over the age of 65 are often targeted by con-artists,0,3,3,3,1,Persons over the age of 65 are often targeted by con-artists,,,,,,,,,,,,,,,,,
,,,,,,,,,,,,,,,,931417,001,2025-04-16_13h17.46.405,SLSIC2,2022.2.5,MacIntel,58.82352941,,,,,,,,,,,,,,,,,,,,,,,,,,,,,,,,,,,,,,,,,,,,,,,,,,,,,,,,,,,,,,,,,,,,,,,,,,,,,,,,,,,,,,,,,,,,,,,,,,,,1,23.6257,"I have difficulty ending a phone call, even if the caller is a telemarketer, someone I do not know, or someone I do not wish to call me",0,4,4,1,1,"I have difficulty ending a phone call, even if the caller is a telemarketer, someone I do not know, or someone I do not wish to call me",,,,,,,,,,,,,,,,,
,,,,,,,,,,,,,,,,931417,001,2025-04-16_13h17.46.405,SLSIC2,2022.2.5,MacIntel,58.82352941,,,,,,,,,,,,,,,,,,,,,,,,,,,,,,,,,,,,,,,,,,,,,,,,,,,,,,,,,,,,,,,,,,,,,,,,,,,,,,,,,,,,,,,,,,,,,,,,,,,,,,,,,,,,,1.054459054,5.1758,,,,,,,,,,,,,,,
,,,,,,,,,,,,,,,,931417,001,2025-04-16_13h17.46.405,SLSIC2,2022.2.5,MacIntel,58.82352941,,,,,,,,,,,,,,,,,,,,,,,,,,,,,,,,,,,,,,,,,,,,,,,,,,,,,,,,,,,,,,,,,,,,,,,,,,,,,,,,,,,,,,,,,,,,,,,,,,,,,,,,,,,,,,,,,,,,,,,,,,,,,
,,,,,,,,,,,,,,,,931417,001,2025-04-16_13h17.46.405,SLSIC2,2022.2.5,MacIntel,58.82352941,,,,,,,,,,,,,,,,,,,,,,,,,,,,,,,,,,,,,,,,,,,,,,,,,,,,,,,,,,,,,,,,,,,,,,,,,,,,,,,,,,,,,,,,,,,,,,,,,,,,,,,,,,,,,,,"[""female_option""]",,,,,,,,,,,,,,
,,,,,,,,,,,,,,,,931417,001,2025-04-16_13h17.46.405,SLSIC2,2022.2.5,MacIntel,58.82352941,,,,,,,,,,,,,,,,,,,,,,,,,,,,,,,,,,,,,,,,,,,,,,,,,,,,,,,,,,,,,,,,,,,,,,,,,,,,,,,,,,,,,,,,,,,,,,,,,,,,,,,,,,,,,,,,,,,,,,,,,,,,,
,,,,,,,,,,,,,,,,931417,001,2025-04-16_13h17.46.405,SLSIC2,2022.2.5,MacIntel,58.82352941,,,,,,,,,,,,,,,,,,,,,,,,,,,,,,,,,,,,,,,,,,,,,,,,,,,,,,,,,,,,,,,,,,,,,,,,,,,,,,,,,,,,,,,,,,,,,,,,,,,,,,,,,,,,,,,,23,01172002,,,,,,,,,,,,
,,,,,,,,,,,,,,,,931417,001,2025-04-16_13h17.46.405,SLSIC2,2022.2.5,MacIntel,58.82352941,,,,,,,,,,,,,,,,,,,,,,,,,,,,,,,,,,,,,,,,,,,,,,,,,,,,,,,,,,,,,,,,,,,,,,,,,,,,,,,,,,,,,,,,,,,,,,,,,,,,,,,,,,,,,,,,,,,,,,,,,,,,,
,,,,,,,,,,,,,,,,931417,001,2025-04-16_13h17.46.405,SLSIC2,2022.2.5,MacIntel,58.82352941,,,,,,,,,,,,,,,,,,,,,,,,,,,,,,,,,,,,,,,,,,,,,,,,,,,,,,,,,,,,,,,,,,,,,,,,,,,,,,,,,,,,,,,,,,,,,,,,,,,,,,,,,,,,,,,,,,"[""EduOpt5""]",,,,,,,,,,,
,,,,,,,,,,,,,,,,931417,001,2025-04-16_13h17.46.405,SLSIC2,2022.2.5,MacIntel,58.82352941,,,,,,,,,,,,,,,,,,,,,,,,,,,,,,,,,,,,,,,,,,,,,,,,,,,,,,,,,,,,,,,,,,,,,,,,,,,,,,,,,,,,,,,,,,,,,,,,,,,,,,,,,,,,,,,,,,,,,,,,,,,,,
,,,,,,,,,,,,,,,,931417,001,2025-04-16_13h17.46.405,SLSIC2,2022.2.5,MacIntel,58.82352941,,,,,,,,,,,,,,,,,,,,,,,,,,,,,,,,,,,,,,,,,,,,,,,,,,,,,,,,,,,,,,,,,,,,,,,,,,,,,,,,,,,,,,,,,,,,,,,,,,,,,,,,,,,,,,,,,,,"[""EthnOpt2""]",,,,,,,,,,
,,,,,,,,,,,,,,,,931417,001,2025-04-16_13h17.46.405,SLSIC2,2022.2.5,MacIntel,58.82352941,,,,,,,,,,,,,,,,,,,,,,,,,,,,,,,,,,,,,,,,,,,,,,,,,,,,,,,,,,,,,,,,,,,,,,,,,,,,,,,,,,,,,,,,,,,,,,,,,,,,,,,,,,,,,,,,,,,,,,,,,,,,,
,,,,,,,,,,,,,,,,931417,001,2025-04-16_13h17.46.405,SLSIC2,2022.2.5,MacIntel,58.82352941,,,,,,,,,,,,,,,,,,,,,,,,,,,,,,,,,,,,,,,,,,,,,,,,,,,,,,,,,,,,,,,,,,,,,,,,,,,,,,,,,,,,,,,,,,,,,,,,,,,,,,,,,,,,,,,,,,,,"[""EngFlncyY""]",,,,,,,,,
,,,,,,,,,,,,,,,,931417,001,2025-04-16_13h17.46.405,SLSIC2,2022.2.5,MacIntel,58.82352941,,,,,,,,,,,,,,,,,,,,,,,,,,,,,,,,,,,,,,,,,,,,,,,,,,,,,,,,,,,,,,,,,,,,,,,,,,,,,,,,,,,,,,,,,,,,,,,,,,,,,,,,,,,,,,,,,,,,,,,,,,,,,
,,,,,,,,,,,,,,,,931417,001,2025-04-16_13h17.46.405,SLSIC2,2022.2.5,MacIntel,58.82352941,,,,,,,,,,,,,,,,,,,,,,,,,,,,,,,,,,,,,,,,,,,,,,,,,,,,,,,,,,,,,,,,,,,,,,,,,,,,,,,,,,,,,,,,,,,,,,,,,,,,,,,,,,,,,,,,,,,,,10,China,,,,,,,
,,,,,,,,,,,,,,,,931417,001,2025-04-16_13h17.46.405,SLSIC2,2022.2.5,MacIntel,58.82352941,,,,,,,,,,,,,,,,,,,,,,,,,,,,,,,,,,,,,,,,,,,,,,,,,,,,,,,,,,,,,,,,,,,,,,,,,,,,,,,,,,,,,,,,,,,,,,,,,,,,,,,,,,,,,,,,,,,,,,,,,,,,,
,,,,,,,,,,,,,,,,931417,001,2025-04-16_13h17.46.405,SLSIC2,2022.2.5,MacIntel,58.82352941,,,,,,,,,,,,,,,,,,,,,,,,,,,,,,,,,,,,,,,,,,,,,,,,,,,,,,,,,,,,,,,,,,,,,,,,,,,,,,,,,,,,,,,,,,,,,,,,,,,,,,,,,,,,,,,,,,,,,,,D,,,,,,
,,,,,,,,,,,,,,,,931417,001,2025-04-16_13h17.46.405,SLSIC2,2022.2.5,MacIntel,58.82352941,,,,,,,,,,,,,,,,,,,,,,,,,,,,,,,,,,,,,,,,,,,,,,,,,,,,,,,,,,,,,,,,,,,,,,,,,,,,,,,,,,,,,,,,,,,,,,,,,,,,,,,,,,,,,,,,,,,,,,,,,,,,,
,,,,,,,,,,,,,,,,931417,001,2025-04-16_13h17.46.405,SLSIC2,2022.2.5,MacIntel,58.82352941,,,,,,,,,,,,,,,,,,,,,,,,,,,,,,,,,,,,,,,,,,,,,,,,,,,,,,,,,,,,,,,,,,,,,,,,,,,,,,,,,,,,,,,,,,,,,,,,,,,,,,,,,,,,,,,,,,,,,,,,No,,,,,
,,,,,,,,,,,,,,,,931417,001,2025-04-16_13h17.46.405,SLSIC2,2022.2.5,MacIntel,58.82352941,,,,,,,,,,,,,,,,,,,,,,,,,,,,,,,,,,,,,,,,,,,,,,,,,,,,,,,,,,,,,,,,,,,,,,,,,,,,,,,,,,,,,,,,,,,,,,,,,,,,,,,,,,,,,,,,,,,,,,,,,,,,,
,,,,,,,,,,,,,,,,931417,001,2025-04-16_13h17.46.405,SLSIC2,2022.2.5,MacIntel,58.82352941,,,,,,,,,,,,,,,,,,,,,,,,,,,,,,,,,,,,,,,,,,,,,,,,,,,,,,,,,,,,,,,,,,,,,,,,,,,,,,,,,,,,,,,,,,,,,,,,,,,,,,,,,,,,,,,,,,,,,,,,,all good,,,,
,,,,,,,,,,,,,,,,931417,001,2025-04-16_13h17.46.405,SLSIC2,2022.2.5,MacIntel,58.82352941,,,,,,,,,,,,,,,,,,,,,,,,,,,,,,,,,,,,,,,,,,,,,,,,,,,,,,,,,,,,,,,,,,,,,,,,,,,,,,,,,,,,,,,,,,,,,,,,,,,,,,,,,,,,,,,,,,,,,,,,,,,,,
,,,,,,,,,,,,,,,,931417,001,2025-04-16_13h17.46.405,SLSIC2,2022.2.5,MacIntel,58.82352941,,,,,,,,,,,,,,,,,,,,,,,,,,,,,,,,,,,,,,,,,,,,,,,,,,,,,,,,,,,,,,,,,,,,,,,,,,,,,,,,,,,,,,,,,,,,,,,,,,,,,,,,,,,,,,,,,,,,,,,,,,"[""Q4option1""]",,,
,,,,,,,,,,,,,,,,931417,001,2025-04-16_13h17.46.405,SLSIC2,2022.2.5,MacIntel,58.82352941,,,,,,,,,,,,,,,,,,,,,,,,,,,,,,,,,,,,,,,,,,,,,,,,,,,,,,,,,,,,,,,,,,,,,,,,,,,,,,,,,,,,,,,,,,,,,,,,,,,,,,,,,,,,,,,,,,,,,,,,,,,,,
,,,,,,,,,,,,,,,,931417,001,2025-04-16_13h17.46.405,SLSIC2,2022.2.5,MacIntel,58.82352941,,,,,,,,,,,,,,,,,,,,,,,,,,,,,,,,,,,,,,,,,,,,,,,,,,,,,,,,,,,,,,,,,,,,,,,,,,,,,,,,,,,,,,,,,,,,,,,,,,,,,,,,,,,,,,,,,,,,,,,,,,,1,[1483.338900000006],[1483.338900000006]
