bruinID.text,button.numClicks,button.timesOn,button.timesOff,mouseLogIn.x,mouseLogIn.y,mouseLogIn.leftButton,mouseLogIn.midButton,mouseLogIn.rightButton,mouseLogIn.time,mouseLogIn.clicked_name,repeat.thisRepN,repeat.thisTrialN,repeat.thisN,repeat.thisIndex,repeat.ran,participant,session,date,expName,psychopyVersion,OS,frameRate,key_resp_6.keys,key_resp_6.rt,key_resp_5.keys,key_resp_5.rt,subjage_slider.response,subjage_slider.rt,confidence_scale.response,confidence_scale.rt,key_resp_7.keys,key_resp_7.rt,button_2.numClicks,button_2.timesOn,button_2.timesOff,email_type,scam_button.numClicks,scam_button.timesOn,scam_button.timesOff,legit_button.numClicks,legit_button.timesOn,legit_button.timesOff,button_selections_1,confidence_scale_email.response,confidence_scale_email.rt,personal_rel_scale.response,personal_rel_scale.rt,curiosity_scale.response,curiosity_scale.rt,email_loop.thisRepN,email_loop.thisTrialN,email_loop.thisN,email_loop.thisIndex,email_loop.ran,emails,type,xsize,ysize,xpos,ypos,key_resp_11.keys,key_resp_11.rt,key_resp_9.keys,key_resp_9.rt,key_resp_10.keys,key_resp_10.rt,textbox.text,next_button.numClicks,next_button.timesOn,next_button.timesOff,key_resp_8.keys,key_resp_8.rt,mouse.x,mouse.y,mouse.leftButton,mouse.midButton,mouse.rightButton,mouse.time,key_resp_12.keys,key_resp_12.rt,button_3.numClicks,button_3.timesOn,button_3.timesOff,mouse_2.x,mouse_2.y,mouse_2.leftButton,mouse_2.midButton,mouse_2.rightButton,mouse_2.time,button_4.numClicks,button_4.timesOn,button_4.timesOff,mouse_3.x,mouse_3.y,mouse_3.leftButton,mouse_3.midButton,mouse_3.rightButton,mouse_3.time,button_5.numClicks,button_5.timesOn,button_5.timesOff,email_loops2.thisRepN,email_loops2.thisTrialN,email_loops2.thisN,email_loops2.thisIndex,email_loops2.ran,key_resp_3.keys,key_resp_3.rt,slider1_2.response,slider1_2.rt,trust_question,loop_GT.thisRepN,loop_GT.thisTrialN,loop_GT.thisN,loop_GT.thisIndex,loop_GT.ran,Phrases,instructionresp_2.keys,instructionresp_2.rt,key_resp_13.keys,key_resp_13.rt,gen_question,loop_G.thisRepN,loop_G.thisTrialN,loop_G.thisN,loop_G.thisIndex,loop_G.ran,Questions,instructionresp.keys,instructionresp.rt,key_resp_2.keys,key_resp_2.rt,lonely_question,loop_LS.thisRepN,loop_LS.thisTrialN,loop_LS.thisN,loop_LS.thisIndex,loop_LS.ran,key_resp_4.keys,key_resp_4.rt,rating.response,rating.rt,dementia_question,loop_dm.thisRepN,loop_dm.thisTrialN,loop_dm.thisN,loop_dm.thisIndex,loop_dm.ran,Items,key_resp.keys,key_resp.rt,slider1.response,slider1.rt,ss_question,loop_SS.thisRepN,loop_SS.thisTrialN,loop_SS.thisN,loop_SS.thisIndex,loop_SS.ran,Statements,slider.response,slider.rt,Gender,textboxAge.text,textboxBirthday.text,Education Level,Ethnicity,English Fluency,textboxAge_2.text,textboxCountry.text,FQ1textbox.text,textboxQuestion2.text,textboxQuestion3.text,FQ4 selection,Finish.numClicks,Finish.timesOn,Finish.timesOff
806374490,1,[13.995099999904632],[13.995299999952316],0.031076389,-0.072239583,1,0,0,1.2988,button,0,0,0,0,1,058915,001,2025-04-07_10h27.20.506,SLSI3,2022.2.5,MacIntel,60.24096386,,,,,,,,,,,,,,,,,,,,,,,,,,,,,,,,,,,,,,,,,,,,,,,,,,,,,,,,,,,,,,,,,,,,,,,,,,,,,,,,,,,,,,,,,,,,,,,,,,,,,,,,,,,,,,,,,,,,,,,,,,,,,,,,,,,,,,,,,,,,,,,,,,,,,,,,,,,
,,,,,,,,,,,,,,,,058915,001,2025-04-07_10h27.20.506,SLSI3,2022.2.5,MacIntel,60.24096386,space,8.7221,,,,,,,,,,,,,,,,,,,,,,,,,,,,,,,,,,,,,,,,,,,,,,,,,,,,,,,,,,,,,,,,,,,,,,,,,,,,,,,,,,,,,,,,,,,,,,,,,,,,,,,,,,,,,,,,,,,,,,,,,,,,,,,,,,,,,,,,,,,,,,,,,,,,,,,,,
,,,,,,,,,,,,,,,,058915,001,2025-04-07_10h27.20.506,SLSI3,2022.2.5,MacIntel,60.24096386,,,space,13.9004,,,,,,,,,,,,,,,,,,,,,,,,,,,,,,,,,,,,,,,,,,,,,,,,,,,,,,,,,,,,,,,,,,,,,,,,,,,,,,,,,,,,,,,,,,,,,,,,,,,,,,,,,,,,,,,,,,,,,,,,,,,,,,,,,,,,,,,,,,,,,,,,,,,,,,,
,,,,,,,,,,,,,,,,058915,001,2025-04-07_10h27.20.506,SLSI3,2022.2.5,MacIntel,60.24096386,,,,,78.60104167,7.2464,,,,,,,,,,,,,,,,,,,,,,,,,,,,,,,,,,,,,,,,,,,,,,,,,,,,,,,,,,,,,,,,,,,,,,,,,,,,,,,,,,,,,,,,,,,,,,,,,,,,,,,,,,,,,,,,,,,,,,,,,,,,,,,,,,,,,,,,,,,,,,,,,,,,,
,,,,,,,,,,,,,,,,058915,001,2025-04-07_10h27.20.506,SLSI3,2022.2.5,MacIntel,60.24096386,,,,,,,7.016536458,9.9819,,,,,,,,,,,,,,,,,,,,,,,,,,,,,,,,,,,,,,,,,,,,,,,,,,,,,,,,,,,,,,,,,,,,,,,,,,,,,,,,,,,,,,,,,,,,,,,,,,,,,,,,,,,,,,,,,,,,,,,,,,,,,,,,,,,,,,,,,,,,,,,,,,,
,,,,,,,,,,,,,,,,058915,001,2025-04-07_10h27.20.506,SLSI3,2022.2.5,MacIntel,60.24096386,,,,,,,,,space,9.1533,,,,,,,,,,,,,,,,,,,,,,,,,,,,,,,,,,,,,,,,,,,,,,,,,,,,,,,,,,,,,,,,,,,,,,,,,,,,,,,,,,,,,,,,,,,,,,,,,,,,,,,,,,,,,,,,,,,,,,,,,,,,,,,,,,,,,,,,,,,,,,,,,
,,,,,,,,,,,,,,,,058915,001,2025-04-07_10h27.20.506,SLSI3,2022.2.5,MacIntel,60.24096386,,,,,,,,,,,1,[75.7425],[75.74260000014306],,1,[77.19159999990464],[77.19159999990464],0,[],[],"[""scam_button""]",9.061284722,3.1638,0.926519097,5.0146,1.01015625,5.0456,0,0,0,11,1,resources/images/scam16.png,scam,0.65,0.65,0,0,,,,,,,,,,,,,,,,,,,,,,,,,,,,,,,,,,,,,,,,,,,,,,,,,,,,,,,,,,,,,,,,,,,,,,,,,,,,,,,,,,,,,,,,,,,,,,,,,,,,,,,,,,,,,,,,,,,,,
,,,,,,,,,,,,,,,,058915,001,2025-04-07_10h27.20.506,SLSI3,2022.2.5,MacIntel,60.24096386,,,,,,,,,,,2,"[75.7425,100.0925]","[75.74260000014306,100.09260000014305]",,2,"[77.19159999990464,100.80879999995231]","[77.19159999990464,100.80879999995231]",0,[],[],"[""scam_button""]",8.001866319,2.0982,1.0953125,2.1464,0.854470486,1.7471,0,1,1,1,1,resources/images/scam9.jpg,scam,0.65,0.65,0,0,,,,,,,,,,,,,,,,,,,,,,,,,,,,,,,,,,,,,,,,,,,,,,,,,,,,,,,,,,,,,,,,,,,,,,,,,,,,,,,,,,,,,,,,,,,,,,,,,,,,,,,,,,,,,,,,,,,,,
,,,,,,,,,,,,,,,,058915,001,2025-04-07_10h27.20.506,SLSI3,2022.2.5,MacIntel,60.24096386,,,,,,,,,,,3,"[75.7425,100.0925,116.19310000014305]","[75.74260000014306,100.09260000014305,116.1932000000477]",,2,"[77.19159999990464,100.80879999995231]","[77.19159999990464,100.80879999995231]",1,[117.09209999990463],[117.0922999999523],"[""legit_button""]",9.058333333,1.7456,5.927039931,2.9156,7.063454861,2.1964,0,2,2,2,1,resources/images/legit11.jpg,legit,0.65,0.65,0,0,,,,,,,,,,,,,,,,,,,,,,,,,,,,,,,,,,,,,,,,,,,,,,,,,,,,,,,,,,,,,,,,,,,,,,,,,,,,,,,,,,,,,,,,,,,,,,,,,,,,,,,,,,,,,,,,,,,,,
,,,,,,,,,,,,,,,,058915,001,2025-04-07_10h27.20.506,SLSI3,2022.2.5,MacIntel,60.24096386,,,,,,,,,,,4,"[75.7425,100.0925,116.19310000014305,134.65990000009538]","[75.74260000014306,100.09260000014305,116.1932000000477,134.66000000000003]",,2,"[77.19159999990464,100.80879999995231]","[77.19159999990464,100.80879999995231]",2,"[117.09209999990463,135.29259999990464]","[117.0922999999523,135.2927000000477]","[""legit_button""]",6.266145833,1.448,7.085286458,2.2123,7.085286458,0.9483,0,3,3,15,1,resources/images/legit16.jpg,legit,0.65,0.65,0,0,,,,,,,,,,,,,,,,,,,,,,,,,,,,,,,,,,,,,,,,,,,,,,,,,,,,,,,,,,,,,,,,,,,,,,,,,,,,,,,,,,,,,,,,,,,,,,,,,,,,,,,,,,,,,,,,,,,,,
,,,,,,,,,,,,,,,,058915,001,2025-04-07_10h27.20.506,SLSI3,2022.2.5,MacIntel,60.24096386,,,,,,,,,,,5,"[75.7425,100.0925,116.19310000014305,134.65990000009538,148.92690000009537]","[75.74260000014306,100.09260000014305,116.1932000000477,134.66000000000003,148.92690000009537]",,2,"[77.19159999990464,100.80879999995231]","[77.19159999990464,100.80879999995231]",3,"[117.09209999990463,135.29259999990464,149.793]","[117.0922999999523,135.2927000000477,149.793]","[""legit_button""]",6.948003472,1.0633,8.061892361,1.9307,8.061892361,0.3315,0,4,4,13,1,resources/images/legit15.jpg,legit,0.95,0.65,0,0,,,,,,,,,,,,,,,,,,,,,,,,,,,,,,,,,,,,,,,,,,,,,,,,,,,,,,,,,,,,,,,,,,,,,,,,,,,,,,,,,,,,,,,,,,,,,,,,,,,,,,,,,,,,,,,,,,,,,
,,,,,,,,,,,,,,,,058915,001,2025-04-07_10h27.20.506,SLSI3,2022.2.5,MacIntel,60.24096386,,,,,,,,,,,6,"[75.7425,100.0925,116.19310000014305,134.65990000009538,148.92690000009537,160.76030000019074]","[75.74260000014306,100.09260000014305,116.1932000000477,134.66000000000003,148.92690000009537,160.7604000000954]",,2,"[77.19159999990464,100.80879999995231]","[77.19159999990464,100.80879999995231]",4,"[117.09209999990463,135.29259999990464,149.793,161.65970000004768]","[117.0922999999523,135.2927000000477,149.793,161.65970000004768]","[""legit_button""]",6.977821181,1.6646,1.849131944,1.6305,1.104774306,1.3981,0,5,5,3,1,resources/images/legit_20.png,legit,0.9,0.8,0,0,,,,,,,,,,,,,,,,,,,,,,,,,,,,,,,,,,,,,,,,,,,,,,,,,,,,,,,,,,,,,,,,,,,,,,,,,,,,,,,,,,,,,,,,,,,,,,,,,,,,,,,,,,,,,,,,,,,,,
,,,,,,,,,,,,,,,,058915,001,2025-04-07_10h27.20.506,SLSI3,2022.2.5,MacIntel,60.24096386,,,,,,,,,,,7,"[75.7425,100.0925,116.19310000014305,134.65990000009538,148.92690000009537,160.76030000019074,176.51090000009538]","[75.74260000014306,100.09260000014305,116.1932000000477,134.66000000000003,148.92690000009537,160.7604000000954,176.51100000000002]",,2,"[77.19159999990464,100.80879999995231]","[77.19159999990464,100.80879999995231]",5,"[117.09209999990463,135.29259999990464,149.793,161.65970000004768,177.3432000000477]","[117.0922999999523,135.2927000000477,149.793,161.65970000004768,177.3432999999523]","[""legit_button""]",5.990017361,1.7798,2.035590278,2.5817,0.110546875,1.5643,0,6,6,7,1,resources/images/legit_21.png,legit,0.8,0.8,0,0,,,,,,,,,,,,,,,,,,,,,,,,,,,,,,,,,,,,,,,,,,,,,,,,,,,,,,,,,,,,,,,,,,,,,,,,,,,,,,,,,,,,,,,,,,,,,,,,,,,,,,,,,,,,,,,,,,,,,
,,,,,,,,,,,,,,,,058915,001,2025-04-07_10h27.20.506,SLSI3,2022.2.5,MacIntel,60.24096386,,,,,,,,,,,8,"[75.7425,100.0925,116.19310000014305,134.65990000009538,148.92690000009537,160.76030000019074,176.51090000009538,188.91130000019075]","[75.74260000014306,100.09260000014305,116.1932000000477,134.66000000000003,148.92690000009537,160.7604000000954,176.51100000000002,188.91130000019075]",,3,"[77.19159999990464,100.80879999995231,189.91059999990463]","[77.19159999990464,100.80879999995231,189.91070000004768]",5,"[117.09209999990463,135.29259999990464,149.793,161.65970000004768,177.3432000000477]","[117.0922999999523,135.2927000000477,149.793,161.65970000004768,177.3432999999523]","[""scam_button""]",8.966232639,1.3807,1.078385417,1.8973,1.004470486,1.3297,0,7,7,18,1,resources/images/scam_20.png,scam,1.45,0.6,0,0,,,,,,,,,,,,,,,,,,,,,,,,,,,,,,,,,,,,,,,,,,,,,,,,,,,,,,,,,,,,,,,,,,,,,,,,,,,,,,,,,,,,,,,,,,,,,,,,,,,,,,,,,,,,,,,,,,,,,
,,,,,,,,,,,,,,,,058915,001,2025-04-07_10h27.20.506,SLSI3,2022.2.5,MacIntel,60.24096386,,,,,,,,,,,9,"[75.7425,100.0925,116.19310000014305,134.65990000009538,148.92690000009537,160.76030000019074,176.51090000009538,188.91130000019075,198.82710000014305]","[75.74260000014306,100.09260000014305,116.1932000000477,134.66000000000003,148.92690000009537,160.7604000000954,176.51100000000002,188.91130000019075,198.82710000014305]",,3,"[77.19159999990464,100.80879999995231,189.91059999990463]","[77.19159999990464,100.80879999995231,189.91070000004768]",6,"[117.09209999990463,135.29259999990464,149.793,161.65970000004768,177.3432000000477,199.39390000009536]","[117.0922999999523,135.2927000000477,149.793,161.65970000004768,177.3432999999523,199.39390000009536]","[""legit_button""]",6.095008681,1.7971,6.102777778,1.1147,6.671397569,0.8307,0,8,8,8,1,resources/images/legit_23.png,legit,1,0.65,0,0,,,,,,,,,,,,,,,,,,,,,,,,,,,,,,,,,,,,,,,,,,,,,,,,,,,,,,,,,,,,,,,,,,,,,,,,,,,,,,,,,,,,,,,,,,,,,,,,,,,,,,,,,,,,,,,,,,,,,
,,,,,,,,,,,,,,,,058915,001,2025-04-07_10h27.20.506,SLSI3,2022.2.5,MacIntel,60.24096386,,,,,,,,,,,10,"[75.7425,100.0925,116.19310000014305,134.65990000009538,148.92690000009537,160.76030000019074,176.51090000009538,188.91130000019075,198.82710000014305,208.79510000014307]","[75.74260000014306,100.09260000014305,116.1932000000477,134.66000000000003,148.92690000009537,160.7604000000954,176.51100000000002,188.91130000019075,198.82710000014305,208.79520000004766]",,3,"[77.19159999990464,100.80879999995231,189.91059999990463]","[77.19159999990464,100.80879999995231,189.91070000004768]",7,"[117.09209999990463,135.29259999990464,149.793,161.65970000004768,177.3432000000477,199.39390000009536,209.46079999995231]","[117.0922999999523,135.2927000000477,149.793,161.65970000004768,177.3432999999523,199.39390000009536,209.46079999995231]","[""legit_button""]",1.256467014,3.1462,5.904947917,2.632,3.289279514,0.4988,0,9,9,20,1,resources/images/scam_30.png,scam,1.45,0.6,0,0,,,,,,,,,,,,,,,,,,,,,,,,,,,,,,,,,,,,,,,,,,,,,,,,,,,,,,,,,,,,,,,,,,,,,,,,,,,,,,,,,,,,,,,,,,,,,,,,,,,,,,,,,,,,,,,,,,,,,
,,,,,,,,,,,,,,,,058915,001,2025-04-07_10h27.20.506,SLSI3,2022.2.5,MacIntel,60.24096386,,,,,,,,,,,11,"[75.7425,100.0925,116.19310000014305,134.65990000009538,148.92690000009537,160.76030000019074,176.51090000009538,188.91130000019075,198.82710000014305,208.79510000014307,218.79480000019072]","[75.74260000014306,100.09260000014305,116.1932000000477,134.66000000000003,148.92690000009537,160.7604000000954,176.51100000000002,188.91130000019075,198.82710000014305,208.79520000004766,218.79490000009537]",,3,"[77.19159999990464,100.80879999995231,189.91059999990463]","[77.19159999990464,100.80879999995231,189.91070000004768]",8,"[117.09209999990463,135.29259999990464,149.793,161.65970000004768,177.3432000000477,199.39390000009536,209.46079999995231,219.74370000004768]","[117.0922999999523,135.2927000000477,149.793,161.65970000004768,177.3432999999523,199.39390000009536,209.46079999995231,219.74370000004768]","[""legit_button""]",6.921657986,1.5635,3.686631944,2.9309,1.036067708,0.5821,0,10,10,17,1,resources/images/legitimate_18.png,legit,1,0.65,0,0,,,,,,,,,,,,,,,,,,,,,,,,,,,,,,,,,,,,,,,,,,,,,,,,,,,,,,,,,,,,,,,,,,,,,,,,,,,,,,,,,,,,,,,,,,,,,,,,,,,,,,,,,,,,,,,,,,,,,
,,,,,,,,,,,,,,,,058915,001,2025-04-07_10h27.20.506,SLSI3,2022.2.5,MacIntel,60.24096386,,,,,,,,,,,12,"[75.7425,100.0925,116.19310000014305,134.65990000009538,148.92690000009537,160.76030000019074,176.51090000009538,188.91130000019075,198.82710000014305,208.79510000014307,218.79480000019072,232.02830000019077]","[75.74260000014306,100.09260000014305,116.1932000000477,134.66000000000003,148.92690000009537,160.7604000000954,176.51100000000002,188.91130000019075,198.82710000014305,208.79520000004766,218.79490000009537,232.02830000019077]",,3,"[77.19159999990464,100.80879999995231,189.91059999990463]","[77.19159999990464,100.80879999995231,189.91070000004768]",9,"[117.09209999990463,135.29259999990464,149.793,161.65970000004768,177.3432000000477,199.39390000009536,209.46079999995231,219.74370000004768,232.74359999990463]","[117.0922999999523,135.2927000000477,149.793,161.65970000004768,177.3432999999523,199.39390000009536,209.46079999995231,219.74370000004768,232.74359999990463]","[""legit_button""]",6.823220486,1.6467,0.952951389,2.231,0.952951389,0.3638,0,11,11,21,1,resources/images/scam_23.png,scam,1,0.8,0,0,,,,,,,,,,,,,,,,,,,,,,,,,,,,,,,,,,,,,,,,,,,,,,,,,,,,,,,,,,,,,,,,,,,,,,,,,,,,,,,,,,,,,,,,,,,,,,,,,,,,,,,,,,,,,,,,,,,,,
,,,,,,,,,,,,,,,,058915,001,2025-04-07_10h27.20.506,SLSI3,2022.2.5,MacIntel,60.24096386,,,,,,,,,,,13,"[75.7425,100.0925,116.19310000014305,134.65990000009538,148.92690000009537,160.76030000019074,176.51090000009538,188.91130000019075,198.82710000014305,208.79510000014307,218.79480000019072,232.02830000019077,246.66240000009532]","[75.74260000014306,100.09260000014305,116.1932000000477,134.66000000000003,148.92690000009537,160.7604000000954,176.51100000000002,188.91130000019075,198.82710000014305,208.79520000004766,218.79490000009537,232.02830000019077,246.66240000009532]",,4,"[77.19159999990464,100.80879999995231,189.91059999990463,247.27849999999995]","[77.19159999990464,100.80879999995231,189.91070000004768,247.2785999999046]",9,"[117.09209999990463,135.29259999990464,149.793,161.65970000004768,177.3432000000477,199.39390000009536,209.46079999995231,219.74370000004768,232.74359999990463]","[117.0922999999523,135.2927000000477,149.793,161.65970000004768,177.3432999999523,199.39390000009536,209.46079999995231,219.74370000004768,232.74359999990463]","[""scam_button""]",8.201171875,1.8316,0.090147569,2.9141,0.090147569,0.1642,0,12,12,12,1,resources/images/scam17.png,scam,0.8,0.65,0,0,,,,,,,,,,,,,,,,,,,,,,,,,,,,,,,,,,,,,,,,,,,,,,,,,,,,,,,,,,,,,,,,,,,,,,,,,,,,,,,,,,,,,,,,,,,,,,,,,,,,,,,,,,,,,,,,,,,,,
,,,,,,,,,,,,,,,,058915,001,2025-04-07_10h27.20.506,SLSI3,2022.2.5,MacIntel,60.24096386,,,,,,,,,,,14,"[75.7425,100.0925,116.19310000014305,134.65990000009538,148.92690000009537,160.76030000019074,176.51090000009538,188.91130000019075,198.82710000014305,208.79510000014307,218.79480000019072,232.02830000019077,246.66240000009532,253.97910000014303]","[75.74260000014306,100.09260000014305,116.1932000000477,134.66000000000003,148.92690000009537,160.7604000000954,176.51100000000002,188.91130000019075,198.82710000014305,208.79520000004766,218.79490000009537,232.02830000019077,246.66240000009532,253.97910000014303]",,4,"[77.19159999990464,100.80879999995231,189.91059999990463,247.27849999999995]","[77.19159999990464,100.80879999995231,189.91070000004768,247.2785999999046]",10,"[117.09209999990463,135.29259999990464,149.793,161.65970000004768,177.3432000000477,199.39390000009536,209.46079999995231,219.74370000004768,232.74359999990463,255.26070000004765]","[117.0922999999523,135.2927000000477,149.793,161.65970000004768,177.3432999999523,199.39390000009536,209.46079999995231,219.74370000004768,232.74359999990463,255.26070000004765]","[""legit_button""]",6.163194444,0.6145,1.25390625,1.9644,1.611458333,1.5473,0,13,13,16,1,resources/images/legit_30.png,legit,1,0.85,0,0,,,,,,,,,,,,,,,,,,,,,,,,,,,,,,,,,,,,,,,,,,,,,,,,,,,,,,,,,,,,,,,,,,,,,,,,,,,,,,,,,,,,,,,,,,,,,,,,,,,,,,,,,,,,,,,,,,,,,
,,,,,,,,,,,,,,,,058915,001,2025-04-07_10h27.20.506,SLSI3,2022.2.5,MacIntel,60.24096386,,,,,,,,,,,15,"[75.7425,100.0925,116.19310000014305,134.65990000009538,148.92690000009537,160.76030000019074,176.51090000009538,188.91130000019075,198.82710000014305,208.79510000014307,218.79480000019072,232.02830000019077,246.66240000009532,253.97910000014303,268.56290000009534]","[75.74260000014306,100.09260000014305,116.1932000000477,134.66000000000003,148.92690000009537,160.7604000000954,176.51100000000002,188.91130000019075,198.82710000014305,208.79520000004766,218.79490000009537,232.02830000019077,246.66240000009532,253.97910000014303,268.56290000009534]",,4,"[77.19159999990464,100.80879999995231,189.91059999990463,247.27849999999995]","[77.19159999990464,100.80879999995231,189.91070000004768,247.2785999999046]",11,"[117.09209999990463,135.29259999990464,149.793,161.65970000004768,177.3432000000477,199.39390000009536,209.46079999995231,219.74370000004768,232.74359999990463,255.26070000004765,269.71209999990464]","[117.0922999999523,135.2927000000477,149.793,161.65970000004768,177.3432999999523,199.39390000009536,209.46079999995231,219.74370000004768,232.74359999990463,255.26070000004765,269.71209999990464]","[""legit_button""]",4.962543403,1.4962,6.80234375,1.5473,6.807204861,1.0303,0,14,14,22,1,resources/images/scam_24.png,scam,1,0.8,0,0,,,,,,,,,,,,,,,,,,,,,,,,,,,,,,,,,,,,,,,,,,,,,,,,,,,,,,,,,,,,,,,,,,,,,,,,,,,,,,,,,,,,,,,,,,,,,,,,,,,,,,,,,,,,,,,,,,,,,
,,,,,,,,,,,,,,,,058915,001,2025-04-07_10h27.20.506,SLSI3,2022.2.5,MacIntel,60.24096386,,,,,,,,,,,16,"[75.7425,100.0925,116.19310000014305,134.65990000009538,148.92690000009537,160.76030000019074,176.51090000009538,188.91130000019075,198.82710000014305,208.79510000014307,218.79480000019072,232.02830000019077,246.66240000009532,253.97910000014303,268.56290000009534,277.06220000004765]","[75.74260000014306,100.09260000014305,116.1932000000477,134.66000000000003,148.92690000009537,160.7604000000954,176.51100000000002,188.91130000019075,198.82710000014305,208.79520000004766,218.79490000009537,232.02830000019077,246.66240000009532,253.97910000014303,268.56290000009534,277.0623000001907]",,4,"[77.19159999990464,100.80879999995231,189.91059999990463,247.27849999999995]","[77.19159999990464,100.80879999995231,189.91070000004768,247.2785999999046]",12,"[117.09209999990463,135.29259999990464,149.793,161.65970000004768,177.3432000000477,199.39390000009536,209.46079999995231,219.74370000004768,232.74359999990463,255.26070000004765,269.71209999990464,277.5785999999046]","[117.0922999999523,135.2927000000477,149.793,161.65970000004768,177.3432999999523,199.39390000009536,209.46079999995231,219.74370000004768,232.74359999990463,255.26070000004765,269.71209999990464,277.5785999999046]","[""legit_button""]",6.966666667,1.0814,1.210546875,0.7976,1.088932292,0.28,0,15,15,9,1,resources/images/legit_22.png,legit,1,0.78,0,0,,,,,,,,,,,,,,,,,,,,,,,,,,,,,,,,,,,,,,,,,,,,,,,,,,,,,,,,,,,,,,,,,,,,,,,,,,,,,,,,,,,,,,,,,,,,,,,,,,,,,,,,,,,,,,,,,,,,,
,,,,,,,,,,,,,,,,058915,001,2025-04-07_10h27.20.506,SLSI3,2022.2.5,MacIntel,60.24096386,,,,,,,,,,,17,"[75.7425,100.0925,116.19310000014305,134.65990000009538,148.92690000009537,160.76030000019074,176.51090000009538,188.91130000019075,198.82710000014305,208.79510000014307,218.79480000019072,232.02830000019077,246.66240000009532,253.97910000014303,268.56290000009534,277.06220000004765,292.11340000009534]","[75.74260000014306,100.09260000014305,116.1932000000477,134.66000000000003,148.92690000009537,160.7604000000954,176.51100000000002,188.91130000019075,198.82710000014305,208.79520000004766,218.79490000009537,232.02830000019077,246.66240000009532,253.97910000014303,268.56290000009534,277.0623000001907,292.11340000009534]",,5,"[77.19159999990464,100.80879999995231,189.91059999990463,247.27849999999995,293.16249999999997]","[77.19159999990464,100.80879999995231,189.91070000004768,247.2785999999046,293.16249999999997]",12,"[117.09209999990463,135.29259999990464,149.793,161.65970000004768,177.3432000000477,199.39390000009536,209.46079999995231,219.74370000004768,232.74359999990463,255.26070000004765,269.71209999990464,277.5785999999046]","[117.0922999999523,135.2927000000477,149.793,161.65970000004768,177.3432999999523,199.39390000009536,209.46079999995231,219.74370000004768,232.74359999990463,255.26070000004765,269.71209999990464,277.5785999999046]","[""scam_button""]",2.885416667,0.7468,1.942404514,1.98,1.680989583,0.5971,0,16,16,14,1,resources/images/scam18.png,scam,1,0.65,0,0,,,,,,,,,,,,,,,,,,,,,,,,,,,,,,,,,,,,,,,,,,,,,,,,,,,,,,,,,,,,,,,,,,,,,,,,,,,,,,,,,,,,,,,,,,,,,,,,,,,,,,,,,,,,,,,,,,,,,
,,,,,,,,,,,,,,,,058915,001,2025-04-07_10h27.20.506,SLSI3,2022.2.5,MacIntel,60.24096386,,,,,,,,,,,18,"[75.7425,100.0925,116.19310000014305,134.65990000009538,148.92690000009537,160.76030000019074,176.51090000009538,188.91130000019075,198.82710000014305,208.79510000014307,218.79480000019072,232.02830000019077,246.66240000009532,253.97910000014303,268.56290000009534,277.06220000004765,292.11340000009534,302.730100000143]","[75.74260000014306,100.09260000014305,116.1932000000477,134.66000000000003,148.92690000009537,160.7604000000954,176.51100000000002,188.91130000019075,198.82710000014305,208.79520000004766,218.79490000009537,232.02830000019077,246.66240000009532,253.97910000014303,268.56290000009534,277.0623000001907,292.11340000009534,302.73020000004766]",,5,"[77.19159999990464,100.80879999995231,189.91059999990463,247.27849999999995,293.16249999999997]","[77.19159999990464,100.80879999995231,189.91070000004768,247.2785999999046,293.16249999999997]",13,"[117.09209999990463,135.29259999990464,149.793,161.65970000004768,177.3432000000477,199.39390000009536,209.46079999995231,219.74370000004768,232.74359999990463,255.26070000004765,269.71209999990464,277.5785999999046,303.5957999999523]","[117.0922999999523,135.2927000000477,149.793,161.65970000004768,177.3432999999523,199.39390000009536,209.46079999995231,219.74370000004768,232.74359999990463,255.26070000004765,269.71209999990464,277.5785999999046,303.5957999999523]","[""legit_button""]",6.101909722,0.9146,6.088020833,0.7646,3.600651042,1.313,0,17,17,23,1,resources/images/scam_22.png,scam,1,0.65,0,0,,,,,,,,,,,,,,,,,,,,,,,,,,,,,,,,,,,,,,,,,,,,,,,,,,,,,,,,,,,,,,,,,,,,,,,,,,,,,,,,,,,,,,,,,,,,,,,,,,,,,,,,,,,,,,,,,,,,,
,,,,,,,,,,,,,,,,058915,001,2025-04-07_10h27.20.506,SLSI3,2022.2.5,MacIntel,60.24096386,,,,,,,,,,,19,"[75.7425,100.0925,116.19310000014305,134.65990000009538,148.92690000009537,160.76030000019074,176.51090000009538,188.91130000019075,198.82710000014305,208.79510000014307,218.79480000019072,232.02830000019077,246.66240000009532,253.97910000014303,268.56290000009534,277.06220000004765,292.11340000009534,302.730100000143,311.1803000001907]","[75.74260000014306,100.09260000014305,116.1932000000477,134.66000000000003,148.92690000009537,160.7604000000954,176.51100000000002,188.91130000019075,198.82710000014305,208.79520000004766,218.79490000009537,232.02830000019077,246.66240000009532,253.97910000014303,268.56290000009534,277.0623000001907,292.11340000009534,302.73020000004766,311.18040000009535]",,6,"[77.19159999990464,100.80879999995231,189.91059999990463,247.27849999999995,293.16249999999997,311.99649999999997]","[77.19159999990464,100.80879999995231,189.91070000004768,247.2785999999046,293.16249999999997,311.99649999999997]",13,"[117.09209999990463,135.29259999990464,149.793,161.65970000004768,177.3432000000477,199.39390000009536,209.46079999995231,219.74370000004768,232.74359999990463,255.26070000004765,269.71209999990464,277.5785999999046,303.5957999999523]","[117.0922999999523,135.2927000000477,149.793,161.65970000004768,177.3432999999523,199.39390000009536,209.46079999995231,219.74370000004768,232.74359999990463,255.26070000004765,269.71209999990464,277.5785999999046,303.5957999999523]","[""scam_button""]",7.084114583,0.9961,1.898654514,1.2317,1.898654514,0.364,0,18,18,19,1,resources/images/scam_21.png,scam,1,0.65,0,0,,,,,,,,,,,,,,,,,,,,,,,,,,,,,,,,,,,,,,,,,,,,,,,,,,,,,,,,,,,,,,,,,,,,,,,,,,,,,,,,,,,,,,,,,,,,,,,,,,,,,,,,,,,,,,,,,,,,,
,,,,,,,,,,,,,,,,058915,001,2025-04-07_10h27.20.506,SLSI3,2022.2.5,MacIntel,60.24096386,,,,,,,,,,,20,"[75.7425,100.0925,116.19310000014305,134.65990000009538,148.92690000009537,160.76030000019074,176.51090000009538,188.91130000019075,198.82710000014305,208.79510000014307,218.79480000019072,232.02830000019077,246.66240000009532,253.97910000014303,268.56290000009534,277.06220000004765,292.11340000009534,302.730100000143,311.1803000001907,320.3639000000953]","[75.74260000014306,100.09260000014305,116.1932000000477,134.66000000000003,148.92690000009537,160.7604000000954,176.51100000000002,188.91130000019075,198.82710000014305,208.79520000004766,218.79490000009537,232.02830000019077,246.66240000009532,253.97910000014303,268.56290000009534,277.0623000001907,292.11340000009534,302.73020000004766,311.18040000009535,320.3639000000953]",,7,"[77.19159999990464,100.80879999995231,189.91059999990463,247.27849999999995,293.16249999999997,311.99649999999997,321.87899999999996]","[77.19159999990464,100.80879999995231,189.91070000004768,247.2785999999046,293.16249999999997,311.99649999999997,321.8790999999046]",13,"[117.09209999990463,135.29259999990464,149.793,161.65970000004768,177.3432000000477,199.39390000009536,209.46079999995231,219.74370000004768,232.74359999990463,255.26070000004765,269.71209999990464,277.5785999999046,303.5957999999523]","[117.0922999999523,135.2927000000477,149.793,161.65970000004768,177.3432999999523,199.39390000009536,209.46079999995231,219.74370000004768,232.74359999990463,255.26070000004765,269.71209999990464,277.5785999999046,303.5957999999523]","[""scam_button""]",8.014930556,1.3159,2.810720486,1.6139,1.201171875,0.4124,0,19,19,5,1,resources/images/legit12.jpg,legit,1,0.65,0,0,,,,,,,,,,,,,,,,,,,,,,,,,,,,,,,,,,,,,,,,,,,,,,,,,,,,,,,,,,,,,,,,,,,,,,,,,,,,,,,,,,,,,,,,,,,,,,,,,,,,,,,,,,,,,,,,,,,,,
,,,,,,,,,,,,,,,,058915,001,2025-04-07_10h27.20.506,SLSI3,2022.2.5,MacIntel,60.24096386,,,,,,,,,,,21,"[75.7425,100.0925,116.19310000014305,134.65990000009538,148.92690000009537,160.76030000019074,176.51090000009538,188.91130000019075,198.82710000014305,208.79510000014307,218.79480000019072,232.02830000019077,246.66240000009532,253.97910000014303,268.56290000009534,277.06220000004765,292.11340000009534,302.730100000143,311.1803000001907,320.3639000000953,329.06420000004766]","[75.74260000014306,100.09260000014305,116.1932000000477,134.66000000000003,148.92690000009537,160.7604000000954,176.51100000000002,188.91130000019075,198.82710000014305,208.79520000004766,218.79490000009537,232.02830000019077,246.66240000009532,253.97910000014303,268.56290000009534,277.0623000001907,292.11340000009534,302.73020000004766,311.18040000009535,320.3639000000953,329.06420000004766]",,7,"[77.19159999990464,100.80879999995231,189.91059999990463,247.27849999999995,293.16249999999997,311.99649999999997,321.87899999999996]","[77.19159999990464,100.80879999995231,189.91070000004768,247.2785999999046,293.16249999999997,311.99649999999997,321.8790999999046]",14,"[117.09209999990463,135.29259999990464,149.793,161.65970000004768,177.3432000000477,199.39390000009536,209.46079999995231,219.74370000004768,232.74359999990463,255.26070000004765,269.71209999990464,277.5785999999046,303.5957999999523,329.713]","[117.0922999999523,135.2927000000477,149.793,161.65970000004768,177.3432999999523,199.39390000009536,209.46079999995231,219.74370000004768,232.74359999990463,255.26070000004765,269.71209999990464,277.5785999999046,303.5957999999523,329.713]","[""legit_button""]",6.962717014,1.6642,7.061371528,1.5135,2.133420139,1.0467,0,20,20,4,1,resources/images/legit_19.png,legit,0.65,0.65,0,0,,,,,,,,,,,,,,,,,,,,,,,,,,,,,,,,,,,,,,,,,,,,,,,,,,,,,,,,,,,,,,,,,,,,,,,,,,,,,,,,,,,,,,,,,,,,,,,,,,,,,,,,,,,,,,,,,,,,,
,,,,,,,,,,,,,,,,058915,001,2025-04-07_10h27.20.506,SLSI3,2022.2.5,MacIntel,60.24096386,,,,,,,,,,,22,"[75.7425,100.0925,116.19310000014305,134.65990000009538,148.92690000009537,160.76030000019074,176.51090000009538,188.91130000019075,198.82710000014305,208.79510000014307,218.79480000019072,232.02830000019077,246.66240000009532,253.97910000014303,268.56290000009534,277.06220000004765,292.11340000009534,302.730100000143,311.1803000001907,320.3639000000953,329.06420000004766,337.631]","[75.74260000014306,100.09260000014305,116.1932000000477,134.66000000000003,148.92690000009537,160.7604000000954,176.51100000000002,188.91130000019075,198.82710000014305,208.79520000004766,218.79490000009537,232.02830000019077,246.66240000009532,253.97910000014303,268.56290000009534,277.0623000001907,292.11340000009534,302.73020000004766,311.18040000009535,320.3639000000953,329.06420000004766,337.631]",,8,"[77.19159999990464,100.80879999995231,189.91059999990463,247.27849999999995,293.16249999999997,311.99649999999997,321.87899999999996,338.1467999999523]","[77.19159999990464,100.80879999995231,189.91070000004768,247.2785999999046,293.16249999999997,311.99649999999997,321.8790999999046,338.1467999999523]",14,"[117.09209999990463,135.29259999990464,149.793,161.65970000004768,177.3432000000477,199.39390000009536,209.46079999995231,219.74370000004768,232.74359999990463,255.26070000004765,269.71209999990464,277.5785999999046,303.5957999999523,329.713]","[117.0922999999523,135.2927000000477,149.793,161.65970000004768,177.3432999999523,199.39390000009536,209.46079999995231,219.74370000004768,232.74359999990463,255.26070000004765,269.71209999990464,277.5785999999046,303.5957999999523,329.713]","[""scam_button""]",7.083637153,1.0289,1.227951389,1.9322,2.739279514,1.0479,0,21,21,0,1,resources/images/scam8.jpg,scam,0.65,0.65,0,0,,,,,,,,,,,,,,,,,,,,,,,,,,,,,,,,,,,,,,,,,,,,,,,,,,,,,,,,,,,,,,,,,,,,,,,,,,,,,,,,,,,,,,,,,,,,,,,,,,,,,,,,,,,,,,,,,,,,,
,,,,,,,,,,,,,,,,058915,001,2025-04-07_10h27.20.506,SLSI3,2022.2.5,MacIntel,60.24096386,,,,,,,,,,,23,"[75.7425,100.0925,116.19310000014305,134.65990000009538,148.92690000009537,160.76030000019074,176.51090000009538,188.91130000019075,198.82710000014305,208.79510000014307,218.79480000019072,232.02830000019077,246.66240000009532,253.97910000014303,268.56290000009534,277.06220000004765,292.11340000009534,302.730100000143,311.1803000001907,320.3639000000953,329.06420000004766,337.631,346.48099999999994]","[75.74260000014306,100.09260000014305,116.1932000000477,134.66000000000003,148.92690000009537,160.7604000000954,176.51100000000002,188.91130000019075,198.82710000014305,208.79520000004766,218.79490000009537,232.02830000019077,246.66240000009532,253.97910000014303,268.56290000009534,277.0623000001907,292.11340000009534,302.73020000004766,311.18040000009535,320.3639000000953,329.06420000004766,337.631,346.481100000143]",,8,"[77.19159999990464,100.80879999995231,189.91059999990463,247.27849999999995,293.16249999999997,311.99649999999997,321.87899999999996,338.1467999999523]","[77.19159999990464,100.80879999995231,189.91070000004768,247.2785999999046,293.16249999999997,311.99649999999997,321.8790999999046,338.1467999999523]",15,"[117.09209999990463,135.29259999990464,149.793,161.65970000004768,177.3432000000477,199.39390000009536,209.46079999995231,219.74370000004768,232.74359999990463,255.26070000004765,269.71209999990464,277.5785999999046,303.5957999999523,329.713,347.5302999999523]","[117.0922999999523,135.2927000000477,149.793,161.65970000004768,177.3432999999523,199.39390000009536,209.46079999995231,219.74370000004768,232.74359999990463,255.26070000004765,269.71209999990464,277.5785999999046,303.5957999999523,329.713,347.5302999999523]","[""legit_button""]",3.30234375,0.8968,1.749869792,0.798,1.749869792,0.1816,0,22,22,10,1,resources/images/scam15.jpg,scam,0.65,0.65,0,0,,,,,,,,,,,,,,,,,,,,,,,,,,,,,,,,,,,,,,,,,,,,,,,,,,,,,,,,,,,,,,,,,,,,,,,,,,,,,,,,,,,,,,,,,,,,,,,,,,,,,,,,,,,,,,,,,,,,,
,,,,,,,,,,,,,,,,058915,001,2025-04-07_10h27.20.506,SLSI3,2022.2.5,MacIntel,60.24096386,,,,,,,,,,,24,"[75.7425,100.0925,116.19310000014305,134.65990000009538,148.92690000009537,160.76030000019074,176.51090000009538,188.91130000019075,198.82710000014305,208.79510000014307,218.79480000019072,232.02830000019077,246.66240000009532,253.97910000014303,268.56290000009534,277.06220000004765,292.11340000009534,302.730100000143,311.1803000001907,320.3639000000953,329.06420000004766,337.631,346.48099999999994,353.9312000000476]","[75.74260000014306,100.09260000014305,116.1932000000477,134.66000000000003,148.92690000009537,160.7604000000954,176.51100000000002,188.91130000019075,198.82710000014305,208.79520000004766,218.79490000009537,232.02830000019077,246.66240000009532,253.97910000014303,268.56290000009534,277.0623000001907,292.11340000009534,302.73020000004766,311.18040000009535,320.3639000000953,329.06420000004766,337.631,346.481100000143,353.9312000000476]",,8,"[77.19159999990464,100.80879999995231,189.91059999990463,247.27849999999995,293.16249999999997,311.99649999999997,321.87899999999996,338.1467999999523]","[77.19159999990464,100.80879999995231,189.91070000004768,247.2785999999046,293.16249999999997,311.99649999999997,321.8790999999046,338.1467999999523]",16,"[117.09209999990463,135.29259999990464,149.793,161.65970000004768,177.3432000000477,199.39390000009536,209.46079999995231,219.74370000004768,232.74359999990463,255.26070000004765,269.71209999990464,277.5785999999046,303.5957999999523,329.713,347.5302999999523,354.61379999995233]","[117.0922999999523,135.2927000000477,149.793,161.65970000004768,177.3432999999523,199.39390000009536,209.46079999995231,219.74370000004768,232.74359999990463,255.26070000004765,269.71209999990464,277.5785999999046,303.5957999999523,329.713,347.5302999999523,354.61379999995233]","[""legit_button""]",2.621918403,1.4127,5.492664931,1.9621,5.994184028,0.847,0,23,23,6,1,resources/images/legit13.jpg,legit,0.65,0.65,0,0,,,,,,,,,,,,,,,,,,,,,,,,,,,,,,,,,,,,,,,,,,,,,,,,,,,,,,,,,,,,,,,,,,,,,,,,,,,,,,,,,,,,,,,,,,,,,,,,,,,,,,,,,,,,,,,,,,,,,
,,,,,,,,,,,,,,,,058915,001,2025-04-07_10h27.20.506,SLSI3,2022.2.5,MacIntel,60.24096386,,,,,,,,,,,,,,,,,,,,,,,,,,,,,,,,,,,,,,,space,4.0288,,,,,,,,,,,,,,,,,,,,,,,,,,,,,,,,,,,,,,,,,,,,,,,,,,,,,,,,,,,,,,,,,,,,,,,,,,,,,,,,,,,,,,,,,,,,,,,,,,,,,,,,,,,,,,,,,,,
,,,,,,,,,,,,,,,,058915,001,2025-04-07_10h27.20.506,SLSI3,2022.2.5,MacIntel,60.24096386,,,,,,,,,,,,,,,,,,,,,,,,,,,,,,,,,,,,,,,,,space,5.9677,,,,,,,,,,,,,,,,,,,,,,,,,,,,,,,,,,,,,,,,,,,,,,,,,,,,,,,,,,,,,,,,,,,,,,,,,,,,,,,,,,,,,,,,,,,,,,,,,,,,,,,,,,,,,,,,,
,,,,,,,,,,,,,,,,058915,001,2025-04-07_10h27.20.506,SLSI3,2022.2.5,MacIntel,60.24096386,,,,,,,,,,,,,,,,,,,,,,,,,,,,,,,,,,,,,,,,,,,space,5.627,,,,,,,,,,,,,,,,,,,,,,,,,,,,,,,,,,,,,,,,,,,,,,,,,,,,,,,,,,,,,,,,,,,,,,,,,,,,,,,,,,,,,,,,,,,,,,,,,,,,,,,,,,,,,,,
,,,,,,,,,,,,,,,,058915,001,2025-04-07_10h27.20.506,SLSI3,2022.2.5,MacIntel,60.24096386,,,,,,,,,,,,,,,,,,,,,,,,,,,,,,,,,,,,,,,,,,,,,"Urgency, domain of email does not match company, misspellings",1,[399.1760999999046],[399.17620000004763],,,,,,,,,,,,,,,,,,,,,,,,,,,,,,,,,,,,,,,,,,,,,,,,,,,,,,,,,,,,,,,,,,,,,,,,,,,,,,,,,,,,,,,,,,,,,,,,,,,,,,,,,,,
,,,,,,,,,,,,,,,,058915,001,2025-04-07_10h27.20.506,SLSI3,2022.2.5,MacIntel,60.24096386,,,,,,,,,,,,,,,,,,,,,,,,,,,,,,,,,,,,,,,,,,,,,,,,,space,4.4523,,,,,,,,,,,,,,,,,,,,,,,,,,,,,,,,,,,,,,,,,,,,,,,,,,,,,,,,,,,,,,,,,,,,,,,,,,,,,,,,,,,,,,,,,,,,,,,,,,,,,,,,,
,,,,,,,,,,,,,,,,058915,001,2025-04-07_10h27.20.506,SLSI3,2022.2.5,MacIntel,60.24096386,,,,,,,,,,,,,,,,,,,,,,,,,,,,,,,,,,,,,,,,,,,,,,,,,,,"[0.018776041666666667,0.0037586805555555555,-0.0352734375,0.14592881944444444,-0.10038628472222222]","[-0.02000434027777778,-0.017256944444444443,-0.017799479166666667,-0.25774739583333334,0.25586805555555553]","[1,1,1,1,1]","[0,0,0,0,0]","[0,0,0,0,0]","[7.4977000000477005,8.38090000009538,8.980100000143068,12.863600000143038,17.19770000004769]",,,,,,,,,,,,,,,,,,,,,,,,,,,,,,,,,,,,,,,,,,,,,,,,,,,,,,,,,,,,,,,,,,,,,,,,,,,,,,,,,,,,,,,,,,,,,,,,,,,
,,,,,,,,,,,,,,,,058915,001,2025-04-07_10h27.20.506,SLSI3,2022.2.5,MacIntel,60.24096386,,,,,,,,,,,,,,,,,,,,,,,,,,,,,,,,,,,,,,,,,,,,,,,,,,,,,,,,,space,9.0954,,,,,,,,,,,,,,,,,,,,,,,,,,,,,,,,,,,,,,,,,,,,,,,,,,,,,,,,,,,,,,,,,,,,,,,,,,,,,,,,,,,,,,,,,,,,,,,,,
,,,,,,,,,,,,,,,,058915,001,2025-04-07_10h27.20.506,SLSI3,2022.2.5,MacIntel,60.24096386,,,,,,,,,,,,,,,,,,,,,,,,,,,,,,,,,,,,,,,,,,,,,,,,,,,,,,,,,,,1,[436.1558999998569],[436.15599999999995],,,,,,,,,,,,,,,,,,,,,,,,,,,,,,,,,,,,,,,,,,,,,,,,,,,,,,,,,,,,,,,,,,,,,,,,,,,,,,,,,,,,,,,,,,,,,,
,,,,,,,,,,,,,,,,058915,001,2025-04-07_10h27.20.506,SLSI3,2022.2.5,MacIntel,60.24096386,,,,,,,,,,,,,,,,,,,,,,,,,,,,,,,,,,,,,,,,,,,,,,,,,,,,,,,,,,,,,,"[-0.38775607638888887,0.02829861111111111]","[0.444609375,-0.04484809027777778]","[1,1]","[0,0]","[0,0]","[3.915399999856959,9.031299999952296]",,,,,,,,,,,,,,,,,,,,,,,,,,,,,,,,,,,,,,,,,,,,,,,,,,,,,,,,,,,,,,,,,,,,,,,,,,,,,,,,,,,,,,,,
,,,,,,,,,,,,,,,,058915,001,2025-04-07_10h27.20.506,SLSI3,2022.2.5,MacIntel,60.24096386,,,,,,,,,,,,,,,,,,,,,,,,,,,,,,,,,,,,,,,,,,,,,,,,,,,,,,,,,space,1.6019,,,,,,,,,,,,,,,,,,,,,,,,,,,,,,,,,,,,,,,,,,,,,,,,,,,,,,,,,,,,,,,,,,,,,,,,,,,,,,,,,,,,,,,,,,,,,,,,,
,,,,,,,,,,,,,,,,058915,001,2025-04-07_10h27.20.506,SLSI3,2022.2.5,MacIntel,60.24096386,,,,,,,,,,,,,,,,,,,,,,,,,,,,,,,,,,,,,,,,,,,,,,,,,,,,,,,,,,,,,,,,,,,,1,[450.5034000000953],[450.5034000000953],,,,,,,,,,,,,,,,,,,,,,,,,,,,,,,,,,,,,,,,,,,,,,,,,,,,,,,,,,,,,,,,,,,,,,,,,,,,,,,,,,,,,
,,,,,,,,,,,,,,,,058915,001,2025-04-07_10h27.20.506,SLSI3,2022.2.5,MacIntel,60.24096386,,,,,,,,,,,,,,,,,,,,,,,,,,,,,,,,,,,,,,,,,,,,,,,,,,,,,,,,,,,,,,,,,,,,,,,"[-0.22231770833333334,-0.24711805555555555]","[-0.18590277777777778,-0.10864583333333333]","[1,1]","[0,0]","[0,0]","[6.365100000143059,7.9654000000953715]",,,,,,,,,,,,,,,,,,,,,,,,,,,,,,,,,,,,,,,,,,,,,,,,,,,,,,,,,,,,,,,,,,,,,,,,,,,,,,,
,,,,,,,,,,,,,,,,058915,001,2025-04-07_10h27.20.506,SLSI3,2022.2.5,MacIntel,60.24096386,,,,,,,,,,,,,,,,,,,,,,,,,,,,,,,,,,,,,,,,,,,,,,,,,,,,,,,,,space,2.5022,,,,,,,,,,,,,,,,,,,,,,,,,,,,,,,,,,,,,,,,,,,,,,,,,,,,,,,,,,,,,,,,,,,,,,,,,,,,,,,,,,,,,,,,,,,,,,,,,
,,,,,,,,,,,,,,,,058915,001,2025-04-07_10h27.20.506,SLSI3,2022.2.5,MacIntel,60.24096386,,,,,,,,,,,,,,,,,,,,,,,,,,,,,,,,,,,,,,,,,,,,,,,,,,,,,,,,,,,,,,,,,,,,,,,,,,,,,1,[464.1685],[464.1685],,,,,,,,,,,,,,,,,,,,,,,,,,,,,,,,,,,,,,,,,,,,,,,,,,,,,,,,,,,,,,,,,,,,,,,,,,,,
,,,,,,,,,,,,,,,,058915,001,2025-04-07_10h27.20.506,SLSI3,2022.2.5,MacIntel,60.24096386,,,,,,,,,space,6.002,,,,,,,,,,,,,,,,,,,,,,,,,,,,,,,,,,,,,,,,,,,,,,,,,,,,,,,,,,,,,,,,,,,,,,,,,,,,,,,,,,,,,,,,,,,,,,,,,,,,,,,,,,,,,,,,,,,,,,,,,,,,,,,,,,,,,,,,,,,,,,,,,
,,,,,,,,,,,,,,,,058915,001,2025-04-07_10h27.20.506,SLSI3,2022.2.5,MacIntel,60.24096386,,,,,,,,,,,25,"[75.7425,100.0925,116.19310000014305,134.65990000009538,148.92690000009537,160.76030000019074,176.51090000009538,188.91130000019075,198.82710000014305,208.79510000014307,218.79480000019072,232.02830000019077,246.66240000009532,253.97910000014303,268.56290000009534,277.06220000004765,292.11340000009534,302.730100000143,311.1803000001907,320.3639000000953,329.06420000004766,337.631,346.48099999999994,353.9312000000476,479.25049999999993]","[75.74260000014306,100.09260000014305,116.1932000000477,134.66000000000003,148.92690000009537,160.7604000000954,176.51100000000002,188.91130000019075,198.82710000014305,208.79520000004766,218.79490000009537,232.02830000019077,246.66240000009532,253.97910000014303,268.56290000009534,277.0623000001907,292.11340000009534,302.73020000004766,311.18040000009535,320.3639000000953,329.06420000004766,337.631,346.481100000143,353.9312000000476,479.250600000143]",,8,"[77.19159999990464,100.80879999995231,189.91059999990463,247.27849999999995,293.16249999999997,311.99649999999997,321.87899999999996,338.1467999999523]","[77.19159999990464,100.80879999995231,189.91070000004768,247.2785999999046,293.16249999999997,311.99649999999997,321.8790999999046,338.1467999999523]",17,"[117.09209999990463,135.29259999990464,149.793,161.65970000004768,177.3432000000477,199.39390000009536,209.46079999995231,219.74370000004768,232.74359999990463,255.26070000004765,269.71209999990464,277.5785999999046,303.5957999999523,329.713,347.5302999999523,354.61379999995233,480.26640000009536]","[117.0922999999523,135.2927000000477,149.793,161.65970000004768,177.3432999999523,199.39390000009536,209.46079999995231,219.74370000004768,232.74359999990463,255.26070000004765,269.71209999990464,277.5785999999046,303.5957999999523,329.713,347.5302999999523,354.61379999995233,480.26640000009536]","[""legit_button""]",8.017925347,1.1142,7.955251736,0.9971,1.921397569,0.6807,,,,,,resources/images/legit8.png,legit,0.8,0.72,0,0,,,,,,,,,,,,,,,,,,,,,,,,,,,,,,,,,,,,,,,,,,0,0,0,15,1,,,,,,,,,,,,,,,,,,,,,,,,,,,,,,,,,,,,,,,,,,,,,,,,,,,,,,,,,,,,,,,,,,,,,,,
,,,,,,,,,,,,,,,,058915,001,2025-04-07_10h27.20.506,SLSI3,2022.2.5,MacIntel,60.24096386,,,,,,,,,,,26,"[75.7425,100.0925,116.19310000014305,134.65990000009538,148.92690000009537,160.76030000019074,176.51090000009538,188.91130000019075,198.82710000014305,208.79510000014307,218.79480000019072,232.02830000019077,246.66240000009532,253.97910000014303,268.56290000009534,277.06220000004765,292.11340000009534,302.730100000143,311.1803000001907,320.3639000000953,329.06420000004766,337.631,346.48099999999994,353.9312000000476,479.25049999999993,488.8509000000953]","[75.74260000014306,100.09260000014305,116.1932000000477,134.66000000000003,148.92690000009537,160.7604000000954,176.51100000000002,188.91130000019075,198.82710000014305,208.79520000004766,218.79490000009537,232.02830000019077,246.66240000009532,253.97910000014303,268.56290000009534,277.0623000001907,292.11340000009534,302.73020000004766,311.18040000009535,320.3639000000953,329.06420000004766,337.631,346.481100000143,353.9312000000476,479.250600000143,488.8509000000953]",,9,"[77.19159999990464,100.80879999995231,189.91059999990463,247.27849999999995,293.16249999999997,311.99649999999997,321.87899999999996,338.1467999999523,489.7002999999523]","[77.19159999990464,100.80879999995231,189.91070000004768,247.2785999999046,293.16249999999997,311.99649999999997,321.8790999999046,338.1467999999523,489.7002999999523]",17,"[117.09209999990463,135.29259999990464,149.793,161.65970000004768,177.3432000000477,199.39390000009536,209.46079999995231,219.74370000004768,232.74359999990463,255.26070000004765,269.71209999990464,277.5785999999046,303.5957999999523,329.713,347.5302999999523,354.61379999995233,480.26640000009536]","[117.0922999999523,135.2927000000477,149.793,161.65970000004768,177.3432999999523,199.39390000009536,209.46079999995231,219.74370000004768,232.74359999990463,255.26070000004765,269.71209999990464,277.5785999999046,303.5957999999523,329.713,347.5302999999523,354.61379999995233,480.26640000009536]","[""scam_button""]",8.166840278,1.4304,4.505295139,1.7977,3.283767361,0.5473,,,,,,resources/images/scam10.jpg,scam,1,0.65,0,0,,,,,,,,,,,,,,,,,,,,,,,,,,,,,,,,,,,,,,,,,,0,1,1,17,1,,,,,,,,,,,,,,,,,,,,,,,,,,,,,,,,,,,,,,,,,,,,,,,,,,,,,,,,,,,,,,,,,,,,,,,
,,,,,,,,,,,,,,,,058915,001,2025-04-07_10h27.20.506,SLSI3,2022.2.5,MacIntel,60.24096386,,,,,,,,,,,27,"[75.7425,100.0925,116.19310000014305,134.65990000009538,148.92690000009537,160.76030000019074,176.51090000009538,188.91130000019075,198.82710000014305,208.79510000014307,218.79480000019072,232.02830000019077,246.66240000009532,253.97910000014303,268.56290000009534,277.06220000004765,292.11340000009534,302.730100000143,311.1803000001907,320.3639000000953,329.06420000004766,337.631,346.48099999999994,353.9312000000476,479.25049999999993,488.8509000000953,495.53430000019074]","[75.74260000014306,100.09260000014305,116.1932000000477,134.66000000000003,148.92690000009537,160.7604000000954,176.51100000000002,188.91130000019075,198.82710000014305,208.79520000004766,218.79490000009537,232.02830000019077,246.66240000009532,253.97910000014303,268.56290000009534,277.0623000001907,292.11340000009534,302.73020000004766,311.18040000009535,320.3639000000953,329.06420000004766,337.631,346.481100000143,353.9312000000476,479.250600000143,488.8509000000953,495.53430000019074]",,10,"[77.19159999990464,100.80879999995231,189.91059999990463,247.27849999999995,293.16249999999997,311.99649999999997,321.87899999999996,338.1467999999523,489.7002999999523,496.1167000000477]","[77.19159999990464,100.80879999995231,189.91070000004768,247.2785999999046,293.16249999999997,311.99649999999997,321.8790999999046,338.1467999999523,489.7002999999523,496.1167000000477]",17,"[117.09209999990463,135.29259999990464,149.793,161.65970000004768,177.3432000000477,199.39390000009536,209.46079999995231,219.74370000004768,232.74359999990463,255.26070000004765,269.71209999990464,277.5785999999046,303.5957999999523,329.713,347.5302999999523,354.61379999995233,480.26640000009536]","[117.0922999999523,135.2927000000477,149.793,161.65970000004768,177.3432999999523,199.39390000009536,209.46079999995231,219.74370000004768,232.74359999990463,255.26070000004765,269.71209999990464,277.5785999999046,303.5957999999523,329.713,347.5302999999523,354.61379999995233,480.26640000009536]","[""scam_button""]",9.848133681,1.2814,1.309548611,1.4297,1.4046875,0.3296,,,,,,resources/images/scam_1.png,scam,1,0.65,0,0,,,,,,,,,,,,,,,,,,,,,,,,,,,,,,,,,,,,,,,,,,0,2,2,0,1,,,,,,,,,,,,,,,,,,,,,,,,,,,,,,,,,,,,,,,,,,,,,,,,,,,,,,,,,,,,,,,,,,,,,,,
,,,,,,,,,,,,,,,,058915,001,2025-04-07_10h27.20.506,SLSI3,2022.2.5,MacIntel,60.24096386,,,,,,,,,,,28,"[75.7425,100.0925,116.19310000014305,134.65990000009538,148.92690000009537,160.76030000019074,176.51090000009538,188.91130000019075,198.82710000014305,208.79510000014307,218.79480000019072,232.02830000019077,246.66240000009532,253.97910000014303,268.56290000009534,277.06220000004765,292.11340000009534,302.730100000143,311.1803000001907,320.3639000000953,329.06420000004766,337.631,346.48099999999994,353.9312000000476,479.25049999999993,488.8509000000953,495.53430000019074,503.9344000000954]","[75.74260000014306,100.09260000014305,116.1932000000477,134.66000000000003,148.92690000009537,160.7604000000954,176.51100000000002,188.91130000019075,198.82710000014305,208.79520000004766,218.79490000009537,232.02830000019077,246.66240000009532,253.97910000014303,268.56290000009534,277.0623000001907,292.11340000009534,302.73020000004766,311.18040000009535,320.3639000000953,329.06420000004766,337.631,346.481100000143,353.9312000000476,479.250600000143,488.8509000000953,495.53430000019074,503.9345]",,11,"[77.19159999990464,100.80879999995231,189.91059999990463,247.27849999999995,293.16249999999997,311.99649999999997,321.87899999999996,338.1467999999523,489.7002999999523,496.1167000000477,504.45050000000003]","[77.19159999990464,100.80879999995231,189.91070000004768,247.2785999999046,293.16249999999997,311.99649999999997,321.8790999999046,338.1467999999523,489.7002999999523,496.1167000000477,504.45050000000003]",17,"[117.09209999990463,135.29259999990464,149.793,161.65970000004768,177.3432000000477,199.39390000009536,209.46079999995231,219.74370000004768,232.74359999990463,255.26070000004765,269.71209999990464,277.5785999999046,303.5957999999523,329.713,347.5302999999523,354.61379999995233,480.26640000009536]","[117.0922999999523,135.2927000000477,149.793,161.65970000004768,177.3432999999523,199.39390000009536,209.46079999995231,219.74370000004768,232.74359999990463,255.26070000004765,269.71209999990464,277.5785999999046,303.5957999999523,329.713,347.5302999999523,354.61379999995233,480.26640000009536]","[""scam_button""]",4.735069444,1.0129,1.483940972,0.6473,3.254904514,1.013,,,,,,resources/images/legit14-EDIT.jpg,legit,1,0.65,0,0,,,,,,,,,,,,,,,,,,,,,,,,,,,,,,,,,,,,,,,,,,0,3,3,21,1,,,,,,,,,,,,,,,,,,,,,,,,,,,,,,,,,,,,,,,,,,,,,,,,,,,,,,,,,,,,,,,,,,,,,,,
,,,,,,,,,,,,,,,,058915,001,2025-04-07_10h27.20.506,SLSI3,2022.2.5,MacIntel,60.24096386,,,,,,,,,,,29,"[75.7425,100.0925,116.19310000014305,134.65990000009538,148.92690000009537,160.76030000019074,176.51090000009538,188.91130000019075,198.82710000014305,208.79510000014307,218.79480000019072,232.02830000019077,246.66240000009532,253.97910000014303,268.56290000009534,277.06220000004765,292.11340000009534,302.730100000143,311.1803000001907,320.3639000000953,329.06420000004766,337.631,346.48099999999994,353.9312000000476,479.25049999999993,488.8509000000953,495.53430000019074,503.9344000000954,510.2513000001907]","[75.74260000014306,100.09260000014305,116.1932000000477,134.66000000000003,148.92690000009537,160.7604000000954,176.51100000000002,188.91130000019075,198.82710000014305,208.79520000004766,218.79490000009537,232.02830000019077,246.66240000009532,253.97910000014303,268.56290000009534,277.0623000001907,292.11340000009534,302.73020000004766,311.18040000009535,320.3639000000953,329.06420000004766,337.631,346.481100000143,353.9312000000476,479.250600000143,488.8509000000953,495.53430000019074,503.9345,510.25140000009543]",,12,"[77.19159999990464,100.80879999995231,189.91059999990463,247.27849999999995,293.16249999999997,311.99649999999997,321.87899999999996,338.1467999999523,489.7002999999523,496.1167000000477,504.45050000000003,510.73259999990466]","[77.19159999990464,100.80879999995231,189.91070000004768,247.2785999999046,293.16249999999997,311.99649999999997,321.8790999999046,338.1467999999523,489.7002999999523,496.1167000000477,504.45050000000003,510.73270000004766]",17,"[117.09209999990463,135.29259999990464,149.793,161.65970000004768,177.3432000000477,199.39390000009536,209.46079999995231,219.74370000004768,232.74359999990463,255.26070000004765,269.71209999990464,277.5785999999046,303.5957999999523,329.713,347.5302999999523,354.61379999995233,480.26640000009536]","[117.0922999999523,135.2927000000477,149.793,161.65970000004768,177.3432999999523,199.39390000009536,209.46079999995231,219.74370000004768,232.74359999990463,255.26070000004765,269.71209999990464,277.5785999999046,303.5957999999523,329.713,347.5302999999523,354.61379999995233,480.26640000009536]","[""scam_button""]",6.135026042,0.8977,3.523784722,0.8965,1.505425347,0.7975,,,,,,resources/images/scam_2.png,scam,0.9,0.65,0,0,,,,,,,,,,,,,,,,,,,,,,,,,,,,,,,,,,,,,,,,,,0,4,4,1,1,,,,,,,,,,,,,,,,,,,,,,,,,,,,,,,,,,,,,,,,,,,,,,,,,,,,,,,,,,,,,,,,,,,,,,,
,,,,,,,,,,,,,,,,058915,001,2025-04-07_10h27.20.506,SLSI3,2022.2.5,MacIntel,60.24096386,,,,,,,,,,,30,"[75.7425,100.0925,116.19310000014305,134.65990000009538,148.92690000009537,160.76030000019074,176.51090000009538,188.91130000019075,198.82710000014305,208.79510000014307,218.79480000019072,232.02830000019077,246.66240000009532,253.97910000014303,268.56290000009534,277.06220000004765,292.11340000009534,302.730100000143,311.1803000001907,320.3639000000953,329.06420000004766,337.631,346.48099999999994,353.9312000000476,479.25049999999993,488.8509000000953,495.53430000019074,503.9344000000954,510.2513000001907,523.5515]","[75.74260000014306,100.09260000014305,116.1932000000477,134.66000000000003,148.92690000009537,160.7604000000954,176.51100000000002,188.91130000019075,198.82710000014305,208.79520000004766,218.79490000009537,232.02830000019077,246.66240000009532,253.97910000014303,268.56290000009534,277.0623000001907,292.11340000009534,302.73020000004766,311.18040000009535,320.3639000000953,329.06420000004766,337.631,346.481100000143,353.9312000000476,479.250600000143,488.8509000000953,495.53430000019074,503.9345,510.25140000009543,523.5515]",,12,"[77.19159999990464,100.80879999995231,189.91059999990463,247.27849999999995,293.16249999999997,311.99649999999997,321.87899999999996,338.1467999999523,489.7002999999523,496.1167000000477,504.45050000000003,510.73259999990466]","[77.19159999990464,100.80879999995231,189.91070000004768,247.2785999999046,293.16249999999997,311.99649999999997,321.8790999999046,338.1467999999523,489.7002999999523,496.1167000000477,504.45050000000003,510.73270000004766]",18,"[117.09209999990463,135.29259999990464,149.793,161.65970000004768,177.3432000000477,199.39390000009536,209.46079999995231,219.74370000004768,232.74359999990463,255.26070000004765,269.71209999990464,277.5785999999046,303.5957999999523,329.713,347.5302999999523,354.61379999995233,480.26640000009536,524.033]","[117.0922999999523,135.2927000000477,149.793,161.65970000004768,177.3432999999523,199.39390000009536,209.46079999995231,219.74370000004768,232.74359999990463,255.26070000004765,269.71209999990464,277.5785999999046,303.5957999999523,329.713,347.5302999999523,354.61379999995233,480.26640000009536,524.033]","[""legit_button""]",2.193098958,0.5641,6.019704861,0.5141,1.912282986,0.8157,,,,,,resources/images/scam6.jpg,scam,1,0.65,0,0,,,,,,,,,,,,,,,,,,,,,,,,,,,,,,,,,,,,,,,,,,0,5,5,9,1,,,,,,,,,,,,,,,,,,,,,,,,,,,,,,,,,,,,,,,,,,,,,,,,,,,,,,,,,,,,,,,,,,,,,,,
,,,,,,,,,,,,,,,,058915,001,2025-04-07_10h27.20.506,SLSI3,2022.2.5,MacIntel,60.24096386,,,,,,,,,,,31,"[75.7425,100.0925,116.19310000014305,134.65990000009538,148.92690000009537,160.76030000019074,176.51090000009538,188.91130000019075,198.82710000014305,208.79510000014307,218.79480000019072,232.02830000019077,246.66240000009532,253.97910000014303,268.56290000009534,277.06220000004765,292.11340000009534,302.730100000143,311.1803000001907,320.3639000000953,329.06420000004766,337.631,346.48099999999994,353.9312000000476,479.25049999999993,488.8509000000953,495.53430000019074,503.9344000000954,510.2513000001907,523.5515,528.9516000001431]","[75.74260000014306,100.09260000014305,116.1932000000477,134.66000000000003,148.92690000009537,160.7604000000954,176.51100000000002,188.91130000019075,198.82710000014305,208.79520000004766,218.79490000009537,232.02830000019077,246.66240000009532,253.97910000014303,268.56290000009534,277.0623000001907,292.11340000009534,302.73020000004766,311.18040000009535,320.3639000000953,329.06420000004766,337.631,346.481100000143,353.9312000000476,479.250600000143,488.8509000000953,495.53430000019074,503.9345,510.25140000009543,523.5515,528.9516000001431]",,13,"[77.19159999990464,100.80879999995231,189.91059999990463,247.27849999999995,293.16249999999997,311.99649999999997,321.87899999999996,338.1467999999523,489.7002999999523,496.1167000000477,504.45050000000003,510.73259999990466,529.4175999999046]","[77.19159999990464,100.80879999995231,189.91070000004768,247.2785999999046,293.16249999999997,311.99649999999997,321.8790999999046,338.1467999999523,489.7002999999523,496.1167000000477,504.45050000000003,510.73270000004766,529.4175999999046]",18,"[117.09209999990463,135.29259999990464,149.793,161.65970000004768,177.3432000000477,199.39390000009536,209.46079999995231,219.74370000004768,232.74359999990463,255.26070000004765,269.71209999990464,277.5785999999046,303.5957999999523,329.713,347.5302999999523,354.61379999995233,480.26640000009536,524.033]","[117.0922999999523,135.2927000000477,149.793,161.65970000004768,177.3432999999523,199.39390000009536,209.46079999995231,219.74370000004768,232.74359999990463,255.26070000004765,269.71209999990464,277.5785999999046,303.5957999999523,329.713,347.5302999999523,354.61379999995233,480.26640000009536,524.033]","[""scam_button""]",6.675607639,0.6129,4.693663194,0.7968,2.615928819,0.5316,,,,,,resources/images/scam14-EDIT.png,scam,1,0.65,0,0,,,,,,,,,,,,,,,,,,,,,,,,,,,,,,,,,,,,,,,,,,0,6,6,23,1,,,,,,,,,,,,,,,,,,,,,,,,,,,,,,,,,,,,,,,,,,,,,,,,,,,,,,,,,,,,,,,,,,,,,,,
,,,,,,,,,,,,,,,,058915,001,2025-04-07_10h27.20.506,SLSI3,2022.2.5,MacIntel,60.24096386,,,,,,,,,,,32,"[75.7425,100.0925,116.19310000014305,134.65990000009538,148.92690000009537,160.76030000019074,176.51090000009538,188.91130000019075,198.82710000014305,208.79510000014307,218.79480000019072,232.02830000019077,246.66240000009532,253.97910000014303,268.56290000009534,277.06220000004765,292.11340000009534,302.730100000143,311.1803000001907,320.3639000000953,329.06420000004766,337.631,346.48099999999994,353.9312000000476,479.25049999999993,488.8509000000953,495.53430000019074,503.9344000000954,510.2513000001907,523.5515,528.9516000001431,537.0851000001431]","[75.74260000014306,100.09260000014305,116.1932000000477,134.66000000000003,148.92690000009537,160.7604000000954,176.51100000000002,188.91130000019075,198.82710000014305,208.79520000004766,218.79490000009537,232.02830000019077,246.66240000009532,253.97910000014303,268.56290000009534,277.0623000001907,292.11340000009534,302.73020000004766,311.18040000009535,320.3639000000953,329.06420000004766,337.631,346.481100000143,353.9312000000476,479.250600000143,488.8509000000953,495.53430000019074,503.9345,510.25140000009543,523.5515,528.9516000001431,537.0853000001908]",,14,"[77.19159999990464,100.80879999995231,189.91059999990463,247.27849999999995,293.16249999999997,311.99649999999997,321.87899999999996,338.1467999999523,489.7002999999523,496.1167000000477,504.45050000000003,510.73259999990466,529.4175999999046,538.000899999857]","[77.19159999990464,100.80879999995231,189.91070000004768,247.2785999999046,293.16249999999997,311.99649999999997,321.8790999999046,338.1467999999523,489.7002999999523,496.1167000000477,504.45050000000003,510.73270000004766,529.4175999999046,538.000899999857]",18,"[117.09209999990463,135.29259999990464,149.793,161.65970000004768,177.3432000000477,199.39390000009536,209.46079999995231,219.74370000004768,232.74359999990463,255.26070000004765,269.71209999990464,277.5785999999046,303.5957999999523,329.713,347.5302999999523,354.61379999995233,480.26640000009536,524.033]","[117.0922999999523,135.2927000000477,149.793,161.65970000004768,177.3432999999523,199.39390000009536,209.46079999995231,219.74370000004768,232.74359999990463,255.26070000004765,269.71209999990464,277.5785999999046,303.5957999999523,329.713,347.5302999999523,354.61379999995233,480.26640000009536,524.033]","[""scam_button""]",2.839496528,0.8312,1.399045139,0.4815,4.268012153,0.6982,,,,,,resources/images/legit4-EDIT.png,legit,0.65,0.65,0,0,,,,,,,,,,,,,,,,,,,,,,,,,,,,,,,,,,,,,,,,,,0,7,7,11,1,,,,,,,,,,,,,,,,,,,,,,,,,,,,,,,,,,,,,,,,,,,,,,,,,,,,,,,,,,,,,,,,,,,,,,,
,,,,,,,,,,,,,,,,058915,001,2025-04-07_10h27.20.506,SLSI3,2022.2.5,MacIntel,60.24096386,,,,,,,,,,,33,"[75.7425,100.0925,116.19310000014305,134.65990000009538,148.92690000009537,160.76030000019074,176.51090000009538,188.91130000019075,198.82710000014305,208.79510000014307,218.79480000019072,232.02830000019077,246.66240000009532,253.97910000014303,268.56290000009534,277.06220000004765,292.11340000009534,302.730100000143,311.1803000001907,320.3639000000953,329.06420000004766,337.631,346.48099999999994,353.9312000000476,479.25049999999993,488.8509000000953,495.53430000019074,503.9344000000954,510.2513000001907,523.5515,528.9516000001431,537.0851000001431,541.6686000001431]","[75.74260000014306,100.09260000014305,116.1932000000477,134.66000000000003,148.92690000009537,160.7604000000954,176.51100000000002,188.91130000019075,198.82710000014305,208.79520000004766,218.79490000009537,232.02830000019077,246.66240000009532,253.97910000014303,268.56290000009534,277.0623000001907,292.11340000009534,302.73020000004766,311.18040000009535,320.3639000000953,329.06420000004766,337.631,346.481100000143,353.9312000000476,479.250600000143,488.8509000000953,495.53430000019074,503.9345,510.25140000009543,523.5515,528.9516000001431,537.0853000001908,541.6686000001431]",,15,"[77.19159999990464,100.80879999995231,189.91059999990463,247.27849999999995,293.16249999999997,311.99649999999997,321.87899999999996,338.1467999999523,489.7002999999523,496.1167000000477,504.45050000000003,510.73259999990466,529.4175999999046,538.000899999857,542.2177999999524]","[77.19159999990464,100.80879999995231,189.91070000004768,247.2785999999046,293.16249999999997,311.99649999999997,321.8790999999046,338.1467999999523,489.7002999999523,496.1167000000477,504.45050000000003,510.73270000004766,529.4175999999046,538.000899999857,542.2177999999524]",18,"[117.09209999990463,135.29259999990464,149.793,161.65970000004768,177.3432000000477,199.39390000009536,209.46079999995231,219.74370000004768,232.74359999990463,255.26070000004765,269.71209999990464,277.5785999999046,303.5957999999523,329.713,347.5302999999523,354.61379999995233,480.26640000009536,524.033]","[117.0922999999523,135.2927000000477,149.793,161.65970000004768,177.3432999999523,199.39390000009536,209.46079999995231,219.74370000004768,232.74359999990463,255.26070000004765,269.71209999990464,277.5785999999046,303.5957999999523,329.713,347.5302999999523,354.61379999995233,480.26640000009536,524.033]","[""scam_button""]",7.591927083,0.6303,3.036067708,1.0457,1.669618056,0.4155,,,,,,resources/images/scam4.png,scam,0.8,0.65,0,0,,,,,,,,,,,,,,,,,,,,,,,,,,,,,,,,,,,,,,,,,,0,8,8,6,1,,,,,,,,,,,,,,,,,,,,,,,,,,,,,,,,,,,,,,,,,,,,,,,,,,,,,,,,,,,,,,,,,,,,,,,
,,,,,,,,,,,,,,,,058915,001,2025-04-07_10h27.20.506,SLSI3,2022.2.5,MacIntel,60.24096386,,,,,,,,,,,34,"[75.7425,100.0925,116.19310000014305,134.65990000009538,148.92690000009537,160.76030000019074,176.51090000009538,188.91130000019075,198.82710000014305,208.79510000014307,218.79480000019072,232.02830000019077,246.66240000009532,253.97910000014303,268.56290000009534,277.06220000004765,292.11340000009534,302.730100000143,311.1803000001907,320.3639000000953,329.06420000004766,337.631,346.48099999999994,353.9312000000476,479.25049999999993,488.8509000000953,495.53430000019074,503.9344000000954,510.2513000001907,523.5515,528.9516000001431,537.0851000001431,541.6686000001431,547.1353000001908]","[75.74260000014306,100.09260000014305,116.1932000000477,134.66000000000003,148.92690000009537,160.7604000000954,176.51100000000002,188.91130000019075,198.82710000014305,208.79520000004766,218.79490000009537,232.02830000019077,246.66240000009532,253.97910000014303,268.56290000009534,277.0623000001907,292.11340000009534,302.73020000004766,311.18040000009535,320.3639000000953,329.06420000004766,337.631,346.481100000143,353.9312000000476,479.250600000143,488.8509000000953,495.53430000019074,503.9345,510.25140000009543,523.5515,528.9516000001431,537.0853000001908,541.6686000001431,547.1353000001908]",,16,"[77.19159999990464,100.80879999995231,189.91059999990463,247.27849999999995,293.16249999999997,311.99649999999997,321.87899999999996,338.1467999999523,489.7002999999523,496.1167000000477,504.45050000000003,510.73259999990466,529.4175999999046,538.000899999857,542.2177999999524,547.6502999999524]","[77.19159999990464,100.80879999995231,189.91070000004768,247.2785999999046,293.16249999999997,311.99649999999997,321.8790999999046,338.1467999999523,489.7002999999523,496.1167000000477,504.45050000000003,510.73270000004766,529.4175999999046,538.000899999857,542.2177999999524,547.6502999999524]",18,"[117.09209999990463,135.29259999990464,149.793,161.65970000004768,177.3432000000477,199.39390000009536,209.46079999995231,219.74370000004768,232.74359999990463,255.26070000004765,269.71209999990464,277.5785999999046,303.5957999999523,329.713,347.5302999999523,354.61379999995233,480.26640000009536,524.033]","[117.0922999999523,135.2927000000477,149.793,161.65970000004768,177.3432999999523,199.39390000009536,209.46079999995231,219.74370000004768,232.74359999990463,255.26070000004765,269.71209999990464,277.5785999999046,303.5957999999523,329.713,347.5302999999523,354.61379999995233,480.26640000009536,524.033]","[""scam_button""]",7.856640625,0.4971,4.675043403,0.6482,1.718272569,0.6807,,,,,,resources/images/scam3.png,scam,1.2,0.65,0,0,,,,,,,,,,,,,,,,,,,,,,,,,,,,,,,,,,,,,,,,,,0,9,9,2,1,,,,,,,,,,,,,,,,,,,,,,,,,,,,,,,,,,,,,,,,,,,,,,,,,,,,,,,,,,,,,,,,,,,,,,,
,,,,,,,,,,,,,,,,058915,001,2025-04-07_10h27.20.506,SLSI3,2022.2.5,MacIntel,60.24096386,,,,,,,,,,,35,"[75.7425,100.0925,116.19310000014305,134.65990000009538,148.92690000009537,160.76030000019074,176.51090000009538,188.91130000019075,198.82710000014305,208.79510000014307,218.79480000019072,232.02830000019077,246.66240000009532,253.97910000014303,268.56290000009534,277.06220000004765,292.11340000009534,302.730100000143,311.1803000001907,320.3639000000953,329.06420000004766,337.631,346.48099999999994,353.9312000000476,479.25049999999993,488.8509000000953,495.53430000019074,503.9344000000954,510.2513000001907,523.5515,528.9516000001431,537.0851000001431,541.6686000001431,547.1353000001908,552.4021000001432]","[75.74260000014306,100.09260000014305,116.1932000000477,134.66000000000003,148.92690000009537,160.7604000000954,176.51100000000002,188.91130000019075,198.82710000014305,208.79520000004766,218.79490000009537,232.02830000019077,246.66240000009532,253.97910000014303,268.56290000009534,277.0623000001907,292.11340000009534,302.73020000004766,311.18040000009535,320.3639000000953,329.06420000004766,337.631,346.481100000143,353.9312000000476,479.250600000143,488.8509000000953,495.53430000019074,503.9345,510.25140000009543,523.5515,528.9516000001431,537.0853000001908,541.6686000001431,547.1353000001908,552.4021000001432]",,17,"[77.19159999990464,100.80879999995231,189.91059999990463,247.27849999999995,293.16249999999997,311.99649999999997,321.87899999999996,338.1467999999523,489.7002999999523,496.1167000000477,504.45050000000003,510.73259999990466,529.4175999999046,538.000899999857,542.2177999999524,547.6502999999524,552.8012999999523]","[77.19159999990464,100.80879999995231,189.91070000004768,247.2785999999046,293.16249999999997,311.99649999999997,321.8790999999046,338.1467999999523,489.7002999999523,496.1167000000477,504.45050000000003,510.73270000004766,529.4175999999046,538.000899999857,542.2177999999524,547.6502999999524,552.8013999998569]",18,"[117.09209999990463,135.29259999990464,149.793,161.65970000004768,177.3432000000477,199.39390000009536,209.46079999995231,219.74370000004768,232.74359999990463,255.26070000004765,269.71209999990464,277.5785999999046,303.5957999999523,329.713,347.5302999999523,354.61379999995233,480.26640000009536,524.033]","[117.0922999999523,135.2927000000477,149.793,161.65970000004768,177.3432999999523,199.39390000009536,209.46079999995231,219.74370000004768,232.74359999990463,255.26070000004765,269.71209999990464,277.5785999999046,303.5957999999523,329.713,347.5302999999523,354.61379999995233,480.26640000009536,524.033]","[""scam_button""]",6.964149306,0.5638,3.253689236,0.6626,0.865190972,0.4966,,,,,,resources/images/legit6.png,legit,0.65,0.65,0,0,,,,,,,,,,,,,,,,,,,,,,,,,,,,,,,,,,,,,,,,,,0,10,10,13,1,,,,,,,,,,,,,,,,,,,,,,,,,,,,,,,,,,,,,,,,,,,,,,,,,,,,,,,,,,,,,,,,,,,,,,,
,,,,,,,,,,,,,,,,058915,001,2025-04-07_10h27.20.506,SLSI3,2022.2.5,MacIntel,60.24096386,,,,,,,,,,,36,"[75.7425,100.0925,116.19310000014305,134.65990000009538,148.92690000009537,160.76030000019074,176.51090000009538,188.91130000019075,198.82710000014305,208.79510000014307,218.79480000019072,232.02830000019077,246.66240000009532,253.97910000014303,268.56290000009534,277.06220000004765,292.11340000009534,302.730100000143,311.1803000001907,320.3639000000953,329.06420000004766,337.631,346.48099999999994,353.9312000000476,479.25049999999993,488.8509000000953,495.53430000019074,503.9344000000954,510.2513000001907,523.5515,528.9516000001431,537.0851000001431,541.6686000001431,547.1353000001908,552.4021000001432,555.902]","[75.74260000014306,100.09260000014305,116.1932000000477,134.66000000000003,148.92690000009537,160.7604000000954,176.51100000000002,188.91130000019075,198.82710000014305,208.79520000004766,218.79490000009537,232.02830000019077,246.66240000009532,253.97910000014303,268.56290000009534,277.0623000001907,292.11340000009534,302.73020000004766,311.18040000009535,320.3639000000953,329.06420000004766,337.631,346.481100000143,353.9312000000476,479.250600000143,488.8509000000953,495.53430000019074,503.9345,510.25140000009543,523.5515,528.9516000001431,537.0853000001908,541.6686000001431,547.1353000001908,552.4021000001432,555.9021000001432]",,18,"[77.19159999990464,100.80879999995231,189.91059999990463,247.27849999999995,293.16249999999997,311.99649999999997,321.87899999999996,338.1467999999523,489.7002999999523,496.1167000000477,504.45050000000003,510.73259999990466,529.4175999999046,538.000899999857,542.2177999999524,547.6502999999524,552.8012999999523,556.3175999999047]","[77.19159999990464,100.80879999995231,189.91070000004768,247.2785999999046,293.16249999999997,311.99649999999997,321.8790999999046,338.1467999999523,489.7002999999523,496.1167000000477,504.45050000000003,510.73270000004766,529.4175999999046,538.000899999857,542.2177999999524,547.6502999999524,552.8013999998569,556.3175999999047]",18,"[117.09209999990463,135.29259999990464,149.793,161.65970000004768,177.3432000000477,199.39390000009536,209.46079999995231,219.74370000004768,232.74359999990463,255.26070000004765,269.71209999990464,277.5785999999046,303.5957999999523,329.713,347.5302999999523,354.61379999995233,480.26640000009536,524.033]","[117.0922999999523,135.2927000000477,149.793,161.65970000004768,177.3432999999523,199.39390000009536,209.46079999995231,219.74370000004768,232.74359999990463,255.26070000004765,269.71209999990464,277.5785999999046,303.5957999999523,329.713,347.5302999999523,354.61379999995233,480.26640000009536,524.033]","[""scam_button""]",9.873524306,1.0305,5.776736111,1.1316,2.848611111,0.4817,,,,,,resources/images/legit2.jpg,legit,1,0.65,0,0,,,,,,,,,,,,,,,,,,,,,,,,,,,,,,,,,,,,,,,,,,0,11,11,4,1,,,,,,,,,,,,,,,,,,,,,,,,,,,,,,,,,,,,,,,,,,,,,,,,,,,,,,,,,,,,,,,,,,,,,,,
,,,,,,,,,,,,,,,,058915,001,2025-04-07_10h27.20.506,SLSI3,2022.2.5,MacIntel,60.24096386,,,,,,,,,,,37,"[75.7425,100.0925,116.19310000014305,134.65990000009538,148.92690000009537,160.76030000019074,176.51090000009538,188.91130000019075,198.82710000014305,208.79510000014307,218.79480000019072,232.02830000019077,246.66240000009532,253.97910000014303,268.56290000009534,277.06220000004765,292.11340000009534,302.730100000143,311.1803000001907,320.3639000000953,329.06420000004766,337.631,346.48099999999994,353.9312000000476,479.25049999999993,488.8509000000953,495.53430000019074,503.9344000000954,510.2513000001907,523.5515,528.9516000001431,537.0851000001431,541.6686000001431,547.1353000001908,552.4021000001432,555.902,561.7188000001908]","[75.74260000014306,100.09260000014305,116.1932000000477,134.66000000000003,148.92690000009537,160.7604000000954,176.51100000000002,188.91130000019075,198.82710000014305,208.79520000004766,218.79490000009537,232.02830000019077,246.66240000009532,253.97910000014303,268.56290000009534,277.0623000001907,292.11340000009534,302.73020000004766,311.18040000009535,320.3639000000953,329.06420000004766,337.631,346.481100000143,353.9312000000476,479.250600000143,488.8509000000953,495.53430000019074,503.9345,510.25140000009543,523.5515,528.9516000001431,537.0853000001908,541.6686000001431,547.1353000001908,552.4021000001432,555.9021000001432,561.7188000001908]",,19,"[77.19159999990464,100.80879999995231,189.91059999990463,247.27849999999995,293.16249999999997,311.99649999999997,321.87899999999996,338.1467999999523,489.7002999999523,496.1167000000477,504.45050000000003,510.73259999990466,529.4175999999046,538.000899999857,542.2177999999524,547.6502999999524,552.8012999999523,556.3175999999047,562.3682999999523]","[77.19159999990464,100.80879999995231,189.91070000004768,247.2785999999046,293.16249999999997,311.99649999999997,321.8790999999046,338.1467999999523,489.7002999999523,496.1167000000477,504.45050000000003,510.73270000004766,529.4175999999046,538.000899999857,542.2177999999524,547.6502999999524,552.8013999998569,556.3175999999047,562.3683999998569]",18,"[117.09209999990463,135.29259999990464,149.793,161.65970000004768,177.3432000000477,199.39390000009536,209.46079999995231,219.74370000004768,232.74359999990463,255.26070000004765,269.71209999990464,277.5785999999046,303.5957999999523,329.713,347.5302999999523,354.61379999995233,480.26640000009536,524.033]","[117.0922999999523,135.2927000000477,149.793,161.65970000004768,177.3432999999523,199.39390000009536,209.46079999995231,219.74370000004768,232.74359999990463,255.26070000004765,269.71209999990464,277.5785999999046,303.5957999999523,329.713,347.5302999999523,354.61379999995233,480.26640000009536,524.033]","[""scam_button""]",8.015711806,0.5311,5.141753472,1.1479,5.714236111,1.2826,,,,,,resources/images/scam13.png,scam,1,0.65,0,0,,,,,,,,,,,,,,,,,,,,,,,,,,,,,,,,,,,,,,,,,,0,12,12,16,1,,,,,,,,,,,,,,,,,,,,,,,,,,,,,,,,,,,,,,,,,,,,,,,,,,,,,,,,,,,,,,,,,,,,,,,
,,,,,,,,,,,,,,,,058915,001,2025-04-07_10h27.20.506,SLSI3,2022.2.5,MacIntel,60.24096386,,,,,,,,,,,38,"[75.7425,100.0925,116.19310000014305,134.65990000009538,148.92690000009537,160.76030000019074,176.51090000009538,188.91130000019075,198.82710000014305,208.79510000014307,218.79480000019072,232.02830000019077,246.66240000009532,253.97910000014303,268.56290000009534,277.06220000004765,292.11340000009534,302.730100000143,311.1803000001907,320.3639000000953,329.06420000004766,337.631,346.48099999999994,353.9312000000476,479.25049999999993,488.8509000000953,495.53430000019074,503.9344000000954,510.2513000001907,523.5515,528.9516000001431,537.0851000001431,541.6686000001431,547.1353000001908,552.4021000001432,555.902,561.7188000001908,567.3188000001908]","[75.74260000014306,100.09260000014305,116.1932000000477,134.66000000000003,148.92690000009537,160.7604000000954,176.51100000000002,188.91130000019075,198.82710000014305,208.79520000004766,218.79490000009537,232.02830000019077,246.66240000009532,253.97910000014303,268.56290000009534,277.0623000001907,292.11340000009534,302.73020000004766,311.18040000009535,320.3639000000953,329.06420000004766,337.631,346.481100000143,353.9312000000476,479.250600000143,488.8509000000953,495.53430000019074,503.9345,510.25140000009543,523.5515,528.9516000001431,537.0853000001908,541.6686000001431,547.1353000001908,552.4021000001432,555.9021000001432,561.7188000001908,567.3188000001908]",,19,"[77.19159999990464,100.80879999995231,189.91059999990463,247.27849999999995,293.16249999999997,311.99649999999997,321.87899999999996,338.1467999999523,489.7002999999523,496.1167000000477,504.45050000000003,510.73259999990466,529.4175999999046,538.000899999857,542.2177999999524,547.6502999999524,552.8012999999523,556.3175999999047,562.3682999999523]","[77.19159999990464,100.80879999995231,189.91070000004768,247.2785999999046,293.16249999999997,311.99649999999997,321.8790999999046,338.1467999999523,489.7002999999523,496.1167000000477,504.45050000000003,510.73270000004766,529.4175999999046,538.000899999857,542.2177999999524,547.6502999999524,552.8013999998569,556.3175999999047,562.3683999998569]",19,"[117.09209999990463,135.29259999990464,149.793,161.65970000004768,177.3432000000477,199.39390000009536,209.46079999995231,219.74370000004768,232.74359999990463,255.26070000004765,269.71209999990464,277.5785999999046,303.5957999999523,329.713,347.5302999999523,354.61379999995233,480.26640000009536,524.033,567.9012999999524]","[117.0922999999523,135.2927000000477,149.793,161.65970000004768,177.3432999999523,199.39390000009536,209.46079999995231,219.74370000004768,232.74359999990463,255.26070000004765,269.71209999990464,277.5785999999046,303.5957999999523,329.713,347.5302999999523,354.61379999995233,480.26640000009536,524.033,567.9012999999524]","[""legit_button""]",6.91953125,0.5479,6.256597222,0.4472,6.256597222,0.3472,,,,,,resources/images/scam5.jpg,scam,0.7,0.65,0,0,,,,,,,,,,,,,,,,,,,,,,,,,,,,,,,,,,,,,,,,,,0,13,13,7,1,,,,,,,,,,,,,,,,,,,,,,,,,,,,,,,,,,,,,,,,,,,,,,,,,,,,,,,,,,,,,,,,,,,,,,,
,,,,,,,,,,,,,,,,058915,001,2025-04-07_10h27.20.506,SLSI3,2022.2.5,MacIntel,60.24096386,,,,,,,,,,,39,"[75.7425,100.0925,116.19310000014305,134.65990000009538,148.92690000009537,160.76030000019074,176.51090000009538,188.91130000019075,198.82710000014305,208.79510000014307,218.79480000019072,232.02830000019077,246.66240000009532,253.97910000014303,268.56290000009534,277.06220000004765,292.11340000009534,302.730100000143,311.1803000001907,320.3639000000953,329.06420000004766,337.631,346.48099999999994,353.9312000000476,479.25049999999993,488.8509000000953,495.53430000019074,503.9344000000954,510.2513000001907,523.5515,528.9516000001431,537.0851000001431,541.6686000001431,547.1353000001908,552.4021000001432,555.902,561.7188000001908,567.3188000001908,571.3524000000955]","[75.74260000014306,100.09260000014305,116.1932000000477,134.66000000000003,148.92690000009537,160.7604000000954,176.51100000000002,188.91130000019075,198.82710000014305,208.79520000004766,218.79490000009537,232.02830000019077,246.66240000009532,253.97910000014303,268.56290000009534,277.0623000001907,292.11340000009534,302.73020000004766,311.18040000009535,320.3639000000953,329.06420000004766,337.631,346.481100000143,353.9312000000476,479.250600000143,488.8509000000953,495.53430000019074,503.9345,510.25140000009543,523.5515,528.9516000001431,537.0853000001908,541.6686000001431,547.1353000001908,552.4021000001432,555.9021000001432,561.7188000001908,567.3188000001908,571.3524000000955]",,20,"[77.19159999990464,100.80879999995231,189.91059999990463,247.27849999999995,293.16249999999997,311.99649999999997,321.87899999999996,338.1467999999523,489.7002999999523,496.1167000000477,504.45050000000003,510.73259999990466,529.4175999999046,538.000899999857,542.2177999999524,547.6502999999524,552.8012999999523,556.3175999999047,562.3682999999523,571.7517000000477]","[77.19159999990464,100.80879999995231,189.91070000004768,247.2785999999046,293.16249999999997,311.99649999999997,321.8790999999046,338.1467999999523,489.7002999999523,496.1167000000477,504.45050000000003,510.73270000004766,529.4175999999046,538.000899999857,542.2177999999524,547.6502999999524,552.8013999998569,556.3175999999047,562.3683999998569,571.7517999999524]",19,"[117.09209999990463,135.29259999990464,149.793,161.65970000004768,177.3432000000477,199.39390000009536,209.46079999995231,219.74370000004768,232.74359999990463,255.26070000004765,269.71209999990464,277.5785999999046,303.5957999999523,329.713,347.5302999999523,354.61379999995233,480.26640000009536,524.033,567.9012999999524]","[117.0922999999523,135.2927000000477,149.793,161.65970000004768,177.3432999999523,199.39390000009536,209.46079999995231,219.74370000004768,232.74359999990463,255.26070000004765,269.71209999990464,277.5785999999046,303.5957999999523,329.713,347.5302999999523,354.61379999995233,480.26640000009536,524.033,567.9012999999524]","[""scam_button""]",6.647352431,0.646,3.141840278,0.6649,0.998914931,0.548,,,,,,resources/images/legit17-EDIT.png,legit,0.65,0.65,0,0,,,,,,,,,,,,,,,,,,,,,,,,,,,,,,,,,,,,,,,,,,0,14,14,22,1,,,,,,,,,,,,,,,,,,,,,,,,,,,,,,,,,,,,,,,,,,,,,,,,,,,,,,,,,,,,,,,,,,,,,,,
,,,,,,,,,,,,,,,,058915,001,2025-04-07_10h27.20.506,SLSI3,2022.2.5,MacIntel,60.24096386,,,,,,,,,,,40,"[75.7425,100.0925,116.19310000014305,134.65990000009538,148.92690000009537,160.76030000019074,176.51090000009538,188.91130000019075,198.82710000014305,208.79510000014307,218.79480000019072,232.02830000019077,246.66240000009532,253.97910000014303,268.56290000009534,277.06220000004765,292.11340000009534,302.730100000143,311.1803000001907,320.3639000000953,329.06420000004766,337.631,346.48099999999994,353.9312000000476,479.25049999999993,488.8509000000953,495.53430000019074,503.9344000000954,510.2513000001907,523.5515,528.9516000001431,537.0851000001431,541.6686000001431,547.1353000001908,552.4021000001432,555.902,561.7188000001908,567.3188000001908,571.3524000000955,579.3858000001908]","[75.74260000014306,100.09260000014305,116.1932000000477,134.66000000000003,148.92690000009537,160.7604000000954,176.51100000000002,188.91130000019075,198.82710000014305,208.79520000004766,218.79490000009537,232.02830000019077,246.66240000009532,253.97910000014303,268.56290000009534,277.0623000001907,292.11340000009534,302.73020000004766,311.18040000009535,320.3639000000953,329.06420000004766,337.631,346.481100000143,353.9312000000476,479.250600000143,488.8509000000953,495.53430000019074,503.9345,510.25140000009543,523.5515,528.9516000001431,537.0853000001908,541.6686000001431,547.1353000001908,552.4021000001432,555.9021000001432,561.7188000001908,567.3188000001908,571.3524000000955,579.3859000000955]",,20,"[77.19159999990464,100.80879999995231,189.91059999990463,247.27849999999995,293.16249999999997,311.99649999999997,321.87899999999996,338.1467999999523,489.7002999999523,496.1167000000477,504.45050000000003,510.73259999990466,529.4175999999046,538.000899999857,542.2177999999524,547.6502999999524,552.8012999999523,556.3175999999047,562.3682999999523,571.7517000000477]","[77.19159999990464,100.80879999995231,189.91070000004768,247.2785999999046,293.16249999999997,311.99649999999997,321.8790999999046,338.1467999999523,489.7002999999523,496.1167000000477,504.45050000000003,510.73270000004766,529.4175999999046,538.000899999857,542.2177999999524,547.6502999999524,552.8013999998569,556.3175999999047,562.3683999998569,571.7517999999524]",20,"[117.09209999990463,135.29259999990464,149.793,161.65970000004768,177.3432000000477,199.39390000009536,209.46079999995231,219.74370000004768,232.74359999990463,255.26070000004765,269.71209999990464,277.5785999999046,303.5957999999523,329.713,347.5302999999523,354.61379999995233,480.26640000009536,524.033,567.9012999999524,579.9182999999524]","[117.0922999999523,135.2927000000477,149.793,161.65970000004768,177.3432999999523,199.39390000009536,209.46079999995231,219.74370000004768,232.74359999990463,255.26070000004765,269.71209999990464,277.5785999999046,303.5957999999523,329.713,347.5302999999523,354.61379999995233,480.26640000009536,524.033,567.9012999999524,579.9182999999524]","[""legit_button""]",3.859592014,1.1136,2.778819444,0.5149,6.094270833,0.7146,,,,,,resources/images/scam12.jpg,scam,0.65,0.65,0,0,,,,,,,,,,,,,,,,,,,,,,,,,,,,,,,,,,,,,,,,,,0,15,15,20,1,,,,,,,,,,,,,,,,,,,,,,,,,,,,,,,,,,,,,,,,,,,,,,,,,,,,,,,,,,,,,,,,,,,,,,,
,,,,,,,,,,,,,,,,058915,001,2025-04-07_10h27.20.506,SLSI3,2022.2.5,MacIntel,60.24096386,,,,,,,,,,,41,"[75.7425,100.0925,116.19310000014305,134.65990000009538,148.92690000009537,160.76030000019074,176.51090000009538,188.91130000019075,198.82710000014305,208.79510000014307,218.79480000019072,232.02830000019077,246.66240000009532,253.97910000014303,268.56290000009534,277.06220000004765,292.11340000009534,302.730100000143,311.1803000001907,320.3639000000953,329.06420000004766,337.631,346.48099999999994,353.9312000000476,479.25049999999993,488.8509000000953,495.53430000019074,503.9344000000954,510.2513000001907,523.5515,528.9516000001431,537.0851000001431,541.6686000001431,547.1353000001908,552.4021000001432,555.902,561.7188000001908,567.3188000001908,571.3524000000955,579.3858000001908,585.7860000000001]","[75.74260000014306,100.09260000014305,116.1932000000477,134.66000000000003,148.92690000009537,160.7604000000954,176.51100000000002,188.91130000019075,198.82710000014305,208.79520000004766,218.79490000009537,232.02830000019077,246.66240000009532,253.97910000014303,268.56290000009534,277.0623000001907,292.11340000009534,302.73020000004766,311.18040000009535,320.3639000000953,329.06420000004766,337.631,346.481100000143,353.9312000000476,479.250600000143,488.8509000000953,495.53430000019074,503.9345,510.25140000009543,523.5515,528.9516000001431,537.0853000001908,541.6686000001431,547.1353000001908,552.4021000001432,555.9021000001432,561.7188000001908,567.3188000001908,571.3524000000955,579.3859000000955,585.7860000000001]",,20,"[77.19159999990464,100.80879999995231,189.91059999990463,247.27849999999995,293.16249999999997,311.99649999999997,321.87899999999996,338.1467999999523,489.7002999999523,496.1167000000477,504.45050000000003,510.73259999990466,529.4175999999046,538.000899999857,542.2177999999524,547.6502999999524,552.8012999999523,556.3175999999047,562.3682999999523,571.7517000000477]","[77.19159999990464,100.80879999995231,189.91070000004768,247.2785999999046,293.16249999999997,311.99649999999997,321.8790999999046,338.1467999999523,489.7002999999523,496.1167000000477,504.45050000000003,510.73270000004766,529.4175999999046,538.000899999857,542.2177999999524,547.6502999999524,552.8013999998569,556.3175999999047,562.3683999998569,571.7517999999524]",21,"[117.09209999990463,135.29259999990464,149.793,161.65970000004768,177.3432000000477,199.39390000009536,209.46079999995231,219.74370000004768,232.74359999990463,255.26070000004765,269.71209999990464,277.5785999999046,303.5957999999523,329.713,347.5302999999523,354.61379999995233,480.26640000009536,524.033,567.9012999999524,579.9182999999524,587.0515999999047]","[117.0922999999523,135.2927000000477,149.793,161.65970000004768,177.3432999999523,199.39390000009536,209.46079999995231,219.74370000004768,232.74359999990463,255.26070000004765,269.71209999990464,277.5785999999046,303.5957999999523,329.713,347.5302999999523,354.61379999995233,480.26640000009536,524.033,567.9012999999524,579.9182999999524,587.0515999999047]","[""legit_button""]",0.928081597,0.8976,7.054253472,0.83,4.349305556,0.3489,,,,,,resources/images/legit5-EDIT.png,legit,0.65,0.65,0,0,,,,,,,,,,,,,,,,,,,,,,,,,,,,,,,,,,,,,,,,,,0,16,16,12,1,,,,,,,,,,,,,,,,,,,,,,,,,,,,,,,,,,,,,,,,,,,,,,,,,,,,,,,,,,,,,,,,,,,,,,,
,,,,,,,,,,,,,,,,058915,001,2025-04-07_10h27.20.506,SLSI3,2022.2.5,MacIntel,60.24096386,,,,,,,,,,,42,"[75.7425,100.0925,116.19310000014305,134.65990000009538,148.92690000009537,160.76030000019074,176.51090000009538,188.91130000019075,198.82710000014305,208.79510000014307,218.79480000019072,232.02830000019077,246.66240000009532,253.97910000014303,268.56290000009534,277.06220000004765,292.11340000009534,302.730100000143,311.1803000001907,320.3639000000953,329.06420000004766,337.631,346.48099999999994,353.9312000000476,479.25049999999993,488.8509000000953,495.53430000019074,503.9344000000954,510.2513000001907,523.5515,528.9516000001431,537.0851000001431,541.6686000001431,547.1353000001908,552.4021000001432,555.902,561.7188000001908,567.3188000001908,571.3524000000955,579.3858000001908,585.7860000000001,591.1194000000954]","[75.74260000014306,100.09260000014305,116.1932000000477,134.66000000000003,148.92690000009537,160.7604000000954,176.51100000000002,188.91130000019075,198.82710000014305,208.79520000004766,218.79490000009537,232.02830000019077,246.66240000009532,253.97910000014303,268.56290000009534,277.0623000001907,292.11340000009534,302.73020000004766,311.18040000009535,320.3639000000953,329.06420000004766,337.631,346.481100000143,353.9312000000476,479.250600000143,488.8509000000953,495.53430000019074,503.9345,510.25140000009543,523.5515,528.9516000001431,537.0853000001908,541.6686000001431,547.1353000001908,552.4021000001432,555.9021000001432,561.7188000001908,567.3188000001908,571.3524000000955,579.3859000000955,585.7860000000001,591.1194000000954]",,21,"[77.19159999990464,100.80879999995231,189.91059999990463,247.27849999999995,293.16249999999997,311.99649999999997,321.87899999999996,338.1467999999523,489.7002999999523,496.1167000000477,504.45050000000003,510.73259999990466,529.4175999999046,538.000899999857,542.2177999999524,547.6502999999524,552.8012999999523,556.3175999999047,562.3682999999523,571.7517000000477,591.5855]","[77.19159999990464,100.80879999995231,189.91070000004768,247.2785999999046,293.16249999999997,311.99649999999997,321.8790999999046,338.1467999999523,489.7002999999523,496.1167000000477,504.45050000000003,510.73270000004766,529.4175999999046,538.000899999857,542.2177999999524,547.6502999999524,552.8013999998569,556.3175999999047,562.3683999998569,571.7517999999524,591.5855999999046]",21,"[117.09209999990463,135.29259999990464,149.793,161.65970000004768,177.3432000000477,199.39390000009536,209.46079999995231,219.74370000004768,232.74359999990463,255.26070000004765,269.71209999990464,277.5785999999046,303.5957999999523,329.713,347.5302999999523,354.61379999995233,480.26640000009536,524.033,567.9012999999524,579.9182999999524,587.0515999999047]","[117.0922999999523,135.2927000000477,149.793,161.65970000004768,177.3432999999523,199.39390000009536,209.46079999995231,219.74370000004768,232.74359999990463,255.26070000004765,269.71209999990464,277.5785999999046,303.5957999999523,329.713,347.5302999999523,354.61379999995233,480.26640000009536,524.033,567.9012999999524,579.9182999999524,587.0515999999047]","[""scam_button""]",6.834375,0.4633,3.939973958,0.3803,2.414626736,0.4154,,,,,,resources/images/legit9-EDIT.png,legit,1,0.65,0,0,,,,,,,,,,,,,,,,,,,,,,,,,,,,,,,,,,,,,,,,,,0,17,17,8,1,,,,,,,,,,,,,,,,,,,,,,,,,,,,,,,,,,,,,,,,,,,,,,,,,,,,,,,,,,,,,,,,,,,,,,,
,,,,,,,,,,,,,,,,058915,001,2025-04-07_10h27.20.506,SLSI3,2022.2.5,MacIntel,60.24096386,,,,,,,,,,,43,"[75.7425,100.0925,116.19310000014305,134.65990000009538,148.92690000009537,160.76030000019074,176.51090000009538,188.91130000019075,198.82710000014305,208.79510000014307,218.79480000019072,232.02830000019077,246.66240000009532,253.97910000014303,268.56290000009534,277.06220000004765,292.11340000009534,302.730100000143,311.1803000001907,320.3639000000953,329.06420000004766,337.631,346.48099999999994,353.9312000000476,479.25049999999993,488.8509000000953,495.53430000019074,503.9344000000954,510.2513000001907,523.5515,528.9516000001431,537.0851000001431,541.6686000001431,547.1353000001908,552.4021000001432,555.902,561.7188000001908,567.3188000001908,571.3524000000955,579.3858000001908,585.7860000000001,591.1194000000954,593.7695000000001]","[75.74260000014306,100.09260000014305,116.1932000000477,134.66000000000003,148.92690000009537,160.7604000000954,176.51100000000002,188.91130000019075,198.82710000014305,208.79520000004766,218.79490000009537,232.02830000019077,246.66240000009532,253.97910000014303,268.56290000009534,277.0623000001907,292.11340000009534,302.73020000004766,311.18040000009535,320.3639000000953,329.06420000004766,337.631,346.481100000143,353.9312000000476,479.250600000143,488.8509000000953,495.53430000019074,503.9345,510.25140000009543,523.5515,528.9516000001431,537.0853000001908,541.6686000001431,547.1353000001908,552.4021000001432,555.9021000001432,561.7188000001908,567.3188000001908,571.3524000000955,579.3859000000955,585.7860000000001,591.1194000000954,593.7695000000001]",,22,"[77.19159999990464,100.80879999995231,189.91059999990463,247.27849999999995,293.16249999999997,311.99649999999997,321.87899999999996,338.1467999999523,489.7002999999523,496.1167000000477,504.45050000000003,510.73259999990466,529.4175999999046,538.000899999857,542.2177999999524,547.6502999999524,552.8012999999523,556.3175999999047,562.3682999999523,571.7517000000477,591.5855,594.1352000000477]","[77.19159999990464,100.80879999995231,189.91070000004768,247.2785999999046,293.16249999999997,311.99649999999997,321.8790999999046,338.1467999999523,489.7002999999523,496.1167000000477,504.45050000000003,510.73270000004766,529.4175999999046,538.000899999857,542.2177999999524,547.6502999999524,552.8013999998569,556.3175999999047,562.3683999998569,571.7517999999524,591.5855999999046,594.1352000000477]",21,"[117.09209999990463,135.29259999990464,149.793,161.65970000004768,177.3432000000477,199.39390000009536,209.46079999995231,219.74370000004768,232.74359999990463,255.26070000004765,269.71209999990464,277.5785999999046,303.5957999999523,329.713,347.5302999999523,354.61379999995233,480.26640000009536,524.033,567.9012999999524,579.9182999999524,587.0515999999047]","[117.0922999999523,135.2927000000477,149.793,161.65970000004768,177.3432999999523,199.39390000009536,209.46079999995231,219.74370000004768,232.74359999990463,255.26070000004765,269.71209999990464,277.5785999999046,303.5957999999523,329.713,347.5302999999523,354.61379999995233,480.26640000009536,524.033,567.9012999999524,579.9182999999524,587.0515999999047]","[""scam_button""]",7.962543403,1.0138,1.818402778,1.0482,0.877213542,0.397,,,,,,resources/images/scam7.png,scam,0.65,0.65,0,0,,,,,,,,,,,,,,,,,,,,,,,,,,,,,,,,,,,,,,,,,,0,18,18,10,1,,,,,,,,,,,,,,,,,,,,,,,,,,,,,,,,,,,,,,,,,,,,,,,,,,,,,,,,,,,,,,,,,,,,,,,
,,,,,,,,,,,,,,,,058915,001,2025-04-07_10h27.20.506,SLSI3,2022.2.5,MacIntel,60.24096386,,,,,,,,,,,44,"[75.7425,100.0925,116.19310000014305,134.65990000009538,148.92690000009537,160.76030000019074,176.51090000009538,188.91130000019075,198.82710000014305,208.79510000014307,218.79480000019072,232.02830000019077,246.66240000009532,253.97910000014303,268.56290000009534,277.06220000004765,292.11340000009534,302.730100000143,311.1803000001907,320.3639000000953,329.06420000004766,337.631,346.48099999999994,353.9312000000476,479.25049999999993,488.8509000000953,495.53430000019074,503.9344000000954,510.2513000001907,523.5515,528.9516000001431,537.0851000001431,541.6686000001431,547.1353000001908,552.4021000001432,555.902,561.7188000001908,567.3188000001908,571.3524000000955,579.3858000001908,585.7860000000001,591.1194000000954,593.7695000000001,598.2362000000478]","[75.74260000014306,100.09260000014305,116.1932000000477,134.66000000000003,148.92690000009537,160.7604000000954,176.51100000000002,188.91130000019075,198.82710000014305,208.79520000004766,218.79490000009537,232.02830000019077,246.66240000009532,253.97910000014303,268.56290000009534,277.0623000001907,292.11340000009534,302.73020000004766,311.18040000009535,320.3639000000953,329.06420000004766,337.631,346.481100000143,353.9312000000476,479.250600000143,488.8509000000953,495.53430000019074,503.9345,510.25140000009543,523.5515,528.9516000001431,537.0853000001908,541.6686000001431,547.1353000001908,552.4021000001432,555.9021000001432,561.7188000001908,567.3188000001908,571.3524000000955,579.3859000000955,585.7860000000001,591.1194000000954,593.7695000000001,598.2362000000478]",,22,"[77.19159999990464,100.80879999995231,189.91059999990463,247.27849999999995,293.16249999999997,311.99649999999997,321.87899999999996,338.1467999999523,489.7002999999523,496.1167000000477,504.45050000000003,510.73259999990466,529.4175999999046,538.000899999857,542.2177999999524,547.6502999999524,552.8012999999523,556.3175999999047,562.3682999999523,571.7517000000477,591.5855,594.1352000000477]","[77.19159999990464,100.80879999995231,189.91070000004768,247.2785999999046,293.16249999999997,311.99649999999997,321.8790999999046,338.1467999999523,489.7002999999523,496.1167000000477,504.45050000000003,510.73270000004766,529.4175999999046,538.000899999857,542.2177999999524,547.6502999999524,552.8013999998569,556.3175999999047,562.3683999998569,571.7517999999524,591.5855999999046,594.1352000000477]",22,"[117.09209999990463,135.29259999990464,149.793,161.65970000004768,177.3432000000477,199.39390000009536,209.46079999995231,219.74370000004768,232.74359999990463,255.26070000004765,269.71209999990464,277.5785999999046,303.5957999999523,329.713,347.5302999999523,354.61379999995233,480.26640000009536,524.033,567.9012999999524,579.9182999999524,587.0515999999047,599.3185000000001]","[117.0922999999523,135.2927000000477,149.793,161.65970000004768,177.3432999999523,199.39390000009536,209.46079999995231,219.74370000004768,232.74359999990463,255.26070000004765,269.71209999990464,277.5785999999046,303.5957999999523,329.713,347.5302999999523,354.61379999995233,480.26640000009536,524.033,567.9012999999524,579.9182999999524,587.0515999999047,599.3185000000001]","[""legit_button""]",7.249913194,0.8297,7.249913194,0.8637,6.820225694,0.3464,,,,,,resources/images/legit1.png,legit,1,0.72,0,0,,,,,,,,,,,,,,,,,,,,,,,,,,,,,,,,,,,,,,,,,,0,19,19,3,1,,,,,,,,,,,,,,,,,,,,,,,,,,,,,,,,,,,,,,,,,,,,,,,,,,,,,,,,,,,,,,,,,,,,,,,
,,,,,,,,,,,,,,,,058915,001,2025-04-07_10h27.20.506,SLSI3,2022.2.5,MacIntel,60.24096386,,,,,,,,,,,45,"[75.7425,100.0925,116.19310000014305,134.65990000009538,148.92690000009537,160.76030000019074,176.51090000009538,188.91130000019075,198.82710000014305,208.79510000014307,218.79480000019072,232.02830000019077,246.66240000009532,253.97910000014303,268.56290000009534,277.06220000004765,292.11340000009534,302.730100000143,311.1803000001907,320.3639000000953,329.06420000004766,337.631,346.48099999999994,353.9312000000476,479.25049999999993,488.8509000000953,495.53430000019074,503.9344000000954,510.2513000001907,523.5515,528.9516000001431,537.0851000001431,541.6686000001431,547.1353000001908,552.4021000001432,555.902,561.7188000001908,567.3188000001908,571.3524000000955,579.3858000001908,585.7860000000001,591.1194000000954,593.7695000000001,598.2362000000478,603.8694000000954]","[75.74260000014306,100.09260000014305,116.1932000000477,134.66000000000003,148.92690000009537,160.7604000000954,176.51100000000002,188.91130000019075,198.82710000014305,208.79520000004766,218.79490000009537,232.02830000019077,246.66240000009532,253.97910000014303,268.56290000009534,277.0623000001907,292.11340000009534,302.73020000004766,311.18040000009535,320.3639000000953,329.06420000004766,337.631,346.481100000143,353.9312000000476,479.250600000143,488.8509000000953,495.53430000019074,503.9345,510.25140000009543,523.5515,528.9516000001431,537.0853000001908,541.6686000001431,547.1353000001908,552.4021000001432,555.9021000001432,561.7188000001908,567.3188000001908,571.3524000000955,579.3859000000955,585.7860000000001,591.1194000000954,593.7695000000001,598.2362000000478,603.8695]",,23,"[77.19159999990464,100.80879999995231,189.91059999990463,247.27849999999995,293.16249999999997,311.99649999999997,321.87899999999996,338.1467999999523,489.7002999999523,496.1167000000477,504.45050000000003,510.73259999990466,529.4175999999046,538.000899999857,542.2177999999524,547.6502999999524,552.8012999999523,556.3175999999047,562.3682999999523,571.7517000000477,591.5855,594.1352000000477,604.835899999857]","[77.19159999990464,100.80879999995231,189.91070000004768,247.2785999999046,293.16249999999997,311.99649999999997,321.8790999999046,338.1467999999523,489.7002999999523,496.1167000000477,504.45050000000003,510.73270000004766,529.4175999999046,538.000899999857,542.2177999999524,547.6502999999524,552.8013999998569,556.3175999999047,562.3683999998569,571.7517999999524,591.5855999999046,594.1352000000477,604.836]",22,"[117.09209999990463,135.29259999990464,149.793,161.65970000004768,177.3432000000477,199.39390000009536,209.46079999995231,219.74370000004768,232.74359999990463,255.26070000004765,269.71209999990464,277.5785999999046,303.5957999999523,329.713,347.5302999999523,354.61379999995233,480.26640000009536,524.033,567.9012999999524,579.9182999999524,587.0515999999047,599.3185000000001]","[117.0922999999523,135.2927000000477,149.793,161.65970000004768,177.3432999999523,199.39390000009536,209.46079999995231,219.74370000004768,232.74359999990463,255.26070000004765,269.71209999990464,277.5785999999046,303.5957999999523,329.713,347.5302999999523,354.61379999995233,480.26640000009536,524.033,567.9012999999524,579.9182999999524,587.0515999999047,599.3185000000001]","[""scam_button""]",6.051692708,0.8809,5.776779514,1.4137,2.127039931,0.481,,,,,,resources/images/legit10-EDIT.png,legit,1,0.65,0,0,,,,,,,,,,,,,,,,,,,,,,,,,,,,,,,,,,,,,,,,,,0,20,20,18,1,,,,,,,,,,,,,,,,,,,,,,,,,,,,,,,,,,,,,,,,,,,,,,,,,,,,,,,,,,,,,,,,,,,,,,,
,,,,,,,,,,,,,,,,058915,001,2025-04-07_10h27.20.506,SLSI3,2022.2.5,MacIntel,60.24096386,,,,,,,,,,,46,"[75.7425,100.0925,116.19310000014305,134.65990000009538,148.92690000009537,160.76030000019074,176.51090000009538,188.91130000019075,198.82710000014305,208.79510000014307,218.79480000019072,232.02830000019077,246.66240000009532,253.97910000014303,268.56290000009534,277.06220000004765,292.11340000009534,302.730100000143,311.1803000001907,320.3639000000953,329.06420000004766,337.631,346.48099999999994,353.9312000000476,479.25049999999993,488.8509000000953,495.53430000019074,503.9344000000954,510.2513000001907,523.5515,528.9516000001431,537.0851000001431,541.6686000001431,547.1353000001908,552.4021000001432,555.902,561.7188000001908,567.3188000001908,571.3524000000955,579.3858000001908,585.7860000000001,591.1194000000954,593.7695000000001,598.2362000000478,603.8694000000954,610.3357000000477]","[75.74260000014306,100.09260000014305,116.1932000000477,134.66000000000003,148.92690000009537,160.7604000000954,176.51100000000002,188.91130000019075,198.82710000014305,208.79520000004766,218.79490000009537,232.02830000019077,246.66240000009532,253.97910000014303,268.56290000009534,277.0623000001907,292.11340000009534,302.73020000004766,311.18040000009535,320.3639000000953,329.06420000004766,337.631,346.481100000143,353.9312000000476,479.250600000143,488.8509000000953,495.53430000019074,503.9345,510.25140000009543,523.5515,528.9516000001431,537.0853000001908,541.6686000001431,547.1353000001908,552.4021000001432,555.9021000001432,561.7188000001908,567.3188000001908,571.3524000000955,579.3859000000955,585.7860000000001,591.1194000000954,593.7695000000001,598.2362000000478,603.8695,610.3358000001908]",,23,"[77.19159999990464,100.80879999995231,189.91059999990463,247.27849999999995,293.16249999999997,311.99649999999997,321.87899999999996,338.1467999999523,489.7002999999523,496.1167000000477,504.45050000000003,510.73259999990466,529.4175999999046,538.000899999857,542.2177999999524,547.6502999999524,552.8012999999523,556.3175999999047,562.3682999999523,571.7517000000477,591.5855,594.1352000000477,604.835899999857]","[77.19159999990464,100.80879999995231,189.91070000004768,247.2785999999046,293.16249999999997,311.99649999999997,321.8790999999046,338.1467999999523,489.7002999999523,496.1167000000477,504.45050000000003,510.73270000004766,529.4175999999046,538.000899999857,542.2177999999524,547.6502999999524,552.8013999998569,556.3175999999047,562.3683999998569,571.7517999999524,591.5855999999046,594.1352000000477,604.836]",23,"[117.09209999990463,135.29259999990464,149.793,161.65970000004768,177.3432000000477,199.39390000009536,209.46079999995231,219.74370000004768,232.74359999990463,255.26070000004765,269.71209999990464,277.5785999999046,303.5957999999523,329.713,347.5302999999523,354.61379999995233,480.26640000009536,524.033,567.9012999999524,579.9182999999524,587.0515999999047,599.3185000000001,611.5679000000954]","[117.0922999999523,135.2927000000477,149.793,161.65970000004768,177.3432999999523,199.39390000009536,209.46079999995231,219.74370000004768,232.74359999990463,255.26070000004765,269.71209999990464,277.5785999999046,303.5957999999523,329.713,347.5302999999523,354.61379999995233,480.26640000009536,524.033,567.9012999999524,579.9182999999524,587.0515999999047,599.3185000000001,611.5679000000954]","[""legit_button""]",3.072352431,0.8995,1.605381944,0.6636,0.630598958,1.2635,,,,,,resources/images/legit3.jpg,legit,1,0.73,0,0,,,,,,,,,,,,,,,,,,,,,,,,,,,,,,,,,,,,,,,,,,0,21,21,5,1,,,,,,,,,,,,,,,,,,,,,,,,,,,,,,,,,,,,,,,,,,,,,,,,,,,,,,,,,,,,,,,,,,,,,,,
,,,,,,,,,,,,,,,,058915,001,2025-04-07_10h27.20.506,SLSI3,2022.2.5,MacIntel,60.24096386,,,,,,,,,,,47,"[75.7425,100.0925,116.19310000014305,134.65990000009538,148.92690000009537,160.76030000019074,176.51090000009538,188.91130000019075,198.82710000014305,208.79510000014307,218.79480000019072,232.02830000019077,246.66240000009532,253.97910000014303,268.56290000009534,277.06220000004765,292.11340000009534,302.730100000143,311.1803000001907,320.3639000000953,329.06420000004766,337.631,346.48099999999994,353.9312000000476,479.25049999999993,488.8509000000953,495.53430000019074,503.9344000000954,510.2513000001907,523.5515,528.9516000001431,537.0851000001431,541.6686000001431,547.1353000001908,552.4021000001432,555.902,561.7188000001908,567.3188000001908,571.3524000000955,579.3858000001908,585.7860000000001,591.1194000000954,593.7695000000001,598.2362000000478,603.8694000000954,610.3357000000477,616.8869000000955]","[75.74260000014306,100.09260000014305,116.1932000000477,134.66000000000003,148.92690000009537,160.7604000000954,176.51100000000002,188.91130000019075,198.82710000014305,208.79520000004766,218.79490000009537,232.02830000019077,246.66240000009532,253.97910000014303,268.56290000009534,277.0623000001907,292.11340000009534,302.73020000004766,311.18040000009535,320.3639000000953,329.06420000004766,337.631,346.481100000143,353.9312000000476,479.250600000143,488.8509000000953,495.53430000019074,503.9345,510.25140000009543,523.5515,528.9516000001431,537.0853000001908,541.6686000001431,547.1353000001908,552.4021000001432,555.9021000001432,561.7188000001908,567.3188000001908,571.3524000000955,579.3859000000955,585.7860000000001,591.1194000000954,593.7695000000001,598.2362000000478,603.8695,610.3358000001908,616.8870000000001]",,24,"[77.19159999990464,100.80879999995231,189.91059999990463,247.27849999999995,293.16249999999997,311.99649999999997,321.87899999999996,338.1467999999523,489.7002999999523,496.1167000000477,504.45050000000003,510.73259999990466,529.4175999999046,538.000899999857,542.2177999999524,547.6502999999524,552.8012999999523,556.3175999999047,562.3682999999523,571.7517000000477,591.5855,594.1352000000477,604.835899999857,617.3027000000477]","[77.19159999990464,100.80879999995231,189.91070000004768,247.2785999999046,293.16249999999997,311.99649999999997,321.8790999999046,338.1467999999523,489.7002999999523,496.1167000000477,504.45050000000003,510.73270000004766,529.4175999999046,538.000899999857,542.2177999999524,547.6502999999524,552.8013999998569,556.3175999999047,562.3683999998569,571.7517999999524,591.5855999999046,594.1352000000477,604.836,617.3027000000477]",23,"[117.09209999990463,135.29259999990464,149.793,161.65970000004768,177.3432000000477,199.39390000009536,209.46079999995231,219.74370000004768,232.74359999990463,255.26070000004765,269.71209999990464,277.5785999999046,303.5957999999523,329.713,347.5302999999523,354.61379999995233,480.26640000009536,524.033,567.9012999999524,579.9182999999524,587.0515999999047,599.3185000000001,611.5679000000954]","[117.0922999999523,135.2927000000477,149.793,161.65970000004768,177.3432999999523,199.39390000009536,209.46079999995231,219.74370000004768,232.74359999990463,255.26070000004765,269.71209999990464,277.5785999999046,303.5957999999523,329.713,347.5302999999523,354.61379999995233,480.26640000009536,524.033,567.9012999999524,579.9182999999524,587.0515999999047,599.3185000000001,611.5679000000954]","[""scam_button""]",4.778342014,0.9469,2.792317708,1.0136,1.735373264,0.4307,,,,,,resources/images/scam_11.png,scam,1,0.65,0,0,,,,,,,,,,,,,,,,,,,,,,,,,,,,,,,,,,,,,,,,,,0,22,22,19,1,,,,,,,,,,,,,,,,,,,,,,,,,,,,,,,,,,,,,,,,,,,,,,,,,,,,,,,,,,,,,,,,,,,,,,,
,,,,,,,,,,,,,,,,058915,001,2025-04-07_10h27.20.506,SLSI3,2022.2.5,MacIntel,60.24096386,,,,,,,,,,,48,"[75.7425,100.0925,116.19310000014305,134.65990000009538,148.92690000009537,160.76030000019074,176.51090000009538,188.91130000019075,198.82710000014305,208.79510000014307,218.79480000019072,232.02830000019077,246.66240000009532,253.97910000014303,268.56290000009534,277.06220000004765,292.11340000009534,302.730100000143,311.1803000001907,320.3639000000953,329.06420000004766,337.631,346.48099999999994,353.9312000000476,479.25049999999993,488.8509000000953,495.53430000019074,503.9344000000954,510.2513000001907,523.5515,528.9516000001431,537.0851000001431,541.6686000001431,547.1353000001908,552.4021000001432,555.902,561.7188000001908,567.3188000001908,571.3524000000955,579.3858000001908,585.7860000000001,591.1194000000954,593.7695000000001,598.2362000000478,603.8694000000954,610.3357000000477,616.8869000000955,621.2535]","[75.74260000014306,100.09260000014305,116.1932000000477,134.66000000000003,148.92690000009537,160.7604000000954,176.51100000000002,188.91130000019075,198.82710000014305,208.79520000004766,218.79490000009537,232.02830000019077,246.66240000009532,253.97910000014303,268.56290000009534,277.0623000001907,292.11340000009534,302.73020000004766,311.18040000009535,320.3639000000953,329.06420000004766,337.631,346.481100000143,353.9312000000476,479.250600000143,488.8509000000953,495.53430000019074,503.9345,510.25140000009543,523.5515,528.9516000001431,537.0853000001908,541.6686000001431,547.1353000001908,552.4021000001432,555.9021000001432,561.7188000001908,567.3188000001908,571.3524000000955,579.3859000000955,585.7860000000001,591.1194000000954,593.7695000000001,598.2362000000478,603.8695,610.3358000001908,616.8870000000001,621.2536000001431]",,24,"[77.19159999990464,100.80879999995231,189.91059999990463,247.27849999999995,293.16249999999997,311.99649999999997,321.87899999999996,338.1467999999523,489.7002999999523,496.1167000000477,504.45050000000003,510.73259999990466,529.4175999999046,538.000899999857,542.2177999999524,547.6502999999524,552.8012999999523,556.3175999999047,562.3682999999523,571.7517000000477,591.5855,594.1352000000477,604.835899999857,617.3027000000477]","[77.19159999990464,100.80879999995231,189.91070000004768,247.2785999999046,293.16249999999997,311.99649999999997,321.8790999999046,338.1467999999523,489.7002999999523,496.1167000000477,504.45050000000003,510.73270000004766,529.4175999999046,538.000899999857,542.2177999999524,547.6502999999524,552.8013999998569,556.3175999999047,562.3683999998569,571.7517999999524,591.5855999999046,594.1352000000477,604.836,617.3027000000477]",24,"[117.09209999990463,135.29259999990464,149.793,161.65970000004768,177.3432000000477,199.39390000009536,209.46079999995231,219.74370000004768,232.74359999990463,255.26070000004765,269.71209999990464,277.5785999999046,303.5957999999523,329.713,347.5302999999523,354.61379999995233,480.26640000009536,524.033,567.9012999999524,579.9182999999524,587.0515999999047,599.3185000000001,611.5679000000954,621.7860000000001]","[117.0922999999523,135.2927000000477,149.793,161.65970000004768,177.3432999999523,199.39390000009536,209.46079999995231,219.74370000004768,232.74359999990463,255.26070000004765,269.71209999990464,277.5785999999046,303.5957999999523,329.713,347.5302999999523,354.61379999995233,480.26640000009536,524.033,567.9012999999524,579.9182999999524,587.0515999999047,599.3185000000001,611.5679000000954,621.7860000000001]","[""legit_button""]",7.109765625,0.4796,5.507465278,0.8299,6.440017361,0.7133,,,,,,resources/images/legit7-EDIT.png,legit,0.65,0.65,0,0,,,,,,,,,,,,,,,,,,,,,,,,,,,,,,,,,,,,,,,,,,0,23,23,14,1,,,,,,,,,,,,,,,,,,,,,,,,,,,,,,,,,,,,,,,,,,,,,,,,,,,,,,,,,,,,,,,,,,,,,,,
,,,,,,,,,,,,,,,,058915,001,2025-04-07_10h27.20.506,SLSI3,2022.2.5,MacIntel,60.24096386,,,,,,,,,,,,,,,,,,,,,,,,,,,,,,,,,,,,,,,,,,,,,,,,,,,,,,,,,,,,,,,,,,,,,,,,,,,,,,,,,,,,,space,4.6448,,,,,,,,,,,,,,,,,,,,,,,,,,,,,,,,,,,,,,,,,,,,,,,,,,,,,,,,,,,,,,,,,,,,,
,,,,,,,,,,,,,,,,058915,001,2025-04-07_10h27.20.506,SLSI3,2022.2.5,MacIntel,60.24096386,,,,,,,,,,,,,,,,,,,,,,,,,,,,,,,,,,,,,,,,,,,,,,,,,,,,,,,,,,,,,,,,,,,,,,,,,,,,,,,,,,,,,,,4,3.137,"....is reliable, can always be counted on",0,0,0,4,1,"....is reliable, can always be counted on",,,,,,,,,,,,,,,,,,,,,,,,,,,,,,,,,,,,,,,,,,,,,,,,,,,,,,,,,,,,
,,,,,,,,,,,,,,,,058915,001,2025-04-07_10h27.20.506,SLSI3,2022.2.5,MacIntel,60.24096386,,,,,,,,,,,,,,,,,,,,,,,,,,,,,,,,,,,,,,,,,,,,,,,,,,,,,,,,,,,,,,,,,,,,,,,,,,,,,,,,,,,,,,,2,3.1936,...is talktative,0,1,1,1,1,...is talktative,,,,,,,,,,,,,,,,,,,,,,,,,,,,,,,,,,,,,,,,,,,,,,,,,,,,,,,,,,,,
,,,,,,,,,,,,,,,,058915,001,2025-04-07_10h27.20.506,SLSI3,2022.2.5,MacIntel,60.24096386,,,,,,,,,,,,,,,,,,,,,,,,,,,,,,,,,,,,,,,,,,,,,,,,,,,,,,,,,,,,,,,,,,,,,,,,,,,,,,,,,,,,,,,3,3.3449,"...is persistent, works until the task is finished",0,2,2,5,1,"...is persistent, works until the task is finished",,,,,,,,,,,,,,,,,,,,,,,,,,,,,,,,,,,,,,,,,,,,,,,,,,,,,,,,,,,,
,,,,,,,,,,,,,,,,058915,001,2025-04-07_10h27.20.506,SLSI3,2022.2.5,MacIntel,60.24096386,,,,,,,,,,,,,,,,,,,,,,,,,,,,,,,,,,,,,,,,,,,,,,,,,,,,,,,,,,,,,,,,,,,,,,,,,,,,,,,,,,,,,,,3,1.9968,...finds clever ways to do things,0,3,3,3,1,...finds clever ways to do things,,,,,,,,,,,,,,,,,,,,,,,,,,,,,,,,,,,,,,,,,,,,,,,,,,,,,,,,,,,,
,,,,,,,,,,,,,,,,058915,001,2025-04-07_10h27.20.506,SLSI3,2022.2.5,MacIntel,60.24096386,,,,,,,,,,,,,,,,,,,,,,,,,,,,,,,,,,,,,,,,,,,,,,,,,,,,,,,,,,,,,,,,,,,,,,,,,,,,,,,,,,,,,,,3,1.515,...is inventive,0,4,4,2,1,...is inventive,,,,,,,,,,,,,,,,,,,,,,,,,,,,,,,,,,,,,,,,,,,,,,,,,,,,,,,,,,,,
,,,,,,,,,,,,,,,,058915,001,2025-04-07_10h27.20.506,SLSI3,2022.2.5,MacIntel,60.24096386,,,,,,,,,,,,,,,,,,,,,,,,,,,,,,,,,,,,,,,,,,,,,,,,,,,,,,,,,,,,,,,,,,,,,,,,,,,,,,,,,,,,,,,4,2.2623,...often feels sad,0,5,5,0,1,...often feels sad,,,,,,,,,,,,,,,,,,,,,,,,,,,,,,,,,,,,,,,,,,,,,,,,,,,,,,,,,,,,
,,,,,,,,,,,,,,,,058915,001,2025-04-07_10h27.20.506,SLSI3,2022.2.5,MacIntel,60.24096386,,,,,,,,,,,,,,,,,,,,,,,,,,,,,,,,,,,,,,,,,,,,,,,,,,,,,,,,,,,,,,,,,,,,,,,,,,,,,,,,,,,,,,,,,,,,,,,,space,5.3213,,,,,,,,,,,,,,,,,,,,,,,,,,,,,,,,,,,,,,,,,,,,,,,,,,,,,,,,,,
,,,,,,,,,,,,,,,,058915,001,2025-04-07_10h27.20.506,SLSI3,2022.2.5,MacIntel,60.24096386,,,,,,,,,,,,,,,,,,,,,,,,,,,,,,,,,,,,,,,,,,,,,,,,,,,,,,,,,,,,,,,,,,,,,,,,,,,,,,,,,,,,,,,,,,,,,,,,,,3,5.4778,,0,0,0,13,1,"In general, my actions have a positive effect on other people.",,,,,,,,,,,,,,,,,,,,,,,,,,,,,,,,,,,,,,,,,,,,,,,,,
,,,,,,,,,,,,,,,,058915,001,2025-04-07_10h27.20.506,SLSI3,2022.2.5,MacIntel,60.24096386,,,,,,,,,,,,,,,,,,,,,,,,,,,,,,,,,,,,,,,,,,,,,,,,,,,,,,,,,,,,,,,,,,,,,,,,,,,,,,,,,,,,,,,,,,,,,,,,,,3,5.4536,,0,1,1,5,1,I have made and created things that have had an impact on other people.,,,,,,,,,,,,,,,,,,,,,,,,,,,,,,,,,,,,,,,,,,,,,,,,,
,,,,,,,,,,,,,,,,058915,001,2025-04-07_10h27.20.506,SLSI3,2022.2.5,MacIntel,60.24096386,,,,,,,,,,,,,,,,,,,,,,,,,,,,,,,,,,,,,,,,,,,,,,,,,,,,,,,,,,,,,,,,,,,,,,,,,,,,,,,,,,,,,,,,,,,,,,,,,,2,2.3695,,0,2,2,4,1,I volunteer to work for a charity.,,,,,,,,,,,,,,,,,,,,,,,,,,,,,,,,,,,,,,,,,,,,,,,,,
,,,,,,,,,,,,,,,,058915,001,2025-04-07_10h27.20.506,SLSI3,2022.2.5,MacIntel,60.24096386,,,,,,,,,,,,,,,,,,,,,,,,,,,,,,,,,,,,,,,,,,,,,,,,,,,,,,,,,,,,,,,,,,,,,,,,,,,,,,,,,,,,,,,,,,,,,,,,,,3,4.5168,,0,3,3,8,1,I believe that society should be responsible for providing food and shelter for all homeless people.,,,,,,,,,,,,,,,,,,,,,,,,,,,,,,,,,,,,,,,,,,,,,,,,,
,,,,,,,,,,,,,,,,058915,001,2025-04-07_10h27.20.506,SLSI3,2022.2.5,MacIntel,60.24096386,,,,,,,,,,,,,,,,,,,,,,,,,,,,,,,,,,,,,,,,,,,,,,,,,,,,,,,,,,,,,,,,,,,,,,,,,,,,,,,,,,,,,,,,,,,,,,,,,,3,2.4698,,0,4,4,18,1,People come to me for advice.,,,,,,,,,,,,,,,,,,,,,,,,,,,,,,,,,,,,,,,,,,,,,,,,,
,,,,,,,,,,,,,,,,058915,001,2025-04-07_10h27.20.506,SLSI3,2022.2.5,MacIntel,60.24096386,,,,,,,,,,,,,,,,,,,,,,,,,,,,,,,,,,,,,,,,,,,,,,,,,,,,,,,,,,,,,,,,,,,,,,,,,,,,,,,,,,,,,,,,,,,,,,,,,,2,4.6841,,0,5,5,10,1,"If I were unable to have children of my own, I would like to adopt children.",,,,,,,,,,,,,,,,,,,,,,,,,,,,,,,,,,,,,,,,,,,,,,,,,
,,,,,,,,,,,,,,,,058915,001,2025-04-07_10h27.20.506,SLSI3,2022.2.5,MacIntel,60.24096386,,,,,,,,,,,,,,,,,,,,,,,,,,,,,,,,,,,,,,,,,,,,,,,,,,,,,,,,,,,,,,,,,,,,,,,,,,,,,,,,,,,,,,,,,,,,,,,,,,2,8.0015,,0,6,6,9,1,Others would say that I have made unique contributions to society.,,,,,,,,,,,,,,,,,,,,,,,,,,,,,,,,,,,,,,,,,,,,,,,,,
,,,,,,,,,,,,,,,,058915,001,2025-04-07_10h27.20.506,SLSI3,2022.2.5,MacIntel,60.24096386,,,,,,,,,,,,,,,,,,,,,,,,,,,,,,,,,,,,,,,,,,,,,,,,,,,,,,,,,,,,,,,,,,,,,,,,,,,,,,,,,,,,,,,,,,,,,,,,,,2,7.4849,,0,7,7,12,1,I feel that things I have done in my life will survive after I die.,,,,,,,,,,,,,,,,,,,,,,,,,,,,,,,,,,,,,,,,,,,,,,,,,
,,,,,,,,,,,,,,,,058915,001,2025-04-07_10h27.20.506,SLSI3,2022.2.5,MacIntel,60.24096386,,,,,,,,,,,,,,,,,,,,,,,,,,,,,,,,,,,,,,,,,,,,,,,,,,,,,,,,,,,,,,,,,,,,,,,,,,,,,,,,,,,,,,,,,,,,,,,,,,2,3.1675,,0,8,8,14,1,I feel as though I have done a lot to contribute to others.,,,,,,,,,,,,,,,,,,,,,,,,,,,,,,,,,,,,,,,,,,,,,,,,,
,,,,,,,,,,,,,,,,058915,001,2025-04-07_10h27.20.506,SLSI3,2022.2.5,MacIntel,60.24096386,,,,,,,,,,,,,,,,,,,,,,,,,,,,,,,,,,,,,,,,,,,,,,,,,,,,,,,,,,,,,,,,,,,,,,,,,,,,,,,,,,,,,,,,,,,,,,,,,,2,3.0668,,0,9,9,3,1,I feel as though I have made a difference to many people.,,,,,,,,,,,,,,,,,,,,,,,,,,,,,,,,,,,,,,,,,,,,,,,,,
,,,,,,,,,,,,,,,,058915,001,2025-04-07_10h27.20.506,SLSI3,2022.2.5,MacIntel,60.24096386,,,,,,,,,,,,,,,,,,,,,,,,,,,,,,,,,,,,,,,,,,,,,,,,,,,,,,,,,,,,,,,,,,,,,,,,,,,,,,,,,,,,,,,,,,,,,,,,,,3,3.0008,,0,10,10,0,1,Try to pass along the knowledge I have gained through my experiences.,,,,,,,,,,,,,,,,,,,,,,,,,,,,,,,,,,,,,,,,,,,,,,,,,
,,,,,,,,,,,,,,,,058915,001,2025-04-07_10h27.20.506,SLSI3,2022.2.5,MacIntel,60.24096386,,,,,,,,,,,,,,,,,,,,,,,,,,,,,,,,,,,,,,,,,,,,,,,,,,,,,,,,,,,,,,,,,,,,,,,,,,,,,,,,,,,,,,,,,,,,,,,,,,2,2.0711,,0,11,11,19,1,I feel as though my contributions will exist after I die.,,,,,,,,,,,,,,,,,,,,,,,,,,,,,,,,,,,,,,,,,,,,,,,,,
,,,,,,,,,,,,,,,,058915,001,2025-04-07_10h27.20.506,SLSI3,2022.2.5,MacIntel,60.24096386,,,,,,,,,,,,,,,,,,,,,,,,,,,,,,,,,,,,,,,,,,,,,,,,,,,,,,,,,,,,,,,,,,,,,,,,,,,,,,,,,,,,,,,,,,,,,,,,,,3,2.2005,,0,12,12,15,1,"I have made many commitments to many different kinds of people, groups, and activities in my life.",,,,,,,,,,,,,,,,,,,,,,,,,,,,,,,,,,,,,,,,,,,,,,,,,
,,,,,,,,,,,,,,,,058915,001,2025-04-07_10h27.20.506,SLSI3,2022.2.5,MacIntel,60.24096386,,,,,,,,,,,,,,,,,,,,,,,,,,,,,,,,,,,,,,,,,,,,,,,,,,,,,,,,,,,,,,,,,,,,,,,,,,,,,,,,,,,,,,,,,,,,,,,,,,3,2.3538,,0,13,13,16,1,Other people say that I am a very productive person.,,,,,,,,,,,,,,,,,,,,,,,,,,,,,,,,,,,,,,,,,,,,,,,,,
,,,,,,,,,,,,,,,,058915,001,2025-04-07_10h27.20.506,SLSI3,2022.2.5,MacIntel,60.24096386,,,,,,,,,,,,,,,,,,,,,,,,,,,,,,,,,,,,,,,,,,,,,,,,,,,,,,,,,,,,,,,,,,,,,,,,,,,,,,,,,,,,,,,,,,,,,,,,,,3,4.6836,,0,14,14,17,1,I have a responsibility to improve the neighborhood in which I live.,,,,,,,,,,,,,,,,,,,,,,,,,,,,,,,,,,,,,,,,,,,,,,,,,
,,,,,,,,,,,,,,,,058915,001,2025-04-07_10h27.20.506,SLSI3,2022.2.5,MacIntel,60.24096386,,,,,,,,,,,,,,,,,,,,,,,,,,,,,,,,,,,,,,,,,,,,,,,,,,,,,,,,,,,,,,,,,,,,,,,,,,,,,,,,,,,,,,,,,,,,,,,,,,3,3.2332,,0,15,15,6,1,I try to be creative in most things that I do.,,,,,,,,,,,,,,,,,,,,,,,,,,,,,,,,,,,,,,,,,,,,,,,,,
,,,,,,,,,,,,,,,,058915,001,2025-04-07_10h27.20.506,SLSI3,2022.2.5,MacIntel,60.24096386,,,,,,,,,,,,,,,,,,,,,,,,,,,,,,,,,,,,,,,,,,,,,,,,,,,,,,,,,,,,,,,,,,,,,,,,,,,,,,,,,,,,,,,,,,,,,,,,,,2,1.5522,,0,16,16,1,1,I feel that other people need me.,,,,,,,,,,,,,,,,,,,,,,,,,,,,,,,,,,,,,,,,,,,,,,,,,
,,,,,,,,,,,,,,,,058915,001,2025-04-07_10h27.20.506,SLSI3,2022.2.5,MacIntel,60.24096386,,,,,,,,,,,,,,,,,,,,,,,,,,,,,,,,,,,,,,,,,,,,,,,,,,,,,,,,,,,,,,,,,,,,,,,,,,,,,,,,,,,,,,,,,,,,,,,,,,2,2.568,,0,17,17,11,1,I have important skills that I try to teach others.,,,,,,,,,,,,,,,,,,,,,,,,,,,,,,,,,,,,,,,,,,,,,,,,,
,,,,,,,,,,,,,,,,058915,001,2025-04-07_10h27.20.506,SLSI3,2022.2.5,MacIntel,60.24096386,,,,,,,,,,,,,,,,,,,,,,,,,,,,,,,,,,,,,,,,,,,,,,,,,,,,,,,,,,,,,,,,,,,,,,,,,,,,,,,,,,,,,,,,,,,,,,,,,,2,3.1668,,0,18,18,2,1,I think I would like the work of a teacher.,,,,,,,,,,,,,,,,,,,,,,,,,,,,,,,,,,,,,,,,,,,,,,,,,
,,,,,,,,,,,,,,,,058915,001,2025-04-07_10h27.20.506,SLSI3,2022.2.5,MacIntel,60.24096386,,,,,,,,,,,,,,,,,,,,,,,,,,,,,,,,,,,,,,,,,,,,,,,,,,,,,,,,,,,,,,,,,,,,,,,,,,,,,,,,,,,,,,,,,,,,,,,,,,2,3.0462,,0,19,19,7,1,I think that I will be remembered for a long time after I die.,,,,,,,,,,,,,,,,,,,,,,,,,,,,,,,,,,,,,,,,,,,,,,,,,
,,,,,,,,,,,,,,,,058915,001,2025-04-07_10h27.20.506,SLSI3,2022.2.5,MacIntel,60.24096386,,,,,,,,,,,,,,,,,,,,,,,,,,,,,,,,,,,,,,,,,,,,,,,,,,,,,,,,,,,,,,,,,,,,,,,,,,,,,,,,,,,,,,,,,,,,,,,,,,,,,,,,,,,space,3.7213,,,,,,,,,,,,,,,,,,,,,,,,,,,,,,,,,,,,,,,,,,,,,,,
,,,,,,,,,,,,,,,,058915,001,2025-04-07_10h27.20.506,SLSI3,2022.2.5,MacIntel,60.24096386,,,,,,,,,,,,,,,,,,,,,,,,,,,,,,,,,,,,,,,,,,,,,,,,,,,,,,,,,,,,,,,,,,,,,,,,,,,,,,,,,,,,,,,,,,,,,,,,,,,,,,,,,,I am an outgoing person,,,2,1.3668,,0,0,0,8,1,,,,,,,,,,,,,,,,,,,,,,,,,,,,,,,,,,,,,,,
,,,,,,,,,,,,,,,,058915,001,2025-04-07_10h27.20.506,SLSI3,2022.2.5,MacIntel,60.24096386,,,,,,,,,,,,,,,,,,,,,,,,,,,,,,,,,,,,,,,,,,,,,,,,,,,,,,,,,,,,,,,,,,,,,,,,,,,,,,,,,,,,,,,,,,,,,,,,,,,,,,,,,,I feel in tune with the people around me,,,1,2.0273,,0,1,1,0,1,,,,,,,,,,,,,,,,,,,,,,,,,,,,,,,,,,,,,,,
,,,,,,,,,,,,,,,,058915,001,2025-04-07_10h27.20.506,SLSI3,2022.2.5,MacIntel,60.24096386,,,,,,,,,,,,,,,,,,,,,,,,,,,,,,,,,,,,,,,,,,,,,,,,,,,,,,,,,,,,,,,,,,,,,,,,,,,,,,,,,,,,,,,,,,,,,,,,,,,,,,,,,,There is no one I can turn to,,,4,2.611,,0,2,2,2,1,,,,,,,,,,,,,,,,,,,,,,,,,,,,,,,,,,,,,,,
,,,,,,,,,,,,,,,,058915,001,2025-04-07_10h27.20.506,SLSI3,2022.2.5,MacIntel,60.24096386,,,,,,,,,,,,,,,,,,,,,,,,,,,,,,,,,,,,,,,,,,,,,,,,,,,,,,,,,,,,,,,,,,,,,,,,,,,,,,,,,,,,,,,,,,,,,,,,,,,,,,,,,,I feel isolated from others,,,4,0.8998,,0,3,3,13,1,,,,,,,,,,,,,,,,,,,,,,,,,,,,,,,,,,,,,,,
,,,,,,,,,,,,,,,,058915,001,2025-04-07_10h27.20.506,SLSI3,2022.2.5,MacIntel,60.24096386,,,,,,,,,,,,,,,,,,,,,,,,,,,,,,,,,,,,,,,,,,,,,,,,,,,,,,,,,,,,,,,,,,,,,,,,,,,,,,,,,,,,,,,,,,,,,,,,,,,,,,,,,,There are people who really understand me,,,2,2.3827,,0,4,4,15,1,,,,,,,,,,,,,,,,,,,,,,,,,,,,,,,,,,,,,,,
,,,,,,,,,,,,,,,,058915,001,2025-04-07_10h27.20.506,SLSI3,2022.2.5,MacIntel,60.24096386,,,,,,,,,,,,,,,,,,,,,,,,,,,,,,,,,,,,,,,,,,,,,,,,,,,,,,,,,,,,,,,,,,,,,,,,,,,,,,,,,,,,,,,,,,,,,,,,,,,,,,,,,,I feel part of a group of friends,,,2,2.1204,,0,5,5,4,1,,,,,,,,,,,,,,,,,,,,,,,,,,,,,,,,,,,,,,,
,,,,,,,,,,,,,,,,058915,001,2025-04-07_10h27.20.506,SLSI3,2022.2.5,MacIntel,60.24096386,,,,,,,,,,,,,,,,,,,,,,,,,,,,,,,,,,,,,,,,,,,,,,,,,,,,,,,,,,,,,,,,,,,,,,,,,,,,,,,,,,,,,,,,,,,,,,,,,,,,,,,,,,I do not feel alone,,,1,2.7545,,0,6,6,3,1,,,,,,,,,,,,,,,,,,,,,,,,,,,,,,,,,,,,,,,
,,,,,,,,,,,,,,,,058915,001,2025-04-07_10h27.20.506,SLSI3,2022.2.5,MacIntel,60.24096386,,,,,,,,,,,,,,,,,,,,,,,,,,,,,,,,,,,,,,,,,,,,,,,,,,,,,,,,,,,,,,,,,,,,,,,,,,,,,,,,,,,,,,,,,,,,,,,,,,,,,,,,,,I am no longer close to anyone,,,4,2.3167,,0,7,7,6,1,,,,,,,,,,,,,,,,,,,,,,,,,,,,,,,,,,,,,,,
,,,,,,,,,,,,,,,,058915,001,2025-04-07_10h27.20.506,SLSI3,2022.2.5,MacIntel,60.24096386,,,,,,,,,,,,,,,,,,,,,,,,,,,,,,,,,,,,,,,,,,,,,,,,,,,,,,,,,,,,,,,,,,,,,,,,,,,,,,,,,,,,,,,,,,,,,,,,,,,,,,,,,,There are people I can talk to,,,2,3.2507,,0,8,8,18,1,,,,,,,,,,,,,,,,,,,,,,,,,,,,,,,,,,,,,,,
,,,,,,,,,,,,,,,,058915,001,2025-04-07_10h27.20.506,SLSI3,2022.2.5,MacIntel,60.24096386,,,,,,,,,,,,,,,,,,,,,,,,,,,,,,,,,,,,,,,,,,,,,,,,,,,,,,,,,,,,,,,,,,,,,,,,,,,,,,,,,,,,,,,,,,,,,,,,,,,,,,,,,,I can find companionship when I want it,,,1,2.034,,0,9,9,14,1,,,,,,,,,,,,,,,,,,,,,,,,,,,,,,,,,,,,,,,
,,,,,,,,,,,,,,,,058915,001,2025-04-07_10h27.20.506,SLSI3,2022.2.5,MacIntel,60.24096386,,,,,,,,,,,,,,,,,,,,,,,,,,,,,,,,,,,,,,,,,,,,,,,,,,,,,,,,,,,,,,,,,,,,,,,,,,,,,,,,,,,,,,,,,,,,,,,,,,,,,,,,,,No one really knows me well,,,4,3.3457,,0,10,10,12,1,,,,,,,,,,,,,,,,,,,,,,,,,,,,,,,,,,,,,,,
,,,,,,,,,,,,,,,,058915,001,2025-04-07_10h27.20.506,SLSI3,2022.2.5,MacIntel,60.24096386,,,,,,,,,,,,,,,,,,,,,,,,,,,,,,,,,,,,,,,,,,,,,,,,,,,,,,,,,,,,,,,,,,,,,,,,,,,,,,,,,,,,,,,,,,,,,,,,,,,,,,,,,,My interests and ideas are not shared by those around me,,,4,1.8974,,0,11,11,7,1,,,,,,,,,,,,,,,,,,,,,,,,,,,,,,,,,,,,,,,
,,,,,,,,,,,,,,,,058915,001,2025-04-07_10h27.20.506,SLSI3,2022.2.5,MacIntel,60.24096386,,,,,,,,,,,,,,,,,,,,,,,,,,,,,,,,,,,,,,,,,,,,,,,,,,,,,,,,,,,,,,,,,,,,,,,,,,,,,,,,,,,,,,,,,,,,,,,,,,,,,,,,,,My social relationships are superficial,,,3,1.8194,,0,12,12,11,1,,,,,,,,,,,,,,,,,,,,,,,,,,,,,,,,,,,,,,,
,,,,,,,,,,,,,,,,058915,001,2025-04-07_10h27.20.506,SLSI3,2022.2.5,MacIntel,60.24096386,,,,,,,,,,,,,,,,,,,,,,,,,,,,,,,,,,,,,,,,,,,,,,,,,,,,,,,,,,,,,,,,,,,,,,,,,,,,,,,,,,,,,,,,,,,,,,,,,,,,,,,,,,There are people I feel close to,,,2,2.2026,,0,13,13,9,1,,,,,,,,,,,,,,,,,,,,,,,,,,,,,,,,,,,,,,,
,,,,,,,,,,,,,,,,058915,001,2025-04-07_10h27.20.506,SLSI3,2022.2.5,MacIntel,60.24096386,,,,,,,,,,,,,,,,,,,,,,,,,,,,,,,,,,,,,,,,,,,,,,,,,,,,,,,,,,,,,,,,,,,,,,,,,,,,,,,,,,,,,,,,,,,,,,,,,,,,,,,,,,I have a lot in common with the people around me,,,2,2.955,,0,14,14,5,1,,,,,,,,,,,,,,,,,,,,,,,,,,,,,,,,,,,,,,,
,,,,,,,,,,,,,,,,058915,001,2025-04-07_10h27.20.506,SLSI3,2022.2.5,MacIntel,60.24096386,,,,,,,,,,,,,,,,,,,,,,,,,,,,,,,,,,,,,,,,,,,,,,,,,,,,,,,,,,,,,,,,,,,,,,,,,,,,,,,,,,,,,,,,,,,,,,,,,,,,,,,,,,I am unhappy being so withdrawn ,,,3,2.3344,,0,15,15,16,1,,,,,,,,,,,,,,,,,,,,,,,,,,,,,,,,,,,,,,,
,,,,,,,,,,,,,,,,058915,001,2025-04-07_10h27.20.506,SLSI3,2022.2.5,MacIntel,60.24096386,,,,,,,,,,,,,,,,,,,,,,,,,,,,,,,,,,,,,,,,,,,,,,,,,,,,,,,,,,,,,,,,,,,,,,,,,,,,,,,,,,,,,,,,,,,,,,,,,,,,,,,,,,I feel left out,,,4,1.1849,,0,16,16,10,1,,,,,,,,,,,,,,,,,,,,,,,,,,,,,,,,,,,,,,,
,,,,,,,,,,,,,,,,058915,001,2025-04-07_10h27.20.506,SLSI3,2022.2.5,MacIntel,60.24096386,,,,,,,,,,,,,,,,,,,,,,,,,,,,,,,,,,,,,,,,,,,,,,,,,,,,,,,,,,,,,,,,,,,,,,,,,,,,,,,,,,,,,,,,,,,,,,,,,,,,,,,,,,People are around me but not with me,,,4,2.8849,,0,17,17,17,1,,,,,,,,,,,,,,,,,,,,,,,,,,,,,,,,,,,,,,,
,,,,,,,,,,,,,,,,058915,001,2025-04-07_10h27.20.506,SLSI3,2022.2.5,MacIntel,60.24096386,,,,,,,,,,,,,,,,,,,,,,,,,,,,,,,,,,,,,,,,,,,,,,,,,,,,,,,,,,,,,,,,,,,,,,,,,,,,,,,,,,,,,,,,,,,,,,,,,,,,,,,,,,There are people I can turn to,,,2,1.6552,,0,18,18,19,1,,,,,,,,,,,,,,,,,,,,,,,,,,,,,,,,,,,,,,,
,,,,,,,,,,,,,,,,058915,001,2025-04-07_10h27.20.506,SLSI3,2022.2.5,MacIntel,60.24096386,,,,,,,,,,,,,,,,,,,,,,,,,,,,,,,,,,,,,,,,,,,,,,,,,,,,,,,,,,,,,,,,,,,,,,,,,,,,,,,,,,,,,,,,,,,,,,,,,,,,,,,,,,I lack companionship,,,4,2.7501,,0,19,19,1,1,,,,,,,,,,,,,,,,,,,,,,,,,,,,,,,,,,,,,,,
,,,,,,,,,,,,,,,,058915,001,2025-04-07_10h27.20.506,SLSI3,2022.2.5,MacIntel,60.24096386,,,,,,,,,,,,,,,,,,,,,,,,,,,,,,,,,,,,,,,,,,,,,,,,,,,,,,,,,,,,,,,,,,,,,,,,,,,,,,,,,,,,,,,,,,,,,,,,,,,,,,,,,,,,,,,,,,,,,space,2.8495,,,,,,,,,,,,,,,,,,,,,,,,,,,,,,,,,,,,,
,,,,,,,,,,,,,,,,058915,001,2025-04-07_10h27.20.506,SLSI3,2022.2.5,MacIntel,60.24096386,,,,,,,,,,,,,,,,,,,,,,,,,,,,,,,,,,,,,,,,,,,,,,,,,,,,,,,,,,,,,,,,,,,,,,,,,,,,,,,,,,,,,,,,,,,,,,,,,,,,,,,,,,,,,,,,,,,,,,,1,6.9248,"More often than not, I find my thoughts returning to concerns that I have Alzheimer’s disease or a related dementia.",0,0,0,4,1,"More often than not, I find my thoughts returning to concerns that I have Alzheimer’s disease or a related dementia.",,,,,,,,,,,,,,,,,,,,,,,,,,,,
,,,,,,,,,,,,,,,,058915,001,2025-04-07_10h27.20.506,SLSI3,2022.2.5,MacIntel,60.24096386,,,,,,,,,,,,,,,,,,,,,,,,,,,,,,,,,,,,,,,,,,,,,,,,,,,,,,,,,,,,,,,,,,,,,,,,,,,,,,,,,,,,,,,,,,,,,,,,,,,,,,,,,,,,,,,,,,,,,,,1,5.3129,"	When I hear about someone having Alzheimer’s disease or a related dementia, I start to worry about having it myself.",0,1,1,5,1,"	When I hear about someone having Alzheimer’s disease or a related dementia, I start to worry about having it myself.",,,,,,,,,,,,,,,,,,,,,,,,,,,,
,,,,,,,,,,,,,,,,058915,001,2025-04-07_10h27.20.506,SLSI3,2022.2.5,MacIntel,60.24096386,,,,,,,,,,,,,,,,,,,,,,,,,,,,,,,,,,,,,,,,,,,,,,,,,,,,,,,,,,,,,,,,,,,,,,,,,,,,,,,,,,,,,,,,,,,,,,,,,,,,,,,,,,,,,,,,,,,,,,,1,5.8794,"Once I start worrying about Alzheimer’s disease and related dementias, I just cannot stop.",0,2,2,8,1,"Once I start worrying about Alzheimer’s disease and related dementias, I just cannot stop.",,,,,,,,,,,,,,,,,,,,,,,,,,,,
,,,,,,,,,,,,,,,,058915,001,2025-04-07_10h27.20.506,SLSI3,2022.2.5,MacIntel,60.24096386,,,,,,,,,,,,,,,,,,,,,,,,,,,,,,,,,,,,,,,,,,,,,,,,,,,,,,,,,,,,,,,,,,,,,,,,,,,,,,,,,,,,,,,,,,,,,,,,,,,,,,,,,,,,,,,,,,,,,,,2,4.7284,"When I am not distracted, I find my thoughts focusing on my own cognitive changes and concerns.",0,3,3,6,1,"When I am not distracted, I find my thoughts focusing on my own cognitive changes and concerns.",,,,,,,,,,,,,,,,,,,,,,,,,,,,
,,,,,,,,,,,,,,,,058915,001,2025-04-07_10h27.20.506,SLSI3,2022.2.5,MacIntel,60.24096386,,,,,,,,,,,,,,,,,,,,,,,,,,,,,,,,,,,,,,,,,,,,,,,,,,,,,,,,,,,,,,,,,,,,,,,,,,,,,,,,,,,,,,,,,,,,,,,,,,,,,,,,,,,,,,,,,,,,,,,1,4.2481,"When I can’t remember something, I find myself wondering whether I have Alzheimer’s disease or a related dementia.",0,4,4,2,1,"When I can’t remember something, I find myself wondering whether I have Alzheimer’s disease or a related dementia.",,,,,,,,,,,,,,,,,,,,,,,,,,,,
,,,,,,,,,,,,,,,,058915,001,2025-04-07_10h27.20.506,SLSI3,2022.2.5,MacIntel,60.24096386,,,,,,,,,,,,,,,,,,,,,,,,,,,,,,,,,,,,,,,,,,,,,,,,,,,,,,,,,,,,,,,,,,,,,,,,,,,,,,,,,,,,,,,,,,,,,,,,,,,,,,,,,,,,,,,,,,,,,,,1,3.0806,My worries about Alzheimer’s disease and related dementias overwhelm me.,0,5,5,3,1,My worries about Alzheimer’s disease and related dementias overwhelm me.,,,,,,,,,,,,,,,,,,,,,,,,,,,,
,,,,,,,,,,,,,,,,058915,001,2025-04-07_10h27.20.506,SLSI3,2022.2.5,MacIntel,60.24096386,,,,,,,,,,,,,,,,,,,,,,,,,,,,,,,,,,,,,,,,,,,,,,,,,,,,,,,,,,,,,,,,,,,,,,,,,,,,,,,,,,,,,,,,,,,,,,,,,,,,,,,,,,,,,,,,,,,,,,,1,2.5458,"When I forget a word that I want to say, my thoughts immediately turn to Alzheimer’s disease and related dementias.",0,6,6,10,1,"When I forget a word that I want to say, my thoughts immediately turn to Alzheimer’s disease and related dementias.",,,,,,,,,,,,,,,,,,,,,,,,,,,,
,,,,,,,,,,,,,,,,058915,001,2025-04-07_10h27.20.506,SLSI3,2022.2.5,MacIntel,60.24096386,,,,,,,,,,,,,,,,,,,,,,,,,,,,,,,,,,,,,,,,,,,,,,,,,,,,,,,,,,,,,,,,,,,,,,,,,,,,,,,,,,,,,,,,,,,,,,,,,,,,,,,,,,,,,,,,,,,,,,,1,2.68,"Sometimes when trying to go to sleep, I find my thoughts drift to my concerns about having Alzheimer’s disease or a related dementia.",0,7,7,9,1,"Sometimes when trying to go to sleep, I find my thoughts drift to my concerns about having Alzheimer’s disease or a related dementia.",,,,,,,,,,,,,,,,,,,,,,,,,,,,
,,,,,,,,,,,,,,,,058915,001,2025-04-07_10h27.20.506,SLSI3,2022.2.5,MacIntel,60.24096386,,,,,,,,,,,,,,,,,,,,,,,,,,,,,,,,,,,,,,,,,,,,,,,,,,,,,,,,,,,,,,,,,,,,,,,,,,,,,,,,,,,,,,,,,,,,,,,,,,,,,,,,,,,,,,,,,,,,,,,1,2.996,"I know I shouldn’t worry about developing Alzheimer’s disease and related dementias, but I just cannot help it.",0,8,8,0,1,"I know I shouldn’t worry about developing Alzheimer’s disease and related dementias, but I just cannot help it.",,,,,,,,,,,,,,,,,,,,,,,,,,,,
,,,,,,,,,,,,,,,,058915,001,2025-04-07_10h27.20.506,SLSI3,2022.2.5,MacIntel,60.24096386,,,,,,,,,,,,,,,,,,,,,,,,,,,,,,,,,,,,,,,,,,,,,,,,,,,,,,,,,,,,,,,,,,,,,,,,,,,,,,,,,,,,,,,,,,,,,,,,,,,,,,,,,,,,,,,,,,,,,,,1,2.9288,"Even though I know it doesn’t help to focus on it, I can’t help thinking about whether or not I have Alzheimer’s disease or a related dementia.",0,9,9,7,1,"Even though I know it doesn’t help to focus on it, I can’t help thinking about whether or not I have Alzheimer’s disease or a related dementia.",,,,,,,,,,,,,,,,,,,,,,,,,,,,
,,,,,,,,,,,,,,,,058915,001,2025-04-07_10h27.20.506,SLSI3,2022.2.5,MacIntel,60.24096386,,,,,,,,,,,,,,,,,,,,,,,,,,,,,,,,,,,,,,,,,,,,,,,,,,,,,,,,,,,,,,,,,,,,,,,,,,,,,,,,,,,,,,,,,,,,,,,,,,,,,,,,,,,,,,,,,,,,,,,1,3.7298,I think I probably worry more about Alzheimer’s disease and related dementias than other people my same age.,0,10,10,11,1,I think I probably worry more about Alzheimer’s disease and related dementias than other people my same age.,,,,,,,,,,,,,,,,,,,,,,,,,,,,
,,,,,,,,,,,,,,,,058915,001,2025-04-07_10h27.20.506,SLSI3,2022.2.5,MacIntel,60.24096386,,,,,,,,,,,,,,,,,,,,,,,,,,,,,,,,,,,,,,,,,,,,,,,,,,,,,,,,,,,,,,,,,,,,,,,,,,,,,,,,,,,,,,,,,,,,,,,,,,,,,,,,,,,,,,,,,,,,,,,1,3.4289,I find it difficult to control my worries about developing Alzheimer’s disease and related dementias.,0,11,11,1,1,I find it difficult to control my worries about developing Alzheimer’s disease and related dementias.,,,,,,,,,,,,,,,,,,,,,,,,,,,,
,,,,,,,,,,,,,,,,058915,001,2025-04-07_10h27.20.506,SLSI3,2022.2.5,MacIntel,60.24096386,,,,,,,,,,,,,,,,,,,,,,,,,,,,,,,,,,,,,,,,,,,,,,,,,,,,,,,,,,,,,,,,,,,,,,,,,,,,,,,,,,,,,,,,,,,,,,,,,,,,,,,,,,,,,,,,,,,,,,,,,,,,,,,,space,2.144,,,,,,,,,,,,,,,,,,,,,,,,,,
,,,,,,,,,,,,,,,,058915,001,2025-04-07_10h27.20.506,SLSI3,2022.2.5,MacIntel,60.24096386,,,,,,,,,,,,,,,,,,,,,,,,,,,,,,,,,,,,,,,,,,,,,,,,,,,,,,,,,,,,,,,,,,,,,,,,,,,,,,,,,,,,,,,,,,,,,,,,,,,,,,,,,,,,,,,,,,,,,,,,,,,,,,,,,,4,4.0731,"If something sounds too good to be true, it usually is",0,0,0,2,1,"If something sounds too good to be true, it usually is",,,,,,,,,,,,,,,,,
,,,,,,,,,,,,,,,,058915,001,2025-04-07_10h27.20.506,SLSI3,2022.2.5,MacIntel,60.24096386,,,,,,,,,,,,,,,,,,,,,,,,,,,,,,,,,,,,,,,,,,,,,,,,,,,,,,,,,,,,,,,,,,,,,,,,,,,,,,,,,,,,,,,,,,,,,,,,,,,,,,,,,,,,,,,,,,,,,,,,,,,,,,,,,,3,4.2611,"I answer the phone whenever it rings, even if I do not know who is calling",0,1,1,0,1,"I answer the phone whenever it rings, even if I do not know who is calling",,,,,,,,,,,,,,,,,
,,,,,,,,,,,,,,,,058915,001,2025-04-07_10h27.20.506,SLSI3,2022.2.5,MacIntel,60.24096386,,,,,,,,,,,,,,,,,,,,,,,,,,,,,,,,,,,,,,,,,,,,,,,,,,,,,,,,,,,,,,,,,,,,,,,,,,,,,,,,,,,,,,,,,,,,,,,,,,,,,,,,,,,,,,,,,,,,,,,,,,,,,,,,,,2,3.1456,"If a telemarketer calls me, I usually listen to what they have to say",0,2,2,4,1,"If a telemarketer calls me, I usually listen to what they have to say",,,,,,,,,,,,,,,,,
,,,,,,,,,,,,,,,,058915,001,2025-04-07_10h27.20.506,SLSI3,2022.2.5,MacIntel,60.24096386,,,,,,,,,,,,,,,,,,,,,,,,,,,,,,,,,,,,,,,,,,,,,,,,,,,,,,,,,,,,,,,,,,,,,,,,,,,,,,,,,,,,,,,,,,,,,,,,,,,,,,,,,,,,,,,,,,,,,,,,,,,,,,,,,,5,4.1954,Persons over the age of 65 are often targeted by con-artists,0,3,3,3,1,Persons over the age of 65 are often targeted by con-artists,,,,,,,,,,,,,,,,,
,,,,,,,,,,,,,,,,058915,001,2025-04-07_10h27.20.506,SLSI3,2022.2.5,MacIntel,60.24096386,,,,,,,,,,,,,,,,,,,,,,,,,,,,,,,,,,,,,,,,,,,,,,,,,,,,,,,,,,,,,,,,,,,,,,,,,,,,,,,,,,,,,,,,,,,,,,,,,,,,,,,,,,,,,,,,,,,,,,,,,,,,,,,,,,2,4.3289,"I have difficulty ending a phone call, even if the caller is a telemarketer, someone I do not know, or someone I do not wish to call me",0,4,4,1,1,"I have difficulty ending a phone call, even if the caller is a telemarketer, someone I do not know, or someone I do not wish to call me",,,,,,,,,,,,,,,,,
,,,,,,,,,,,,,,,,058915,001,2025-04-07_10h27.20.506,SLSI3,2022.2.5,MacIntel,60.24096386,,,,,,,,,,,,,,,,,,,,,,,,,,,,,,,,,,,,,,,,,,,,,,,,,,,,,,,,,,,,,,,,,,,,,,,,,,,,,,,,,,,,,,,,,,,,,,,,,,,,,,,,,,,,,,,,,,,,,,,,,,,,,,,,,,,,,,,,,,,2.941979167,4.1466,,,,,,,,,,,,,,,
,,,,,,,,,,,,,,,,058915,001,2025-04-07_10h27.20.506,SLSI3,2022.2.5,MacIntel,60.24096386,,,,,,,,,,,,,,,,,,,,,,,,,,,,,,,,,,,,,,,,,,,,,,,,,,,,,,,,,,,,,,,,,,,,,,,,,,,,,,,,,,,,,,,,,,,,,,,,,,,,,,,,,,,,,,,,,,,,,,,,,,,,,,,,,,,,,,,,,,,,,,,,,,,,,,,,,,,
,,,,,,,,,,,,,,,,058915,001,2025-04-07_10h27.20.506,SLSI3,2022.2.5,MacIntel,60.24096386,,,,,,,,,,,,,,,,,,,,,,,,,,,,,,,,,,,,,,,,,,,,,,,,,,,,,,,,,,,,,,,,,,,,,,,,,,,,,,,,,,,,,,,,,,,,,,,,,,,,,,,,,,,,,,,,,,,,,,,,,,,,,,,,,,,,,,,,,,,,,"[""male_option""]",,,,,,,,,,,,,,
,,,,,,,,,,,,,,,,058915,001,2025-04-07_10h27.20.506,SLSI3,2022.2.5,MacIntel,60.24096386,,,,,,,,,,,,,,,,,,,,,,,,,,,,,,,,,,,,,,,,,,,,,,,,,,,,,,,,,,,,,,,,,,,,,,,,,,,,,,,,,,,,,,,,,,,,,,,,,,,,,,,,,,,,,,,,,,,,,,,,,,,,,,,,,,,,,,,,,,,,,,,,,,,,,,,,,,,
,,,,,,,,,,,,,,,,058915,001,2025-04-07_10h27.20.506,SLSI3,2022.2.5,MacIntel,60.24096386,,,,,,,,,,,,,,,,,,,,,,,,,,,,,,,,,,,,,,,,,,,,,,,,,,,,,,,,,,,,,,,,,,,,,,,,,,,,,,,,,,,,,,,,,,,,,,,,,,,,,,,,,,,,,,,,,,,,,,,,,,,,,,,,,,,,,,,,,,,,,,18,05/02/2006,,,,,,,,,,,,
,,,,,,,,,,,,,,,,058915,001,2025-04-07_10h27.20.506,SLSI3,2022.2.5,MacIntel,60.24096386,,,,,,,,,,,,,,,,,,,,,,,,,,,,,,,,,,,,,,,,,,,,,,,,,,,,,,,,,,,,,,,,,,,,,,,,,,,,,,,,,,,,,,,,,,,,,,,,,,,,,,,,,,,,,,,,,,,,,,,,,,,,,,,,,,,,,,,,,,,,,,,,,,,,,,,,,,,
,,,,,,,,,,,,,,,,058915,001,2025-04-07_10h27.20.506,SLSI3,2022.2.5,MacIntel,60.24096386,,,,,,,,,,,,,,,,,,,,,,,,,,,,,,,,,,,,,,,,,,,,,,,,,,,,,,,,,,,,,,,,,,,,,,,,,,,,,,,,,,,,,,,,,,,,,,,,,,,,,,,,,,,,,,,,,,,,,,,,,,,,,,,,,,,,,,,,,,,,,,,,"[""EduOpt4""]",,,,,,,,,,,
,,,,,,,,,,,,,,,,058915,001,2025-04-07_10h27.20.506,SLSI3,2022.2.5,MacIntel,60.24096386,,,,,,,,,,,,,,,,,,,,,,,,,,,,,,,,,,,,,,,,,,,,,,,,,,,,,,,,,,,,,,,,,,,,,,,,,,,,,,,,,,,,,,,,,,,,,,,,,,,,,,,,,,,,,,,,,,,,,,,,,,,,,,,,,,,,,,,,,,,,,,,,,,,,,,,,,,,
,,,,,,,,,,,,,,,,058915,001,2025-04-07_10h27.20.506,SLSI3,2022.2.5,MacIntel,60.24096386,,,,,,,,,,,,,,,,,,,,,,,,,,,,,,,,,,,,,,,,,,,,,,,,,,,,,,,,,,,,,,,,,,,,,,,,,,,,,,,,,,,,,,,,,,,,,,,,,,,,,,,,,,,,,,,,,,,,,,,,,,,,,,,,,,,,,,,,,,,,,,,,,"[""EthnOpt5""]",,,,,,,,,,
,,,,,,,,,,,,,,,,058915,001,2025-04-07_10h27.20.506,SLSI3,2022.2.5,MacIntel,60.24096386,,,,,,,,,,,,,,,,,,,,,,,,,,,,,,,,,,,,,,,,,,,,,,,,,,,,,,,,,,,,,,,,,,,,,,,,,,,,,,,,,,,,,,,,,,,,,,,,,,,,,,,,,,,,,,,,,,,,,,,,,,,,,,,,,,,,,,,,,,,,,,,,,,,,,,,,,,,
,,,,,,,,,,,,,,,,058915,001,2025-04-07_10h27.20.506,SLSI3,2022.2.5,MacIntel,60.24096386,,,,,,,,,,,,,,,,,,,,,,,,,,,,,,,,,,,,,,,,,,,,,,,,,,,,,,,,,,,,,,,,,,,,,,,,,,,,,,,,,,,,,,,,,,,,,,,,,,,,,,,,,,,,,,,,,,,,,,,,,,,,,,,,,,,,,,,,,,,,,,,,,,"[""EngFlncyY""]",,,,,,,,,
,,,,,,,,,,,,,,,,058915,001,2025-04-07_10h27.20.506,SLSI3,2022.2.5,MacIntel,60.24096386,,,,,,,,,,,,,,,,,,,,,,,,,,,,,,,,,,,,,,,,,,,,,,,,,,,,,,,,,,,,,,,,,,,,,,,,,,,,,,,,,,,,,,,,,,,,,,,,,,,,,,,,,,,,,,,,,,,,,,,,,,,,,,,,,,,,,,,,,,,,,,,,,,,,,,,,,,,
,,,,,,,,,,,,,,,,058915,001,2025-04-07_10h27.20.506,SLSI3,2022.2.5,MacIntel,60.24096386,,,,,,,,,,,,,,,,,,,,,,,,,,,,,,,,,,,,,,,,,,,,,,,,,,,,,,,,,,,,,,,,,,,,,,,,,,,,,,,,,,,,,,,,,,,,,,,,,,,,,,,,,,,,,,,,,,,,,,,,,,,,,,,,,,,,,,,,,,,,,,,,,,,0,USA,,,,,,,
,,,,,,,,,,,,,,,,058915,001,2025-04-07_10h27.20.506,SLSI3,2022.2.5,MacIntel,60.24096386,,,,,,,,,,,,,,,,,,,,,,,,,,,,,,,,,,,,,,,,,,,,,,,,,,,,,,,,,,,,,,,,,,,,,,,,,,,,,,,,,,,,,,,,,,,,,,,,,,,,,,,,,,,,,,,,,,,,,,,,,,,,,,,,,,,,,,,,,,,,,,,,,,,,,,,,,,,
,,,,,,,,,,,,,,,,058915,001,2025-04-07_10h27.20.506,SLSI3,2022.2.5,MacIntel,60.24096386,,,,,,,,,,,,,,,,,,,,,,,,,,,,,,,,,,,,,,,,,,,,,,,,,,,,,,,,,,,,,,,,,,,,,,,,,,,,,,,,,,,,,,,,,,,,,,,,,,,,,,,,,,,,,,,,,,,,,,,,,,,,,,,,,,,,,,,,,,,,,,,,,,,,,D,,,,,,
,,,,,,,,,,,,,,,,058915,001,2025-04-07_10h27.20.506,SLSI3,2022.2.5,MacIntel,60.24096386,,,,,,,,,,,,,,,,,,,,,,,,,,,,,,,,,,,,,,,,,,,,,,,,,,,,,,,,,,,,,,,,,,,,,,,,,,,,,,,,,,,,,,,,,,,,,,,,,,,,,,,,,,,,,,,,,,,,,,,,,,,,,,,,,,,,,,,,,,,,,,,,,,,,,,,,,,,
,,,,,,,,,,,,,,,,058915,001,2025-04-07_10h27.20.506,SLSI3,2022.2.5,MacIntel,60.24096386,,,,,,,,,,,,,,,,,,,,,,,,,,,,,,,,,,,,,,,,,,,,,,,,,,,,,,,,,,,,,,,,,,,,,,,,,,,,,,,,,,,,,,,,,,,,,,,,,,,,,,,,,,,,,,,,,,,,,,,,,,,,,,,,,,,,,,,,,,,,,,,,,,,,,,No. ,,,,,
,,,,,,,,,,,,,,,,058915,001,2025-04-07_10h27.20.506,SLSI3,2022.2.5,MacIntel,60.24096386,,,,,,,,,,,,,,,,,,,,,,,,,,,,,,,,,,,,,,,,,,,,,,,,,,,,,,,,,,,,,,,,,,,,,,,,,,,,,,,,,,,,,,,,,,,,,,,,,,,,,,,,,,,,,,,,,,,,,,,,,,,,,,,,,,,,,,,,,,,,,,,,,,,,,,,,,,,
,,,,,,,,,,,,,,,,058915,001,2025-04-07_10h27.20.506,SLSI3,2022.2.5,MacIntel,60.24096386,,,,,,,,,,,,,,,,,,,,,,,,,,,,,,,,,,,,,,,,,,,,,,,,,,,,,,,,,,,,,,,,,,,,,,,,,,,,,,,,,,,,,,,,,,,,,,,,,,,,,,,,,,,,,,,,,,,,,,,,,,,,,,,,,,,,,,,,,,,,,,,,,,,,,,,No. ,,,,
,,,,,,,,,,,,,,,,058915,001,2025-04-07_10h27.20.506,SLSI3,2022.2.5,MacIntel,60.24096386,,,,,,,,,,,,,,,,,,,,,,,,,,,,,,,,,,,,,,,,,,,,,,,,,,,,,,,,,,,,,,,,,,,,,,,,,,,,,,,,,,,,,,,,,,,,,,,,,,,,,,,,,,,,,,,,,,,,,,,,,,,,,,,,,,,,,,,,,,,,,,,,,,,,,,,,,,,
,,,,,,,,,,,,,,,,058915,001,2025-04-07_10h27.20.506,SLSI3,2022.2.5,MacIntel,60.24096386,,,,,,,,,,,,,,,,,,,,,,,,,,,,,,,,,,,,,,,,,,,,,,,,,,,,,,,,,,,,,,,,,,,,,,,,,,,,,,,,,,,,,,,,,,,,,,,,,,,,,,,,,,,,,,,,,,,,,,,,,,,,,,,,,,,,,,,,,,,,,,,,,,,,,,,,"[""Q4option1""]",,,
,,,,,,,,,,,,,,,,058915,001,2025-04-07_10h27.20.506,SLSI3,2022.2.5,MacIntel,60.24096386,,,,,,,,,,,,,,,,,,,,,,,,,,,,,,,,,,,,,,,,,,,,,,,,,,,,,,,,,,,,,,,,,,,,,,,,,,,,,,,,,,,,,,,,,,,,,,,,,,,,,,,,,,,,,,,,,,,,,,,,,,,,,,,,,,,,,,,,,,,,,,,,,,,,,,,,,,,
,,,,,,,,,,,,,,,,058915,001,2025-04-07_10h27.20.506,SLSI3,2022.2.5,MacIntel,60.24096386,,,,,,,,,,,,,,,,,,,,,,,,,,,,,,,,,,,,,,,,,,,,,,,,,,,,,,,,,,,,,,,,,,,,,,,,,,,,,,,,,,,,,,,,,,,,,,,,,,,,,,,,,,,,,,,,,,,,,,,,,,,,,,,,,,,,,,,,,,,,,,,,,,,,,,,,,1,[938.7090999999047],[938.7090999999047]
