bruinID.text,button.numClicks,button.timesOn,button.timesOff,mouseLogIn.x,mouseLogIn.y,mouseLogIn.leftButton,mouseLogIn.midButton,mouseLogIn.rightButton,mouseLogIn.time,mouseLogIn.clicked_name,repeat.thisRepN,repeat.thisTrialN,repeat.thisN,repeat.thisIndex,repeat.ran,participant,session,date,expName,psychopyVersion,OS,frameRate,key_resp_6.keys,key_resp_6.rt,key_resp_5.keys,key_resp_5.rt,subjage_slider.response,subjage_slider.rt,confidence_scale.response,confidence_scale.rt,key_resp_7.keys,key_resp_7.rt,button_2.numClicks,button_2.timesOn,button_2.timesOff,email_type,scam_button.numClicks,scam_button.timesOn,scam_button.timesOff,legit_button.numClicks,legit_button.timesOn,legit_button.timesOff,button_selections_1,confidence_scale_email.response,confidence_scale_email.rt,personal_rel_scale.response,personal_rel_scale.rt,curiosity_scale.response,curiosity_scale.rt,email_loop.thisRepN,email_loop.thisTrialN,email_loop.thisN,email_loop.thisIndex,email_loop.ran,emails,type,xsize,ysize,xpos,ypos,key_resp_11.keys,key_resp_11.rt,key_resp_9.keys,key_resp_9.rt,key_resp_10.keys,key_resp_10.rt,textbox.text,next_button.numClicks,next_button.timesOn,next_button.timesOff,key_resp_8.keys,key_resp_8.rt,mouse.x,mouse.y,mouse.leftButton,mouse.midButton,mouse.rightButton,mouse.time,key_resp_12.keys,key_resp_12.rt,button_3.numClicks,button_3.timesOn,button_3.timesOff,mouse_2.x,mouse_2.y,mouse_2.leftButton,mouse_2.midButton,mouse_2.rightButton,mouse_2.time,button_4.numClicks,button_4.timesOn,button_4.timesOff,mouse_3.x,mouse_3.y,mouse_3.leftButton,mouse_3.midButton,mouse_3.rightButton,mouse_3.time,button_5.numClicks,button_5.timesOn,button_5.timesOff,email_loops2.thisRepN,email_loops2.thisTrialN,email_loops2.thisN,email_loops2.thisIndex,email_loops2.ran,key_resp_3.keys,key_resp_3.rt,slider1_2.response,slider1_2.rt,trust_question,loop_GT.thisRepN,loop_GT.thisTrialN,loop_GT.thisN,loop_GT.thisIndex,loop_GT.ran,Phrases,instructionresp_2.keys,instructionresp_2.rt,key_resp_13.keys,key_resp_13.rt,gen_question,loop_G.thisRepN,loop_G.thisTrialN,loop_G.thisN,loop_G.thisIndex,loop_G.ran,Questions,instructionresp.keys,instructionresp.rt,key_resp_2.keys,key_resp_2.rt,lonely_question,loop_LS.thisRepN,loop_LS.thisTrialN,loop_LS.thisN,loop_LS.thisIndex,loop_LS.ran,key_resp_4.keys,key_resp_4.rt,rating.response,rating.rt,dementia_question,loop_dm.thisRepN,loop_dm.thisTrialN,loop_dm.thisN,loop_dm.thisIndex,loop_dm.ran,Items,key_resp.keys,key_resp.rt,slider1.response,slider1.rt,ss_question,loop_SS.thisRepN,loop_SS.thisTrialN,loop_SS.thisN,loop_SS.thisIndex,loop_SS.ran,Statements,slider.response,slider.rt,Gender,textboxAge.text,textboxBirthday.text,Education Level,Ethnicity,English Fluency,textboxAge_2.text,textboxCountry.text,FQ1textbox.text,textboxQuestion2.text,textboxQuestion3.text,FQ4 selection,Finish.numClicks,Finish.timesOn,Finish.timesOff
706510596,1,[20.538600000000002],[20.538600000000002],0.306647678,-0.076157973,1,0,0,19.9074,button,0,0,0,0,1,478554,001,2025-04-01_17h32.45.089,SLSI3,2022.2.5,MacIntel,60.24096386,,,,,,,,,,,,,,,,,,,,,,,,,,,,,,,,,,,,,,,,,,,,,,,,,,,,,,,,,,,,,,,,,,,,,,,,,,,,,,,,,,,,,,,,,,,,,,,,,,,,,,,,,,,,,,,,,,,,,,,,,,,,,,,,,,,,,,,,,,,,,,,,,,,,,,,,,,,
,,,,,,,,,,,,,,,,478554,001,2025-04-01_17h32.45.089,SLSI3,2022.2.5,MacIntel,60.24096386,space,17.821,,,,,,,,,,,,,,,,,,,,,,,,,,,,,,,,,,,,,,,,,,,,,,,,,,,,,,,,,,,,,,,,,,,,,,,,,,,,,,,,,,,,,,,,,,,,,,,,,,,,,,,,,,,,,,,,,,,,,,,,,,,,,,,,,,,,,,,,,,,,,,,,,,,,,,,,,
,,,,,,,,,,,,,,,,478554,001,2025-04-01_17h32.45.089,SLSI3,2022.2.5,MacIntel,60.24096386,,,space,4.7307,,,,,,,,,,,,,,,,,,,,,,,,,,,,,,,,,,,,,,,,,,,,,,,,,,,,,,,,,,,,,,,,,,,,,,,,,,,,,,,,,,,,,,,,,,,,,,,,,,,,,,,,,,,,,,,,,,,,,,,,,,,,,,,,,,,,,,,,,,,,,,,,,,,,,,,
,,,,,,,,,,,,,,,,478554,001,2025-04-01_17h32.45.089,SLSI3,2022.2.5,MacIntel,60.24096386,,,,,46.64706217,20.2556,,,,,,,,,,,,,,,,,,,,,,,,,,,,,,,,,,,,,,,,,,,,,,,,,,,,,,,,,,,,,,,,,,,,,,,,,,,,,,,,,,,,,,,,,,,,,,,,,,,,,,,,,,,,,,,,,,,,,,,,,,,,,,,,,,,,,,,,,,,,,,,,,,,,,
,,,,,,,,,,,,,,,,478554,001,2025-04-01_17h32.45.089,SLSI3,2022.2.5,MacIntel,60.24096386,,,,,,,7.014734565,19.5625,,,,,,,,,,,,,,,,,,,,,,,,,,,,,,,,,,,,,,,,,,,,,,,,,,,,,,,,,,,,,,,,,,,,,,,,,,,,,,,,,,,,,,,,,,,,,,,,,,,,,,,,,,,,,,,,,,,,,,,,,,,,,,,,,,,,,,,,,,,,,,,,,,,
,,,,,,,,,,,,,,,,478554,001,2025-04-01_17h32.45.089,SLSI3,2022.2.5,MacIntel,60.24096386,,,,,,,,,space,20.7539,,,,,,,,,,,,,,,,,,,,,,,,,,,,,,,,,,,,,,,,,,,,,,,,,,,,,,,,,,,,,,,,,,,,,,,,,,,,,,,,,,,,,,,,,,,,,,,,,,,,,,,,,,,,,,,,,,,,,,,,,,,,,,,,,,,,,,,,,,,,,,,,,
,,,,,,,,,,,,,,,,478554,001,2025-04-01_17h32.45.089,SLSI3,2022.2.5,MacIntel,60.24096386,,,,,,,,,,,1,[130.1521],[130.1521],,0,[],[],1,[133.27909999999997],[133.27909999999997],"[""legit_button""]",4.98884413,5.1545,0.009746297,11.4032,0.012123956,6.7125,0,0,0,6,1,resources/images/legit13.jpg,legit,0.65,0.65,0,0,,,,,,,,,,,,,,,,,,,,,,,,,,,,,,,,,,,,,,,,,,,,,,,,,,,,,,,,,,,,,,,,,,,,,,,,,,,,,,,,,,,,,,,,,,,,,,,,,,,,,,,,,,,,,,,,,,,,,
,,,,,,,,,,,,,,,,478554,001,2025-04-01_17h32.45.089,SLSI3,2022.2.5,MacIntel,60.24096386,,,,,,,,,,,2,"[130.1521,161.05539999999996]","[130.1521,161.05539999999996]",,1,[162.0265],[162.0265],1,[133.27909999999997],[133.27909999999997],"[""scam_button""]",9.019493273,1.7519,6.994783529,4.1277,0.020988634,8.0549,0,1,1,11,1,resources/images/scam16.png,scam,0.65,0.65,0,0,,,,,,,,,,,,,,,,,,,,,,,,,,,,,,,,,,,,,,,,,,,,,,,,,,,,,,,,,,,,,,,,,,,,,,,,,,,,,,,,,,,,,,,,,,,,,,,,,,,,,,,,,,,,,,,,,,,,,
,,,,,,,,,,,,,,,,478554,001,2025-04-01_17h32.45.089,SLSI3,2022.2.5,MacIntel,60.24096386,,,,,,,,,,,3,"[130.1521,161.05539999999996,250.88119999999998]","[130.1521,161.05539999999996,250.88119999999998]",,1,[162.0265],[162.0265],2,"[133.27909999999997,253.09819999999996]","[133.27909999999997,253.09829999999994]","[""legit_button""]",1.016566637,2.4087,0.931203885,4.4751,0.958126831,5.2656,0,2,2,14,1,resources/images/scam18.png,scam,1,0.65,0,0,,,,,,,,,,,,,,,,,,,,,,,,,,,,,,,,,,,,,,,,,,,,,,,,,,,,,,,,,,,,,,,,,,,,,,,,,,,,,,,,,,,,,,,,,,,,,,,,,,,,,,,,,,,,,,,,,,,,,
,,,,,,,,,,,,,,,,478554,001,2025-04-01_17h32.45.089,SLSI3,2022.2.5,MacIntel,60.24096386,,,,,,,,,,,4,"[130.1521,161.05539999999996,250.88119999999998,283.95379999999994]","[130.1521,161.05539999999996,250.88119999999998,283.95379999999994]",,2,"[162.0265,285.39619999999996]","[162.0265,285.39619999999996]",2,"[133.27909999999997,253.09819999999996]","[133.27909999999997,253.09829999999994]","[""scam_button""]",5.978143311,2.0864,5.991965739,2.1117,0.961082967,2.0443,0,3,3,18,1,resources/images/scam_20.png,scam,1.45,0.6,0,0,,,,,,,,,,,,,,,,,,,,,,,,,,,,,,,,,,,,,,,,,,,,,,,,,,,,,,,,,,,,,,,,,,,,,,,,,,,,,,,,,,,,,,,,,,,,,,,,,,,,,,,,,,,,,,,,,,,,,
,,,,,,,,,,,,,,,,478554,001,2025-04-01_17h32.45.089,SLSI3,2022.2.5,MacIntel,60.24096386,,,,,,,,,,,5,"[130.1521,161.05539999999996,250.88119999999998,283.95379999999994,300.98539999999997]","[130.1521,161.05539999999996,250.88119999999998,283.95379999999994,300.98539999999997]",,2,"[162.0265,285.39619999999996]","[162.0265,285.39619999999996]",3,"[133.27909999999997,253.09819999999996,302.30209999999994]","[133.27909999999997,253.09829999999994,302.30209999999994]","[""legit_button""]",1.926746623,3.4901,1.991997952,3.2957,2.01541409,2.1124,0,4,4,8,1,resources/images/legit_23.png,legit,1,0.65,0,0,,,,,,,,,,,,,,,,,,,,,,,,,,,,,,,,,,,,,,,,,,,,,,,,,,,,,,,,,,,,,,,,,,,,,,,,,,,,,,,,,,,,,,,,,,,,,,,,,,,,,,,,,,,,,,,,,,,,,
,,,,,,,,,,,,,,,,478554,001,2025-04-01_17h32.45.089,SLSI3,2022.2.5,MacIntel,60.24096386,,,,,,,,,,,6,"[130.1521,161.05539999999996,250.88119999999998,283.95379999999994,300.98539999999997,369.7104999999999]","[130.1521,161.05539999999996,250.88119999999998,283.95379999999994,300.98539999999997,369.7104999999999]",,2,"[162.0265,285.39619999999996]","[162.0265,285.39619999999996]",4,"[133.27909999999997,253.09819999999996,302.30209999999994,370.88269999999994]","[133.27909999999997,253.09829999999994,302.30209999999994,370.88269999999994]","[""legit_button""]",1.090721978,1.4302,1.075969103,2.422,1.075969103,1.054,0,5,5,22,1,resources/images/scam_24.png,scam,1,0.8,0,0,,,,,,,,,,,,,,,,,,,,,,,,,,,,,,,,,,,,,,,,,,,,,,,,,,,,,,,,,,,,,,,,,,,,,,,,,,,,,,,,,,,,,,,,,,,,,,,,,,,,,,,,,,,,,,,,,,,,,
,,,,,,,,,,,,,,,,478554,001,2025-04-01_17h32.45.089,SLSI3,2022.2.5,MacIntel,60.24096386,,,,,,,,,,,7,"[130.1521,161.05539999999996,250.88119999999998,283.95379999999994,300.98539999999997,369.7104999999999,437.6177]","[130.1521,161.05539999999996,250.88119999999998,283.95379999999994,300.98539999999997,369.7104999999999,437.6177]",,3,"[162.0265,285.39619999999996,438.2868]","[162.0265,285.39619999999996,438.2868]",4,"[133.27909999999997,253.09819999999996,302.30209999999994,370.88269999999994]","[133.27909999999997,253.09829999999994,302.30209999999994,370.88269999999994]","[""scam_button""]",2.098880683,1.797,2.098880683,0.785,2.098880683,0.5101,0,6,6,10,1,resources/images/scam15.jpg,scam,0.65,0.65,0,0,,,,,,,,,,,,,,,,,,,,,,,,,,,,,,,,,,,,,,,,,,,,,,,,,,,,,,,,,,,,,,,,,,,,,,,,,,,,,,,,,,,,,,,,,,,,,,,,,,,,,,,,,,,,,,,,,,,,,
,,,,,,,,,,,,,,,,478554,001,2025-04-01_17h32.45.089,SLSI3,2022.2.5,MacIntel,60.24096386,,,,,,,,,,,8,"[130.1521,161.05539999999996,250.88119999999998,283.95379999999994,300.98539999999997,369.7104999999999,437.6177,504.0078]","[130.1521,161.05539999999996,250.88119999999998,283.95379999999994,300.98539999999997,369.7104999999999,437.6177,504.0078]",,3,"[162.0265,285.39619999999996,438.2868]","[162.0265,285.39619999999996,438.2868]",5,"[133.27909999999997,253.09819999999996,302.30209999999994,370.88269999999994,504.9800999999999]","[133.27909999999997,253.09829999999994,302.30209999999994,370.88269999999994,504.9800999999999]","[""legit_button""]",1.990539551,2.876,1.990539551,0.488,1.990539551,0.4432,0,7,7,23,1,resources/images/scam_22.png,scam,1,0.65,0,0,,,,,,,,,,,,,,,,,,,,,,,,,,,,,,,,,,,,,,,,,,,,,,,,,,,,,,,,,,,,,,,,,,,,,,,,,,,,,,,,,,,,,,,,,,,,,,,,,,,,,,,,,,,,,,,,,,,,,
,,,,,,,,,,,,,,,,478554,001,2025-04-01_17h32.45.089,SLSI3,2022.2.5,MacIntel,60.24096386,,,,,,,,,,,9,"[130.1521,161.05539999999996,250.88119999999998,283.95379999999994,300.98539999999997,369.7104999999999,437.6177,504.0078,528.0063]","[130.1521,161.05539999999996,250.88119999999998,283.95379999999994,300.98539999999997,369.7104999999999,437.6177,504.0078,528.0063]",,4,"[162.0265,285.39619999999996,438.2868,528.6494]","[162.0265,285.39619999999996,438.2868,528.6494]",5,"[133.27909999999997,253.09819999999996,302.30209999999994,370.88269999999994,504.9800999999999]","[133.27909999999997,253.09829999999994,302.30209999999994,370.88269999999994,504.9800999999999]","[""scam_button""]",0.985788303,1.0442,0.990682644,0.4191,0.990682644,0.2303,0,8,8,16,1,resources/images/legit_30.png,legit,1,0.85,0,0,,,,,,,,,,,,,,,,,,,,,,,,,,,,,,,,,,,,,,,,,,,,,,,,,,,,,,,,,,,,,,,,,,,,,,,,,,,,,,,,,,,,,,,,,,,,,,,,,,,,,,,,,,,,,,,,,,,,,
,,,,,,,,,,,,,,,,478554,001,2025-04-01_17h32.45.089,SLSI3,2022.2.5,MacIntel,60.24096386,,,,,,,,,,,10,"[130.1521,161.05539999999996,250.88119999999998,283.95379999999994,300.98539999999997,369.7104999999999,437.6177,504.0078,528.0063,539.5912]","[130.1521,161.05539999999996,250.88119999999998,283.95379999999994,300.98539999999997,369.7104999999999,437.6177,504.0078,528.0063,539.5912]",,5,"[162.0265,285.39619999999996,438.2868,528.6494,540.5652]","[162.0265,285.39619999999996,438.2868,528.6494,540.5652]",5,"[133.27909999999997,253.09819999999996,302.30209999999994,370.88269999999994,504.9800999999999]","[133.27909999999997,253.09829999999994,302.30209999999994,370.88269999999994,504.9800999999999]","[""scam_button""]",0.981851535,2.6568,0.994863553,0.5219,0.994863553,0.3424,0,9,9,20,1,resources/images/scam_30.png,scam,1.45,0.6,0,0,,,,,,,,,,,,,,,,,,,,,,,,,,,,,,,,,,,,,,,,,,,,,,,,,,,,,,,,,,,,,,,,,,,,,,,,,,,,,,,,,,,,,,,,,,,,,,,,,,,,,,,,,,,,,,,,,,,,,
,,,,,,,,,,,,,,,,478554,001,2025-04-01_17h32.45.089,SLSI3,2022.2.5,MacIntel,60.24096386,,,,,,,,,,,11,"[130.1521,161.05539999999996,250.88119999999998,283.95379999999994,300.98539999999997,369.7104999999999,437.6177,504.0078,528.0063,539.5912,566.4433999999999]","[130.1521,161.05539999999996,250.88119999999998,283.95379999999994,300.98539999999997,369.7104999999999,437.6177,504.0078,528.0063,539.5912,566.4435]",,6,"[162.0265,285.39619999999996,438.2868,528.6494,540.5652,567.1311]","[162.0265,285.39619999999996,438.2868,528.6494,540.5652,567.1311]",5,"[133.27909999999997,253.09819999999996,302.30209999999994,370.88269999999994,504.9800999999999]","[133.27909999999997,253.09829999999994,302.30209999999994,370.88269999999994,504.9800999999999]","[""scam_button""]",1.227603149,0.7533,1.227603149,0.1379,1.227603149,0.1443,0,10,10,5,1,resources/images/legit12.jpg,legit,1,0.65,0,0,,,,,,,,,,,,,,,,,,,,,,,,,,,,,,,,,,,,,,,,,,,,,,,,,,,,,,,,,,,,,,,,,,,,,,,,,,,,,,,,,,,,,,,,,,,,,,,,,,,,,,,,,,,,,,,,,,,,,
,,,,,,,,,,,,,,,,478554,001,2025-04-01_17h32.45.089,SLSI3,2022.2.5,MacIntel,60.24096386,,,,,,,,,,,12,"[130.1521,161.05539999999996,250.88119999999998,283.95379999999994,300.98539999999997,369.7104999999999,437.6177,504.0078,528.0063,539.5912,566.4433999999999,579.855]","[130.1521,161.05539999999996,250.88119999999998,283.95379999999994,300.98539999999997,369.7104999999999,437.6177,504.0078,528.0063,539.5912,566.4435,579.8551000000001]",,7,"[162.0265,285.39619999999996,438.2868,528.6494,540.5652,567.1311,580.5634]","[162.0265,285.39619999999996,438.2868,528.6494,540.5652,567.1311,580.5634]",5,"[133.27909999999997,253.09819999999996,302.30209999999994,370.88269999999994,504.9800999999999]","[133.27909999999997,253.09829999999994,302.30209999999994,370.88269999999994,504.9800999999999]","[""scam_button""]",0.971859741,1.2169,0.971859741,1.6802,0.971859741,1.4904,0,11,11,1,1,resources/images/scam9.jpg,scam,0.65,0.65,0,0,,,,,,,,,,,,,,,,,,,,,,,,,,,,,,,,,,,,,,,,,,,,,,,,,,,,,,,,,,,,,,,,,,,,,,,,,,,,,,,,,,,,,,,,,,,,,,,,,,,,,,,,,,,,,,,,,,,,,
,,,,,,,,,,,,,,,,478554,001,2025-04-01_17h32.45.089,SLSI3,2022.2.5,MacIntel,60.24096386,,,,,,,,,,,13,"[130.1521,161.05539999999996,250.88119999999998,283.95379999999994,300.98539999999997,369.7104999999999,437.6177,504.0078,528.0063,539.5912,566.4433999999999,579.855,597.6598]","[130.1521,161.05539999999996,250.88119999999998,283.95379999999994,300.98539999999997,369.7104999999999,437.6177,504.0078,528.0063,539.5912,566.4435,579.8551000000001,597.6598]",,8,"[162.0265,285.39619999999996,438.2868,528.6494,540.5652,567.1311,580.5634,598.3720999999999]","[162.0265,285.39619999999996,438.2868,528.6494,540.5652,567.1311,580.5634,598.3720999999999]",5,"[133.27909999999997,253.09819999999996,302.30209999999994,370.88269999999994,504.9800999999999]","[133.27909999999997,253.09829999999994,302.30209999999994,370.88269999999994,504.9800999999999]","[""scam_button""]",0.974185181,0.7958,0.974185181,0.3139,0.974185181,1.2133,0,12,12,4,1,resources/images/legit_19.png,legit,0.65,0.65,0,0,,,,,,,,,,,,,,,,,,,,,,,,,,,,,,,,,,,,,,,,,,,,,,,,,,,,,,,,,,,,,,,,,,,,,,,,,,,,,,,,,,,,,,,,,,,,,,,,,,,,,,,,,,,,,,,,,,,,,
,,,,,,,,,,,,,,,,478554,001,2025-04-01_17h32.45.089,SLSI3,2022.2.5,MacIntel,60.24096386,,,,,,,,,,,14,"[130.1521,161.05539999999996,250.88119999999998,283.95379999999994,300.98539999999997,369.7104999999999,437.6177,504.0078,528.0063,539.5912,566.4433999999999,579.855,597.6598,606.6055]","[130.1521,161.05539999999996,250.88119999999998,283.95379999999994,300.98539999999997,369.7104999999999,437.6177,504.0078,528.0063,539.5912,566.4435,579.8551000000001,597.6598,606.6055]",,9,"[162.0265,285.39619999999996,438.2868,528.6494,540.5652,567.1311,580.5634,598.3720999999999,607.2995000000001]","[162.0265,285.39619999999996,438.2868,528.6494,540.5652,567.1311,580.5634,598.3720999999999,607.2995999999999]",5,"[133.27909999999997,253.09819999999996,302.30209999999994,370.88269999999994,504.9800999999999]","[133.27909999999997,253.09829999999994,302.30209999999994,370.88269999999994,504.9800999999999]","[""scam_button""]",6.845939806,1.761,7.908637831,1.6282,6.826059977,0.6726,0,13,13,19,1,resources/images/scam_21.png,scam,1,0.65,0,0,,,,,,,,,,,,,,,,,,,,,,,,,,,,,,,,,,,,,,,,,,,,,,,,,,,,,,,,,,,,,,,,,,,,,,,,,,,,,,,,,,,,,,,,,,,,,,,,,,,,,,,,,,,,,,,,,,,,,
,,,,,,,,,,,,,,,,478554,001,2025-04-01_17h32.45.089,SLSI3,2022.2.5,MacIntel,60.24096386,,,,,,,,,,,15,"[130.1521,161.05539999999996,250.88119999999998,283.95379999999994,300.98539999999997,369.7104999999999,437.6177,504.0078,528.0063,539.5912,566.4433999999999,579.855,597.6598,606.6055,615.7478]","[130.1521,161.05539999999996,250.88119999999998,283.95379999999994,300.98539999999997,369.7104999999999,437.6177,504.0078,528.0063,539.5912,566.4435,579.8551000000001,597.6598,606.6055,615.7478]",,10,"[162.0265,285.39619999999996,438.2868,528.6494,540.5652,567.1311,580.5634,598.3720999999999,607.2995000000001,616.3759]","[162.0265,285.39619999999996,438.2868,528.6494,540.5652,567.1311,580.5634,598.3720999999999,607.2995999999999,616.3760000000001]",5,"[133.27909999999997,253.09819999999996,302.30209999999994,370.88269999999994,504.9800999999999]","[133.27909999999997,253.09829999999994,302.30209999999994,370.88269999999994,504.9800999999999]","[""scam_button""]",0.817820909,0.8801,1.164550442,1.0031,1.164550442,0.1602,0,14,14,9,1,resources/images/legit_22.png,legit,1,0.78,0,0,,,,,,,,,,,,,,,,,,,,,,,,,,,,,,,,,,,,,,,,,,,,,,,,,,,,,,,,,,,,,,,,,,,,,,,,,,,,,,,,,,,,,,,,,,,,,,,,,,,,,,,,,,,,,,,,,,,,,
,,,,,,,,,,,,,,,,478554,001,2025-04-01_17h32.45.089,SLSI3,2022.2.5,MacIntel,60.24096386,,,,,,,,,,,16,"[130.1521,161.05539999999996,250.88119999999998,283.95379999999994,300.98539999999997,369.7104999999999,437.6177,504.0078,528.0063,539.5912,566.4433999999999,579.855,597.6598,606.6055,615.7478,645.3405]","[130.1521,161.05539999999996,250.88119999999998,283.95379999999994,300.98539999999997,369.7104999999999,437.6177,504.0078,528.0063,539.5912,566.4435,579.8551000000001,597.6598,606.6055,615.7478,645.3406000000001]",,11,"[162.0265,285.39619999999996,438.2868,528.6494,540.5652,567.1311,580.5634,598.3720999999999,607.2995000000001,616.3759,645.9213000000001]","[162.0265,285.39619999999996,438.2868,528.6494,540.5652,567.1311,580.5634,598.3720999999999,607.2995999999999,616.3760000000001,645.9213000000001]",5,"[133.27909999999997,253.09819999999996,302.30209999999994,370.88269999999994,504.9800999999999]","[133.27909999999997,253.09829999999994,302.30209999999994,370.88269999999994,504.9800999999999]","[""scam_button""]",0.926947021,0.8235,0.926947021,0.2569,0.926947021,0.1779,0,15,15,12,1,resources/images/scam17.png,scam,0.8,0.65,0,0,,,,,,,,,,,,,,,,,,,,,,,,,,,,,,,,,,,,,,,,,,,,,,,,,,,,,,,,,,,,,,,,,,,,,,,,,,,,,,,,,,,,,,,,,,,,,,,,,,,,,,,,,,,,,,,,,,,,,
,,,,,,,,,,,,,,,,478554,001,2025-04-01_17h32.45.089,SLSI3,2022.2.5,MacIntel,60.24096386,,,,,,,,,,,17,"[130.1521,161.05539999999996,250.88119999999998,283.95379999999994,300.98539999999997,369.7104999999999,437.6177,504.0078,528.0063,539.5912,566.4433999999999,579.855,597.6598,606.6055,615.7478,645.3405,663.3528999999999]","[130.1521,161.05539999999996,250.88119999999998,283.95379999999994,300.98539999999997,369.7104999999999,437.6177,504.0078,528.0063,539.5912,566.4435,579.8551000000001,597.6598,606.6055,615.7478,645.3406000000001,663.3528999999999]",,12,"[162.0265,285.39619999999996,438.2868,528.6494,540.5652,567.1311,580.5634,598.3720999999999,607.2995000000001,616.3759,645.9213000000001,663.9892]","[162.0265,285.39619999999996,438.2868,528.6494,540.5652,567.1311,580.5634,598.3720999999999,607.2995999999999,616.3760000000001,645.9213000000001,663.9892]",5,"[133.27909999999997,253.09819999999996,302.30209999999994,370.88269999999994,504.9800999999999]","[133.27909999999997,253.09829999999994,302.30209999999994,370.88269999999994,504.9800999999999]","[""scam_button""]",1.122402276,0.7875,1.172377184,0.557,1.172377184,0.1637,0,16,16,17,1,resources/images/legitimate_18.png,legit,1,0.65,0,0,,,,,,,,,,,,,,,,,,,,,,,,,,,,,,,,,,,,,,,,,,,,,,,,,,,,,,,,,,,,,,,,,,,,,,,,,,,,,,,,,,,,,,,,,,,,,,,,,,,,,,,,,,,,,,,,,,,,,
,,,,,,,,,,,,,,,,478554,001,2025-04-01_17h32.45.089,SLSI3,2022.2.5,MacIntel,60.24096386,,,,,,,,,,,18,"[130.1521,161.05539999999996,250.88119999999998,283.95379999999994,300.98539999999997,369.7104999999999,437.6177,504.0078,528.0063,539.5912,566.4433999999999,579.855,597.6598,606.6055,615.7478,645.3405,663.3528999999999,669.9016]","[130.1521,161.05539999999996,250.88119999999998,283.95379999999994,300.98539999999997,369.7104999999999,437.6177,504.0078,528.0063,539.5912,566.4435,579.8551000000001,597.6598,606.6055,615.7478,645.3406000000001,663.3528999999999,669.9016]",,13,"[162.0265,285.39619999999996,438.2868,528.6494,540.5652,567.1311,580.5634,598.3720999999999,607.2995000000001,616.3759,645.9213000000001,663.9892,670.695]","[162.0265,285.39619999999996,438.2868,528.6494,540.5652,567.1311,580.5634,598.3720999999999,607.2995999999999,616.3760000000001,645.9213000000001,663.9892,670.695]",5,"[133.27909999999997,253.09819999999996,302.30209999999994,370.88269999999994,504.9800999999999]","[133.27909999999997,253.09829999999994,302.30209999999994,370.88269999999994,504.9800999999999]","[""scam_button""]",1.008854506,0.7401,1.008854506,0.1305,1.008854506,0.2013,0,17,17,21,1,resources/images/scam_23.png,scam,1,0.8,0,0,,,,,,,,,,,,,,,,,,,,,,,,,,,,,,,,,,,,,,,,,,,,,,,,,,,,,,,,,,,,,,,,,,,,,,,,,,,,,,,,,,,,,,,,,,,,,,,,,,,,,,,,,,,,,,,,,,,,,
,,,,,,,,,,,,,,,,478554,001,2025-04-01_17h32.45.089,SLSI3,2022.2.5,MacIntel,60.24096386,,,,,,,,,,,19,"[130.1521,161.05539999999996,250.88119999999998,283.95379999999994,300.98539999999997,369.7104999999999,437.6177,504.0078,528.0063,539.5912,566.4433999999999,579.855,597.6598,606.6055,615.7478,645.3405,663.3528999999999,669.9016,677.0956000000001]","[130.1521,161.05539999999996,250.88119999999998,283.95379999999994,300.98539999999997,369.7104999999999,437.6177,504.0078,528.0063,539.5912,566.4435,579.8551000000001,597.6598,606.6055,615.7478,645.3406000000001,663.3528999999999,669.9016,677.0956000000001]",,13,"[162.0265,285.39619999999996,438.2868,528.6494,540.5652,567.1311,580.5634,598.3720999999999,607.2995000000001,616.3759,645.9213000000001,663.9892,670.695]","[162.0265,285.39619999999996,438.2868,528.6494,540.5652,567.1311,580.5634,598.3720999999999,607.2995999999999,616.3760000000001,645.9213000000001,663.9892,670.695]",6,"[133.27909999999997,253.09819999999996,302.30209999999994,370.88269999999994,504.9800999999999,677.9632]","[133.27909999999997,253.09829999999994,302.30209999999994,370.88269999999994,504.9800999999999,677.9632]","[""legit_button""]",2.00954149,1.1203,2.00954149,0.146,2.00954149,0.1482,0,18,18,3,1,resources/images/legit_20.png,legit,0.9,0.8,0,0,,,,,,,,,,,,,,,,,,,,,,,,,,,,,,,,,,,,,,,,,,,,,,,,,,,,,,,,,,,,,,,,,,,,,,,,,,,,,,,,,,,,,,,,,,,,,,,,,,,,,,,,,,,,,,,,,,,,,
,,,,,,,,,,,,,,,,478554,001,2025-04-01_17h32.45.089,SLSI3,2022.2.5,MacIntel,60.24096386,,,,,,,,,,,20,"[130.1521,161.05539999999996,250.88119999999998,283.95379999999994,300.98539999999997,369.7104999999999,437.6177,504.0078,528.0063,539.5912,566.4433999999999,579.855,597.6598,606.6055,615.7478,645.3405,663.3528999999999,669.9016,677.0956000000001,729.1628000000001]","[130.1521,161.05539999999996,250.88119999999998,283.95379999999994,300.98539999999997,369.7104999999999,437.6177,504.0078,528.0063,539.5912,566.4435,579.8551000000001,597.6598,606.6055,615.7478,645.3406000000001,663.3528999999999,669.9016,677.0956000000001,729.1628000000001]",,13,"[162.0265,285.39619999999996,438.2868,528.6494,540.5652,567.1311,580.5634,598.3720999999999,607.2995000000001,616.3759,645.9213000000001,663.9892,670.695]","[162.0265,285.39619999999996,438.2868,528.6494,540.5652,567.1311,580.5634,598.3720999999999,607.2995999999999,616.3760000000001,645.9213000000001,663.9892,670.695]",7,"[133.27909999999997,253.09819999999996,302.30209999999994,370.88269999999994,504.9800999999999,677.9632,729.6850000000001]","[133.27909999999997,253.09829999999994,302.30209999999994,370.88269999999994,504.9800999999999,677.9632,729.6850000000001]","[""legit_button""]",1.988253445,1.3914,1.988253445,0.1529,1.988253445,0.1477,0,19,19,0,1,resources/images/scam8.jpg,scam,0.65,0.65,0,0,,,,,,,,,,,,,,,,,,,,,,,,,,,,,,,,,,,,,,,,,,,,,,,,,,,,,,,,,,,,,,,,,,,,,,,,,,,,,,,,,,,,,,,,,,,,,,,,,,,,,,,,,,,,,,,,,,,,,
,,,,,,,,,,,,,,,,478554,001,2025-04-01_17h32.45.089,SLSI3,2022.2.5,MacIntel,60.24096386,,,,,,,,,,,21,"[130.1521,161.05539999999996,250.88119999999998,283.95379999999994,300.98539999999997,369.7104999999999,437.6177,504.0078,528.0063,539.5912,566.4433999999999,579.855,597.6598,606.6055,615.7478,645.3405,663.3528999999999,669.9016,677.0956000000001,729.1628000000001,737.4758999999999]","[130.1521,161.05539999999996,250.88119999999998,283.95379999999994,300.98539999999997,369.7104999999999,437.6177,504.0078,528.0063,539.5912,566.4435,579.8551000000001,597.6598,606.6055,615.7478,645.3406000000001,663.3528999999999,669.9016,677.0956000000001,729.1628000000001,737.4758999999999]",,13,"[162.0265,285.39619999999996,438.2868,528.6494,540.5652,567.1311,580.5634,598.3720999999999,607.2995000000001,616.3759,645.9213000000001,663.9892,670.695]","[162.0265,285.39619999999996,438.2868,528.6494,540.5652,567.1311,580.5634,598.3720999999999,607.2995999999999,616.3760000000001,645.9213000000001,663.9892,670.695]",8,"[133.27909999999997,253.09819999999996,302.30209999999994,370.88269999999994,504.9800999999999,677.9632,729.6850000000001,738.3458]","[133.27909999999997,253.09829999999994,302.30209999999994,370.88269999999994,504.9800999999999,677.9632,729.6850000000001,738.3458999999999]","[""legit_button""]",2.01027086,0.7595,2.01027086,0.1357,2.01027086,0.1489,0,20,20,7,1,resources/images/legit_21.png,legit,0.8,0.8,0,0,,,,,,,,,,,,,,,,,,,,,,,,,,,,,,,,,,,,,,,,,,,,,,,,,,,,,,,,,,,,,,,,,,,,,,,,,,,,,,,,,,,,,,,,,,,,,,,,,,,,,,,,,,,,,,,,,,,,,
,,,,,,,,,,,,,,,,478554,001,2025-04-01_17h32.45.089,SLSI3,2022.2.5,MacIntel,60.24096386,,,,,,,,,,,22,"[130.1521,161.05539999999996,250.88119999999998,283.95379999999994,300.98539999999997,369.7104999999999,437.6177,504.0078,528.0063,539.5912,566.4433999999999,579.855,597.6598,606.6055,615.7478,645.3405,663.3528999999999,669.9016,677.0956000000001,729.1628000000001,737.4758999999999,746.1202]","[130.1521,161.05539999999996,250.88119999999998,283.95379999999994,300.98539999999997,369.7104999999999,437.6177,504.0078,528.0063,539.5912,566.4435,579.8551000000001,597.6598,606.6055,615.7478,645.3406000000001,663.3528999999999,669.9016,677.0956000000001,729.1628000000001,737.4758999999999,746.1203]",,14,"[162.0265,285.39619999999996,438.2868,528.6494,540.5652,567.1311,580.5634,598.3720999999999,607.2995000000001,616.3759,645.9213000000001,663.9892,670.695,746.7152]","[162.0265,285.39619999999996,438.2868,528.6494,540.5652,567.1311,580.5634,598.3720999999999,607.2995999999999,616.3760000000001,645.9213000000001,663.9892,670.695,746.7152]",8,"[133.27909999999997,253.09819999999996,302.30209999999994,370.88269999999994,504.9800999999999,677.9632,729.6850000000001,738.3458]","[133.27909999999997,253.09829999999994,302.30209999999994,370.88269999999994,504.9800999999999,677.9632,729.6850000000001,738.3458999999999]","[""scam_button""]",4.031458198,1.8271,4.031458198,0.1814,4.031458198,0.1233,0,21,21,15,1,resources/images/legit16.jpg,legit,0.65,0.65,0,0,,,,,,,,,,,,,,,,,,,,,,,,,,,,,,,,,,,,,,,,,,,,,,,,,,,,,,,,,,,,,,,,,,,,,,,,,,,,,,,,,,,,,,,,,,,,,,,,,,,,,,,,,,,,,,,,,,,,,
,,,,,,,,,,,,,,,,478554,001,2025-04-01_17h32.45.089,SLSI3,2022.2.5,MacIntel,60.24096386,,,,,,,,,,,23,"[130.1521,161.05539999999996,250.88119999999998,283.95379999999994,300.98539999999997,369.7104999999999,437.6177,504.0078,528.0063,539.5912,566.4433999999999,579.855,597.6598,606.6055,615.7478,645.3405,663.3528999999999,669.9016,677.0956000000001,729.1628000000001,737.4758999999999,746.1202,761.1147]","[130.1521,161.05539999999996,250.88119999999998,283.95379999999994,300.98539999999997,369.7104999999999,437.6177,504.0078,528.0063,539.5912,566.4435,579.8551000000001,597.6598,606.6055,615.7478,645.3406000000001,663.3528999999999,669.9016,677.0956000000001,729.1628000000001,737.4758999999999,746.1203,761.1147]",,14,"[162.0265,285.39619999999996,438.2868,528.6494,540.5652,567.1311,580.5634,598.3720999999999,607.2995000000001,616.3759,645.9213000000001,663.9892,670.695,746.7152]","[162.0265,285.39619999999996,438.2868,528.6494,540.5652,567.1311,580.5634,598.3720999999999,607.2995999999999,616.3760000000001,645.9213000000001,663.9892,670.695,746.7152]",9,"[133.27909999999997,253.09819999999996,302.30209999999994,370.88269999999994,504.9800999999999,677.9632,729.6850000000001,738.3458,761.8077]","[133.27909999999997,253.09829999999994,302.30209999999994,370.88269999999994,504.9800999999999,677.9632,729.6850000000001,738.3458999999999,761.8077]","[""legit_button""]",3.043147786,1.9925,3.043147786,0.893,3.043147786,0.913,0,22,22,13,1,resources/images/legit15.jpg,legit,0.95,0.65,0,0,,,,,,,,,,,,,,,,,,,,,,,,,,,,,,,,,,,,,,,,,,,,,,,,,,,,,,,,,,,,,,,,,,,,,,,,,,,,,,,,,,,,,,,,,,,,,,,,,,,,,,,,,,,,,,,,,,,,,
,,,,,,,,,,,,,,,,478554,001,2025-04-01_17h32.45.089,SLSI3,2022.2.5,MacIntel,60.24096386,,,,,,,,,,,24,"[130.1521,161.05539999999996,250.88119999999998,283.95379999999994,300.98539999999997,369.7104999999999,437.6177,504.0078,528.0063,539.5912,566.4433999999999,579.855,597.6598,606.6055,615.7478,645.3405,663.3528999999999,669.9016,677.0956000000001,729.1628000000001,737.4758999999999,746.1202,761.1147,781.0158]","[130.1521,161.05539999999996,250.88119999999998,283.95379999999994,300.98539999999997,369.7104999999999,437.6177,504.0078,528.0063,539.5912,566.4435,579.8551000000001,597.6598,606.6055,615.7478,645.3406000000001,663.3528999999999,669.9016,677.0956000000001,729.1628000000001,737.4758999999999,746.1203,761.1147,781.0158]",,14,"[162.0265,285.39619999999996,438.2868,528.6494,540.5652,567.1311,580.5634,598.3720999999999,607.2995000000001,616.3759,645.9213000000001,663.9892,670.695,746.7152]","[162.0265,285.39619999999996,438.2868,528.6494,540.5652,567.1311,580.5634,598.3720999999999,607.2995999999999,616.3760000000001,645.9213000000001,663.9892,670.695,746.7152]",10,"[133.27909999999997,253.09819999999996,302.30209999999994,370.88269999999994,504.9800999999999,677.9632,729.6850000000001,738.3458,761.8077,781.6367]","[133.27909999999997,253.09829999999994,302.30209999999994,370.88269999999994,504.9800999999999,677.9632,729.6850000000001,738.3458999999999,761.8077,781.6367]","[""legit_button""]",3.136127387,1.2478,3.133624946,1.1782,3.133624946,0.663,0,23,23,2,1,resources/images/legit11.jpg,legit,0.65,0.65,0,0,,,,,,,,,,,,,,,,,,,,,,,,,,,,,,,,,,,,,,,,,,,,,,,,,,,,,,,,,,,,,,,,,,,,,,,,,,,,,,,,,,,,,,,,,,,,,,,,,,,,,,,,,,,,,,,,,,,,,
,,,,,,,,,,,,,,,,478554,001,2025-04-01_17h32.45.089,SLSI3,2022.2.5,MacIntel,60.24096386,,,,,,,,,,,,,,,,,,,,,,,,,,,,,,,,,,,,,,,space,5.6435,,,,,,,,,,,,,,,,,,,,,,,,,,,,,,,,,,,,,,,,,,,,,,,,,,,,,,,,,,,,,,,,,,,,,,,,,,,,,,,,,,,,,,,,,,,,,,,,,,,,,,,,,,,,,,,,,,,
,,,,,,,,,,,,,,,,478554,001,2025-04-01_17h32.45.089,SLSI3,2022.2.5,MacIntel,60.24096386,,,,,,,,,,,,,,,,,,,,,,,,,,,,,,,,,,,,,,,,,space,50.1093,,,,,,,,,,,,,,,,,,,,,,,,,,,,,,,,,,,,,,,,,,,,,,,,,,,,,,,,,,,,,,,,,,,,,,,,,,,,,,,,,,,,,,,,,,,,,,,,,,,,,,,,,,,,,,,,,
,,,,,,,,,,,,,,,,478554,001,2025-04-01_17h32.45.089,SLSI3,2022.2.5,MacIntel,60.24096386,,,,,,,,,,,,,,,,,,,,,,,,,,,,,,,,,,,,,,,,,,,space,9.6113,,,,,,,,,,,,,,,,,,,,,,,,,,,,,,,,,,,,,,,,,,,,,,,,,,,,,,,,,,,,,,,,,,,,,,,,,,,,,,,,,,,,,,,,,,,,,,,,,,,,,,,,,,,,,,,
,,,,,,,,,,,,,,,,478554,001,2025-04-01_17h32.45.089,SLSI3,2022.2.5,MacIntel,60.24096386,,,,,,,,,,,,,,,,,,,,,,,,,,,,,,,,,,,,,,,,,,,,,1. a sense of urgency 2. want you to click a link within the email 3. the domain doesn't match the company,1,[912.4363999999999],[912.4365],,,,,,,,,,,,,,,,,,,,,,,,,,,,,,,,,,,,,,,,,,,,,,,,,,,,,,,,,,,,,,,,,,,,,,,,,,,,,,,,,,,,,,,,,,,,,,,,,,,,,,,,,,,
,,,,,,,,,,,,,,,,478554,001,2025-04-01_17h32.45.089,SLSI3,2022.2.5,MacIntel,60.24096386,,,,,,,,,,,,,,,,,,,,,,,,,,,,,,,,,,,,,,,,,,,,,,,,,space,14.4957,,,,,,,,,,,,,,,,,,,,,,,,,,,,,,,,,,,,,,,,,,,,,,,,,,,,,,,,,,,,,,,,,,,,,,,,,,,,,,,,,,,,,,,,,,,,,,,,,,,,,,,,,
,,,,,,,,,,,,,,,,478554,001,2025-04-01_17h32.45.089,SLSI3,2022.2.5,MacIntel,60.24096386,,,,,,,,,,,,,,,,,,,,,,,,,,,,,,,,,,,,,,,,,,,,,,,,,,,"[0.040881754557291664,0.01253329806857639,-0.35489145914713544,-0.4389115736219618,0.178199462890625,-0.028989189995659723]","[0.2629986233181424,-0.01446319580078125,-0.03497812906901042,-0.020983412000868056,-0.13523600260416666,-0.27136013454861113]","[1,1,1,1,1,1]","[0,0,0,0,0,0]","[0,0,0,0,0,0]","[13.213399999999979,19.355000000000018,20.313199999999938,20.860300000000052,22.04180000000008,22.96950000000004]",,,,,,,,,,,,,,,,,,,,,,,,,,,,,,,,,,,,,,,,,,,,,,,,,,,,,,,,,,,,,,,,,,,,,,,,,,,,,,,,,,,,,,,,,,,,,,,,,,,
,,,,,,,,,,,,,,,,478554,001,2025-04-01_17h32.45.089,SLSI3,2022.2.5,MacIntel,60.24096386,,,,,,,,,,,,,,,,,,,,,,,,,,,,,,,,,,,,,,,,,,,,,,,,,,,,,,,,,space,8.318,,,,,,,,,,,,,,,,,,,,,,,,,,,,,,,,,,,,,,,,,,,,,,,,,,,,,,,,,,,,,,,,,,,,,,,,,,,,,,,,,,,,,,,,,,,,,,,,,
,,,,,,,,,,,,,,,,478554,001,2025-04-01_17h32.45.089,SLSI3,2022.2.5,MacIntel,60.24096386,,,,,,,,,,,,,,,,,,,,,,,,,,,,,,,,,,,,,,,,,,,,,,,,,,,,,,,,,,,1,[969.9013],[969.9013],,,,,,,,,,,,,,,,,,,,,,,,,,,,,,,,,,,,,,,,,,,,,,,,,,,,,,,,,,,,,,,,,,,,,,,,,,,,,,,,,,,,,,,,,,,,,,
,,,,,,,,,,,,,,,,478554,001,2025-04-01_17h32.45.089,SLSI3,2022.2.5,MacIntel,60.24096386,,,,,,,,,,,,,,,,,,,,,,,,,,,,,,,,,,,,,,,,,,,,,,,,,,,,,,,,,,,,,,"[0.030156453450520832,-0.14588168674045138,-0.1511632622612847,-0.15728888617621528,0.043732231987847224,0.04404513888888889,0.05361952039930556,-0.0002823215060763889,-0.0002823215060763889,-0.08507432725694444,-0.0881460232204861,-0.1587832302517361,0.19029880099826388,0.16332539876302082,-0.04890190972222222,-0.035671590169270836,-0.39556104871961806]","[-0.05349602593315972,0.13692677815755208,0.1409524875217014,0.04330108642578125,0.04244025336371528,-0.0086273193359375,0.009215867784288194,0.06817816840277778,0.09796284993489583,0.09796284993489583,0.11102796766493056,0.13225179036458334,0.12817891438802084,0.126951904296875,-0.18982774522569446,-0.18965528700086806,0.4478738911946615]","[1,1,1,1,1,1,1,1,1,1,1,1,1,1,1,1,1]","[0,0,0,0,0,0,0,0,0,0,0,0,0,0,0,0,0]","[0,0,0,0,0,0,0,0,0,0,0,0,0,0,0,0,0]","[9.458999999999946,12.014800000000037,12.870600000000081,21.163999999999987,21.977300000000014,22.47390000000007,22.941499999999905,23.72460000000001,24.088100000000054,24.386199999999917,24.990600000000086,25.577699999999936,26.265600000000063,26.549699999999916,28.541699999999878,29.11099999999999,32.3141999999998]",,,,,,,,,,,,,,,,,,,,,,,,,,,,,,,,,,,,,,,,,,,,,,,,,,,,,,,,,,,,,,,,,,,,,,,,,,,,,,,,,,,,,,,,
,,,,,,,,,,,,,,,,478554,001,2025-04-01_17h32.45.089,SLSI3,2022.2.5,MacIntel,60.24096386,,,,,,,,,,,,,,,,,,,,,,,,,,,,,,,,,,,,,,,,,,,,,,,,,,,,,,,,,space,2.1015,,,,,,,,,,,,,,,,,,,,,,,,,,,,,,,,,,,,,,,,,,,,,,,,,,,,,,,,,,,,,,,,,,,,,,,,,,,,,,,,,,,,,,,,,,,,,,,,,
,,,,,,,,,,,,,,,,478554,001,2025-04-01_17h32.45.089,SLSI3,2022.2.5,MacIntel,60.24096386,,,,,,,,,,,,,,,,,,,,,,,,,,,,,,,,,,,,,,,,,,,,,,,,,,,,,,,,,,,,,,,,,,,,1,[1012.4531000000001],[1012.4531000000001],,,,,,,,,,,,,,,,,,,,,,,,,,,,,,,,,,,,,,,,,,,,,,,,,,,,,,,,,,,,,,,,,,,,,,,,,,,,,,,,,,,,,
,,,,,,,,,,,,,,,,478554,001,2025-04-01_17h32.45.089,SLSI3,2022.2.5,MacIntel,60.24096386,,,,,,,,,,,,,,,,,,,,,,,,,,,,,,,,,,,,,,,,,,,,,,,,,,,,,,,,,,,,,,,,,,,,,,,"[-0.33945824517144096,-0.2558211941189236,-0.24807200113932293]","[0.09450252956814235,-0.11239495171440972,-0.1886364067925347]","[1,1,1]","[0,0,0]","[0,0,0]","[2.6032000000000153,7.273300000000063,10.286600000000135]",,,,,,,,,,,,,,,,,,,,,,,,,,,,,,,,,,,,,,,,,,,,,,,,,,,,,,,,,,,,,,,,,,,,,,,,,,,,,,,
,,,,,,,,,,,,,,,,478554,001,2025-04-01_17h32.45.089,SLSI3,2022.2.5,MacIntel,60.24096386,,,,,,,,,,,,,,,,,,,,,,,,,,,,,,,,,,,,,,,,,,,,,,,,,,,,,,,,,space,1.3616,,,,,,,,,,,,,,,,,,,,,,,,,,,,,,,,,,,,,,,,,,,,,,,,,,,,,,,,,,,,,,,,,,,,,,,,,,,,,,,,,,,,,,,,,,,,,,,,,
,,,,,,,,,,,,,,,,478554,001,2025-04-01_17h32.45.089,SLSI3,2022.2.5,MacIntel,60.24096386,,,,,,,,,,,,,,,,,,,,,,,,,,,,,,,,,,,,,,,,,,,,,,,,,,,,,,,,,,,,,,,,,,,,,,,,,,,,,1,[1029.8117000000002],[1029.8118000000002],,,,,,,,,,,,,,,,,,,,,,,,,,,,,,,,,,,,,,,,,,,,,,,,,,,,,,,,,,,,,,,,,,,,,,,,,,,,
,,,,,,,,,,,,,,,,478554,001,2025-04-01_17h32.45.089,SLSI3,2022.2.5,MacIntel,60.24096386,,,,,,,,,space,10.2195,,,,,,,,,,,,,,,,,,,,,,,,,,,,,,,,,,,,,,,,,,,,,,,,,,,,,,,,,,,,,,,,,,,,,,,,,,,,,,,,,,,,,,,,,,,,,,,,,,,,,,,,,,,,,,,,,,,,,,,,,,,,,,,,,,,,,,,,,,,,,,,,,
,,,,,,,,,,,,,,,,478554,001,2025-04-01_17h32.45.089,SLSI3,2022.2.5,MacIntel,60.24096386,,,,,,,,,,,25,"[130.1521,161.05539999999996,250.88119999999998,283.95379999999994,300.98539999999997,369.7104999999999,437.6177,504.0078,528.0063,539.5912,566.4433999999999,579.855,597.6598,606.6055,615.7478,645.3405,663.3528999999999,669.9016,677.0956000000001,729.1628000000001,737.4758999999999,746.1202,761.1147,781.0158,1045.6472999999999]","[130.1521,161.05539999999996,250.88119999999998,283.95379999999994,300.98539999999997,369.7104999999999,437.6177,504.0078,528.0063,539.5912,566.4435,579.8551000000001,597.6598,606.6055,615.7478,645.3406000000001,663.3528999999999,669.9016,677.0956000000001,729.1628000000001,737.4758999999999,746.1203,761.1147,781.0158,1045.6472999999999]",,15,"[162.0265,285.39619999999996,438.2868,528.6494,540.5652,567.1311,580.5634,598.3720999999999,607.2995000000001,616.3759,645.9213000000001,663.9892,670.695,746.7152,1046.3113]","[162.0265,285.39619999999996,438.2868,528.6494,540.5652,567.1311,580.5634,598.3720999999999,607.2995999999999,616.3760000000001,645.9213000000001,663.9892,670.695,746.7152,1046.3114]",10,"[133.27909999999997,253.09819999999996,302.30209999999994,370.88269999999994,504.9800999999999,677.9632,729.6850000000001,738.3458,761.8077,781.6367]","[133.27909999999997,253.09829999999994,302.30209999999994,370.88269999999994,504.9800999999999,677.9632,729.6850000000001,738.3458999999999,761.8077,781.6367]","[""scam_button""]",9.027629937,2.6622,9.027629937,2.5719,9.027629937,1.2744,,,,,,resources/images/scam_1.png,scam,1,0.65,0,0,,,,,,,,,,,,,,,,,,,,,,,,,,,,,,,,,,,,,,,,,,0,0,0,0,1,,,,,,,,,,,,,,,,,,,,,,,,,,,,,,,,,,,,,,,,,,,,,,,,,,,,,,,,,,,,,,,,,,,,,,,
,,,,,,,,,,,,,,,,478554,001,2025-04-01_17h32.45.089,SLSI3,2022.2.5,MacIntel,60.24096386,,,,,,,,,,,26,"[130.1521,161.05539999999996,250.88119999999998,283.95379999999994,300.98539999999997,369.7104999999999,437.6177,504.0078,528.0063,539.5912,566.4433999999999,579.855,597.6598,606.6055,615.7478,645.3405,663.3528999999999,669.9016,677.0956000000001,729.1628000000001,737.4758999999999,746.1202,761.1147,781.0158,1045.6472999999999,1056.2375]","[130.1521,161.05539999999996,250.88119999999998,283.95379999999994,300.98539999999997,369.7104999999999,437.6177,504.0078,528.0063,539.5912,566.4435,579.8551000000001,597.6598,606.6055,615.7478,645.3406000000001,663.3528999999999,669.9016,677.0956000000001,729.1628000000001,737.4758999999999,746.1203,761.1147,781.0158,1045.6472999999999,1056.2375]",,16,"[162.0265,285.39619999999996,438.2868,528.6494,540.5652,567.1311,580.5634,598.3720999999999,607.2995000000001,616.3759,645.9213000000001,663.9892,670.695,746.7152,1046.3113,1056.9842]","[162.0265,285.39619999999996,438.2868,528.6494,540.5652,567.1311,580.5634,598.3720999999999,607.2995999999999,616.3760000000001,645.9213000000001,663.9892,670.695,746.7152,1046.3114,1056.9842]",10,"[133.27909999999997,253.09819999999996,302.30209999999994,370.88269999999994,504.9800999999999,677.9632,729.6850000000001,738.3458,761.8077,781.6367]","[133.27909999999997,253.09829999999994,302.30209999999994,370.88269999999994,504.9800999999999,677.9632,729.6850000000001,738.3458999999999,761.8077,781.6367]","[""scam_button""]",1.907660251,0.8601,1.907660251,0.2461,1.907660251,0.218,,,,,,resources/images/legit10-EDIT.png,legit,1,0.65,0,0,,,,,,,,,,,,,,,,,,,,,,,,,,,,,,,,,,,,,,,,,,0,1,1,18,1,,,,,,,,,,,,,,,,,,,,,,,,,,,,,,,,,,,,,,,,,,,,,,,,,,,,,,,,,,,,,,,,,,,,,,,
,,,,,,,,,,,,,,,,478554,001,2025-04-01_17h32.45.089,SLSI3,2022.2.5,MacIntel,60.24096386,,,,,,,,,,,27,"[130.1521,161.05539999999996,250.88119999999998,283.95379999999994,300.98539999999997,369.7104999999999,437.6177,504.0078,528.0063,539.5912,566.4433999999999,579.855,597.6598,606.6055,615.7478,645.3405,663.3528999999999,669.9016,677.0956000000001,729.1628000000001,737.4758999999999,746.1202,761.1147,781.0158,1045.6472999999999,1056.2375,1062.6719999999998]","[130.1521,161.05539999999996,250.88119999999998,283.95379999999994,300.98539999999997,369.7104999999999,437.6177,504.0078,528.0063,539.5912,566.4435,579.8551000000001,597.6598,606.6055,615.7478,645.3406000000001,663.3528999999999,669.9016,677.0956000000001,729.1628000000001,737.4758999999999,746.1203,761.1147,781.0158,1045.6472999999999,1056.2375,1062.6721]",,17,"[162.0265,285.39619999999996,438.2868,528.6494,540.5652,567.1311,580.5634,598.3720999999999,607.2995000000001,616.3759,645.9213000000001,663.9892,670.695,746.7152,1046.3113,1056.9842,1063.3564]","[162.0265,285.39619999999996,438.2868,528.6494,540.5652,567.1311,580.5634,598.3720999999999,607.2995999999999,616.3760000000001,645.9213000000001,663.9892,670.695,746.7152,1046.3114,1056.9842,1063.3565]",10,"[133.27909999999997,253.09819999999996,302.30209999999994,370.88269999999994,504.9800999999999,677.9632,729.6850000000001,738.3458,761.8077,781.6367]","[133.27909999999997,253.09829999999994,302.30209999999994,370.88269999999994,504.9800999999999,677.9632,729.6850000000001,738.3458999999999,761.8077,781.6367]","[""scam_button""]",9.955236816,2.9008,9.955236816,0.1453,9.955236816,0.1415,,,,,,resources/images/scam12.jpg,scam,0.65,0.65,0,0,,,,,,,,,,,,,,,,,,,,,,,,,,,,,,,,,,,,,,,,,,0,2,2,20,1,,,,,,,,,,,,,,,,,,,,,,,,,,,,,,,,,,,,,,,,,,,,,,,,,,,,,,,,,,,,,,,,,,,,,,,
,,,,,,,,,,,,,,,,478554,001,2025-04-01_17h32.45.089,SLSI3,2022.2.5,MacIntel,60.24096386,,,,,,,,,,,28,"[130.1521,161.05539999999996,250.88119999999998,283.95379999999994,300.98539999999997,369.7104999999999,437.6177,504.0078,528.0063,539.5912,566.4433999999999,579.855,597.6598,606.6055,615.7478,645.3405,663.3528999999999,669.9016,677.0956000000001,729.1628000000001,737.4758999999999,746.1202,761.1147,781.0158,1045.6472999999999,1056.2375,1062.6719999999998,1077.4019999999998]","[130.1521,161.05539999999996,250.88119999999998,283.95379999999994,300.98539999999997,369.7104999999999,437.6177,504.0078,528.0063,539.5912,566.4435,579.8551000000001,597.6598,606.6055,615.7478,645.3406000000001,663.3528999999999,669.9016,677.0956000000001,729.1628000000001,737.4758999999999,746.1203,761.1147,781.0158,1045.6472999999999,1056.2375,1062.6721,1077.4019999999998]",,18,"[162.0265,285.39619999999996,438.2868,528.6494,540.5652,567.1311,580.5634,598.3720999999999,607.2995000000001,616.3759,645.9213000000001,663.9892,670.695,746.7152,1046.3113,1056.9842,1063.3564,1078.1637]","[162.0265,285.39619999999996,438.2868,528.6494,540.5652,567.1311,580.5634,598.3720999999999,607.2995999999999,616.3760000000001,645.9213000000001,663.9892,670.695,746.7152,1046.3114,1056.9842,1063.3565,1078.1637]",10,"[133.27909999999997,253.09819999999996,302.30209999999994,370.88269999999994,504.9800999999999,677.9632,729.6850000000001,738.3458,761.8077,781.6367]","[133.27909999999997,253.09829999999994,302.30209999999994,370.88269999999994,504.9800999999999,677.9632,729.6850000000001,738.3458999999999,761.8077,781.6367]","[""scam_button""]",7.927868652,1.2279,7.927868652,0.1993,7.927868652,0.1493,,,,,,resources/images/scam10.jpg,scam,1,0.65,0,0,,,,,,,,,,,,,,,,,,,,,,,,,,,,,,,,,,,,,,,,,,0,3,3,17,1,,,,,,,,,,,,,,,,,,,,,,,,,,,,,,,,,,,,,,,,,,,,,,,,,,,,,,,,,,,,,,,,,,,,,,,
,,,,,,,,,,,,,,,,478554,001,2025-04-01_17h32.45.089,SLSI3,2022.2.5,MacIntel,60.24096386,,,,,,,,,,,29,"[130.1521,161.05539999999996,250.88119999999998,283.95379999999994,300.98539999999997,369.7104999999999,437.6177,504.0078,528.0063,539.5912,566.4433999999999,579.855,597.6598,606.6055,615.7478,645.3405,663.3528999999999,669.9016,677.0956000000001,729.1628000000001,737.4758999999999,746.1202,761.1147,781.0158,1045.6472999999999,1056.2375,1062.6719999999998,1077.4019999999998,1099.0176]","[130.1521,161.05539999999996,250.88119999999998,283.95379999999994,300.98539999999997,369.7104999999999,437.6177,504.0078,528.0063,539.5912,566.4435,579.8551000000001,597.6598,606.6055,615.7478,645.3406000000001,663.3528999999999,669.9016,677.0956000000001,729.1628000000001,737.4758999999999,746.1203,761.1147,781.0158,1045.6472999999999,1056.2375,1062.6721,1077.4019999999998,1099.0176]",,19,"[162.0265,285.39619999999996,438.2868,528.6494,540.5652,567.1311,580.5634,598.3720999999999,607.2995000000001,616.3759,645.9213000000001,663.9892,670.695,746.7152,1046.3113,1056.9842,1063.3564,1078.1637,1099.5446000000002]","[162.0265,285.39619999999996,438.2868,528.6494,540.5652,567.1311,580.5634,598.3720999999999,607.2995999999999,616.3760000000001,645.9213000000001,663.9892,670.695,746.7152,1046.3114,1056.9842,1063.3565,1078.1637,1099.5446000000002]",10,"[133.27909999999997,253.09819999999996,302.30209999999994,370.88269999999994,504.9800999999999,677.9632,729.6850000000001,738.3458,761.8077,781.6367]","[133.27909999999997,253.09829999999994,302.30209999999994,370.88269999999994,504.9800999999999,677.9632,729.6850000000001,738.3458999999999,761.8077,781.6367]","[""scam_button""]",8.084857856,1.1273,8.084857856,0.1828,8.084857856,0.4466,,,,,,resources/images/legit5-EDIT.png,legit,0.65,0.65,0,0,,,,,,,,,,,,,,,,,,,,,,,,,,,,,,,,,,,,,,,,,,0,4,4,12,1,,,,,,,,,,,,,,,,,,,,,,,,,,,,,,,,,,,,,,,,,,,,,,,,,,,,,,,,,,,,,,,,,,,,,,,
,,,,,,,,,,,,,,,,478554,001,2025-04-01_17h32.45.089,SLSI3,2022.2.5,MacIntel,60.24096386,,,,,,,,,,,30,"[130.1521,161.05539999999996,250.88119999999998,283.95379999999994,300.98539999999997,369.7104999999999,437.6177,504.0078,528.0063,539.5912,566.4433999999999,579.855,597.6598,606.6055,615.7478,645.3405,663.3528999999999,669.9016,677.0956000000001,729.1628000000001,737.4758999999999,746.1202,761.1147,781.0158,1045.6472999999999,1056.2375,1062.6719999999998,1077.4019999999998,1099.0176,1118.157]","[130.1521,161.05539999999996,250.88119999999998,283.95379999999994,300.98539999999997,369.7104999999999,437.6177,504.0078,528.0063,539.5912,566.4435,579.8551000000001,597.6598,606.6055,615.7478,645.3406000000001,663.3528999999999,669.9016,677.0956000000001,729.1628000000001,737.4758999999999,746.1203,761.1147,781.0158,1045.6472999999999,1056.2375,1062.6721,1077.4019999999998,1099.0176,1118.157]",,19,"[162.0265,285.39619999999996,438.2868,528.6494,540.5652,567.1311,580.5634,598.3720999999999,607.2995000000001,616.3759,645.9213000000001,663.9892,670.695,746.7152,1046.3113,1056.9842,1063.3564,1078.1637,1099.5446000000002]","[162.0265,285.39619999999996,438.2868,528.6494,540.5652,567.1311,580.5634,598.3720999999999,607.2995999999999,616.3760000000001,645.9213000000001,663.9892,670.695,746.7152,1046.3114,1056.9842,1063.3565,1078.1637,1099.5446000000002]",11,"[133.27909999999997,253.09819999999996,302.30209999999994,370.88269999999994,504.9800999999999,677.9632,729.6850000000001,738.3458,761.8077,781.6367,1118.9778999999999]","[133.27909999999997,253.09829999999994,302.30209999999994,370.88269999999994,504.9800999999999,677.9632,729.6850000000001,738.3458999999999,761.8077,781.6367,1118.9778999999999]","[""legit_button""]",5.043045383,1.3085,5.043045383,0.129,5.043045383,0.1513,,,,,,resources/images/legit1.png,legit,1,0.72,0,0,,,,,,,,,,,,,,,,,,,,,,,,,,,,,,,,,,,,,,,,,,0,5,5,3,1,,,,,,,,,,,,,,,,,,,,,,,,,,,,,,,,,,,,,,,,,,,,,,,,,,,,,,,,,,,,,,,,,,,,,,,
,,,,,,,,,,,,,,,,478554,001,2025-04-01_17h32.45.089,SLSI3,2022.2.5,MacIntel,60.24096386,,,,,,,,,,,31,"[130.1521,161.05539999999996,250.88119999999998,283.95379999999994,300.98539999999997,369.7104999999999,437.6177,504.0078,528.0063,539.5912,566.4433999999999,579.855,597.6598,606.6055,615.7478,645.3405,663.3528999999999,669.9016,677.0956000000001,729.1628000000001,737.4758999999999,746.1202,761.1147,781.0158,1045.6472999999999,1056.2375,1062.6719999999998,1077.4019999999998,1099.0176,1118.157,1123.493]","[130.1521,161.05539999999996,250.88119999999998,283.95379999999994,300.98539999999997,369.7104999999999,437.6177,504.0078,528.0063,539.5912,566.4435,579.8551000000001,597.6598,606.6055,615.7478,645.3406000000001,663.3528999999999,669.9016,677.0956000000001,729.1628000000001,737.4758999999999,746.1203,761.1147,781.0158,1045.6472999999999,1056.2375,1062.6721,1077.4019999999998,1099.0176,1118.157,1123.4931]",,20,"[162.0265,285.39619999999996,438.2868,528.6494,540.5652,567.1311,580.5634,598.3720999999999,607.2995000000001,616.3759,645.9213000000001,663.9892,670.695,746.7152,1046.3113,1056.9842,1063.3564,1078.1637,1099.5446000000002,1124.0764]","[162.0265,285.39619999999996,438.2868,528.6494,540.5652,567.1311,580.5634,598.3720999999999,607.2995999999999,616.3760000000001,645.9213000000001,663.9892,670.695,746.7152,1046.3114,1056.9842,1063.3565,1078.1637,1099.5446000000002,1124.0764]",11,"[133.27909999999997,253.09819999999996,302.30209999999994,370.88269999999994,504.9800999999999,677.9632,729.6850000000001,738.3458,761.8077,781.6367,1118.9778999999999]","[133.27909999999997,253.09829999999994,302.30209999999994,370.88269999999994,504.9800999999999,677.9632,729.6850000000001,738.3458999999999,761.8077,781.6367,1118.9778999999999]","[""scam_button""]",4.959102376,0.8675,4.959102376,0.1309,4.959102376,0.1461,,,,,,resources/images/scam_11.png,scam,1,0.65,0,0,,,,,,,,,,,,,,,,,,,,,,,,,,,,,,,,,,,,,,,,,,0,6,6,19,1,,,,,,,,,,,,,,,,,,,,,,,,,,,,,,,,,,,,,,,,,,,,,,,,,,,,,,,,,,,,,,,,,,,,,,,
,,,,,,,,,,,,,,,,478554,001,2025-04-01_17h32.45.089,SLSI3,2022.2.5,MacIntel,60.24096386,,,,,,,,,,,32,"[130.1521,161.05539999999996,250.88119999999998,283.95379999999994,300.98539999999997,369.7104999999999,437.6177,504.0078,528.0063,539.5912,566.4433999999999,579.855,597.6598,606.6055,615.7478,645.3405,663.3528999999999,669.9016,677.0956000000001,729.1628000000001,737.4758999999999,746.1202,761.1147,781.0158,1045.6472999999999,1056.2375,1062.6719999999998,1077.4019999999998,1099.0176,1118.157,1123.493,1133.0177999999999]","[130.1521,161.05539999999996,250.88119999999998,283.95379999999994,300.98539999999997,369.7104999999999,437.6177,504.0078,528.0063,539.5912,566.4435,579.8551000000001,597.6598,606.6055,615.7478,645.3406000000001,663.3528999999999,669.9016,677.0956000000001,729.1628000000001,737.4758999999999,746.1203,761.1147,781.0158,1045.6472999999999,1056.2375,1062.6721,1077.4019999999998,1099.0176,1118.157,1123.4931,1133.0179]",,21,"[162.0265,285.39619999999996,438.2868,528.6494,540.5652,567.1311,580.5634,598.3720999999999,607.2995000000001,616.3759,645.9213000000001,663.9892,670.695,746.7152,1046.3113,1056.9842,1063.3564,1078.1637,1099.5446000000002,1124.0764,1133.9219]","[162.0265,285.39619999999996,438.2868,528.6494,540.5652,567.1311,580.5634,598.3720999999999,607.2995999999999,616.3760000000001,645.9213000000001,663.9892,670.695,746.7152,1046.3114,1056.9842,1063.3565,1078.1637,1099.5446000000002,1124.0764,1133.922]",11,"[133.27909999999997,253.09819999999996,302.30209999999994,370.88269999999994,504.9800999999999,677.9632,729.6850000000001,738.3458,761.8077,781.6367,1118.9778999999999]","[133.27909999999997,253.09829999999994,302.30209999999994,370.88269999999994,504.9800999999999,677.9632,729.6850000000001,738.3458999999999,761.8077,781.6367,1118.9778999999999]","[""scam_button""]",5.986307102,1.9161,5.986307102,0.1423,5.986307102,0.1778,,,,,,resources/images/legit2.jpg,legit,1,0.65,0,0,,,,,,,,,,,,,,,,,,,,,,,,,,,,,,,,,,,,,,,,,,0,7,7,4,1,,,,,,,,,,,,,,,,,,,,,,,,,,,,,,,,,,,,,,,,,,,,,,,,,,,,,,,,,,,,,,,,,,,,,,,
,,,,,,,,,,,,,,,,478554,001,2025-04-01_17h32.45.089,SLSI3,2022.2.5,MacIntel,60.24096386,,,,,,,,,,,33,"[130.1521,161.05539999999996,250.88119999999998,283.95379999999994,300.98539999999997,369.7104999999999,437.6177,504.0078,528.0063,539.5912,566.4433999999999,579.855,597.6598,606.6055,615.7478,645.3405,663.3528999999999,669.9016,677.0956000000001,729.1628000000001,737.4758999999999,746.1202,761.1147,781.0158,1045.6472999999999,1056.2375,1062.6719999999998,1077.4019999999998,1099.0176,1118.157,1123.493,1133.0177999999999,1203.6571]","[130.1521,161.05539999999996,250.88119999999998,283.95379999999994,300.98539999999997,369.7104999999999,437.6177,504.0078,528.0063,539.5912,566.4435,579.8551000000001,597.6598,606.6055,615.7478,645.3406000000001,663.3528999999999,669.9016,677.0956000000001,729.1628000000001,737.4758999999999,746.1203,761.1147,781.0158,1045.6472999999999,1056.2375,1062.6721,1077.4019999999998,1099.0176,1118.157,1123.4931,1133.0179,1203.6571]",,22,"[162.0265,285.39619999999996,438.2868,528.6494,540.5652,567.1311,580.5634,598.3720999999999,607.2995000000001,616.3759,645.9213000000001,663.9892,670.695,746.7152,1046.3113,1056.9842,1063.3564,1078.1637,1099.5446000000002,1124.0764,1133.9219,1204.4096000000002]","[162.0265,285.39619999999996,438.2868,528.6494,540.5652,567.1311,580.5634,598.3720999999999,607.2995999999999,616.3760000000001,645.9213000000001,663.9892,670.695,746.7152,1046.3114,1056.9842,1063.3565,1078.1637,1099.5446000000002,1124.0764,1133.922,1204.4096000000002]",11,"[133.27909999999997,253.09819999999996,302.30209999999994,370.88269999999994,504.9800999999999,677.9632,729.6850000000001,738.3458,761.8077,781.6367,1118.9778999999999]","[133.27909999999997,253.09829999999994,302.30209999999994,370.88269999999994,504.9800999999999,677.9632,729.6850000000001,738.3458999999999,761.8077,781.6367,1118.9778999999999]","[""scam_button""]",6.007328288,1.0626,6.007328288,0.1547,6.007328288,0.1671,,,,,,resources/images/legit9-EDIT.png,legit,1,0.65,0,0,,,,,,,,,,,,,,,,,,,,,,,,,,,,,,,,,,,,,,,,,,0,8,8,8,1,,,,,,,,,,,,,,,,,,,,,,,,,,,,,,,,,,,,,,,,,,,,,,,,,,,,,,,,,,,,,,,,,,,,,,,
,,,,,,,,,,,,,,,,478554,001,2025-04-01_17h32.45.089,SLSI3,2022.2.5,MacIntel,60.24096386,,,,,,,,,,,34,"[130.1521,161.05539999999996,250.88119999999998,283.95379999999994,300.98539999999997,369.7104999999999,437.6177,504.0078,528.0063,539.5912,566.4433999999999,579.855,597.6598,606.6055,615.7478,645.3405,663.3528999999999,669.9016,677.0956000000001,729.1628000000001,737.4758999999999,746.1202,761.1147,781.0158,1045.6472999999999,1056.2375,1062.6719999999998,1077.4019999999998,1099.0176,1118.157,1123.493,1133.0177999999999,1203.6571,1227.9436]","[130.1521,161.05539999999996,250.88119999999998,283.95379999999994,300.98539999999997,369.7104999999999,437.6177,504.0078,528.0063,539.5912,566.4435,579.8551000000001,597.6598,606.6055,615.7478,645.3406000000001,663.3528999999999,669.9016,677.0956000000001,729.1628000000001,737.4758999999999,746.1203,761.1147,781.0158,1045.6472999999999,1056.2375,1062.6721,1077.4019999999998,1099.0176,1118.157,1123.4931,1133.0179,1203.6571,1227.9436]",,23,"[162.0265,285.39619999999996,438.2868,528.6494,540.5652,567.1311,580.5634,598.3720999999999,607.2995000000001,616.3759,645.9213000000001,663.9892,670.695,746.7152,1046.3113,1056.9842,1063.3564,1078.1637,1099.5446000000002,1124.0764,1133.9219,1204.4096000000002,1229.3452]","[162.0265,285.39619999999996,438.2868,528.6494,540.5652,567.1311,580.5634,598.3720999999999,607.2995999999999,616.3760000000001,645.9213000000001,663.9892,670.695,746.7152,1046.3114,1056.9842,1063.3565,1078.1637,1099.5446000000002,1124.0764,1133.922,1204.4096000000002,1229.3453000000002]",11,"[133.27909999999997,253.09819999999996,302.30209999999994,370.88269999999994,504.9800999999999,677.9632,729.6850000000001,738.3458,761.8077,781.6367,1118.9778999999999]","[133.27909999999997,253.09829999999994,302.30209999999994,370.88269999999994,504.9800999999999,677.9632,729.6850000000001,738.3458999999999,761.8077,781.6367,1118.9778999999999]","[""scam_button""]",2.828699409,1.1062,2.828699409,0.3528,2.835721164,0.076,,,,,,resources/images/legit4-EDIT.png,legit,0.65,0.65,0,0,,,,,,,,,,,,,,,,,,,,,,,,,,,,,,,,,,,,,,,,,,0,9,9,11,1,,,,,,,,,,,,,,,,,,,,,,,,,,,,,,,,,,,,,,,,,,,,,,,,,,,,,,,,,,,,,,,,,,,,,,,
,,,,,,,,,,,,,,,,478554,001,2025-04-01_17h32.45.089,SLSI3,2022.2.5,MacIntel,60.24096386,,,,,,,,,,,35,"[130.1521,161.05539999999996,250.88119999999998,283.95379999999994,300.98539999999997,369.7104999999999,437.6177,504.0078,528.0063,539.5912,566.4433999999999,579.855,597.6598,606.6055,615.7478,645.3405,663.3528999999999,669.9016,677.0956000000001,729.1628000000001,737.4758999999999,746.1202,761.1147,781.0158,1045.6472999999999,1056.2375,1062.6719999999998,1077.4019999999998,1099.0176,1118.157,1123.493,1133.0177999999999,1203.6571,1227.9436,1250.8384]","[130.1521,161.05539999999996,250.88119999999998,283.95379999999994,300.98539999999997,369.7104999999999,437.6177,504.0078,528.0063,539.5912,566.4435,579.8551000000001,597.6598,606.6055,615.7478,645.3406000000001,663.3528999999999,669.9016,677.0956000000001,729.1628000000001,737.4758999999999,746.1203,761.1147,781.0158,1045.6472999999999,1056.2375,1062.6721,1077.4019999999998,1099.0176,1118.157,1123.4931,1133.0179,1203.6571,1227.9436,1250.8384999999998]",,24,"[162.0265,285.39619999999996,438.2868,528.6494,540.5652,567.1311,580.5634,598.3720999999999,607.2995000000001,616.3759,645.9213000000001,663.9892,670.695,746.7152,1046.3113,1056.9842,1063.3564,1078.1637,1099.5446000000002,1124.0764,1133.9219,1204.4096000000002,1229.3452,1251.6316000000002]","[162.0265,285.39619999999996,438.2868,528.6494,540.5652,567.1311,580.5634,598.3720999999999,607.2995999999999,616.3760000000001,645.9213000000001,663.9892,670.695,746.7152,1046.3114,1056.9842,1063.3565,1078.1637,1099.5446000000002,1124.0764,1133.922,1204.4096000000002,1229.3453000000002,1251.6316000000002]",11,"[133.27909999999997,253.09819999999996,302.30209999999994,370.88269999999994,504.9800999999999,677.9632,729.6850000000001,738.3458,761.8077,781.6367,1118.9778999999999]","[133.27909999999997,253.09829999999994,302.30209999999994,370.88269999999994,504.9800999999999,677.9632,729.6850000000001,738.3458999999999,761.8077,781.6367,1118.9778999999999]","[""scam_button""]",0.97108256,1.0993,0.97108256,0.1385,0.97108256,0.134,,,,,,resources/images/scam14-EDIT.png,scam,1,0.65,0,0,,,,,,,,,,,,,,,,,,,,,,,,,,,,,,,,,,,,,,,,,,0,10,10,23,1,,,,,,,,,,,,,,,,,,,,,,,,,,,,,,,,,,,,,,,,,,,,,,,,,,,,,,,,,,,,,,,,,,,,,,,
,,,,,,,,,,,,,,,,478554,001,2025-04-01_17h32.45.089,SLSI3,2022.2.5,MacIntel,60.24096386,,,,,,,,,,,36,"[130.1521,161.05539999999996,250.88119999999998,283.95379999999994,300.98539999999997,369.7104999999999,437.6177,504.0078,528.0063,539.5912,566.4433999999999,579.855,597.6598,606.6055,615.7478,645.3405,663.3528999999999,669.9016,677.0956000000001,729.1628000000001,737.4758999999999,746.1202,761.1147,781.0158,1045.6472999999999,1056.2375,1062.6719999999998,1077.4019999999998,1099.0176,1118.157,1123.493,1133.0177999999999,1203.6571,1227.9436,1250.8384,1266.7779999999998]","[130.1521,161.05539999999996,250.88119999999998,283.95379999999994,300.98539999999997,369.7104999999999,437.6177,504.0078,528.0063,539.5912,566.4435,579.8551000000001,597.6598,606.6055,615.7478,645.3406000000001,663.3528999999999,669.9016,677.0956000000001,729.1628000000001,737.4758999999999,746.1203,761.1147,781.0158,1045.6472999999999,1056.2375,1062.6721,1077.4019999999998,1099.0176,1118.157,1123.4931,1133.0179,1203.6571,1227.9436,1250.8384999999998,1266.7779999999998]",,25,"[162.0265,285.39619999999996,438.2868,528.6494,540.5652,567.1311,580.5634,598.3720999999999,607.2995000000001,616.3759,645.9213000000001,663.9892,670.695,746.7152,1046.3113,1056.9842,1063.3564,1078.1637,1099.5446000000002,1124.0764,1133.9219,1204.4096000000002,1229.3452,1251.6316000000002,1267.4218]","[162.0265,285.39619999999996,438.2868,528.6494,540.5652,567.1311,580.5634,598.3720999999999,607.2995999999999,616.3760000000001,645.9213000000001,663.9892,670.695,746.7152,1046.3114,1056.9842,1063.3565,1078.1637,1099.5446000000002,1124.0764,1133.922,1204.4096000000002,1229.3453000000002,1251.6316000000002,1267.4218]",11,"[133.27909999999997,253.09819999999996,302.30209999999994,370.88269999999994,504.9800999999999,677.9632,729.6850000000001,738.3458,761.8077,781.6367,1118.9778999999999]","[133.27909999999997,253.09829999999994,302.30209999999994,370.88269999999994,504.9800999999999,677.9632,729.6850000000001,738.3458999999999,761.8077,781.6367,1118.9778999999999]","[""scam_button""]",2.047599962,0.9607,2.047599962,0.1304,2.047599962,0.1844,,,,,,resources/images/scam7.png,scam,0.65,0.65,0,0,,,,,,,,,,,,,,,,,,,,,,,,,,,,,,,,,,,,,,,,,,0,11,11,10,1,,,,,,,,,,,,,,,,,,,,,,,,,,,,,,,,,,,,,,,,,,,,,,,,,,,,,,,,,,,,,,,,,,,,,,,
,,,,,,,,,,,,,,,,478554,001,2025-04-01_17h32.45.089,SLSI3,2022.2.5,MacIntel,60.24096386,,,,,,,,,,,37,"[130.1521,161.05539999999996,250.88119999999998,283.95379999999994,300.98539999999997,369.7104999999999,437.6177,504.0078,528.0063,539.5912,566.4433999999999,579.855,597.6598,606.6055,615.7478,645.3405,663.3528999999999,669.9016,677.0956000000001,729.1628000000001,737.4758999999999,746.1202,761.1147,781.0158,1045.6472999999999,1056.2375,1062.6719999999998,1077.4019999999998,1099.0176,1118.157,1123.493,1133.0177999999999,1203.6571,1227.9436,1250.8384,1266.7779999999998,1270.898]","[130.1521,161.05539999999996,250.88119999999998,283.95379999999994,300.98539999999997,369.7104999999999,437.6177,504.0078,528.0063,539.5912,566.4435,579.8551000000001,597.6598,606.6055,615.7478,645.3406000000001,663.3528999999999,669.9016,677.0956000000001,729.1628000000001,737.4758999999999,746.1203,761.1147,781.0158,1045.6472999999999,1056.2375,1062.6721,1077.4019999999998,1099.0176,1118.157,1123.4931,1133.0179,1203.6571,1227.9436,1250.8384999999998,1266.7779999999998,1270.8980999999999]",,26,"[162.0265,285.39619999999996,438.2868,528.6494,540.5652,567.1311,580.5634,598.3720999999999,607.2995000000001,616.3759,645.9213000000001,663.9892,670.695,746.7152,1046.3113,1056.9842,1063.3564,1078.1637,1099.5446000000002,1124.0764,1133.9219,1204.4096000000002,1229.3452,1251.6316000000002,1267.4218,1271.5412000000001]","[162.0265,285.39619999999996,438.2868,528.6494,540.5652,567.1311,580.5634,598.3720999999999,607.2995999999999,616.3760000000001,645.9213000000001,663.9892,670.695,746.7152,1046.3114,1056.9842,1063.3565,1078.1637,1099.5446000000002,1124.0764,1133.922,1204.4096000000002,1229.3453000000002,1251.6316000000002,1267.4218,1271.5412000000001]",11,"[133.27909999999997,253.09819999999996,302.30209999999994,370.88269999999994,504.9800999999999,677.9632,729.6850000000001,738.3458,761.8077,781.6367,1118.9778999999999]","[133.27909999999997,253.09829999999994,302.30209999999994,370.88269999999994,504.9800999999999,677.9632,729.6850000000001,738.3458999999999,761.8077,781.6367,1118.9778999999999]","[""scam_button""]",6.16174452,1.1802,6.16174452,0.1531,6.16174452,0.1282,,,,,,resources/images/legit6.png,legit,0.65,0.65,0,0,,,,,,,,,,,,,,,,,,,,,,,,,,,,,,,,,,,,,,,,,,0,12,12,13,1,,,,,,,,,,,,,,,,,,,,,,,,,,,,,,,,,,,,,,,,,,,,,,,,,,,,,,,,,,,,,,,,,,,,,,,
,,,,,,,,,,,,,,,,478554,001,2025-04-01_17h32.45.089,SLSI3,2022.2.5,MacIntel,60.24096386,,,,,,,,,,,38,"[130.1521,161.05539999999996,250.88119999999998,283.95379999999994,300.98539999999997,369.7104999999999,437.6177,504.0078,528.0063,539.5912,566.4433999999999,579.855,597.6598,606.6055,615.7478,645.3405,663.3528999999999,669.9016,677.0956000000001,729.1628000000001,737.4758999999999,746.1202,761.1147,781.0158,1045.6472999999999,1056.2375,1062.6719999999998,1077.4019999999998,1099.0176,1118.157,1123.493,1133.0177999999999,1203.6571,1227.9436,1250.8384,1266.7779999999998,1270.898,1279.4189999999999]","[130.1521,161.05539999999996,250.88119999999998,283.95379999999994,300.98539999999997,369.7104999999999,437.6177,504.0078,528.0063,539.5912,566.4435,579.8551000000001,597.6598,606.6055,615.7478,645.3406000000001,663.3528999999999,669.9016,677.0956000000001,729.1628000000001,737.4758999999999,746.1203,761.1147,781.0158,1045.6472999999999,1056.2375,1062.6721,1077.4019999999998,1099.0176,1118.157,1123.4931,1133.0179,1203.6571,1227.9436,1250.8384999999998,1266.7779999999998,1270.8980999999999,1279.4189999999999]",,27,"[162.0265,285.39619999999996,438.2868,528.6494,540.5652,567.1311,580.5634,598.3720999999999,607.2995000000001,616.3759,645.9213000000001,663.9892,670.695,746.7152,1046.3113,1056.9842,1063.3564,1078.1637,1099.5446000000002,1124.0764,1133.9219,1204.4096000000002,1229.3452,1251.6316000000002,1267.4218,1271.5412000000001,1280.1284]","[162.0265,285.39619999999996,438.2868,528.6494,540.5652,567.1311,580.5634,598.3720999999999,607.2995999999999,616.3760000000001,645.9213000000001,663.9892,670.695,746.7152,1046.3114,1056.9842,1063.3565,1078.1637,1099.5446000000002,1124.0764,1133.922,1204.4096000000002,1229.3453000000002,1251.6316000000002,1267.4218,1271.5412000000001,1280.1284]",11,"[133.27909999999997,253.09819999999996,302.30209999999994,370.88269999999994,504.9800999999999,677.9632,729.6850000000001,738.3458,761.8077,781.6367,1118.9778999999999]","[133.27909999999997,253.09829999999994,302.30209999999994,370.88269999999994,504.9800999999999,677.9632,729.6850000000001,738.3458999999999,761.8077,781.6367,1118.9778999999999]","[""scam_button""]",7.791429986,0.98,7.791429986,0.1571,7.791429986,0.1294,,,,,,resources/images/scam13.png,scam,1,0.65,0,0,,,,,,,,,,,,,,,,,,,,,,,,,,,,,,,,,,,,,,,,,,0,13,13,16,1,,,,,,,,,,,,,,,,,,,,,,,,,,,,,,,,,,,,,,,,,,,,,,,,,,,,,,,,,,,,,,,,,,,,,,,
,,,,,,,,,,,,,,,,478554,001,2025-04-01_17h32.45.089,SLSI3,2022.2.5,MacIntel,60.24096386,,,,,,,,,,,39,"[130.1521,161.05539999999996,250.88119999999998,283.95379999999994,300.98539999999997,369.7104999999999,437.6177,504.0078,528.0063,539.5912,566.4433999999999,579.855,597.6598,606.6055,615.7478,645.3405,663.3528999999999,669.9016,677.0956000000001,729.1628000000001,737.4758999999999,746.1202,761.1147,781.0158,1045.6472999999999,1056.2375,1062.6719999999998,1077.4019999999998,1099.0176,1118.157,1123.493,1133.0177999999999,1203.6571,1227.9436,1250.8384,1266.7779999999998,1270.898,1279.4189999999999,1293.1797]","[130.1521,161.05539999999996,250.88119999999998,283.95379999999994,300.98539999999997,369.7104999999999,437.6177,504.0078,528.0063,539.5912,566.4435,579.8551000000001,597.6598,606.6055,615.7478,645.3406000000001,663.3528999999999,669.9016,677.0956000000001,729.1628000000001,737.4758999999999,746.1203,761.1147,781.0158,1045.6472999999999,1056.2375,1062.6721,1077.4019999999998,1099.0176,1118.157,1123.4931,1133.0179,1203.6571,1227.9436,1250.8384999999998,1266.7779999999998,1270.8980999999999,1279.4189999999999,1293.1797]",,28,"[162.0265,285.39619999999996,438.2868,528.6494,540.5652,567.1311,580.5634,598.3720999999999,607.2995000000001,616.3759,645.9213000000001,663.9892,670.695,746.7152,1046.3113,1056.9842,1063.3564,1078.1637,1099.5446000000002,1124.0764,1133.9219,1204.4096000000002,1229.3452,1251.6316000000002,1267.4218,1271.5412000000001,1280.1284,1294.2440000000001]","[162.0265,285.39619999999996,438.2868,528.6494,540.5652,567.1311,580.5634,598.3720999999999,607.2995999999999,616.3760000000001,645.9213000000001,663.9892,670.695,746.7152,1046.3114,1056.9842,1063.3565,1078.1637,1099.5446000000002,1124.0764,1133.922,1204.4096000000002,1229.3453000000002,1251.6316000000002,1267.4218,1271.5412000000001,1280.1284,1294.2440000000001]",11,"[133.27909999999997,253.09819999999996,302.30209999999994,370.88269999999994,504.9800999999999,677.9632,729.6850000000001,738.3458,761.8077,781.6367,1118.9778999999999]","[133.27909999999997,253.09829999999994,302.30209999999994,370.88269999999994,504.9800999999999,677.9632,729.6850000000001,738.3458999999999,761.8077,781.6367,1118.9778999999999]","[""scam_button""]",8.90095893,1.378,8.90095893,0.1462,8.90095893,0.1508,,,,,,resources/images/scam6.jpg,scam,1,0.65,0,0,,,,,,,,,,,,,,,,,,,,,,,,,,,,,,,,,,,,,,,,,,0,14,14,9,1,,,,,,,,,,,,,,,,,,,,,,,,,,,,,,,,,,,,,,,,,,,,,,,,,,,,,,,,,,,,,,,,,,,,,,,
,,,,,,,,,,,,,,,,478554,001,2025-04-01_17h32.45.089,SLSI3,2022.2.5,MacIntel,60.24096386,,,,,,,,,,,40,"[130.1521,161.05539999999996,250.88119999999998,283.95379999999994,300.98539999999997,369.7104999999999,437.6177,504.0078,528.0063,539.5912,566.4433999999999,579.855,597.6598,606.6055,615.7478,645.3405,663.3528999999999,669.9016,677.0956000000001,729.1628000000001,737.4758999999999,746.1202,761.1147,781.0158,1045.6472999999999,1056.2375,1062.6719999999998,1077.4019999999998,1099.0176,1118.157,1123.493,1133.0177999999999,1203.6571,1227.9436,1250.8384,1266.7779999999998,1270.898,1279.4189999999999,1293.1797,1299.4361999999999]","[130.1521,161.05539999999996,250.88119999999998,283.95379999999994,300.98539999999997,369.7104999999999,437.6177,504.0078,528.0063,539.5912,566.4435,579.8551000000001,597.6598,606.6055,615.7478,645.3406000000001,663.3528999999999,669.9016,677.0956000000001,729.1628000000001,737.4758999999999,746.1203,761.1147,781.0158,1045.6472999999999,1056.2375,1062.6721,1077.4019999999998,1099.0176,1118.157,1123.4931,1133.0179,1203.6571,1227.9436,1250.8384999999998,1266.7779999999998,1270.8980999999999,1279.4189999999999,1293.1797,1299.4362999999998]",,29,"[162.0265,285.39619999999996,438.2868,528.6494,540.5652,567.1311,580.5634,598.3720999999999,607.2995000000001,616.3759,645.9213000000001,663.9892,670.695,746.7152,1046.3113,1056.9842,1063.3564,1078.1637,1099.5446000000002,1124.0764,1133.9219,1204.4096000000002,1229.3452,1251.6316000000002,1267.4218,1271.5412000000001,1280.1284,1294.2440000000001,1300.1231000000002]","[162.0265,285.39619999999996,438.2868,528.6494,540.5652,567.1311,580.5634,598.3720999999999,607.2995999999999,616.3760000000001,645.9213000000001,663.9892,670.695,746.7152,1046.3114,1056.9842,1063.3565,1078.1637,1099.5446000000002,1124.0764,1133.922,1204.4096000000002,1229.3453000000002,1251.6316000000002,1267.4218,1271.5412000000001,1280.1284,1294.2440000000001,1300.1231000000002]",11,"[133.27909999999997,253.09819999999996,302.30209999999994,370.88269999999994,504.9800999999999,677.9632,729.6850000000001,738.3458,761.8077,781.6367,1118.9778999999999]","[133.27909999999997,253.09829999999994,302.30209999999994,370.88269999999994,504.9800999999999,677.9632,729.6850000000001,738.3458999999999,761.8077,781.6367,1118.9778999999999]","[""scam_button""]",8.261903212,1.3096,8.261903212,0.1561,8.261903212,0.1467,,,,,,resources/images/legit17-EDIT.png,legit,0.65,0.65,0,0,,,,,,,,,,,,,,,,,,,,,,,,,,,,,,,,,,,,,,,,,,0,15,15,22,1,,,,,,,,,,,,,,,,,,,,,,,,,,,,,,,,,,,,,,,,,,,,,,,,,,,,,,,,,,,,,,,,,,,,,,,
,,,,,,,,,,,,,,,,478554,001,2025-04-01_17h32.45.089,SLSI3,2022.2.5,MacIntel,60.24096386,,,,,,,,,,,41,"[130.1521,161.05539999999996,250.88119999999998,283.95379999999994,300.98539999999997,369.7104999999999,437.6177,504.0078,528.0063,539.5912,566.4433999999999,579.855,597.6598,606.6055,615.7478,645.3405,663.3528999999999,669.9016,677.0956000000001,729.1628000000001,737.4758999999999,746.1202,761.1147,781.0158,1045.6472999999999,1056.2375,1062.6719999999998,1077.4019999999998,1099.0176,1118.157,1123.493,1133.0177999999999,1203.6571,1227.9436,1250.8384,1266.7779999999998,1270.898,1279.4189999999999,1293.1797,1299.4361999999999,1307.8065]","[130.1521,161.05539999999996,250.88119999999998,283.95379999999994,300.98539999999997,369.7104999999999,437.6177,504.0078,528.0063,539.5912,566.4435,579.8551000000001,597.6598,606.6055,615.7478,645.3406000000001,663.3528999999999,669.9016,677.0956000000001,729.1628000000001,737.4758999999999,746.1203,761.1147,781.0158,1045.6472999999999,1056.2375,1062.6721,1077.4019999999998,1099.0176,1118.157,1123.4931,1133.0179,1203.6571,1227.9436,1250.8384999999998,1266.7779999999998,1270.8980999999999,1279.4189999999999,1293.1797,1299.4362999999998,1307.8065]",,30,"[162.0265,285.39619999999996,438.2868,528.6494,540.5652,567.1311,580.5634,598.3720999999999,607.2995000000001,616.3759,645.9213000000001,663.9892,670.695,746.7152,1046.3113,1056.9842,1063.3564,1078.1637,1099.5446000000002,1124.0764,1133.9219,1204.4096000000002,1229.3452,1251.6316000000002,1267.4218,1271.5412000000001,1280.1284,1294.2440000000001,1300.1231000000002,1308.6009]","[162.0265,285.39619999999996,438.2868,528.6494,540.5652,567.1311,580.5634,598.3720999999999,607.2995999999999,616.3760000000001,645.9213000000001,663.9892,670.695,746.7152,1046.3114,1056.9842,1063.3565,1078.1637,1099.5446000000002,1124.0764,1133.922,1204.4096000000002,1229.3453000000002,1251.6316000000002,1267.4218,1271.5412000000001,1280.1284,1294.2440000000001,1300.1231000000002,1308.6009]",11,"[133.27909999999997,253.09819999999996,302.30209999999994,370.88269999999994,504.9800999999999,677.9632,729.6850000000001,738.3458,761.8077,781.6367,1118.9778999999999]","[133.27909999999997,253.09829999999994,302.30209999999994,370.88269999999994,504.9800999999999,677.9632,729.6850000000001,738.3458999999999,761.8077,781.6367,1118.9778999999999]","[""scam_button""]",7.12696601,0.7457,7.12696601,0.1698,7.12696601,0.1224,,,,,,resources/images/legit3.jpg,legit,1,0.73,0,0,,,,,,,,,,,,,,,,,,,,,,,,,,,,,,,,,,,,,,,,,,0,16,16,5,1,,,,,,,,,,,,,,,,,,,,,,,,,,,,,,,,,,,,,,,,,,,,,,,,,,,,,,,,,,,,,,,,,,,,,,,
,,,,,,,,,,,,,,,,478554,001,2025-04-01_17h32.45.089,SLSI3,2022.2.5,MacIntel,60.24096386,,,,,,,,,,,42,"[130.1521,161.05539999999996,250.88119999999998,283.95379999999994,300.98539999999997,369.7104999999999,437.6177,504.0078,528.0063,539.5912,566.4433999999999,579.855,597.6598,606.6055,615.7478,645.3405,663.3528999999999,669.9016,677.0956000000001,729.1628000000001,737.4758999999999,746.1202,761.1147,781.0158,1045.6472999999999,1056.2375,1062.6719999999998,1077.4019999999998,1099.0176,1118.157,1123.493,1133.0177999999999,1203.6571,1227.9436,1250.8384,1266.7779999999998,1270.898,1279.4189999999999,1293.1797,1299.4361999999999,1307.8065,1313.4771999999998]","[130.1521,161.05539999999996,250.88119999999998,283.95379999999994,300.98539999999997,369.7104999999999,437.6177,504.0078,528.0063,539.5912,566.4435,579.8551000000001,597.6598,606.6055,615.7478,645.3406000000001,663.3528999999999,669.9016,677.0956000000001,729.1628000000001,737.4758999999999,746.1203,761.1147,781.0158,1045.6472999999999,1056.2375,1062.6721,1077.4019999999998,1099.0176,1118.157,1123.4931,1133.0179,1203.6571,1227.9436,1250.8384999999998,1266.7779999999998,1270.8980999999999,1279.4189999999999,1293.1797,1299.4362999999998,1307.8065,1313.4773]",,31,"[162.0265,285.39619999999996,438.2868,528.6494,540.5652,567.1311,580.5634,598.3720999999999,607.2995000000001,616.3759,645.9213000000001,663.9892,670.695,746.7152,1046.3113,1056.9842,1063.3564,1078.1637,1099.5446000000002,1124.0764,1133.9219,1204.4096000000002,1229.3452,1251.6316000000002,1267.4218,1271.5412000000001,1280.1284,1294.2440000000001,1300.1231000000002,1308.6009,1314.2640000000001]","[162.0265,285.39619999999996,438.2868,528.6494,540.5652,567.1311,580.5634,598.3720999999999,607.2995999999999,616.3760000000001,645.9213000000001,663.9892,670.695,746.7152,1046.3114,1056.9842,1063.3565,1078.1637,1099.5446000000002,1124.0764,1133.922,1204.4096000000002,1229.3453000000002,1251.6316000000002,1267.4218,1271.5412000000001,1280.1284,1294.2440000000001,1300.1231000000002,1308.6009,1314.2640000000001]",11,"[133.27909999999997,253.09819999999996,302.30209999999994,370.88269999999994,504.9800999999999,677.9632,729.6850000000001,738.3458,761.8077,781.6367,1118.9778999999999]","[133.27909999999997,253.09829999999994,302.30209999999994,370.88269999999994,504.9800999999999,677.9632,729.6850000000001,738.3458999999999,761.8077,781.6367,1118.9778999999999]","[""scam_button""]",8.00816786,1.206,8.00816786,0.1733,8.00816786,0.1492,,,,,,resources/images/legit8.png,legit,0.8,0.72,0,0,,,,,,,,,,,,,,,,,,,,,,,,,,,,,,,,,,,,,,,,,,0,17,17,15,1,,,,,,,,,,,,,,,,,,,,,,,,,,,,,,,,,,,,,,,,,,,,,,,,,,,,,,,,,,,,,,,,,,,,,,,
,,,,,,,,,,,,,,,,478554,001,2025-04-01_17h32.45.089,SLSI3,2022.2.5,MacIntel,60.24096386,,,,,,,,,,,43,"[130.1521,161.05539999999996,250.88119999999998,283.95379999999994,300.98539999999997,369.7104999999999,437.6177,504.0078,528.0063,539.5912,566.4433999999999,579.855,597.6598,606.6055,615.7478,645.3405,663.3528999999999,669.9016,677.0956000000001,729.1628000000001,737.4758999999999,746.1202,761.1147,781.0158,1045.6472999999999,1056.2375,1062.6719999999998,1077.4019999999998,1099.0176,1118.157,1123.493,1133.0177999999999,1203.6571,1227.9436,1250.8384,1266.7779999999998,1270.898,1279.4189999999999,1293.1797,1299.4361999999999,1307.8065,1313.4771999999998,1322.4059]","[130.1521,161.05539999999996,250.88119999999998,283.95379999999994,300.98539999999997,369.7104999999999,437.6177,504.0078,528.0063,539.5912,566.4435,579.8551000000001,597.6598,606.6055,615.7478,645.3406000000001,663.3528999999999,669.9016,677.0956000000001,729.1628000000001,737.4758999999999,746.1203,761.1147,781.0158,1045.6472999999999,1056.2375,1062.6721,1077.4019999999998,1099.0176,1118.157,1123.4931,1133.0179,1203.6571,1227.9436,1250.8384999999998,1266.7779999999998,1270.8980999999999,1279.4189999999999,1293.1797,1299.4362999999998,1307.8065,1313.4773,1322.406]",,32,"[162.0265,285.39619999999996,438.2868,528.6494,540.5652,567.1311,580.5634,598.3720999999999,607.2995000000001,616.3759,645.9213000000001,663.9892,670.695,746.7152,1046.3113,1056.9842,1063.3564,1078.1637,1099.5446000000002,1124.0764,1133.9219,1204.4096000000002,1229.3452,1251.6316000000002,1267.4218,1271.5412000000001,1280.1284,1294.2440000000001,1300.1231000000002,1308.6009,1314.2640000000001,1323.0656000000001]","[162.0265,285.39619999999996,438.2868,528.6494,540.5652,567.1311,580.5634,598.3720999999999,607.2995999999999,616.3760000000001,645.9213000000001,663.9892,670.695,746.7152,1046.3114,1056.9842,1063.3565,1078.1637,1099.5446000000002,1124.0764,1133.922,1204.4096000000002,1229.3453000000002,1251.6316000000002,1267.4218,1271.5412000000001,1280.1284,1294.2440000000001,1300.1231000000002,1308.6009,1314.2640000000001,1323.0657]",11,"[133.27909999999997,253.09819999999996,302.30209999999994,370.88269999999994,504.9800999999999,677.9632,729.6850000000001,738.3458,761.8077,781.6367,1118.9778999999999]","[133.27909999999997,253.09829999999994,302.30209999999994,370.88269999999994,504.9800999999999,677.9632,729.6850000000001,738.3458999999999,761.8077,781.6367,1118.9778999999999]","[""scam_button""]",8.117359077,0.7513,8.117359077,0.1552,8.117359077,0.1492,,,,,,resources/images/scam4.png,scam,0.8,0.65,0,0,,,,,,,,,,,,,,,,,,,,,,,,,,,,,,,,,,,,,,,,,,0,18,18,6,1,,,,,,,,,,,,,,,,,,,,,,,,,,,,,,,,,,,,,,,,,,,,,,,,,,,,,,,,,,,,,,,,,,,,,,,
,,,,,,,,,,,,,,,,478554,001,2025-04-01_17h32.45.089,SLSI3,2022.2.5,MacIntel,60.24096386,,,,,,,,,,,44,"[130.1521,161.05539999999996,250.88119999999998,283.95379999999994,300.98539999999997,369.7104999999999,437.6177,504.0078,528.0063,539.5912,566.4433999999999,579.855,597.6598,606.6055,615.7478,645.3405,663.3528999999999,669.9016,677.0956000000001,729.1628000000001,737.4758999999999,746.1202,761.1147,781.0158,1045.6472999999999,1056.2375,1062.6719999999998,1077.4019999999998,1099.0176,1118.157,1123.493,1133.0177999999999,1203.6571,1227.9436,1250.8384,1266.7779999999998,1270.898,1279.4189999999999,1293.1797,1299.4361999999999,1307.8065,1313.4771999999998,1322.4059,1326.3267999999998]","[130.1521,161.05539999999996,250.88119999999998,283.95379999999994,300.98539999999997,369.7104999999999,437.6177,504.0078,528.0063,539.5912,566.4435,579.8551000000001,597.6598,606.6055,615.7478,645.3406000000001,663.3528999999999,669.9016,677.0956000000001,729.1628000000001,737.4758999999999,746.1203,761.1147,781.0158,1045.6472999999999,1056.2375,1062.6721,1077.4019999999998,1099.0176,1118.157,1123.4931,1133.0179,1203.6571,1227.9436,1250.8384999999998,1266.7779999999998,1270.8980999999999,1279.4189999999999,1293.1797,1299.4362999999998,1307.8065,1313.4773,1322.406,1326.3267999999998]",,33,"[162.0265,285.39619999999996,438.2868,528.6494,540.5652,567.1311,580.5634,598.3720999999999,607.2995000000001,616.3759,645.9213000000001,663.9892,670.695,746.7152,1046.3113,1056.9842,1063.3564,1078.1637,1099.5446000000002,1124.0764,1133.9219,1204.4096000000002,1229.3452,1251.6316000000002,1267.4218,1271.5412000000001,1280.1284,1294.2440000000001,1300.1231000000002,1308.6009,1314.2640000000001,1323.0656000000001,1327.0765000000001]","[162.0265,285.39619999999996,438.2868,528.6494,540.5652,567.1311,580.5634,598.3720999999999,607.2995999999999,616.3760000000001,645.9213000000001,663.9892,670.695,746.7152,1046.3114,1056.9842,1063.3565,1078.1637,1099.5446000000002,1124.0764,1133.922,1204.4096000000002,1229.3453000000002,1251.6316000000002,1267.4218,1271.5412000000001,1280.1284,1294.2440000000001,1300.1231000000002,1308.6009,1314.2640000000001,1323.0657,1327.0765000000001]",11,"[133.27909999999997,253.09819999999996,302.30209999999994,370.88269999999994,504.9800999999999,677.9632,729.6850000000001,738.3458,761.8077,781.6367,1118.9778999999999]","[133.27909999999997,253.09829999999994,302.30209999999994,370.88269999999994,504.9800999999999,677.9632,729.6850000000001,738.3458999999999,761.8077,781.6367,1118.9778999999999]","[""scam_button""]",8.858180067,0.8759,8.858180067,0.1468,8.858180067,0.1504,,,,,,resources/images/legit14-EDIT.jpg,legit,1,0.65,0,0,,,,,,,,,,,,,,,,,,,,,,,,,,,,,,,,,,,,,,,,,,0,19,19,21,1,,,,,,,,,,,,,,,,,,,,,,,,,,,,,,,,,,,,,,,,,,,,,,,,,,,,,,,,,,,,,,,,,,,,,,,
,,,,,,,,,,,,,,,,478554,001,2025-04-01_17h32.45.089,SLSI3,2022.2.5,MacIntel,60.24096386,,,,,,,,,,,45,"[130.1521,161.05539999999996,250.88119999999998,283.95379999999994,300.98539999999997,369.7104999999999,437.6177,504.0078,528.0063,539.5912,566.4433999999999,579.855,597.6598,606.6055,615.7478,645.3405,663.3528999999999,669.9016,677.0956000000001,729.1628000000001,737.4758999999999,746.1202,761.1147,781.0158,1045.6472999999999,1056.2375,1062.6719999999998,1077.4019999999998,1099.0176,1118.157,1123.493,1133.0177999999999,1203.6571,1227.9436,1250.8384,1266.7779999999998,1270.898,1279.4189999999999,1293.1797,1299.4361999999999,1307.8065,1313.4771999999998,1322.4059,1326.3267999999998,1330.6161]","[130.1521,161.05539999999996,250.88119999999998,283.95379999999994,300.98539999999997,369.7104999999999,437.6177,504.0078,528.0063,539.5912,566.4435,579.8551000000001,597.6598,606.6055,615.7478,645.3406000000001,663.3528999999999,669.9016,677.0956000000001,729.1628000000001,737.4758999999999,746.1203,761.1147,781.0158,1045.6472999999999,1056.2375,1062.6721,1077.4019999999998,1099.0176,1118.157,1123.4931,1133.0179,1203.6571,1227.9436,1250.8384999999998,1266.7779999999998,1270.8980999999999,1279.4189999999999,1293.1797,1299.4362999999998,1307.8065,1313.4773,1322.406,1326.3267999999998,1330.6161]",,34,"[162.0265,285.39619999999996,438.2868,528.6494,540.5652,567.1311,580.5634,598.3720999999999,607.2995000000001,616.3759,645.9213000000001,663.9892,670.695,746.7152,1046.3113,1056.9842,1063.3564,1078.1637,1099.5446000000002,1124.0764,1133.9219,1204.4096000000002,1229.3452,1251.6316000000002,1267.4218,1271.5412000000001,1280.1284,1294.2440000000001,1300.1231000000002,1308.6009,1314.2640000000001,1323.0656000000001,1327.0765000000001,1331.4788]","[162.0265,285.39619999999996,438.2868,528.6494,540.5652,567.1311,580.5634,598.3720999999999,607.2995999999999,616.3760000000001,645.9213000000001,663.9892,670.695,746.7152,1046.3114,1056.9842,1063.3565,1078.1637,1099.5446000000002,1124.0764,1133.922,1204.4096000000002,1229.3453000000002,1251.6316000000002,1267.4218,1271.5412000000001,1280.1284,1294.2440000000001,1300.1231000000002,1308.6009,1314.2640000000001,1323.0657,1327.0765000000001,1331.4788]",11,"[133.27909999999997,253.09819999999996,302.30209999999994,370.88269999999994,504.9800999999999,677.9632,729.6850000000001,738.3458,761.8077,781.6367,1118.9778999999999]","[133.27909999999997,253.09829999999994,302.30209999999994,370.88269999999994,504.9800999999999,677.9632,729.6850000000001,738.3458999999999,761.8077,781.6367,1118.9778999999999]","[""scam_button""]",7.740282525,0.8785,7.740282525,0.1656,7.740282525,0.1495,,,,,,resources/images/legit7-EDIT.png,legit,0.65,0.65,0,0,,,,,,,,,,,,,,,,,,,,,,,,,,,,,,,,,,,,,,,,,,0,20,20,14,1,,,,,,,,,,,,,,,,,,,,,,,,,,,,,,,,,,,,,,,,,,,,,,,,,,,,,,,,,,,,,,,,,,,,,,,
,,,,,,,,,,,,,,,,478554,001,2025-04-01_17h32.45.089,SLSI3,2022.2.5,MacIntel,60.24096386,,,,,,,,,,,46,"[130.1521,161.05539999999996,250.88119999999998,283.95379999999994,300.98539999999997,369.7104999999999,437.6177,504.0078,528.0063,539.5912,566.4433999999999,579.855,597.6598,606.6055,615.7478,645.3405,663.3528999999999,669.9016,677.0956000000001,729.1628000000001,737.4758999999999,746.1202,761.1147,781.0158,1045.6472999999999,1056.2375,1062.6719999999998,1077.4019999999998,1099.0176,1118.157,1123.493,1133.0177999999999,1203.6571,1227.9436,1250.8384,1266.7779999999998,1270.898,1279.4189999999999,1293.1797,1299.4361999999999,1307.8065,1313.4771999999998,1322.4059,1326.3267999999998,1330.6161,1352.2612]","[130.1521,161.05539999999996,250.88119999999998,283.95379999999994,300.98539999999997,369.7104999999999,437.6177,504.0078,528.0063,539.5912,566.4435,579.8551000000001,597.6598,606.6055,615.7478,645.3406000000001,663.3528999999999,669.9016,677.0956000000001,729.1628000000001,737.4758999999999,746.1203,761.1147,781.0158,1045.6472999999999,1056.2375,1062.6721,1077.4019999999998,1099.0176,1118.157,1123.4931,1133.0179,1203.6571,1227.9436,1250.8384999999998,1266.7779999999998,1270.8980999999999,1279.4189999999999,1293.1797,1299.4362999999998,1307.8065,1313.4773,1322.406,1326.3267999999998,1330.6161,1352.2612]",,35,"[162.0265,285.39619999999996,438.2868,528.6494,540.5652,567.1311,580.5634,598.3720999999999,607.2995000000001,616.3759,645.9213000000001,663.9892,670.695,746.7152,1046.3113,1056.9842,1063.3564,1078.1637,1099.5446000000002,1124.0764,1133.9219,1204.4096000000002,1229.3452,1251.6316000000002,1267.4218,1271.5412000000001,1280.1284,1294.2440000000001,1300.1231000000002,1308.6009,1314.2640000000001,1323.0656000000001,1327.0765000000001,1331.4788,1352.8901]","[162.0265,285.39619999999996,438.2868,528.6494,540.5652,567.1311,580.5634,598.3720999999999,607.2995999999999,616.3760000000001,645.9213000000001,663.9892,670.695,746.7152,1046.3114,1056.9842,1063.3565,1078.1637,1099.5446000000002,1124.0764,1133.922,1204.4096000000002,1229.3453000000002,1251.6316000000002,1267.4218,1271.5412000000001,1280.1284,1294.2440000000001,1300.1231000000002,1308.6009,1314.2640000000001,1323.0657,1327.0765000000001,1331.4788,1352.8903]",11,"[133.27909999999997,253.09819999999996,302.30209999999994,370.88269999999994,504.9800999999999,677.9632,729.6850000000001,738.3458,761.8077,781.6367,1118.9778999999999]","[133.27909999999997,253.09829999999994,302.30209999999994,370.88269999999994,504.9800999999999,677.9632,729.6850000000001,738.3458999999999,761.8077,781.6367,1118.9778999999999]","[""scam_button""]",6.942736138,0.8197,6.942736138,0.1426,6.942736138,0.18,,,,,,resources/images/scam5.jpg,scam,0.7,0.65,0,0,,,,,,,,,,,,,,,,,,,,,,,,,,,,,,,,,,,,,,,,,,0,21,21,7,1,,,,,,,,,,,,,,,,,,,,,,,,,,,,,,,,,,,,,,,,,,,,,,,,,,,,,,,,,,,,,,,,,,,,,,,
,,,,,,,,,,,,,,,,478554,001,2025-04-01_17h32.45.089,SLSI3,2022.2.5,MacIntel,60.24096386,,,,,,,,,,,47,"[130.1521,161.05539999999996,250.88119999999998,283.95379999999994,300.98539999999997,369.7104999999999,437.6177,504.0078,528.0063,539.5912,566.4433999999999,579.855,597.6598,606.6055,615.7478,645.3405,663.3528999999999,669.9016,677.0956000000001,729.1628000000001,737.4758999999999,746.1202,761.1147,781.0158,1045.6472999999999,1056.2375,1062.6719999999998,1077.4019999999998,1099.0176,1118.157,1123.493,1133.0177999999999,1203.6571,1227.9436,1250.8384,1266.7779999999998,1270.898,1279.4189999999999,1293.1797,1299.4361999999999,1307.8065,1313.4771999999998,1322.4059,1326.3267999999998,1330.6161,1352.2612,1357.0824999999998]","[130.1521,161.05539999999996,250.88119999999998,283.95379999999994,300.98539999999997,369.7104999999999,437.6177,504.0078,528.0063,539.5912,566.4435,579.8551000000001,597.6598,606.6055,615.7478,645.3406000000001,663.3528999999999,669.9016,677.0956000000001,729.1628000000001,737.4758999999999,746.1203,761.1147,781.0158,1045.6472999999999,1056.2375,1062.6721,1077.4019999999998,1099.0176,1118.157,1123.4931,1133.0179,1203.6571,1227.9436,1250.8384999999998,1266.7779999999998,1270.8980999999999,1279.4189999999999,1293.1797,1299.4362999999998,1307.8065,1313.4773,1322.406,1326.3267999999998,1330.6161,1352.2612,1357.0826]",,36,"[162.0265,285.39619999999996,438.2868,528.6494,540.5652,567.1311,580.5634,598.3720999999999,607.2995000000001,616.3759,645.9213000000001,663.9892,670.695,746.7152,1046.3113,1056.9842,1063.3564,1078.1637,1099.5446000000002,1124.0764,1133.9219,1204.4096000000002,1229.3452,1251.6316000000002,1267.4218,1271.5412000000001,1280.1284,1294.2440000000001,1300.1231000000002,1308.6009,1314.2640000000001,1323.0656000000001,1327.0765000000001,1331.4788,1352.8901,1357.6781]","[162.0265,285.39619999999996,438.2868,528.6494,540.5652,567.1311,580.5634,598.3720999999999,607.2995999999999,616.3760000000001,645.9213000000001,663.9892,670.695,746.7152,1046.3114,1056.9842,1063.3565,1078.1637,1099.5446000000002,1124.0764,1133.922,1204.4096000000002,1229.3453000000002,1251.6316000000002,1267.4218,1271.5412000000001,1280.1284,1294.2440000000001,1300.1231000000002,1308.6009,1314.2640000000001,1323.0657,1327.0765000000001,1331.4788,1352.8903,1357.6781]",11,"[133.27909999999997,253.09819999999996,302.30209999999994,370.88269999999994,504.9800999999999,677.9632,729.6850000000001,738.3458,761.8077,781.6367,1118.9778999999999]","[133.27909999999997,253.09829999999994,302.30209999999994,370.88269999999994,504.9800999999999,677.9632,729.6850000000001,738.3458999999999,761.8077,781.6367,1118.9778999999999]","[""scam_button""]",8.125292291,0.7966,8.125292291,0.1642,8.125292291,0.1476,,,,,,resources/images/scam3.png,scam,1.2,0.65,0,0,,,,,,,,,,,,,,,,,,,,,,,,,,,,,,,,,,,,,,,,,,0,22,22,2,1,,,,,,,,,,,,,,,,,,,,,,,,,,,,,,,,,,,,,,,,,,,,,,,,,,,,,,,,,,,,,,,,,,,,,,,
,,,,,,,,,,,,,,,,478554,001,2025-04-01_17h32.45.089,SLSI3,2022.2.5,MacIntel,60.24096386,,,,,,,,,,,48,"[130.1521,161.05539999999996,250.88119999999998,283.95379999999994,300.98539999999997,369.7104999999999,437.6177,504.0078,528.0063,539.5912,566.4433999999999,579.855,597.6598,606.6055,615.7478,645.3405,663.3528999999999,669.9016,677.0956000000001,729.1628000000001,737.4758999999999,746.1202,761.1147,781.0158,1045.6472999999999,1056.2375,1062.6719999999998,1077.4019999999998,1099.0176,1118.157,1123.493,1133.0177999999999,1203.6571,1227.9436,1250.8384,1266.7779999999998,1270.898,1279.4189999999999,1293.1797,1299.4361999999999,1307.8065,1313.4771999999998,1322.4059,1326.3267999999998,1330.6161,1352.2612,1357.0824999999998,1361.3561]","[130.1521,161.05539999999996,250.88119999999998,283.95379999999994,300.98539999999997,369.7104999999999,437.6177,504.0078,528.0063,539.5912,566.4435,579.8551000000001,597.6598,606.6055,615.7478,645.3406000000001,663.3528999999999,669.9016,677.0956000000001,729.1628000000001,737.4758999999999,746.1203,761.1147,781.0158,1045.6472999999999,1056.2375,1062.6721,1077.4019999999998,1099.0176,1118.157,1123.4931,1133.0179,1203.6571,1227.9436,1250.8384999999998,1266.7779999999998,1270.8980999999999,1279.4189999999999,1293.1797,1299.4362999999998,1307.8065,1313.4773,1322.406,1326.3267999999998,1330.6161,1352.2612,1357.0826,1361.3563]",,37,"[162.0265,285.39619999999996,438.2868,528.6494,540.5652,567.1311,580.5634,598.3720999999999,607.2995000000001,616.3759,645.9213000000001,663.9892,670.695,746.7152,1046.3113,1056.9842,1063.3564,1078.1637,1099.5446000000002,1124.0764,1133.9219,1204.4096000000002,1229.3452,1251.6316000000002,1267.4218,1271.5412000000001,1280.1284,1294.2440000000001,1300.1231000000002,1308.6009,1314.2640000000001,1323.0656000000001,1327.0765000000001,1331.4788,1352.8901,1357.6781,1361.8690000000001]","[162.0265,285.39619999999996,438.2868,528.6494,540.5652,567.1311,580.5634,598.3720999999999,607.2995999999999,616.3760000000001,645.9213000000001,663.9892,670.695,746.7152,1046.3114,1056.9842,1063.3565,1078.1637,1099.5446000000002,1124.0764,1133.922,1204.4096000000002,1229.3453000000002,1251.6316000000002,1267.4218,1271.5412000000001,1280.1284,1294.2440000000001,1300.1231000000002,1308.6009,1314.2640000000001,1323.0657,1327.0765000000001,1331.4788,1352.8903,1357.6781,1361.8690000000001]",11,"[133.27909999999997,253.09819999999996,302.30209999999994,370.88269999999994,504.9800999999999,677.9632,729.6850000000001,738.3458,761.8077,781.6367,1118.9778999999999]","[133.27909999999997,253.09829999999994,302.30209999999994,370.88269999999994,504.9800999999999,677.9632,729.6850000000001,738.3458999999999,761.8077,781.6367,1118.9778999999999]","[""scam_button""]",7.881730821,0.8828,7.912184652,0.1932,7.912184652,0.1478,,,,,,resources/images/scam_2.png,scam,0.9,0.65,0,0,,,,,,,,,,,,,,,,,,,,,,,,,,,,,,,,,,,,,,,,,,0,23,23,1,1,,,,,,,,,,,,,,,,,,,,,,,,,,,,,,,,,,,,,,,,,,,,,,,,,,,,,,,,,,,,,,,,,,,,,,,
,,,,,,,,,,,,,,,,478554,001,2025-04-01_17h32.45.089,SLSI3,2022.2.5,MacIntel,60.24096386,,,,,,,,,,,,,,,,,,,,,,,,,,,,,,,,,,,,,,,,,,,,,,,,,,,,,,,,,,,,,,,,,,,,,,,,,,,,,,,,,,,,,space,42.5156,,,,,,,,,,,,,,,,,,,,,,,,,,,,,,,,,,,,,,,,,,,,,,,,,,,,,,,,,,,,,,,,,,,,,
,,,,,,,,,,,,,,,,478554,001,2025-04-01_17h32.45.089,SLSI3,2022.2.5,MacIntel,60.24096386,,,,,,,,,,,,,,,,,,,,,,,,,,,,,,,,,,,,,,,,,,,,,,,,,,,,,,,,,,,,,,,,,,,,,,,,,,,,,,,,,,,,,,,5,15.3169,"....is reliable, can always be counted on",0,0,0,4,1,"....is reliable, can always be counted on",,,,,,,,,,,,,,,,,,,,,,,,,,,,,,,,,,,,,,,,,,,,,,,,,,,,,,,,,,,,
,,,,,,,,,,,,,,,,478554,001,2025-04-01_17h32.45.089,SLSI3,2022.2.5,MacIntel,60.24096386,,,,,,,,,,,,,,,,,,,,,,,,,,,,,,,,,,,,,,,,,,,,,,,,,,,,,,,,,,,,,,,,,,,,,,,,,,,,,,,,,,,,,,,5,2.5935,...often feels sad,0,1,1,0,1,...often feels sad,,,,,,,,,,,,,,,,,,,,,,,,,,,,,,,,,,,,,,,,,,,,,,,,,,,,,,,,,,,,
,,,,,,,,,,,,,,,,478554,001,2025-04-01_17h32.45.089,SLSI3,2022.2.5,MacIntel,60.24096386,,,,,,,,,,,,,,,,,,,,,,,,,,,,,,,,,,,,,,,,,,,,,,,,,,,,,,,,,,,,,,,,,,,,,,,,,,,,,,,,,,,,,,,5,7.9089,"...is persistent, works until the task is finished",0,2,2,5,1,"...is persistent, works until the task is finished",,,,,,,,,,,,,,,,,,,,,,,,,,,,,,,,,,,,,,,,,,,,,,,,,,,,,,,,,,,,
,,,,,,,,,,,,,,,,478554,001,2025-04-01_17h32.45.089,SLSI3,2022.2.5,MacIntel,60.24096386,,,,,,,,,,,,,,,,,,,,,,,,,,,,,,,,,,,,,,,,,,,,,,,,,,,,,,,,,,,,,,,,,,,,,,,,,,,,,,,,,,,,,,,3,7.7927,...finds clever ways to do things,0,3,3,3,1,...finds clever ways to do things,,,,,,,,,,,,,,,,,,,,,,,,,,,,,,,,,,,,,,,,,,,,,,,,,,,,,,,,,,,,
,,,,,,,,,,,,,,,,478554,001,2025-04-01_17h32.45.089,SLSI3,2022.2.5,MacIntel,60.24096386,,,,,,,,,,,,,,,,,,,,,,,,,,,,,,,,,,,,,,,,,,,,,,,,,,,,,,,,,,,,,,,,,,,,,,,,,,,,,,,,,,,,,,,4,9.8584,...is inventive,0,4,4,2,1,...is inventive,,,,,,,,,,,,,,,,,,,,,,,,,,,,,,,,,,,,,,,,,,,,,,,,,,,,,,,,,,,,
,,,,,,,,,,,,,,,,478554,001,2025-04-01_17h32.45.089,SLSI3,2022.2.5,MacIntel,60.24096386,,,,,,,,,,,,,,,,,,,,,,,,,,,,,,,,,,,,,,,,,,,,,,,,,,,,,,,,,,,,,,,,,,,,,,,,,,,,,,,,,,,,,,,3,2.5901,...is talktative,0,5,5,1,1,...is talktative,,,,,,,,,,,,,,,,,,,,,,,,,,,,,,,,,,,,,,,,,,,,,,,,,,,,,,,,,,,,
,,,,,,,,,,,,,,,,478554,001,2025-04-01_17h32.45.089,SLSI3,2022.2.5,MacIntel,60.24096386,,,,,,,,,,,,,,,,,,,,,,,,,,,,,,,,,,,,,,,,,,,,,,,,,,,,,,,,,,,,,,,,,,,,,,,,,,,,,,,,,,,,,,,,,,,,,,,,space,9.854,,,,,,,,,,,,,,,,,,,,,,,,,,,,,,,,,,,,,,,,,,,,,,,,,,,,,,,,,,
,,,,,,,,,,,,,,,,478554,001,2025-04-01_17h32.45.089,SLSI3,2022.2.5,MacIntel,60.24096386,,,,,,,,,,,,,,,,,,,,,,,,,,,,,,,,,,,,,,,,,,,,,,,,,,,,,,,,,,,,,,,,,,,,,,,,,,,,,,,,,,,,,,,,,,,,,,,,,,3,7.4058,,0,0,0,16,1,Other people say that I am a very productive person.,,,,,,,,,,,,,,,,,,,,,,,,,,,,,,,,,,,,,,,,,,,,,,,,,
,,,,,,,,,,,,,,,,478554,001,2025-04-01_17h32.45.089,SLSI3,2022.2.5,MacIntel,60.24096386,,,,,,,,,,,,,,,,,,,,,,,,,,,,,,,,,,,,,,,,,,,,,,,,,,,,,,,,,,,,,,,,,,,,,,,,,,,,,,,,,,,,,,,,,,,,,,,,,,2,17.7322,,0,1,1,15,1,"I have made many commitments to many different kinds of people, groups, and activities in my life.",,,,,,,,,,,,,,,,,,,,,,,,,,,,,,,,,,,,,,,,,,,,,,,,,
,,,,,,,,,,,,,,,,478554,001,2025-04-01_17h32.45.089,SLSI3,2022.2.5,MacIntel,60.24096386,,,,,,,,,,,,,,,,,,,,,,,,,,,,,,,,,,,,,,,,,,,,,,,,,,,,,,,,,,,,,,,,,,,,,,,,,,,,,,,,,,,,,,,,,,,,,,,,,,3,5.177,,0,2,2,0,1,Try to pass along the knowledge I have gained through my experiences.,,,,,,,,,,,,,,,,,,,,,,,,,,,,,,,,,,,,,,,,,,,,,,,,,
,,,,,,,,,,,,,,,,478554,001,2025-04-01_17h32.45.089,SLSI3,2022.2.5,MacIntel,60.24096386,,,,,,,,,,,,,,,,,,,,,,,,,,,,,,,,,,,,,,,,,,,,,,,,,,,,,,,,,,,,,,,,,,,,,,,,,,,,,,,,,,,,,,,,,,,,,,,,,,2,8.1972,,0,3,3,12,1,I feel that things I have done in my life will survive after I die.,,,,,,,,,,,,,,,,,,,,,,,,,,,,,,,,,,,,,,,,,,,,,,,,,
,,,,,,,,,,,,,,,,478554,001,2025-04-01_17h32.45.089,SLSI3,2022.2.5,MacIntel,60.24096386,,,,,,,,,,,,,,,,,,,,,,,,,,,,,,,,,,,,,,,,,,,,,,,,,,,,,,,,,,,,,,,,,,,,,,,,,,,,,,,,,,,,,,,,,,,,,,,,,,2,5.6626,,0,4,4,18,1,People come to me for advice.,,,,,,,,,,,,,,,,,,,,,,,,,,,,,,,,,,,,,,,,,,,,,,,,,
,,,,,,,,,,,,,,,,478554,001,2025-04-01_17h32.45.089,SLSI3,2022.2.5,MacIntel,60.24096386,,,,,,,,,,,,,,,,,,,,,,,,,,,,,,,,,,,,,,,,,,,,,,,,,,,,,,,,,,,,,,,,,,,,,,,,,,,,,,,,,,,,,,,,,,,,,,,,,,1,5.6184,,0,5,5,17,1,I have a responsibility to improve the neighborhood in which I live.,,,,,,,,,,,,,,,,,,,,,,,,,,,,,,,,,,,,,,,,,,,,,,,,,
,,,,,,,,,,,,,,,,478554,001,2025-04-01_17h32.45.089,SLSI3,2022.2.5,MacIntel,60.24096386,,,,,,,,,,,,,,,,,,,,,,,,,,,,,,,,,,,,,,,,,,,,,,,,,,,,,,,,,,,,,,,,,,,,,,,,,,,,,,,,,,,,,,,,,,,,,,,,,,2,26.4176,,0,6,6,11,1,I have important skills that I try to teach others.,,,,,,,,,,,,,,,,,,,,,,,,,,,,,,,,,,,,,,,,,,,,,,,,,
,,,,,,,,,,,,,,,,478554,001,2025-04-01_17h32.45.089,SLSI3,2022.2.5,MacIntel,60.24096386,,,,,,,,,,,,,,,,,,,,,,,,,,,,,,,,,,,,,,,,,,,,,,,,,,,,,,,,,,,,,,,,,,,,,,,,,,,,,,,,,,,,,,,,,,,,,,,,,,2,4.0446,,0,7,7,1,1,I feel that other people need me.,,,,,,,,,,,,,,,,,,,,,,,,,,,,,,,,,,,,,,,,,,,,,,,,,
,,,,,,,,,,,,,,,,478554,001,2025-04-01_17h32.45.089,SLSI3,2022.2.5,MacIntel,60.24096386,,,,,,,,,,,,,,,,,,,,,,,,,,,,,,,,,,,,,,,,,,,,,,,,,,,,,,,,,,,,,,,,,,,,,,,,,,,,,,,,,,,,,,,,,,,,,,,,,,1,11.108,,0,8,8,2,1,I think I would like the work of a teacher.,,,,,,,,,,,,,,,,,,,,,,,,,,,,,,,,,,,,,,,,,,,,,,,,,
,,,,,,,,,,,,,,,,478554,001,2025-04-01_17h32.45.089,SLSI3,2022.2.5,MacIntel,60.24096386,,,,,,,,,,,,,,,,,,,,,,,,,,,,,,,,,,,,,,,,,,,,,,,,,,,,,,,,,,,,,,,,,,,,,,,,,,,,,,,,,,,,,,,,,,,,,,,,,,4,8.2803,,0,9,9,10,1,"If I were unable to have children of my own, I would like to adopt children.",,,,,,,,,,,,,,,,,,,,,,,,,,,,,,,,,,,,,,,,,,,,,,,,,
,,,,,,,,,,,,,,,,478554,001,2025-04-01_17h32.45.089,SLSI3,2022.2.5,MacIntel,60.24096386,,,,,,,,,,,,,,,,,,,,,,,,,,,,,,,,,,,,,,,,,,,,,,,,,,,,,,,,,,,,,,,,,,,,,,,,,,,,,,,,,,,,,,,,,,,,,,,,,,2,9.0941,,0,10,10,5,1,I have made and created things that have had an impact on other people.,,,,,,,,,,,,,,,,,,,,,,,,,,,,,,,,,,,,,,,,,,,,,,,,,
,,,,,,,,,,,,,,,,478554,001,2025-04-01_17h32.45.089,SLSI3,2022.2.5,MacIntel,60.24096386,,,,,,,,,,,,,,,,,,,,,,,,,,,,,,,,,,,,,,,,,,,,,,,,,,,,,,,,,,,,,,,,,,,,,,,,,,,,,,,,,,,,,,,,,,,,,,,,,,3,4.5146,,0,11,11,3,1,I feel as though I have made a difference to many people.,,,,,,,,,,,,,,,,,,,,,,,,,,,,,,,,,,,,,,,,,,,,,,,,,
,,,,,,,,,,,,,,,,478554,001,2025-04-01_17h32.45.089,SLSI3,2022.2.5,MacIntel,60.24096386,,,,,,,,,,,,,,,,,,,,,,,,,,,,,,,,,,,,,,,,,,,,,,,,,,,,,,,,,,,,,,,,,,,,,,,,,,,,,,,,,,,,,,,,,,,,,,,,,,3,0.1231,,0,12,12,13,1,"In general, my actions have a positive effect on other people.",,,,,,,,,,,,,,,,,,,,,,,,,,,,,,,,,,,,,,,,,,,,,,,,,
,,,,,,,,,,,,,,,,478554,001,2025-04-01_17h32.45.089,SLSI3,2022.2.5,MacIntel,60.24096386,,,,,,,,,,,,,,,,,,,,,,,,,,,,,,,,,,,,,,,,,,,,,,,,,,,,,,,,,,,,,,,,,,,,,,,,,,,,,,,,,,,,,,,,,,,,,,,,,,3,2.6792,,0,13,13,14,1,I feel as though I have done a lot to contribute to others.,,,,,,,,,,,,,,,,,,,,,,,,,,,,,,,,,,,,,,,,,,,,,,,,,
,,,,,,,,,,,,,,,,478554,001,2025-04-01_17h32.45.089,SLSI3,2022.2.5,MacIntel,60.24096386,,,,,,,,,,,,,,,,,,,,,,,,,,,,,,,,,,,,,,,,,,,,,,,,,,,,,,,,,,,,,,,,,,,,,,,,,,,,,,,,,,,,,,,,,,,,,,,,,,3,4.7137,,0,14,14,9,1,Others would say that I have made unique contributions to society.,,,,,,,,,,,,,,,,,,,,,,,,,,,,,,,,,,,,,,,,,,,,,,,,,
,,,,,,,,,,,,,,,,478554,001,2025-04-01_17h32.45.089,SLSI3,2022.2.5,MacIntel,60.24096386,,,,,,,,,,,,,,,,,,,,,,,,,,,,,,,,,,,,,,,,,,,,,,,,,,,,,,,,,,,,,,,,,,,,,,,,,,,,,,,,,,,,,,,,,,,,,,,,,,1,5.7879,,0,15,15,19,1,I feel as though my contributions will exist after I die.,,,,,,,,,,,,,,,,,,,,,,,,,,,,,,,,,,,,,,,,,,,,,,,,,
,,,,,,,,,,,,,,,,478554,001,2025-04-01_17h32.45.089,SLSI3,2022.2.5,MacIntel,60.24096386,,,,,,,,,,,,,,,,,,,,,,,,,,,,,,,,,,,,,,,,,,,,,,,,,,,,,,,,,,,,,,,,,,,,,,,,,,,,,,,,,,,,,,,,,,,,,,,,,,1,2.5231,,0,16,16,6,1,I try to be creative in most things that I do.,,,,,,,,,,,,,,,,,,,,,,,,,,,,,,,,,,,,,,,,,,,,,,,,,
,,,,,,,,,,,,,,,,478554,001,2025-04-01_17h32.45.089,SLSI3,2022.2.5,MacIntel,60.24096386,,,,,,,,,,,,,,,,,,,,,,,,,,,,,,,,,,,,,,,,,,,,,,,,,,,,,,,,,,,,,,,,,,,,,,,,,,,,,,,,,,,,,,,,,,,,,,,,,,2,4.8326,,0,17,17,7,1,I think that I will be remembered for a long time after I die.,,,,,,,,,,,,,,,,,,,,,,,,,,,,,,,,,,,,,,,,,,,,,,,,,
,,,,,,,,,,,,,,,,478554,001,2025-04-01_17h32.45.089,SLSI3,2022.2.5,MacIntel,60.24096386,,,,,,,,,,,,,,,,,,,,,,,,,,,,,,,,,,,,,,,,,,,,,,,,,,,,,,,,,,,,,,,,,,,,,,,,,,,,,,,,,,,,,,,,,,,,,,,,,,1,4.6403,,0,18,18,4,1,I volunteer to work for a charity.,,,,,,,,,,,,,,,,,,,,,,,,,,,,,,,,,,,,,,,,,,,,,,,,,
,,,,,,,,,,,,,,,,478554,001,2025-04-01_17h32.45.089,SLSI3,2022.2.5,MacIntel,60.24096386,,,,,,,,,,,,,,,,,,,,,,,,,,,,,,,,,,,,,,,,,,,,,,,,,,,,,,,,,,,,,,,,,,,,,,,,,,,,,,,,,,,,,,,,,,,,,,,,,,2,10.1788,,0,19,19,8,1,I believe that society should be responsible for providing food and shelter for all homeless people.,,,,,,,,,,,,,,,,,,,,,,,,,,,,,,,,,,,,,,,,,,,,,,,,,
,,,,,,,,,,,,,,,,478554,001,2025-04-01_17h32.45.089,SLSI3,2022.2.5,MacIntel,60.24096386,,,,,,,,,,,,,,,,,,,,,,,,,,,,,,,,,,,,,,,,,,,,,,,,,,,,,,,,,,,,,,,,,,,,,,,,,,,,,,,,,,,,,,,,,,,,,,,,,,,,,,,,,,,space,3.0939,,,,,,,,,,,,,,,,,,,,,,,,,,,,,,,,,,,,,,,,,,,,,,,
,,,,,,,,,,,,,,,,478554,001,2025-04-01_17h32.45.089,SLSI3,2022.2.5,MacIntel,60.24096386,,,,,,,,,,,,,,,,,,,,,,,,,,,,,,,,,,,,,,,,,,,,,,,,,,,,,,,,,,,,,,,,,,,,,,,,,,,,,,,,,,,,,,,,,,,,,,,,,,,,,,,,,,I am unhappy being so withdrawn ,,,2,9.4629,,0,0,0,16,1,,,,,,,,,,,,,,,,,,,,,,,,,,,,,,,,,,,,,,,
,,,,,,,,,,,,,,,,478554,001,2025-04-01_17h32.45.089,SLSI3,2022.2.5,MacIntel,60.24096386,,,,,,,,,,,,,,,,,,,,,,,,,,,,,,,,,,,,,,,,,,,,,,,,,,,,,,,,,,,,,,,,,,,,,,,,,,,,,,,,,,,,,,,,,,,,,,,,,,,,,,,,,,People are around me but not with me,,,3,5.3772,,0,1,1,17,1,,,,,,,,,,,,,,,,,,,,,,,,,,,,,,,,,,,,,,,
,,,,,,,,,,,,,,,,478554,001,2025-04-01_17h32.45.089,SLSI3,2022.2.5,MacIntel,60.24096386,,,,,,,,,,,,,,,,,,,,,,,,,,,,,,,,,,,,,,,,,,,,,,,,,,,,,,,,,,,,,,,,,,,,,,,,,,,,,,,,,,,,,,,,,,,,,,,,,,,,,,,,,,There are people I can talk to,,,3,3.6409,,0,2,2,18,1,,,,,,,,,,,,,,,,,,,,,,,,,,,,,,,,,,,,,,,
,,,,,,,,,,,,,,,,478554,001,2025-04-01_17h32.45.089,SLSI3,2022.2.5,MacIntel,60.24096386,,,,,,,,,,,,,,,,,,,,,,,,,,,,,,,,,,,,,,,,,,,,,,,,,,,,,,,,,,,,,,,,,,,,,,,,,,,,,,,,,,,,,,,,,,,,,,,,,,,,,,,,,,I feel part of a group of friends,,,3,6.7506,,0,3,3,4,1,,,,,,,,,,,,,,,,,,,,,,,,,,,,,,,,,,,,,,,
,,,,,,,,,,,,,,,,478554,001,2025-04-01_17h32.45.089,SLSI3,2022.2.5,MacIntel,60.24096386,,,,,,,,,,,,,,,,,,,,,,,,,,,,,,,,,,,,,,,,,,,,,,,,,,,,,,,,,,,,,,,,,,,,,,,,,,,,,,,,,,,,,,,,,,,,,,,,,,,,,,,,,,I feel isolated from others,,,3,5.7235,,0,4,4,13,1,,,,,,,,,,,,,,,,,,,,,,,,,,,,,,,,,,,,,,,
,,,,,,,,,,,,,,,,478554,001,2025-04-01_17h32.45.089,SLSI3,2022.2.5,MacIntel,60.24096386,,,,,,,,,,,,,,,,,,,,,,,,,,,,,,,,,,,,,,,,,,,,,,,,,,,,,,,,,,,,,,,,,,,,,,,,,,,,,,,,,,,,,,,,,,,,,,,,,,,,,,,,,,I feel in tune with the people around me,,,3,2.4331,,0,5,5,0,1,,,,,,,,,,,,,,,,,,,,,,,,,,,,,,,,,,,,,,,
,,,,,,,,,,,,,,,,478554,001,2025-04-01_17h32.45.089,SLSI3,2022.2.5,MacIntel,60.24096386,,,,,,,,,,,,,,,,,,,,,,,,,,,,,,,,,,,,,,,,,,,,,,,,,,,,,,,,,,,,,,,,,,,,,,,,,,,,,,,,,,,,,,,,,,,,,,,,,,,,,,,,,,My social relationships are superficial,,,3,5.4744,,0,6,6,11,1,,,,,,,,,,,,,,,,,,,,,,,,,,,,,,,,,,,,,,,
,,,,,,,,,,,,,,,,478554,001,2025-04-01_17h32.45.089,SLSI3,2022.2.5,MacIntel,60.24096386,,,,,,,,,,,,,,,,,,,,,,,,,,,,,,,,,,,,,,,,,,,,,,,,,,,,,,,,,,,,,,,,,,,,,,,,,,,,,,,,,,,,,,,,,,,,,,,,,,,,,,,,,,I can find companionship when I want it,,,3,5.5893,,0,7,7,14,1,,,,,,,,,,,,,,,,,,,,,,,,,,,,,,,,,,,,,,,
,,,,,,,,,,,,,,,,478554,001,2025-04-01_17h32.45.089,SLSI3,2022.2.5,MacIntel,60.24096386,,,,,,,,,,,,,,,,,,,,,,,,,,,,,,,,,,,,,,,,,,,,,,,,,,,,,,,,,,,,,,,,,,,,,,,,,,,,,,,,,,,,,,,,,,,,,,,,,,,,,,,,,,I do not feel alone,,,3,4.1767,,0,8,8,3,1,,,,,,,,,,,,,,,,,,,,,,,,,,,,,,,,,,,,,,,
,,,,,,,,,,,,,,,,478554,001,2025-04-01_17h32.45.089,SLSI3,2022.2.5,MacIntel,60.24096386,,,,,,,,,,,,,,,,,,,,,,,,,,,,,,,,,,,,,,,,,,,,,,,,,,,,,,,,,,,,,,,,,,,,,,,,,,,,,,,,,,,,,,,,,,,,,,,,,,,,,,,,,,There are people I can turn to,,,3,3.269,,0,9,9,19,1,,,,,,,,,,,,,,,,,,,,,,,,,,,,,,,,,,,,,,,
,,,,,,,,,,,,,,,,478554,001,2025-04-01_17h32.45.089,SLSI3,2022.2.5,MacIntel,60.24096386,,,,,,,,,,,,,,,,,,,,,,,,,,,,,,,,,,,,,,,,,,,,,,,,,,,,,,,,,,,,,,,,,,,,,,,,,,,,,,,,,,,,,,,,,,,,,,,,,,,,,,,,,,No one really knows me well,,,3,3.2732,,0,10,10,12,1,,,,,,,,,,,,,,,,,,,,,,,,,,,,,,,,,,,,,,,
,,,,,,,,,,,,,,,,478554,001,2025-04-01_17h32.45.089,SLSI3,2022.2.5,MacIntel,60.24096386,,,,,,,,,,,,,,,,,,,,,,,,,,,,,,,,,,,,,,,,,,,,,,,,,,,,,,,,,,,,,,,,,,,,,,,,,,,,,,,,,,,,,,,,,,,,,,,,,,,,,,,,,,I lack companionship,,,3,2.3802,,0,11,11,1,1,,,,,,,,,,,,,,,,,,,,,,,,,,,,,,,,,,,,,,,
,,,,,,,,,,,,,,,,478554,001,2025-04-01_17h32.45.089,SLSI3,2022.2.5,MacIntel,60.24096386,,,,,,,,,,,,,,,,,,,,,,,,,,,,,,,,,,,,,,,,,,,,,,,,,,,,,,,,,,,,,,,,,,,,,,,,,,,,,,,,,,,,,,,,,,,,,,,,,,,,,,,,,,There are people who really understand me,,,3,2.1236,,0,12,12,15,1,,,,,,,,,,,,,,,,,,,,,,,,,,,,,,,,,,,,,,,
,,,,,,,,,,,,,,,,478554,001,2025-04-01_17h32.45.089,SLSI3,2022.2.5,MacIntel,60.24096386,,,,,,,,,,,,,,,,,,,,,,,,,,,,,,,,,,,,,,,,,,,,,,,,,,,,,,,,,,,,,,,,,,,,,,,,,,,,,,,,,,,,,,,,,,,,,,,,,,,,,,,,,,I am an outgoing person,,,3,2.9922,,0,13,13,8,1,,,,,,,,,,,,,,,,,,,,,,,,,,,,,,,,,,,,,,,
,,,,,,,,,,,,,,,,478554,001,2025-04-01_17h32.45.089,SLSI3,2022.2.5,MacIntel,60.24096386,,,,,,,,,,,,,,,,,,,,,,,,,,,,,,,,,,,,,,,,,,,,,,,,,,,,,,,,,,,,,,,,,,,,,,,,,,,,,,,,,,,,,,,,,,,,,,,,,,,,,,,,,,I have a lot in common with the people around me,,,2,13.5558,,0,14,14,5,1,,,,,,,,,,,,,,,,,,,,,,,,,,,,,,,,,,,,,,,
,,,,,,,,,,,,,,,,478554,001,2025-04-01_17h32.45.089,SLSI3,2022.2.5,MacIntel,60.24096386,,,,,,,,,,,,,,,,,,,,,,,,,,,,,,,,,,,,,,,,,,,,,,,,,,,,,,,,,,,,,,,,,,,,,,,,,,,,,,,,,,,,,,,,,,,,,,,,,,,,,,,,,,I am no longer close to anyone,,,3,6.9096,,0,15,15,6,1,,,,,,,,,,,,,,,,,,,,,,,,,,,,,,,,,,,,,,,
,,,,,,,,,,,,,,,,478554,001,2025-04-01_17h32.45.089,SLSI3,2022.2.5,MacIntel,60.24096386,,,,,,,,,,,,,,,,,,,,,,,,,,,,,,,,,,,,,,,,,,,,,,,,,,,,,,,,,,,,,,,,,,,,,,,,,,,,,,,,,,,,,,,,,,,,,,,,,,,,,,,,,,I feel left out,,,3,5.5496,,0,16,16,10,1,,,,,,,,,,,,,,,,,,,,,,,,,,,,,,,,,,,,,,,
,,,,,,,,,,,,,,,,478554,001,2025-04-01_17h32.45.089,SLSI3,2022.2.5,MacIntel,60.24096386,,,,,,,,,,,,,,,,,,,,,,,,,,,,,,,,,,,,,,,,,,,,,,,,,,,,,,,,,,,,,,,,,,,,,,,,,,,,,,,,,,,,,,,,,,,,,,,,,,,,,,,,,,My interests and ideas are not shared by those around me,,,3,40.5635,,0,17,17,7,1,,,,,,,,,,,,,,,,,,,,,,,,,,,,,,,,,,,,,,,
,,,,,,,,,,,,,,,,478554,001,2025-04-01_17h32.45.089,SLSI3,2022.2.5,MacIntel,60.24096386,,,,,,,,,,,,,,,,,,,,,,,,,,,,,,,,,,,,,,,,,,,,,,,,,,,,,,,,,,,,,,,,,,,,,,,,,,,,,,,,,,,,,,,,,,,,,,,,,,,,,,,,,,There is no one I can turn to,,,3,2.2328,,0,18,18,2,1,,,,,,,,,,,,,,,,,,,,,,,,,,,,,,,,,,,,,,,
,,,,,,,,,,,,,,,,478554,001,2025-04-01_17h32.45.089,SLSI3,2022.2.5,MacIntel,60.24096386,,,,,,,,,,,,,,,,,,,,,,,,,,,,,,,,,,,,,,,,,,,,,,,,,,,,,,,,,,,,,,,,,,,,,,,,,,,,,,,,,,,,,,,,,,,,,,,,,,,,,,,,,,There are people I feel close to,,,3,1.9794,,0,19,19,9,1,,,,,,,,,,,,,,,,,,,,,,,,,,,,,,,,,,,,,,,
,,,,,,,,,,,,,,,,478554,001,2025-04-01_17h32.45.089,SLSI3,2022.2.5,MacIntel,60.24096386,,,,,,,,,,,,,,,,,,,,,,,,,,,,,,,,,,,,,,,,,,,,,,,,,,,,,,,,,,,,,,,,,,,,,,,,,,,,,,,,,,,,,,,,,,,,,,,,,,,,,,,,,,,,,,,,,,,,,space,8.1505,,,,,,,,,,,,,,,,,,,,,,,,,,,,,,,,,,,,,
,,,,,,,,,,,,,,,,478554,001,2025-04-01_17h32.45.089,SLSI3,2022.2.5,MacIntel,60.24096386,,,,,,,,,,,,,,,,,,,,,,,,,,,,,,,,,,,,,,,,,,,,,,,,,,,,,,,,,,,,,,,,,,,,,,,,,,,,,,,,,,,,,,,,,,,,,,,,,,,,,,,,,,,,,,,,,,,,,,,1,13.5229,"I know I shouldn’t worry about developing Alzheimer’s disease and related dementias, but I just cannot help it.",0,0,0,0,1,"I know I shouldn’t worry about developing Alzheimer’s disease and related dementias, but I just cannot help it.",,,,,,,,,,,,,,,,,,,,,,,,,,,,
,,,,,,,,,,,,,,,,478554,001,2025-04-01_17h32.45.089,SLSI3,2022.2.5,MacIntel,60.24096386,,,,,,,,,,,,,,,,,,,,,,,,,,,,,,,,,,,,,,,,,,,,,,,,,,,,,,,,,,,,,,,,,,,,,,,,,,,,,,,,,,,,,,,,,,,,,,,,,,,,,,,,,,,,,,,,,,,,,,,1,5.2101,"When I forget a word that I want to say, my thoughts immediately turn to Alzheimer’s disease and related dementias.",0,1,1,10,1,"When I forget a word that I want to say, my thoughts immediately turn to Alzheimer’s disease and related dementias.",,,,,,,,,,,,,,,,,,,,,,,,,,,,
,,,,,,,,,,,,,,,,478554,001,2025-04-01_17h32.45.089,SLSI3,2022.2.5,MacIntel,60.24096386,,,,,,,,,,,,,,,,,,,,,,,,,,,,,,,,,,,,,,,,,,,,,,,,,,,,,,,,,,,,,,,,,,,,,,,,,,,,,,,,,,,,,,,,,,,,,,,,,,,,,,,,,,,,,,,,,,,,,,,1,6.6751,"Even though I know it doesn’t help to focus on it, I can’t help thinking about whether or not I have Alzheimer’s disease or a related dementia.",0,2,2,7,1,"Even though I know it doesn’t help to focus on it, I can’t help thinking about whether or not I have Alzheimer’s disease or a related dementia.",,,,,,,,,,,,,,,,,,,,,,,,,,,,
,,,,,,,,,,,,,,,,478554,001,2025-04-01_17h32.45.089,SLSI3,2022.2.5,MacIntel,60.24096386,,,,,,,,,,,,,,,,,,,,,,,,,,,,,,,,,,,,,,,,,,,,,,,,,,,,,,,,,,,,,,,,,,,,,,,,,,,,,,,,,,,,,,,,,,,,,,,,,,,,,,,,,,,,,,,,,,,,,,,1,3.4013,"More often than not, I find my thoughts returning to concerns that I have Alzheimer’s disease or a related dementia.",0,3,3,4,1,"More often than not, I find my thoughts returning to concerns that I have Alzheimer’s disease or a related dementia.",,,,,,,,,,,,,,,,,,,,,,,,,,,,
,,,,,,,,,,,,,,,,478554,001,2025-04-01_17h32.45.089,SLSI3,2022.2.5,MacIntel,60.24096386,,,,,,,,,,,,,,,,,,,,,,,,,,,,,,,,,,,,,,,,,,,,,,,,,,,,,,,,,,,,,,,,,,,,,,,,,,,,,,,,,,,,,,,,,,,,,,,,,,,,,,,,,,,,,,,,,,,,,,,1,2.7068,"When I can’t remember something, I find myself wondering whether I have Alzheimer’s disease or a related dementia.",0,4,4,2,1,"When I can’t remember something, I find myself wondering whether I have Alzheimer’s disease or a related dementia.",,,,,,,,,,,,,,,,,,,,,,,,,,,,
,,,,,,,,,,,,,,,,478554,001,2025-04-01_17h32.45.089,SLSI3,2022.2.5,MacIntel,60.24096386,,,,,,,,,,,,,,,,,,,,,,,,,,,,,,,,,,,,,,,,,,,,,,,,,,,,,,,,,,,,,,,,,,,,,,,,,,,,,,,,,,,,,,,,,,,,,,,,,,,,,,,,,,,,,,,,,,,,,,,1,3.2582,"	When I hear about someone having Alzheimer’s disease or a related dementia, I start to worry about having it myself.",0,5,5,5,1,"	When I hear about someone having Alzheimer’s disease or a related dementia, I start to worry about having it myself.",,,,,,,,,,,,,,,,,,,,,,,,,,,,
,,,,,,,,,,,,,,,,478554,001,2025-04-01_17h32.45.089,SLSI3,2022.2.5,MacIntel,60.24096386,,,,,,,,,,,,,,,,,,,,,,,,,,,,,,,,,,,,,,,,,,,,,,,,,,,,,,,,,,,,,,,,,,,,,,,,,,,,,,,,,,,,,,,,,,,,,,,,,,,,,,,,,,,,,,,,,,,,,,,1,3.4696,"Sometimes when trying to go to sleep, I find my thoughts drift to my concerns about having Alzheimer’s disease or a related dementia.",0,6,6,9,1,"Sometimes when trying to go to sleep, I find my thoughts drift to my concerns about having Alzheimer’s disease or a related dementia.",,,,,,,,,,,,,,,,,,,,,,,,,,,,
,,,,,,,,,,,,,,,,478554,001,2025-04-01_17h32.45.089,SLSI3,2022.2.5,MacIntel,60.24096386,,,,,,,,,,,,,,,,,,,,,,,,,,,,,,,,,,,,,,,,,,,,,,,,,,,,,,,,,,,,,,,,,,,,,,,,,,,,,,,,,,,,,,,,,,,,,,,,,,,,,,,,,,,,,,,,,,,,,,,1,2.9046,I find it difficult to control my worries about developing Alzheimer’s disease and related dementias.,0,7,7,1,1,I find it difficult to control my worries about developing Alzheimer’s disease and related dementias.,,,,,,,,,,,,,,,,,,,,,,,,,,,,
,,,,,,,,,,,,,,,,478554,001,2025-04-01_17h32.45.089,SLSI3,2022.2.5,MacIntel,60.24096386,,,,,,,,,,,,,,,,,,,,,,,,,,,,,,,,,,,,,,,,,,,,,,,,,,,,,,,,,,,,,,,,,,,,,,,,,,,,,,,,,,,,,,,,,,,,,,,,,,,,,,,,,,,,,,,,,,,,,,,1,2.1204,I think I probably worry more about Alzheimer’s disease and related dementias than other people my same age.,0,8,8,11,1,I think I probably worry more about Alzheimer’s disease and related dementias than other people my same age.,,,,,,,,,,,,,,,,,,,,,,,,,,,,
,,,,,,,,,,,,,,,,478554,001,2025-04-01_17h32.45.089,SLSI3,2022.2.5,MacIntel,60.24096386,,,,,,,,,,,,,,,,,,,,,,,,,,,,,,,,,,,,,,,,,,,,,,,,,,,,,,,,,,,,,,,,,,,,,,,,,,,,,,,,,,,,,,,,,,,,,,,,,,,,,,,,,,,,,,,,,,,,,,,1,2.0685,My worries about Alzheimer’s disease and related dementias overwhelm me.,0,9,9,3,1,My worries about Alzheimer’s disease and related dementias overwhelm me.,,,,,,,,,,,,,,,,,,,,,,,,,,,,
,,,,,,,,,,,,,,,,478554,001,2025-04-01_17h32.45.089,SLSI3,2022.2.5,MacIntel,60.24096386,,,,,,,,,,,,,,,,,,,,,,,,,,,,,,,,,,,,,,,,,,,,,,,,,,,,,,,,,,,,,,,,,,,,,,,,,,,,,,,,,,,,,,,,,,,,,,,,,,,,,,,,,,,,,,,,,,,,,,,1,1.4896,"Once I start worrying about Alzheimer’s disease and related dementias, I just cannot stop.",0,10,10,8,1,"Once I start worrying about Alzheimer’s disease and related dementias, I just cannot stop.",,,,,,,,,,,,,,,,,,,,,,,,,,,,
,,,,,,,,,,,,,,,,478554,001,2025-04-01_17h32.45.089,SLSI3,2022.2.5,MacIntel,60.24096386,,,,,,,,,,,,,,,,,,,,,,,,,,,,,,,,,,,,,,,,,,,,,,,,,,,,,,,,,,,,,,,,,,,,,,,,,,,,,,,,,,,,,,,,,,,,,,,,,,,,,,,,,,,,,,,,,,,,,,,4,8.4737,"When I am not distracted, I find my thoughts focusing on my own cognitive changes and concerns.",0,11,11,6,1,"When I am not distracted, I find my thoughts focusing on my own cognitive changes and concerns.",,,,,,,,,,,,,,,,,,,,,,,,,,,,
,,,,,,,,,,,,,,,,478554,001,2025-04-01_17h32.45.089,SLSI3,2022.2.5,MacIntel,60.24096386,,,,,,,,,,,,,,,,,,,,,,,,,,,,,,,,,,,,,,,,,,,,,,,,,,,,,,,,,,,,,,,,,,,,,,,,,,,,,,,,,,,,,,,,,,,,,,,,,,,,,,,,,,,,,,,,,,,,,,,,,,,,,,,,space,5.9344,,,,,,,,,,,,,,,,,,,,,,,,,,
,,,,,,,,,,,,,,,,478554,001,2025-04-01_17h32.45.089,SLSI3,2022.2.5,MacIntel,60.24096386,,,,,,,,,,,,,,,,,,,,,,,,,,,,,,,,,,,,,,,,,,,,,,,,,,,,,,,,,,,,,,,,,,,,,,,,,,,,,,,,,,,,,,,,,,,,,,,,,,,,,,,,,,,,,,,,,,,,,,,,,,,,,,,,,,1,7.6389,"If a telemarketer calls me, I usually listen to what they have to say",0,0,0,4,1,"If a telemarketer calls me, I usually listen to what they have to say",,,,,,,,,,,,,,,,,
,,,,,,,,,,,,,,,,478554,001,2025-04-01_17h32.45.089,SLSI3,2022.2.5,MacIntel,60.24096386,,,,,,,,,,,,,,,,,,,,,,,,,,,,,,,,,,,,,,,,,,,,,,,,,,,,,,,,,,,,,,,,,,,,,,,,,,,,,,,,,,,,,,,,,,,,,,,,,,,,,,,,,,,,,,,,,,,,,,,,,,,,,,,,,,5,8.4415,"If something sounds too good to be true, it usually is",0,1,1,2,1,"If something sounds too good to be true, it usually is",,,,,,,,,,,,,,,,,
,,,,,,,,,,,,,,,,478554,001,2025-04-01_17h32.45.089,SLSI3,2022.2.5,MacIntel,60.24096386,,,,,,,,,,,,,,,,,,,,,,,,,,,,,,,,,,,,,,,,,,,,,,,,,,,,,,,,,,,,,,,,,,,,,,,,,,,,,,,,,,,,,,,,,,,,,,,,,,,,,,,,,,,,,,,,,,,,,,,,,,,,,,,,,,3,8.1617,Persons over the age of 65 are often targeted by con-artists,0,2,2,3,1,Persons over the age of 65 are often targeted by con-artists,,,,,,,,,,,,,,,,,
,,,,,,,,,,,,,,,,478554,001,2025-04-01_17h32.45.089,SLSI3,2022.2.5,MacIntel,60.24096386,,,,,,,,,,,,,,,,,,,,,,,,,,,,,,,,,,,,,,,,,,,,,,,,,,,,,,,,,,,,,,,,,,,,,,,,,,,,,,,,,,,,,,,,,,,,,,,,,,,,,,,,,,,,,,,,,,,,,,,,,,,,,,,,,,1,9.6895,"I have difficulty ending a phone call, even if the caller is a telemarketer, someone I do not know, or someone I do not wish to call me",0,3,3,1,1,"I have difficulty ending a phone call, even if the caller is a telemarketer, someone I do not know, or someone I do not wish to call me",,,,,,,,,,,,,,,,,
,,,,,,,,,,,,,,,,478554,001,2025-04-01_17h32.45.089,SLSI3,2022.2.5,MacIntel,60.24096386,,,,,,,,,,,,,,,,,,,,,,,,,,,,,,,,,,,,,,,,,,,,,,,,,,,,,,,,,,,,,,,,,,,,,,,,,,,,,,,,,,,,,,,,,,,,,,,,,,,,,,,,,,,,,,,,,,,,,,,,,,,,,,,,,,2,12.3073,"I answer the phone whenever it rings, even if I do not know who is calling",0,4,4,0,1,"I answer the phone whenever it rings, even if I do not know who is calling",,,,,,,,,,,,,,,,,
,,,,,,,,,,,,,,,,478554,001,2025-04-01_17h32.45.089,SLSI3,2022.2.5,MacIntel,60.24096386,,,,,,,,,,,,,,,,,,,,,,,,,,,,,,,,,,,,,,,,,,,,,,,,,,,,,,,,,,,,,,,,,,,,,,,,,,,,,,,,,,,,,,,,,,,,,,,,,,,,,,,,,,,,,,,,,,,,,,,,,,,,,,,,,,,,,,,,,,,1.006175266,6.2218,,,,,,,,,,,,,,,
,,,,,,,,,,,,,,,,478554,001,2025-04-01_17h32.45.089,SLSI3,2022.2.5,MacIntel,60.24096386,,,,,,,,,,,,,,,,,,,,,,,,,,,,,,,,,,,,,,,,,,,,,,,,,,,,,,,,,,,,,,,,,,,,,,,,,,,,,,,,,,,,,,,,,,,,,,,,,,,,,,,,,,,,,,,,,,,,,,,,,,,,,,,,,,,,,,,,,,,,,,,,,,,,,,,,,,,
,,,,,,,,,,,,,,,,478554,001,2025-04-01_17h32.45.089,SLSI3,2022.2.5,MacIntel,60.24096386,,,,,,,,,,,,,,,,,,,,,,,,,,,,,,,,,,,,,,,,,,,,,,,,,,,,,,,,,,,,,,,,,,,,,,,,,,,,,,,,,,,,,,,,,,,,,,,,,,,,,,,,,,,,,,,,,,,,,,,,,,,,,,,,,,,,,,,,,,,,,"[""female_option""]",,,,,,,,,,,,,,
,,,,,,,,,,,,,,,,478554,001,2025-04-01_17h32.45.089,SLSI3,2022.2.5,MacIntel,60.24096386,,,,,,,,,,,,,,,,,,,,,,,,,,,,,,,,,,,,,,,,,,,,,,,,,,,,,,,,,,,,,,,,,,,,,,,,,,,,,,,,,,,,,,,,,,,,,,,,,,,,,,,,,,,,,,,,,,,,,,,,,,,,,,,,,,,,,,,,,,,,,,,,,,,,,,,,,,,
,,,,,,,,,,,,,,,,478554,001,2025-04-01_17h32.45.089,SLSI3,2022.2.5,MacIntel,60.24096386,,,,,,,,,,,,,,,,,,,,,,,,,,,,,,,,,,,,,,,,,,,,,,,,,,,,,,,,,,,,,,,,,,,,,,,,,,,,,,,,,,,,,,,,,,,,,,,,,,,,,,,,,,,,,,,,,,,,,,,,,,,,,,,,,,,,,,,,,,,,,,20,10/09/2004,,,,,,,,,,,,
,,,,,,,,,,,,,,,,478554,001,2025-04-01_17h32.45.089,SLSI3,2022.2.5,MacIntel,60.24096386,,,,,,,,,,,,,,,,,,,,,,,,,,,,,,,,,,,,,,,,,,,,,,,,,,,,,,,,,,,,,,,,,,,,,,,,,,,,,,,,,,,,,,,,,,,,,,,,,,,,,,,,,,,,,,,,,,,,,,,,,,,,,,,,,,,,,,,,,,,,,,,,,,,,,,,,,,,
,,,,,,,,,,,,,,,,478554,001,2025-04-01_17h32.45.089,SLSI3,2022.2.5,MacIntel,60.24096386,,,,,,,,,,,,,,,,,,,,,,,,,,,,,,,,,,,,,,,,,,,,,,,,,,,,,,,,,,,,,,,,,,,,,,,,,,,,,,,,,,,,,,,,,,,,,,,,,,,,,,,,,,,,,,,,,,,,,,,,,,,,,,,,,,,,,,,,,,,,,,,,"[""EduOpt4""]",,,,,,,,,,,
,,,,,,,,,,,,,,,,478554,001,2025-04-01_17h32.45.089,SLSI3,2022.2.5,MacIntel,60.24096386,,,,,,,,,,,,,,,,,,,,,,,,,,,,,,,,,,,,,,,,,,,,,,,,,,,,,,,,,,,,,,,,,,,,,,,,,,,,,,,,,,,,,,,,,,,,,,,,,,,,,,,,,,,,,,,,,,,,,,,,,,,,,,,,,,,,,,,,,,,,,,,,,,,,,,,,,,,
,,,,,,,,,,,,,,,,478554,001,2025-04-01_17h32.45.089,SLSI3,2022.2.5,MacIntel,60.24096386,,,,,,,,,,,,,,,,,,,,,,,,,,,,,,,,,,,,,,,,,,,,,,,,,,,,,,,,,,,,,,,,,,,,,,,,,,,,,,,,,,,,,,,,,,,,,,,,,,,,,,,,,,,,,,,,,,,,,,,,,,,,,,,,,,,,,,,,,,,,,,,,,"[""EthnOpt2""]",,,,,,,,,,
,,,,,,,,,,,,,,,,478554,001,2025-04-01_17h32.45.089,SLSI3,2022.2.5,MacIntel,60.24096386,,,,,,,,,,,,,,,,,,,,,,,,,,,,,,,,,,,,,,,,,,,,,,,,,,,,,,,,,,,,,,,,,,,,,,,,,,,,,,,,,,,,,,,,,,,,,,,,,,,,,,,,,,,,,,,,,,,,,,,,,,,,,,,,,,,,,,,,,,,,,,,,,,,,,,,,,,,
,,,,,,,,,,,,,,,,478554,001,2025-04-01_17h32.45.089,SLSI3,2022.2.5,MacIntel,60.24096386,,,,,,,,,,,,,,,,,,,,,,,,,,,,,,,,,,,,,,,,,,,,,,,,,,,,,,,,,,,,,,,,,,,,,,,,,,,,,,,,,,,,,,,,,,,,,,,,,,,,,,,,,,,,,,,,,,,,,,,,,,,,,,,,,,,,,,,,,,,,,,,,,,"[""EngFlncyY""]",,,,,,,,,
,,,,,,,,,,,,,,,,478554,001,2025-04-01_17h32.45.089,SLSI3,2022.2.5,MacIntel,60.24096386,,,,,,,,,,,,,,,,,,,,,,,,,,,,,,,,,,,,,,,,,,,,,,,,,,,,,,,,,,,,,,,,,,,,,,,,,,,,,,,,,,,,,,,,,,,,,,,,,,,,,,,,,,,,,,,,,,,,,,,,,,,,,,,,,,,,,,,,,,,,,,,,,,,,,,,,,,,
,,,,,,,,,,,,,,,,478554,001,2025-04-01_17h32.45.089,SLSI3,2022.2.5,MacIntel,60.24096386,,,,,,,,,,,,,,,,,,,,,,,,,,,,,,,,,,,,,,,,,,,,,,,,,,,,,,,,,,,,,,,,,,,,,,,,,,,,,,,,,,,,,,,,,,,,,,,,,,,,,,,,,,,,,,,,,,,,,,,,,,,,,,,,,,,,,,,,,,,,,,,,,,,5,US,,,,,,,
,,,,,,,,,,,,,,,,478554,001,2025-04-01_17h32.45.089,SLSI3,2022.2.5,MacIntel,60.24096386,,,,,,,,,,,,,,,,,,,,,,,,,,,,,,,,,,,,,,,,,,,,,,,,,,,,,,,,,,,,,,,,,,,,,,,,,,,,,,,,,,,,,,,,,,,,,,,,,,,,,,,,,,,,,,,,,,,,,,,,,,,,,,,,,,,,,,,,,,,,,,,,,,,,,,,,,,,
,,,,,,,,,,,,,,,,478554,001,2025-04-01_17h32.45.089,SLSI3,2022.2.5,MacIntel,60.24096386,,,,,,,,,,,,,,,,,,,,,,,,,,,,,,,,,,,,,,,,,,,,,,,,,,,,,,,,,,,,,,,,,,,,,,,,,,,,,,,,,,,,,,,,,,,,,,,,,,,,,,,,,,,,,,,,,,,,,,,,,,,,,,,,,,,,,,,,,,,,,,,,,,,,,D,,,,,,
,,,,,,,,,,,,,,,,478554,001,2025-04-01_17h32.45.089,SLSI3,2022.2.5,MacIntel,60.24096386,,,,,,,,,,,,,,,,,,,,,,,,,,,,,,,,,,,,,,,,,,,,,,,,,,,,,,,,,,,,,,,,,,,,,,,,,,,,,,,,,,,,,,,,,,,,,,,,,,,,,,,,,,,,,,,,,,,,,,,,,,,,,,,,,,,,,,,,,,,,,,,,,,,,,,,,,,,
,,,,,,,,,,,,,,,,478554,001,2025-04-01_17h32.45.089,SLSI3,2022.2.5,MacIntel,60.24096386,,,,,,,,,,,,,,,,,,,,,,,,,,,,,,,,,,,,,,,,,,,,,,,,,,,,,,,,,,,,,,,,,,,,,,,,,,,,,,,,,,,,,,,,,,,,,,,,,,,,,,,,,,,,,,,,,,,,,,,,,,,,,,,,,,,,,,,,,,,,,,,,,,,,,,no,,,,,
,,,,,,,,,,,,,,,,478554,001,2025-04-01_17h32.45.089,SLSI3,2022.2.5,MacIntel,60.24096386,,,,,,,,,,,,,,,,,,,,,,,,,,,,,,,,,,,,,,,,,,,,,,,,,,,,,,,,,,,,,,,,,,,,,,,,,,,,,,,,,,,,,,,,,,,,,,,,,,,,,,,,,,,,,,,,,,,,,,,,,,,,,,,,,,,,,,,,,,,,,,,,,,,,,,,,,,,
,,,,,,,,,,,,,,,,478554,001,2025-04-01_17h32.45.089,SLSI3,2022.2.5,MacIntel,60.24096386,,,,,,,,,,,,,,,,,,,,,,,,,,,,,,,,,,,,,,,,,,,,,,,,,,,,,,,,,,,,,,,,,,,,,,,,,,,,,,,,,,,,,,,,,,,,,,,,,,,,,,,,,,,,,,,,,,,,,,,,,,,,,,,,,,,,,,,,,,,,,,,,,,,,,,,no,,,,
,,,,,,,,,,,,,,,,478554,001,2025-04-01_17h32.45.089,SLSI3,2022.2.5,MacIntel,60.24096386,,,,,,,,,,,,,,,,,,,,,,,,,,,,,,,,,,,,,,,,,,,,,,,,,,,,,,,,,,,,,,,,,,,,,,,,,,,,,,,,,,,,,,,,,,,,,,,,,,,,,,,,,,,,,,,,,,,,,,,,,,,,,,,,,,,,,,,,,,,,,,,,,,,,,,,,,,,
,,,,,,,,,,,,,,,,478554,001,2025-04-01_17h32.45.089,SLSI3,2022.2.5,MacIntel,60.24096386,,,,,,,,,,,,,,,,,,,,,,,,,,,,,,,,,,,,,,,,,,,,,,,,,,,,,,,,,,,,,,,,,,,,,,,,,,,,,,,,,,,,,,,,,,,,,,,,,,,,,,,,,,,,,,,,,,,,,,,,,,,,,,,,,,,,,,,,,,,,,,,,,,,,,,,,"[""Q4option1""]",,,
,,,,,,,,,,,,,,,,478554,001,2025-04-01_17h32.45.089,SLSI3,2022.2.5,MacIntel,60.24096386,,,,,,,,,,,,,,,,,,,,,,,,,,,,,,,,,,,,,,,,,,,,,,,,,,,,,,,,,,,,,,,,,,,,,,,,,,,,,,,,,,,,,,,,,,,,,,,,,,,,,,,,,,,,,,,,,,,,,,,,,,,,,,,,,,,,,,,,,,,,,,,,,,,,,,,,,,,
,,,,,,,,,,,,,,,,478554,001,2025-04-01_17h32.45.089,SLSI3,2022.2.5,MacIntel,60.24096386,,,,,,,,,,,,,,,,,,,,,,,,,,,,,,,,,,,,,,,,,,,,,,,,,,,,,,,,,,,,,,,,,,,,,,,,,,,,,,,,,,,,,,,,,,,,,,,,,,,,,,,,,,,,,,,,,,,,,,,,,,,,,,,,,,,,,,,,,,,,,,,,,,,,,,,,,1,[2080.1404],[2080.1405]
