bruinID.text,button.numClicks,button.timesOn,button.timesOff,mouseLogIn.x,mouseLogIn.y,mouseLogIn.leftButton,mouseLogIn.midButton,mouseLogIn.rightButton,mouseLogIn.time,mouseLogIn.clicked_name,repeat.thisRepN,repeat.thisTrialN,repeat.thisN,repeat.thisIndex,repeat.ran,participant,session,date,expName,psychopyVersion,OS,frameRate,key_resp_6.keys,key_resp_6.rt,key_resp_5.keys,key_resp_5.rt,subjage_slider.response,subjage_slider.rt,confidence_scale.response,confidence_scale.rt,key_resp_7.keys,key_resp_7.rt,button_2.numClicks,button_2.timesOn,button_2.timesOff,email_type,scam_button.numClicks,scam_button.timesOn,scam_button.timesOff,legit_button.numClicks,legit_button.timesOn,legit_button.timesOff,button_selections_1,confidence_scale_email.response,confidence_scale_email.rt,personal_rel_scale.response,personal_rel_scale.rt,curiosity_scale.response,curiosity_scale.rt,email_loop.thisRepN,email_loop.thisTrialN,email_loop.thisN,email_loop.thisIndex,email_loop.ran,emails,type,xsize,ysize,xpos,ypos,key_resp_11.keys,key_resp_11.rt,key_resp_9.keys,key_resp_9.rt,key_resp_10.keys,key_resp_10.rt,textbox.text,next_button.numClicks,next_button.timesOn,next_button.timesOff,key_resp_8.keys,key_resp_8.rt,mouse.x,mouse.y,mouse.leftButton,mouse.midButton,mouse.rightButton,mouse.time,key_resp_12.keys,key_resp_12.rt,button_3.numClicks,button_3.timesOn,button_3.timesOff,mouse_2.x,mouse_2.y,mouse_2.leftButton,mouse_2.midButton,mouse_2.rightButton,mouse_2.time,button_4.numClicks,button_4.timesOn,button_4.timesOff,mouse_3.x,mouse_3.y,mouse_3.leftButton,mouse_3.midButton,mouse_3.rightButton,mouse_3.time,button_5.numClicks,button_5.timesOn,button_5.timesOff,email_loops2.thisRepN,email_loops2.thisTrialN,email_loops2.thisN,email_loops2.thisIndex,email_loops2.ran,key_resp_3.keys,key_resp_3.rt,slider1_2.response,slider1_2.rt,trust_question,loop_GT.thisRepN,loop_GT.thisTrialN,loop_GT.thisN,loop_GT.thisIndex,loop_GT.ran,Phrases,instructionresp_2.keys,instructionresp_2.rt,key_resp_13.keys,key_resp_13.rt,gen_question,loop_G.thisRepN,loop_G.thisTrialN,loop_G.thisN,loop_G.thisIndex,loop_G.ran,Questions,instructionresp.keys,instructionresp.rt,key_resp_2.keys,key_resp_2.rt,lonely_question,loop_LS.thisRepN,loop_LS.thisTrialN,loop_LS.thisN,loop_LS.thisIndex,loop_LS.ran,key_resp_4.keys,key_resp_4.rt,rating.response,rating.rt,dementia_question,loop_dm.thisRepN,loop_dm.thisTrialN,loop_dm.thisN,loop_dm.thisIndex,loop_dm.ran,Items,key_resp.keys,key_resp.rt,slider1.response,slider1.rt,ss_question,loop_SS.thisRepN,loop_SS.thisTrialN,loop_SS.thisN,loop_SS.thisIndex,loop_SS.ran,Statements,slider.response,slider.rt,Gender,textboxAge.text,textboxBirthday.text,Education Level,Ethnicity,English Fluency,textboxAge_2.text,textboxCountry.text,FQ1textbox.text,textboxQuestion2.text,textboxQuestion3.text,FQ4 selection,Finish.numClicks,Finish.timesOn,Finish.timesOff
905747160,1,[11.787999999999997],[11.788100000001492],0.337096354,-0.066002604,1,0,0,11.6772,button,0,0,0,0,1,500315,001,2025-04-05_16h37.16.209,SLSI3,2022.2.5,MacIntel,63.69426752,,,,,,,,,,,,,,,,,,,,,,,,,,,,,,,,,,,,,,,,,,,,,,,,,,,,,,,,,,,,,,,,,,,,,,,,,,,,,,,,,,,,,,,,,,,,,,,,,,,,,,,,,,,,,,,,,,,,,,,,,,,,,,,,,,,,,,,,,,,,,,,,,,,,,,,,,,,
,,,,,,,,,,,,,,,,500315,001,2025-04-05_16h37.16.209,SLSI3,2022.2.5,MacIntel,63.69426752,space,15.0316,,,,,,,,,,,,,,,,,,,,,,,,,,,,,,,,,,,,,,,,,,,,,,,,,,,,,,,,,,,,,,,,,,,,,,,,,,,,,,,,,,,,,,,,,,,,,,,,,,,,,,,,,,,,,,,,,,,,,,,,,,,,,,,,,,,,,,,,,,,,,,,,,,,,,,,,,
,,,,,,,,,,,,,,,,500315,001,2025-04-05_16h37.16.209,SLSI3,2022.2.5,MacIntel,63.69426752,,,space,30.9537,,,,,,,,,,,,,,,,,,,,,,,,,,,,,,,,,,,,,,,,,,,,,,,,,,,,,,,,,,,,,,,,,,,,,,,,,,,,,,,,,,,,,,,,,,,,,,,,,,,,,,,,,,,,,,,,,,,,,,,,,,,,,,,,,,,,,,,,,,,,,,,,,,,,,,,
,,,,,,,,,,,,,,,,500315,001,2025-04-05_16h37.16.209,SLSI3,2022.2.5,MacIntel,63.69426752,,,,,20.78125,7.3867,,,,,,,,,,,,,,,,,,,,,,,,,,,,,,,,,,,,,,,,,,,,,,,,,,,,,,,,,,,,,,,,,,,,,,,,,,,,,,,,,,,,,,,,,,,,,,,,,,,,,,,,,,,,,,,,,,,,,,,,,,,,,,,,,,,,,,,,,,,,,,,,,,,,,
,,,,,,,,,,,,,,,,500315,001,2025-04-05_16h37.16.209,SLSI3,2022.2.5,MacIntel,63.69426752,,,,,,,9.966015625,4.3311,,,,,,,,,,,,,,,,,,,,,,,,,,,,,,,,,,,,,,,,,,,,,,,,,,,,,,,,,,,,,,,,,,,,,,,,,,,,,,,,,,,,,,,,,,,,,,,,,,,,,,,,,,,,,,,,,,,,,,,,,,,,,,,,,,,,,,,,,,,,,,,,,,,
,,,,,,,,,,,,,,,,500315,001,2025-04-05_16h37.16.209,SLSI3,2022.2.5,MacIntel,63.69426752,,,,,,,,,space,7.3617,,,,,,,,,,,,,,,,,,,,,,,,,,,,,,,,,,,,,,,,,,,,,,,,,,,,,,,,,,,,,,,,,,,,,,,,,,,,,,,,,,,,,,,,,,,,,,,,,,,,,,,,,,,,,,,,,,,,,,,,,,,,,,,,,,,,,,,,,,,,,,,,,
,,,,,,,,,,,,,,,,500315,001,2025-04-05_16h37.16.209,SLSI3,2022.2.5,MacIntel,63.69426752,,,,,,,,,,,1,[105.8365],[105.8365],,0,[],[],1,[106.86869999999551],[106.86879999999702],"[""legit_button""]",8.028168403,2.1147,7.993012153,1.1643,7.993012153,1.2474,0,0,0,3,1,resources/images/legit_20.png,legit,0.9,0.8,0,0,,,,,,,,,,,,,,,,,,,,,,,,,,,,,,,,,,,,,,,,,,,,,,,,,,,,,,,,,,,,,,,,,,,,,,,,,,,,,,,,,,,,,,,,,,,,,,,,,,,,,,,,,,,,,,,,,,,,,
,,,,,,,,,,,,,,,,500315,001,2025-04-05_16h37.16.209,SLSI3,2022.2.5,MacIntel,63.69426752,,,,,,,,,,,2,"[105.8365,124.654]","[105.8365,124.654]",,0,[],[],2,"[106.86869999999551,125.31910000000148]","[106.86879999999702,125.31910000000148]","[""legit_button""]",7.116276042,1.0787,7.116276042,0.766,7.116276042,2.3967,0,1,1,13,1,resources/images/legit15.jpg,legit,0.95,0.65,0,0,,,,,,,,,,,,,,,,,,,,,,,,,,,,,,,,,,,,,,,,,,,,,,,,,,,,,,,,,,,,,,,,,,,,,,,,,,,,,,,,,,,,,,,,,,,,,,,,,,,,,,,,,,,,,,,,,,,,,
,,,,,,,,,,,,,,,,500315,001,2025-04-05_16h37.16.209,SLSI3,2022.2.5,MacIntel,63.69426752,,,,,,,,,,,3,"[105.8365,124.654,144.6716000000015]","[105.8365,124.654,144.6716000000015]",,1,[145.487799999997],[145.487799999997],2,"[106.86869999999551,125.31910000000148]","[106.86879999999702,125.31910000000148]","[""scam_button""]",5.008376736,1.8818,0.010503472,2.0632,0.010503472,0.6326,0,2,2,1,1,resources/images/scam9.jpg,scam,0.65,0.65,0,0,,,,,,,,,,,,,,,,,,,,,,,,,,,,,,,,,,,,,,,,,,,,,,,,,,,,,,,,,,,,,,,,,,,,,,,,,,,,,,,,,,,,,,,,,,,,,,,,,,,,,,,,,,,,,,,,,,,,,
,,,,,,,,,,,,,,,,500315,001,2025-04-05_16h37.16.209,SLSI3,2022.2.5,MacIntel,63.69426752,,,,,,,,,,,4,"[105.8365,124.654,144.6716000000015,166.8558999999985]","[105.8365,124.654,144.6716000000015,166.856]",,1,[145.487799999997],[145.487799999997],3,"[106.86869999999551,125.31910000000148,167.5043999999985]","[106.86879999999702,125.31910000000148,167.5045]","[""legit_button""]",7.055772569,1.4815,7.061328125,0.9319,7.061328125,4.8143,0,3,3,22,1,resources/images/scam_24.png,scam,1,0.8,0,0,,,,,,,,,,,,,,,,,,,,,,,,,,,,,,,,,,,,,,,,,,,,,,,,,,,,,,,,,,,,,,,,,,,,,,,,,,,,,,,,,,,,,,,,,,,,,,,,,,,,,,,,,,,,,,,,,,,,,
,,,,,,,,,,,,,,,,500315,001,2025-04-05_16h37.16.209,SLSI3,2022.2.5,MacIntel,63.69426752,,,,,,,,,,,5,"[105.8365,124.654,144.6716000000015,166.8558999999985,180.5063999999985]","[105.8365,124.654,144.6716000000015,166.856,180.5065]",,2,"[145.487799999997,181.571799999997]","[145.487799999997,181.571799999997]",3,"[106.86869999999551,125.31910000000148,167.5043999999985]","[106.86879999999702,125.31910000000148,167.5045]","[""scam_button""]",9.910373264,1.1651,9.910373264,1.0651,9.910373264,0.704,0,4,4,19,1,resources/images/scam_21.png,scam,1,0.65,0,0,,,,,,,,,,,,,,,,,,,,,,,,,,,,,,,,,,,,,,,,,,,,,,,,,,,,,,,,,,,,,,,,,,,,,,,,,,,,,,,,,,,,,,,,,,,,,,,,,,,,,,,,,,,,,,,,,,,,,
,,,,,,,,,,,,,,,,500315,001,2025-04-05_16h37.16.209,SLSI3,2022.2.5,MacIntel,63.69426752,,,,,,,,,,,6,"[105.8365,124.654,144.6716000000015,166.8558999999985,180.5063999999985,199.907]","[105.8365,124.654,144.6716000000015,166.856,180.5065,199.907]",,3,"[145.487799999997,181.571799999997,200.94010000000148]","[145.487799999997,181.571799999997,200.94010000000148]",3,"[106.86869999999551,125.31910000000148,167.5043999999985]","[106.86879999999702,125.31910000000148,167.5045]","[""scam_button""]",9.919574653,1.0138,9.914539931,0.3645,9.835546875,1.8976,0,5,5,12,1,resources/images/scam17.png,scam,0.8,0.65,0,0,,,,,,,,,,,,,,,,,,,,,,,,,,,,,,,,,,,,,,,,,,,,,,,,,,,,,,,,,,,,,,,,,,,,,,,,,,,,,,,,,,,,,,,,,,,,,,,,,,,,,,,,,,,,,,,,,,,,,
,,,,,,,,,,,,,,,,500315,001,2025-04-05_16h37.16.209,SLSI3,2022.2.5,MacIntel,63.69426752,,,,,,,,,,,7,"[105.8365,124.654,144.6716000000015,166.8558999999985,180.5063999999985,199.907,216.2076000000015]","[105.8365,124.654,144.6716000000015,166.856,180.5065,199.907,216.2076000000015]",,3,"[145.487799999997,181.571799999997,200.94010000000148]","[145.487799999997,181.571799999997,200.94010000000148]",4,"[106.86869999999551,125.31910000000148,167.5043999999985,217.6898999999985]","[106.86879999999702,125.31910000000148,167.5045,217.6898999999985]","[""legit_button""]",6.946527778,1.4805,5.159418403,0.947,1.918229167,1.5969,0,6,6,16,1,resources/images/legit_30.png,legit,1,0.85,0,0,,,,,,,,,,,,,,,,,,,,,,,,,,,,,,,,,,,,,,,,,,,,,,,,,,,,,,,,,,,,,,,,,,,,,,,,,,,,,,,,,,,,,,,,,,,,,,,,,,,,,,,,,,,,,,,,,,,,,
,,,,,,,,,,,,,,,,500315,001,2025-04-05_16h37.16.209,SLSI3,2022.2.5,MacIntel,63.69426752,,,,,,,,,,,8,"[105.8365,124.654,144.6716000000015,166.8558999999985,180.5063999999985,199.907,216.2076000000015,254.99349999999998]","[105.8365,124.654,144.6716000000015,166.856,180.5065,199.907,216.2076000000015,254.9936000000015]",,4,"[145.487799999997,181.571799999997,200.94010000000148,255.609]","[145.487799999997,181.571799999997,200.94010000000148,255.60910000000146]",4,"[106.86869999999551,125.31910000000148,167.5043999999985,217.6898999999985]","[106.86879999999702,125.31910000000148,167.5045,217.6898999999985]","[""scam_button""]",4.906640625,1.6966,4.019661458,1.4806,1.921440972,1.4982,0,7,7,15,1,resources/images/legit16.jpg,legit,0.65,0.65,0,0,,,,,,,,,,,,,,,,,,,,,,,,,,,,,,,,,,,,,,,,,,,,,,,,,,,,,,,,,,,,,,,,,,,,,,,,,,,,,,,,,,,,,,,,,,,,,,,,,,,,,,,,,,,,,,,,,,,,,
,,,,,,,,,,,,,,,,500315,001,2025-04-05_16h37.16.209,SLSI3,2022.2.5,MacIntel,63.69426752,,,,,,,,,,,9,"[105.8365,124.654,144.6716000000015,166.8558999999985,180.5063999999985,199.907,216.2076000000015,254.99349999999998,274.3603999999985]","[105.8365,124.654,144.6716000000015,166.856,180.5065,199.907,216.2076000000015,254.9936000000015,274.3603999999985]",,4,"[145.487799999997,181.571799999997,200.94010000000148,255.609]","[145.487799999997,181.571799999997,200.94010000000148,255.60910000000146]",5,"[106.86869999999551,125.31910000000148,167.5043999999985,217.6898999999985,275.042299999997]","[106.86879999999702,125.31910000000148,167.5045,217.6898999999985,275.042299999997]","[""legit_button""]",7.779817708,1.479,7.774782986,0.7637,7.111371528,1.6973,0,8,8,7,1,resources/images/legit_21.png,legit,0.8,0.8,0,0,,,,,,,,,,,,,,,,,,,,,,,,,,,,,,,,,,,,,,,,,,,,,,,,,,,,,,,,,,,,,,,,,,,,,,,,,,,,,,,,,,,,,,,,,,,,,,,,,,,,,,,,,,,,,,,,,,,,,
,,,,,,,,,,,,,,,,500315,001,2025-04-05_16h37.16.209,SLSI3,2022.2.5,MacIntel,63.69426752,,,,,,,,,,,10,"[105.8365,124.654,144.6716000000015,166.8558999999985,180.5063999999985,199.907,216.2076000000015,254.99349999999998,274.3603999999985,285.44429999999704]","[105.8365,124.654,144.6716000000015,166.856,180.5065,199.907,216.2076000000015,254.9936000000015,274.3603999999985,285.44429999999704]",,5,"[145.487799999997,181.571799999997,200.94010000000148,255.609,287.22700000000003]","[145.487799999997,181.571799999997,200.94010000000148,255.60910000000146,287.22700000000003]",5,"[106.86869999999551,125.31910000000148,167.5043999999985,217.6898999999985,275.042299999997]","[106.86879999999702,125.31910000000148,167.5045,217.6898999999985,275.042299999997]","[""scam_button""]",5.142621528,1.064,4.840972222,1.1659,4.840972222,0.3807,0,9,9,11,1,resources/images/scam16.png,scam,0.65,0.65,0,0,,,,,,,,,,,,,,,,,,,,,,,,,,,,,,,,,,,,,,,,,,,,,,,,,,,,,,,,,,,,,,,,,,,,,,,,,,,,,,,,,,,,,,,,,,,,,,,,,,,,,,,,,,,,,,,,,,,,,
,,,,,,,,,,,,,,,,500315,001,2025-04-05_16h37.16.209,SLSI3,2022.2.5,MacIntel,63.69426752,,,,,,,,,,,11,"[105.8365,124.654,144.6716000000015,166.8558999999985,180.5063999999985,199.907,216.2076000000015,254.99349999999998,274.3603999999985,285.44429999999704,318.5288999999985]","[105.8365,124.654,144.6716000000015,166.856,180.5065,199.907,216.2076000000015,254.9936000000015,274.3603999999985,285.44429999999704,318.5288999999985]",,5,"[145.487799999997,181.571799999997,200.94010000000148,255.609,287.22700000000003]","[145.487799999997,181.571799999997,200.94010000000148,255.60910000000146,287.22700000000003]",6,"[106.86869999999551,125.31910000000148,167.5043999999985,217.6898999999985,275.042299999997,319.1275]","[106.86879999999702,125.31910000000148,167.5045,217.6898999999985,275.042299999997,319.1275]","[""legit_button""]",6.933029514,2.1474,6.933029514,0.8145,6.933029514,0.3476,0,10,10,6,1,resources/images/legit13.jpg,legit,0.65,0.65,0,0,,,,,,,,,,,,,,,,,,,,,,,,,,,,,,,,,,,,,,,,,,,,,,,,,,,,,,,,,,,,,,,,,,,,,,,,,,,,,,,,,,,,,,,,,,,,,,,,,,,,,,,,,,,,,,,,,,,,,
,,,,,,,,,,,,,,,,500315,001,2025-04-05_16h37.16.209,SLSI3,2022.2.5,MacIntel,63.69426752,,,,,,,,,,,12,"[105.8365,124.654,144.6716000000015,166.8558999999985,180.5063999999985,199.907,216.2076000000015,254.99349999999998,274.3603999999985,285.44429999999704,318.5288999999985,340.3453999999985]","[105.8365,124.654,144.6716000000015,166.856,180.5065,199.907,216.2076000000015,254.9936000000015,274.3603999999985,285.44429999999704,318.5288999999985,340.3453999999985]",,6,"[145.487799999997,181.571799999997,200.94010000000148,255.609,287.22700000000003,341.06179999999705]","[145.487799999997,181.571799999997,200.94010000000148,255.60910000000146,287.22700000000003,341.0618999999985]",6,"[106.86869999999551,125.31910000000148,167.5043999999985,217.6898999999985,275.042299999997,319.1275]","[106.86879999999702,125.31910000000148,167.5045,217.6898999999985,275.042299999997,319.1275]","[""scam_button""]",4.000694444,2.2979,4.000694444,0.7476,4.000694444,0.2482,0,11,11,9,1,resources/images/legit_22.png,legit,1,0.78,0,0,,,,,,,,,,,,,,,,,,,,,,,,,,,,,,,,,,,,,,,,,,,,,,,,,,,,,,,,,,,,,,,,,,,,,,,,,,,,,,,,,,,,,,,,,,,,,,,,,,,,,,,,,,,,,,,,,,,,,
,,,,,,,,,,,,,,,,500315,001,2025-04-05_16h37.16.209,SLSI3,2022.2.5,MacIntel,63.69426752,,,,,,,,,,,13,"[105.8365,124.654,144.6716000000015,166.8558999999985,180.5063999999985,199.907,216.2076000000015,254.99349999999998,274.3603999999985,285.44429999999704,318.5288999999985,340.3453999999985,352.9458999999985]","[105.8365,124.654,144.6716000000015,166.856,180.5065,199.907,216.2076000000015,254.9936000000015,274.3603999999985,285.44429999999704,318.5288999999985,340.3453999999985,352.946]",,7,"[145.487799999997,181.571799999997,200.94010000000148,255.609,287.22700000000003,341.06179999999705,353.8956000000015]","[145.487799999997,181.571799999997,200.94010000000148,255.60910000000146,287.22700000000003,341.0618999999985,353.89569999999554]",6,"[106.86869999999551,125.31910000000148,167.5043999999985,217.6898999999985,275.042299999997,319.1275]","[106.86879999999702,125.31910000000148,167.5045,217.6898999999985,275.042299999997,319.1275]","[""scam_button""]",9.887413194,1.6314,9.876302083,0.2654,4.898307292,0.6654,0,12,12,20,1,resources/images/scam_30.png,scam,1.45,0.6,0,0,,,,,,,,,,,,,,,,,,,,,,,,,,,,,,,,,,,,,,,,,,,,,,,,,,,,,,,,,,,,,,,,,,,,,,,,,,,,,,,,,,,,,,,,,,,,,,,,,,,,,,,,,,,,,,,,,,,,,
,,,,,,,,,,,,,,,,500315,001,2025-04-05_16h37.16.209,SLSI3,2022.2.5,MacIntel,63.69426752,,,,,,,,,,,14,"[105.8365,124.654,144.6716000000015,166.8558999999985,180.5063999999985,199.907,216.2076000000015,254.99349999999998,274.3603999999985,285.44429999999704,318.5288999999985,340.3453999999985,352.9458999999985,372.214299999997]","[105.8365,124.654,144.6716000000015,166.856,180.5065,199.907,216.2076000000015,254.9936000000015,274.3603999999985,285.44429999999704,318.5288999999985,340.3453999999985,352.946,372.214299999997]",,8,"[145.487799999997,181.571799999997,200.94010000000148,255.609,287.22700000000003,341.06179999999705,353.8956000000015,373.314]","[145.487799999997,181.571799999997,200.94010000000148,255.60910000000146,287.22700000000003,341.0618999999985,353.89569999999554,373.314]",6,"[106.86869999999551,125.31910000000148,167.5043999999985,217.6898999999985,275.042299999997,319.1275]","[106.86879999999702,125.31910000000148,167.5045,217.6898999999985,275.042299999997,319.1275]","[""scam_button""]",7.114322917,2.1821,5.106163194,6.6313,4.214713542,1.099,0,13,13,14,1,resources/images/scam18.png,scam,1,0.65,0,0,,,,,,,,,,,,,,,,,,,,,,,,,,,,,,,,,,,,,,,,,,,,,,,,,,,,,,,,,,,,,,,,,,,,,,,,,,,,,,,,,,,,,,,,,,,,,,,,,,,,,,,,,,,,,,,,,,,,,
,,,,,,,,,,,,,,,,500315,001,2025-04-05_16h37.16.209,SLSI3,2022.2.5,MacIntel,63.69426752,,,,,,,,,,,15,"[105.8365,124.654,144.6716000000015,166.8558999999985,180.5063999999985,199.907,216.2076000000015,254.99349999999998,274.3603999999985,285.44429999999704,318.5288999999985,340.3453999999985,352.9458999999985,372.214299999997,389.315799999997]","[105.8365,124.654,144.6716000000015,166.856,180.5065,199.907,216.2076000000015,254.9936000000015,274.3603999999985,285.44429999999704,318.5288999999985,340.3453999999985,352.946,372.214299999997,389.3158999999985]",,9,"[145.487799999997,181.571799999997,200.94010000000148,255.609,287.22700000000003,341.06179999999705,353.8956000000015,373.314,390.2803999999985]","[145.487799999997,181.571799999997,200.94010000000148,255.60910000000146,287.22700000000003,341.0618999999985,353.89569999999554,373.314,390.2805]",6,"[106.86869999999551,125.31910000000148,167.5043999999985,217.6898999999985,275.042299999997,319.1275]","[106.86879999999702,125.31910000000148,167.5045,217.6898999999985,275.042299999997,319.1275]","[""scam_button""]",10,2.7647,9.918142361,1.5804,4.919270833,2.5718,0,14,14,4,1,resources/images/legit_19.png,legit,0.65,0.65,0,0,,,,,,,,,,,,,,,,,,,,,,,,,,,,,,,,,,,,,,,,,,,,,,,,,,,,,,,,,,,,,,,,,,,,,,,,,,,,,,,,,,,,,,,,,,,,,,,,,,,,,,,,,,,,,,,,,,,,,
,,,,,,,,,,,,,,,,500315,001,2025-04-05_16h37.16.209,SLSI3,2022.2.5,MacIntel,63.69426752,,,,,,,,,,,16,"[105.8365,124.654,144.6716000000015,166.8558999999985,180.5063999999985,199.907,216.2076000000015,254.99349999999998,274.3603999999985,285.44429999999704,318.5288999999985,340.3453999999985,352.9458999999985,372.214299999997,389.315799999997,409.9326999999955]","[105.8365,124.654,144.6716000000015,166.856,180.5065,199.907,216.2076000000015,254.9936000000015,274.3603999999985,285.44429999999704,318.5288999999985,340.3453999999985,352.946,372.214299999997,389.3158999999985,409.93279999999703]",,10,"[145.487799999997,181.571799999997,200.94010000000148,255.609,287.22700000000003,341.06179999999705,353.8956000000015,373.314,390.2803999999985,411.0655]","[145.487799999997,181.571799999997,200.94010000000148,255.60910000000146,287.22700000000003,341.0618999999985,353.89569999999554,373.314,390.2805,411.0656000000015]",6,"[106.86869999999551,125.31910000000148,167.5043999999985,217.6898999999985,275.042299999997,319.1275]","[106.86879999999702,125.31910000000148,167.5045,217.6898999999985,275.042299999997,319.1275]","[""scam_button""]",9.898003472,0.931,4.924652778,1.7499,3.709461806,0.7975,0,15,15,2,1,resources/images/legit11.jpg,legit,0.65,0.65,0,0,,,,,,,,,,,,,,,,,,,,,,,,,,,,,,,,,,,,,,,,,,,,,,,,,,,,,,,,,,,,,,,,,,,,,,,,,,,,,,,,,,,,,,,,,,,,,,,,,,,,,,,,,,,,,,,,,,,,,
,,,,,,,,,,,,,,,,500315,001,2025-04-05_16h37.16.209,SLSI3,2022.2.5,MacIntel,63.69426752,,,,,,,,,,,17,"[105.8365,124.654,144.6716000000015,166.8558999999985,180.5063999999985,199.907,216.2076000000015,254.99349999999998,274.3603999999985,285.44429999999704,318.5288999999985,340.3453999999985,352.9458999999985,372.214299999997,389.315799999997,409.9326999999955,419.2331000000015]","[105.8365,124.654,144.6716000000015,166.856,180.5065,199.907,216.2076000000015,254.9936000000015,274.3603999999985,285.44429999999704,318.5288999999985,340.3453999999985,352.946,372.214299999997,389.3158999999985,409.93279999999703,419.2331000000015]",,11,"[145.487799999997,181.571799999997,200.94010000000148,255.609,287.22700000000003,341.06179999999705,353.8956000000015,373.314,390.2803999999985,411.0655,420.116299999997]","[145.487799999997,181.571799999997,200.94010000000148,255.60910000000146,287.22700000000003,341.0618999999985,353.89569999999554,373.314,390.2805,411.0656000000015,420.116299999997]",6,"[106.86869999999551,125.31910000000148,167.5043999999985,217.6898999999985,275.042299999997,319.1275]","[106.86879999999702,125.31910000000148,167.5045,217.6898999999985,275.042299999997,319.1275]","[""scam_button""]",9.896527778,1.3283,9.885894097,2.0479,5.059331597,0.6323,0,16,16,0,1,resources/images/scam8.jpg,scam,0.65,0.65,0,0,,,,,,,,,,,,,,,,,,,,,,,,,,,,,,,,,,,,,,,,,,,,,,,,,,,,,,,,,,,,,,,,,,,,,,,,,,,,,,,,,,,,,,,,,,,,,,,,,,,,,,,,,,,,,,,,,,,,,
,,,,,,,,,,,,,,,,500315,001,2025-04-05_16h37.16.209,SLSI3,2022.2.5,MacIntel,63.69426752,,,,,,,,,,,18,"[105.8365,124.654,144.6716000000015,166.8558999999985,180.5063999999985,199.907,216.2076000000015,254.99349999999998,274.3603999999985,285.44429999999704,318.5288999999985,340.3453999999985,352.9458999999985,372.214299999997,389.315799999997,409.9326999999955,419.2331000000015,432.58369999999553]","[105.8365,124.654,144.6716000000015,166.856,180.5065,199.907,216.2076000000015,254.9936000000015,274.3603999999985,285.44429999999704,318.5288999999985,340.3453999999985,352.946,372.214299999997,389.3158999999985,409.93279999999703,419.2331000000015,432.58369999999553]",,12,"[145.487799999997,181.571799999997,200.94010000000148,255.609,287.22700000000003,341.06179999999705,353.8956000000015,373.314,390.2803999999985,411.0655,420.116299999997,433.41639999999853]","[145.487799999997,181.571799999997,200.94010000000148,255.60910000000146,287.22700000000003,341.0618999999985,353.89569999999554,373.314,390.2805,411.0656000000015,420.116299999997,433.41639999999853]",6,"[106.86869999999551,125.31910000000148,167.5043999999985,217.6898999999985,275.042299999997,319.1275]","[106.86879999999702,125.31910000000148,167.5045,217.6898999999985,275.042299999997,319.1275]","[""scam_button""]",9.8984375,0.8308,5.010026042,1.6968,2.079079861,1.548,0,17,17,21,1,resources/images/scam_23.png,scam,1,0.8,0,0,,,,,,,,,,,,,,,,,,,,,,,,,,,,,,,,,,,,,,,,,,,,,,,,,,,,,,,,,,,,,,,,,,,,,,,,,,,,,,,,,,,,,,,,,,,,,,,,,,,,,,,,,,,,,,,,,,,,,
,,,,,,,,,,,,,,,,500315,001,2025-04-05_16h37.16.209,SLSI3,2022.2.5,MacIntel,63.69426752,,,,,,,,,,,19,"[105.8365,124.654,144.6716000000015,166.8558999999985,180.5063999999985,199.907,216.2076000000015,254.99349999999998,274.3603999999985,285.44429999999704,318.5288999999985,340.3453999999985,352.9458999999985,372.214299999997,389.315799999997,409.9326999999955,419.2331000000015,432.58369999999553,445.9508999999985]","[105.8365,124.654,144.6716000000015,166.856,180.5065,199.907,216.2076000000015,254.9936000000015,274.3603999999985,285.44429999999704,318.5288999999985,340.3453999999985,352.946,372.214299999997,389.3158999999985,409.93279999999703,419.2331000000015,432.58369999999553,445.9508999999985]",,13,"[145.487799999997,181.571799999997,200.94010000000148,255.609,287.22700000000003,341.06179999999705,353.8956000000015,373.314,390.2803999999985,411.0655,420.116299999997,433.41639999999853,446.5998999999985]","[145.487799999997,181.571799999997,200.94010000000148,255.60910000000146,287.22700000000003,341.0618999999985,353.89569999999554,373.314,390.2805,411.0656000000015,420.116299999997,433.41639999999853,446.5998999999985]",6,"[106.86869999999551,125.31910000000148,167.5043999999985,217.6898999999985,275.042299999997,319.1275]","[106.86879999999702,125.31910000000148,167.5045,217.6898999999985,275.042299999997,319.1275]","[""scam_button""]",8.857161458,1.165,4.932378472,0.764,2.898263889,0.7152,0,18,18,10,1,resources/images/scam15.jpg,scam,0.65,0.65,0,0,,,,,,,,,,,,,,,,,,,,,,,,,,,,,,,,,,,,,,,,,,,,,,,,,,,,,,,,,,,,,,,,,,,,,,,,,,,,,,,,,,,,,,,,,,,,,,,,,,,,,,,,,,,,,,,,,,,,,
,,,,,,,,,,,,,,,,500315,001,2025-04-05_16h37.16.209,SLSI3,2022.2.5,MacIntel,63.69426752,,,,,,,,,,,20,"[105.8365,124.654,144.6716000000015,166.8558999999985,180.5063999999985,199.907,216.2076000000015,254.99349999999998,274.3603999999985,285.44429999999704,318.5288999999985,340.3453999999985,352.9458999999985,372.214299999997,389.315799999997,409.9326999999955,419.2331000000015,432.58369999999553,445.9508999999985,464.9348999999985]","[105.8365,124.654,144.6716000000015,166.856,180.5065,199.907,216.2076000000015,254.9936000000015,274.3603999999985,285.44429999999704,318.5288999999985,340.3453999999985,352.946,372.214299999997,389.3158999999985,409.93279999999703,419.2331000000015,432.58369999999553,445.9508999999985,464.935]",,14,"[145.487799999997,181.571799999997,200.94010000000148,255.609,287.22700000000003,341.06179999999705,353.8956000000015,373.314,390.2803999999985,411.0655,420.116299999997,433.41639999999853,446.5998999999985,465.9846000000015]","[145.487799999997,181.571799999997,200.94010000000148,255.60910000000146,287.22700000000003,341.0618999999985,353.89569999999554,373.314,390.2805,411.0656000000015,420.116299999997,433.41639999999853,446.5998999999985,465.9846000000015]",6,"[106.86869999999551,125.31910000000148,167.5043999999985,217.6898999999985,275.042299999997,319.1275]","[106.86879999999702,125.31910000000148,167.5045,217.6898999999985,275.042299999997,319.1275]","[""scam_button""]",8.037065972,1.9811,8.076215278,2.8326,5.090234375,0.8801,0,19,19,23,1,resources/images/scam_22.png,scam,1,0.65,0,0,,,,,,,,,,,,,,,,,,,,,,,,,,,,,,,,,,,,,,,,,,,,,,,,,,,,,,,,,,,,,,,,,,,,,,,,,,,,,,,,,,,,,,,,,,,,,,,,,,,,,,,,,,,,,,,,,,,,,
,,,,,,,,,,,,,,,,500315,001,2025-04-05_16h37.16.209,SLSI3,2022.2.5,MacIntel,63.69426752,,,,,,,,,,,21,"[105.8365,124.654,144.6716000000015,166.8558999999985,180.5063999999985,199.907,216.2076000000015,254.99349999999998,274.3603999999985,285.44429999999704,318.5288999999985,340.3453999999985,352.9458999999985,372.214299999997,389.315799999997,409.9326999999955,419.2331000000015,432.58369999999553,445.9508999999985,464.9348999999985,477.0855]","[105.8365,124.654,144.6716000000015,166.856,180.5065,199.907,216.2076000000015,254.9936000000015,274.3603999999985,285.44429999999704,318.5288999999985,340.3453999999985,352.946,372.214299999997,389.3158999999985,409.93279999999703,419.2331000000015,432.58369999999553,445.9508999999985,464.935,477.0855]",,15,"[145.487799999997,181.571799999997,200.94010000000148,255.609,287.22700000000003,341.06179999999705,353.8956000000015,373.314,390.2803999999985,411.0655,420.116299999997,433.41639999999853,446.5998999999985,465.9846000000015,477.784299999997]","[145.487799999997,181.571799999997,200.94010000000148,255.60910000000146,287.22700000000003,341.0618999999985,353.89569999999554,373.314,390.2805,411.0656000000015,420.116299999997,433.41639999999853,446.5998999999985,465.9846000000015,477.784299999997]",6,"[106.86869999999551,125.31910000000148,167.5043999999985,217.6898999999985,275.042299999997,319.1275]","[106.86879999999702,125.31910000000148,167.5045,217.6898999999985,275.042299999997,319.1275]","[""scam_button""]",9.977907986,1.5825,9.939279514,2.2804,7.915234375,0.8647,0,20,20,17,1,resources/images/legitimate_18.png,legit,1,0.65,0,0,,,,,,,,,,,,,,,,,,,,,,,,,,,,,,,,,,,,,,,,,,,,,,,,,,,,,,,,,,,,,,,,,,,,,,,,,,,,,,,,,,,,,,,,,,,,,,,,,,,,,,,,,,,,,,,,,,,,,
,,,,,,,,,,,,,,,,500315,001,2025-04-05_16h37.16.209,SLSI3,2022.2.5,MacIntel,63.69426752,,,,,,,,,,,22,"[105.8365,124.654,144.6716000000015,166.8558999999985,180.5063999999985,199.907,216.2076000000015,254.99349999999998,274.3603999999985,285.44429999999704,318.5288999999985,340.3453999999985,352.9458999999985,372.214299999997,389.315799999997,409.9326999999955,419.2331000000015,432.58369999999553,445.9508999999985,464.9348999999985,477.0855,504.98569999999563]","[105.8365,124.654,144.6716000000015,166.856,180.5065,199.907,216.2076000000015,254.9936000000015,274.3603999999985,285.44429999999704,318.5288999999985,340.3453999999985,352.946,372.214299999997,389.3158999999985,409.93279999999703,419.2331000000015,432.58369999999553,445.9508999999985,464.935,477.0855,504.98569999999563]",,16,"[145.487799999997,181.571799999997,200.94010000000148,255.609,287.22700000000003,341.06179999999705,353.8956000000015,373.314,390.2803999999985,411.0655,420.116299999997,433.41639999999853,446.5998999999985,465.9846000000015,477.784299999997,506.6192999999971]","[145.487799999997,181.571799999997,200.94010000000148,255.60910000000146,287.22700000000003,341.0618999999985,353.89569999999554,373.314,390.2805,411.0656000000015,420.116299999997,433.41639999999853,446.5998999999985,465.9846000000015,477.784299999997,506.6192999999971]",6,"[106.86869999999551,125.31910000000148,167.5043999999985,217.6898999999985,275.042299999997,319.1275]","[106.86879999999702,125.31910000000148,167.5045,217.6898999999985,275.042299999997,319.1275]","[""scam_button""]",7.0734375,13.1484,5.046657986,1.9146,0.070442708,4.8644,0,21,21,18,1,resources/images/scam_20.png,scam,1.45,0.6,0,0,,,,,,,,,,,,,,,,,,,,,,,,,,,,,,,,,,,,,,,,,,,,,,,,,,,,,,,,,,,,,,,,,,,,,,,,,,,,,,,,,,,,,,,,,,,,,,,,,,,,,,,,,,,,,,,,,,,,,
,,,,,,,,,,,,,,,,500315,001,2025-04-05_16h37.16.209,SLSI3,2022.2.5,MacIntel,63.69426752,,,,,,,,,,,23,"[105.8365,124.654,144.6716000000015,166.8558999999985,180.5063999999985,199.907,216.2076000000015,254.99349999999998,274.3603999999985,285.44429999999704,318.5288999999985,340.3453999999985,352.9458999999985,372.214299999997,389.315799999997,409.9326999999955,419.2331000000015,432.58369999999553,445.9508999999985,464.9348999999985,477.0855,504.98569999999563,534.0376999999955]","[105.8365,124.654,144.6716000000015,166.856,180.5065,199.907,216.2076000000015,254.9936000000015,274.3603999999985,285.44429999999704,318.5288999999985,340.3453999999985,352.946,372.214299999997,389.3158999999985,409.93279999999703,419.2331000000015,432.58369999999553,445.9508999999985,464.935,477.0855,504.98569999999563,534.0377999999971]",,16,"[145.487799999997,181.571799999997,200.94010000000148,255.609,287.22700000000003,341.06179999999705,353.8956000000015,373.314,390.2803999999985,411.0655,420.116299999997,433.41639999999853,446.5998999999985,465.9846000000015,477.784299999997,506.6192999999971]","[145.487799999997,181.571799999997,200.94010000000148,255.60910000000146,287.22700000000003,341.0618999999985,353.89569999999554,373.314,390.2805,411.0656000000015,420.116299999997,433.41639999999853,446.5998999999985,465.9846000000015,477.784299999997,506.6192999999971]",7,"[106.86869999999551,125.31910000000148,167.5043999999985,217.6898999999985,275.042299999997,319.1275,535.6197999999971]","[106.86879999999702,125.31910000000148,167.5045,217.6898999999985,275.042299999997,319.1275,535.6197999999971]","[""legit_button""]",2.791493056,1.8478,3.061588542,0.8152,0.149522569,0.8976,0,22,22,5,1,resources/images/legit12.jpg,legit,1,0.65,0,0,,,,,,,,,,,,,,,,,,,,,,,,,,,,,,,,,,,,,,,,,,,,,,,,,,,,,,,,,,,,,,,,,,,,,,,,,,,,,,,,,,,,,,,,,,,,,,,,,,,,,,,,,,,,,,,,,,,,,
,,,,,,,,,,,,,,,,500315,001,2025-04-05_16h37.16.209,SLSI3,2022.2.5,MacIntel,63.69426752,,,,,,,,,,,24,"[105.8365,124.654,144.6716000000015,166.8558999999985,180.5063999999985,199.907,216.2076000000015,254.99349999999998,274.3603999999985,285.44429999999704,318.5288999999985,340.3453999999985,352.9458999999985,372.214299999997,389.315799999997,409.9326999999955,419.2331000000015,432.58369999999553,445.9508999999985,464.9348999999985,477.0855,504.98569999999563,534.0376999999955,544.3217999999971]","[105.8365,124.654,144.6716000000015,166.856,180.5065,199.907,216.2076000000015,254.9936000000015,274.3603999999985,285.44429999999704,318.5288999999985,340.3453999999985,352.946,372.214299999997,389.3158999999985,409.93279999999703,419.2331000000015,432.58369999999553,445.9508999999985,464.935,477.0855,504.98569999999563,534.0377999999971,544.3217999999971]",,16,"[145.487799999997,181.571799999997,200.94010000000148,255.609,287.22700000000003,341.06179999999705,353.8956000000015,373.314,390.2803999999985,411.0655,420.116299999997,433.41639999999853,446.5998999999985,465.9846000000015,477.784299999997,506.6192999999971]","[145.487799999997,181.571799999997,200.94010000000148,255.60910000000146,287.22700000000003,341.0618999999985,353.89569999999554,373.314,390.2805,411.0656000000015,420.116299999997,433.41639999999853,446.5998999999985,465.9846000000015,477.784299999997,506.6192999999971]",8,"[106.86869999999551,125.31910000000148,167.5043999999985,217.6898999999985,275.042299999997,319.1275,535.6197999999971,546.2536999999957]","[106.86879999999702,125.31910000000148,167.5045,217.6898999999985,275.042299999997,319.1275,535.6197999999971,546.2537999999971]","[""legit_button""]",8.235416667,0.6317,8.235416667,1.2385,5.040972222,0.8978,0,23,23,8,1,resources/images/legit_23.png,legit,1,0.65,0,0,,,,,,,,,,,,,,,,,,,,,,,,,,,,,,,,,,,,,,,,,,,,,,,,,,,,,,,,,,,,,,,,,,,,,,,,,,,,,,,,,,,,,,,,,,,,,,,,,,,,,,,,,,,,,,,,,,,,,
,,,,,,,,,,,,,,,,500315,001,2025-04-05_16h37.16.209,SLSI3,2022.2.5,MacIntel,63.69426752,,,,,,,,,,,,,,,,,,,,,,,,,,,,,,,,,,,,,,,space,37.0208,,,,,,,,,,,,,,,,,,,,,,,,,,,,,,,,,,,,,,,,,,,,,,,,,,,,,,,,,,,,,,,,,,,,,,,,,,,,,,,,,,,,,,,,,,,,,,,,,,,,,,,,,,,,,,,,,,,
,,,,,,,,,,,,,,,,500315,001,2025-04-05_16h37.16.209,SLSI3,2022.2.5,MacIntel,63.69426752,,,,,,,,,,,,,,,,,,,,,,,,,,,,,,,,,,,,,,,,,space,10.405,,,,,,,,,,,,,,,,,,,,,,,,,,,,,,,,,,,,,,,,,,,,,,,,,,,,,,,,,,,,,,,,,,,,,,,,,,,,,,,,,,,,,,,,,,,,,,,,,,,,,,,,,,,,,,,,,
,,,,,,,,,,,,,,,,500315,001,2025-04-05_16h37.16.209,SLSI3,2022.2.5,MacIntel,63.69426752,,,,,,,,,,,,,,,,,,,,,,,,,,,,,,,,,,,,,,,,,,,space,4.1457,,,,,,,,,,,,,,,,,,,,,,,,,,,,,,,,,,,,,,,,,,,,,,,,,,,,,,,,,,,,,,,,,,,,,,,,,,,,,,,,,,,,,,,,,,,,,,,,,,,,,,,,,,,,,,,
,,,,,,,,,,,,,,,,500315,001,2025-04-05_16h37.16.209,SLSI3,2022.2.5,MacIntel,63.69426752,,,,,,,,,,,,,,,,,,,,,,,,,,,,,,,,,,,,,,,,,,,,,"email does not match user domain,urgency, spelling errors",1,[647.3685],[647.3685],,,,,,,,,,,,,,,,,,,,,,,,,,,,,,,,,,,,,,,,,,,,,,,,,,,,,,,,,,,,,,,,,,,,,,,,,,,,,,,,,,,,,,,,,,,,,,,,,,,,,,,,,,,
,,,,,,,,,,,,,,,,500315,001,2025-04-05_16h37.16.209,SLSI3,2022.2.5,MacIntel,63.69426752,,,,,,,,,,,,,,,,,,,,,,,,,,,,,,,,,,,,,,,,,,,,,,,,,space,6.827,,,,,,,,,,,,,,,,,,,,,,,,,,,,,,,,,,,,,,,,,,,,,,,,,,,,,,,,,,,,,,,,,,,,,,,,,,,,,,,,,,,,,,,,,,,,,,,,,,,,,,,,,
,,,,,,,,,,,,,,,,500315,001,2025-04-05_16h37.16.209,SLSI3,2022.2.5,MacIntel,63.69426752,,,,,,,,,,,,,,,,,,,,,,,,,,,,,,,,,,,,,,,,,,,,,,,,,,,"[-0.40493055555555557,-0.04595486111111111]","[-0.02052951388888889,-0.26190104166666667]","[1,1]","[0,0]","[0,0]","[5.748000000000047,11.098199999995586]",,,,,,,,,,,,,,,,,,,,,,,,,,,,,,,,,,,,,,,,,,,,,,,,,,,,,,,,,,,,,,,,,,,,,,,,,,,,,,,,,,,,,,,,,,,,,,,,,,,
,,,,,,,,,,,,,,,,500315,001,2025-04-05_16h37.16.209,SLSI3,2022.2.5,MacIntel,63.69426752,,,,,,,,,,,,,,,,,,,,,,,,,,,,,,,,,,,,,,,,,,,,,,,,,,,,,,,,,space,3.7111,,,,,,,,,,,,,,,,,,,,,,,,,,,,,,,,,,,,,,,,,,,,,,,,,,,,,,,,,,,,,,,,,,,,,,,,,,,,,,,,,,,,,,,,,,,,,,,,,
,,,,,,,,,,,,,,,,500315,001,2025-04-05_16h37.16.209,SLSI3,2022.2.5,MacIntel,63.69426752,,,,,,,,,,,,,,,,,,,,,,,,,,,,,,,,,,,,,,,,,,,,,,,,,,,,,,,,,,,1,[684.2497999999971],[684.2498999999985],,,,,,,,,,,,,,,,,,,,,,,,,,,,,,,,,,,,,,,,,,,,,,,,,,,,,,,,,,,,,,,,,,,,,,,,,,,,,,,,,,,,,,,,,,,,,,
,,,,,,,,,,,,,,,,500315,001,2025-04-05_16h37.16.209,SLSI3,2022.2.5,MacIntel,63.69426752,,,,,,,,,,,,,,,,,,,,,,,,,,,,,,,,,,,,,,,,,,,,,,,,,,,,,,,,,,,,,,"[0.006471354166666667,0.14547743055555556]","[-0.03911892361111111,-0.06635416666666667]","[1,1]","[0,0]","[0,0]","[10.265200000003006,14.132399999998484]",,,,,,,,,,,,,,,,,,,,,,,,,,,,,,,,,,,,,,,,,,,,,,,,,,,,,,,,,,,,,,,,,,,,,,,,,,,,,,,,,,,,,,,,
,,,,,,,,,,,,,,,,500315,001,2025-04-05_16h37.16.209,SLSI3,2022.2.5,MacIntel,63.69426752,,,,,,,,,,,,,,,,,,,,,,,,,,,,,,,,,,,,,,,,,,,,,,,,,,,,,,,,,space,1.1835,,,,,,,,,,,,,,,,,,,,,,,,,,,,,,,,,,,,,,,,,,,,,,,,,,,,,,,,,,,,,,,,,,,,,,,,,,,,,,,,,,,,,,,,,,,,,,,,,
,,,,,,,,,,,,,,,,500315,001,2025-04-05_16h37.16.209,SLSI3,2022.2.5,MacIntel,63.69426752,,,,,,,,,,,,,,,,,,,,,,,,,,,,,,,,,,,,,,,,,,,,,,,,,,,,,,,,,,,,,,,,,,,,1,[702.1805],[702.1806000000015],,,,,,,,,,,,,,,,,,,,,,,,,,,,,,,,,,,,,,,,,,,,,,,,,,,,,,,,,,,,,,,,,,,,,,,,,,,,,,,,,,,,,
,,,,,,,,,,,,,,,,500315,001,2025-04-05_16h37.16.209,SLSI3,2022.2.5,MacIntel,63.69426752,,,,,,,,,,,,,,,,,,,,,,,,,,,,,,,,,,,,,,,,,,,,,,,,,,,,,,,,,,,,,,,,,,,,,,,"[-0.07818576388888888,-0.308515625,-0.3386284722222222,-0.34206597222222224,-0.30615017361111113,-0.24362847222222223]","[0.18438802083333333,-0.0067578125,-0.0067578125,-0.11397135416666666,-0.11397135416666666,-0.11397135416666666]","[1,1,1,1,1,1]","[0,0,0,0,0,0]","[0,0,0,0,0,0]","[8.498200000002953,11.164800000004448,11.949100000001408,57.451100000001475,58.000999999999976,58.36770000000297]",,,,,,,,,,,,,,,,,,,,,,,,,,,,,,,,,,,,,,,,,,,,,,,,,,,,,,,,,,,,,,,,,,,,,,,,,,,,,,,
,,,,,,,,,,,,,,,,500315,001,2025-04-05_16h37.16.209,SLSI3,2022.2.5,MacIntel,63.69426752,,,,,,,,,,,,,,,,,,,,,,,,,,,,,,,,,,,,,,,,,,,,,,,,,,,,,,,,,space,4.7664,,,,,,,,,,,,,,,,,,,,,,,,,,,,,,,,,,,,,,,,,,,,,,,,,,,,,,,,,,,,,,,,,,,,,,,,,,,,,,,,,,,,,,,,,,,,,,,,,
,,,,,,,,,,,,,,,,500315,001,2025-04-05_16h37.16.209,SLSI3,2022.2.5,MacIntel,63.69426752,,,,,,,,,,,,,,,,,,,,,,,,,,,,,,,,,,,,,,,,,,,,,,,,,,,,,,,,,,,,,,,,,,,,,,,,,,,,,1,[767.348099999994],[767.348099999994],,,,,,,,,,,,,,,,,,,,,,,,,,,,,,,,,,,,,,,,,,,,,,,,,,,,,,,,,,,,,,,,,,,,,,,,,,,,
,,,,,,,,,,,,,,,,500315,001,2025-04-05_16h37.16.209,SLSI3,2022.2.5,MacIntel,63.69426752,,,,,,,,,space,70.0814,,,,,,,,,,,,,,,,,,,,,,,,,,,,,,,,,,,,,,,,,,,,,,,,,,,,,,,,,,,,,,,,,,,,,,,,,,,,,,,,,,,,,,,,,,,,,,,,,,,,,,,,,,,,,,,,,,,,,,,,,,,,,,,,,,,,,,,,,,,,,,,,,
,,,,,,,,,,,,,,,,500315,001,2025-04-05_16h37.16.209,SLSI3,2022.2.5,MacIntel,63.69426752,,,,,,,,,,,25,"[105.8365,124.654,144.6716000000015,166.8558999999985,180.5063999999985,199.907,216.2076000000015,254.99349999999998,274.3603999999985,285.44429999999704,318.5288999999985,340.3453999999985,352.9458999999985,372.214299999997,389.315799999997,409.9326999999955,419.2331000000015,432.58369999999553,445.9508999999985,464.9348999999985,477.0855,504.98569999999563,534.0376999999955,544.3217999999971,849.867799999997]","[105.8365,124.654,144.6716000000015,166.856,180.5065,199.907,216.2076000000015,254.9936000000015,274.3603999999985,285.44429999999704,318.5288999999985,340.3453999999985,352.946,372.214299999997,389.3158999999985,409.93279999999703,419.2331000000015,432.58369999999553,445.9508999999985,464.935,477.0855,504.98569999999563,534.0377999999971,544.3217999999971,849.867799999997]",,17,"[145.487799999997,181.571799999997,200.94010000000148,255.609,287.22700000000003,341.06179999999705,353.8956000000015,373.314,390.2803999999985,411.0655,420.116299999997,433.41639999999853,446.5998999999985,465.9846000000015,477.784299999997,506.6192999999971,851.6506000000015]","[145.487799999997,181.571799999997,200.94010000000148,255.60910000000146,287.22700000000003,341.0618999999985,353.89569999999554,373.314,390.2805,411.0656000000015,420.116299999997,433.41639999999853,446.5998999999985,465.9846000000015,477.784299999997,506.6192999999971,851.6506000000015]",8,"[106.86869999999551,125.31910000000148,167.5043999999985,217.6898999999985,275.042299999997,319.1275,535.6197999999971,546.2536999999957]","[106.86879999999702,125.31910000000148,167.5045,217.6898999999985,275.042299999997,319.1275,535.6197999999971,546.2537999999971]","[""scam_button""]",9.967013889,1.2804,9.991449653,1.9156,0.155164931,0.9631,,,,,,resources/images/scam14-EDIT.png,scam,1,0.65,0,0,,,,,,,,,,,,,,,,,,,,,,,,,,,,,,,,,,,,,,,,,,0,0,0,23,1,,,,,,,,,,,,,,,,,,,,,,,,,,,,,,,,,,,,,,,,,,,,,,,,,,,,,,,,,,,,,,,,,,,,,,,
,,,,,,,,,,,,,,,,500315,001,2025-04-05_16h37.16.209,SLSI3,2022.2.5,MacIntel,63.69426752,,,,,,,,,,,26,"[105.8365,124.654,144.6716000000015,166.8558999999985,180.5063999999985,199.907,216.2076000000015,254.99349999999998,274.3603999999985,285.44429999999704,318.5288999999985,340.3453999999985,352.9458999999985,372.214299999997,389.315799999997,409.9326999999955,419.2331000000015,432.58369999999553,445.9508999999985,464.9348999999985,477.0855,504.98569999999563,534.0376999999955,544.3217999999971,849.867799999997,927.1041999999956]","[105.8365,124.654,144.6716000000015,166.856,180.5065,199.907,216.2076000000015,254.9936000000015,274.3603999999985,285.44429999999704,318.5288999999985,340.3453999999985,352.946,372.214299999997,389.3158999999985,409.93279999999703,419.2331000000015,432.58369999999553,445.9508999999985,464.935,477.0855,504.98569999999563,534.0377999999971,544.3217999999971,849.867799999997,927.1042999999971]",,18,"[145.487799999997,181.571799999997,200.94010000000148,255.609,287.22700000000003,341.06179999999705,353.8956000000015,373.314,390.2803999999985,411.0655,420.116299999997,433.41639999999853,446.5998999999985,465.9846000000015,477.784299999997,506.6192999999971,851.6506000000015,927.7371999999956]","[145.487799999997,181.571799999997,200.94010000000148,255.60910000000146,287.22700000000003,341.0618999999985,353.89569999999554,373.314,390.2805,411.0656000000015,420.116299999997,433.41639999999853,446.5998999999985,465.9846000000015,477.784299999997,506.6192999999971,851.6506000000015,927.7371999999956]",8,"[106.86869999999551,125.31910000000148,167.5043999999985,217.6898999999985,275.042299999997,319.1275,535.6197999999971,546.2536999999957]","[106.86879999999702,125.31910000000148,167.5045,217.6898999999985,275.042299999997,319.1275,535.6197999999971,546.2537999999971]","[""scam_button""]",8.936588542,1.1802,4.643793403,1.3133,0.008940972,2.0481,,,,,,resources/images/legit1.png,legit,1,0.72,0,0,,,,,,,,,,,,,,,,,,,,,,,,,,,,,,,,,,,,,,,,,,0,1,1,3,1,,,,,,,,,,,,,,,,,,,,,,,,,,,,,,,,,,,,,,,,,,,,,,,,,,,,,,,,,,,,,,,,,,,,,,,
,,,,,,,,,,,,,,,,500315,001,2025-04-05_16h37.16.209,SLSI3,2022.2.5,MacIntel,63.69426752,,,,,,,,,,,27,"[105.8365,124.654,144.6716000000015,166.8558999999985,180.5063999999985,199.907,216.2076000000015,254.99349999999998,274.3603999999985,285.44429999999704,318.5288999999985,340.3453999999985,352.9458999999985,372.214299999997,389.315799999997,409.9326999999955,419.2331000000015,432.58369999999553,445.9508999999985,464.9348999999985,477.0855,504.98569999999563,534.0376999999955,544.3217999999971,849.867799999997,927.1041999999956,948.5216999999956]","[105.8365,124.654,144.6716000000015,166.856,180.5065,199.907,216.2076000000015,254.9936000000015,274.3603999999985,285.44429999999704,318.5288999999985,340.3453999999985,352.946,372.214299999997,389.3158999999985,409.93279999999703,419.2331000000015,432.58369999999553,445.9508999999985,464.935,477.0855,504.98569999999563,534.0377999999971,544.3217999999971,849.867799999997,927.1042999999971,948.5216999999956]",,19,"[145.487799999997,181.571799999997,200.94010000000148,255.609,287.22700000000003,341.06179999999705,353.8956000000015,373.314,390.2803999999985,411.0655,420.116299999997,433.41639999999853,446.5998999999985,465.9846000000015,477.784299999997,506.6192999999971,851.6506000000015,927.7371999999956,949.6381000000016]","[145.487799999997,181.571799999997,200.94010000000148,255.60910000000146,287.22700000000003,341.0618999999985,353.89569999999554,373.314,390.2805,411.0656000000015,420.116299999997,433.41639999999853,446.5998999999985,465.9846000000015,477.784299999997,506.6192999999971,851.6506000000015,927.7371999999956,949.6381000000016]",8,"[106.86869999999551,125.31910000000148,167.5043999999985,217.6898999999985,275.042299999997,319.1275,535.6197999999971,546.2536999999957]","[106.86879999999702,125.31910000000148,167.5045,217.6898999999985,275.042299999997,319.1275,535.6197999999971,546.2537999999971]","[""scam_button""]",4.997222222,1.6989,4.839756944,1.5988,0.151736111,1.0802,,,,,,resources/images/legit8.png,legit,0.8,0.72,0,0,,,,,,,,,,,,,,,,,,,,,,,,,,,,,,,,,,,,,,,,,,0,2,2,15,1,,,,,,,,,,,,,,,,,,,,,,,,,,,,,,,,,,,,,,,,,,,,,,,,,,,,,,,,,,,,,,,,,,,,,,,
,,,,,,,,,,,,,,,,500315,001,2025-04-05_16h37.16.209,SLSI3,2022.2.5,MacIntel,63.69426752,,,,,,,,,,,28,"[105.8365,124.654,144.6716000000015,166.8558999999985,180.5063999999985,199.907,216.2076000000015,254.99349999999998,274.3603999999985,285.44429999999704,318.5288999999985,340.3453999999985,352.9458999999985,372.214299999997,389.315799999997,409.9326999999955,419.2331000000015,432.58369999999553,445.9508999999985,464.9348999999985,477.0855,504.98569999999563,534.0376999999955,544.3217999999971,849.867799999997,927.1041999999956,948.5216999999956,965.5556000000015]","[105.8365,124.654,144.6716000000015,166.856,180.5065,199.907,216.2076000000015,254.9936000000015,274.3603999999985,285.44429999999704,318.5288999999985,340.3453999999985,352.946,372.214299999997,389.3158999999985,409.93279999999703,419.2331000000015,432.58369999999553,445.9508999999985,464.935,477.0855,504.98569999999563,534.0377999999971,544.3217999999971,849.867799999997,927.1042999999971,948.5216999999956,965.5556999999956]",,20,"[145.487799999997,181.571799999997,200.94010000000148,255.609,287.22700000000003,341.06179999999705,353.8956000000015,373.314,390.2803999999985,411.0655,420.116299999997,433.41639999999853,446.5998999999985,465.9846000000015,477.784299999997,506.6192999999971,851.6506000000015,927.7371999999956,949.6381000000016,966.4885]","[145.487799999997,181.571799999997,200.94010000000148,255.60910000000146,287.22700000000003,341.0618999999985,353.89569999999554,373.314,390.2805,411.0656000000015,420.116299999997,433.41639999999853,446.5998999999985,465.9846000000015,477.784299999997,506.6192999999971,851.6506000000015,927.7371999999956,949.6381000000016,966.4886000000016]",8,"[106.86869999999551,125.31910000000148,167.5043999999985,217.6898999999985,275.042299999997,319.1275,535.6197999999971,546.2536999999957]","[106.86879999999702,125.31910000000148,167.5045,217.6898999999985,275.042299999997,319.1275,535.6197999999971,546.2537999999971]","[""scam_button""]",7.991362847,0.7825,4.890494792,6.4363,1.103168403,1.4144,,,,,,resources/images/legit17-EDIT.png,legit,0.65,0.65,0,0,,,,,,,,,,,,,,,,,,,,,,,,,,,,,,,,,,,,,,,,,,0,3,3,22,1,,,,,,,,,,,,,,,,,,,,,,,,,,,,,,,,,,,,,,,,,,,,,,,,,,,,,,,,,,,,,,,,,,,,,,,
,,,,,,,,,,,,,,,,500315,001,2025-04-05_16h37.16.209,SLSI3,2022.2.5,MacIntel,63.69426752,,,,,,,,,,,29,"[105.8365,124.654,144.6716000000015,166.8558999999985,180.5063999999985,199.907,216.2076000000015,254.99349999999998,274.3603999999985,285.44429999999704,318.5288999999985,340.3453999999985,352.9458999999985,372.214299999997,389.315799999997,409.9326999999955,419.2331000000015,432.58369999999553,445.9508999999985,464.9348999999985,477.0855,504.98569999999563,534.0376999999955,544.3217999999971,849.867799999997,927.1041999999956,948.5216999999956,965.5556000000015,990.7560000000001]","[105.8365,124.654,144.6716000000015,166.856,180.5065,199.907,216.2076000000015,254.9936000000015,274.3603999999985,285.44429999999704,318.5288999999985,340.3453999999985,352.946,372.214299999997,389.3158999999985,409.93279999999703,419.2331000000015,432.58369999999553,445.9508999999985,464.935,477.0855,504.98569999999563,534.0377999999971,544.3217999999971,849.867799999997,927.1042999999971,948.5216999999956,965.5556999999956,990.7560000000001]",,21,"[145.487799999997,181.571799999997,200.94010000000148,255.609,287.22700000000003,341.06179999999705,353.8956000000015,373.314,390.2803999999985,411.0655,420.116299999997,433.41639999999853,446.5998999999985,465.9846000000015,477.784299999997,506.6192999999971,851.6506000000015,927.7371999999956,949.6381000000016,966.4885,992.0386999999956]","[145.487799999997,181.571799999997,200.94010000000148,255.60910000000146,287.22700000000003,341.0618999999985,353.89569999999554,373.314,390.2805,411.0656000000015,420.116299999997,433.41639999999853,446.5998999999985,465.9846000000015,477.784299999997,506.6192999999971,851.6506000000015,927.7371999999956,949.6381000000016,966.4886000000016,992.0386999999956]",8,"[106.86869999999551,125.31910000000148,167.5043999999985,217.6898999999985,275.042299999997,319.1275,535.6197999999971,546.2536999999957]","[106.86879999999702,125.31910000000148,167.5045,217.6898999999985,275.042299999997,319.1275,535.6197999999971,546.2537999999971]","[""scam_button""]",7.788324653,1.3959,4.971744792,1.5317,1.122482639,1.3316,,,,,,resources/images/legit4-EDIT.png,legit,0.65,0.65,0,0,,,,,,,,,,,,,,,,,,,,,,,,,,,,,,,,,,,,,,,,,,0,4,4,11,1,,,,,,,,,,,,,,,,,,,,,,,,,,,,,,,,,,,,,,,,,,,,,,,,,,,,,,,,,,,,,,,,,,,,,,,
,,,,,,,,,,,,,,,,500315,001,2025-04-05_16h37.16.209,SLSI3,2022.2.5,MacIntel,63.69426752,,,,,,,,,,,30,"[105.8365,124.654,144.6716000000015,166.8558999999985,180.5063999999985,199.907,216.2076000000015,254.99349999999998,274.3603999999985,285.44429999999704,318.5288999999985,340.3453999999985,352.9458999999985,372.214299999997,389.315799999997,409.9326999999955,419.2331000000015,432.58369999999553,445.9508999999985,464.9348999999985,477.0855,504.98569999999563,534.0376999999955,544.3217999999971,849.867799999997,927.1041999999956,948.5216999999956,965.5556000000015,990.7560000000001,1003.3404999999999]","[105.8365,124.654,144.6716000000015,166.856,180.5065,199.907,216.2076000000015,254.9936000000015,274.3603999999985,285.44429999999704,318.5288999999985,340.3453999999985,352.946,372.214299999997,389.3158999999985,409.93279999999703,419.2331000000015,432.58369999999553,445.9508999999985,464.935,477.0855,504.98569999999563,534.0377999999971,544.3217999999971,849.867799999997,927.1042999999971,948.5216999999956,965.5556999999956,990.7560000000001,1003.3406000000015]",,22,"[145.487799999997,181.571799999997,200.94010000000148,255.609,287.22700000000003,341.06179999999705,353.8956000000015,373.314,390.2803999999985,411.0655,420.116299999997,433.41639999999853,446.5998999999985,465.9846000000015,477.784299999997,506.6192999999971,851.6506000000015,927.7371999999956,949.6381000000016,966.4885,992.0386999999956,1003.990299999997]","[145.487799999997,181.571799999997,200.94010000000148,255.60910000000146,287.22700000000003,341.0618999999985,353.89569999999554,373.314,390.2805,411.0656000000015,420.116299999997,433.41639999999853,446.5998999999985,465.9846000000015,477.784299999997,506.6192999999971,851.6506000000015,927.7371999999956,949.6381000000016,966.4886000000016,992.0386999999956,1003.990299999997]",8,"[106.86869999999551,125.31910000000148,167.5043999999985,217.6898999999985,275.042299999997,319.1275,535.6197999999971,546.2536999999957]","[106.86879999999702,125.31910000000148,167.5045,217.6898999999985,275.042299999997,319.1275,535.6197999999971,546.2537999999971]","[""scam_button""]",9.919314236,2.7303,9.919314236,0.8807,0.032986111,0.7643,,,,,,resources/images/scam5.jpg,scam,0.7,0.65,0,0,,,,,,,,,,,,,,,,,,,,,,,,,,,,,,,,,,,,,,,,,,0,5,5,7,1,,,,,,,,,,,,,,,,,,,,,,,,,,,,,,,,,,,,,,,,,,,,,,,,,,,,,,,,,,,,,,,,,,,,,,,
,,,,,,,,,,,,,,,,500315,001,2025-04-05_16h37.16.209,SLSI3,2022.2.5,MacIntel,63.69426752,,,,,,,,,,,31,"[105.8365,124.654,144.6716000000015,166.8558999999985,180.5063999999985,199.907,216.2076000000015,254.99349999999998,274.3603999999985,285.44429999999704,318.5288999999985,340.3453999999985,352.9458999999985,372.214299999997,389.315799999997,409.9326999999955,419.2331000000015,432.58369999999553,445.9508999999985,464.9348999999985,477.0855,504.98569999999563,534.0376999999955,544.3217999999971,849.867799999997,927.1041999999956,948.5216999999956,965.5556000000015,990.7560000000001,1003.3404999999999,1012.8076000000013]","[105.8365,124.654,144.6716000000015,166.856,180.5065,199.907,216.2076000000015,254.9936000000015,274.3603999999985,285.44429999999704,318.5288999999985,340.3453999999985,352.946,372.214299999997,389.3158999999985,409.93279999999703,419.2331000000015,432.58369999999553,445.9508999999985,464.935,477.0855,504.98569999999563,534.0377999999971,544.3217999999971,849.867799999997,927.1042999999971,948.5216999999956,965.5556999999956,990.7560000000001,1003.3406000000015,1012.8076000000013]",,23,"[145.487799999997,181.571799999997,200.94010000000148,255.609,287.22700000000003,341.06179999999705,353.8956000000015,373.314,390.2803999999985,411.0655,420.116299999997,433.41639999999853,446.5998999999985,465.9846000000015,477.784299999997,506.6192999999971,851.6506000000015,927.7371999999956,949.6381000000016,966.4885,992.0386999999956,1003.990299999997,1013.9072999999969]","[145.487799999997,181.571799999997,200.94010000000148,255.60910000000146,287.22700000000003,341.0618999999985,353.89569999999554,373.314,390.2805,411.0656000000015,420.116299999997,433.41639999999853,446.5998999999985,465.9846000000015,477.784299999997,506.6192999999971,851.6506000000015,927.7371999999956,949.6381000000016,966.4886000000016,992.0386999999956,1003.990299999997,1013.9072999999969]",8,"[106.86869999999551,125.31910000000148,167.5043999999985,217.6898999999985,275.042299999997,319.1275,535.6197999999971,546.2536999999957]","[106.86879999999702,125.31910000000148,167.5045,217.6898999999985,275.042299999997,319.1275,535.6197999999971,546.2537999999971]","[""scam_button""]",9.900607639,1.4641,5.864800347,1.5312,0.021397569,0.9813,,,,,,resources/images/scam6.jpg,scam,1,0.65,0,0,,,,,,,,,,,,,,,,,,,,,,,,,,,,,,,,,,,,,,,,,,0,6,6,9,1,,,,,,,,,,,,,,,,,,,,,,,,,,,,,,,,,,,,,,,,,,,,,,,,,,,,,,,,,,,,,,,,,,,,,,,
,,,,,,,,,,,,,,,,500315,001,2025-04-05_16h37.16.209,SLSI3,2022.2.5,MacIntel,63.69426752,,,,,,,,,,,32,"[105.8365,124.654,144.6716000000015,166.8558999999985,180.5063999999985,199.907,216.2076000000015,254.99349999999998,274.3603999999985,285.44429999999704,318.5288999999985,340.3453999999985,352.9458999999985,372.214299999997,389.315799999997,409.9326999999955,419.2331000000015,432.58369999999553,445.9508999999985,464.9348999999985,477.0855,504.98569999999563,534.0376999999955,544.3217999999971,849.867799999997,927.1041999999956,948.5216999999956,965.5556000000015,990.7560000000001,1003.3404999999999,1012.8076000000013,1033.6086999999955]","[105.8365,124.654,144.6716000000015,166.856,180.5065,199.907,216.2076000000015,254.9936000000015,274.3603999999985,285.44429999999704,318.5288999999985,340.3453999999985,352.946,372.214299999997,389.3158999999985,409.93279999999703,419.2331000000015,432.58369999999553,445.9508999999985,464.935,477.0855,504.98569999999563,534.0377999999971,544.3217999999971,849.867799999997,927.1042999999971,948.5216999999956,965.5556999999956,990.7560000000001,1003.3406000000015,1012.8076000000013,1033.6086999999955]",,24,"[145.487799999997,181.571799999997,200.94010000000148,255.609,287.22700000000003,341.06179999999705,353.8956000000015,373.314,390.2803999999985,411.0655,420.116299999997,433.41639999999853,446.5998999999985,465.9846000000015,477.784299999997,506.6192999999971,851.6506000000015,927.7371999999956,949.6381000000016,966.4885,992.0386999999956,1003.990299999997,1013.9072999999969,1034.6581000000015]","[145.487799999997,181.571799999997,200.94010000000148,255.60910000000146,287.22700000000003,341.0618999999985,353.89569999999554,373.314,390.2805,411.0656000000015,420.116299999997,433.41639999999853,446.5998999999985,465.9846000000015,477.784299999997,506.6192999999971,851.6506000000015,927.7371999999956,949.6381000000016,966.4886000000016,992.0386999999956,1003.990299999997,1013.9072999999969,1034.6581999999955]",8,"[106.86869999999551,125.31910000000148,167.5043999999985,217.6898999999985,275.042299999997,319.1275,535.6197999999971,546.2536999999957]","[106.86879999999702,125.31910000000148,167.5045,217.6898999999985,275.042299999997,319.1275,535.6197999999971,546.2537999999971]","[""scam_button""]",6.806640625,1.1807,5.051171875,1.0467,0.073871528,1.9641,,,,,,resources/images/legit7-EDIT.png,legit,0.65,0.65,0,0,,,,,,,,,,,,,,,,,,,,,,,,,,,,,,,,,,,,,,,,,,0,7,7,14,1,,,,,,,,,,,,,,,,,,,,,,,,,,,,,,,,,,,,,,,,,,,,,,,,,,,,,,,,,,,,,,,,,,,,,,,
,,,,,,,,,,,,,,,,500315,001,2025-04-05_16h37.16.209,SLSI3,2022.2.5,MacIntel,63.69426752,,,,,,,,,,,33,"[105.8365,124.654,144.6716000000015,166.8558999999985,180.5063999999985,199.907,216.2076000000015,254.99349999999998,274.3603999999985,285.44429999999704,318.5288999999985,340.3453999999985,352.9458999999985,372.214299999997,389.315799999997,409.9326999999955,419.2331000000015,432.58369999999553,445.9508999999985,464.9348999999985,477.0855,504.98569999999563,534.0376999999955,544.3217999999971,849.867799999997,927.1041999999956,948.5216999999956,965.5556000000015,990.7560000000001,1003.3404999999999,1012.8076000000013,1033.6086999999955,1045.8256000000013]","[105.8365,124.654,144.6716000000015,166.856,180.5065,199.907,216.2076000000015,254.9936000000015,274.3603999999985,285.44429999999704,318.5288999999985,340.3453999999985,352.946,372.214299999997,389.3158999999985,409.93279999999703,419.2331000000015,432.58369999999553,445.9508999999985,464.935,477.0855,504.98569999999563,534.0377999999971,544.3217999999971,849.867799999997,927.1042999999971,948.5216999999956,965.5556999999956,990.7560000000001,1003.3406000000015,1012.8076000000013,1033.6086999999955,1045.8256999999953]",,25,"[145.487799999997,181.571799999997,200.94010000000148,255.609,287.22700000000003,341.06179999999705,353.8956000000015,373.314,390.2803999999985,411.0655,420.116299999997,433.41639999999853,446.5998999999985,465.9846000000015,477.784299999997,506.6192999999971,851.6506000000015,927.7371999999956,949.6381000000016,966.4885,992.0386999999956,1003.990299999997,1013.9072999999969,1034.6581000000015,1047.6918999999984]","[145.487799999997,181.571799999997,200.94010000000148,255.60910000000146,287.22700000000003,341.0618999999985,353.89569999999554,373.314,390.2805,411.0656000000015,420.116299999997,433.41639999999853,446.5998999999985,465.9846000000015,477.784299999997,506.6192999999971,851.6506000000015,927.7371999999956,949.6381000000016,966.4886000000016,992.0386999999956,1003.990299999997,1013.9072999999969,1034.6581999999955,1047.692]",8,"[106.86869999999551,125.31910000000148,167.5043999999985,217.6898999999985,275.042299999997,319.1275,535.6197999999971,546.2536999999957]","[106.86879999999702,125.31910000000148,167.5045,217.6898999999985,275.042299999997,319.1275,535.6197999999971,546.2537999999971]","[""scam_button""]",9.909418403,2.0968,3.910503472,2.2983,1.063324653,19.6822,,,,,,resources/images/legit14-EDIT.jpg,legit,1,0.65,0,0,,,,,,,,,,,,,,,,,,,,,,,,,,,,,,,,,,,,,,,,,,0,8,8,21,1,,,,,,,,,,,,,,,,,,,,,,,,,,,,,,,,,,,,,,,,,,,,,,,,,,,,,,,,,,,,,,,,,,,,,,,
,,,,,,,,,,,,,,,,500315,001,2025-04-05_16h37.16.209,SLSI3,2022.2.5,MacIntel,63.69426752,,,,,,,,,,,34,"[105.8365,124.654,144.6716000000015,166.8558999999985,180.5063999999985,199.907,216.2076000000015,254.99349999999998,274.3603999999985,285.44429999999704,318.5288999999985,340.3453999999985,352.9458999999985,372.214299999997,389.315799999997,409.9326999999955,419.2331000000015,432.58369999999553,445.9508999999985,464.9348999999985,477.0855,504.98569999999563,534.0376999999955,544.3217999999971,849.867799999997,927.1041999999956,948.5216999999956,965.5556000000015,990.7560000000001,1003.3404999999999,1012.8076000000013,1033.6086999999955,1045.8256000000013,1076.7768999999982]","[105.8365,124.654,144.6716000000015,166.856,180.5065,199.907,216.2076000000015,254.9936000000015,274.3603999999985,285.44429999999704,318.5288999999985,340.3453999999985,352.946,372.214299999997,389.3158999999985,409.93279999999703,419.2331000000015,432.58369999999553,445.9508999999985,464.935,477.0855,504.98569999999563,534.0377999999971,544.3217999999971,849.867799999997,927.1042999999971,948.5216999999956,965.5556999999956,990.7560000000001,1003.3406000000015,1012.8076000000013,1033.6086999999955,1045.8256999999953,1076.7769999999998]",,26,"[145.487799999997,181.571799999997,200.94010000000148,255.609,287.22700000000003,341.06179999999705,353.8956000000015,373.314,390.2803999999985,411.0655,420.116299999997,433.41639999999853,446.5998999999985,465.9846000000015,477.784299999997,506.6192999999971,851.6506000000015,927.7371999999956,949.6381000000016,966.4885,992.0386999999956,1003.990299999997,1013.9072999999969,1034.6581000000015,1047.6918999999984,1078.193299999997]","[145.487799999997,181.571799999997,200.94010000000148,255.60910000000146,287.22700000000003,341.0618999999985,353.89569999999554,373.314,390.2805,411.0656000000015,420.116299999997,433.41639999999853,446.5998999999985,465.9846000000015,477.784299999997,506.6192999999971,851.6506000000015,927.7371999999956,949.6381000000016,966.4886000000016,992.0386999999956,1003.990299999997,1013.9072999999969,1034.6581999999955,1047.692,1078.193299999997]",8,"[106.86869999999551,125.31910000000148,167.5043999999985,217.6898999999985,275.042299999997,319.1275,535.6197999999971,546.2536999999957]","[106.86879999999702,125.31910000000148,167.5045,217.6898999999985,275.042299999997,319.1275,535.6197999999971,546.2537999999971]","[""scam_button""]",7.900911458,0.8645,4.935720486,1.0313,0.030772569,1.547,,,,,,resources/images/legit3.jpg,legit,1,0.73,0,0,,,,,,,,,,,,,,,,,,,,,,,,,,,,,,,,,,,,,,,,,,0,9,9,5,1,,,,,,,,,,,,,,,,,,,,,,,,,,,,,,,,,,,,,,,,,,,,,,,,,,,,,,,,,,,,,,,,,,,,,,,
,,,,,,,,,,,,,,,,500315,001,2025-04-05_16h37.16.209,SLSI3,2022.2.5,MacIntel,63.69426752,,,,,,,,,,,35,"[105.8365,124.654,144.6716000000015,166.8558999999985,180.5063999999985,199.907,216.2076000000015,254.99349999999998,274.3603999999985,285.44429999999704,318.5288999999985,340.3453999999985,352.9458999999985,372.214299999997,389.315799999997,409.9326999999955,419.2331000000015,432.58369999999553,445.9508999999985,464.9348999999985,477.0855,504.98569999999563,534.0376999999955,544.3217999999971,849.867799999997,927.1041999999956,948.5216999999956,965.5556000000015,990.7560000000001,1003.3404999999999,1012.8076000000013,1033.6086999999955,1045.8256000000013,1076.7768999999982,1083.4598999999982]","[105.8365,124.654,144.6716000000015,166.856,180.5065,199.907,216.2076000000015,254.9936000000015,274.3603999999985,285.44429999999704,318.5288999999985,340.3453999999985,352.946,372.214299999997,389.3158999999985,409.93279999999703,419.2331000000015,432.58369999999553,445.9508999999985,464.935,477.0855,504.98569999999563,534.0377999999971,544.3217999999971,849.867799999997,927.1042999999971,948.5216999999956,965.5556999999956,990.7560000000001,1003.3406000000015,1012.8076000000013,1033.6086999999955,1045.8256999999953,1076.7769999999998,1083.4598999999982]",,27,"[145.487799999997,181.571799999997,200.94010000000148,255.609,287.22700000000003,341.06179999999705,353.8956000000015,373.314,390.2803999999985,411.0655,420.116299999997,433.41639999999853,446.5998999999985,465.9846000000015,477.784299999997,506.6192999999971,851.6506000000015,927.7371999999956,949.6381000000016,966.4885,992.0386999999956,1003.990299999997,1013.9072999999969,1034.6581000000015,1047.6918999999984,1078.193299999997,1084.242799999997]","[145.487799999997,181.571799999997,200.94010000000148,255.60910000000146,287.22700000000003,341.0618999999985,353.89569999999554,373.314,390.2805,411.0656000000015,420.116299999997,433.41639999999853,446.5998999999985,465.9846000000015,477.784299999997,506.6192999999971,851.6506000000015,927.7371999999956,949.6381000000016,966.4886000000016,992.0386999999956,1003.990299999997,1013.9072999999969,1034.6581999999955,1047.692,1078.193299999997,1084.2428999999984]",8,"[106.86869999999551,125.31910000000148,167.5043999999985,217.6898999999985,275.042299999997,319.1275,535.6197999999971,546.2536999999957]","[106.86879999999702,125.31910000000148,167.5045,217.6898999999985,275.042299999997,319.1275,535.6197999999971,546.2537999999971]","[""scam_button""]",9.911762153,1.1653,3.871006944,1.2313,0.074652778,1.131,,,,,,resources/images/scam_2.png,scam,0.9,0.65,0,0,,,,,,,,,,,,,,,,,,,,,,,,,,,,,,,,,,,,,,,,,,0,10,10,1,1,,,,,,,,,,,,,,,,,,,,,,,,,,,,,,,,,,,,,,,,,,,,,,,,,,,,,,,,,,,,,,,,,,,,,,,
,,,,,,,,,,,,,,,,500315,001,2025-04-05_16h37.16.209,SLSI3,2022.2.5,MacIntel,63.69426752,,,,,,,,,,,36,"[105.8365,124.654,144.6716000000015,166.8558999999985,180.5063999999985,199.907,216.2076000000015,254.99349999999998,274.3603999999985,285.44429999999704,318.5288999999985,340.3453999999985,352.9458999999985,372.214299999997,389.315799999997,409.9326999999955,419.2331000000015,432.58369999999553,445.9508999999985,464.9348999999985,477.0855,504.98569999999563,534.0376999999955,544.3217999999971,849.867799999997,927.1041999999956,948.5216999999956,965.5556000000015,990.7560000000001,1003.3404999999999,1012.8076000000013,1033.6086999999955,1045.8256000000013,1076.7768999999982,1083.4598999999982,1092.0272999999968]","[105.8365,124.654,144.6716000000015,166.856,180.5065,199.907,216.2076000000015,254.9936000000015,274.3603999999985,285.44429999999704,318.5288999999985,340.3453999999985,352.946,372.214299999997,389.3158999999985,409.93279999999703,419.2331000000015,432.58369999999553,445.9508999999985,464.935,477.0855,504.98569999999563,534.0377999999971,544.3217999999971,849.867799999997,927.1042999999971,948.5216999999956,965.5556999999956,990.7560000000001,1003.3406000000015,1012.8076000000013,1033.6086999999955,1045.8256999999953,1076.7769999999998,1083.4598999999982,1092.0272999999968]",,28,"[145.487799999997,181.571799999997,200.94010000000148,255.609,287.22700000000003,341.06179999999705,353.8956000000015,373.314,390.2803999999985,411.0655,420.116299999997,433.41639999999853,446.5998999999985,465.9846000000015,477.784299999997,506.6192999999971,851.6506000000015,927.7371999999956,949.6381000000016,966.4885,992.0386999999956,1003.990299999997,1013.9072999999969,1034.6581000000015,1047.6918999999984,1078.193299999997,1084.242799999997,1092.8941000000013]","[145.487799999997,181.571799999997,200.94010000000148,255.60910000000146,287.22700000000003,341.0618999999985,353.89569999999554,373.314,390.2805,411.0656000000015,420.116299999997,433.41639999999853,446.5998999999985,465.9846000000015,477.784299999997,506.6192999999971,851.6506000000015,927.7371999999956,949.6381000000016,966.4886000000016,992.0386999999956,1003.990299999997,1013.9072999999969,1034.6581999999955,1047.692,1078.193299999997,1084.2428999999984,1092.8941000000013]",8,"[106.86869999999551,125.31910000000148,167.5043999999985,217.6898999999985,275.042299999997,319.1275,535.6197999999971,546.2536999999957]","[106.86879999999702,125.31910000000148,167.5045,217.6898999999985,275.042299999997,319.1275,535.6197999999971,546.2537999999971]","[""scam_button""]",9.952387153,0.8142,9.124609375,1.3322,0.208984375,0.8636,,,,,,resources/images/legit10-EDIT.png,legit,1,0.65,0,0,,,,,,,,,,,,,,,,,,,,,,,,,,,,,,,,,,,,,,,,,,0,11,11,18,1,,,,,,,,,,,,,,,,,,,,,,,,,,,,,,,,,,,,,,,,,,,,,,,,,,,,,,,,,,,,,,,,,,,,,,,
,,,,,,,,,,,,,,,,500315,001,2025-04-05_16h37.16.209,SLSI3,2022.2.5,MacIntel,63.69426752,,,,,,,,,,,37,"[105.8365,124.654,144.6716000000015,166.8558999999985,180.5063999999985,199.907,216.2076000000015,254.99349999999998,274.3603999999985,285.44429999999704,318.5288999999985,340.3453999999985,352.9458999999985,372.214299999997,389.315799999997,409.9326999999955,419.2331000000015,432.58369999999553,445.9508999999985,464.9348999999985,477.0855,504.98569999999563,534.0376999999955,544.3217999999971,849.867799999997,927.1041999999956,948.5216999999956,965.5556000000015,990.7560000000001,1003.3404999999999,1012.8076000000013,1033.6086999999955,1045.8256000000013,1076.7768999999982,1083.4598999999982,1092.0272999999968,1098.6936999999953]","[105.8365,124.654,144.6716000000015,166.856,180.5065,199.907,216.2076000000015,254.9936000000015,274.3603999999985,285.44429999999704,318.5288999999985,340.3453999999985,352.946,372.214299999997,389.3158999999985,409.93279999999703,419.2331000000015,432.58369999999553,445.9508999999985,464.935,477.0855,504.98569999999563,534.0377999999971,544.3217999999971,849.867799999997,927.1042999999971,948.5216999999956,965.5556999999956,990.7560000000001,1003.3406000000015,1012.8076000000013,1033.6086999999955,1045.8256999999953,1076.7769999999998,1083.4598999999982,1092.0272999999968,1098.6936999999953]",,29,"[145.487799999997,181.571799999997,200.94010000000148,255.609,287.22700000000003,341.06179999999705,353.8956000000015,373.314,390.2803999999985,411.0655,420.116299999997,433.41639999999853,446.5998999999985,465.9846000000015,477.784299999997,506.6192999999971,851.6506000000015,927.7371999999956,949.6381000000016,966.4885,992.0386999999956,1003.990299999997,1013.9072999999969,1034.6581000000015,1047.6918999999984,1078.193299999997,1084.242799999997,1092.8941000000013,1099.510799999997]","[145.487799999997,181.571799999997,200.94010000000148,255.60910000000146,287.22700000000003,341.0618999999985,353.89569999999554,373.314,390.2805,411.0656000000015,420.116299999997,433.41639999999853,446.5998999999985,465.9846000000015,477.784299999997,506.6192999999971,851.6506000000015,927.7371999999956,949.6381000000016,966.4886000000016,992.0386999999956,1003.990299999997,1013.9072999999969,1034.6581999999955,1047.692,1078.193299999997,1084.2428999999984,1092.8941000000013,1099.510799999997]",8,"[106.86869999999551,125.31910000000148,167.5043999999985,217.6898999999985,275.042299999997,319.1275,535.6197999999971,546.2536999999957]","[106.86879999999702,125.31910000000148,167.5045,217.6898999999985,275.042299999997,319.1275,535.6197999999971,546.2537999999971]","[""scam_button""]",9.966927083,0.798,4.120876736,1.7976,0.097829861,1.2131,,,,,,resources/images/scam_1.png,scam,1,0.65,0,0,,,,,,,,,,,,,,,,,,,,,,,,,,,,,,,,,,,,,,,,,,0,12,12,0,1,,,,,,,,,,,,,,,,,,,,,,,,,,,,,,,,,,,,,,,,,,,,,,,,,,,,,,,,,,,,,,,,,,,,,,,
,,,,,,,,,,,,,,,,500315,001,2025-04-05_16h37.16.209,SLSI3,2022.2.5,MacIntel,63.69426752,,,,,,,,,,,38,"[105.8365,124.654,144.6716000000015,166.8558999999985,180.5063999999985,199.907,216.2076000000015,254.99349999999998,274.3603999999985,285.44429999999704,318.5288999999985,340.3453999999985,352.9458999999985,372.214299999997,389.315799999997,409.9326999999955,419.2331000000015,432.58369999999553,445.9508999999985,464.9348999999985,477.0855,504.98569999999563,534.0376999999955,544.3217999999971,849.867799999997,927.1041999999956,948.5216999999956,965.5556000000015,990.7560000000001,1003.3404999999999,1012.8076000000013,1033.6086999999955,1045.8256000000013,1076.7768999999982,1083.4598999999982,1092.0272999999968,1098.6936999999953,1107.0114999999998]","[105.8365,124.654,144.6716000000015,166.856,180.5065,199.907,216.2076000000015,254.9936000000015,274.3603999999985,285.44429999999704,318.5288999999985,340.3453999999985,352.946,372.214299999997,389.3158999999985,409.93279999999703,419.2331000000015,432.58369999999553,445.9508999999985,464.935,477.0855,504.98569999999563,534.0377999999971,544.3217999999971,849.867799999997,927.1042999999971,948.5216999999956,965.5556999999956,990.7560000000001,1003.3406000000015,1012.8076000000013,1033.6086999999955,1045.8256999999953,1076.7769999999998,1083.4598999999982,1092.0272999999968,1098.6936999999953,1107.0114999999998]",,30,"[145.487799999997,181.571799999997,200.94010000000148,255.609,287.22700000000003,341.06179999999705,353.8956000000015,373.314,390.2803999999985,411.0655,420.116299999997,433.41639999999853,446.5998999999985,465.9846000000015,477.784299999997,506.6192999999971,851.6506000000015,927.7371999999956,949.6381000000016,966.4885,992.0386999999956,1003.990299999997,1013.9072999999969,1034.6581000000015,1047.6918999999984,1078.193299999997,1084.242799999997,1092.8941000000013,1099.510799999997,1109.0606000000014]","[145.487799999997,181.571799999997,200.94010000000148,255.60910000000146,287.22700000000003,341.0618999999985,353.89569999999554,373.314,390.2805,411.0656000000015,420.116299999997,433.41639999999853,446.5998999999985,465.9846000000015,477.784299999997,506.6192999999971,851.6506000000015,927.7371999999956,949.6381000000016,966.4886000000016,992.0386999999956,1003.990299999997,1013.9072999999969,1034.6581999999955,1047.692,1078.193299999997,1084.2428999999984,1092.8941000000013,1099.510799999997,1109.0606000000014]",8,"[106.86869999999551,125.31910000000148,167.5043999999985,217.6898999999985,275.042299999997,319.1275,535.6197999999971,546.2536999999957]","[106.86879999999702,125.31910000000148,167.5045,217.6898999999985,275.042299999997,319.1275,535.6197999999971,546.2537999999971]","[""scam_button""]",9.801258681,1.8491,6.108072917,0.9315,0.115538194,0.7307,,,,,,resources/images/scam3.png,scam,1.2,0.65,0,0,,,,,,,,,,,,,,,,,,,,,,,,,,,,,,,,,,,,,,,,,,0,13,13,2,1,,,,,,,,,,,,,,,,,,,,,,,,,,,,,,,,,,,,,,,,,,,,,,,,,,,,,,,,,,,,,,,,,,,,,,,
,,,,,,,,,,,,,,,,500315,001,2025-04-05_16h37.16.209,SLSI3,2022.2.5,MacIntel,63.69426752,,,,,,,,,,,39,"[105.8365,124.654,144.6716000000015,166.8558999999985,180.5063999999985,199.907,216.2076000000015,254.99349999999998,274.3603999999985,285.44429999999704,318.5288999999985,340.3453999999985,352.9458999999985,372.214299999997,389.315799999997,409.9326999999955,419.2331000000015,432.58369999999553,445.9508999999985,464.9348999999985,477.0855,504.98569999999563,534.0376999999955,544.3217999999971,849.867799999997,927.1041999999956,948.5216999999956,965.5556000000015,990.7560000000001,1003.3404999999999,1012.8076000000013,1033.6086999999955,1045.8256000000013,1076.7768999999982,1083.4598999999982,1092.0272999999968,1098.6936999999953,1107.0114999999998,1120.3453999999983]","[105.8365,124.654,144.6716000000015,166.856,180.5065,199.907,216.2076000000015,254.9936000000015,274.3603999999985,285.44429999999704,318.5288999999985,340.3453999999985,352.946,372.214299999997,389.3158999999985,409.93279999999703,419.2331000000015,432.58369999999553,445.9508999999985,464.935,477.0855,504.98569999999563,534.0377999999971,544.3217999999971,849.867799999997,927.1042999999971,948.5216999999956,965.5556999999956,990.7560000000001,1003.3406000000015,1012.8076000000013,1033.6086999999955,1045.8256999999953,1076.7769999999998,1083.4598999999982,1092.0272999999968,1098.6936999999953,1107.0114999999998,1120.3453999999983]",,31,"[145.487799999997,181.571799999997,200.94010000000148,255.609,287.22700000000003,341.06179999999705,353.8956000000015,373.314,390.2803999999985,411.0655,420.116299999997,433.41639999999853,446.5998999999985,465.9846000000015,477.784299999997,506.6192999999971,851.6506000000015,927.7371999999956,949.6381000000016,966.4885,992.0386999999956,1003.990299999997,1013.9072999999969,1034.6581000000015,1047.6918999999984,1078.193299999997,1084.242799999997,1092.8941000000013,1099.510799999997,1109.0606000000014,1121.328299999997]","[145.487799999997,181.571799999997,200.94010000000148,255.60910000000146,287.22700000000003,341.0618999999985,353.89569999999554,373.314,390.2805,411.0656000000015,420.116299999997,433.41639999999853,446.5998999999985,465.9846000000015,477.784299999997,506.6192999999971,851.6506000000015,927.7371999999956,949.6381000000016,966.4886000000016,992.0386999999956,1003.990299999997,1013.9072999999969,1034.6581999999955,1047.692,1078.193299999997,1084.2428999999984,1092.8941000000013,1099.510799999997,1109.0606000000014,1121.3283999999985]",8,"[106.86869999999551,125.31910000000148,167.5043999999985,217.6898999999985,275.042299999997,319.1275,535.6197999999971,546.2536999999957]","[106.86879999999702,125.31910000000148,167.5045,217.6898999999985,275.042299999997,319.1275,535.6197999999971,546.2537999999971]","[""scam_button""]",9.841319444,0.7483,1.980121528,2.0308,0.068315972,1.1646,,,,,,resources/images/legit5-EDIT.png,legit,0.65,0.65,0,0,,,,,,,,,,,,,,,,,,,,,,,,,,,,,,,,,,,,,,,,,,0,14,14,12,1,,,,,,,,,,,,,,,,,,,,,,,,,,,,,,,,,,,,,,,,,,,,,,,,,,,,,,,,,,,,,,,,,,,,,,,
,,,,,,,,,,,,,,,,500315,001,2025-04-05_16h37.16.209,SLSI3,2022.2.5,MacIntel,63.69426752,,,,,,,,,,,40,"[105.8365,124.654,144.6716000000015,166.8558999999985,180.5063999999985,199.907,216.2076000000015,254.99349999999998,274.3603999999985,285.44429999999704,318.5288999999985,340.3453999999985,352.9458999999985,372.214299999997,389.315799999997,409.9326999999955,419.2331000000015,432.58369999999553,445.9508999999985,464.9348999999985,477.0855,504.98569999999563,534.0376999999955,544.3217999999971,849.867799999997,927.1041999999956,948.5216999999956,965.5556000000015,990.7560000000001,1003.3404999999999,1012.8076000000013,1033.6086999999955,1045.8256000000013,1076.7768999999982,1083.4598999999982,1092.0272999999968,1098.6936999999953,1107.0114999999998,1120.3453999999983,1127.7291000000014]","[105.8365,124.654,144.6716000000015,166.856,180.5065,199.907,216.2076000000015,254.9936000000015,274.3603999999985,285.44429999999704,318.5288999999985,340.3453999999985,352.946,372.214299999997,389.3158999999985,409.93279999999703,419.2331000000015,432.58369999999553,445.9508999999985,464.935,477.0855,504.98569999999563,534.0377999999971,544.3217999999971,849.867799999997,927.1042999999971,948.5216999999956,965.5556999999956,990.7560000000001,1003.3406000000015,1012.8076000000013,1033.6086999999955,1045.8256999999953,1076.7769999999998,1083.4598999999982,1092.0272999999968,1098.6936999999953,1107.0114999999998,1120.3453999999983,1127.7291000000014]",,32,"[145.487799999997,181.571799999997,200.94010000000148,255.609,287.22700000000003,341.06179999999705,353.8956000000015,373.314,390.2803999999985,411.0655,420.116299999997,433.41639999999853,446.5998999999985,465.9846000000015,477.784299999997,506.6192999999971,851.6506000000015,927.7371999999956,949.6381000000016,966.4885,992.0386999999956,1003.990299999997,1013.9072999999969,1034.6581000000015,1047.6918999999984,1078.193299999997,1084.242799999997,1092.8941000000013,1099.510799999997,1109.0606000000014,1121.328299999997,1128.462]","[145.487799999997,181.571799999997,200.94010000000148,255.60910000000146,287.22700000000003,341.0618999999985,353.89569999999554,373.314,390.2805,411.0656000000015,420.116299999997,433.41639999999853,446.5998999999985,465.9846000000015,477.784299999997,506.6192999999971,851.6506000000015,927.7371999999956,949.6381000000016,966.4886000000016,992.0386999999956,1003.990299999997,1013.9072999999969,1034.6581999999955,1047.692,1078.193299999997,1084.2428999999984,1092.8941000000013,1099.510799999997,1109.0606000000014,1121.3283999999985,1128.4621000000016]",8,"[106.86869999999551,125.31910000000148,167.5043999999985,217.6898999999985,275.042299999997,319.1275,535.6197999999971,546.2536999999957]","[106.86879999999702,125.31910000000148,167.5045,217.6898999999985,275.042299999997,319.1275,535.6197999999971,546.2537999999971]","[""scam_button""]",9.927734375,0.7133,4.87734375,0.9801,0.146397569,2.2968,,,,,,resources/images/scam12.jpg,scam,0.65,0.65,0,0,,,,,,,,,,,,,,,,,,,,,,,,,,,,,,,,,,,,,,,,,,0,15,15,20,1,,,,,,,,,,,,,,,,,,,,,,,,,,,,,,,,,,,,,,,,,,,,,,,,,,,,,,,,,,,,,,,,,,,,,,,
,,,,,,,,,,,,,,,,500315,001,2025-04-05_16h37.16.209,SLSI3,2022.2.5,MacIntel,63.69426752,,,,,,,,,,,41,"[105.8365,124.654,144.6716000000015,166.8558999999985,180.5063999999985,199.907,216.2076000000015,254.99349999999998,274.3603999999985,285.44429999999704,318.5288999999985,340.3453999999985,352.9458999999985,372.214299999997,389.315799999997,409.9326999999955,419.2331000000015,432.58369999999553,445.9508999999985,464.9348999999985,477.0855,504.98569999999563,534.0376999999955,544.3217999999971,849.867799999997,927.1041999999956,948.5216999999956,965.5556000000015,990.7560000000001,1003.3404999999999,1012.8076000000013,1033.6086999999955,1045.8256000000013,1076.7768999999982,1083.4598999999982,1092.0272999999968,1098.6936999999953,1107.0114999999998,1120.3453999999983,1127.7291000000014,1135.5126000000014]","[105.8365,124.654,144.6716000000015,166.856,180.5065,199.907,216.2076000000015,254.9936000000015,274.3603999999985,285.44429999999704,318.5288999999985,340.3453999999985,352.946,372.214299999997,389.3158999999985,409.93279999999703,419.2331000000015,432.58369999999553,445.9508999999985,464.935,477.0855,504.98569999999563,534.0377999999971,544.3217999999971,849.867799999997,927.1042999999971,948.5216999999956,965.5556999999956,990.7560000000001,1003.3406000000015,1012.8076000000013,1033.6086999999955,1045.8256999999953,1076.7769999999998,1083.4598999999982,1092.0272999999968,1098.6936999999953,1107.0114999999998,1120.3453999999983,1127.7291000000014,1135.5126000000014]",,33,"[145.487799999997,181.571799999997,200.94010000000148,255.609,287.22700000000003,341.06179999999705,353.8956000000015,373.314,390.2803999999985,411.0655,420.116299999997,433.41639999999853,446.5998999999985,465.9846000000015,477.784299999997,506.6192999999971,851.6506000000015,927.7371999999956,949.6381000000016,966.4885,992.0386999999956,1003.990299999997,1013.9072999999969,1034.6581000000015,1047.6918999999984,1078.193299999997,1084.242799999997,1092.8941000000013,1099.510799999997,1109.0606000000014,1121.328299999997,1128.462,1136.2288999999985]","[145.487799999997,181.571799999997,200.94010000000148,255.60910000000146,287.22700000000003,341.0618999999985,353.89569999999554,373.314,390.2805,411.0656000000015,420.116299999997,433.41639999999853,446.5998999999985,465.9846000000015,477.784299999997,506.6192999999971,851.6506000000015,927.7371999999956,949.6381000000016,966.4886000000016,992.0386999999956,1003.990299999997,1013.9072999999969,1034.6581999999955,1047.692,1078.193299999997,1084.2428999999984,1092.8941000000013,1099.510799999997,1109.0606000000014,1121.3283999999985,1128.4621000000016,1136.229]",8,"[106.86869999999551,125.31910000000148,167.5043999999985,217.6898999999985,275.042299999997,319.1275,535.6197999999971,546.2536999999957]","[106.86879999999702,125.31910000000148,167.5045,217.6898999999985,275.042299999997,319.1275,535.6197999999971,546.2537999999971]","[""scam_button""]",9.881987847,1.4304,2.010416667,0.73,0.062152778,1.4471,,,,,,resources/images/legit2.jpg,legit,1,0.65,0,0,,,,,,,,,,,,,,,,,,,,,,,,,,,,,,,,,,,,,,,,,,0,16,16,4,1,,,,,,,,,,,,,,,,,,,,,,,,,,,,,,,,,,,,,,,,,,,,,,,,,,,,,,,,,,,,,,,,,,,,,,,
,,,,,,,,,,,,,,,,500315,001,2025-04-05_16h37.16.209,SLSI3,2022.2.5,MacIntel,63.69426752,,,,,,,,,,,42,"[105.8365,124.654,144.6716000000015,166.8558999999985,180.5063999999985,199.907,216.2076000000015,254.99349999999998,274.3603999999985,285.44429999999704,318.5288999999985,340.3453999999985,352.9458999999985,372.214299999997,389.315799999997,409.9326999999955,419.2331000000015,432.58369999999553,445.9508999999985,464.9348999999985,477.0855,504.98569999999563,534.0376999999955,544.3217999999971,849.867799999997,927.1041999999956,948.5216999999956,965.5556000000015,990.7560000000001,1003.3404999999999,1012.8076000000013,1033.6086999999955,1045.8256000000013,1076.7768999999982,1083.4598999999982,1092.0272999999968,1098.6936999999953,1107.0114999999998,1120.3453999999983,1127.7291000000014,1135.5126000000014,1142.7628999999984]","[105.8365,124.654,144.6716000000015,166.856,180.5065,199.907,216.2076000000015,254.9936000000015,274.3603999999985,285.44429999999704,318.5288999999985,340.3453999999985,352.946,372.214299999997,389.3158999999985,409.93279999999703,419.2331000000015,432.58369999999553,445.9508999999985,464.935,477.0855,504.98569999999563,534.0377999999971,544.3217999999971,849.867799999997,927.1042999999971,948.5216999999956,965.5556999999956,990.7560000000001,1003.3406000000015,1012.8076000000013,1033.6086999999955,1045.8256999999953,1076.7769999999998,1083.4598999999982,1092.0272999999968,1098.6936999999953,1107.0114999999998,1120.3453999999983,1127.7291000000014,1135.5126000000014,1142.763]",,34,"[145.487799999997,181.571799999997,200.94010000000148,255.609,287.22700000000003,341.06179999999705,353.8956000000015,373.314,390.2803999999985,411.0655,420.116299999997,433.41639999999853,446.5998999999985,465.9846000000015,477.784299999997,506.6192999999971,851.6506000000015,927.7371999999956,949.6381000000016,966.4885,992.0386999999956,1003.990299999997,1013.9072999999969,1034.6581000000015,1047.6918999999984,1078.193299999997,1084.242799999997,1092.8941000000013,1099.510799999997,1109.0606000000014,1121.328299999997,1128.462,1136.2288999999985,1143.5958999999984]","[145.487799999997,181.571799999997,200.94010000000148,255.60910000000146,287.22700000000003,341.0618999999985,353.89569999999554,373.314,390.2805,411.0656000000015,420.116299999997,433.41639999999853,446.5998999999985,465.9846000000015,477.784299999997,506.6192999999971,851.6506000000015,927.7371999999956,949.6381000000016,966.4886000000016,992.0386999999956,1003.990299999997,1013.9072999999969,1034.6581999999955,1047.692,1078.193299999997,1084.2428999999984,1092.8941000000013,1099.510799999997,1109.0606000000014,1121.3283999999985,1128.4621000000016,1136.229,1143.596]",8,"[106.86869999999551,125.31910000000148,167.5043999999985,217.6898999999985,275.042299999997,319.1275,535.6197999999971,546.2536999999957]","[106.86879999999702,125.31910000000148,167.5045,217.6898999999985,275.042299999997,319.1275,535.6197999999971,546.2537999999971]","[""scam_button""]",9.797829861,0.9471,0.019661458,1.4473,0.014105903,0.3138,,,,,,resources/images/scam10.jpg,scam,1,0.65,0,0,,,,,,,,,,,,,,,,,,,,,,,,,,,,,,,,,,,,,,,,,,0,17,17,17,1,,,,,,,,,,,,,,,,,,,,,,,,,,,,,,,,,,,,,,,,,,,,,,,,,,,,,,,,,,,,,,,,,,,,,,,
,,,,,,,,,,,,,,,,500315,001,2025-04-05_16h37.16.209,SLSI3,2022.2.5,MacIntel,63.69426752,,,,,,,,,,,43,"[105.8365,124.654,144.6716000000015,166.8558999999985,180.5063999999985,199.907,216.2076000000015,254.99349999999998,274.3603999999985,285.44429999999704,318.5288999999985,340.3453999999985,352.9458999999985,372.214299999997,389.315799999997,409.9326999999955,419.2331000000015,432.58369999999553,445.9508999999985,464.9348999999985,477.0855,504.98569999999563,534.0376999999955,544.3217999999971,849.867799999997,927.1041999999956,948.5216999999956,965.5556000000015,990.7560000000001,1003.3404999999999,1012.8076000000013,1033.6086999999955,1045.8256000000013,1076.7768999999982,1083.4598999999982,1092.0272999999968,1098.6936999999953,1107.0114999999998,1120.3453999999983,1127.7291000000014,1135.5126000000014,1142.7628999999984,1148.6298999999983]","[105.8365,124.654,144.6716000000015,166.856,180.5065,199.907,216.2076000000015,254.9936000000015,274.3603999999985,285.44429999999704,318.5288999999985,340.3453999999985,352.946,372.214299999997,389.3158999999985,409.93279999999703,419.2331000000015,432.58369999999553,445.9508999999985,464.935,477.0855,504.98569999999563,534.0377999999971,544.3217999999971,849.867799999997,927.1042999999971,948.5216999999956,965.5556999999956,990.7560000000001,1003.3406000000015,1012.8076000000013,1033.6086999999955,1045.8256999999953,1076.7769999999998,1083.4598999999982,1092.0272999999968,1098.6936999999953,1107.0114999999998,1120.3453999999983,1127.7291000000014,1135.5126000000014,1142.763,1148.6298999999983]",,35,"[145.487799999997,181.571799999997,200.94010000000148,255.609,287.22700000000003,341.06179999999705,353.8956000000015,373.314,390.2803999999985,411.0655,420.116299999997,433.41639999999853,446.5998999999985,465.9846000000015,477.784299999997,506.6192999999971,851.6506000000015,927.7371999999956,949.6381000000016,966.4885,992.0386999999956,1003.990299999997,1013.9072999999969,1034.6581000000015,1047.6918999999984,1078.193299999997,1084.242799999997,1092.8941000000013,1099.510799999997,1109.0606000000014,1121.328299999997,1128.462,1136.2288999999985,1143.5958999999984,1149.4293999999984]","[145.487799999997,181.571799999997,200.94010000000148,255.60910000000146,287.22700000000003,341.0618999999985,353.89569999999554,373.314,390.2805,411.0656000000015,420.116299999997,433.41639999999853,446.5998999999985,465.9846000000015,477.784299999997,506.6192999999971,851.6506000000015,927.7371999999956,949.6381000000016,966.4886000000016,992.0386999999956,1003.990299999997,1013.9072999999969,1034.6581999999955,1047.692,1078.193299999997,1084.2428999999984,1092.8941000000013,1099.510799999997,1109.0606000000014,1121.3283999999985,1128.4621000000016,1136.229,1143.596,1149.4293999999984]",8,"[106.86869999999551,125.31910000000148,167.5043999999985,217.6898999999985,275.042299999997,319.1275,535.6197999999971,546.2536999999957]","[106.86879999999702,125.31910000000148,167.5045,217.6898999999985,275.042299999997,319.1275,535.6197999999971,546.2537999999971]","[""scam_button""]",9.910199653,1.58,6.795138889,1.9976,0.01484375,0.7971,,,,,,resources/images/scam4.png,scam,0.8,0.65,0,0,,,,,,,,,,,,,,,,,,,,,,,,,,,,,,,,,,,,,,,,,,0,18,18,6,1,,,,,,,,,,,,,,,,,,,,,,,,,,,,,,,,,,,,,,,,,,,,,,,,,,,,,,,,,,,,,,,,,,,,,,,
,,,,,,,,,,,,,,,,500315,001,2025-04-05_16h37.16.209,SLSI3,2022.2.5,MacIntel,63.69426752,,,,,,,,,,,44,"[105.8365,124.654,144.6716000000015,166.8558999999985,180.5063999999985,199.907,216.2076000000015,254.99349999999998,274.3603999999985,285.44429999999704,318.5288999999985,340.3453999999985,352.9458999999985,372.214299999997,389.315799999997,409.9326999999955,419.2331000000015,432.58369999999553,445.9508999999985,464.9348999999985,477.0855,504.98569999999563,534.0376999999955,544.3217999999971,849.867799999997,927.1041999999956,948.5216999999956,965.5556000000015,990.7560000000001,1003.3404999999999,1012.8076000000013,1033.6086999999955,1045.8256000000013,1076.7768999999982,1083.4598999999982,1092.0272999999968,1098.6936999999953,1107.0114999999998,1120.3453999999983,1127.7291000000014,1135.5126000000014,1142.7628999999984,1148.6298999999983,1165.2138999999984]","[105.8365,124.654,144.6716000000015,166.856,180.5065,199.907,216.2076000000015,254.9936000000015,274.3603999999985,285.44429999999704,318.5288999999985,340.3453999999985,352.946,372.214299999997,389.3158999999985,409.93279999999703,419.2331000000015,432.58369999999553,445.9508999999985,464.935,477.0855,504.98569999999563,534.0377999999971,544.3217999999971,849.867799999997,927.1042999999971,948.5216999999956,965.5556999999956,990.7560000000001,1003.3406000000015,1012.8076000000013,1033.6086999999955,1045.8256999999953,1076.7769999999998,1083.4598999999982,1092.0272999999968,1098.6936999999953,1107.0114999999998,1120.3453999999983,1127.7291000000014,1135.5126000000014,1142.763,1148.6298999999983,1165.2138999999984]",,36,"[145.487799999997,181.571799999997,200.94010000000148,255.609,287.22700000000003,341.06179999999705,353.8956000000015,373.314,390.2803999999985,411.0655,420.116299999997,433.41639999999853,446.5998999999985,465.9846000000015,477.784299999997,506.6192999999971,851.6506000000015,927.7371999999956,949.6381000000016,966.4885,992.0386999999956,1003.990299999997,1013.9072999999969,1034.6581000000015,1047.6918999999984,1078.193299999997,1084.242799999997,1092.8941000000013,1099.510799999997,1109.0606000000014,1121.328299999997,1128.462,1136.2288999999985,1143.5958999999984,1149.4293999999984,1165.73]","[145.487799999997,181.571799999997,200.94010000000148,255.60910000000146,287.22700000000003,341.0618999999985,353.89569999999554,373.314,390.2805,411.0656000000015,420.116299999997,433.41639999999853,446.5998999999985,465.9846000000015,477.784299999997,506.6192999999971,851.6506000000015,927.7371999999956,949.6381000000016,966.4886000000016,992.0386999999956,1003.990299999997,1013.9072999999969,1034.6581999999955,1047.692,1078.193299999997,1084.2428999999984,1092.8941000000013,1099.510799999997,1109.0606000000014,1121.3283999999985,1128.4621000000016,1136.229,1143.596,1149.4293999999984,1165.73]",8,"[106.86869999999551,125.31910000000148,167.5043999999985,217.6898999999985,275.042299999997,319.1275,535.6197999999971,546.2536999999957]","[106.86879999999702,125.31910000000148,167.5045,217.6898999999985,275.042299999997,319.1275,535.6197999999971,546.2537999999971]","[""scam_button""]",9.961111111,1.3626,7.774522569,0.6637,0.106076389,1.1306,,,,,,resources/images/legit9-EDIT.png,legit,1,0.65,0,0,,,,,,,,,,,,,,,,,,,,,,,,,,,,,,,,,,,,,,,,,,0,19,19,8,1,,,,,,,,,,,,,,,,,,,,,,,,,,,,,,,,,,,,,,,,,,,,,,,,,,,,,,,,,,,,,,,,,,,,,,,
,,,,,,,,,,,,,,,,500315,001,2025-04-05_16h37.16.209,SLSI3,2022.2.5,MacIntel,63.69426752,,,,,,,,,,,45,"[105.8365,124.654,144.6716000000015,166.8558999999985,180.5063999999985,199.907,216.2076000000015,254.99349999999998,274.3603999999985,285.44429999999704,318.5288999999985,340.3453999999985,352.9458999999985,372.214299999997,389.315799999997,409.9326999999955,419.2331000000015,432.58369999999553,445.9508999999985,464.9348999999985,477.0855,504.98569999999563,534.0376999999955,544.3217999999971,849.867799999997,927.1041999999956,948.5216999999956,965.5556000000015,990.7560000000001,1003.3404999999999,1012.8076000000013,1033.6086999999955,1045.8256000000013,1076.7768999999982,1083.4598999999982,1092.0272999999968,1098.6936999999953,1107.0114999999998,1120.3453999999983,1127.7291000000014,1135.5126000000014,1142.7628999999984,1148.6298999999983,1165.2138999999984,1170.214]","[105.8365,124.654,144.6716000000015,166.856,180.5065,199.907,216.2076000000015,254.9936000000015,274.3603999999985,285.44429999999704,318.5288999999985,340.3453999999985,352.946,372.214299999997,389.3158999999985,409.93279999999703,419.2331000000015,432.58369999999553,445.9508999999985,464.935,477.0855,504.98569999999563,534.0377999999971,544.3217999999971,849.867799999997,927.1042999999971,948.5216999999956,965.5556999999956,990.7560000000001,1003.3406000000015,1012.8076000000013,1033.6086999999955,1045.8256999999953,1076.7769999999998,1083.4598999999982,1092.0272999999968,1098.6936999999953,1107.0114999999998,1120.3453999999983,1127.7291000000014,1135.5126000000014,1142.763,1148.6298999999983,1165.2138999999984,1170.2141000000013]",,37,"[145.487799999997,181.571799999997,200.94010000000148,255.609,287.22700000000003,341.06179999999705,353.8956000000015,373.314,390.2803999999985,411.0655,420.116299999997,433.41639999999853,446.5998999999985,465.9846000000015,477.784299999997,506.6192999999971,851.6506000000015,927.7371999999956,949.6381000000016,966.4885,992.0386999999956,1003.990299999997,1013.9072999999969,1034.6581000000015,1047.6918999999984,1078.193299999997,1084.242799999997,1092.8941000000013,1099.510799999997,1109.0606000000014,1121.328299999997,1128.462,1136.2288999999985,1143.5958999999984,1149.4293999999984,1165.73,1171.5635]","[145.487799999997,181.571799999997,200.94010000000148,255.60910000000146,287.22700000000003,341.0618999999985,353.89569999999554,373.314,390.2805,411.0656000000015,420.116299999997,433.41639999999853,446.5998999999985,465.9846000000015,477.784299999997,506.6192999999971,851.6506000000015,927.7371999999956,949.6381000000016,966.4886000000016,992.0386999999956,1003.990299999997,1013.9072999999969,1034.6581999999955,1047.692,1078.193299999997,1084.2428999999984,1092.8941000000013,1099.510799999997,1109.0606000000014,1121.3283999999985,1128.4621000000016,1136.229,1143.596,1149.4293999999984,1165.73,1171.5636000000015]",8,"[106.86869999999551,125.31910000000148,167.5043999999985,217.6898999999985,275.042299999997,319.1275,535.6197999999971,546.2536999999957]","[106.86879999999702,125.31910000000148,167.5045,217.6898999999985,275.042299999997,319.1275,535.6197999999971,546.2537999999971]","[""scam_button""]",9.772135417,0.982,0.102256944,1.5809,0.096701389,0.3149,,,,,,resources/images/scam7.png,scam,0.65,0.65,0,0,,,,,,,,,,,,,,,,,,,,,,,,,,,,,,,,,,,,,,,,,,0,20,20,10,1,,,,,,,,,,,,,,,,,,,,,,,,,,,,,,,,,,,,,,,,,,,,,,,,,,,,,,,,,,,,,,,,,,,,,,,
,,,,,,,,,,,,,,,,500315,001,2025-04-05_16h37.16.209,SLSI3,2022.2.5,MacIntel,63.69426752,,,,,,,,,,,46,"[105.8365,124.654,144.6716000000015,166.8558999999985,180.5063999999985,199.907,216.2076000000015,254.99349999999998,274.3603999999985,285.44429999999704,318.5288999999985,340.3453999999985,352.9458999999985,372.214299999997,389.315799999997,409.9326999999955,419.2331000000015,432.58369999999553,445.9508999999985,464.9348999999985,477.0855,504.98569999999563,534.0376999999955,544.3217999999971,849.867799999997,927.1041999999956,948.5216999999956,965.5556000000015,990.7560000000001,1003.3404999999999,1012.8076000000013,1033.6086999999955,1045.8256000000013,1076.7768999999982,1083.4598999999982,1092.0272999999968,1098.6936999999953,1107.0114999999998,1120.3453999999983,1127.7291000000014,1135.5126000000014,1142.7628999999984,1148.6298999999983,1165.2138999999984,1170.214,1177.6471999999953]","[105.8365,124.654,144.6716000000015,166.856,180.5065,199.907,216.2076000000015,254.9936000000015,274.3603999999985,285.44429999999704,318.5288999999985,340.3453999999985,352.946,372.214299999997,389.3158999999985,409.93279999999703,419.2331000000015,432.58369999999553,445.9508999999985,464.935,477.0855,504.98569999999563,534.0377999999971,544.3217999999971,849.867799999997,927.1042999999971,948.5216999999956,965.5556999999956,990.7560000000001,1003.3406000000015,1012.8076000000013,1033.6086999999955,1045.8256999999953,1076.7769999999998,1083.4598999999982,1092.0272999999968,1098.6936999999953,1107.0114999999998,1120.3453999999983,1127.7291000000014,1135.5126000000014,1142.763,1148.6298999999983,1165.2138999999984,1170.2141000000013,1177.647299999997]",,38,"[145.487799999997,181.571799999997,200.94010000000148,255.609,287.22700000000003,341.06179999999705,353.8956000000015,373.314,390.2803999999985,411.0655,420.116299999997,433.41639999999853,446.5998999999985,465.9846000000015,477.784299999997,506.6192999999971,851.6506000000015,927.7371999999956,949.6381000000016,966.4885,992.0386999999956,1003.990299999997,1013.9072999999969,1034.6581000000015,1047.6918999999984,1078.193299999997,1084.242799999997,1092.8941000000013,1099.510799999997,1109.0606000000014,1121.328299999997,1128.462,1136.2288999999985,1143.5958999999984,1149.4293999999984,1165.73,1171.5635,1178.4641000000015]","[145.487799999997,181.571799999997,200.94010000000148,255.60910000000146,287.22700000000003,341.0618999999985,353.89569999999554,373.314,390.2805,411.0656000000015,420.116299999997,433.41639999999853,446.5998999999985,465.9846000000015,477.784299999997,506.6192999999971,851.6506000000015,927.7371999999956,949.6381000000016,966.4886000000016,992.0386999999956,1003.990299999997,1013.9072999999969,1034.6581999999955,1047.692,1078.193299999997,1084.2428999999984,1092.8941000000013,1099.510799999997,1109.0606000000014,1121.3283999999985,1128.4621000000016,1136.229,1143.596,1149.4293999999984,1165.73,1171.5636000000015,1178.4641000000015]",8,"[106.86869999999551,125.31910000000148,167.5043999999985,217.6898999999985,275.042299999997,319.1275,535.6197999999971,546.2536999999957]","[106.86879999999702,125.31910000000148,167.5045,217.6898999999985,275.042299999997,319.1275,535.6197999999971,546.2537999999971]","[""scam_button""]",9.925998264,0.8643,9.925998264,0.431,0.028298611,1.5809,,,,,,resources/images/scam13.png,scam,1,0.65,0,0,,,,,,,,,,,,,,,,,,,,,,,,,,,,,,,,,,,,,,,,,,0,21,21,16,1,,,,,,,,,,,,,,,,,,,,,,,,,,,,,,,,,,,,,,,,,,,,,,,,,,,,,,,,,,,,,,,,,,,,,,,
,,,,,,,,,,,,,,,,500315,001,2025-04-05_16h37.16.209,SLSI3,2022.2.5,MacIntel,63.69426752,,,,,,,,,,,47,"[105.8365,124.654,144.6716000000015,166.8558999999985,180.5063999999985,199.907,216.2076000000015,254.99349999999998,274.3603999999985,285.44429999999704,318.5288999999985,340.3453999999985,352.9458999999985,372.214299999997,389.315799999997,409.9326999999955,419.2331000000015,432.58369999999553,445.9508999999985,464.9348999999985,477.0855,504.98569999999563,534.0376999999955,544.3217999999971,849.867799999997,927.1041999999956,948.5216999999956,965.5556000000015,990.7560000000001,1003.3404999999999,1012.8076000000013,1033.6086999999955,1045.8256000000013,1076.7768999999982,1083.4598999999982,1092.0272999999968,1098.6936999999953,1107.0114999999998,1120.3453999999983,1127.7291000000014,1135.5126000000014,1142.7628999999984,1148.6298999999983,1165.2138999999984,1170.214,1177.6471999999953,1189.2481000000014]","[105.8365,124.654,144.6716000000015,166.856,180.5065,199.907,216.2076000000015,254.9936000000015,274.3603999999985,285.44429999999704,318.5288999999985,340.3453999999985,352.946,372.214299999997,389.3158999999985,409.93279999999703,419.2331000000015,432.58369999999553,445.9508999999985,464.935,477.0855,504.98569999999563,534.0377999999971,544.3217999999971,849.867799999997,927.1042999999971,948.5216999999956,965.5556999999956,990.7560000000001,1003.3406000000015,1012.8076000000013,1033.6086999999955,1045.8256999999953,1076.7769999999998,1083.4598999999982,1092.0272999999968,1098.6936999999953,1107.0114999999998,1120.3453999999983,1127.7291000000014,1135.5126000000014,1142.763,1148.6298999999983,1165.2138999999984,1170.2141000000013,1177.647299999997,1189.2481000000014]",,39,"[145.487799999997,181.571799999997,200.94010000000148,255.609,287.22700000000003,341.06179999999705,353.8956000000015,373.314,390.2803999999985,411.0655,420.116299999997,433.41639999999853,446.5998999999985,465.9846000000015,477.784299999997,506.6192999999971,851.6506000000015,927.7371999999956,949.6381000000016,966.4885,992.0386999999956,1003.990299999997,1013.9072999999969,1034.6581000000015,1047.6918999999984,1078.193299999997,1084.242799999997,1092.8941000000013,1099.510799999997,1109.0606000000014,1121.328299999997,1128.462,1136.2288999999985,1143.5958999999984,1149.4293999999984,1165.73,1171.5635,1178.4641000000015,1190.414299999997]","[145.487799999997,181.571799999997,200.94010000000148,255.60910000000146,287.22700000000003,341.0618999999985,353.89569999999554,373.314,390.2805,411.0656000000015,420.116299999997,433.41639999999853,446.5998999999985,465.9846000000015,477.784299999997,506.6192999999971,851.6506000000015,927.7371999999956,949.6381000000016,966.4886000000016,992.0386999999956,1003.990299999997,1013.9072999999969,1034.6581999999955,1047.692,1078.193299999997,1084.2428999999984,1092.8941000000013,1099.510799999997,1109.0606000000014,1121.3283999999985,1128.4621000000016,1136.229,1143.596,1149.4293999999984,1165.73,1171.5636000000015,1178.4641000000015,1190.4143999999985]",8,"[106.86869999999551,125.31910000000148,167.5043999999985,217.6898999999985,275.042299999997,319.1275,535.6197999999971,546.2536999999957]","[106.86879999999702,125.31910000000148,167.5045,217.6898999999985,275.042299999997,319.1275,535.6197999999971,546.2537999999971]","[""scam_button""]",9.98359375,0.6979,9.98359375,0.4301,0.301085069,1.2809,,,,,,resources/images/scam_11.png,scam,1,0.65,0,0,,,,,,,,,,,,,,,,,,,,,,,,,,,,,,,,,,,,,,,,,,0,22,22,19,1,,,,,,,,,,,,,,,,,,,,,,,,,,,,,,,,,,,,,,,,,,,,,,,,,,,,,,,,,,,,,,,,,,,,,,,
,,,,,,,,,,,,,,,,500315,001,2025-04-05_16h37.16.209,SLSI3,2022.2.5,MacIntel,63.69426752,,,,,,,,,,,48,"[105.8365,124.654,144.6716000000015,166.8558999999985,180.5063999999985,199.907,216.2076000000015,254.99349999999998,274.3603999999985,285.44429999999704,318.5288999999985,340.3453999999985,352.9458999999985,372.214299999997,389.315799999997,409.9326999999955,419.2331000000015,432.58369999999553,445.9508999999985,464.9348999999985,477.0855,504.98569999999563,534.0376999999955,544.3217999999971,849.867799999997,927.1041999999956,948.5216999999956,965.5556000000015,990.7560000000001,1003.3404999999999,1012.8076000000013,1033.6086999999955,1045.8256000000013,1076.7768999999982,1083.4598999999982,1092.0272999999968,1098.6936999999953,1107.0114999999998,1120.3453999999983,1127.7291000000014,1135.5126000000014,1142.7628999999984,1148.6298999999983,1165.2138999999984,1170.214,1177.6471999999953,1189.2481000000014,1195.6318999999983]","[105.8365,124.654,144.6716000000015,166.856,180.5065,199.907,216.2076000000015,254.9936000000015,274.3603999999985,285.44429999999704,318.5288999999985,340.3453999999985,352.946,372.214299999997,389.3158999999985,409.93279999999703,419.2331000000015,432.58369999999553,445.9508999999985,464.935,477.0855,504.98569999999563,534.0377999999971,544.3217999999971,849.867799999997,927.1042999999971,948.5216999999956,965.5556999999956,990.7560000000001,1003.3406000000015,1012.8076000000013,1033.6086999999955,1045.8256999999953,1076.7769999999998,1083.4598999999982,1092.0272999999968,1098.6936999999953,1107.0114999999998,1120.3453999999983,1127.7291000000014,1135.5126000000014,1142.763,1148.6298999999983,1165.2138999999984,1170.2141000000013,1177.647299999997,1189.2481000000014,1195.6318999999983]",,40,"[145.487799999997,181.571799999997,200.94010000000148,255.609,287.22700000000003,341.06179999999705,353.8956000000015,373.314,390.2803999999985,411.0655,420.116299999997,433.41639999999853,446.5998999999985,465.9846000000015,477.784299999997,506.6192999999971,851.6506000000015,927.7371999999956,949.6381000000016,966.4885,992.0386999999956,1003.990299999997,1013.9072999999969,1034.6581000000015,1047.6918999999984,1078.193299999997,1084.242799999997,1092.8941000000013,1099.510799999997,1109.0606000000014,1121.328299999997,1128.462,1136.2288999999985,1143.5958999999984,1149.4293999999984,1165.73,1171.5635,1178.4641000000015,1190.414299999997,1196.3646000000015]","[145.487799999997,181.571799999997,200.94010000000148,255.60910000000146,287.22700000000003,341.0618999999985,353.89569999999554,373.314,390.2805,411.0656000000015,420.116299999997,433.41639999999853,446.5998999999985,465.9846000000015,477.784299999997,506.6192999999971,851.6506000000015,927.7371999999956,949.6381000000016,966.4886000000016,992.0386999999956,1003.990299999997,1013.9072999999969,1034.6581999999955,1047.692,1078.193299999997,1084.2428999999984,1092.8941000000013,1099.510799999997,1109.0606000000014,1121.3283999999985,1128.4621000000016,1136.229,1143.596,1149.4293999999984,1165.73,1171.5636000000015,1178.4641000000015,1190.4143999999985,1196.3646000000015]",8,"[106.86869999999551,125.31910000000148,167.5043999999985,217.6898999999985,275.042299999997,319.1275,535.6197999999971,546.2536999999957]","[106.86879999999702,125.31910000000148,167.5045,217.6898999999985,275.042299999997,319.1275,535.6197999999971,546.2537999999971]","[""scam_button""]",9.938324653,0.8477,2.842491319,0.8307,0.059331597,0.666,,,,,,resources/images/legit6.png,legit,0.65,0.65,0,0,,,,,,,,,,,,,,,,,,,,,,,,,,,,,,,,,,,,,,,,,,0,23,23,13,1,,,,,,,,,,,,,,,,,,,,,,,,,,,,,,,,,,,,,,,,,,,,,,,,,,,,,,,,,,,,,,,,,,,,,,,
,,,,,,,,,,,,,,,,500315,001,2025-04-05_16h37.16.209,SLSI3,2022.2.5,MacIntel,63.69426752,,,,,,,,,,,,,,,,,,,,,,,,,,,,,,,,,,,,,,,,,,,,,,,,,,,,,,,,,,,,,,,,,,,,,,,,,,,,,,,,,,,,,space,3.0334,,,,,,,,,,,,,,,,,,,,,,,,,,,,,,,,,,,,,,,,,,,,,,,,,,,,,,,,,,,,,,,,,,,,,
,,,,,,,,,,,,,,,,500315,001,2025-04-05_16h37.16.209,SLSI3,2022.2.5,MacIntel,63.69426752,,,,,,,,,,,,,,,,,,,,,,,,,,,,,,,,,,,,,,,,,,,,,,,,,,,,,,,,,,,,,,,,,,,,,,,,,,,,,,,,,,,,,,,4,2.7009,...is inventive,0,0,0,2,1,...is inventive,,,,,,,,,,,,,,,,,,,,,,,,,,,,,,,,,,,,,,,,,,,,,,,,,,,,,,,,,,,,
,,,,,,,,,,,,,,,,500315,001,2025-04-05_16h37.16.209,SLSI3,2022.2.5,MacIntel,63.69426752,,,,,,,,,,,,,,,,,,,,,,,,,,,,,,,,,,,,,,,,,,,,,,,,,,,,,,,,,,,,,,,,,,,,,,,,,,,,,,,,,,,,,,,3,2.5122,...often feels sad,0,1,1,0,1,...often feels sad,,,,,,,,,,,,,,,,,,,,,,,,,,,,,,,,,,,,,,,,,,,,,,,,,,,,,,,,,,,,
,,,,,,,,,,,,,,,,500315,001,2025-04-05_16h37.16.209,SLSI3,2022.2.5,MacIntel,63.69426752,,,,,,,,,,,,,,,,,,,,,,,,,,,,,,,,,,,,,,,,,,,,,,,,,,,,,,,,,,,,,,,,,,,,,,,,,,,,,,,,,,,,,,,5,2.1309,"...is persistent, works until the task is finished",0,2,2,5,1,"...is persistent, works until the task is finished",,,,,,,,,,,,,,,,,,,,,,,,,,,,,,,,,,,,,,,,,,,,,,,,,,,,,,,,,,,,
,,,,,,,,,,,,,,,,500315,001,2025-04-05_16h37.16.209,SLSI3,2022.2.5,MacIntel,63.69426752,,,,,,,,,,,,,,,,,,,,,,,,,,,,,,,,,,,,,,,,,,,,,,,,,,,,,,,,,,,,,,,,,,,,,,,,,,,,,,,,,,,,,,,5,1.2292,"....is reliable, can always be counted on",0,3,3,4,1,"....is reliable, can always be counted on",,,,,,,,,,,,,,,,,,,,,,,,,,,,,,,,,,,,,,,,,,,,,,,,,,,,,,,,,,,,
,,,,,,,,,,,,,,,,500315,001,2025-04-05_16h37.16.209,SLSI3,2022.2.5,MacIntel,63.69426752,,,,,,,,,,,,,,,,,,,,,,,,,,,,,,,,,,,,,,,,,,,,,,,,,,,,,,,,,,,,,,,,,,,,,,,,,,,,,,,,,,,,,,,4,1.9635,...is talktative,0,4,4,1,1,...is talktative,,,,,,,,,,,,,,,,,,,,,,,,,,,,,,,,,,,,,,,,,,,,,,,,,,,,,,,,,,,,
,,,,,,,,,,,,,,,,500315,001,2025-04-05_16h37.16.209,SLSI3,2022.2.5,MacIntel,63.69426752,,,,,,,,,,,,,,,,,,,,,,,,,,,,,,,,,,,,,,,,,,,,,,,,,,,,,,,,,,,,,,,,,,,,,,,,,,,,,,,,,,,,,,,4,2.3127,...finds clever ways to do things,0,5,5,3,1,...finds clever ways to do things,,,,,,,,,,,,,,,,,,,,,,,,,,,,,,,,,,,,,,,,,,,,,,,,,,,,,,,,,,,,
,,,,,,,,,,,,,,,,500315,001,2025-04-05_16h37.16.209,SLSI3,2022.2.5,MacIntel,63.69426752,,,,,,,,,,,,,,,,,,,,,,,,,,,,,,,,,,,,,,,,,,,,,,,,,,,,,,,,,,,,,,,,,,,,,,,,,,,,,,,,,,,,,,,,,,,,,,,,space,9.796,,,,,,,,,,,,,,,,,,,,,,,,,,,,,,,,,,,,,,,,,,,,,,,,,,,,,,,,,,
,,,,,,,,,,,,,,,,500315,001,2025-04-05_16h37.16.209,SLSI3,2022.2.5,MacIntel,63.69426752,,,,,,,,,,,,,,,,,,,,,,,,,,,,,,,,,,,,,,,,,,,,,,,,,,,,,,,,,,,,,,,,,,,,,,,,,,,,,,,,,,,,,,,,,,,,,,,,,,3,4.8012,,0,0,0,8,1,I believe that society should be responsible for providing food and shelter for all homeless people.,,,,,,,,,,,,,,,,,,,,,,,,,,,,,,,,,,,,,,,,,,,,,,,,,
,,,,,,,,,,,,,,,,500315,001,2025-04-05_16h37.16.209,SLSI3,2022.2.5,MacIntel,63.69426752,,,,,,,,,,,,,,,,,,,,,,,,,,,,,,,,,,,,,,,,,,,,,,,,,,,,,,,,,,,,,,,,,,,,,,,,,,,,,,,,,,,,,,,,,,,,,,,,,,3,2.8451,,0,1,1,10,1,"If I were unable to have children of my own, I would like to adopt children.",,,,,,,,,,,,,,,,,,,,,,,,,,,,,,,,,,,,,,,,,,,,,,,,,
,,,,,,,,,,,,,,,,500315,001,2025-04-05_16h37.16.209,SLSI3,2022.2.5,MacIntel,63.69426752,,,,,,,,,,,,,,,,,,,,,,,,,,,,,,,,,,,,,,,,,,,,,,,,,,,,,,,,,,,,,,,,,,,,,,,,,,,,,,,,,,,,,,,,,,,,,,,,,,4,2.1173,,0,2,2,4,1,I volunteer to work for a charity.,,,,,,,,,,,,,,,,,,,,,,,,,,,,,,,,,,,,,,,,,,,,,,,,,
,,,,,,,,,,,,,,,,500315,001,2025-04-05_16h37.16.209,SLSI3,2022.2.5,MacIntel,63.69426752,,,,,,,,,,,,,,,,,,,,,,,,,,,,,,,,,,,,,,,,,,,,,,,,,,,,,,,,,,,,,,,,,,,,,,,,,,,,,,,,,,,,,,,,,,,,,,,,,,4,1.3547,,0,3,3,7,1,I think that I will be remembered for a long time after I die.,,,,,,,,,,,,,,,,,,,,,,,,,,,,,,,,,,,,,,,,,,,,,,,,,
,,,,,,,,,,,,,,,,500315,001,2025-04-05_16h37.16.209,SLSI3,2022.2.5,MacIntel,63.69426752,,,,,,,,,,,,,,,,,,,,,,,,,,,,,,,,,,,,,,,,,,,,,,,,,,,,,,,,,,,,,,,,,,,,,,,,,,,,,,,,,,,,,,,,,,,,,,,,,,4,1.1613,,0,4,4,11,1,I have important skills that I try to teach others.,,,,,,,,,,,,,,,,,,,,,,,,,,,,,,,,,,,,,,,,,,,,,,,,,
,,,,,,,,,,,,,,,,500315,001,2025-04-05_16h37.16.209,SLSI3,2022.2.5,MacIntel,63.69426752,,,,,,,,,,,,,,,,,,,,,,,,,,,,,,,,,,,,,,,,,,,,,,,,,,,,,,,,,,,,,,,,,,,,,,,,,,,,,,,,,,,,,,,,,,,,,,,,,,4,1.1617,,0,5,5,5,1,I have made and created things that have had an impact on other people.,,,,,,,,,,,,,,,,,,,,,,,,,,,,,,,,,,,,,,,,,,,,,,,,,
,,,,,,,,,,,,,,,,500315,001,2025-04-05_16h37.16.209,SLSI3,2022.2.5,MacIntel,63.69426752,,,,,,,,,,,,,,,,,,,,,,,,,,,,,,,,,,,,,,,,,,,,,,,,,,,,,,,,,,,,,,,,,,,,,,,,,,,,,,,,,,,,,,,,,,,,,,,,,,4,1.1781,,0,6,6,18,1,People come to me for advice.,,,,,,,,,,,,,,,,,,,,,,,,,,,,,,,,,,,,,,,,,,,,,,,,,
,,,,,,,,,,,,,,,,500315,001,2025-04-05_16h37.16.209,SLSI3,2022.2.5,MacIntel,63.69426752,,,,,,,,,,,,,,,,,,,,,,,,,,,,,,,,,,,,,,,,,,,,,,,,,,,,,,,,,,,,,,,,,,,,,,,,,,,,,,,,,,,,,,,,,,,,,,,,,,4,14.9347,,0,7,7,6,1,I try to be creative in most things that I do.,,,,,,,,,,,,,,,,,,,,,,,,,,,,,,,,,,,,,,,,,,,,,,,,,
,,,,,,,,,,,,,,,,500315,001,2025-04-05_16h37.16.209,SLSI3,2022.2.5,MacIntel,63.69426752,,,,,,,,,,,,,,,,,,,,,,,,,,,,,,,,,,,,,,,,,,,,,,,,,,,,,,,,,,,,,,,,,,,,,,,,,,,,,,,,,,,,,,,,,,,,,,,,,,4,1.9541,,0,8,8,0,1,Try to pass along the knowledge I have gained through my experiences.,,,,,,,,,,,,,,,,,,,,,,,,,,,,,,,,,,,,,,,,,,,,,,,,,
,,,,,,,,,,,,,,,,500315,001,2025-04-05_16h37.16.209,SLSI3,2022.2.5,MacIntel,63.69426752,,,,,,,,,,,,,,,,,,,,,,,,,,,,,,,,,,,,,,,,,,,,,,,,,,,,,,,,,,,,,,,,,,,,,,,,,,,,,,,,,,,,,,,,,,,,,,,,,,4,5.0356,,0,9,9,15,1,"I have made many commitments to many different kinds of people, groups, and activities in my life.",,,,,,,,,,,,,,,,,,,,,,,,,,,,,,,,,,,,,,,,,,,,,,,,,
,,,,,,,,,,,,,,,,500315,001,2025-04-05_16h37.16.209,SLSI3,2022.2.5,MacIntel,63.69426752,,,,,,,,,,,,,,,,,,,,,,,,,,,,,,,,,,,,,,,,,,,,,,,,,,,,,,,,,,,,,,,,,,,,,,,,,,,,,,,,,,,,,,,,,,,,,,,,,,4,1.0775,,0,10,10,13,1,"In general, my actions have a positive effect on other people.",,,,,,,,,,,,,,,,,,,,,,,,,,,,,,,,,,,,,,,,,,,,,,,,,
,,,,,,,,,,,,,,,,500315,001,2025-04-05_16h37.16.209,SLSI3,2022.2.5,MacIntel,63.69426752,,,,,,,,,,,,,,,,,,,,,,,,,,,,,,,,,,,,,,,,,,,,,,,,,,,,,,,,,,,,,,,,,,,,,,,,,,,,,,,,,,,,,,,,,,,,,,,,,,4,2.2957,,0,11,11,19,1,I feel as though my contributions will exist after I die.,,,,,,,,,,,,,,,,,,,,,,,,,,,,,,,,,,,,,,,,,,,,,,,,,
,,,,,,,,,,,,,,,,500315,001,2025-04-05_16h37.16.209,SLSI3,2022.2.5,MacIntel,63.69426752,,,,,,,,,,,,,,,,,,,,,,,,,,,,,,,,,,,,,,,,,,,,,,,,,,,,,,,,,,,,,,,,,,,,,,,,,,,,,,,,,,,,,,,,,,,,,,,,,,4,1.0288,,0,12,12,9,1,Others would say that I have made unique contributions to society.,,,,,,,,,,,,,,,,,,,,,,,,,,,,,,,,,,,,,,,,,,,,,,,,,
,,,,,,,,,,,,,,,,500315,001,2025-04-05_16h37.16.209,SLSI3,2022.2.5,MacIntel,63.69426752,,,,,,,,,,,,,,,,,,,,,,,,,,,,,,,,,,,,,,,,,,,,,,,,,,,,,,,,,,,,,,,,,,,,,,,,,,,,,,,,,,,,,,,,,,,,,,,,,,4,1.1277,,0,13,13,17,1,I have a responsibility to improve the neighborhood in which I live.,,,,,,,,,,,,,,,,,,,,,,,,,,,,,,,,,,,,,,,,,,,,,,,,,
,,,,,,,,,,,,,,,,500315,001,2025-04-05_16h37.16.209,SLSI3,2022.2.5,MacIntel,63.69426752,,,,,,,,,,,,,,,,,,,,,,,,,,,,,,,,,,,,,,,,,,,,,,,,,,,,,,,,,,,,,,,,,,,,,,,,,,,,,,,,,,,,,,,,,,,,,,,,,,4,1.2341,,0,14,14,14,1,I feel as though I have done a lot to contribute to others.,,,,,,,,,,,,,,,,,,,,,,,,,,,,,,,,,,,,,,,,,,,,,,,,,
,,,,,,,,,,,,,,,,500315,001,2025-04-05_16h37.16.209,SLSI3,2022.2.5,MacIntel,63.69426752,,,,,,,,,,,,,,,,,,,,,,,,,,,,,,,,,,,,,,,,,,,,,,,,,,,,,,,,,,,,,,,,,,,,,,,,,,,,,,,,,,,,,,,,,,,,,,,,,,4,1.2282,,0,15,15,3,1,I feel as though I have made a difference to many people.,,,,,,,,,,,,,,,,,,,,,,,,,,,,,,,,,,,,,,,,,,,,,,,,,
,,,,,,,,,,,,,,,,500315,001,2025-04-05_16h37.16.209,SLSI3,2022.2.5,MacIntel,63.69426752,,,,,,,,,,,,,,,,,,,,,,,,,,,,,,,,,,,,,,,,,,,,,,,,,,,,,,,,,,,,,,,,,,,,,,,,,,,,,,,,,,,,,,,,,,,,,,,,,,4,1.2168,,0,16,16,1,1,I feel that other people need me.,,,,,,,,,,,,,,,,,,,,,,,,,,,,,,,,,,,,,,,,,,,,,,,,,
,,,,,,,,,,,,,,,,500315,001,2025-04-05_16h37.16.209,SLSI3,2022.2.5,MacIntel,63.69426752,,,,,,,,,,,,,,,,,,,,,,,,,,,,,,,,,,,,,,,,,,,,,,,,,,,,,,,,,,,,,,,,,,,,,,,,,,,,,,,,,,,,,,,,,,,,,,,,,,3,2.3263,,0,17,17,2,1,I think I would like the work of a teacher.,,,,,,,,,,,,,,,,,,,,,,,,,,,,,,,,,,,,,,,,,,,,,,,,,
,,,,,,,,,,,,,,,,500315,001,2025-04-05_16h37.16.209,SLSI3,2022.2.5,MacIntel,63.69426752,,,,,,,,,,,,,,,,,,,,,,,,,,,,,,,,,,,,,,,,,,,,,,,,,,,,,,,,,,,,,,,,,,,,,,,,,,,,,,,,,,,,,,,,,,,,,,,,,,4,1.1834,,0,18,18,16,1,Other people say that I am a very productive person.,,,,,,,,,,,,,,,,,,,,,,,,,,,,,,,,,,,,,,,,,,,,,,,,,
,,,,,,,,,,,,,,,,500315,001,2025-04-05_16h37.16.209,SLSI3,2022.2.5,MacIntel,63.69426752,,,,,,,,,,,,,,,,,,,,,,,,,,,,,,,,,,,,,,,,,,,,,,,,,,,,,,,,,,,,,,,,,,,,,,,,,,,,,,,,,,,,,,,,,,,,,,,,,,4,3.0453,,0,19,19,12,1,I feel that things I have done in my life will survive after I die.,,,,,,,,,,,,,,,,,,,,,,,,,,,,,,,,,,,,,,,,,,,,,,,,,
,,,,,,,,,,,,,,,,500315,001,2025-04-05_16h37.16.209,SLSI3,2022.2.5,MacIntel,63.69426752,,,,,,,,,,,,,,,,,,,,,,,,,,,,,,,,,,,,,,,,,,,,,,,,,,,,,,,,,,,,,,,,,,,,,,,,,,,,,,,,,,,,,,,,,,,,,,,,,,,,,,,,,,,space,1.8249,,,,,,,,,,,,,,,,,,,,,,,,,,,,,,,,,,,,,,,,,,,,,,,
,,,,,,,,,,,,,,,,500315,001,2025-04-05_16h37.16.209,SLSI3,2022.2.5,MacIntel,63.69426752,,,,,,,,,,,,,,,,,,,,,,,,,,,,,,,,,,,,,,,,,,,,,,,,,,,,,,,,,,,,,,,,,,,,,,,,,,,,,,,,,,,,,,,,,,,,,,,,,,,,,,,,,,There is no one I can turn to,,,1,2.8833,,0,0,0,2,1,,,,,,,,,,,,,,,,,,,,,,,,,,,,,,,,,,,,,,,
,,,,,,,,,,,,,,,,500315,001,2025-04-05_16h37.16.209,SLSI3,2022.2.5,MacIntel,63.69426752,,,,,,,,,,,,,,,,,,,,,,,,,,,,,,,,,,,,,,,,,,,,,,,,,,,,,,,,,,,,,,,,,,,,,,,,,,,,,,,,,,,,,,,,,,,,,,,,,,,,,,,,,,I have a lot in common with the people around me,,,3,3.0208,,0,1,1,5,1,,,,,,,,,,,,,,,,,,,,,,,,,,,,,,,,,,,,,,,
,,,,,,,,,,,,,,,,500315,001,2025-04-05_16h37.16.209,SLSI3,2022.2.5,MacIntel,63.69426752,,,,,,,,,,,,,,,,,,,,,,,,,,,,,,,,,,,,,,,,,,,,,,,,,,,,,,,,,,,,,,,,,,,,,,,,,,,,,,,,,,,,,,,,,,,,,,,,,,,,,,,,,,I can find companionship when I want it,,,3,1.8782,,0,2,2,14,1,,,,,,,,,,,,,,,,,,,,,,,,,,,,,,,,,,,,,,,
,,,,,,,,,,,,,,,,500315,001,2025-04-05_16h37.16.209,SLSI3,2022.2.5,MacIntel,63.69426752,,,,,,,,,,,,,,,,,,,,,,,,,,,,,,,,,,,,,,,,,,,,,,,,,,,,,,,,,,,,,,,,,,,,,,,,,,,,,,,,,,,,,,,,,,,,,,,,,,,,,,,,,,My social relationships are superficial,,,2,2.4851,,0,3,3,11,1,,,,,,,,,,,,,,,,,,,,,,,,,,,,,,,,,,,,,,,
,,,,,,,,,,,,,,,,500315,001,2025-04-05_16h37.16.209,SLSI3,2022.2.5,MacIntel,63.69426752,,,,,,,,,,,,,,,,,,,,,,,,,,,,,,,,,,,,,,,,,,,,,,,,,,,,,,,,,,,,,,,,,,,,,,,,,,,,,,,,,,,,,,,,,,,,,,,,,,,,,,,,,,I am no longer close to anyone,,,2,3.2455,,0,4,4,6,1,,,,,,,,,,,,,,,,,,,,,,,,,,,,,,,,,,,,,,,
,,,,,,,,,,,,,,,,500315,001,2025-04-05_16h37.16.209,SLSI3,2022.2.5,MacIntel,63.69426752,,,,,,,,,,,,,,,,,,,,,,,,,,,,,,,,,,,,,,,,,,,,,,,,,,,,,,,,,,,,,,,,,,,,,,,,,,,,,,,,,,,,,,,,,,,,,,,,,,,,,,,,,,I feel isolated from others,,,2,2.0965,,0,5,5,13,1,,,,,,,,,,,,,,,,,,,,,,,,,,,,,,,,,,,,,,,
,,,,,,,,,,,,,,,,500315,001,2025-04-05_16h37.16.209,SLSI3,2022.2.5,MacIntel,63.69426752,,,,,,,,,,,,,,,,,,,,,,,,,,,,,,,,,,,,,,,,,,,,,,,,,,,,,,,,,,,,,,,,,,,,,,,,,,,,,,,,,,,,,,,,,,,,,,,,,,,,,,,,,,There are people I can turn to,,,4,2.2047,,0,6,6,19,1,,,,,,,,,,,,,,,,,,,,,,,,,,,,,,,,,,,,,,,
,,,,,,,,,,,,,,,,500315,001,2025-04-05_16h37.16.209,SLSI3,2022.2.5,MacIntel,63.69426752,,,,,,,,,,,,,,,,,,,,,,,,,,,,,,,,,,,,,,,,,,,,,,,,,,,,,,,,,,,,,,,,,,,,,,,,,,,,,,,,,,,,,,,,,,,,,,,,,,,,,,,,,,There are people who really understand me,,,4,0.8682,,0,7,7,15,1,,,,,,,,,,,,,,,,,,,,,,,,,,,,,,,,,,,,,,,
,,,,,,,,,,,,,,,,500315,001,2025-04-05_16h37.16.209,SLSI3,2022.2.5,MacIntel,63.69426752,,,,,,,,,,,,,,,,,,,,,,,,,,,,,,,,,,,,,,,,,,,,,,,,,,,,,,,,,,,,,,,,,,,,,,,,,,,,,,,,,,,,,,,,,,,,,,,,,,,,,,,,,,No one really knows me well,,,2,7.5052,,0,8,8,12,1,,,,,,,,,,,,,,,,,,,,,,,,,,,,,,,,,,,,,,,
,,,,,,,,,,,,,,,,500315,001,2025-04-05_16h37.16.209,SLSI3,2022.2.5,MacIntel,63.69426752,,,,,,,,,,,,,,,,,,,,,,,,,,,,,,,,,,,,,,,,,,,,,,,,,,,,,,,,,,,,,,,,,,,,,,,,,,,,,,,,,,,,,,,,,,,,,,,,,,,,,,,,,,My interests and ideas are not shared by those around me,,,2,1.7871,,0,9,9,7,1,,,,,,,,,,,,,,,,,,,,,,,,,,,,,,,,,,,,,,,
,,,,,,,,,,,,,,,,500315,001,2025-04-05_16h37.16.209,SLSI3,2022.2.5,MacIntel,63.69426752,,,,,,,,,,,,,,,,,,,,,,,,,,,,,,,,,,,,,,,,,,,,,,,,,,,,,,,,,,,,,,,,,,,,,,,,,,,,,,,,,,,,,,,,,,,,,,,,,,,,,,,,,,I am an outgoing person,,,3,1.4169,,0,10,10,8,1,,,,,,,,,,,,,,,,,,,,,,,,,,,,,,,,,,,,,,,
,,,,,,,,,,,,,,,,500315,001,2025-04-05_16h37.16.209,SLSI3,2022.2.5,MacIntel,63.69426752,,,,,,,,,,,,,,,,,,,,,,,,,,,,,,,,,,,,,,,,,,,,,,,,,,,,,,,,,,,,,,,,,,,,,,,,,,,,,,,,,,,,,,,,,,,,,,,,,,,,,,,,,,I feel in tune with the people around me,,,4,2.6285,,0,11,11,0,1,,,,,,,,,,,,,,,,,,,,,,,,,,,,,,,,,,,,,,,
,,,,,,,,,,,,,,,,500315,001,2025-04-05_16h37.16.209,SLSI3,2022.2.5,MacIntel,63.69426752,,,,,,,,,,,,,,,,,,,,,,,,,,,,,,,,,,,,,,,,,,,,,,,,,,,,,,,,,,,,,,,,,,,,,,,,,,,,,,,,,,,,,,,,,,,,,,,,,,,,,,,,,,I lack companionship,,,2,2.5104,,0,12,12,1,1,,,,,,,,,,,,,,,,,,,,,,,,,,,,,,,,,,,,,,,
,,,,,,,,,,,,,,,,500315,001,2025-04-05_16h37.16.209,SLSI3,2022.2.5,MacIntel,63.69426752,,,,,,,,,,,,,,,,,,,,,,,,,,,,,,,,,,,,,,,,,,,,,,,,,,,,,,,,,,,,,,,,,,,,,,,,,,,,,,,,,,,,,,,,,,,,,,,,,,,,,,,,,,I do not feel alone,,,1,1.4342,,0,13,13,3,1,,,,,,,,,,,,,,,,,,,,,,,,,,,,,,,,,,,,,,,
,,,,,,,,,,,,,,,,500315,001,2025-04-05_16h37.16.209,SLSI3,2022.2.5,MacIntel,63.69426752,,,,,,,,,,,,,,,,,,,,,,,,,,,,,,,,,,,,,,,,,,,,,,,,,,,,,,,,,,,,,,,,,,,,,,,,,,,,,,,,,,,,,,,,,,,,,,,,,,,,,,,,,,I am unhappy being so withdrawn ,,,1,3.8674,,0,14,14,16,1,,,,,,,,,,,,,,,,,,,,,,,,,,,,,,,,,,,,,,,
,,,,,,,,,,,,,,,,500315,001,2025-04-05_16h37.16.209,SLSI3,2022.2.5,MacIntel,63.69426752,,,,,,,,,,,,,,,,,,,,,,,,,,,,,,,,,,,,,,,,,,,,,,,,,,,,,,,,,,,,,,,,,,,,,,,,,,,,,,,,,,,,,,,,,,,,,,,,,,,,,,,,,,There are people I feel close to,,,4,8.7182,,0,15,15,9,1,,,,,,,,,,,,,,,,,,,,,,,,,,,,,,,,,,,,,,,
,,,,,,,,,,,,,,,,500315,001,2025-04-05_16h37.16.209,SLSI3,2022.2.5,MacIntel,63.69426752,,,,,,,,,,,,,,,,,,,,,,,,,,,,,,,,,,,,,,,,,,,,,,,,,,,,,,,,,,,,,,,,,,,,,,,,,,,,,,,,,,,,,,,,,,,,,,,,,,,,,,,,,,People are around me but not with me,,,2,2.0864,,0,16,16,17,1,,,,,,,,,,,,,,,,,,,,,,,,,,,,,,,,,,,,,,,
,,,,,,,,,,,,,,,,500315,001,2025-04-05_16h37.16.209,SLSI3,2022.2.5,MacIntel,63.69426752,,,,,,,,,,,,,,,,,,,,,,,,,,,,,,,,,,,,,,,,,,,,,,,,,,,,,,,,,,,,,,,,,,,,,,,,,,,,,,,,,,,,,,,,,,,,,,,,,,,,,,,,,,I feel part of a group of friends,,,3,4.5344,,0,17,17,4,1,,,,,,,,,,,,,,,,,,,,,,,,,,,,,,,,,,,,,,,
,,,,,,,,,,,,,,,,500315,001,2025-04-05_16h37.16.209,SLSI3,2022.2.5,MacIntel,63.69426752,,,,,,,,,,,,,,,,,,,,,,,,,,,,,,,,,,,,,,,,,,,,,,,,,,,,,,,,,,,,,,,,,,,,,,,,,,,,,,,,,,,,,,,,,,,,,,,,,,,,,,,,,,I feel left out,,,3,1.2619,,0,18,18,10,1,,,,,,,,,,,,,,,,,,,,,,,,,,,,,,,,,,,,,,,
,,,,,,,,,,,,,,,,500315,001,2025-04-05_16h37.16.209,SLSI3,2022.2.5,MacIntel,63.69426752,,,,,,,,,,,,,,,,,,,,,,,,,,,,,,,,,,,,,,,,,,,,,,,,,,,,,,,,,,,,,,,,,,,,,,,,,,,,,,,,,,,,,,,,,,,,,,,,,,,,,,,,,,There are people I can talk to,,,4,1.3782,,0,19,19,18,1,,,,,,,,,,,,,,,,,,,,,,,,,,,,,,,,,,,,,,,
,,,,,,,,,,,,,,,,500315,001,2025-04-05_16h37.16.209,SLSI3,2022.2.5,MacIntel,63.69426752,,,,,,,,,,,,,,,,,,,,,,,,,,,,,,,,,,,,,,,,,,,,,,,,,,,,,,,,,,,,,,,,,,,,,,,,,,,,,,,,,,,,,,,,,,,,,,,,,,,,,,,,,,,,,,,,,,,,,space,1.078,,,,,,,,,,,,,,,,,,,,,,,,,,,,,,,,,,,,,
,,,,,,,,,,,,,,,,500315,001,2025-04-05_16h37.16.209,SLSI3,2022.2.5,MacIntel,63.69426752,,,,,,,,,,,,,,,,,,,,,,,,,,,,,,,,,,,,,,,,,,,,,,,,,,,,,,,,,,,,,,,,,,,,,,,,,,,,,,,,,,,,,,,,,,,,,,,,,,,,,,,,,,,,,,,,,,,,,,,4,7.3572,I find it difficult to control my worries about developing Alzheimer’s disease and related dementias.,0,0,0,1,1,I find it difficult to control my worries about developing Alzheimer’s disease and related dementias.,,,,,,,,,,,,,,,,,,,,,,,,,,,,
,,,,,,,,,,,,,,,,500315,001,2025-04-05_16h37.16.209,SLSI3,2022.2.5,MacIntel,63.69426752,,,,,,,,,,,,,,,,,,,,,,,,,,,,,,,,,,,,,,,,,,,,,,,,,,,,,,,,,,,,,,,,,,,,,,,,,,,,,,,,,,,,,,,,,,,,,,,,,,,,,,,,,,,,,,,,,,,,,,,3,2.7635,"When I forget a word that I want to say, my thoughts immediately turn to Alzheimer’s disease and related dementias.",0,1,1,10,1,"When I forget a word that I want to say, my thoughts immediately turn to Alzheimer’s disease and related dementias.",,,,,,,,,,,,,,,,,,,,,,,,,,,,
,,,,,,,,,,,,,,,,500315,001,2025-04-05_16h37.16.209,SLSI3,2022.2.5,MacIntel,63.69426752,,,,,,,,,,,,,,,,,,,,,,,,,,,,,,,,,,,,,,,,,,,,,,,,,,,,,,,,,,,,,,,,,,,,,,,,,,,,,,,,,,,,,,,,,,,,,,,,,,,,,,,,,,,,,,,,,,,,,,,4,4.6966,I think I probably worry more about Alzheimer’s disease and related dementias than other people my same age.,0,2,2,11,1,I think I probably worry more about Alzheimer’s disease and related dementias than other people my same age.,,,,,,,,,,,,,,,,,,,,,,,,,,,,
,,,,,,,,,,,,,,,,500315,001,2025-04-05_16h37.16.209,SLSI3,2022.2.5,MacIntel,63.69426752,,,,,,,,,,,,,,,,,,,,,,,,,,,,,,,,,,,,,,,,,,,,,,,,,,,,,,,,,,,,,,,,,,,,,,,,,,,,,,,,,,,,,,,,,,,,,,,,,,,,,,,,,,,,,,,,,,,,,,,2,6.3478,"Even though I know it doesn’t help to focus on it, I can’t help thinking about whether or not I have Alzheimer’s disease or a related dementia.",0,3,3,7,1,"Even though I know it doesn’t help to focus on it, I can’t help thinking about whether or not I have Alzheimer’s disease or a related dementia.",,,,,,,,,,,,,,,,,,,,,,,,,,,,
,,,,,,,,,,,,,,,,500315,001,2025-04-05_16h37.16.209,SLSI3,2022.2.5,MacIntel,63.69426752,,,,,,,,,,,,,,,,,,,,,,,,,,,,,,,,,,,,,,,,,,,,,,,,,,,,,,,,,,,,,,,,,,,,,,,,,,,,,,,,,,,,,,,,,,,,,,,,,,,,,,,,,,,,,,,,,,,,,,,1,2.1624,My worries about Alzheimer’s disease and related dementias overwhelm me.,0,4,4,3,1,My worries about Alzheimer’s disease and related dementias overwhelm me.,,,,,,,,,,,,,,,,,,,,,,,,,,,,
,,,,,,,,,,,,,,,,500315,001,2025-04-05_16h37.16.209,SLSI3,2022.2.5,MacIntel,63.69426752,,,,,,,,,,,,,,,,,,,,,,,,,,,,,,,,,,,,,,,,,,,,,,,,,,,,,,,,,,,,,,,,,,,,,,,,,,,,,,,,,,,,,,,,,,,,,,,,,,,,,,,,,,,,,,,,,,,,,,,4,6.1318,"	When I hear about someone having Alzheimer’s disease or a related dementia, I start to worry about having it myself.",0,5,5,5,1,"	When I hear about someone having Alzheimer’s disease or a related dementia, I start to worry about having it myself.",,,,,,,,,,,,,,,,,,,,,,,,,,,,
,,,,,,,,,,,,,,,,500315,001,2025-04-05_16h37.16.209,SLSI3,2022.2.5,MacIntel,63.69426752,,,,,,,,,,,,,,,,,,,,,,,,,,,,,,,,,,,,,,,,,,,,,,,,,,,,,,,,,,,,,,,,,,,,,,,,,,,,,,,,,,,,,,,,,,,,,,,,,,,,,,,,,,,,,,,,,,,,,,,1,3.9112,"Sometimes when trying to go to sleep, I find my thoughts drift to my concerns about having Alzheimer’s disease or a related dementia.",0,6,6,9,1,"Sometimes when trying to go to sleep, I find my thoughts drift to my concerns about having Alzheimer’s disease or a related dementia.",,,,,,,,,,,,,,,,,,,,,,,,,,,,
,,,,,,,,,,,,,,,,500315,001,2025-04-05_16h37.16.209,SLSI3,2022.2.5,MacIntel,63.69426752,,,,,,,,,,,,,,,,,,,,,,,,,,,,,,,,,,,,,,,,,,,,,,,,,,,,,,,,,,,,,,,,,,,,,,,,,,,,,,,,,,,,,,,,,,,,,,,,,,,,,,,,,,,,,,,,,,,,,,,3,3.7957,"When I am not distracted, I find my thoughts focusing on my own cognitive changes and concerns.",0,7,7,6,1,"When I am not distracted, I find my thoughts focusing on my own cognitive changes and concerns.",,,,,,,,,,,,,,,,,,,,,,,,,,,,
,,,,,,,,,,,,,,,,500315,001,2025-04-05_16h37.16.209,SLSI3,2022.2.5,MacIntel,63.69426752,,,,,,,,,,,,,,,,,,,,,,,,,,,,,,,,,,,,,,,,,,,,,,,,,,,,,,,,,,,,,,,,,,,,,,,,,,,,,,,,,,,,,,,,,,,,,,,,,,,,,,,,,,,,,,,,,,,,,,,2,5.7135,"I know I shouldn’t worry about developing Alzheimer’s disease and related dementias, but I just cannot help it.",0,8,8,0,1,"I know I shouldn’t worry about developing Alzheimer’s disease and related dementias, but I just cannot help it.",,,,,,,,,,,,,,,,,,,,,,,,,,,,
,,,,,,,,,,,,,,,,500315,001,2025-04-05_16h37.16.209,SLSI3,2022.2.5,MacIntel,63.69426752,,,,,,,,,,,,,,,,,,,,,,,,,,,,,,,,,,,,,,,,,,,,,,,,,,,,,,,,,,,,,,,,,,,,,,,,,,,,,,,,,,,,,,,,,,,,,,,,,,,,,,,,,,,,,,,,,,,,,,,2,2.6499,"When I can’t remember something, I find myself wondering whether I have Alzheimer’s disease or a related dementia.",0,9,9,2,1,"When I can’t remember something, I find myself wondering whether I have Alzheimer’s disease or a related dementia.",,,,,,,,,,,,,,,,,,,,,,,,,,,,
,,,,,,,,,,,,,,,,500315,001,2025-04-05_16h37.16.209,SLSI3,2022.2.5,MacIntel,63.69426752,,,,,,,,,,,,,,,,,,,,,,,,,,,,,,,,,,,,,,,,,,,,,,,,,,,,,,,,,,,,,,,,,,,,,,,,,,,,,,,,,,,,,,,,,,,,,,,,,,,,,,,,,,,,,,,,,,,,,,,1,4.9624,"Once I start worrying about Alzheimer’s disease and related dementias, I just cannot stop.",0,10,10,8,1,"Once I start worrying about Alzheimer’s disease and related dementias, I just cannot stop.",,,,,,,,,,,,,,,,,,,,,,,,,,,,
,,,,,,,,,,,,,,,,500315,001,2025-04-05_16h37.16.209,SLSI3,2022.2.5,MacIntel,63.69426752,,,,,,,,,,,,,,,,,,,,,,,,,,,,,,,,,,,,,,,,,,,,,,,,,,,,,,,,,,,,,,,,,,,,,,,,,,,,,,,,,,,,,,,,,,,,,,,,,,,,,,,,,,,,,,,,,,,,,,,1,3.0137,"More often than not, I find my thoughts returning to concerns that I have Alzheimer’s disease or a related dementia.",0,11,11,4,1,"More often than not, I find my thoughts returning to concerns that I have Alzheimer’s disease or a related dementia.",,,,,,,,,,,,,,,,,,,,,,,,,,,,
,,,,,,,,,,,,,,,,500315,001,2025-04-05_16h37.16.209,SLSI3,2022.2.5,MacIntel,63.69426752,,,,,,,,,,,,,,,,,,,,,,,,,,,,,,,,,,,,,,,,,,,,,,,,,,,,,,,,,,,,,,,,,,,,,,,,,,,,,,,,,,,,,,,,,,,,,,,,,,,,,,,,,,,,,,,,,,,,,,,,,,,,,,,,space,1.0765,,,,,,,,,,,,,,,,,,,,,,,,,,
,,,,,,,,,,,,,,,,500315,001,2025-04-05_16h37.16.209,SLSI3,2022.2.5,MacIntel,63.69426752,,,,,,,,,,,,,,,,,,,,,,,,,,,,,,,,,,,,,,,,,,,,,,,,,,,,,,,,,,,,,,,,,,,,,,,,,,,,,,,,,,,,,,,,,,,,,,,,,,,,,,,,,,,,,,,,,,,,,,,,,,,,,,,,,,1,5.1744,"I answer the phone whenever it rings, even if I do not know who is calling",0,0,0,0,1,"I answer the phone whenever it rings, even if I do not know who is calling",,,,,,,,,,,,,,,,,
,,,,,,,,,,,,,,,,500315,001,2025-04-05_16h37.16.209,SLSI3,2022.2.5,MacIntel,63.69426752,,,,,,,,,,,,,,,,,,,,,,,,,,,,,,,,,,,,,,,,,,,,,,,,,,,,,,,,,,,,,,,,,,,,,,,,,,,,,,,,,,,,,,,,,,,,,,,,,,,,,,,,,,,,,,,,,,,,,,,,,,,,,,,,,,3,4.0967,"If something sounds too good to be true, it usually is",0,1,1,2,1,"If something sounds too good to be true, it usually is",,,,,,,,,,,,,,,,,
,,,,,,,,,,,,,,,,500315,001,2025-04-05_16h37.16.209,SLSI3,2022.2.5,MacIntel,63.69426752,,,,,,,,,,,,,,,,,,,,,,,,,,,,,,,,,,,,,,,,,,,,,,,,,,,,,,,,,,,,,,,,,,,,,,,,,,,,,,,,,,,,,,,,,,,,,,,,,,,,,,,,,,,,,,,,,,,,,,,,,,,,,,,,,,4,3.8307,"I have difficulty ending a phone call, even if the caller is a telemarketer, someone I do not know, or someone I do not wish to call me",0,2,2,1,1,"I have difficulty ending a phone call, even if the caller is a telemarketer, someone I do not know, or someone I do not wish to call me",,,,,,,,,,,,,,,,,
,,,,,,,,,,,,,,,,500315,001,2025-04-05_16h37.16.209,SLSI3,2022.2.5,MacIntel,63.69426752,,,,,,,,,,,,,,,,,,,,,,,,,,,,,,,,,,,,,,,,,,,,,,,,,,,,,,,,,,,,,,,,,,,,,,,,,,,,,,,,,,,,,,,,,,,,,,,,,,,,,,,,,,,,,,,,,,,,,,,,,,,,,,,,,,1,2.8978,"If a telemarketer calls me, I usually listen to what they have to say",0,3,3,4,1,"If a telemarketer calls me, I usually listen to what they have to say",,,,,,,,,,,,,,,,,
,,,,,,,,,,,,,,,,500315,001,2025-04-05_16h37.16.209,SLSI3,2022.2.5,MacIntel,63.69426752,,,,,,,,,,,,,,,,,,,,,,,,,,,,,,,,,,,,,,,,,,,,,,,,,,,,,,,,,,,,,,,,,,,,,,,,,,,,,,,,,,,,,,,,,,,,,,,,,,,,,,,,,,,,,,,,,,,,,,,,,,,,,,,,,,4,2.7463,Persons over the age of 65 are often targeted by con-artists,0,4,4,3,1,Persons over the age of 65 are often targeted by con-artists,,,,,,,,,,,,,,,,,
,,,,,,,,,,,,,,,,500315,001,2025-04-05_16h37.16.209,SLSI3,2022.2.5,MacIntel,63.69426752,,,,,,,,,,,,,,,,,,,,,,,,,,,,,,,,,,,,,,,,,,,,,,,,,,,,,,,,,,,,,,,,,,,,,,,,,,,,,,,,,,,,,,,,,,,,,,,,,,,,,,,,,,,,,,,,,,,,,,,,,,,,,,,,,,,,,,,,,,,2.018723958,1.814,,,,,,,,,,,,,,,
,,,,,,,,,,,,,,,,500315,001,2025-04-05_16h37.16.209,SLSI3,2022.2.5,MacIntel,63.69426752,,,,,,,,,,,,,,,,,,,,,,,,,,,,,,,,,,,,,,,,,,,,,,,,,,,,,,,,,,,,,,,,,,,,,,,,,,,,,,,,,,,,,,,,,,,,,,,,,,,,,,,,,,,,,,,,,,,,,,,,,,,,,,,,,,,,,,,,,,,,,,,,,,,,,,,,,,,
,,,,,,,,,,,,,,,,500315,001,2025-04-05_16h37.16.209,SLSI3,2022.2.5,MacIntel,63.69426752,,,,,,,,,,,,,,,,,,,,,,,,,,,,,,,,,,,,,,,,,,,,,,,,,,,,,,,,,,,,,,,,,,,,,,,,,,,,,,,,,,,,,,,,,,,,,,,,,,,,,,,,,,,,,,,,,,,,,,,,,,,,,,,,,,,,,,,,,,,,,"[""female_option""]",,,,,,,,,,,,,,
,,,,,,,,,,,,,,,,500315,001,2025-04-05_16h37.16.209,SLSI3,2022.2.5,MacIntel,63.69426752,,,,,,,,,,,,,,,,,,,,,,,,,,,,,,,,,,,,,,,,,,,,,,,,,,,,,,,,,,,,,,,,,,,,,,,,,,,,,,,,,,,,,,,,,,,,,,,,,,,,,,,,,,,,,,,,,,,,,,,,,,,,,,,,,,,,,,,,,,,,,,,,,,,,,,,,,,,
,,,,,,,,,,,,,,,,500315,001,2025-04-05_16h37.16.209,SLSI3,2022.2.5,MacIntel,63.69426752,,,,,,,,,,,,,,,,,,,,,,,,,,,,,,,,,,,,,,,,,,,,,,,,,,,,,,,,,,,,,,,,,,,,,,,,,,,,,,,,,,,,,,,,,,,,,,,,,,,,,,,,,,,,,,,,,,,,,,,,,,,,,,,,,,,,,,,,,,,,,,22,10/19/2002,,,,,,,,,,,,
,,,,,,,,,,,,,,,,500315,001,2025-04-05_16h37.16.209,SLSI3,2022.2.5,MacIntel,63.69426752,,,,,,,,,,,,,,,,,,,,,,,,,,,,,,,,,,,,,,,,,,,,,,,,,,,,,,,,,,,,,,,,,,,,,,,,,,,,,,,,,,,,,,,,,,,,,,,,,,,,,,,,,,,,,,,,,,,,,,,,,,,,,,,,,,,,,,,,,,,,,,,,,,,,,,,,,,,
,,,,,,,,,,,,,,,,500315,001,2025-04-05_16h37.16.209,SLSI3,2022.2.5,MacIntel,63.69426752,,,,,,,,,,,,,,,,,,,,,,,,,,,,,,,,,,,,,,,,,,,,,,,,,,,,,,,,,,,,,,,,,,,,,,,,,,,,,,,,,,,,,,,,,,,,,,,,,,,,,,,,,,,,,,,,,,,,,,,,,,,,,,,,,,,,,,,,,,,,,,,,"[""EduOpt3""]",,,,,,,,,,,
,,,,,,,,,,,,,,,,500315,001,2025-04-05_16h37.16.209,SLSI3,2022.2.5,MacIntel,63.69426752,,,,,,,,,,,,,,,,,,,,,,,,,,,,,,,,,,,,,,,,,,,,,,,,,,,,,,,,,,,,,,,,,,,,,,,,,,,,,,,,,,,,,,,,,,,,,,,,,,,,,,,,,,,,,,,,,,,,,,,,,,,,,,,,,,,,,,,,,,,,,,,,,,,,,,,,,,,
,,,,,,,,,,,,,,,,500315,001,2025-04-05_16h37.16.209,SLSI3,2022.2.5,MacIntel,63.69426752,,,,,,,,,,,,,,,,,,,,,,,,,,,,,,,,,,,,,,,,,,,,,,,,,,,,,,,,,,,,,,,,,,,,,,,,,,,,,,,,,,,,,,,,,,,,,,,,,,,,,,,,,,,,,,,,,,,,,,,,,,,,,,,,,,,,,,,,,,,,,,,,,"[""EthnOpt2""]",,,,,,,,,,
,,,,,,,,,,,,,,,,500315,001,2025-04-05_16h37.16.209,SLSI3,2022.2.5,MacIntel,63.69426752,,,,,,,,,,,,,,,,,,,,,,,,,,,,,,,,,,,,,,,,,,,,,,,,,,,,,,,,,,,,,,,,,,,,,,,,,,,,,,,,,,,,,,,,,,,,,,,,,,,,,,,,,,,,,,,,,,,,,,,,,,,,,,,,,,,,,,,,,,,,,,,,,,,,,,,,,,,
,,,,,,,,,,,,,,,,500315,001,2025-04-05_16h37.16.209,SLSI3,2022.2.5,MacIntel,63.69426752,,,,,,,,,,,,,,,,,,,,,,,,,,,,,,,,,,,,,,,,,,,,,,,,,,,,,,,,,,,,,,,,,,,,,,,,,,,,,,,,,,,,,,,,,,,,,,,,,,,,,,,,,,,,,,,,,,,,,,,,,,,,,,,,,,,,,,,,,,,,,,,,,,"[""EngFlncyY""]",,,,,,,,,
,,,,,,,,,,,,,,,,500315,001,2025-04-05_16h37.16.209,SLSI3,2022.2.5,MacIntel,63.69426752,,,,,,,,,,,,,,,,,,,,,,,,,,,,,,,,,,,,,,,,,,,,,,,,,,,,,,,,,,,,,,,,,,,,,,,,,,,,,,,,,,,,,,,,,,,,,,,,,,,,,,,,,,,,,,,,,,,,,,,,,,,,,,,,,,,,,,,,,,,,,,,,,,,,,,,,,,,
,,,,,,,,,,,,,,,,500315,001,2025-04-05_16h37.16.209,SLSI3,2022.2.5,MacIntel,63.69426752,,,,,,,,,,,,,,,,,,,,,,,,,,,,,,,,,,,,,,,,,,,,,,,,,,,,,,,,,,,,,,,,,,,,,,,,,,,,,,,,,,,,,,,,,,,,,,,,,,,,,,,,,,,,,,,,,,,,,,,,,,,,,,,,,,,,,,,,,,,,,,,,,,,0,United States,,,,,,,
,,,,,,,,,,,,,,,,500315,001,2025-04-05_16h37.16.209,SLSI3,2022.2.5,MacIntel,63.69426752,,,,,,,,,,,,,,,,,,,,,,,,,,,,,,,,,,,,,,,,,,,,,,,,,,,,,,,,,,,,,,,,,,,,,,,,,,,,,,,,,,,,,,,,,,,,,,,,,,,,,,,,,,,,,,,,,,,,,,,,,,,,,,,,,,,,,,,,,,,,,,,,,,,,,,,,,,,
,,,,,,,,,,,,,,,,500315,001,2025-04-05_16h37.16.209,SLSI3,2022.2.5,MacIntel,63.69426752,,,,,,,,,,,,,,,,,,,,,,,,,,,,,,,,,,,,,,,,,,,,,,,,,,,,,,,,,,,,,,,,,,,,,,,,,,,,,,,,,,,,,,,,,,,,,,,,,,,,,,,,,,,,,,,,,,,,,,,,,,,,,,,,,,,,,,,,,,,,,,,,,,,,,D,,,,,,
,,,,,,,,,,,,,,,,500315,001,2025-04-05_16h37.16.209,SLSI3,2022.2.5,MacIntel,63.69426752,,,,,,,,,,,,,,,,,,,,,,,,,,,,,,,,,,,,,,,,,,,,,,,,,,,,,,,,,,,,,,,,,,,,,,,,,,,,,,,,,,,,,,,,,,,,,,,,,,,,,,,,,,,,,,,,,,,,,,,,,,,,,,,,,,,,,,,,,,,,,,,,,,,,,,,,,,,
,,,,,,,,,,,,,,,,500315,001,2025-04-05_16h37.16.209,SLSI3,2022.2.5,MacIntel,63.69426752,,,,,,,,,,,,,,,,,,,,,,,,,,,,,,,,,,,,,,,,,,,,,,,,,,,,,,,,,,,,,,,,,,,,,,,,,,,,,,,,,,,,,,,,,,,,,,,,,,,,,,,,,,,,,,,,,,,,,,,,,,,,,,,,,,,,,,,,,,,,,,,,,,,,,,No,,,,,
,,,,,,,,,,,,,,,,500315,001,2025-04-05_16h37.16.209,SLSI3,2022.2.5,MacIntel,63.69426752,,,,,,,,,,,,,,,,,,,,,,,,,,,,,,,,,,,,,,,,,,,,,,,,,,,,,,,,,,,,,,,,,,,,,,,,,,,,,,,,,,,,,,,,,,,,,,,,,,,,,,,,,,,,,,,,,,,,,,,,,,,,,,,,,,,,,,,,,,,,,,,,,,,,,,,,,,,
,,,,,,,,,,,,,,,,500315,001,2025-04-05_16h37.16.209,SLSI3,2022.2.5,MacIntel,63.69426752,,,,,,,,,,,,,,,,,,,,,,,,,,,,,,,,,,,,,,,,,,,,,,,,,,,,,,,,,,,,,,,,,,,,,,,,,,,,,,,,,,,,,,,,,,,,,,,,,,,,,,,,,,,,,,,,,,,,,,,,,,,,,,,,,,,,,,,,,,,,,,,,,,,,,,,No,,,,
,,,,,,,,,,,,,,,,500315,001,2025-04-05_16h37.16.209,SLSI3,2022.2.5,MacIntel,63.69426752,,,,,,,,,,,,,,,,,,,,,,,,,,,,,,,,,,,,,,,,,,,,,,,,,,,,,,,,,,,,,,,,,,,,,,,,,,,,,,,,,,,,,,,,,,,,,,,,,,,,,,,,,,,,,,,,,,,,,,,,,,,,,,,,,,,,,,,,,,,,,,,,,,,,,,,,,,,
,,,,,,,,,,,,,,,,500315,001,2025-04-05_16h37.16.209,SLSI3,2022.2.5,MacIntel,63.69426752,,,,,,,,,,,,,,,,,,,,,,,,,,,,,,,,,,,,,,,,,,,,,,,,,,,,,,,,,,,,,,,,,,,,,,,,,,,,,,,,,,,,,,,,,,,,,,,,,,,,,,,,,,,,,,,,,,,,,,,,,,,,,,,,,,,,,,,,,,,,,,,,,,,,,,,,"[""Q4option1""]",,,
,,,,,,,,,,,,,,,,500315,001,2025-04-05_16h37.16.209,SLSI3,2022.2.5,MacIntel,63.69426752,,,,,,,,,,,,,,,,,,,,,,,,,,,,,,,,,,,,,,,,,,,,,,,,,,,,,,,,,,,,,,,,,,,,,,,,,,,,,,,,,,,,,,,,,,,,,,,,,,,,,,,,,,,,,,,,,,,,,,,,,,,,,,,,,,,,,,,,,,,,,,,,,,,,,,,,,,,
,,,,,,,,,,,,,,,,500315,001,2025-04-05_16h37.16.209,SLSI3,2022.2.5,MacIntel,63.69426752,,,,,,,,,,,,,,,,,,,,,,,,,,,,,,,,,,,,,,,,,,,,,,,,,,,,,,,,,,,,,,,,,,,,,,,,,,,,,,,,,,,,,,,,,,,,,,,,,,,,,,,,,,,,,,,,,,,,,,,,,,,,,,,,,,,,,,,,,,,,,,,,,,,,,,,,,1,[1500.296900000006],[1500.2969999999998]
