bruinID.text,button.numClicks,button.timesOn,button.timesOff,mouseLogIn.x,mouseLogIn.y,mouseLogIn.leftButton,mouseLogIn.midButton,mouseLogIn.rightButton,mouseLogIn.time,mouseLogIn.clicked_name,repeat.thisRepN,repeat.thisTrialN,repeat.thisN,repeat.thisIndex,repeat.ran,participant,session,date,expName,psychopyVersion,OS,frameRate,key_resp_6.keys,key_resp_6.rt,key_resp_5.keys,key_resp_5.rt,subjage_slider.response,subjage_slider.rt,confidence_scale.response,confidence_scale.rt,key_resp_7.keys,key_resp_7.rt,button_2.numClicks,button_2.timesOn,button_2.timesOff,email_type,scam_button.numClicks,scam_button.timesOn,scam_button.timesOff,legit_button.numClicks,legit_button.timesOn,legit_button.timesOff,button_selections_1,confidence_scale_email.response,confidence_scale_email.rt,personal_rel_scale.response,personal_rel_scale.rt,curiosity_scale.response,curiosity_scale.rt,email_loop.thisRepN,email_loop.thisTrialN,email_loop.thisN,email_loop.thisIndex,email_loop.ran,emails,type,xsize,ysize,xpos,ypos,key_resp_11.keys,key_resp_11.rt,key_resp_9.keys,key_resp_9.rt,key_resp_10.keys,key_resp_10.rt,textbox.text,next_button.numClicks,next_button.timesOn,next_button.timesOff,key_resp_8.keys,key_resp_8.rt,mouse.x,mouse.y,mouse.leftButton,mouse.midButton,mouse.rightButton,mouse.time,key_resp_12.keys,key_resp_12.rt,button_3.numClicks,button_3.timesOn,button_3.timesOff,mouse_2.x,mouse_2.y,mouse_2.leftButton,mouse_2.midButton,mouse_2.rightButton,mouse_2.time,button_4.numClicks,button_4.timesOn,button_4.timesOff,mouse_3.x,mouse_3.y,mouse_3.leftButton,mouse_3.midButton,mouse_3.rightButton,mouse_3.time,button_5.numClicks,button_5.timesOn,button_5.timesOff,email_loops2.thisRepN,email_loops2.thisTrialN,email_loops2.thisN,email_loops2.thisIndex,email_loops2.ran,key_resp_3.keys,key_resp_3.rt,slider1_2.response,slider1_2.rt,trust_question,loop_GT.thisRepN,loop_GT.thisTrialN,loop_GT.thisN,loop_GT.thisIndex,loop_GT.ran,Phrases,instructionresp_2.keys,instructionresp_2.rt,key_resp_13.keys,key_resp_13.rt,gen_question,loop_G.thisRepN,loop_G.thisTrialN,loop_G.thisN,loop_G.thisIndex,loop_G.ran,Questions,instructionresp.keys,instructionresp.rt,key_resp_2.keys,key_resp_2.rt,lonely_question,loop_LS.thisRepN,loop_LS.thisTrialN,loop_LS.thisN,loop_LS.thisIndex,loop_LS.ran,key_resp_4.keys,key_resp_4.rt,rating.response,rating.rt,dementia_question,loop_dm.thisRepN,loop_dm.thisTrialN,loop_dm.thisN,loop_dm.thisIndex,loop_dm.ran,Items,key_resp.keys,key_resp.rt,slider1.response,slider1.rt,ss_question,loop_SS.thisRepN,loop_SS.thisTrialN,loop_SS.thisN,loop_SS.thisIndex,loop_SS.ran,Statements,slider.response,slider.rt,Gender,textboxAge.text,textboxBirthday.text,Education Level,Ethnicity,English Fluency,textboxAge_2.text,textboxCountry.text,FQ1textbox.text,textboxQuestion2.text,textboxQuestion3.text,FQ4 selection,Finish.numClicks,Finish.timesOn,Finish.timesOff
405701659,1,[19.559899999856945],[19.559999999999995],0.284917309,-0.099276441,1,0,0,19.4279,button,0,0,0,0,1,614601,001,2025-04-01_18h02.42.061,SLSI3,2022.2.5,Win32,59.88023952,,,,,,,,,,,,,,,,,,,,,,,,,,,,,,,,,,,,,,,,,,,,,,,,,,,,,,,,,,,,,,,,,,,,,,,,,,,,,,,,,,,,,,,,,,,,,,,,,,,,,,,,,,,,,,,,,,,,,,,,,,,,,,,,,,,,,,,,,,,,,,,,,,,,,,,,,,,
,,,,,,,,,,,,,,,,614601,001,2025-04-01_18h02.42.061,SLSI3,2022.2.5,Win32,59.88023952,space,5.3902,,,,,,,,,,,,,,,,,,,,,,,,,,,,,,,,,,,,,,,,,,,,,,,,,,,,,,,,,,,,,,,,,,,,,,,,,,,,,,,,,,,,,,,,,,,,,,,,,,,,,,,,,,,,,,,,,,,,,,,,,,,,,,,,,,,,,,,,,,,,,,,,,,,,,,,,,
,,,,,,,,,,,,,,,,614601,001,2025-04-01_18h02.42.061,SLSI3,2022.2.5,Win32,59.88023952,,,space,11.8214,,,,,,,,,,,,,,,,,,,,,,,,,,,,,,,,,,,,,,,,,,,,,,,,,,,,,,,,,,,,,,,,,,,,,,,,,,,,,,,,,,,,,,,,,,,,,,,,,,,,,,,,,,,,,,,,,,,,,,,,,,,,,,,,,,,,,,,,,,,,,,,,,,,,,,,
,,,,,,,,,,,,,,,,614601,001,2025-04-01_18h02.42.061,SLSI3,2022.2.5,Win32,59.88023952,,,,,19.04330227,12.5683,,,,,,,,,,,,,,,,,,,,,,,,,,,,,,,,,,,,,,,,,,,,,,,,,,,,,,,,,,,,,,,,,,,,,,,,,,,,,,,,,,,,,,,,,,,,,,,,,,,,,,,,,,,,,,,,,,,,,,,,,,,,,,,,,,,,,,,,,,,,,,,,,,,,,
,,,,,,,,,,,,,,,,614601,001,2025-04-01_18h02.42.061,SLSI3,2022.2.5,Win32,59.88023952,,,,,,,7.977039095,7.2146,,,,,,,,,,,,,,,,,,,,,,,,,,,,,,,,,,,,,,,,,,,,,,,,,,,,,,,,,,,,,,,,,,,,,,,,,,,,,,,,,,,,,,,,,,,,,,,,,,,,,,,,,,,,,,,,,,,,,,,,,,,,,,,,,,,,,,,,,,,,,,,,,,,
,,,,,,,,,,,,,,,,614601,001,2025-04-01_18h02.42.061,SLSI3,2022.2.5,Win32,59.88023952,,,,,,,,,space,4.1078,,,,,,,,,,,,,,,,,,,,,,,,,,,,,,,,,,,,,,,,,,,,,,,,,,,,,,,,,,,,,,,,,,,,,,,,,,,,,,,,,,,,,,,,,,,,,,,,,,,,,,,,,,,,,,,,,,,,,,,,,,,,,,,,,,,,,,,,,,,,,,,,,
,,,,,,,,,,,,,,,,614601,001,2025-04-01_18h02.42.061,SLSI3,2022.2.5,Win32,59.88023952,,,,,,,,,,,1,[113.24509999990464],[113.24509999990464],,0,[],[],1,[114.75689999985696],[114.75689999985696],"[""legit_button""]",7.977039095,2.9234,2.985719253,139.645,2.995782469,3.9695,0,0,0,20,1,resources/images/scam_30.png,scam,1.45,0.6,0,0,,,,,,,,,,,,,,,,,,,,,,,,,,,,,,,,,,,,,,,,,,,,,,,,,,,,,,,,,,,,,,,,,,,,,,,,,,,,,,,,,,,,,,,,,,,,,,,,,,,,,,,,,,,,,,,,,,,,,
,,,,,,,,,,,,,,,,614601,001,2025-04-01_18h02.42.061,SLSI3,2022.2.5,Win32,59.88023952,,,,,,,,,,,2,"[113.24509999990464,305.6347999999523]","[113.24509999990464,305.63489999985694]",,0,[],[],2,"[114.75689999985696,306.666]","[114.75689999985696,306.6660999999046]","[""legit_button""]",9.033667156,2.0917,6.98078793,3.5575,5.92415747,2.3672,0,1,1,23,1,resources/images/scam_22.png,scam,1,0.65,0,0,,,,,,,,,,,,,,,,,,,,,,,,,,,,,,,,,,,,,,,,,,,,,,,,,,,,,,,,,,,,,,,,,,,,,,,,,,,,,,,,,,,,,,,,,,,,,,,,,,,,,,,,,,,,,,,,,,,,,
,,,,,,,,,,,,,,,,614601,001,2025-04-01_18h02.42.061,SLSI3,2022.2.5,Win32,59.88023952,,,,,,,,,,,3,"[113.24509999990464,305.6347999999523,327.1186999998093]","[113.24509999990464,305.63489999985694,327.11879999995233]",,0,[],[],3,"[114.75689999985696,306.666,327.99969999980925]","[114.75689999985696,306.6660999999046,327.9997999999523]","[""legit_button""]",8.983353476,1.1359,4.93796952,3.899,1.908962761,1.4471,0,2,2,3,1,resources/images/legit_20.png,legit,0.9,0.8,0,0,,,,,,,,,,,,,,,,,,,,,,,,,,,,,,,,,,,,,,,,,,,,,,,,,,,,,,,,,,,,,,,,,,,,,,,,,,,,,,,,,,,,,,,,,,,,,,,,,,,,,,,,,,,,,,,,,,,,,
,,,,,,,,,,,,,,,,614601,001,2025-04-01_18h02.42.061,SLSI3,2022.2.5,Win32,59.88023952,,,,,,,,,,,4,"[113.24509999990464,305.6347999999523,327.1186999998093,367.3022999999523]","[113.24509999990464,305.63489999985694,327.11879999995233,367.30239999985696]",,1,[368.0515],[368.051600000143],3,"[114.75689999985696,306.666,327.99969999980925]","[114.75689999985696,306.6660999999046,327.9997999999523]","[""scam_button""]",6.024788828,2.9185,0.993216523,2.1001,0.993216523,0.6473,0,3,3,0,1,resources/images/scam8.jpg,scam,0.65,0.65,0,0,,,,,,,,,,,,,,,,,,,,,,,,,,,,,,,,,,,,,,,,,,,,,,,,,,,,,,,,,,,,,,,,,,,,,,,,,,,,,,,,,,,,,,,,,,,,,,,,,,,,,,,,,,,,,,,,,,,,,
,,,,,,,,,,,,,,,,614601,001,2025-04-01_18h02.42.061,SLSI3,2022.2.5,Win32,59.88023952,,,,,,,,,,,5,"[113.24509999990464,305.6347999999523,327.1186999998093,367.3022999999523,388.65639999985694]","[113.24509999990464,305.63489999985694,327.11879999995233,367.30239999985696,388.65639999985694]",,1,[368.0515],[368.051600000143],4,"[114.75689999985696,306.666,327.99969999980925,389.68699999999995]","[114.75689999985696,306.6660999999046,327.9997999999523,389.68699999999995]","[""legit_button""]",6.950598282,3.0947,1.033468986,2.0521,1.033468986,0.6179,0,4,4,18,1,resources/images/scam_20.png,scam,1.45,0.6,0,0,,,,,,,,,,,,,,,,,,,,,,,,,,,,,,,,,,,,,,,,,,,,,,,,,,,,,,,,,,,,,,,,,,,,,,,,,,,,,,,,,,,,,,,,,,,,,,,,,,,,,,,,,,,,,,,,,,,,,
,,,,,,,,,,,,,,,,614601,001,2025-04-01_18h02.42.061,SLSI3,2022.2.5,Win32,59.88023952,,,,,,,,,,,6,"[113.24509999990464,305.6347999999523,327.1186999998093,367.3022999999523,388.65639999985694,429.2366999998093]","[113.24509999990464,305.63489999985694,327.11879999995233,367.30239999985696,388.65639999985694,429.2366999998093]",,1,[368.0515],[368.051600000143],5,"[114.75689999985696,306.666,327.99969999980925,389.68699999999995,431.3858999998569]","[114.75689999985696,306.6660999999046,327.9997999999523,389.68699999999995,431.3858999998569]","[""legit_button""]",4.887654241,3.0709,0.791953406,4.1419,0.882521949,2.933,0,5,5,5,1,resources/images/legit12.jpg,legit,1,0.65,0,0,,,,,,,,,,,,,,,,,,,,,,,,,,,,,,,,,,,,,,,,,,,,,,,,,,,,,,,,,,,,,,,,,,,,,,,,,,,,,,,,,,,,,,,,,,,,,,,,,,,,,,,,,,,,,,,,,,,,,
,,,,,,,,,,,,,,,,614601,001,2025-04-01_18h02.42.061,SLSI3,2022.2.5,Win32,59.88023952,,,,,,,,,,,7,"[113.24509999990464,305.6347999999523,327.1186999998093,367.3022999999523,388.65639999985694,429.2366999998093,464.2707999999523]","[113.24509999990464,305.63489999985694,327.11879999995233,367.30239999985696,388.65639999985694,429.2366999998093,464.2707999999523]",,1,[368.0515],[368.051600000143],6,"[114.75689999985696,306.666,327.99969999980925,389.68699999999995,431.3858999998569,465.10369999980924]","[114.75689999985696,306.6660999999046,327.9997999999523,389.68699999999995,431.3858999998569,465.1037999999523]","[""legit_button""]",8.148112164,1.4904,6.044915259,2.3923,3.770644486,1.7204,0,6,6,7,1,resources/images/legit_21.png,legit,0.8,0.8,0,0,,,,,,,,,,,,,,,,,,,,,,,,,,,,,,,,,,,,,,,,,,,,,,,,,,,,,,,,,,,,,,,,,,,,,,,,,,,,,,,,,,,,,,,,,,,,,,,,,,,,,,,,,,,,,,,,,,,,,
,,,,,,,,,,,,,,,,614601,001,2025-04-01_18h02.42.061,SLSI3,2022.2.5,Win32,59.88023952,,,,,,,,,,,8,"[113.24509999990464,305.6347999999523,327.1186999998093,367.3022999999523,388.65639999985694,429.2366999998093,464.2707999999523,482.6735999999047]","[113.24509999990464,305.63489999985694,327.11879999995233,367.30239999985696,388.65639999985694,429.2366999998093,464.2707999999523,482.6736999998093]",,1,[368.0515],[368.051600000143],7,"[114.75689999985696,306.666,327.99969999980925,389.68699999999995,431.3858999998569,465.10369999980924,483.6907999999524]","[114.75689999985696,306.6660999999046,327.9997999999523,389.68699999999995,431.3858999998569,465.1037999999523,483.6907999999524]","[""legit_button""]",7.785838795,1.7308,2.140414725,2.2636,2.140414725,0.5823,0,7,7,9,1,resources/images/legit_22.png,legit,1,0.78,0,0,,,,,,,,,,,,,,,,,,,,,,,,,,,,,,,,,,,,,,,,,,,,,,,,,,,,,,,,,,,,,,,,,,,,,,,,,,,,,,,,,,,,,,,,,,,,,,,,,,,,,,,,,,,,,,,,,,,,,
,,,,,,,,,,,,,,,,614601,001,2025-04-01_18h02.42.061,SLSI3,2022.2.5,Win32,59.88023952,,,,,,,,,,,9,"[113.24509999990464,305.6347999999523,327.1186999998093,367.3022999999523,388.65639999985694,429.2366999998093,464.2707999999523,482.6735999999047,503.2755000000001]","[113.24509999990464,305.63489999985694,327.11879999995233,367.30239999985696,388.65639999985694,429.2366999998093,464.2707999999523,482.6736999998093,503.2755000000001]",,1,[368.0515],[368.051600000143],8,"[114.75689999985696,306.666,327.99969999980925,389.68699999999995,431.3858999998569,465.10369999980924,483.6907999999524,504.0560999999047]","[114.75689999985696,306.6660999999046,327.9997999999523,389.68699999999995,431.3858999998569,465.1037999999523,483.6907999999524,504.0561999998093]","[""legit_button""]",5.934220685,1.6266,2.94546719,1.3155,1.516500145,0.9552,0,8,8,14,1,resources/images/scam18.png,scam,1,0.65,0,0,,,,,,,,,,,,,,,,,,,,,,,,,,,,,,,,,,,,,,,,,,,,,,,,,,,,,,,,,,,,,,,,,,,,,,,,,,,,,,,,,,,,,,,,,,,,,,,,,,,,,,,,,,,,,,,,,,,,,
,,,,,,,,,,,,,,,,614601,001,2025-04-01_18h02.42.061,SLSI3,2022.2.5,Win32,59.88023952,,,,,,,,,,,10,"[113.24509999990464,305.6347999999523,327.1186999998093,367.3022999999523,388.65639999985694,429.2366999998093,464.2707999999523,482.6735999999047,503.2755000000001,514.4380000000001]","[113.24509999990464,305.63489999985694,327.11879999995233,367.30239999985696,388.65639999985694,429.2366999998093,464.2707999999523,482.6736999998093,503.2755000000001,514.4380000000001]",,1,[368.0515],[368.051600000143],9,"[114.75689999985696,306.666,327.99969999980925,389.68699999999995,431.3858999998569,465.10369999980924,483.6907999999524,504.0560999999047,515.1055000000001]","[114.75689999985696,306.6660999999046,327.9997999999523,389.68699999999995,431.3858999998569,465.1037999999523,483.6907999999524,504.0561999998093,515.1055000000001]","[""legit_button""]",7.141797783,0.9379,6.940535066,1.2015,3.488876044,1.0492,0,9,9,13,1,resources/images/legit15.jpg,legit,0.95,0.65,0,0,,,,,,,,,,,,,,,,,,,,,,,,,,,,,,,,,,,,,,,,,,,,,,,,,,,,,,,,,,,,,,,,,,,,,,,,,,,,,,,,,,,,,,,,,,,,,,,,,,,,,,,,,,,,,,,,,,,,,
,,,,,,,,,,,,,,,,614601,001,2025-04-01_18h02.42.061,SLSI3,2022.2.5,Win32,59.88023952,,,,,,,,,,,11,"[113.24509999990464,305.6347999999523,327.1186999998093,367.3022999999523,388.65639999985694,429.2366999998093,464.2707999999523,482.6735999999047,503.2755000000001,514.4380000000001,526.9545999999046]","[113.24509999990464,305.63489999985694,327.11879999995233,367.30239999985696,388.65639999985694,429.2366999998093,464.2707999999523,482.6736999998093,503.2755000000001,514.4380000000001,526.9546999998093]",,1,[368.0515],[368.051600000143],10,"[114.75689999985696,306.666,327.99969999980925,389.68699999999995,431.3858999998569,465.10369999980924,483.6907999999524,504.0560999999047,515.1055000000001,527.6720999999047]","[114.75689999985696,306.6660999999046,327.9997999999523,389.68699999999995,431.3858999998569,465.1037999999523,483.6907999999524,504.0561999998093,515.1055000000001,527.6720999999047]","[""legit_button""]",7.322934867,0.8344,4.475064793,1.3545,2.39199432,0.6815,0,10,10,2,1,resources/images/legit11.jpg,legit,0.65,0.65,0,0,,,,,,,,,,,,,,,,,,,,,,,,,,,,,,,,,,,,,,,,,,,,,,,,,,,,,,,,,,,,,,,,,,,,,,,,,,,,,,,,,,,,,,,,,,,,,,,,,,,,,,,,,,,,,,,,,,,,,
,,,,,,,,,,,,,,,,614601,001,2025-04-01_18h02.42.061,SLSI3,2022.2.5,Win32,59.88023952,,,,,,,,,,,12,"[113.24509999990464,305.6347999999523,327.1186999998093,367.3022999999523,388.65639999985694,429.2366999998093,464.2707999999523,482.6735999999047,503.2755000000001,514.4380000000001,526.9545999999046,540.005899999857]","[113.24509999990464,305.63489999985694,327.11879999995233,367.30239999985696,388.65639999985694,429.2366999998093,464.2707999999523,482.6736999998093,503.2755000000001,514.4380000000001,526.9546999998093,540.0061999998093]",,2,"[368.0515,541.0208000001908]","[368.051600000143,541.0208000001908]",10,"[114.75689999985696,306.666,327.99969999980925,389.68699999999995,431.3858999998569,465.10369999980924,483.6907999999524,504.0560999999047,515.1055000000001,527.6720999999047]","[114.75689999985696,306.6660999999046,327.9997999999523,389.68699999999995,431.3858999998569,465.1037999999523,483.6907999999524,504.0561999998093,515.1055000000001,527.6720999999047]","[""scam_button""]",6.880155772,1.4083,3.800834134,0.6839,1.929088793,0.6753,0,11,11,21,1,resources/images/scam_23.png,scam,1,0.8,0,0,,,,,,,,,,,,,,,,,,,,,,,,,,,,,,,,,,,,,,,,,,,,,,,,,,,,,,,,,,,,,,,,,,,,,,,,,,,,,,,,,,,,,,,,,,,,,,,,,,,,,,,,,,,,,,,,,,,,,
,,,,,,,,,,,,,,,,614601,001,2025-04-01_18h02.42.061,SLSI3,2022.2.5,Win32,59.88023952,,,,,,,,,,,13,"[113.24509999990464,305.6347999999523,327.1186999998093,367.3022999999523,388.65639999985694,429.2366999998093,464.2707999999523,482.6735999999047,503.2755000000001,514.4380000000001,526.9545999999046,540.005899999857,552.555399999857]","[113.24509999990464,305.63489999985694,327.11879999995233,367.30239999985696,388.65639999985694,429.2366999998093,464.2707999999523,482.6736999998093,503.2755000000001,514.4380000000001,526.9546999998093,540.0061999998093,552.555399999857]",,2,"[368.0515,541.0208000001908]","[368.051600000143,541.0208000001908]",11,"[114.75689999985696,306.666,327.99969999980925,389.68699999999995,431.3858999998569,465.10369999980924,483.6907999999524,504.0560999999047,515.1055000000001,527.6720999999047,553.3041999998094]","[114.75689999985696,306.6660999999046,327.9997999999523,389.68699999999995,431.3858999998569,465.1037999999523,483.6907999999524,504.0561999998093,515.1055000000001,527.6720999999047,553.3041999998094]","[""legit_button""]",8.681459402,1.8396,2.20079402,1.3158,2.20079402,0.4916,0,12,12,15,1,resources/images/legit16.jpg,legit,0.65,0.65,0,0,,,,,,,,,,,,,,,,,,,,,,,,,,,,,,,,,,,,,,,,,,,,,,,,,,,,,,,,,,,,,,,,,,,,,,,,,,,,,,,,,,,,,,,,,,,,,,,,,,,,,,,,,,,,,,,,,,,,,
,,,,,,,,,,,,,,,,614601,001,2025-04-01_18h02.42.061,SLSI3,2022.2.5,Win32,59.88023952,,,,,,,,,,,14,"[113.24509999990464,305.6347999999523,327.1186999998093,367.3022999999523,388.65639999985694,429.2366999998093,464.2707999999523,482.6735999999047,503.2755000000001,514.4380000000001,526.9545999999046,540.005899999857,552.555399999857,561.492399999857]","[113.24509999990464,305.63489999985694,327.11879999995233,367.30239999985696,388.65639999985694,429.2366999998093,464.2707999999523,482.6736999998093,503.2755000000001,514.4380000000001,526.9546999998093,540.0061999998093,552.555399999857,561.492399999857]",,2,"[368.0515,541.0208000001908]","[368.051600000143,541.0208000001908]",12,"[114.75689999985696,306.666,327.99969999980925,389.68699999999995,431.3858999998569,465.10369999980924,483.6907999999524,504.0560999999047,515.1055000000001,527.6720999999047,553.3041999998094,562.2040999999048]","[114.75689999985696,306.6660999999046,327.9997999999523,389.68699999999995,431.3858999998569,465.1037999999523,483.6907999999524,504.0561999998093,515.1055000000001,527.6720999999047,553.3041999998094,562.2041999998094]","[""legit_button""]",8.953164628,1.2292,7.775776379,2.1526,3.277550112,2.1266,0,13,13,16,1,resources/images/legit_30.png,legit,1,0.85,0,0,,,,,,,,,,,,,,,,,,,,,,,,,,,,,,,,,,,,,,,,,,,,,,,,,,,,,,,,,,,,,,,,,,,,,,,,,,,,,,,,,,,,,,,,,,,,,,,,,,,,,,,,,,,,,,,,,,,,,
,,,,,,,,,,,,,,,,614601,001,2025-04-01_18h02.42.061,SLSI3,2022.2.5,Win32,59.88023952,,,,,,,,,,,15,"[113.24509999990464,305.6347999999523,327.1186999998093,367.3022999999523,388.65639999985694,429.2366999998093,464.2707999999523,482.6735999999047,503.2755000000001,514.4380000000001,526.9545999999046,540.005899999857,552.555399999857,561.492399999857,573.993]","[113.24509999990464,305.63489999985694,327.11879999995233,367.30239999985696,388.65639999985694,429.2366999998093,464.2707999999523,482.6736999998093,503.2755000000001,514.4380000000001,526.9546999998093,540.0061999998093,552.555399999857,561.492399999857,573.993]",,2,"[368.0515,541.0208000001908]","[368.051600000143,541.0208000001908]",13,"[114.75689999985696,306.666,327.99969999980925,389.68699999999995,431.3858999998569,465.10369999980924,483.6907999999524,504.0560999999047,515.1055000000001,527.6720999999047,553.3041999998094,562.2040999999048,574.8041999998094]","[114.75689999985696,306.6660999999046,327.9997999999523,389.68699999999995,431.3858999998569,465.1037999999523,483.6907999999524,504.0561999998093,515.1055000000001,527.6720999999047,553.3041999998094,562.2041999998094,574.8041999998094]","[""legit_button""]",8.369501312,1.2907,2.864961463,2.1277,0.973090091,0.7944,0,14,14,4,1,resources/images/legit_19.png,legit,0.65,0.65,0,0,,,,,,,,,,,,,,,,,,,,,,,,,,,,,,,,,,,,,,,,,,,,,,,,,,,,,,,,,,,,,,,,,,,,,,,,,,,,,,,,,,,,,,,,,,,,,,,,,,,,,,,,,,,,,,,,,,,,,
,,,,,,,,,,,,,,,,614601,001,2025-04-01_18h02.42.061,SLSI3,2022.2.5,Win32,59.88023952,,,,,,,,,,,16,"[113.24509999990464,305.6347999999523,327.1186999998093,367.3022999999523,388.65639999985694,429.2366999998093,464.2707999999523,482.6735999999047,503.2755000000001,514.4380000000001,526.9545999999046,540.005899999857,552.555399999857,561.492399999857,573.993,588.2390999999047]","[113.24509999990464,305.63489999985694,327.11879999995233,367.30239999985696,388.65639999985694,429.2366999998093,464.2707999999523,482.6736999998093,503.2755000000001,514.4380000000001,526.9546999998093,540.0061999998093,552.555399999857,561.492399999857,573.993,588.2391999998093]",,2,"[368.0515,541.0208000001908]","[368.051600000143,541.0208000001908]",14,"[114.75689999985696,306.666,327.99969999980925,389.68699999999995,431.3858999998569,465.10369999980924,483.6907999999524,504.0560999999047,515.1055000000001,527.6720999999047,553.3041999998094,562.2040999999048,574.8041999998094,589.637899999857]","[114.75689999985696,306.6660999999046,327.9997999999523,389.68699999999995,431.3858999998569,465.1037999999523,483.6907999999524,504.0561999998093,515.1055000000001,527.6720999999047,553.3041999998094,562.2041999998094,574.8041999998094,589.637899999857]","[""legit_button""]",3.941717555,2.0182,2.935403174,1.706,1.446058034,0.8196,0,15,15,19,1,resources/images/scam_21.png,scam,1,0.65,0,0,,,,,,,,,,,,,,,,,,,,,,,,,,,,,,,,,,,,,,,,,,,,,,,,,,,,,,,,,,,,,,,,,,,,,,,,,,,,,,,,,,,,,,,,,,,,,,,,,,,,,,,,,,,,,,,,,,,,,
,,,,,,,,,,,,,,,,614601,001,2025-04-01_18h02.42.061,SLSI3,2022.2.5,Win32,59.88023952,,,,,,,,,,,17,"[113.24509999990464,305.6347999999523,327.1186999998093,367.3022999999523,388.65639999985694,429.2366999998093,464.2707999999523,482.6735999999047,503.2755000000001,514.4380000000001,526.9545999999046,540.005899999857,552.555399999857,561.492399999857,573.993,588.2390999999047,604.7730999999047]","[113.24509999990464,305.63489999985694,327.11879999995233,367.30239999985696,388.65639999985694,429.2366999998093,464.2707999999523,482.6736999998093,503.2755000000001,514.4380000000001,526.9546999998093,540.0061999998093,552.555399999857,561.492399999857,573.993,588.2391999998093,604.7731999998093]",,2,"[368.0515,541.0208000001908]","[368.051600000143,541.0208000001908]",15,"[114.75689999985696,306.666,327.99969999980925,389.68699999999995,431.3858999998569,465.10369999980924,483.6907999999524,504.0560999999047,515.1055000000001,527.6720999999047,553.3041999998094,562.2040999999048,574.8041999998094,589.637899999857,605.6418999998571]","[114.75689999985696,306.6660999999046,327.9997999999523,389.68699999999995,431.3858999998569,465.1037999999523,483.6907999999524,504.0561999998093,515.1055000000001,527.6720999999047,553.3041999998094,562.2041999998094,574.8041999998094,589.637899999857,605.6418999998571]","[""legit_button""]",6.346809334,0.8808,3.186982769,1.6213,1.134100344,0.748,0,16,16,17,1,resources/images/legitimate_18.png,legit,1,0.65,0,0,,,,,,,,,,,,,,,,,,,,,,,,,,,,,,,,,,,,,,,,,,,,,,,,,,,,,,,,,,,,,,,,,,,,,,,,,,,,,,,,,,,,,,,,,,,,,,,,,,,,,,,,,,,,,,,,,,,,,
,,,,,,,,,,,,,,,,614601,001,2025-04-01_18h02.42.061,SLSI3,2022.2.5,Win32,59.88023952,,,,,,,,,,,18,"[113.24509999990464,305.6347999999523,327.1186999998093,367.3022999999523,388.65639999985694,429.2366999998093,464.2707999999523,482.6735999999047,503.2755000000001,514.4380000000001,526.9545999999046,540.005899999857,552.555399999857,561.492399999857,573.993,588.2390999999047,604.7730999999047,616.7732999999523]","[113.24509999990464,305.63489999985694,327.11879999995233,367.30239999985696,388.65639999985694,429.2366999998093,464.2707999999523,482.6736999998093,503.2755000000001,514.4380000000001,526.9546999998093,540.0061999998093,552.555399999857,561.492399999857,573.993,588.2391999998093,604.7731999998093,616.7732999999523]",,2,"[368.0515,541.0208000001908]","[368.051600000143,541.0208000001908]",16,"[114.75689999985696,306.666,327.99969999980925,389.68699999999995,431.3858999998569,465.10369999980924,483.6907999999524,504.0560999999047,515.1055000000001,527.6720999999047,553.3041999998094,562.2040999999048,574.8041999998094,589.637899999857,605.6418999998571,617.3047999999524]","[114.75689999985696,306.6660999999046,327.9997999999523,389.68699999999995,431.3858999998569,465.1037999999523,483.6907999999524,504.0561999998093,515.1055000000001,527.6720999999047,553.3041999998094,562.2041999998094,574.8041999998094,589.637899999857,605.6418999998571,617.3047999999524]","[""legit_button""]",8.248743522,1.321,7.836154874,1.557,3.327866191,0.9936,0,17,17,22,1,resources/images/scam_24.png,scam,1,0.8,0,0,,,,,,,,,,,,,,,,,,,,,,,,,,,,,,,,,,,,,,,,,,,,,,,,,,,,,,,,,,,,,,,,,,,,,,,,,,,,,,,,,,,,,,,,,,,,,,,,,,,,,,,,,,,,,,,,,,,,,
,,,,,,,,,,,,,,,,614601,001,2025-04-01_18h02.42.061,SLSI3,2022.2.5,Win32,59.88023952,,,,,,,,,,,19,"[113.24509999990464,305.6347999999523,327.1186999998093,367.3022999999523,388.65639999985694,429.2366999998093,464.2707999999523,482.6735999999047,503.2755000000001,514.4380000000001,526.9545999999046,540.005899999857,552.555399999857,561.492399999857,573.993,588.2390999999047,604.7730999999047,616.7732999999523,628.7935]","[113.24509999990464,305.63489999985694,327.11879999995233,367.30239999985696,388.65639999985694,429.2366999998093,464.2707999999523,482.6736999998093,503.2755000000001,514.4380000000001,526.9546999998093,540.0061999998093,552.555399999857,561.492399999857,573.993,588.2391999998093,604.7731999998093,616.7732999999523,628.7935]",,3,"[368.0515,541.0208000001908,629.4403000001907]","[368.051600000143,541.0208000001908,629.4403000001907]",16,"[114.75689999985696,306.666,327.99969999980925,389.68699999999995,431.3858999998569,465.10369999980924,483.6907999999524,504.0560999999047,515.1055000000001,527.6720999999047,553.3041999998094,562.2040999999048,574.8041999998094,589.637899999857,605.6418999998571,617.3047999999524]","[114.75689999985696,306.6660999999046,327.9997999999523,389.68699999999995,431.3858999998569,465.1037999999523,483.6907999999524,504.0561999998093,515.1055000000001,527.6720999999047,553.3041999998094,562.2041999998094,574.8041999998094,589.637899999857,605.6418999998571,617.3047999999524]","[""scam_button""]",4.887654241,1.3367,2.069973014,0.9434,2.069973014,0.5612,0,18,18,1,1,resources/images/scam9.jpg,scam,0.65,0.65,0,0,,,,,,,,,,,,,,,,,,,,,,,,,,,,,,,,,,,,,,,,,,,,,,,,,,,,,,,,,,,,,,,,,,,,,,,,,,,,,,,,,,,,,,,,,,,,,,,,,,,,,,,,,,,,,,,,,,,,,
,,,,,,,,,,,,,,,,614601,001,2025-04-01_18h02.42.061,SLSI3,2022.2.5,Win32,59.88023952,,,,,,,,,,,20,"[113.24509999990464,305.6347999999523,327.1186999998093,367.3022999999523,388.65639999985694,429.2366999998093,464.2707999999523,482.6735999999047,503.2755000000001,514.4380000000001,526.9545999999046,540.005899999857,552.555399999857,561.492399999857,573.993,588.2390999999047,604.7730999999047,616.7732999999523,628.7935,642.8736999998093]","[113.24509999990464,305.63489999985694,327.11879999995233,367.30239999985696,388.65639999985694,429.2366999998093,464.2707999999523,482.6736999998093,503.2755000000001,514.4380000000001,526.9546999998093,540.0061999998093,552.555399999857,561.492399999857,573.993,588.2391999998093,604.7731999998093,616.7732999999523,628.7935,642.8736999998093]",,4,"[368.0515,541.0208000001908,629.4403000001907,644.0065000000001]","[368.051600000143,541.0208000001908,629.4403000001907,644.0065000000001]",16,"[114.75689999985696,306.666,327.99969999980925,389.68699999999995,431.3858999998569,465.10369999980924,483.6907999999524,504.0560999999047,515.1055000000001,527.6720999999047,553.3041999998094,562.2040999999048,574.8041999998094,589.637899999857,605.6418999998571,617.3047999999524]","[114.75689999985696,306.6660999999046,327.9997999999523,389.68699999999995,431.3858999998569,465.1037999999523,483.6907999999524,504.0561999998093,515.1055000000001,527.6720999999047,553.3041999998094,562.2041999998094,574.8041999998094,589.637899999857,605.6418999998571,617.3047999999524]","[""scam_button""]",5.119106605,1.323,1.939152009,0.8937,1.939152009,0.5222,0,19,19,6,1,resources/images/legit13.jpg,legit,0.65,0.65,0,0,,,,,,,,,,,,,,,,,,,,,,,,,,,,,,,,,,,,,,,,,,,,,,,,,,,,,,,,,,,,,,,,,,,,,,,,,,,,,,,,,,,,,,,,,,,,,,,,,,,,,,,,,,,,,,,,,,,,,
,,,,,,,,,,,,,,,,614601,001,2025-04-01_18h02.42.061,SLSI3,2022.2.5,Win32,59.88023952,,,,,,,,,,,21,"[113.24509999990464,305.6347999999523,327.1186999998093,367.3022999999523,388.65639999985694,429.2366999998093,464.2707999999523,482.6735999999047,503.2755000000001,514.4380000000001,526.9545999999046,540.005899999857,552.555399999857,561.492399999857,573.993,588.2390999999047,604.7730999999047,616.7732999999523,628.7935,642.8736999998093,650.3072999999524]","[113.24509999990464,305.63489999985694,327.11879999995233,367.30239999985696,388.65639999985694,429.2366999998093,464.2707999999523,482.6736999998093,503.2755000000001,514.4380000000001,526.9546999998093,540.0061999998093,552.555399999857,561.492399999857,573.993,588.2391999998093,604.7731999998093,616.7732999999523,628.7935,642.8736999998093,650.3072999999524]",,4,"[368.0515,541.0208000001908,629.4403000001907,644.0065000000001]","[368.051600000143,541.0208000001908,629.4403000001907,644.0065000000001]",17,"[114.75689999985696,306.666,327.99969999980925,389.68699999999995,431.3858999998569,465.10369999980924,483.6907999999524,504.0560999999047,515.1055000000001,527.6720999999047,553.3041999998094,562.2040999999048,574.8041999998094,589.637899999857,605.6418999998571,617.3047999999524,651.5561999998093]","[114.75689999985696,306.6660999999046,327.9997999999523,389.68699999999995,431.3858999998569,465.1037999999523,483.6907999999524,504.0561999998093,515.1055000000001,527.6720999999047,553.3041999998094,562.2041999998094,574.8041999998094,589.637899999857,605.6418999998571,617.3047999999524,651.5562999999524]","[""legit_button""]",9.59720564,0.8916,8.631143323,0.9704,7.886470953,1.1917,0,20,20,8,1,resources/images/legit_23.png,legit,1,0.65,0,0,,,,,,,,,,,,,,,,,,,,,,,,,,,,,,,,,,,,,,,,,,,,,,,,,,,,,,,,,,,,,,,,,,,,,,,,,,,,,,,,,,,,,,,,,,,,,,,,,,,,,,,,,,,,,,,,,,,,,
,,,,,,,,,,,,,,,,614601,001,2025-04-01_18h02.42.061,SLSI3,2022.2.5,Win32,59.88023952,,,,,,,,,,,22,"[113.24509999990464,305.6347999999523,327.1186999998093,367.3022999999523,388.65639999985694,429.2366999998093,464.2707999999523,482.6735999999047,503.2755000000001,514.4380000000001,526.9545999999046,540.005899999857,552.555399999857,561.492399999857,573.993,588.2390999999047,604.7730999999047,616.7732999999523,628.7935,642.8736999998093,650.3072999999524,660.1750000000001]","[113.24509999990464,305.63489999985694,327.11879999995233,367.30239999985696,388.65639999985694,429.2366999998093,464.2707999999523,482.6736999998093,503.2755000000001,514.4380000000001,526.9546999998093,540.0061999998093,552.555399999857,561.492399999857,573.993,588.2391999998093,604.7731999998093,616.7732999999523,628.7935,642.8736999998093,650.3072999999524,660.1750999999047]",,4,"[368.0515,541.0208000001908,629.4403000001907,644.0065000000001]","[368.051600000143,541.0208000001908,629.4403000001907,644.0065000000001]",18,"[114.75689999985696,306.666,327.99969999980925,389.68699999999995,431.3858999998569,465.10369999980924,483.6907999999524,504.0560999999047,515.1055000000001,527.6720999999047,553.3041999998094,562.2040999999048,574.8041999998094,589.637899999857,605.6418999998571,617.3047999999524,651.5561999998093,661.6920000000001]","[114.75689999985696,306.6660999999046,327.9997999999523,389.68699999999995,431.3858999998569,465.1037999999523,483.6907999999524,504.0561999998093,515.1055000000001,527.6720999999047,553.3041999998094,562.2041999998094,574.8041999998094,589.637899999857,605.6418999998571,617.3047999999524,651.5562999999524,661.6920000000001]","[""legit_button""]",6.276367623,1.1009,2.553004173,1.132,1.194479239,0.7823,0,21,21,11,1,resources/images/scam16.png,scam,0.65,0.65,0,0,,,,,,,,,,,,,,,,,,,,,,,,,,,,,,,,,,,,,,,,,,,,,,,,,,,,,,,,,,,,,,,,,,,,,,,,,,,,,,,,,,,,,,,,,,,,,,,,,,,,,,,,,,,,,,,,,,,,,
,,,,,,,,,,,,,,,,614601,001,2025-04-01_18h02.42.061,SLSI3,2022.2.5,Win32,59.88023952,,,,,,,,,,,23,"[113.24509999990464,305.6347999999523,327.1186999998093,367.3022999999523,388.65639999985694,429.2366999998093,464.2707999999523,482.6735999999047,503.2755000000001,514.4380000000001,526.9545999999046,540.005899999857,552.555399999857,561.492399999857,573.993,588.2390999999047,604.7730999999047,616.7732999999523,628.7935,642.8736999998093,650.3072999999524,660.1750000000001,681.0905999999047]","[113.24509999990464,305.63489999985694,327.11879999995233,367.30239999985696,388.65639999985694,429.2366999998093,464.2707999999523,482.6736999998093,503.2755000000001,514.4380000000001,526.9546999998093,540.0061999998093,552.555399999857,561.492399999857,573.993,588.2391999998093,604.7731999998093,616.7732999999523,628.7935,642.8736999998093,650.3072999999524,660.1750999999047,681.0905999999047]",,5,"[368.0515,541.0208000001908,629.4403000001907,644.0065000000001,681.7934000000954]","[368.051600000143,541.0208000001908,629.4403000001907,644.0065000000001,681.7934000000954]",18,"[114.75689999985696,306.666,327.99969999980925,389.68699999999995,431.3858999998569,465.10369999980924,483.6907999999524,504.0560999999047,515.1055000000001,527.6720999999047,553.3041999998094,562.2040999999048,574.8041999998094,589.637899999857,605.6418999998571,617.3047999999524,651.5561999998093,661.6920000000001]","[114.75689999985696,306.6660999999046,327.9997999999523,389.68699999999995,431.3858999998569,465.1037999999523,483.6907999999524,504.0561999998093,515.1055000000001,527.6720999999047,553.3041999998094,562.2041999998094,574.8041999998094,589.637899999857,605.6418999998571,617.3047999999524,651.5562999999524,661.6920000000001]","[""scam_button""]",9.073921618,2.1618,0.359238726,1.7763,0.359238726,0.5037,0,22,22,12,1,resources/images/scam17.png,scam,0.8,0.65,0,0,,,,,,,,,,,,,,,,,,,,,,,,,,,,,,,,,,,,,,,,,,,,,,,,,,,,,,,,,,,,,,,,,,,,,,,,,,,,,,,,,,,,,,,,,,,,,,,,,,,,,,,,,,,,,,,,,,,,,
,,,,,,,,,,,,,,,,614601,001,2025-04-01_18h02.42.061,SLSI3,2022.2.5,Win32,59.88023952,,,,,,,,,,,24,"[113.24509999990464,305.6347999999523,327.1186999998093,367.3022999999523,388.65639999985694,429.2366999998093,464.2707999999523,482.6735999999047,503.2755000000001,514.4380000000001,526.9545999999046,540.005899999857,552.555399999857,561.492399999857,573.993,588.2390999999047,604.7730999999047,616.7732999999523,628.7935,642.8736999998093,650.3072999999524,660.1750000000001,681.0905999999047,693.1120000000001]","[113.24509999990464,305.63489999985694,327.11879999995233,367.30239999985696,388.65639999985694,429.2366999998093,464.2707999999523,482.6736999998093,503.2755000000001,514.4380000000001,526.9546999998093,540.0061999998093,552.555399999857,561.492399999857,573.993,588.2391999998093,604.7731999998093,616.7732999999523,628.7935,642.8736999998093,650.3072999999524,660.1750999999047,681.0905999999047,693.112399999857]",,5,"[368.0515,541.0208000001908,629.4403000001907,644.0065000000001,681.7934000000954]","[368.051600000143,541.0208000001908,629.4403000001907,644.0065000000001,681.7934000000954]",19,"[114.75689999985696,306.666,327.99969999980925,389.68699999999995,431.3858999998569,465.10369999980924,483.6907999999524,504.0560999999047,515.1055000000001,527.6720999999047,553.3041999998094,562.2040999999048,574.8041999998094,589.637899999857,605.6418999998571,617.3047999999524,651.5561999998093,661.6920000000001,693.9596999998093]","[114.75689999985696,306.6660999999046,327.9997999999523,389.68699999999995,431.3858999998569,465.1037999999523,483.6907999999524,504.0561999998093,515.1055000000001,527.6720999999047,553.3041999998094,562.2041999998094,574.8041999998094,589.637899999857,605.6418999998571,617.3047999999524,651.5562999999524,661.6920000000001,693.9596999998093]","[""legit_button""]",5.360621384,1.1654,2.371867089,1.9495,0.691322048,0.6991,0,23,23,10,1,resources/images/scam15.jpg,scam,0.65,0.65,0,0,,,,,,,,,,,,,,,,,,,,,,,,,,,,,,,,,,,,,,,,,,,,,,,,,,,,,,,,,,,,,,,,,,,,,,,,,,,,,,,,,,,,,,,,,,,,,,,,,,,,,,,,,,,,,,,,,,,,,
,,,,,,,,,,,,,,,,614601,001,2025-04-01_18h02.42.061,SLSI3,2022.2.5,Win32,59.88023952,,,,,,,,,,,,,,,,,,,,,,,,,,,,,,,,,,,,,,,space,2.2494,,,,,,,,,,,,,,,,,,,,,,,,,,,,,,,,,,,,,,,,,,,,,,,,,,,,,,,,,,,,,,,,,,,,,,,,,,,,,,,,,,,,,,,,,,,,,,,,,,,,,,,,,,,,,,,,,,,
,,,,,,,,,,,,,,,,614601,001,2025-04-01_18h02.42.061,SLSI3,2022.2.5,Win32,59.88023952,,,,,,,,,,,,,,,,,,,,,,,,,,,,,,,,,,,,,,,,,space,5.993,,,,,,,,,,,,,,,,,,,,,,,,,,,,,,,,,,,,,,,,,,,,,,,,,,,,,,,,,,,,,,,,,,,,,,,,,,,,,,,,,,,,,,,,,,,,,,,,,,,,,,,,,,,,,,,,,
,,,,,,,,,,,,,,,,614601,001,2025-04-01_18h02.42.061,SLSI3,2022.2.5,Win32,59.88023952,,,,,,,,,,,,,,,,,,,,,,,,,,,,,,,,,,,,,,,,,,,space,3.5426,,,,,,,,,,,,,,,,,,,,,,,,,,,,,,,,,,,,,,,,,,,,,,,,,,,,,,,,,,,,,,,,,,,,,,,,,,,,,,,,,,,,,,,,,,,,,,,,,,,,,,,,,,,,,,,
,,,,,,,,,,,,,,,,614601,001,2025-04-01_18h02.42.061,SLSI3,2022.2.5,Win32,59.88023952,,,,,,,,,,,,,,,,,,,,,,,,,,,,,,,,,,,,,,,,,,,,,"asks you to click on a link, email address doesn't match the company, badly worded/misspelled/bad grammar in the email",1,[749.7017000000477],[749.7017999999524],,,,,,,,,,,,,,,,,,,,,,,,,,,,,,,,,,,,,,,,,,,,,,,,,,,,,,,,,,,,,,,,,,,,,,,,,,,,,,,,,,,,,,,,,,,,,,,,,,,,,,,,,,,
,,,,,,,,,,,,,,,,614601,001,2025-04-01_18h02.42.061,SLSI3,2022.2.5,Win32,59.88023952,,,,,,,,,,,,,,,,,,,,,,,,,,,,,,,,,,,,,,,,,,,,,,,,,space,2.5329,,,,,,,,,,,,,,,,,,,,,,,,,,,,,,,,,,,,,,,,,,,,,,,,,,,,,,,,,,,,,,,,,,,,,,,,,,,,,,,,,,,,,,,,,,,,,,,,,,,,,,,,,
,,,,,,,,,,,,,,,,614601,001,2025-04-01_18h02.42.061,SLSI3,2022.2.5,Win32,59.88023952,,,,,,,,,,,,,,,,,,,,,,,,,,,,,,,,,,,,,,,,,,,,,,,,,,,"[-0.410610773928981,0.08561984520908421,0.3573891575964531,0.21546514068643513,0.1258819300100344,0.1258819300100344,-0.35927656781157846]","[-0.01975879194227146,-0.11437480321561681,-0.11739444357695773,-0.1204140439414728,-0.1184009636995208,-0.1184009636995208,-0.1727548501750901]","[1,1,1,1,1,1,1]","[0,0,0,0,0,0,0]","[0,0,0,0,0,0,0]","[7.467900000095369,14.932200000047715,15.686400000095432,16.418700000047693,17.151900000095452,17.466900000095393,19.664900000095372]",,,,,,,,,,,,,,,,,,,,,,,,,,,,,,,,,,,,,,,,,,,,,,,,,,,,,,,,,,,,,,,,,,,,,,,,,,,,,,,,,,,,,,,,,,,,,,,,,,,
,,,,,,,,,,,,,,,,614601,001,2025-04-01_18h02.42.061,SLSI3,2022.2.5,Win32,59.88023952,,,,,,,,,,,,,,,,,,,,,,,,,,,,,,,,,,,,,,,,,,,,,,,,,,,,,,,,,space,2.3639,,,,,,,,,,,,,,,,,,,,,,,,,,,,,,,,,,,,,,,,,,,,,,,,,,,,,,,,,,,,,,,,,,,,,,,,,,,,,,,,,,,,,,,,,,,,,,,,,
,,,,,,,,,,,,,,,,614601,001,2025-04-01_18h02.42.061,SLSI3,2022.2.5,Win32,59.88023952,,,,,,,,,,,,,,,,,,,,,,,,,,,,,,,,,,,,,,,,,,,,,,,,,,,,,,,,,,,1,[782.4177000000477],[782.4177999999523],,,,,,,,,,,,,,,,,,,,,,,,,,,,,,,,,,,,,,,,,,,,,,,,,,,,,,,,,,,,,,,,,,,,,,,,,,,,,,,,,,,,,,,,,,,,,,
,,,,,,,,,,,,,,,,614601,001,2025-04-01_18h02.42.061,SLSI3,2022.2.5,Win32,59.88023952,,,,,,,,,,,,,,,,,,,,,,,,,,,,,,,,,,,,,,,,,,,,,,,,,,,,,,,,,,,,,,"[-0.04321897014252949,-0.060330412178489515,-0.029127208464736237,-0.15192666310001637,0.00509559561353211]","[0.11511930413202408,0.08693582077326344,0.09196862137020806,0.08592930065070035,-0.027811232900557013]","[1,1,1,1,1]","[0,0,0,0,0]","[0,0,0,0,0]","[6.329400000095461,10.029400000095393,10.696500000000015,11.963100000143072,14.746000000000095]",,,,,,,,,,,,,,,,,,,,,,,,,,,,,,,,,,,,,,,,,,,,,,,,,,,,,,,,,,,,,,,,,,,,,,,,,,,,,,,,,,,,,,,,
,,,,,,,,,,,,,,,,614601,001,2025-04-01_18h02.42.061,SLSI3,2022.2.5,Win32,59.88023952,,,,,,,,,,,,,,,,,,,,,,,,,,,,,,,,,,,,,,,,,,,,,,,,,,,,,,,,,space,0.9009,,,,,,,,,,,,,,,,,,,,,,,,,,,,,,,,,,,,,,,,,,,,,,,,,,,,,,,,,,,,,,,,,,,,,,,,,,,,,,,,,,,,,,,,,,,,,,,,,
,,,,,,,,,,,,,,,,614601,001,2025-04-01_18h02.42.061,SLSI3,2022.2.5,Win32,59.88023952,,,,,,,,,,,,,,,,,,,,,,,,,,,,,,,,,,,,,,,,,,,,,,,,,,,,,,,,,,,,,,,,,,,,1,[803.1015999999047],[803.1015999999047],,,,,,,,,,,,,,,,,,,,,,,,,,,,,,,,,,,,,,,,,,,,,,,,,,,,,,,,,,,,,,,,,,,,,,,,,,,,,,,,,,,,,
,,,,,,,,,,,,,,,,614601,001,2025-04-01_18h02.42.061,SLSI3,2022.2.5,Win32,59.88023952,,,,,,,,,,,,,,,,,,,,,,,,,,,,,,,,,,,,,,,,,,,,,,,,,,,,,,,,,,,,,,,,,,,,,,,"[0.04435104030144168,-0.29284411989064546,-0.23144435257617954]","[0.1885976928870925,0.10102762244788253,-0.19187925246252457]","[1,1,1]","[0,0,0]","[0,0,0]","[2.5494000000953747,4.481600000143089,8.447600000143098]",,,,,,,,,,,,,,,,,,,,,,,,,,,,,,,,,,,,,,,,,,,,,,,,,,,,,,,,,,,,,,,,,,,,,,,,,,,,,,,
,,,,,,,,,,,,,,,,614601,001,2025-04-01_18h02.42.061,SLSI3,2022.2.5,Win32,59.88023952,,,,,,,,,,,,,,,,,,,,,,,,,,,,,,,,,,,,,,,,,,,,,,,,,,,,,,,,,space,0.8518,,,,,,,,,,,,,,,,,,,,,,,,,,,,,,,,,,,,,,,,,,,,,,,,,,,,,,,,,,,,,,,,,,,,,,,,,,,,,,,,,,,,,,,,,,,,,,,,,
,,,,,,,,,,,,,,,,614601,001,2025-04-01_18h02.42.061,SLSI3,2022.2.5,Win32,59.88023952,,,,,,,,,,,,,,,,,,,,,,,,,,,,,,,,,,,,,,,,,,,,,,,,,,,,,,,,,,,,,,,,,,,,,,,,,,,,,1,[814.7115],[814.7115],,,,,,,,,,,,,,,,,,,,,,,,,,,,,,,,,,,,,,,,,,,,,,,,,,,,,,,,,,,,,,,,,,,,,,,,,,,,
,,,,,,,,,,,,,,,,614601,001,2025-04-01_18h02.42.061,SLSI3,2022.2.5,Win32,59.88023952,,,,,,,,,space,6.3175,,,,,,,,,,,,,,,,,,,,,,,,,,,,,,,,,,,,,,,,,,,,,,,,,,,,,,,,,,,,,,,,,,,,,,,,,,,,,,,,,,,,,,,,,,,,,,,,,,,,,,,,,,,,,,,,,,,,,,,,,,,,,,,,,,,,,,,,,,,,,,,,,
,,,,,,,,,,,,,,,,614601,001,2025-04-01_18h02.42.061,SLSI3,2022.2.5,Win32,59.88023952,,,,,,,,,,,25,"[113.24509999990464,305.6347999999523,327.1186999998093,367.3022999999523,388.65639999985694,429.2366999998093,464.2707999999523,482.6735999999047,503.2755000000001,514.4380000000001,526.9545999999046,540.005899999857,552.555399999857,561.492399999857,573.993,588.2390999999047,604.7730999999047,616.7732999999523,628.7935,642.8736999998093,650.3072999999524,660.1750000000001,681.0905999999047,693.1120000000001,839.0606999998093]","[113.24509999990464,305.63489999985694,327.11879999995233,367.30239999985696,388.65639999985694,429.2366999998093,464.2707999999523,482.6736999998093,503.2755000000001,514.4380000000001,526.9546999998093,540.0061999998093,552.555399999857,561.492399999857,573.993,588.2391999998093,604.7731999998093,616.7732999999523,628.7935,642.8736999998093,650.3072999999524,660.1750999999047,681.0905999999047,693.112399999857,839.0607999999523]",,6,"[368.0515,541.0208000001908,629.4403000001907,644.0065000000001,681.7934000000954,839.7474000000954]","[368.051600000143,541.0208000001908,629.4403000001907,644.0065000000001,681.7934000000954,839.7474000000954]",19,"[114.75689999985696,306.666,327.99969999980925,389.68699999999995,431.3858999998569,465.10369999980924,483.6907999999524,504.0560999999047,515.1055000000001,527.6720999999047,553.3041999998094,562.2040999999048,574.8041999998094,589.637899999857,605.6418999998571,617.3047999999524,651.5561999998093,661.6920000000001,693.9596999998093]","[114.75689999985696,306.6660999999046,327.9997999999523,389.68699999999995,431.3858999998569,465.1037999999523,483.6907999999524,504.0561999998093,515.1055000000001,527.6720999999047,553.3041999998094,562.2041999998094,574.8041999998094,589.637899999857,605.6418999998571,617.3047999999524,651.5562999999524,661.6920000000001,693.9596999998093]","[""scam_button""]",8.138048948,1.6216,1.506436929,1.5441,0.620880737,0.6958,,,,,,resources/images/scam10.jpg,scam,1,0.65,0,0,,,,,,,,,,,,,,,,,,,,,,,,,,,,,,,,,,,,,,,,,,0,0,0,17,1,,,,,,,,,,,,,,,,,,,,,,,,,,,,,,,,,,,,,,,,,,,,,,,,,,,,,,,,,,,,,,,,,,,,,,,
,,,,,,,,,,,,,,,,614601,001,2025-04-01_18h02.42.061,SLSI3,2022.2.5,Win32,59.88023952,,,,,,,,,,,26,"[113.24509999990464,305.6347999999523,327.1186999998093,367.3022999999523,388.65639999985694,429.2366999998093,464.2707999999523,482.6735999999047,503.2755000000001,514.4380000000001,526.9545999999046,540.005899999857,552.555399999857,561.492399999857,573.993,588.2390999999047,604.7730999999047,616.7732999999523,628.7935,642.8736999998093,650.3072999999524,660.1750000000001,681.0905999999047,693.1120000000001,839.0606999998093,847.227899999857]","[113.24509999990464,305.63489999985694,327.11879999995233,367.30239999985696,388.65639999985694,429.2366999998093,464.2707999999523,482.6736999998093,503.2755000000001,514.4380000000001,526.9546999998093,540.0061999998093,552.555399999857,561.492399999857,573.993,588.2391999998093,604.7731999998093,616.7732999999523,628.7935,642.8736999998093,650.3072999999524,660.1750999999047,681.0905999999047,693.112399999857,839.0607999999523,847.2280999999047]",,7,"[368.0515,541.0208000001908,629.4403000001907,644.0065000000001,681.7934000000954,839.7474000000954,848.1793000001908]","[368.051600000143,541.0208000001908,629.4403000001907,644.0065000000001,681.7934000000954,839.7474000000954,848.1793000001908]",19,"[114.75689999985696,306.666,327.99969999980925,389.68699999999995,431.3858999998569,465.10369999980924,483.6907999999524,504.0560999999047,515.1055000000001,527.6720999999047,553.3041999998094,562.2040999999048,574.8041999998094,589.637899999857,605.6418999998571,617.3047999999524,651.5561999998093,661.6920000000001,693.9596999998093]","[114.75689999985696,306.6660999999046,327.9997999999523,389.68699999999995,431.3858999998569,465.1037999999523,483.6907999999524,504.0561999998093,515.1055000000001,527.6720999999047,553.3041999998094,562.2041999998094,574.8041999998094,589.637899999857,605.6418999998571,617.3047999999524,651.5562999999524,661.6920000000001,693.9596999998093]","[""scam_button""]",9.14436173,1.4332,1.244794918,1.165,1.244794918,0.5496,,,,,,resources/images/scam3.png,scam,1.2,0.65,0,0,,,,,,,,,,,,,,,,,,,,,,,,,,,,,,,,,,,,,,,,,,0,1,1,2,1,,,,,,,,,,,,,,,,,,,,,,,,,,,,,,,,,,,,,,,,,,,,,,,,,,,,,,,,,,,,,,,,,,,,,,,
,,,,,,,,,,,,,,,,614601,001,2025-04-01_18h02.42.061,SLSI3,2022.2.5,Win32,59.88023952,,,,,,,,,,,27,"[113.24509999990464,305.6347999999523,327.1186999998093,367.3022999999523,388.65639999985694,429.2366999998093,464.2707999999523,482.6735999999047,503.2755000000001,514.4380000000001,526.9545999999046,540.005899999857,552.555399999857,561.492399999857,573.993,588.2390999999047,604.7730999999047,616.7732999999523,628.7935,642.8736999998093,650.3072999999524,660.1750000000001,681.0905999999047,693.1120000000001,839.0606999998093,847.227899999857,863.2470999999047]","[113.24509999990464,305.63489999985694,327.11879999995233,367.30239999985696,388.65639999985694,429.2366999998093,464.2707999999523,482.6736999998093,503.2755000000001,514.4380000000001,526.9546999998093,540.0061999998093,552.555399999857,561.492399999857,573.993,588.2391999998093,604.7731999998093,616.7732999999523,628.7935,642.8736999998093,650.3072999999524,660.1750999999047,681.0905999999047,693.112399999857,839.0607999999523,847.2280999999047,863.2470999999047]",,8,"[368.0515,541.0208000001908,629.4403000001907,644.0065000000001,681.7934000000954,839.7474000000954,848.1793000001908,864.0489000000954]","[368.051600000143,541.0208000001908,629.4403000001907,644.0065000000001,681.7934000000954,839.7474000000954,848.1793000001908,864.049]",19,"[114.75689999985696,306.666,327.99969999980925,389.68699999999995,431.3858999998569,465.10369999980924,483.6907999999524,504.0560999999047,515.1055000000001,527.6720999999047,553.3041999998094,562.2040999999048,574.8041999998094,589.637899999857,605.6418999998571,617.3047999999524,651.5561999998093,661.6920000000001,693.9596999998093]","[114.75689999985696,306.6660999999046,327.9997999999523,389.68699999999995,431.3858999998569,465.1037999999523,483.6907999999524,504.0561999998093,515.1055000000001,527.6720999999047,553.3041999998094,562.2041999998094,574.8041999998094,589.637899999857,605.6418999998571,617.3047999999524,651.5562999999524,661.6920000000001,693.9596999998093]","[""scam_button""]",9.436194188,1.2135,0.701385264,0.813,0.701385264,0.5341,,,,,,resources/images/scam14-EDIT.png,scam,1,0.65,0,0,,,,,,,,,,,,,,,,,,,,,,,,,,,,,,,,,,,,,,,,,,0,2,2,23,1,,,,,,,,,,,,,,,,,,,,,,,,,,,,,,,,,,,,,,,,,,,,,,,,,,,,,,,,,,,,,,,,,,,,,,,
,,,,,,,,,,,,,,,,614601,001,2025-04-01_18h02.42.061,SLSI3,2022.2.5,Win32,59.88023952,,,,,,,,,,,28,"[113.24509999990464,305.6347999999523,327.1186999998093,367.3022999999523,388.65639999985694,429.2366999998093,464.2707999999523,482.6735999999047,503.2755000000001,514.4380000000001,526.9545999999046,540.005899999857,552.555399999857,561.492399999857,573.993,588.2390999999047,604.7730999999047,616.7732999999523,628.7935,642.8736999998093,650.3072999999524,660.1750000000001,681.0905999999047,693.1120000000001,839.0606999998093,847.227899999857,863.2470999999047,874.111399999857]","[113.24509999990464,305.63489999985694,327.11879999995233,367.30239999985696,388.65639999985694,429.2366999998093,464.2707999999523,482.6736999998093,503.2755000000001,514.4380000000001,526.9546999998093,540.0061999998093,552.555399999857,561.492399999857,573.993,588.2391999998093,604.7731999998093,616.7732999999523,628.7935,642.8736999998093,650.3072999999524,660.1750999999047,681.0905999999047,693.112399999857,839.0607999999523,847.2280999999047,863.2470999999047,874.111399999857]",,9,"[368.0515,541.0208000001908,629.4403000001907,644.0065000000001,681.7934000000954,839.7474000000954,848.1793000001908,864.0489000000954,874.9644000000955]","[368.051600000143,541.0208000001908,629.4403000001907,644.0065000000001,681.7934000000954,839.7474000000954,848.1793000001908,864.049,874.9645]",19,"[114.75689999985696,306.666,327.99969999980925,389.68699999999995,431.3858999998569,465.10369999980924,483.6907999999524,504.0560999999047,515.1055000000001,527.6720999999047,553.3041999998094,562.2040999999048,574.8041999998094,589.637899999857,605.6418999998571,617.3047999999524,651.5561999998093,661.6920000000001,693.9596999998093]","[114.75689999985696,306.6660999999046,327.9997999999523,389.68699999999995,431.3858999998569,465.1037999999523,483.6907999999524,504.0561999998093,515.1055000000001,527.6720999999047,553.3041999998094,562.2041999998094,574.8041999998094,589.637899999857,605.6418999998571,617.3047999999524,651.5562999999524,661.6920000000001,693.9596999998093]","[""scam_button""]",9.033667156,1.7984,0.83220627,1.3432,0.83220627,0.4755,,,,,,resources/images/legit14-EDIT.jpg,legit,1,0.65,0,0,,,,,,,,,,,,,,,,,,,,,,,,,,,,,,,,,,,,,,,,,,0,3,3,21,1,,,,,,,,,,,,,,,,,,,,,,,,,,,,,,,,,,,,,,,,,,,,,,,,,,,,,,,,,,,,,,,,,,,,,,,
,,,,,,,,,,,,,,,,614601,001,2025-04-01_18h02.42.061,SLSI3,2022.2.5,Win32,59.88023952,,,,,,,,,,,29,"[113.24509999990464,305.6347999999523,327.1186999998093,367.3022999999523,388.65639999985694,429.2366999998093,464.2707999999523,482.6735999999047,503.2755000000001,514.4380000000001,526.9545999999046,540.005899999857,552.555399999857,561.492399999857,573.993,588.2390999999047,604.7730999999047,616.7732999999523,628.7935,642.8736999998093,650.3072999999524,660.1750000000001,681.0905999999047,693.1120000000001,839.0606999998093,847.227899999857,863.2470999999047,874.111399999857,897.195]","[113.24509999990464,305.63489999985694,327.11879999995233,367.30239999985696,388.65639999985694,429.2366999998093,464.2707999999523,482.6736999998093,503.2755000000001,514.4380000000001,526.9546999998093,540.0061999998093,552.555399999857,561.492399999857,573.993,588.2391999998093,604.7731999998093,616.7732999999523,628.7935,642.8736999998093,650.3072999999524,660.1750999999047,681.0905999999047,693.112399999857,839.0607999999523,847.2280999999047,863.2470999999047,874.111399999857,897.1950999999046]",,9,"[368.0515,541.0208000001908,629.4403000001907,644.0065000000001,681.7934000000954,839.7474000000954,848.1793000001908,864.0489000000954,874.9644000000955]","[368.051600000143,541.0208000001908,629.4403000001907,644.0065000000001,681.7934000000954,839.7474000000954,848.1793000001908,864.049,874.9645]",20,"[114.75689999985696,306.666,327.99969999980925,389.68699999999995,431.3858999998569,465.10369999980924,483.6907999999524,504.0560999999047,515.1055000000001,527.6720999999047,553.3041999998094,562.2040999999048,574.8041999998094,589.637899999857,605.6418999998571,617.3047999999524,651.5561999998093,661.6920000000001,693.9596999998093,897.7930000000001]","[114.75689999985696,306.6660999999046,327.9997999999523,389.68699999999995,431.3858999998569,465.1037999999523,483.6907999999524,504.0561999998093,515.1055000000001,527.6720999999047,553.3041999998094,562.2041999998094,574.8041999998094,589.637899999857,605.6418999998571,617.3047999999524,651.5562999999524,661.6920000000001,693.9596999998093,897.7930999999047]","[""legit_button""]",6.709082703,1.0404,1.727826077,1.6267,0.952964459,0.5514,,,,,,resources/images/legit7-EDIT.png,legit,0.65,0.65,0,0,,,,,,,,,,,,,,,,,,,,,,,,,,,,,,,,,,,,,,,,,,0,4,4,14,1,,,,,,,,,,,,,,,,,,,,,,,,,,,,,,,,,,,,,,,,,,,,,,,,,,,,,,,,,,,,,,,,,,,,,,,
,,,,,,,,,,,,,,,,614601,001,2025-04-01_18h02.42.061,SLSI3,2022.2.5,Win32,59.88023952,,,,,,,,,,,30,"[113.24509999990464,305.6347999999523,327.1186999998093,367.3022999999523,388.65639999985694,429.2366999998093,464.2707999999523,482.6735999999047,503.2755000000001,514.4380000000001,526.9545999999046,540.005899999857,552.555399999857,561.492399999857,573.993,588.2390999999047,604.7730999999047,616.7732999999523,628.7935,642.8736999998093,650.3072999999524,660.1750000000001,681.0905999999047,693.1120000000001,839.0606999998093,847.227899999857,863.2470999999047,874.111399999857,897.195,913.3651999998093]","[113.24509999990464,305.63489999985694,327.11879999995233,367.30239999985696,388.65639999985694,429.2366999998093,464.2707999999523,482.6736999998093,503.2755000000001,514.4380000000001,526.9546999998093,540.0061999998093,552.555399999857,561.492399999857,573.993,588.2391999998093,604.7731999998093,616.7732999999523,628.7935,642.8736999998093,650.3072999999524,660.1750999999047,681.0905999999047,693.112399999857,839.0607999999523,847.2280999999047,863.2470999999047,874.111399999857,897.1950999999046,913.3651999998093]",,10,"[368.0515,541.0208000001908,629.4403000001907,644.0065000000001,681.7934000000954,839.7474000000954,848.1793000001908,864.0489000000954,874.9644000000955,914.865]","[368.051600000143,541.0208000001908,629.4403000001907,644.0065000000001,681.7934000000954,839.7474000000954,848.1793000001908,864.049,874.9645,914.865]",20,"[114.75689999985696,306.666,327.99969999980925,389.68699999999995,431.3858999998569,465.10369999980924,483.6907999999524,504.0560999999047,515.1055000000001,527.6720999999047,553.3041999998094,562.2040999999048,574.8041999998094,589.637899999857,605.6418999998571,617.3047999999524,651.5561999998093,661.6920000000001,693.9596999998093,897.7930000000001]","[114.75689999985696,306.6660999999046,327.9997999999523,389.68699999999995,431.3858999998569,465.1037999999523,483.6907999999524,504.0561999998093,515.1055000000001,527.6720999999047,553.3041999998094,562.2041999998094,574.8041999998094,589.637899999857,605.6418999998571,617.3047999999524,651.5562999999524,661.6920000000001,693.9596999998093,897.7930999999047]","[""scam_button""]",1.003279738,1.3157,1.003279738,0.6234,1.003279738,0.4827,,,,,,resources/images/scam12.jpg,scam,0.65,0.65,0,0,,,,,,,,,,,,,,,,,,,,,,,,,,,,,,,,,,,,,,,,,,0,5,5,20,1,,,,,,,,,,,,,,,,,,,,,,,,,,,,,,,,,,,,,,,,,,,,,,,,,,,,,,,,,,,,,,,,,,,,,,,
,,,,,,,,,,,,,,,,614601,001,2025-04-01_18h02.42.061,SLSI3,2022.2.5,Win32,59.88023952,,,,,,,,,,,31,"[113.24509999990464,305.6347999999523,327.1186999998093,367.3022999999523,388.65639999985694,429.2366999998093,464.2707999999523,482.6735999999047,503.2755000000001,514.4380000000001,526.9545999999046,540.005899999857,552.555399999857,561.492399999857,573.993,588.2390999999047,604.7730999999047,616.7732999999523,628.7935,642.8736999998093,650.3072999999524,660.1750000000001,681.0905999999047,693.1120000000001,839.0606999998093,847.227899999857,863.2470999999047,874.111399999857,897.195,913.3651999998093,922.0792999999524]","[113.24509999990464,305.63489999985694,327.11879999995233,367.30239999985696,388.65639999985694,429.2366999998093,464.2707999999523,482.6736999998093,503.2755000000001,514.4380000000001,526.9546999998093,540.0061999998093,552.555399999857,561.492399999857,573.993,588.2391999998093,604.7731999998093,616.7732999999523,628.7935,642.8736999998093,650.3072999999524,660.1750999999047,681.0905999999047,693.112399999857,839.0607999999523,847.2280999999047,863.2470999999047,874.111399999857,897.1950999999046,913.3651999998093,922.079399999857]",,11,"[368.0515,541.0208000001908,629.4403000001907,644.0065000000001,681.7934000000954,839.7474000000954,848.1793000001908,864.0489000000954,874.9644000000955,914.865,922.695]","[368.051600000143,541.0208000001908,629.4403000001907,644.0065000000001,681.7934000000954,839.7474000000954,848.1793000001908,864.049,874.9645,914.865,922.695100000143]",20,"[114.75689999985696,306.666,327.99969999980925,389.68699999999995,431.3858999998569,465.10369999980924,483.6907999999524,504.0560999999047,515.1055000000001,527.6720999999047,553.3041999998094,562.2040999999048,574.8041999998094,589.637899999857,605.6418999998571,617.3047999999524,651.5561999998093,661.6920000000001,693.9596999998093,897.7930000000001]","[114.75689999985696,306.6660999999046,327.9997999999523,389.68699999999995,431.3858999998569,465.1037999999523,483.6907999999524,504.0561999998093,515.1055000000001,527.6720999999047,553.3041999998094,562.2041999998094,574.8041999998094,589.637899999857,605.6418999998571,617.3047999999524,651.5562999999524,661.6920000000001,693.9596999998093,897.7930999999047]","[""scam_button""]",1.446058034,0.7308,1.446058034,0.5044,1.446058034,0.5055,,,,,,resources/images/scam4.png,scam,0.8,0.65,0,0,,,,,,,,,,,,,,,,,,,,,,,,,,,,,,,,,,,,,,,,,,0,6,6,6,1,,,,,,,,,,,,,,,,,,,,,,,,,,,,,,,,,,,,,,,,,,,,,,,,,,,,,,,,,,,,,,,,,,,,,,,
,,,,,,,,,,,,,,,,614601,001,2025-04-01_18h02.42.061,SLSI3,2022.2.5,Win32,59.88023952,,,,,,,,,,,32,"[113.24509999990464,305.6347999999523,327.1186999998093,367.3022999999523,388.65639999985694,429.2366999998093,464.2707999999523,482.6735999999047,503.2755000000001,514.4380000000001,526.9545999999046,540.005899999857,552.555399999857,561.492399999857,573.993,588.2390999999047,604.7730999999047,616.7732999999523,628.7935,642.8736999998093,650.3072999999524,660.1750000000001,681.0905999999047,693.1120000000001,839.0606999998093,847.227899999857,863.2470999999047,874.111399999857,897.195,913.3651999998093,922.0792999999524,930.1455999999047]","[113.24509999990464,305.63489999985694,327.11879999995233,367.30239999985696,388.65639999985694,429.2366999998093,464.2707999999523,482.6736999998093,503.2755000000001,514.4380000000001,526.9546999998093,540.0061999998093,552.555399999857,561.492399999857,573.993,588.2391999998093,604.7731999998093,616.7732999999523,628.7935,642.8736999998093,650.3072999999524,660.1750999999047,681.0905999999047,693.112399999857,839.0607999999523,847.2280999999047,863.2470999999047,874.111399999857,897.1950999999046,913.3651999998093,922.079399999857,930.1455999999047]",,12,"[368.0515,541.0208000001908,629.4403000001907,644.0065000000001,681.7934000000954,839.7474000000954,848.1793000001908,864.0489000000954,874.9644000000955,914.865,922.695,930.9654000000954]","[368.051600000143,541.0208000001908,629.4403000001907,644.0065000000001,681.7934000000954,839.7474000000954,848.1793000001908,864.049,874.9645,914.865,922.695100000143,930.9654000000954]",20,"[114.75689999985696,306.666,327.99969999980925,389.68699999999995,431.3858999998569,465.10369999980924,483.6907999999524,504.0560999999047,515.1055000000001,527.6720999999047,553.3041999998094,562.2040999999048,574.8041999998094,589.637899999857,605.6418999998571,617.3047999999524,651.5561999998093,661.6920000000001,693.9596999998093,897.7930000000001]","[114.75689999985696,306.6660999999046,327.9997999999523,389.68699999999995,431.3858999998569,465.1037999999523,483.6907999999524,504.0561999998093,515.1055000000001,527.6720999999047,553.3041999998094,562.2041999998094,574.8041999998094,589.637899999857,605.6418999998571,617.3047999999524,651.5562999999524,661.6920000000001,693.9596999998093,897.7930999999047]","[""scam_button""]",0.963026875,0.865,0.963026875,0.7047,0.963026875,0.4883,,,,,,resources/images/scam7.png,scam,0.65,0.65,0,0,,,,,,,,,,,,,,,,,,,,,,,,,,,,,,,,,,,,,,,,,,0,7,7,10,1,,,,,,,,,,,,,,,,,,,,,,,,,,,,,,,,,,,,,,,,,,,,,,,,,,,,,,,,,,,,,,,,,,,,,,,
,,,,,,,,,,,,,,,,614601,001,2025-04-01_18h02.42.061,SLSI3,2022.2.5,Win32,59.88023952,,,,,,,,,,,33,"[113.24509999990464,305.6347999999523,327.1186999998093,367.3022999999523,388.65639999985694,429.2366999998093,464.2707999999523,482.6735999999047,503.2755000000001,514.4380000000001,526.9545999999046,540.005899999857,552.555399999857,561.492399999857,573.993,588.2390999999047,604.7730999999047,616.7732999999523,628.7935,642.8736999998093,650.3072999999524,660.1750000000001,681.0905999999047,693.1120000000001,839.0606999998093,847.227899999857,863.2470999999047,874.111399999857,897.195,913.3651999998093,922.0792999999524,930.1455999999047,942.8645999999047]","[113.24509999990464,305.63489999985694,327.11879999995233,367.30239999985696,388.65639999985694,429.2366999998093,464.2707999999523,482.6736999998093,503.2755000000001,514.4380000000001,526.9546999998093,540.0061999998093,552.555399999857,561.492399999857,573.993,588.2391999998093,604.7731999998093,616.7732999999523,628.7935,642.8736999998093,650.3072999999524,660.1750999999047,681.0905999999047,693.112399999857,839.0607999999523,847.2280999999047,863.2470999999047,874.111399999857,897.1950999999046,913.3651999998093,922.079399999857,930.1455999999047,942.8647999999523]",,12,"[368.0515,541.0208000001908,629.4403000001907,644.0065000000001,681.7934000000954,839.7474000000954,848.1793000001908,864.0489000000954,874.9644000000955,914.865,922.695,930.9654000000954]","[368.051600000143,541.0208000001908,629.4403000001907,644.0065000000001,681.7934000000954,839.7474000000954,848.1793000001908,864.049,874.9645,914.865,922.695100000143,930.9654000000954]",21,"[114.75689999985696,306.666,327.99969999980925,389.68699999999995,431.3858999998569,465.10369999980924,483.6907999999524,504.0560999999047,515.1055000000001,527.6720999999047,553.3041999998094,562.2040999999048,574.8041999998094,589.637899999857,605.6418999998571,617.3047999999524,651.5561999998093,661.6920000000001,693.9596999998093,897.7930000000001,943.860899999857]","[114.75689999985696,306.6660999999046,327.9997999999523,389.68699999999995,431.3858999998569,465.1037999999523,483.6907999999524,504.0561999998093,515.1055000000001,527.6720999999047,553.3041999998094,562.2041999998094,574.8041999998094,589.637899999857,605.6418999998571,617.3047999999524,651.5562999999524,661.6920000000001,693.9596999998093,897.7930999999047,943.8610000000001]","[""legit_button""]",4.81721173,1.3688,1.073722249,0.862,1.073722249,0.6799,,,,,,resources/images/legit4-EDIT.png,legit,0.65,0.65,0,0,,,,,,,,,,,,,,,,,,,,,,,,,,,,,,,,,,,,,,,,,,0,8,8,11,1,,,,,,,,,,,,,,,,,,,,,,,,,,,,,,,,,,,,,,,,,,,,,,,,,,,,,,,,,,,,,,,,,,,,,,,
,,,,,,,,,,,,,,,,614601,001,2025-04-01_18h02.42.061,SLSI3,2022.2.5,Win32,59.88023952,,,,,,,,,,,34,"[113.24509999990464,305.6347999999523,327.1186999998093,367.3022999999523,388.65639999985694,429.2366999998093,464.2707999999523,482.6735999999047,503.2755000000001,514.4380000000001,526.9545999999046,540.005899999857,552.555399999857,561.492399999857,573.993,588.2390999999047,604.7730999999047,616.7732999999523,628.7935,642.8736999998093,650.3072999999524,660.1750000000001,681.0905999999047,693.1120000000001,839.0606999998093,847.227899999857,863.2470999999047,874.111399999857,897.195,913.3651999998093,922.0792999999524,930.1455999999047,942.8645999999047,951.047]","[113.24509999990464,305.63489999985694,327.11879999995233,367.30239999985696,388.65639999985694,429.2366999998093,464.2707999999523,482.6736999998093,503.2755000000001,514.4380000000001,526.9546999998093,540.0061999998093,552.555399999857,561.492399999857,573.993,588.2391999998093,604.7731999998093,616.7732999999523,628.7935,642.8736999998093,650.3072999999524,660.1750999999047,681.0905999999047,693.112399999857,839.0607999999523,847.2280999999047,863.2470999999047,874.111399999857,897.1950999999046,913.3651999998093,922.079399999857,930.1455999999047,942.8647999999523,951.0470999999047]",,12,"[368.0515,541.0208000001908,629.4403000001907,644.0065000000001,681.7934000000954,839.7474000000954,848.1793000001908,864.0489000000954,874.9644000000955,914.865,922.695,930.9654000000954]","[368.051600000143,541.0208000001908,629.4403000001907,644.0065000000001,681.7934000000954,839.7474000000954,848.1793000001908,864.049,874.9645,914.865,922.695100000143,930.9654000000954]",22,"[114.75689999985696,306.666,327.99969999980925,389.68699999999995,431.3858999998569,465.10369999980924,483.6907999999524,504.0560999999047,515.1055000000001,527.6720999999047,553.3041999998094,562.2040999999048,574.8041999998094,589.637899999857,605.6418999998571,617.3047999999524,651.5561999998093,661.6920000000001,693.9596999998093,897.7930000000001,943.860899999857,951.7781999998093]","[114.75689999985696,306.6660999999046,327.9997999999523,389.68699999999995,431.3858999998569,465.1037999999523,483.6907999999524,504.0561999998093,515.1055000000001,527.6720999999047,553.3041999998094,562.2041999998094,574.8041999998094,589.637899999857,605.6418999998571,617.3047999999524,651.5562999999524,661.6920000000001,693.9596999998093,897.7930999999047,943.8610000000001,951.7782999999524]","[""legit_button""]",7.463818289,0.9926,1.95927844,3.3065,0.761764159,0.7886,,,,,,resources/images/legit17-EDIT.png,legit,0.65,0.65,0,0,,,,,,,,,,,,,,,,,,,,,,,,,,,,,,,,,,,,,,,,,,0,9,9,22,1,,,,,,,,,,,,,,,,,,,,,,,,,,,,,,,,,,,,,,,,,,,,,,,,,,,,,,,,,,,,,,,,,,,,,,,
,,,,,,,,,,,,,,,,614601,001,2025-04-01_18h02.42.061,SLSI3,2022.2.5,Win32,59.88023952,,,,,,,,,,,35,"[113.24509999990464,305.6347999999523,327.1186999998093,367.3022999999523,388.65639999985694,429.2366999998093,464.2707999999523,482.6735999999047,503.2755000000001,514.4380000000001,526.9545999999046,540.005899999857,552.555399999857,561.492399999857,573.993,588.2390999999047,604.7730999999047,616.7732999999523,628.7935,642.8736999998093,650.3072999999524,660.1750000000001,681.0905999999047,693.1120000000001,839.0606999998093,847.227899999857,863.2470999999047,874.111399999857,897.195,913.3651999998093,922.0792999999524,930.1455999999047,942.8645999999047,951.047,961.1485999999047]","[113.24509999990464,305.63489999985694,327.11879999995233,367.30239999985696,388.65639999985694,429.2366999998093,464.2707999999523,482.6736999998093,503.2755000000001,514.4380000000001,526.9546999998093,540.0061999998093,552.555399999857,561.492399999857,573.993,588.2391999998093,604.7731999998093,616.7732999999523,628.7935,642.8736999998093,650.3072999999524,660.1750999999047,681.0905999999047,693.112399999857,839.0607999999523,847.2280999999047,863.2470999999047,874.111399999857,897.1950999999046,913.3651999998093,922.079399999857,930.1455999999047,942.8647999999523,951.0470999999047,961.1486999998093]",,12,"[368.0515,541.0208000001908,629.4403000001907,644.0065000000001,681.7934000000954,839.7474000000954,848.1793000001908,864.0489000000954,874.9644000000955,914.865,922.695,930.9654000000954]","[368.051600000143,541.0208000001908,629.4403000001907,644.0065000000001,681.7934000000954,839.7474000000954,848.1793000001908,864.049,874.9645,914.865,922.695100000143,930.9654000000954]",23,"[114.75689999985696,306.666,327.99969999980925,389.68699999999995,431.3858999998569,465.10369999980924,483.6907999999524,504.0560999999047,515.1055000000001,527.6720999999047,553.3041999998094,562.2040999999048,574.8041999998094,589.637899999857,605.6418999998571,617.3047999999524,651.5561999998093,661.6920000000001,693.9596999998093,897.7930000000001,943.860899999857,951.7781999998093,961.7946999998094]","[114.75689999985696,306.6660999999046,327.9997999999523,389.68699999999995,431.3858999998569,465.1037999999523,483.6907999999524,504.0561999998093,515.1055000000001,527.6720999999047,553.3041999998094,562.2041999998094,574.8041999998094,589.637899999857,605.6418999998571,617.3047999999524,651.5562999999524,661.6920000000001,693.9596999998093,897.7930999999047,943.8610000000001,951.7782999999524,961.7946999998094]","[""legit_button""]",8.741837897,0.826,8.741837897,0.8091,2.693887595,1.559,,,,,,resources/images/legit1.png,legit,1,0.72,0,0,,,,,,,,,,,,,,,,,,,,,,,,,,,,,,,,,,,,,,,,,,0,10,10,3,1,,,,,,,,,,,,,,,,,,,,,,,,,,,,,,,,,,,,,,,,,,,,,,,,,,,,,,,,,,,,,,,,,,,,,,,
,,,,,,,,,,,,,,,,614601,001,2025-04-01_18h02.42.061,SLSI3,2022.2.5,Win32,59.88023952,,,,,,,,,,,36,"[113.24509999990464,305.6347999999523,327.1186999998093,367.3022999999523,388.65639999985694,429.2366999998093,464.2707999999523,482.6735999999047,503.2755000000001,514.4380000000001,526.9545999999046,540.005899999857,552.555399999857,561.492399999857,573.993,588.2390999999047,604.7730999999047,616.7732999999523,628.7935,642.8736999998093,650.3072999999524,660.1750000000001,681.0905999999047,693.1120000000001,839.0606999998093,847.227899999857,863.2470999999047,874.111399999857,897.195,913.3651999998093,922.0792999999524,930.1455999999047,942.8645999999047,951.047,961.1485999999047,979.134399999857]","[113.24509999990464,305.63489999985694,327.11879999995233,367.30239999985696,388.65639999985694,429.2366999998093,464.2707999999523,482.6736999998093,503.2755000000001,514.4380000000001,526.9546999998093,540.0061999998093,552.555399999857,561.492399999857,573.993,588.2391999998093,604.7731999998093,616.7732999999523,628.7935,642.8736999998093,650.3072999999524,660.1750999999047,681.0905999999047,693.112399999857,839.0607999999523,847.2280999999047,863.2470999999047,874.111399999857,897.1950999999046,913.3651999998093,922.079399999857,930.1455999999047,942.8647999999523,951.0470999999047,961.1486999998093,979.1345]",,13,"[368.0515,541.0208000001908,629.4403000001907,644.0065000000001,681.7934000000954,839.7474000000954,848.1793000001908,864.0489000000954,874.9644000000955,914.865,922.695,930.9654000000954,979.7971000001431]","[368.051600000143,541.0208000001908,629.4403000001907,644.0065000000001,681.7934000000954,839.7474000000954,848.1793000001908,864.049,874.9645,914.865,922.695100000143,930.9654000000954,979.7972000000477]",23,"[114.75689999985696,306.666,327.99969999980925,389.68699999999995,431.3858999998569,465.10369999980924,483.6907999999524,504.0560999999047,515.1055000000001,527.6720999999047,553.3041999998094,562.2040999999048,574.8041999998094,589.637899999857,605.6418999998571,617.3047999999524,651.5561999998093,661.6920000000001,693.9596999998093,897.7930000000001,943.860899999857,951.7781999998093,961.7946999998094]","[114.75689999985696,306.6660999999046,327.9997999999523,389.68699999999995,431.3858999998569,465.1037999999523,483.6907999999524,504.0561999998093,515.1055000000001,527.6720999999047,553.3041999998094,562.2041999998094,574.8041999998094,589.637899999857,605.6418999998571,617.3047999999524,651.5562999999524,661.6920000000001,693.9596999998093,897.7930999999047,943.8610000000001,951.7782999999524,961.7946999998094]","[""scam_button""]",0.540375011,0.709,1.305173813,0.9784,1.305173813,0.5039,,,,,,resources/images/scam5.jpg,scam,0.7,0.65,0,0,,,,,,,,,,,,,,,,,,,,,,,,,,,,,,,,,,,,,,,,,,0,11,11,7,1,,,,,,,,,,,,,,,,,,,,,,,,,,,,,,,,,,,,,,,,,,,,,,,,,,,,,,,,,,,,,,,,,,,,,,,
,,,,,,,,,,,,,,,,614601,001,2025-04-01_18h02.42.061,SLSI3,2022.2.5,Win32,59.88023952,,,,,,,,,,,37,"[113.24509999990464,305.6347999999523,327.1186999998093,367.3022999999523,388.65639999985694,429.2366999998093,464.2707999999523,482.6735999999047,503.2755000000001,514.4380000000001,526.9545999999046,540.005899999857,552.555399999857,561.492399999857,573.993,588.2390999999047,604.7730999999047,616.7732999999523,628.7935,642.8736999998093,650.3072999999524,660.1750000000001,681.0905999999047,693.1120000000001,839.0606999998093,847.227899999857,863.2470999999047,874.111399999857,897.195,913.3651999998093,922.0792999999524,930.1455999999047,942.8645999999047,951.047,961.1485999999047,979.134399999857,985.4840999999046]","[113.24509999990464,305.63489999985694,327.11879999995233,367.30239999985696,388.65639999985694,429.2366999998093,464.2707999999523,482.6736999998093,503.2755000000001,514.4380000000001,526.9546999998093,540.0061999998093,552.555399999857,561.492399999857,573.993,588.2391999998093,604.7731999998093,616.7732999999523,628.7935,642.8736999998093,650.3072999999524,660.1750999999047,681.0905999999047,693.112399999857,839.0607999999523,847.2280999999047,863.2470999999047,874.111399999857,897.1950999999046,913.3651999998093,922.079399999857,930.1455999999047,942.8647999999523,951.0470999999047,961.1486999998093,979.1345,985.4841999998093]",,14,"[368.0515,541.0208000001908,629.4403000001907,644.0065000000001,681.7934000000954,839.7474000000954,848.1793000001908,864.0489000000954,874.9644000000955,914.865,922.695,930.9654000000954,979.7971000001431,986.9004000000954]","[368.051600000143,541.0208000001908,629.4403000001907,644.0065000000001,681.7934000000954,839.7474000000954,848.1793000001908,864.049,874.9645,914.865,922.695100000143,930.9654000000954,979.7972000000477,986.9004000000954]",23,"[114.75689999985696,306.666,327.99969999980925,389.68699999999995,431.3858999998569,465.10369999980924,483.6907999999524,504.0560999999047,515.1055000000001,527.6720999999047,553.3041999998094,562.2040999999048,574.8041999998094,589.637899999857,605.6418999998571,617.3047999999524,651.5561999998093,661.6920000000001,693.9596999998093,897.7930000000001,943.860899999857,951.7781999998093,961.7946999998094]","[114.75689999985696,306.6660999999046,327.9997999999523,389.68699999999995,431.3858999998569,465.1037999999523,483.6907999999524,504.0561999998093,515.1055000000001,527.6720999999047,553.3041999998094,562.2041999998094,574.8041999998094,589.637899999857,605.6418999998571,617.3047999999524,651.5562999999524,661.6920000000001,693.9596999998093,897.7930999999047,943.8610000000001,951.7782999999524,961.7946999998094]","[""scam_button""]",9.345626045,0.7855,5.189547516,2.5888,1.083784665,0.6913,,,,,,resources/images/scam_1.png,scam,1,0.65,0,0,,,,,,,,,,,,,,,,,,,,,,,,,,,,,,,,,,,,,,,,,,0,12,12,0,1,,,,,,,,,,,,,,,,,,,,,,,,,,,,,,,,,,,,,,,,,,,,,,,,,,,,,,,,,,,,,,,,,,,,,,,
,,,,,,,,,,,,,,,,614601,001,2025-04-01_18h02.42.061,SLSI3,2022.2.5,Win32,59.88023952,,,,,,,,,,,38,"[113.24509999990464,305.6347999999523,327.1186999998093,367.3022999999523,388.65639999985694,429.2366999998093,464.2707999999523,482.6735999999047,503.2755000000001,514.4380000000001,526.9545999999046,540.005899999857,552.555399999857,561.492399999857,573.993,588.2390999999047,604.7730999999047,616.7732999999523,628.7935,642.8736999998093,650.3072999999524,660.1750000000001,681.0905999999047,693.1120000000001,839.0606999998093,847.227899999857,863.2470999999047,874.111399999857,897.195,913.3651999998093,922.0792999999524,930.1455999999047,942.8645999999047,951.047,961.1485999999047,979.134399999857,985.4840999999046,996.7166999998093]","[113.24509999990464,305.63489999985694,327.11879999995233,367.30239999985696,388.65639999985694,429.2366999998093,464.2707999999523,482.6736999998093,503.2755000000001,514.4380000000001,526.9546999998093,540.0061999998093,552.555399999857,561.492399999857,573.993,588.2391999998093,604.7731999998093,616.7732999999523,628.7935,642.8736999998093,650.3072999999524,660.1750999999047,681.0905999999047,693.112399999857,839.0607999999523,847.2280999999047,863.2470999999047,874.111399999857,897.1950999999046,913.3651999998093,922.079399999857,930.1455999999047,942.8647999999523,951.0470999999047,961.1486999998093,979.1345,985.4841999998093,996.7166999998093]",,14,"[368.0515,541.0208000001908,629.4403000001907,644.0065000000001,681.7934000000954,839.7474000000954,848.1793000001908,864.0489000000954,874.9644000000955,914.865,922.695,930.9654000000954,979.7971000001431,986.9004000000954]","[368.051600000143,541.0208000001908,629.4403000001907,644.0065000000001,681.7934000000954,839.7474000000954,848.1793000001908,864.049,874.9645,914.865,922.695100000143,930.9654000000954,979.7972000000477,986.9004000000954]",24,"[114.75689999985696,306.666,327.99969999980925,389.68699999999995,431.3858999998569,465.10369999980924,483.6907999999524,504.0560999999047,515.1055000000001,527.6720999999047,553.3041999998094,562.2040999999048,574.8041999998094,589.637899999857,605.6418999998571,617.3047999999524,651.5561999998093,661.6920000000001,693.9596999998093,897.7930000000001,943.860899999857,951.7781999998093,961.7946999998094,997.7817999999522]","[114.75689999985696,306.6660999999046,327.9997999999523,389.68699999999995,431.3858999998569,465.1037999999523,483.6907999999524,504.0561999998093,515.1055000000001,527.6720999999047,553.3041999998094,562.2041999998094,574.8041999998094,589.637899999857,605.6418999998571,617.3047999999524,651.5562999999524,661.6920000000001,693.9596999998093,897.7930999999047,943.8610000000001,951.7782999999524,961.7946999998094,997.7817999999522]","[""legit_button""]",9.28524835,1.4146,8.97328946,1.0949,6.86003014,1.5044,,,,,,resources/images/legit9-EDIT.png,legit,1,0.65,0,0,,,,,,,,,,,,,,,,,,,,,,,,,,,,,,,,,,,,,,,,,,0,13,13,8,1,,,,,,,,,,,,,,,,,,,,,,,,,,,,,,,,,,,,,,,,,,,,,,,,,,,,,,,,,,,,,,,,,,,,,,,
,,,,,,,,,,,,,,,,614601,001,2025-04-01_18h02.42.061,SLSI3,2022.2.5,Win32,59.88023952,,,,,,,,,,,39,"[113.24509999990464,305.6347999999523,327.1186999998093,367.3022999999523,388.65639999985694,429.2366999998093,464.2707999999523,482.6735999999047,503.2755000000001,514.4380000000001,526.9545999999046,540.005899999857,552.555399999857,561.492399999857,573.993,588.2390999999047,604.7730999999047,616.7732999999523,628.7935,642.8736999998093,650.3072999999524,660.1750000000001,681.0905999999047,693.1120000000001,839.0606999998093,847.227899999857,863.2470999999047,874.111399999857,897.195,913.3651999998093,922.0792999999524,930.1455999999047,942.8645999999047,951.047,961.1485999999047,979.134399999857,985.4840999999046,996.7166999998093,1006.9354999999999]","[113.24509999990464,305.63489999985694,327.11879999995233,367.30239999985696,388.65639999985694,429.2366999998093,464.2707999999523,482.6736999998093,503.2755000000001,514.4380000000001,526.9546999998093,540.0061999998093,552.555399999857,561.492399999857,573.993,588.2391999998093,604.7731999998093,616.7732999999523,628.7935,642.8736999998093,650.3072999999524,660.1750999999047,681.0905999999047,693.112399999857,839.0607999999523,847.2280999999047,863.2470999999047,874.111399999857,897.1950999999046,913.3651999998093,922.079399999857,930.1455999999047,942.8647999999523,951.0470999999047,961.1486999998093,979.1345,985.4841999998093,996.7166999998093,1006.9354999999999]",,14,"[368.0515,541.0208000001908,629.4403000001907,644.0065000000001,681.7934000000954,839.7474000000954,848.1793000001908,864.0489000000954,874.9644000000955,914.865,922.695,930.9654000000954,979.7971000001431,986.9004000000954]","[368.051600000143,541.0208000001908,629.4403000001907,644.0065000000001,681.7934000000954,839.7474000000954,848.1793000001908,864.049,874.9645,914.865,922.695100000143,930.9654000000954,979.7972000000477,986.9004000000954]",25,"[114.75689999985696,306.666,327.99969999980925,389.68699999999995,431.3858999998569,465.10369999980924,483.6907999999524,504.0560999999047,515.1055000000001,527.6720999999047,553.3041999998094,562.2040999999048,574.8041999998094,589.637899999857,605.6418999998571,617.3047999999524,651.5561999998093,661.6920000000001,693.9596999998093,897.7930000000001,943.860899999857,951.7781999998093,961.7946999998094,997.7817999999522,1008.0956999998093]","[114.75689999985696,306.6660999999046,327.9997999999523,389.68699999999995,431.3858999998569,465.1037999999523,483.6907999999524,504.0561999998093,515.1055000000001,527.6720999999047,553.3041999998094,562.2041999998094,574.8041999998094,589.637899999857,605.6418999998571,617.3047999999524,651.5562999999524,661.6920000000001,693.9596999998093,897.7930999999047,943.8610000000001,951.7782999999524,961.7946999998094,997.7817999999522,1008.0957999999523]","[""legit_button""]",6.246177976,1.4879,6.246177976,0.5266,1.224668886,0.6433,,,,,,resources/images/legit6.png,legit,0.65,0.65,0,0,,,,,,,,,,,,,,,,,,,,,,,,,,,,,,,,,,,,,,,,,,0,14,14,13,1,,,,,,,,,,,,,,,,,,,,,,,,,,,,,,,,,,,,,,,,,,,,,,,,,,,,,,,,,,,,,,,,,,,,,,,
,,,,,,,,,,,,,,,,614601,001,2025-04-01_18h02.42.061,SLSI3,2022.2.5,Win32,59.88023952,,,,,,,,,,,40,"[113.24509999990464,305.6347999999523,327.1186999998093,367.3022999999523,388.65639999985694,429.2366999998093,464.2707999999523,482.6735999999047,503.2755000000001,514.4380000000001,526.9545999999046,540.005899999857,552.555399999857,561.492399999857,573.993,588.2390999999047,604.7730999999047,616.7732999999523,628.7935,642.8736999998093,650.3072999999524,660.1750000000001,681.0905999999047,693.1120000000001,839.0606999998093,847.227899999857,863.2470999999047,874.111399999857,897.195,913.3651999998093,922.0792999999524,930.1455999999047,942.8645999999047,951.047,961.1485999999047,979.134399999857,985.4840999999046,996.7166999998093,1006.9354999999999,1011.9991999998091]","[113.24509999990464,305.63489999985694,327.11879999995233,367.30239999985696,388.65639999985694,429.2366999998093,464.2707999999523,482.6736999998093,503.2755000000001,514.4380000000001,526.9546999998093,540.0061999998093,552.555399999857,561.492399999857,573.993,588.2391999998093,604.7731999998093,616.7732999999523,628.7935,642.8736999998093,650.3072999999524,660.1750999999047,681.0905999999047,693.112399999857,839.0607999999523,847.2280999999047,863.2470999999047,874.111399999857,897.1950999999046,913.3651999998093,922.079399999857,930.1455999999047,942.8647999999523,951.0470999999047,961.1486999998093,979.1345,985.4841999998093,996.7166999998093,1006.9354999999999,1011.9992999999523]",,15,"[368.0515,541.0208000001908,629.4403000001907,644.0065000000001,681.7934000000954,839.7474000000954,848.1793000001908,864.0489000000954,874.9644000000955,914.865,922.695,930.9654000000954,979.7971000001431,986.9004000000954,1012.7462000000477]","[368.051600000143,541.0208000001908,629.4403000001907,644.0065000000001,681.7934000000954,839.7474000000954,848.1793000001908,864.049,874.9645,914.865,922.695100000143,930.9654000000954,979.7972000000477,986.9004000000954,1012.7462000000477]",25,"[114.75689999985696,306.666,327.99969999980925,389.68699999999995,431.3858999998569,465.10369999980924,483.6907999999524,504.0560999999047,515.1055000000001,527.6720999999047,553.3041999998094,562.2040999999048,574.8041999998094,589.637899999857,605.6418999998571,617.3047999999524,651.5561999998093,661.6920000000001,693.9596999998093,897.7930000000001,943.860899999857,951.7781999998093,961.7946999998094,997.7817999999522,1008.0956999998093]","[114.75689999985696,306.6660999999046,327.9997999999523,389.68699999999995,431.3858999998569,465.1037999999523,483.6907999999524,504.0561999998093,515.1055000000001,527.6720999999047,553.3041999998094,562.2041999998094,574.8041999998094,589.637899999857,605.6418999998571,617.3047999999524,651.5562999999524,661.6920000000001,693.9596999998093,897.7930999999047,943.8610000000001,951.7782999999524,961.7946999998094,997.7817999999522,1008.0957999999523]","[""scam_button""]",1.285047781,0.7554,1.285047781,0.5185,1.285047781,0.3861,,,,,,resources/images/scam_2.png,scam,0.9,0.65,0,0,,,,,,,,,,,,,,,,,,,,,,,,,,,,,,,,,,,,,,,,,,0,15,15,1,1,,,,,,,,,,,,,,,,,,,,,,,,,,,,,,,,,,,,,,,,,,,,,,,,,,,,,,,,,,,,,,,,,,,,,,,
,,,,,,,,,,,,,,,,614601,001,2025-04-01_18h02.42.061,SLSI3,2022.2.5,Win32,59.88023952,,,,,,,,,,,41,"[113.24509999990464,305.6347999999523,327.1186999998093,367.3022999999523,388.65639999985694,429.2366999998093,464.2707999999523,482.6735999999047,503.2755000000001,514.4380000000001,526.9545999999046,540.005899999857,552.555399999857,561.492399999857,573.993,588.2390999999047,604.7730999999047,616.7732999999523,628.7935,642.8736999998093,650.3072999999524,660.1750000000001,681.0905999999047,693.1120000000001,839.0606999998093,847.227899999857,863.2470999999047,874.111399999857,897.195,913.3651999998093,922.0792999999524,930.1455999999047,942.8645999999047,951.047,961.1485999999047,979.134399999857,985.4840999999046,996.7166999998093,1006.9354999999999,1011.9991999998091,1019.9664999999999]","[113.24509999990464,305.63489999985694,327.11879999995233,367.30239999985696,388.65639999985694,429.2366999998093,464.2707999999523,482.6736999998093,503.2755000000001,514.4380000000001,526.9546999998093,540.0061999998093,552.555399999857,561.492399999857,573.993,588.2391999998093,604.7731999998093,616.7732999999523,628.7935,642.8736999998093,650.3072999999524,660.1750999999047,681.0905999999047,693.112399999857,839.0607999999523,847.2280999999047,863.2470999999047,874.111399999857,897.1950999999046,913.3651999998093,922.079399999857,930.1455999999047,942.8647999999523,951.0470999999047,961.1486999998093,979.1345,985.4841999998093,996.7166999998093,1006.9354999999999,1011.9992999999523,1019.9664999999999]",,16,"[368.0515,541.0208000001908,629.4403000001907,644.0065000000001,681.7934000000954,839.7474000000954,848.1793000001908,864.0489000000954,874.9644000000955,914.865,922.695,930.9654000000954,979.7971000001431,986.9004000000954,1012.7462000000477,1021.0969999999999]","[368.051600000143,541.0208000001908,629.4403000001907,644.0065000000001,681.7934000000954,839.7474000000954,848.1793000001908,864.049,874.9645,914.865,922.695100000143,930.9654000000954,979.7972000000477,986.9004000000954,1012.7462000000477,1021.0969999999999]",25,"[114.75689999985696,306.666,327.99969999980925,389.68699999999995,431.3858999998569,465.10369999980924,483.6907999999524,504.0560999999047,515.1055000000001,527.6720999999047,553.3041999998094,562.2040999999048,574.8041999998094,589.637899999857,605.6418999998571,617.3047999999524,651.5561999998093,661.6920000000001,693.9596999998093,897.7930000000001,943.860899999857,951.7781999998093,961.7946999998094,997.7817999999522,1008.0956999998093]","[114.75689999985696,306.6660999999046,327.9997999999523,389.68699999999995,431.3858999998569,465.1037999999523,483.6907999999524,504.0561999998093,515.1055000000001,527.6720999999047,553.3041999998094,562.2041999998094,574.8041999998094,589.637899999857,605.6418999998571,617.3047999999524,651.5562999999524,661.6920000000001,693.9596999998093,897.7930999999047,943.8610000000001,951.7782999999524,961.7946999998094,997.7817999999522,1008.0957999999523]","[""scam_button""]",6.86003014,1.702,4.756832436,2.3673,0.90264878,0.6046,,,,,,resources/images/legit10-EDIT.png,legit,1,0.65,0,0,,,,,,,,,,,,,,,,,,,,,,,,,,,,,,,,,,,,,,,,,,0,16,16,18,1,,,,,,,,,,,,,,,,,,,,,,,,,,,,,,,,,,,,,,,,,,,,,,,,,,,,,,,,,,,,,,,,,,,,,,,
,,,,,,,,,,,,,,,,614601,001,2025-04-01_18h02.42.061,SLSI3,2022.2.5,Win32,59.88023952,,,,,,,,,,,42,"[113.24509999990464,305.6347999999523,327.1186999998093,367.3022999999523,388.65639999985694,429.2366999998093,464.2707999999523,482.6735999999047,503.2755000000001,514.4380000000001,526.9545999999046,540.005899999857,552.555399999857,561.492399999857,573.993,588.2390999999047,604.7730999999047,616.7732999999523,628.7935,642.8736999998093,650.3072999999524,660.1750000000001,681.0905999999047,693.1120000000001,839.0606999998093,847.227899999857,863.2470999999047,874.111399999857,897.195,913.3651999998093,922.0792999999524,930.1455999999047,942.8645999999047,951.047,961.1485999999047,979.134399999857,985.4840999999046,996.7166999998093,1006.9354999999999,1011.9991999998091,1019.9664999999999,1027.7635999999045]","[113.24509999990464,305.63489999985694,327.11879999995233,367.30239999985696,388.65639999985694,429.2366999998093,464.2707999999523,482.6736999998093,503.2755000000001,514.4380000000001,526.9546999998093,540.0061999998093,552.555399999857,561.492399999857,573.993,588.2391999998093,604.7731999998093,616.7732999999523,628.7935,642.8736999998093,650.3072999999524,660.1750999999047,681.0905999999047,693.112399999857,839.0607999999523,847.2280999999047,863.2470999999047,874.111399999857,897.1950999999046,913.3651999998093,922.079399999857,930.1455999999047,942.8647999999523,951.0470999999047,961.1486999998093,979.1345,985.4841999998093,996.7166999998093,1006.9354999999999,1011.9992999999523,1019.9664999999999,1027.7635999999045]",,17,"[368.0515,541.0208000001908,629.4403000001907,644.0065000000001,681.7934000000954,839.7474000000954,848.1793000001908,864.0489000000954,874.9644000000955,914.865,922.695,930.9654000000954,979.7971000001431,986.9004000000954,1012.7462000000477,1021.0969999999999,1028.147]","[368.051600000143,541.0208000001908,629.4403000001907,644.0065000000001,681.7934000000954,839.7474000000954,848.1793000001908,864.049,874.9645,914.865,922.695100000143,930.9654000000954,979.7972000000477,986.9004000000954,1012.7462000000477,1021.0969999999999,1028.147]",25,"[114.75689999985696,306.666,327.99969999980925,389.68699999999995,431.3858999998569,465.10369999980924,483.6907999999524,504.0560999999047,515.1055000000001,527.6720999999047,553.3041999998094,562.2040999999048,574.8041999998094,589.637899999857,605.6418999998571,617.3047999999524,651.5561999998093,661.6920000000001,693.9596999998093,897.7930000000001,943.860899999857,951.7781999998093,961.7946999998094,997.7817999999522,1008.0956999998093]","[114.75689999985696,306.6660999999046,327.9997999999523,389.68699999999995,431.3858999998569,465.1037999999523,483.6907999999524,504.0561999998093,515.1055000000001,527.6720999999047,553.3041999998094,562.2041999998094,574.8041999998094,589.637899999857,605.6418999998571,617.3047999999524,651.5562999999524,661.6920000000001,693.9596999998093,897.7930999999047,943.8610000000001,951.7782999999524,961.7946999998094,997.7817999999522,1008.0957999999523]","[""scam_button""]",6.960661498,3.3719,1.446058034,1.1561,1.446058034,0.3939,,,,,,resources/images/scam13.png,scam,1,0.65,0,0,,,,,,,,,,,,,,,,,,,,,,,,,,,,,,,,,,,,,,,,,,0,17,17,16,1,,,,,,,,,,,,,,,,,,,,,,,,,,,,,,,,,,,,,,,,,,,,,,,,,,,,,,,,,,,,,,,,,,,,,,,
,,,,,,,,,,,,,,,,614601,001,2025-04-01_18h02.42.061,SLSI3,2022.2.5,Win32,59.88023952,,,,,,,,,,,43,"[113.24509999990464,305.6347999999523,327.1186999998093,367.3022999999523,388.65639999985694,429.2366999998093,464.2707999999523,482.6735999999047,503.2755000000001,514.4380000000001,526.9545999999046,540.005899999857,552.555399999857,561.492399999857,573.993,588.2390999999047,604.7730999999047,616.7732999999523,628.7935,642.8736999998093,650.3072999999524,660.1750000000001,681.0905999999047,693.1120000000001,839.0606999998093,847.227899999857,863.2470999999047,874.111399999857,897.195,913.3651999998093,922.0792999999524,930.1455999999047,942.8645999999047,951.047,961.1485999999047,979.134399999857,985.4840999999046,996.7166999998093,1006.9354999999999,1011.9991999998091,1019.9664999999999,1027.7635999999045,1043.0345999999045]","[113.24509999990464,305.63489999985694,327.11879999995233,367.30239999985696,388.65639999985694,429.2366999998093,464.2707999999523,482.6736999998093,503.2755000000001,514.4380000000001,526.9546999998093,540.0061999998093,552.555399999857,561.492399999857,573.993,588.2391999998093,604.7731999998093,616.7732999999523,628.7935,642.8736999998093,650.3072999999524,660.1750999999047,681.0905999999047,693.112399999857,839.0607999999523,847.2280999999047,863.2470999999047,874.111399999857,897.1950999999046,913.3651999998093,922.079399999857,930.1455999999047,942.8647999999523,951.0470999999047,961.1486999998093,979.1345,985.4841999998093,996.7166999998093,1006.9354999999999,1011.9992999999523,1019.9664999999999,1027.7635999999045,1043.0345999999045]",,17,"[368.0515,541.0208000001908,629.4403000001907,644.0065000000001,681.7934000000954,839.7474000000954,848.1793000001908,864.0489000000954,874.9644000000955,914.865,922.695,930.9654000000954,979.7971000001431,986.9004000000954,1012.7462000000477,1021.0969999999999,1028.147]","[368.051600000143,541.0208000001908,629.4403000001907,644.0065000000001,681.7934000000954,839.7474000000954,848.1793000001908,864.049,874.9645,914.865,922.695100000143,930.9654000000954,979.7972000000477,986.9004000000954,1012.7462000000477,1021.0969999999999,1028.147]",26,"[114.75689999985696,306.666,327.99969999980925,389.68699999999995,431.3858999998569,465.10369999980924,483.6907999999524,504.0560999999047,515.1055000000001,527.6720999999047,553.3041999998094,562.2040999999048,574.8041999998094,589.637899999857,605.6418999998571,617.3047999999524,651.5561999998093,661.6920000000001,693.9596999998093,897.7930000000001,943.860899999857,951.7781999998093,961.7946999998094,997.7817999999522,1008.0956999998093,1043.4631999998091]","[114.75689999985696,306.6660999999046,327.9997999999523,389.68699999999995,431.3858999998569,465.1037999999523,483.6907999999524,504.0561999998093,515.1055000000001,527.6720999999047,553.3041999998094,562.2041999998094,574.8041999998094,589.637899999857,605.6418999998571,617.3047999999524,651.5562999999524,661.6920000000001,693.9596999998093,897.7930999999047,943.8610000000001,951.7782999999524,961.7946999998094,997.7817999999522,1008.0957999999523,1043.4632999999524]","[""legit_button""]",7.926723016,2.0614,1.697636429,0.6878,1.697636429,0.4946,,,,,,resources/images/scam6.jpg,scam,1,0.65,0,0,,,,,,,,,,,,,,,,,,,,,,,,,,,,,,,,,,,,,,,,,,0,18,18,9,1,,,,,,,,,,,,,,,,,,,,,,,,,,,,,,,,,,,,,,,,,,,,,,,,,,,,,,,,,,,,,,,,,,,,,,,
,,,,,,,,,,,,,,,,614601,001,2025-04-01_18h02.42.061,SLSI3,2022.2.5,Win32,59.88023952,,,,,,,,,,,44,"[113.24509999990464,305.6347999999523,327.1186999998093,367.3022999999523,388.65639999985694,429.2366999998093,464.2707999999523,482.6735999999047,503.2755000000001,514.4380000000001,526.9545999999046,540.005899999857,552.555399999857,561.492399999857,573.993,588.2390999999047,604.7730999999047,616.7732999999523,628.7935,642.8736999998093,650.3072999999524,660.1750000000001,681.0905999999047,693.1120000000001,839.0606999998093,847.227899999857,863.2470999999047,874.111399999857,897.195,913.3651999998093,922.0792999999524,930.1455999999047,942.8645999999047,951.047,961.1485999999047,979.134399999857,985.4840999999046,996.7166999998093,1006.9354999999999,1011.9991999998091,1019.9664999999999,1027.7635999999045,1043.0345999999045,1049.7168999998569]","[113.24509999990464,305.63489999985694,327.11879999995233,367.30239999985696,388.65639999985694,429.2366999998093,464.2707999999523,482.6736999998093,503.2755000000001,514.4380000000001,526.9546999998093,540.0061999998093,552.555399999857,561.492399999857,573.993,588.2391999998093,604.7731999998093,616.7732999999523,628.7935,642.8736999998093,650.3072999999524,660.1750999999047,681.0905999999047,693.112399999857,839.0607999999523,847.2280999999047,863.2470999999047,874.111399999857,897.1950999999046,913.3651999998093,922.079399999857,930.1455999999047,942.8647999999523,951.0470999999047,961.1486999998093,979.1345,985.4841999998093,996.7166999998093,1006.9354999999999,1011.9992999999523,1019.9664999999999,1027.7635999999045,1043.0345999999045,1049.7168999998569]",,17,"[368.0515,541.0208000001908,629.4403000001907,644.0065000000001,681.7934000000954,839.7474000000954,848.1793000001908,864.0489000000954,874.9644000000955,914.865,922.695,930.9654000000954,979.7971000001431,986.9004000000954,1012.7462000000477,1021.0969999999999,1028.147]","[368.051600000143,541.0208000001908,629.4403000001907,644.0065000000001,681.7934000000954,839.7474000000954,848.1793000001908,864.049,874.9645,914.865,922.695100000143,930.9654000000954,979.7972000000477,986.9004000000954,1012.7462000000477,1021.0969999999999,1028.147]",27,"[114.75689999985696,306.666,327.99969999980925,389.68699999999995,431.3858999998569,465.10369999980924,483.6907999999524,504.0560999999047,515.1055000000001,527.6720999999047,553.3041999998094,562.2040999999048,574.8041999998094,589.637899999857,605.6418999998571,617.3047999999524,651.5561999998093,661.6920000000001,693.9596999998093,897.7930000000001,943.860899999857,951.7781999998093,961.7946999998094,997.7817999999522,1008.0956999998093,1043.4631999998091,1050.017399999857]","[114.75689999985696,306.6660999999046,327.9997999999523,389.68699999999995,431.3858999998569,465.1037999999523,483.6907999999524,504.0561999998093,515.1055000000001,527.6720999999047,553.3041999998094,562.2041999998094,574.8041999998094,589.637899999857,605.6418999998571,617.3047999999524,651.5562999999524,661.6920000000001,693.9596999998093,897.7930999999047,943.8610000000001,951.7782999999524,961.7946999998094,997.7817999999522,1008.0957999999523,1043.4632999999524,1050.017399999857]","[""legit_button""]",7.765713163,1.7238,1.556752608,1.3205,1.556752608,0.4903,,,,,,resources/images/legit8.png,legit,0.8,0.72,0,0,,,,,,,,,,,,,,,,,,,,,,,,,,,,,,,,,,,,,,,,,,0,19,19,15,1,,,,,,,,,,,,,,,,,,,,,,,,,,,,,,,,,,,,,,,,,,,,,,,,,,,,,,,,,,,,,,,,,,,,,,,
,,,,,,,,,,,,,,,,614601,001,2025-04-01_18h02.42.061,SLSI3,2022.2.5,Win32,59.88023952,,,,,,,,,,,45,"[113.24509999990464,305.6347999999523,327.1186999998093,367.3022999999523,388.65639999985694,429.2366999998093,464.2707999999523,482.6735999999047,503.2755000000001,514.4380000000001,526.9545999999046,540.005899999857,552.555399999857,561.492399999857,573.993,588.2390999999047,604.7730999999047,616.7732999999523,628.7935,642.8736999998093,650.3072999999524,660.1750000000001,681.0905999999047,693.1120000000001,839.0606999998093,847.227899999857,863.2470999999047,874.111399999857,897.195,913.3651999998093,922.0792999999524,930.1455999999047,942.8645999999047,951.047,961.1485999999047,979.134399999857,985.4840999999046,996.7166999998093,1006.9354999999999,1011.9991999998091,1019.9664999999999,1027.7635999999045,1043.0345999999045,1049.7168999998569,1058.5149999999999]","[113.24509999990464,305.63489999985694,327.11879999995233,367.30239999985696,388.65639999985694,429.2366999998093,464.2707999999523,482.6736999998093,503.2755000000001,514.4380000000001,526.9546999998093,540.0061999998093,552.555399999857,561.492399999857,573.993,588.2391999998093,604.7731999998093,616.7732999999523,628.7935,642.8736999998093,650.3072999999524,660.1750999999047,681.0905999999047,693.112399999857,839.0607999999523,847.2280999999047,863.2470999999047,874.111399999857,897.1950999999046,913.3651999998093,922.079399999857,930.1455999999047,942.8647999999523,951.0470999999047,961.1486999998093,979.1345,985.4841999998093,996.7166999998093,1006.9354999999999,1011.9992999999523,1019.9664999999999,1027.7635999999045,1043.0345999999045,1049.7168999998569,1058.5149999999999]",,17,"[368.0515,541.0208000001908,629.4403000001907,644.0065000000001,681.7934000000954,839.7474000000954,848.1793000001908,864.0489000000954,874.9644000000955,914.865,922.695,930.9654000000954,979.7971000001431,986.9004000000954,1012.7462000000477,1021.0969999999999,1028.147]","[368.051600000143,541.0208000001908,629.4403000001907,644.0065000000001,681.7934000000954,839.7474000000954,848.1793000001908,864.049,874.9645,914.865,922.695100000143,930.9654000000954,979.7972000000477,986.9004000000954,1012.7462000000477,1021.0969999999999,1028.147]",28,"[114.75689999985696,306.666,327.99969999980925,389.68699999999995,431.3858999998569,465.10369999980924,483.6907999999524,504.0560999999047,515.1055000000001,527.6720999999047,553.3041999998094,562.2040999999048,574.8041999998094,589.637899999857,605.6418999998571,617.3047999999524,651.5561999998093,661.6920000000001,693.9596999998093,897.7930000000001,943.860899999857,951.7781999998093,961.7946999998094,997.7817999999522,1008.0956999998093,1043.4631999998091,1050.017399999857,1058.8497999999522]","[114.75689999985696,306.6660999999046,327.9997999999523,389.68699999999995,431.3858999998569,465.1037999999523,483.6907999999524,504.0561999998093,515.1055000000001,527.6720999999047,553.3041999998094,562.2041999998094,574.8041999998094,589.637899999857,605.6418999998571,617.3047999999524,651.5562999999524,661.6920000000001,693.9596999998093,897.7930999999047,943.8610000000001,951.7782999999524,961.7946999998094,997.7817999999522,1008.0957999999523,1043.4632999999524,1050.017399999857,1058.849899999857]","[""legit_button""]",9.466384635,1.9734,1.053595417,0.6427,1.053595417,0.4721,,,,,,resources/images/legit3.jpg,legit,1,0.73,0,0,,,,,,,,,,,,,,,,,,,,,,,,,,,,,,,,,,,,,,,,,,0,20,20,5,1,,,,,,,,,,,,,,,,,,,,,,,,,,,,,,,,,,,,,,,,,,,,,,,,,,,,,,,,,,,,,,,,,,,,,,,
,,,,,,,,,,,,,,,,614601,001,2025-04-01_18h02.42.061,SLSI3,2022.2.5,Win32,59.88023952,,,,,,,,,,,46,"[113.24509999990464,305.6347999999523,327.1186999998093,367.3022999999523,388.65639999985694,429.2366999998093,464.2707999999523,482.6735999999047,503.2755000000001,514.4380000000001,526.9545999999046,540.005899999857,552.555399999857,561.492399999857,573.993,588.2390999999047,604.7730999999047,616.7732999999523,628.7935,642.8736999998093,650.3072999999524,660.1750000000001,681.0905999999047,693.1120000000001,839.0606999998093,847.227899999857,863.2470999999047,874.111399999857,897.195,913.3651999998093,922.0792999999524,930.1455999999047,942.8645999999047,951.047,961.1485999999047,979.134399999857,985.4840999999046,996.7166999998093,1006.9354999999999,1011.9991999998091,1019.9664999999999,1027.7635999999045,1043.0345999999045,1049.7168999998569,1058.5149999999999,1068.0317999999522]","[113.24509999990464,305.63489999985694,327.11879999995233,367.30239999985696,388.65639999985694,429.2366999998093,464.2707999999523,482.6736999998093,503.2755000000001,514.4380000000001,526.9546999998093,540.0061999998093,552.555399999857,561.492399999857,573.993,588.2391999998093,604.7731999998093,616.7732999999523,628.7935,642.8736999998093,650.3072999999524,660.1750999999047,681.0905999999047,693.112399999857,839.0607999999523,847.2280999999047,863.2470999999047,874.111399999857,897.1950999999046,913.3651999998093,922.079399999857,930.1455999999047,942.8647999999523,951.0470999999047,961.1486999998093,979.1345,985.4841999998093,996.7166999998093,1006.9354999999999,1011.9992999999523,1019.9664999999999,1027.7635999999045,1043.0345999999045,1049.7168999998569,1058.5149999999999,1068.0317999999522]",,18,"[368.0515,541.0208000001908,629.4403000001907,644.0065000000001,681.7934000000954,839.7474000000954,848.1793000001908,864.0489000000954,874.9644000000955,914.865,922.695,930.9654000000954,979.7971000001431,986.9004000000954,1012.7462000000477,1021.0969999999999,1028.147,1068.681100000143]","[368.051600000143,541.0208000001908,629.4403000001907,644.0065000000001,681.7934000000954,839.7474000000954,848.1793000001908,864.049,874.9645,914.865,922.695100000143,930.9654000000954,979.7972000000477,986.9004000000954,1012.7462000000477,1021.0969999999999,1028.147,1068.6812000000477]",28,"[114.75689999985696,306.666,327.99969999980925,389.68699999999995,431.3858999998569,465.10369999980924,483.6907999999524,504.0560999999047,515.1055000000001,527.6720999999047,553.3041999998094,562.2040999999048,574.8041999998094,589.637899999857,605.6418999998571,617.3047999999524,651.5561999998093,661.6920000000001,693.9596999998093,897.7930000000001,943.860899999857,951.7781999998093,961.7946999998094,997.7817999999522,1008.0956999998093,1043.4631999998091,1050.017399999857,1058.8497999999522]","[114.75689999985696,306.6660999999046,327.9997999999523,389.68699999999995,431.3858999998569,465.1037999999523,483.6907999999524,504.0561999998093,515.1055000000001,527.6720999999047,553.3041999998094,562.2041999998094,574.8041999998094,589.637899999857,605.6418999998571,617.3047999999524,651.5562999999524,661.6920000000001,693.9596999998093,897.7930999999047,943.8610000000001,951.7782999999524,961.7946999998094,997.7817999999522,1008.0957999999523,1043.4632999999524,1050.017399999857,1058.849899999857]","[""scam_button""]",8.54057518,1.2255,1.697636429,1.2681,1.697636429,0.4024,,,,,,resources/images/scam_11.png,scam,1,0.65,0,0,,,,,,,,,,,,,,,,,,,,,,,,,,,,,,,,,,,,,,,,,,0,21,21,19,1,,,,,,,,,,,,,,,,,,,,,,,,,,,,,,,,,,,,,,,,,,,,,,,,,,,,,,,,,,,,,,,,,,,,,,,
,,,,,,,,,,,,,,,,614601,001,2025-04-01_18h02.42.061,SLSI3,2022.2.5,Win32,59.88023952,,,,,,,,,,,47,"[113.24509999990464,305.6347999999523,327.1186999998093,367.3022999999523,388.65639999985694,429.2366999998093,464.2707999999523,482.6735999999047,503.2755000000001,514.4380000000001,526.9545999999046,540.005899999857,552.555399999857,561.492399999857,573.993,588.2390999999047,604.7730999999047,616.7732999999523,628.7935,642.8736999998093,650.3072999999524,660.1750000000001,681.0905999999047,693.1120000000001,839.0606999998093,847.227899999857,863.2470999999047,874.111399999857,897.195,913.3651999998093,922.0792999999524,930.1455999999047,942.8645999999047,951.047,961.1485999999047,979.134399999857,985.4840999999046,996.7166999998093,1006.9354999999999,1011.9991999998091,1019.9664999999999,1027.7635999999045,1043.0345999999045,1049.7168999998569,1058.5149999999999,1068.0317999999522,1079.9321999998092]","[113.24509999990464,305.63489999985694,327.11879999995233,367.30239999985696,388.65639999985694,429.2366999998093,464.2707999999523,482.6736999998093,503.2755000000001,514.4380000000001,526.9546999998093,540.0061999998093,552.555399999857,561.492399999857,573.993,588.2391999998093,604.7731999998093,616.7732999999523,628.7935,642.8736999998093,650.3072999999524,660.1750999999047,681.0905999999047,693.112399999857,839.0607999999523,847.2280999999047,863.2470999999047,874.111399999857,897.1950999999046,913.3651999998093,922.079399999857,930.1455999999047,942.8647999999523,951.0470999999047,961.1486999998093,979.1345,985.4841999998093,996.7166999998093,1006.9354999999999,1011.9992999999523,1019.9664999999999,1027.7635999999045,1043.0345999999045,1049.7168999998569,1058.5149999999999,1068.0317999999522,1079.9322999999522]",,18,"[368.0515,541.0208000001908,629.4403000001907,644.0065000000001,681.7934000000954,839.7474000000954,848.1793000001908,864.0489000000954,874.9644000000955,914.865,922.695,930.9654000000954,979.7971000001431,986.9004000000954,1012.7462000000477,1021.0969999999999,1028.147,1068.681100000143]","[368.051600000143,541.0208000001908,629.4403000001907,644.0065000000001,681.7934000000954,839.7474000000954,848.1793000001908,864.049,874.9645,914.865,922.695100000143,930.9654000000954,979.7972000000477,986.9004000000954,1012.7462000000477,1021.0969999999999,1028.147,1068.6812000000477]",29,"[114.75689999985696,306.666,327.99969999980925,389.68699999999995,431.3858999998569,465.10369999980924,483.6907999999524,504.0560999999047,515.1055000000001,527.6720999999047,553.3041999998094,562.2040999999048,574.8041999998094,589.637899999857,605.6418999998571,617.3047999999524,651.5561999998093,661.6920000000001,693.9596999998093,897.7930000000001,943.860899999857,951.7781999998093,961.7946999998094,997.7817999999522,1008.0956999998093,1043.4631999998091,1050.017399999857,1058.8497999999522,1080.2631999998093]","[114.75689999985696,306.6660999999046,327.9997999999523,389.68699999999995,431.3858999998569,465.1037999999523,483.6907999999524,504.0561999998093,515.1055000000001,527.6720999999047,553.3041999998094,562.2041999998094,574.8041999998094,589.637899999857,605.6418999998571,617.3047999999524,651.5562999999524,661.6920000000001,693.9596999998093,897.7930999999047,943.8610000000001,951.7782999999524,961.7946999998094,997.7817999999522,1008.0957999999523,1043.4632999999524,1050.017399999857,1058.849899999857,1080.2632999999523]","[""legit_button""]",4.726642788,2.2562,2.090099446,0.6432,2.090099446,0.4485,,,,,,resources/images/legit5-EDIT.png,legit,0.65,0.65,0,0,,,,,,,,,,,,,,,,,,,,,,,,,,,,,,,,,,,,,,,,,,0,22,22,12,1,,,,,,,,,,,,,,,,,,,,,,,,,,,,,,,,,,,,,,,,,,,,,,,,,,,,,,,,,,,,,,,,,,,,,,,
,,,,,,,,,,,,,,,,614601,001,2025-04-01_18h02.42.061,SLSI3,2022.2.5,Win32,59.88023952,,,,,,,,,,,48,"[113.24509999990464,305.6347999999523,327.1186999998093,367.3022999999523,388.65639999985694,429.2366999998093,464.2707999999523,482.6735999999047,503.2755000000001,514.4380000000001,526.9545999999046,540.005899999857,552.555399999857,561.492399999857,573.993,588.2390999999047,604.7730999999047,616.7732999999523,628.7935,642.8736999998093,650.3072999999524,660.1750000000001,681.0905999999047,693.1120000000001,839.0606999998093,847.227899999857,863.2470999999047,874.111399999857,897.195,913.3651999998093,922.0792999999524,930.1455999999047,942.8645999999047,951.047,961.1485999999047,979.134399999857,985.4840999999046,996.7166999998093,1006.9354999999999,1011.9991999998091,1019.9664999999999,1027.7635999999045,1043.0345999999045,1049.7168999998569,1058.5149999999999,1068.0317999999522,1079.9321999998092,1085.499699999809]","[113.24509999990464,305.63489999985694,327.11879999995233,367.30239999985696,388.65639999985694,429.2366999998093,464.2707999999523,482.6736999998093,503.2755000000001,514.4380000000001,526.9546999998093,540.0061999998093,552.555399999857,561.492399999857,573.993,588.2391999998093,604.7731999998093,616.7732999999523,628.7935,642.8736999998093,650.3072999999524,660.1750999999047,681.0905999999047,693.112399999857,839.0607999999523,847.2280999999047,863.2470999999047,874.111399999857,897.1950999999046,913.3651999998093,922.079399999857,930.1455999999047,942.8647999999523,951.0470999999047,961.1486999998093,979.1345,985.4841999998093,996.7166999998093,1006.9354999999999,1011.9992999999523,1019.9664999999999,1027.7635999999045,1043.0345999999045,1049.7168999998569,1058.5149999999999,1068.0317999999522,1079.9322999999522,1085.499699999809]",,19,"[368.0515,541.0208000001908,629.4403000001907,644.0065000000001,681.7934000000954,839.7474000000954,848.1793000001908,864.0489000000954,874.9644000000955,914.865,922.695,930.9654000000954,979.7971000001431,986.9004000000954,1012.7462000000477,1021.0969999999999,1028.147,1068.681100000143,1086.7517000000478]","[368.051600000143,541.0208000001908,629.4403000001907,644.0065000000001,681.7934000000954,839.7474000000954,848.1793000001908,864.049,874.9645,914.865,922.695100000143,930.9654000000954,979.7972000000477,986.9004000000954,1012.7462000000477,1021.0969999999999,1028.147,1068.6812000000477,1086.7519000000955]",29,"[114.75689999985696,306.666,327.99969999980925,389.68699999999995,431.3858999998569,465.10369999980924,483.6907999999524,504.0560999999047,515.1055000000001,527.6720999999047,553.3041999998094,562.2040999999048,574.8041999998094,589.637899999857,605.6418999998571,617.3047999999524,651.5561999998093,661.6920000000001,693.9596999998093,897.7930000000001,943.860899999857,951.7781999998093,961.7946999998094,997.7817999999522,1008.0956999998093,1043.4631999998091,1050.017399999857,1058.8497999999522,1080.2631999998093]","[114.75689999985696,306.6660999999046,327.9997999999523,389.68699999999995,431.3858999998569,465.1037999999523,483.6907999999524,504.0561999998093,515.1055000000001,527.6720999999047,553.3041999998094,562.2041999998094,574.8041999998094,589.637899999857,605.6418999998571,617.3047999999524,651.5562999999524,661.6920000000001,693.9596999998093,897.7930999999047,943.8610000000001,951.7782999999524,961.7946999998094,997.7817999999522,1008.0957999999523,1043.4632999999524,1050.017399999857,1058.849899999857,1080.2632999999523]","[""scam_button""]",8.419817391,0.8209,6.246177976,1.6174,1.737889293,0.5987,,,,,,resources/images/legit2.jpg,legit,1,0.65,0,0,,,,,,,,,,,,,,,,,,,,,,,,,,,,,,,,,,,,,,,,,,0,23,23,4,1,,,,,,,,,,,,,,,,,,,,,,,,,,,,,,,,,,,,,,,,,,,,,,,,,,,,,,,,,,,,,,,,,,,,,,,
,,,,,,,,,,,,,,,,614601,001,2025-04-01_18h02.42.061,SLSI3,2022.2.5,Win32,59.88023952,,,,,,,,,,,,,,,,,,,,,,,,,,,,,,,,,,,,,,,,,,,,,,,,,,,,,,,,,,,,,,,,,,,,,,,,,,,,,,,,,,,,,space,0.2325,,,,,,,,,,,,,,,,,,,,,,,,,,,,,,,,,,,,,,,,,,,,,,,,,,,,,,,,,,,,,,,,,,,,,
,,,,,,,,,,,,,,,,614601,001,2025-04-01_18h02.42.061,SLSI3,2022.2.5,Win32,59.88023952,,,,,,,,,,,,,,,,,,,,,,,,,,,,,,,,,,,,,,,,,,,,,,,,,,,,,,,,,,,,,,,,,,,,,,,,,,,,,,,,,,,,,,,4,3.5105,...often feels sad,0,0,0,0,1,...often feels sad,,,,,,,,,,,,,,,,,,,,,,,,,,,,,,,,,,,,,,,,,,,,,,,,,,,,,,,,,,,,
,,,,,,,,,,,,,,,,614601,001,2025-04-01_18h02.42.061,SLSI3,2022.2.5,Win32,59.88023952,,,,,,,,,,,,,,,,,,,,,,,,,,,,,,,,,,,,,,,,,,,,,,,,,,,,,,,,,,,,,,,,,,,,,,,,,,,,,,,,,,,,,,,3,2.7644,"...is persistent, works until the task is finished",0,1,1,5,1,"...is persistent, works until the task is finished",,,,,,,,,,,,,,,,,,,,,,,,,,,,,,,,,,,,,,,,,,,,,,,,,,,,,,,,,,,,
,,,,,,,,,,,,,,,,614601,001,2025-04-01_18h02.42.061,SLSI3,2022.2.5,Win32,59.88023952,,,,,,,,,,,,,,,,,,,,,,,,,,,,,,,,,,,,,,,,,,,,,,,,,,,,,,,,,,,,,,,,,,,,,,,,,,,,,,,,,,,,,,,4,2.4054,...is inventive,0,2,2,2,1,...is inventive,,,,,,,,,,,,,,,,,,,,,,,,,,,,,,,,,,,,,,,,,,,,,,,,,,,,,,,,,,,,
,,,,,,,,,,,,,,,,614601,001,2025-04-01_18h02.42.061,SLSI3,2022.2.5,Win32,59.88023952,,,,,,,,,,,,,,,,,,,,,,,,,,,,,,,,,,,,,,,,,,,,,,,,,,,,,,,,,,,,,,,,,,,,,,,,,,,,,,,,,,,,,,,4,1.4001,"....is reliable, can always be counted on",0,3,3,4,1,"....is reliable, can always be counted on",,,,,,,,,,,,,,,,,,,,,,,,,,,,,,,,,,,,,,,,,,,,,,,,,,,,,,,,,,,,
,,,,,,,,,,,,,,,,614601,001,2025-04-01_18h02.42.061,SLSI3,2022.2.5,Win32,59.88023952,,,,,,,,,,,,,,,,,,,,,,,,,,,,,,,,,,,,,,,,,,,,,,,,,,,,,,,,,,,,,,,,,,,,,,,,,,,,,,,,,,,,,,,3,1.8226,...is talktative,0,4,4,1,1,...is talktative,,,,,,,,,,,,,,,,,,,,,,,,,,,,,,,,,,,,,,,,,,,,,,,,,,,,,,,,,,,,
,,,,,,,,,,,,,,,,614601,001,2025-04-01_18h02.42.061,SLSI3,2022.2.5,Win32,59.88023952,,,,,,,,,,,,,,,,,,,,,,,,,,,,,,,,,,,,,,,,,,,,,,,,,,,,,,,,,,,,,,,,,,,,,,,,,,,,,,,,,,,,,,,4,1.8122,...finds clever ways to do things,0,5,5,3,1,...finds clever ways to do things,,,,,,,,,,,,,,,,,,,,,,,,,,,,,,,,,,,,,,,,,,,,,,,,,,,,,,,,,,,,
,,,,,,,,,,,,,,,,614601,001,2025-04-01_18h02.42.061,SLSI3,2022.2.5,Win32,59.88023952,,,,,,,,,,,,,,,,,,,,,,,,,,,,,,,,,,,,,,,,,,,,,,,,,,,,,,,,,,,,,,,,,,,,,,,,,,,,,,,,,,,,,,,,,,,,,,,,space,7.1059,,,,,,,,,,,,,,,,,,,,,,,,,,,,,,,,,,,,,,,,,,,,,,,,,,,,,,,,,,
,,,,,,,,,,,,,,,,614601,001,2025-04-01_18h02.42.061,SLSI3,2022.2.5,Win32,59.88023952,,,,,,,,,,,,,,,,,,,,,,,,,,,,,,,,,,,,,,,,,,,,,,,,,,,,,,,,,,,,,,,,,,,,,,,,,,,,,,,,,,,,,,,,,,,,,,,,,,4,5.1019,,0,0,0,18,1,People come to me for advice.,,,,,,,,,,,,,,,,,,,,,,,,,,,,,,,,,,,,,,,,,,,,,,,,,
,,,,,,,,,,,,,,,,614601,001,2025-04-01_18h02.42.061,SLSI3,2022.2.5,Win32,59.88023952,,,,,,,,,,,,,,,,,,,,,,,,,,,,,,,,,,,,,,,,,,,,,,,,,,,,,,,,,,,,,,,,,,,,,,,,,,,,,,,,,,,,,,,,,,,,,,,,,,3,1.7155,,0,1,1,1,1,I feel that other people need me.,,,,,,,,,,,,,,,,,,,,,,,,,,,,,,,,,,,,,,,,,,,,,,,,,
,,,,,,,,,,,,,,,,614601,001,2025-04-01_18h02.42.061,SLSI3,2022.2.5,Win32,59.88023952,,,,,,,,,,,,,,,,,,,,,,,,,,,,,,,,,,,,,,,,,,,,,,,,,,,,,,,,,,,,,,,,,,,,,,,,,,,,,,,,,,,,,,,,,,,,,,,,,,4,1.9711,,0,2,2,17,1,I have a responsibility to improve the neighborhood in which I live.,,,,,,,,,,,,,,,,,,,,,,,,,,,,,,,,,,,,,,,,,,,,,,,,,
,,,,,,,,,,,,,,,,614601,001,2025-04-01_18h02.42.061,SLSI3,2022.2.5,Win32,59.88023952,,,,,,,,,,,,,,,,,,,,,,,,,,,,,,,,,,,,,,,,,,,,,,,,,,,,,,,,,,,,,,,,,,,,,,,,,,,,,,,,,,,,,,,,,,,,,,,,,,3,2.2683,,0,3,3,4,1,I volunteer to work for a charity.,,,,,,,,,,,,,,,,,,,,,,,,,,,,,,,,,,,,,,,,,,,,,,,,,
,,,,,,,,,,,,,,,,614601,001,2025-04-01_18h02.42.061,SLSI3,2022.2.5,Win32,59.88023952,,,,,,,,,,,,,,,,,,,,,,,,,,,,,,,,,,,,,,,,,,,,,,,,,,,,,,,,,,,,,,,,,,,,,,,,,,,,,,,,,,,,,,,,,,,,,,,,,,4,1.3142,,0,4,4,11,1,I have important skills that I try to teach others.,,,,,,,,,,,,,,,,,,,,,,,,,,,,,,,,,,,,,,,,,,,,,,,,,
,,,,,,,,,,,,,,,,614601,001,2025-04-01_18h02.42.061,SLSI3,2022.2.5,Win32,59.88023952,,,,,,,,,,,,,,,,,,,,,,,,,,,,,,,,,,,,,,,,,,,,,,,,,,,,,,,,,,,,,,,,,,,,,,,,,,,,,,,,,,,,,,,,,,,,,,,,,,3,2.2989,,0,5,5,6,1,I try to be creative in most things that I do.,,,,,,,,,,,,,,,,,,,,,,,,,,,,,,,,,,,,,,,,,,,,,,,,,
,,,,,,,,,,,,,,,,614601,001,2025-04-01_18h02.42.061,SLSI3,2022.2.5,Win32,59.88023952,,,,,,,,,,,,,,,,,,,,,,,,,,,,,,,,,,,,,,,,,,,,,,,,,,,,,,,,,,,,,,,,,,,,,,,,,,,,,,,,,,,,,,,,,,,,,,,,,,4,1.8099,,0,6,6,5,1,I have made and created things that have had an impact on other people.,,,,,,,,,,,,,,,,,,,,,,,,,,,,,,,,,,,,,,,,,,,,,,,,,
,,,,,,,,,,,,,,,,614601,001,2025-04-01_18h02.42.061,SLSI3,2022.2.5,Win32,59.88023952,,,,,,,,,,,,,,,,,,,,,,,,,,,,,,,,,,,,,,,,,,,,,,,,,,,,,,,,,,,,,,,,,,,,,,,,,,,,,,,,,,,,,,,,,,,,,,,,,,3,3.0986,,0,7,7,12,1,I feel that things I have done in my life will survive after I die.,,,,,,,,,,,,,,,,,,,,,,,,,,,,,,,,,,,,,,,,,,,,,,,,,
,,,,,,,,,,,,,,,,614601,001,2025-04-01_18h02.42.061,SLSI3,2022.2.5,Win32,59.88023952,,,,,,,,,,,,,,,,,,,,,,,,,,,,,,,,,,,,,,,,,,,,,,,,,,,,,,,,,,,,,,,,,,,,,,,,,,,,,,,,,,,,,,,,,,,,,,,,,,3,4.1145,,0,8,8,9,1,Others would say that I have made unique contributions to society.,,,,,,,,,,,,,,,,,,,,,,,,,,,,,,,,,,,,,,,,,,,,,,,,,
,,,,,,,,,,,,,,,,614601,001,2025-04-01_18h02.42.061,SLSI3,2022.2.5,Win32,59.88023952,,,,,,,,,,,,,,,,,,,,,,,,,,,,,,,,,,,,,,,,,,,,,,,,,,,,,,,,,,,,,,,,,,,,,,,,,,,,,,,,,,,,,,,,,,,,,,,,,,4,1.6316,,0,9,9,2,1,I think I would like the work of a teacher.,,,,,,,,,,,,,,,,,,,,,,,,,,,,,,,,,,,,,,,,,,,,,,,,,
,,,,,,,,,,,,,,,,614601,001,2025-04-01_18h02.42.061,SLSI3,2022.2.5,Win32,59.88023952,,,,,,,,,,,,,,,,,,,,,,,,,,,,,,,,,,,,,,,,,,,,,,,,,,,,,,,,,,,,,,,,,,,,,,,,,,,,,,,,,,,,,,,,,,,,,,,,,,4,3.314,,0,10,10,15,1,"I have made many commitments to many different kinds of people, groups, and activities in my life.",,,,,,,,,,,,,,,,,,,,,,,,,,,,,,,,,,,,,,,,,,,,,,,,,
,,,,,,,,,,,,,,,,614601,001,2025-04-01_18h02.42.061,SLSI3,2022.2.5,Win32,59.88023952,,,,,,,,,,,,,,,,,,,,,,,,,,,,,,,,,,,,,,,,,,,,,,,,,,,,,,,,,,,,,,,,,,,,,,,,,,,,,,,,,,,,,,,,,,,,,,,,,,3,1.5756,,0,11,11,13,1,"In general, my actions have a positive effect on other people.",,,,,,,,,,,,,,,,,,,,,,,,,,,,,,,,,,,,,,,,,,,,,,,,,
,,,,,,,,,,,,,,,,614601,001,2025-04-01_18h02.42.061,SLSI3,2022.2.5,Win32,59.88023952,,,,,,,,,,,,,,,,,,,,,,,,,,,,,,,,,,,,,,,,,,,,,,,,,,,,,,,,,,,,,,,,,,,,,,,,,,,,,,,,,,,,,,,,,,,,,,,,,,4,2.5805,,0,12,12,8,1,I believe that society should be responsible for providing food and shelter for all homeless people.,,,,,,,,,,,,,,,,,,,,,,,,,,,,,,,,,,,,,,,,,,,,,,,,,
,,,,,,,,,,,,,,,,614601,001,2025-04-01_18h02.42.061,SLSI3,2022.2.5,Win32,59.88023952,,,,,,,,,,,,,,,,,,,,,,,,,,,,,,,,,,,,,,,,,,,,,,,,,,,,,,,,,,,,,,,,,,,,,,,,,,,,,,,,,,,,,,,,,,,,,,,,,,3,1.366,,0,13,13,3,1,I feel as though I have made a difference to many people.,,,,,,,,,,,,,,,,,,,,,,,,,,,,,,,,,,,,,,,,,,,,,,,,,
,,,,,,,,,,,,,,,,614601,001,2025-04-01_18h02.42.061,SLSI3,2022.2.5,Win32,59.88023952,,,,,,,,,,,,,,,,,,,,,,,,,,,,,,,,,,,,,,,,,,,,,,,,,,,,,,,,,,,,,,,,,,,,,,,,,,,,,,,,,,,,,,,,,,,,,,,,,,1,1.7834,,0,14,14,7,1,I think that I will be remembered for a long time after I die.,,,,,,,,,,,,,,,,,,,,,,,,,,,,,,,,,,,,,,,,,,,,,,,,,
,,,,,,,,,,,,,,,,614601,001,2025-04-01_18h02.42.061,SLSI3,2022.2.5,Win32,59.88023952,,,,,,,,,,,,,,,,,,,,,,,,,,,,,,,,,,,,,,,,,,,,,,,,,,,,,,,,,,,,,,,,,,,,,,,,,,,,,,,,,,,,,,,,,,,,,,,,,,2,2.5412,,0,15,15,14,1,I feel as though I have done a lot to contribute to others.,,,,,,,,,,,,,,,,,,,,,,,,,,,,,,,,,,,,,,,,,,,,,,,,,
,,,,,,,,,,,,,,,,614601,001,2025-04-01_18h02.42.061,SLSI3,2022.2.5,Win32,59.88023952,,,,,,,,,,,,,,,,,,,,,,,,,,,,,,,,,,,,,,,,,,,,,,,,,,,,,,,,,,,,,,,,,,,,,,,,,,,,,,,,,,,,,,,,,,,,,,,,,,4,2.1065,,0,16,16,0,1,Try to pass along the knowledge I have gained through my experiences.,,,,,,,,,,,,,,,,,,,,,,,,,,,,,,,,,,,,,,,,,,,,,,,,,
,,,,,,,,,,,,,,,,614601,001,2025-04-01_18h02.42.061,SLSI3,2022.2.5,Win32,59.88023952,,,,,,,,,,,,,,,,,,,,,,,,,,,,,,,,,,,,,,,,,,,,,,,,,,,,,,,,,,,,,,,,,,,,,,,,,,,,,,,,,,,,,,,,,,,,,,,,,,2,2.5425,,0,17,17,19,1,I feel as though my contributions will exist after I die.,,,,,,,,,,,,,,,,,,,,,,,,,,,,,,,,,,,,,,,,,,,,,,,,,
,,,,,,,,,,,,,,,,614601,001,2025-04-01_18h02.42.061,SLSI3,2022.2.5,Win32,59.88023952,,,,,,,,,,,,,,,,,,,,,,,,,,,,,,,,,,,,,,,,,,,,,,,,,,,,,,,,,,,,,,,,,,,,,,,,,,,,,,,,,,,,,,,,,,,,,,,,,,4,1.7462,,0,18,18,10,1,"If I were unable to have children of my own, I would like to adopt children.",,,,,,,,,,,,,,,,,,,,,,,,,,,,,,,,,,,,,,,,,,,,,,,,,
,,,,,,,,,,,,,,,,614601,001,2025-04-01_18h02.42.061,SLSI3,2022.2.5,Win32,59.88023952,,,,,,,,,,,,,,,,,,,,,,,,,,,,,,,,,,,,,,,,,,,,,,,,,,,,,,,,,,,,,,,,,,,,,,,,,,,,,,,,,,,,,,,,,,,,,,,,,,4,1.7014,,0,19,19,16,1,Other people say that I am a very productive person.,,,,,,,,,,,,,,,,,,,,,,,,,,,,,,,,,,,,,,,,,,,,,,,,,
,,,,,,,,,,,,,,,,614601,001,2025-04-01_18h02.42.061,SLSI3,2022.2.5,Win32,59.88023952,,,,,,,,,,,,,,,,,,,,,,,,,,,,,,,,,,,,,,,,,,,,,,,,,,,,,,,,,,,,,,,,,,,,,,,,,,,,,,,,,,,,,,,,,,,,,,,,,,,,,,,,,,,space,1.2349,,,,,,,,,,,,,,,,,,,,,,,,,,,,,,,,,,,,,,,,,,,,,,,
,,,,,,,,,,,,,,,,614601,001,2025-04-01_18h02.42.061,SLSI3,2022.2.5,Win32,59.88023952,,,,,,,,,,,,,,,,,,,,,,,,,,,,,,,,,,,,,,,,,,,,,,,,,,,,,,,,,,,,,,,,,,,,,,,,,,,,,,,,,,,,,,,,,,,,,,,,,,,,,,,,,,I feel left out,,,4,1.8653,,0,0,0,10,1,,,,,,,,,,,,,,,,,,,,,,,,,,,,,,,,,,,,,,,
,,,,,,,,,,,,,,,,614601,001,2025-04-01_18h02.42.061,SLSI3,2022.2.5,Win32,59.88023952,,,,,,,,,,,,,,,,,,,,,,,,,,,,,,,,,,,,,,,,,,,,,,,,,,,,,,,,,,,,,,,,,,,,,,,,,,,,,,,,,,,,,,,,,,,,,,,,,,,,,,,,,,I feel isolated from others,,,4,0.9523,,0,1,1,13,1,,,,,,,,,,,,,,,,,,,,,,,,,,,,,,,,,,,,,,,
,,,,,,,,,,,,,,,,614601,001,2025-04-01_18h02.42.061,SLSI3,2022.2.5,Win32,59.88023952,,,,,,,,,,,,,,,,,,,,,,,,,,,,,,,,,,,,,,,,,,,,,,,,,,,,,,,,,,,,,,,,,,,,,,,,,,,,,,,,,,,,,,,,,,,,,,,,,,,,,,,,,,My interests and ideas are not shared by those around me,,,3,3.3312,,0,2,2,7,1,,,,,,,,,,,,,,,,,,,,,,,,,,,,,,,,,,,,,,,
,,,,,,,,,,,,,,,,614601,001,2025-04-01_18h02.42.061,SLSI3,2022.2.5,Win32,59.88023952,,,,,,,,,,,,,,,,,,,,,,,,,,,,,,,,,,,,,,,,,,,,,,,,,,,,,,,,,,,,,,,,,,,,,,,,,,,,,,,,,,,,,,,,,,,,,,,,,,,,,,,,,,There are people who really understand me,,,3,1.7646,,0,3,3,15,1,,,,,,,,,,,,,,,,,,,,,,,,,,,,,,,,,,,,,,,
,,,,,,,,,,,,,,,,614601,001,2025-04-01_18h02.42.061,SLSI3,2022.2.5,Win32,59.88023952,,,,,,,,,,,,,,,,,,,,,,,,,,,,,,,,,,,,,,,,,,,,,,,,,,,,,,,,,,,,,,,,,,,,,,,,,,,,,,,,,,,,,,,,,,,,,,,,,,,,,,,,,,I am no longer close to anyone,,,3,2.7523,,0,4,4,6,1,,,,,,,,,,,,,,,,,,,,,,,,,,,,,,,,,,,,,,,
,,,,,,,,,,,,,,,,614601,001,2025-04-01_18h02.42.061,SLSI3,2022.2.5,Win32,59.88023952,,,,,,,,,,,,,,,,,,,,,,,,,,,,,,,,,,,,,,,,,,,,,,,,,,,,,,,,,,,,,,,,,,,,,,,,,,,,,,,,,,,,,,,,,,,,,,,,,,,,,,,,,,I am an outgoing person,,,2,1.4927,,0,5,5,8,1,,,,,,,,,,,,,,,,,,,,,,,,,,,,,,,,,,,,,,,
,,,,,,,,,,,,,,,,614601,001,2025-04-01_18h02.42.061,SLSI3,2022.2.5,Win32,59.88023952,,,,,,,,,,,,,,,,,,,,,,,,,,,,,,,,,,,,,,,,,,,,,,,,,,,,,,,,,,,,,,,,,,,,,,,,,,,,,,,,,,,,,,,,,,,,,,,,,,,,,,,,,,There are people I feel close to,,,4,2.0341,,0,6,6,9,1,,,,,,,,,,,,,,,,,,,,,,,,,,,,,,,,,,,,,,,
,,,,,,,,,,,,,,,,614601,001,2025-04-01_18h02.42.061,SLSI3,2022.2.5,Win32,59.88023952,,,,,,,,,,,,,,,,,,,,,,,,,,,,,,,,,,,,,,,,,,,,,,,,,,,,,,,,,,,,,,,,,,,,,,,,,,,,,,,,,,,,,,,,,,,,,,,,,,,,,,,,,,I feel part of a group of friends,,,2,2.0683,,0,7,7,4,1,,,,,,,,,,,,,,,,,,,,,,,,,,,,,,,,,,,,,,,
,,,,,,,,,,,,,,,,614601,001,2025-04-01_18h02.42.061,SLSI3,2022.2.5,Win32,59.88023952,,,,,,,,,,,,,,,,,,,,,,,,,,,,,,,,,,,,,,,,,,,,,,,,,,,,,,,,,,,,,,,,,,,,,,,,,,,,,,,,,,,,,,,,,,,,,,,,,,,,,,,,,,I have a lot in common with the people around me,,,3,11.9994,,0,8,8,5,1,,,,,,,,,,,,,,,,,,,,,,,,,,,,,,,,,,,,,,,
,,,,,,,,,,,,,,,,614601,001,2025-04-01_18h02.42.061,SLSI3,2022.2.5,Win32,59.88023952,,,,,,,,,,,,,,,,,,,,,,,,,,,,,,,,,,,,,,,,,,,,,,,,,,,,,,,,,,,,,,,,,,,,,,,,,,,,,,,,,,,,,,,,,,,,,,,,,,,,,,,,,,I do not feel alone,,,2,1.623,,0,9,9,3,1,,,,,,,,,,,,,,,,,,,,,,,,,,,,,,,,,,,,,,,
,,,,,,,,,,,,,,,,614601,001,2025-04-01_18h02.42.061,SLSI3,2022.2.5,Win32,59.88023952,,,,,,,,,,,,,,,,,,,,,,,,,,,,,,,,,,,,,,,,,,,,,,,,,,,,,,,,,,,,,,,,,,,,,,,,,,,,,,,,,,,,,,,,,,,,,,,,,,,,,,,,,,I can find companionship when I want it,,,2,1.3556,,0,10,10,14,1,,,,,,,,,,,,,,,,,,,,,,,,,,,,,,,,,,,,,,,
,,,,,,,,,,,,,,,,614601,001,2025-04-01_18h02.42.061,SLSI3,2022.2.5,Win32,59.88023952,,,,,,,,,,,,,,,,,,,,,,,,,,,,,,,,,,,,,,,,,,,,,,,,,,,,,,,,,,,,,,,,,,,,,,,,,,,,,,,,,,,,,,,,,,,,,,,,,,,,,,,,,,No one really knows me well,,,4,1.846,,0,11,11,12,1,,,,,,,,,,,,,,,,,,,,,,,,,,,,,,,,,,,,,,,
,,,,,,,,,,,,,,,,614601,001,2025-04-01_18h02.42.061,SLSI3,2022.2.5,Win32,59.88023952,,,,,,,,,,,,,,,,,,,,,,,,,,,,,,,,,,,,,,,,,,,,,,,,,,,,,,,,,,,,,,,,,,,,,,,,,,,,,,,,,,,,,,,,,,,,,,,,,,,,,,,,,,There is no one I can turn to,,,1,9.9445,,0,12,12,2,1,,,,,,,,,,,,,,,,,,,,,,,,,,,,,,,,,,,,,,,
,,,,,,,,,,,,,,,,614601,001,2025-04-01_18h02.42.061,SLSI3,2022.2.5,Win32,59.88023952,,,,,,,,,,,,,,,,,,,,,,,,,,,,,,,,,,,,,,,,,,,,,,,,,,,,,,,,,,,,,,,,,,,,,,,,,,,,,,,,,,,,,,,,,,,,,,,,,,,,,,,,,,I feel in tune with the people around me,,,3,1.8532,,0,13,13,0,1,,,,,,,,,,,,,,,,,,,,,,,,,,,,,,,,,,,,,,,
,,,,,,,,,,,,,,,,614601,001,2025-04-01_18h02.42.061,SLSI3,2022.2.5,Win32,59.88023952,,,,,,,,,,,,,,,,,,,,,,,,,,,,,,,,,,,,,,,,,,,,,,,,,,,,,,,,,,,,,,,,,,,,,,,,,,,,,,,,,,,,,,,,,,,,,,,,,,,,,,,,,,My social relationships are superficial,,,2,2.1809,,0,14,14,11,1,,,,,,,,,,,,,,,,,,,,,,,,,,,,,,,,,,,,,,,
,,,,,,,,,,,,,,,,614601,001,2025-04-01_18h02.42.061,SLSI3,2022.2.5,Win32,59.88023952,,,,,,,,,,,,,,,,,,,,,,,,,,,,,,,,,,,,,,,,,,,,,,,,,,,,,,,,,,,,,,,,,,,,,,,,,,,,,,,,,,,,,,,,,,,,,,,,,,,,,,,,,,People are around me but not with me,,,3,2.4163,,0,15,15,17,1,,,,,,,,,,,,,,,,,,,,,,,,,,,,,,,,,,,,,,,
,,,,,,,,,,,,,,,,614601,001,2025-04-01_18h02.42.061,SLSI3,2022.2.5,Win32,59.88023952,,,,,,,,,,,,,,,,,,,,,,,,,,,,,,,,,,,,,,,,,,,,,,,,,,,,,,,,,,,,,,,,,,,,,,,,,,,,,,,,,,,,,,,,,,,,,,,,,,,,,,,,,,There are people I can talk to,,,4,1.3249,,0,16,16,18,1,,,,,,,,,,,,,,,,,,,,,,,,,,,,,,,,,,,,,,,
,,,,,,,,,,,,,,,,614601,001,2025-04-01_18h02.42.061,SLSI3,2022.2.5,Win32,59.88023952,,,,,,,,,,,,,,,,,,,,,,,,,,,,,,,,,,,,,,,,,,,,,,,,,,,,,,,,,,,,,,,,,,,,,,,,,,,,,,,,,,,,,,,,,,,,,,,,,,,,,,,,,,I lack companionship,,,3,1.8116,,0,17,17,1,1,,,,,,,,,,,,,,,,,,,,,,,,,,,,,,,,,,,,,,,
,,,,,,,,,,,,,,,,614601,001,2025-04-01_18h02.42.061,SLSI3,2022.2.5,Win32,59.88023952,,,,,,,,,,,,,,,,,,,,,,,,,,,,,,,,,,,,,,,,,,,,,,,,,,,,,,,,,,,,,,,,,,,,,,,,,,,,,,,,,,,,,,,,,,,,,,,,,,,,,,,,,,There are people I can turn to,,,4,1.5707,,0,18,18,19,1,,,,,,,,,,,,,,,,,,,,,,,,,,,,,,,,,,,,,,,
,,,,,,,,,,,,,,,,614601,001,2025-04-01_18h02.42.061,SLSI3,2022.2.5,Win32,59.88023952,,,,,,,,,,,,,,,,,,,,,,,,,,,,,,,,,,,,,,,,,,,,,,,,,,,,,,,,,,,,,,,,,,,,,,,,,,,,,,,,,,,,,,,,,,,,,,,,,,,,,,,,,,I am unhappy being so withdrawn ,,,4,1.8782,,0,19,19,16,1,,,,,,,,,,,,,,,,,,,,,,,,,,,,,,,,,,,,,,,
,,,,,,,,,,,,,,,,614601,001,2025-04-01_18h02.42.061,SLSI3,2022.2.5,Win32,59.88023952,,,,,,,,,,,,,,,,,,,,,,,,,,,,,,,,,,,,,,,,,,,,,,,,,,,,,,,,,,,,,,,,,,,,,,,,,,,,,,,,,,,,,,,,,,,,,,,,,,,,,,,,,,,,,,,,,,,,,space,0.4627,,,,,,,,,,,,,,,,,,,,,,,,,,,,,,,,,,,,,
,,,,,,,,,,,,,,,,614601,001,2025-04-01_18h02.42.061,SLSI3,2022.2.5,Win32,59.88023952,,,,,,,,,,,,,,,,,,,,,,,,,,,,,,,,,,,,,,,,,,,,,,,,,,,,,,,,,,,,,,,,,,,,,,,,,,,,,,,,,,,,,,,,,,,,,,,,,,,,,,,,,,,,,,,,,,,,,,,3,4.8462,"More often than not, I find my thoughts returning to concerns that I have Alzheimer’s disease or a related dementia.",0,0,0,4,1,"More often than not, I find my thoughts returning to concerns that I have Alzheimer’s disease or a related dementia.",,,,,,,,,,,,,,,,,,,,,,,,,,,,
,,,,,,,,,,,,,,,,614601,001,2025-04-01_18h02.42.061,SLSI3,2022.2.5,Win32,59.88023952,,,,,,,,,,,,,,,,,,,,,,,,,,,,,,,,,,,,,,,,,,,,,,,,,,,,,,,,,,,,,,,,,,,,,,,,,,,,,,,,,,,,,,,,,,,,,,,,,,,,,,,,,,,,,,,,,,,,,,,5,35.0122,"When I am not distracted, I find my thoughts focusing on my own cognitive changes and concerns.",0,1,1,6,1,"When I am not distracted, I find my thoughts focusing on my own cognitive changes and concerns.",,,,,,,,,,,,,,,,,,,,,,,,,,,,
,,,,,,,,,,,,,,,,614601,001,2025-04-01_18h02.42.061,SLSI3,2022.2.5,Win32,59.88023952,,,,,,,,,,,,,,,,,,,,,,,,,,,,,,,,,,,,,,,,,,,,,,,,,,,,,,,,,,,,,,,,,,,,,,,,,,,,,,,,,,,,,,,,,,,,,,,,,,,,,,,,,,,,,,,,,,,,,,,2,3.998,"I know I shouldn’t worry about developing Alzheimer’s disease and related dementias, but I just cannot help it.",0,2,2,0,1,"I know I shouldn’t worry about developing Alzheimer’s disease and related dementias, but I just cannot help it.",,,,,,,,,,,,,,,,,,,,,,,,,,,,
,,,,,,,,,,,,,,,,614601,001,2025-04-01_18h02.42.061,SLSI3,2022.2.5,Win32,59.88023952,,,,,,,,,,,,,,,,,,,,,,,,,,,,,,,,,,,,,,,,,,,,,,,,,,,,,,,,,,,,,,,,,,,,,,,,,,,,,,,,,,,,,,,,,,,,,,,,,,,,,,,,,,,,,,,,,,,,,,,2,3.9565,"Even though I know it doesn’t help to focus on it, I can’t help thinking about whether or not I have Alzheimer’s disease or a related dementia.",0,3,3,7,1,"Even though I know it doesn’t help to focus on it, I can’t help thinking about whether or not I have Alzheimer’s disease or a related dementia.",,,,,,,,,,,,,,,,,,,,,,,,,,,,
,,,,,,,,,,,,,,,,614601,001,2025-04-01_18h02.42.061,SLSI3,2022.2.5,Win32,59.88023952,,,,,,,,,,,,,,,,,,,,,,,,,,,,,,,,,,,,,,,,,,,,,,,,,,,,,,,,,,,,,,,,,,,,,,,,,,,,,,,,,,,,,,,,,,,,,,,,,,,,,,,,,,,,,,,,,,,,,,,1,2.3952,I think I probably worry more about Alzheimer’s disease and related dementias than other people my same age.,0,4,4,11,1,I think I probably worry more about Alzheimer’s disease and related dementias than other people my same age.,,,,,,,,,,,,,,,,,,,,,,,,,,,,
,,,,,,,,,,,,,,,,614601,001,2025-04-01_18h02.42.061,SLSI3,2022.2.5,Win32,59.88023952,,,,,,,,,,,,,,,,,,,,,,,,,,,,,,,,,,,,,,,,,,,,,,,,,,,,,,,,,,,,,,,,,,,,,,,,,,,,,,,,,,,,,,,,,,,,,,,,,,,,,,,,,,,,,,,,,,,,,,,1,2.3999,"When I can’t remember something, I find myself wondering whether I have Alzheimer’s disease or a related dementia.",0,5,5,2,1,"When I can’t remember something, I find myself wondering whether I have Alzheimer’s disease or a related dementia.",,,,,,,,,,,,,,,,,,,,,,,,,,,,
,,,,,,,,,,,,,,,,614601,001,2025-04-01_18h02.42.061,SLSI3,2022.2.5,Win32,59.88023952,,,,,,,,,,,,,,,,,,,,,,,,,,,,,,,,,,,,,,,,,,,,,,,,,,,,,,,,,,,,,,,,,,,,,,,,,,,,,,,,,,,,,,,,,,,,,,,,,,,,,,,,,,,,,,,,,,,,,,,1,2.0421,"When I forget a word that I want to say, my thoughts immediately turn to Alzheimer’s disease and related dementias.",0,6,6,10,1,"When I forget a word that I want to say, my thoughts immediately turn to Alzheimer’s disease and related dementias.",,,,,,,,,,,,,,,,,,,,,,,,,,,,
,,,,,,,,,,,,,,,,614601,001,2025-04-01_18h02.42.061,SLSI3,2022.2.5,Win32,59.88023952,,,,,,,,,,,,,,,,,,,,,,,,,,,,,,,,,,,,,,,,,,,,,,,,,,,,,,,,,,,,,,,,,,,,,,,,,,,,,,,,,,,,,,,,,,,,,,,,,,,,,,,,,,,,,,,,,,,,,,,1,4.1509,I find it difficult to control my worries about developing Alzheimer’s disease and related dementias.,0,7,7,1,1,I find it difficult to control my worries about developing Alzheimer’s disease and related dementias.,,,,,,,,,,,,,,,,,,,,,,,,,,,,
,,,,,,,,,,,,,,,,614601,001,2025-04-01_18h02.42.061,SLSI3,2022.2.5,Win32,59.88023952,,,,,,,,,,,,,,,,,,,,,,,,,,,,,,,,,,,,,,,,,,,,,,,,,,,,,,,,,,,,,,,,,,,,,,,,,,,,,,,,,,,,,,,,,,,,,,,,,,,,,,,,,,,,,,,,,,,,,,,1,1.6767,My worries about Alzheimer’s disease and related dementias overwhelm me.,0,8,8,3,1,My worries about Alzheimer’s disease and related dementias overwhelm me.,,,,,,,,,,,,,,,,,,,,,,,,,,,,
,,,,,,,,,,,,,,,,614601,001,2025-04-01_18h02.42.061,SLSI3,2022.2.5,Win32,59.88023952,,,,,,,,,,,,,,,,,,,,,,,,,,,,,,,,,,,,,,,,,,,,,,,,,,,,,,,,,,,,,,,,,,,,,,,,,,,,,,,,,,,,,,,,,,,,,,,,,,,,,,,,,,,,,,,,,,,,,,,2,3.4396,"	When I hear about someone having Alzheimer’s disease or a related dementia, I start to worry about having it myself.",0,9,9,5,1,"	When I hear about someone having Alzheimer’s disease or a related dementia, I start to worry about having it myself.",,,,,,,,,,,,,,,,,,,,,,,,,,,,
,,,,,,,,,,,,,,,,614601,001,2025-04-01_18h02.42.061,SLSI3,2022.2.5,Win32,59.88023952,,,,,,,,,,,,,,,,,,,,,,,,,,,,,,,,,,,,,,,,,,,,,,,,,,,,,,,,,,,,,,,,,,,,,,,,,,,,,,,,,,,,,,,,,,,,,,,,,,,,,,,,,,,,,,,,,,,,,,,1,2.6833,"Sometimes when trying to go to sleep, I find my thoughts drift to my concerns about having Alzheimer’s disease or a related dementia.",0,10,10,9,1,"Sometimes when trying to go to sleep, I find my thoughts drift to my concerns about having Alzheimer’s disease or a related dementia.",,,,,,,,,,,,,,,,,,,,,,,,,,,,
,,,,,,,,,,,,,,,,614601,001,2025-04-01_18h02.42.061,SLSI3,2022.2.5,Win32,59.88023952,,,,,,,,,,,,,,,,,,,,,,,,,,,,,,,,,,,,,,,,,,,,,,,,,,,,,,,,,,,,,,,,,,,,,,,,,,,,,,,,,,,,,,,,,,,,,,,,,,,,,,,,,,,,,,,,,,,,,,,1,1.6811,"Once I start worrying about Alzheimer’s disease and related dementias, I just cannot stop.",0,11,11,8,1,"Once I start worrying about Alzheimer’s disease and related dementias, I just cannot stop.",,,,,,,,,,,,,,,,,,,,,,,,,,,,
,,,,,,,,,,,,,,,,614601,001,2025-04-01_18h02.42.061,SLSI3,2022.2.5,Win32,59.88023952,,,,,,,,,,,,,,,,,,,,,,,,,,,,,,,,,,,,,,,,,,,,,,,,,,,,,,,,,,,,,,,,,,,,,,,,,,,,,,,,,,,,,,,,,,,,,,,,,,,,,,,,,,,,,,,,,,,,,,,,,,,,,,,,space,0.5079,,,,,,,,,,,,,,,,,,,,,,,,,,
,,,,,,,,,,,,,,,,614601,001,2025-04-01_18h02.42.061,SLSI3,2022.2.5,Win32,59.88023952,,,,,,,,,,,,,,,,,,,,,,,,,,,,,,,,,,,,,,,,,,,,,,,,,,,,,,,,,,,,,,,,,,,,,,,,,,,,,,,,,,,,,,,,,,,,,,,,,,,,,,,,,,,,,,,,,,,,,,,,,,,,,,,,,,3,6.6006,"I have difficulty ending a phone call, even if the caller is a telemarketer, someone I do not know, or someone I do not wish to call me",0,0,0,1,1,"I have difficulty ending a phone call, even if the caller is a telemarketer, someone I do not know, or someone I do not wish to call me",,,,,,,,,,,,,,,,,
,,,,,,,,,,,,,,,,614601,001,2025-04-01_18h02.42.061,SLSI3,2022.2.5,Win32,59.88023952,,,,,,,,,,,,,,,,,,,,,,,,,,,,,,,,,,,,,,,,,,,,,,,,,,,,,,,,,,,,,,,,,,,,,,,,,,,,,,,,,,,,,,,,,,,,,,,,,,,,,,,,,,,,,,,,,,,,,,,,,,,,,,,,,,5,3.4192,Persons over the age of 65 are often targeted by con-artists,0,1,1,3,1,Persons over the age of 65 are often targeted by con-artists,,,,,,,,,,,,,,,,,
,,,,,,,,,,,,,,,,614601,001,2025-04-01_18h02.42.061,SLSI3,2022.2.5,Win32,59.88023952,,,,,,,,,,,,,,,,,,,,,,,,,,,,,,,,,,,,,,,,,,,,,,,,,,,,,,,,,,,,,,,,,,,,,,,,,,,,,,,,,,,,,,,,,,,,,,,,,,,,,,,,,,,,,,,,,,,,,,,,,,,,,,,,,,3,3.9063,"I answer the phone whenever it rings, even if I do not know who is calling",0,2,2,0,1,"I answer the phone whenever it rings, even if I do not know who is calling",,,,,,,,,,,,,,,,,
,,,,,,,,,,,,,,,,614601,001,2025-04-01_18h02.42.061,SLSI3,2022.2.5,Win32,59.88023952,,,,,,,,,,,,,,,,,,,,,,,,,,,,,,,,,,,,,,,,,,,,,,,,,,,,,,,,,,,,,,,,,,,,,,,,,,,,,,,,,,,,,,,,,,,,,,,,,,,,,,,,,,,,,,,,,,,,,,,,,,,,,,,,,,2,3.6284,"If a telemarketer calls me, I usually listen to what they have to say",0,3,3,4,1,"If a telemarketer calls me, I usually listen to what they have to say",,,,,,,,,,,,,,,,,
,,,,,,,,,,,,,,,,614601,001,2025-04-01_18h02.42.061,SLSI3,2022.2.5,Win32,59.88023952,,,,,,,,,,,,,,,,,,,,,,,,,,,,,,,,,,,,,,,,,,,,,,,,,,,,,,,,,,,,,,,,,,,,,,,,,,,,,,,,,,,,,,,,,,,,,,,,,,,,,,,,,,,,,,,,,,,,,,,,,,,,,,,,,,4,2.7575,"If something sounds too good to be true, it usually is",0,4,4,2,1,"If something sounds too good to be true, it usually is",,,,,,,,,,,,,,,,,
,,,,,,,,,,,,,,,,614601,001,2025-04-01_18h02.42.061,SLSI3,2022.2.5,Win32,59.88023952,,,,,,,,,,,,,,,,,,,,,,,,,,,,,,,,,,,,,,,,,,,,,,,,,,,,,,,,,,,,,,,,,,,,,,,,,,,,,,,,,,,,,,,,,,,,,,,,,,,,,,,,,,,,,,,,,,,,,,,,,,,,,,,,,,,,,,,,,,,2.989883159,5.9176,,,,,,,,,,,,,,,
,,,,,,,,,,,,,,,,614601,001,2025-04-01_18h02.42.061,SLSI3,2022.2.5,Win32,59.88023952,,,,,,,,,,,,,,,,,,,,,,,,,,,,,,,,,,,,,,,,,,,,,,,,,,,,,,,,,,,,,,,,,,,,,,,,,,,,,,,,,,,,,,,,,,,,,,,,,,,,,,,,,,,,,,,,,,,,,,,,,,,,,,,,,,,,,,,,,,,,,,,,,,,,,,,,,,,
,,,,,,,,,,,,,,,,614601,001,2025-04-01_18h02.42.061,SLSI3,2022.2.5,Win32,59.88023952,,,,,,,,,,,,,,,,,,,,,,,,,,,,,,,,,,,,,,,,,,,,,,,,,,,,,,,,,,,,,,,,,,,,,,,,,,,,,,,,,,,,,,,,,,,,,,,,,,,,,,,,,,,,,,,,,,,,,,,,,,,,,,,,,,,,,,,,,,,,,"[""female_option""]",,,,,,,,,,,,,,
,,,,,,,,,,,,,,,,614601,001,2025-04-01_18h02.42.061,SLSI3,2022.2.5,Win32,59.88023952,,,,,,,,,,,,,,,,,,,,,,,,,,,,,,,,,,,,,,,,,,,,,,,,,,,,,,,,,,,,,,,,,,,,,,,,,,,,,,,,,,,,,,,,,,,,,,,,,,,,,,,,,,,,,,,,,,,,,,,,,,,,,,,,,,,,,,,,,,,,,,,,,,,,,,,,,,,
,,,,,,,,,,,,,,,,614601,001,2025-04-01_18h02.42.061,SLSI3,2022.2.5,Win32,59.88023952,,,,,,,,,,,,,,,,,,,,,,,,,,,,,,,,,,,,,,,,,,,,,,,,,,,,,,,,,,,,,,,,,,,,,,,,,,,,,,,,,,,,,,,,,,,,,,,,,,,,,,,,,,,,,,,,,,,,,,,,,,,,,,,,,,,,,,,,,,,,,,21,11/19/2003,,,,,,,,,,,,
,,,,,,,,,,,,,,,,614601,001,2025-04-01_18h02.42.061,SLSI3,2022.2.5,Win32,59.88023952,,,,,,,,,,,,,,,,,,,,,,,,,,,,,,,,,,,,,,,,,,,,,,,,,,,,,,,,,,,,,,,,,,,,,,,,,,,,,,,,,,,,,,,,,,,,,,,,,,,,,,,,,,,,,,,,,,,,,,,,,,,,,,,,,,,,,,,,,,,,,,,,,,,,,,,,,,,
,,,,,,,,,,,,,,,,614601,001,2025-04-01_18h02.42.061,SLSI3,2022.2.5,Win32,59.88023952,,,,,,,,,,,,,,,,,,,,,,,,,,,,,,,,,,,,,,,,,,,,,,,,,,,,,,,,,,,,,,,,,,,,,,,,,,,,,,,,,,,,,,,,,,,,,,,,,,,,,,,,,,,,,,,,,,,,,,,,,,,,,,,,,,,,,,,,,,,,,,,,"[""EduOpt5""]",,,,,,,,,,,
,,,,,,,,,,,,,,,,614601,001,2025-04-01_18h02.42.061,SLSI3,2022.2.5,Win32,59.88023952,,,,,,,,,,,,,,,,,,,,,,,,,,,,,,,,,,,,,,,,,,,,,,,,,,,,,,,,,,,,,,,,,,,,,,,,,,,,,,,,,,,,,,,,,,,,,,,,,,,,,,,,,,,,,,,,,,,,,,,,,,,,,,,,,,,,,,,,,,,,,,,,,,,,,,,,,,,
,,,,,,,,,,,,,,,,614601,001,2025-04-01_18h02.42.061,SLSI3,2022.2.5,Win32,59.88023952,,,,,,,,,,,,,,,,,,,,,,,,,,,,,,,,,,,,,,,,,,,,,,,,,,,,,,,,,,,,,,,,,,,,,,,,,,,,,,,,,,,,,,,,,,,,,,,,,,,,,,,,,,,,,,,,,,,,,,,,,,,,,,,,,,,,,,,,,,,,,,,,,"[""EthnOpt2""]",,,,,,,,,,
,,,,,,,,,,,,,,,,614601,001,2025-04-01_18h02.42.061,SLSI3,2022.2.5,Win32,59.88023952,,,,,,,,,,,,,,,,,,,,,,,,,,,,,,,,,,,,,,,,,,,,,,,,,,,,,,,,,,,,,,,,,,,,,,,,,,,,,,,,,,,,,,,,,,,,,,,,,,,,,,,,,,,,,,,,,,,,,,,,,,,,,,,,,,,,,,,,,,,,,,,,,,,,,,,,,,,
,,,,,,,,,,,,,,,,614601,001,2025-04-01_18h02.42.061,SLSI3,2022.2.5,Win32,59.88023952,,,,,,,,,,,,,,,,,,,,,,,,,,,,,,,,,,,,,,,,,,,,,,,,,,,,,,,,,,,,,,,,,,,,,,,,,,,,,,,,,,,,,,,,,,,,,,,,,,,,,,,,,,,,,,,,,,,,,,,,,,,,,,,,,,,,,,,,,,,,,,,,,,"[""EngFlncyY""]",,,,,,,,,
,,,,,,,,,,,,,,,,614601,001,2025-04-01_18h02.42.061,SLSI3,2022.2.5,Win32,59.88023952,,,,,,,,,,,,,,,,,,,,,,,,,,,,,,,,,,,,,,,,,,,,,,,,,,,,,,,,,,,,,,,,,,,,,,,,,,,,,,,,,,,,,,,,,,,,,,,,,,,,,,,,,,,,,,,,,,,,,,,,,,,,,,,,,,,,,,,,,,,,,,,,,,,,,,,,,,,
,,,,,,,,,,,,,,,,614601,001,2025-04-01_18h02.42.061,SLSI3,2022.2.5,Win32,59.88023952,,,,,,,,,,,,,,,,,,,,,,,,,,,,,,,,,,,,,,,,,,,,,,,,,,,,,,,,,,,,,,,,,,,,,,,,,,,,,,,,,,,,,,,,,,,,,,,,,,,,,,,,,,,,,,,,,,,,,,,,,,,,,,,,,,,,,,,,,,,,,,,,,,,0,USA,,,,,,,
,,,,,,,,,,,,,,,,614601,001,2025-04-01_18h02.42.061,SLSI3,2022.2.5,Win32,59.88023952,,,,,,,,,,,,,,,,,,,,,,,,,,,,,,,,,,,,,,,,,,,,,,,,,,,,,,,,,,,,,,,,,,,,,,,,,,,,,,,,,,,,,,,,,,,,,,,,,,,,,,,,,,,,,,,,,,,,,,,,,,,,,,,,,,,,,,,,,,,,,,,,,,,,,,,,,,,
,,,,,,,,,,,,,,,,614601,001,2025-04-01_18h02.42.061,SLSI3,2022.2.5,Win32,59.88023952,,,,,,,,,,,,,,,,,,,,,,,,,,,,,,,,,,,,,,,,,,,,,,,,,,,,,,,,,,,,,,,,,,,,,,,,,,,,,,,,,,,,,,,,,,,,,,,,,,,,,,,,,,,,,,,,,,,,,,,,,,,,,,,,,,,,,,,,,,,,,,,,,,,,,A. SOMETIMES THE PAGE WOULD CONTINUE ON TO THE NEXT PAGE EVEN IF I DIDN'T SELECT SCAM OR LEGITIIMATE,,,,,,
,,,,,,,,,,,,,,,,614601,001,2025-04-01_18h02.42.061,SLSI3,2022.2.5,Win32,59.88023952,,,,,,,,,,,,,,,,,,,,,,,,,,,,,,,,,,,,,,,,,,,,,,,,,,,,,,,,,,,,,,,,,,,,,,,,,,,,,,,,,,,,,,,,,,,,,,,,,,,,,,,,,,,,,,,,,,,,,,,,,,,,,,,,,,,,,,,,,,,,,,,,,,,,,,,,,,,
,,,,,,,,,,,,,,,,614601,001,2025-04-01_18h02.42.061,SLSI3,2022.2.5,Win32,59.88023952,,,,,,,,,,,,,,,,,,,,,,,,,,,,,,,,,,,,,,,,,,,,,,,,,,,,,,,,,,,,,,,,,,,,,,,,,,,,,,,,,,,,,,,,,,,,,,,,,,,,,,,,,,,,,,,,,,,,,,,,,,,,,,,,,,,,,,,,,,,,,,,,,,,,,,NO,,,,,
,,,,,,,,,,,,,,,,614601,001,2025-04-01_18h02.42.061,SLSI3,2022.2.5,Win32,59.88023952,,,,,,,,,,,,,,,,,,,,,,,,,,,,,,,,,,,,,,,,,,,,,,,,,,,,,,,,,,,,,,,,,,,,,,,,,,,,,,,,,,,,,,,,,,,,,,,,,,,,,,,,,,,,,,,,,,,,,,,,,,,,,,,,,,,,,,,,,,,,,,,,,,,,,,,,,,,
,,,,,,,,,,,,,,,,614601,001,2025-04-01_18h02.42.061,SLSI3,2022.2.5,Win32,59.88023952,,,,,,,,,,,,,,,,,,,,,,,,,,,,,,,,,,,,,,,,,,,,,,,,,,,,,,,,,,,,,,,,,,,,,,,,,,,,,,,,,,,,,,,,,,,,,,,,,,,,,,,,,,,,,,,,,,,,,,,,,,,,,,,,,,,,,,,,,,,,,,,,,,,,,,,JUST that the pages were continuing even if I hadn't clicked,,,,
,,,,,,,,,,,,,,,,614601,001,2025-04-01_18h02.42.061,SLSI3,2022.2.5,Win32,59.88023952,,,,,,,,,,,,,,,,,,,,,,,,,,,,,,,,,,,,,,,,,,,,,,,,,,,,,,,,,,,,,,,,,,,,,,,,,,,,,,,,,,,,,,,,,,,,,,,,,,,,,,,,,,,,,,,,,,,,,,,,,,,,,,,,,,,,,,,,,,,,,,,,,,,,,,,,,,,
,,,,,,,,,,,,,,,,614601,001,2025-04-01_18h02.42.061,SLSI3,2022.2.5,Win32,59.88023952,,,,,,,,,,,,,,,,,,,,,,,,,,,,,,,,,,,,,,,,,,,,,,,,,,,,,,,,,,,,,,,,,,,,,,,,,,,,,,,,,,,,,,,,,,,,,,,,,,,,,,,,,,,,,,,,,,,,,,,,,,,,,,,,,,,,,,,,,,,,,,,,,,,,,,,,"[""Q4option2""]",,,
,,,,,,,,,,,,,,,,614601,001,2025-04-01_18h02.42.061,SLSI3,2022.2.5,Win32,59.88023952,,,,,,,,,,,,,,,,,,,,,,,,,,,,,,,,,,,,,,,,,,,,,,,,,,,,,,,,,,,,,,,,,,,,,,,,,,,,,,,,,,,,,,,,,,,,,,,,,,,,,,,,,,,,,,,,,,,,,,,,,,,,,,,,,,,,,,,,,,,,,,,,,,,,,,,,,,,
,,,,,,,,,,,,,,,,614601,001,2025-04-01_18h02.42.061,SLSI3,2022.2.5,Win32,59.88023952,,,,,,,,,,,,,,,,,,,,,,,,,,,,,,,,,,,,,,,,,,,,,,,,,,,,,,,,,,,,,,,,,,,,,,,,,,,,,,,,,,,,,,,,,,,,,,,,,,,,,,,,,,,,,,,,,,,,,,,,,,,,,,,,,,,,,,,,,,,,,,,,,,,,,,,,,1,[1447.000899999857],[1447.000899999857]
