bruinID.text,button.numClicks,button.timesOn,button.timesOff,mouseLogIn.x,mouseLogIn.y,mouseLogIn.leftButton,mouseLogIn.midButton,mouseLogIn.rightButton,mouseLogIn.time,mouseLogIn.clicked_name,repeat.thisRepN,repeat.thisTrialN,repeat.thisN,repeat.thisIndex,repeat.ran,participant,session,date,expName,psychopyVersion,OS,frameRate,key_resp_6.keys,key_resp_6.rt,key_resp_5.keys,key_resp_5.rt,subjage_slider.response,subjage_slider.rt,confidence_scale.response,confidence_scale.rt,key_resp_7.keys,key_resp_7.rt,button_2.numClicks,button_2.timesOn,button_2.timesOff,email_type,scam_button.numClicks,scam_button.timesOn,scam_button.timesOff,legit_button.numClicks,legit_button.timesOn,legit_button.timesOff,button_selections_1,confidence_scale_email.response,confidence_scale_email.rt,personal_rel_scale.response,personal_rel_scale.rt,curiosity_scale.response,curiosity_scale.rt,email_loop.thisRepN,email_loop.thisTrialN,email_loop.thisN,email_loop.thisIndex,email_loop.ran,emails,type,xsize,ysize,xpos,ypos,key_resp_11.keys,key_resp_11.rt,key_resp_9.keys,key_resp_9.rt,key_resp_10.keys,key_resp_10.rt,textbox.text,next_button.numClicks,next_button.timesOn,next_button.timesOff,key_resp_8.keys,key_resp_8.rt,mouse.x,mouse.y,mouse.leftButton,mouse.midButton,mouse.rightButton,mouse.time,key_resp_12.keys,key_resp_12.rt,button_3.numClicks,button_3.timesOn,button_3.timesOff,mouse_2.x,mouse_2.y,mouse_2.leftButton,mouse_2.midButton,mouse_2.rightButton,mouse_2.time,button_4.numClicks,button_4.timesOn,button_4.timesOff,mouse_3.x,mouse_3.y,mouse_3.leftButton,mouse_3.midButton,mouse_3.rightButton,mouse_3.time,button_5.numClicks,button_5.timesOn,button_5.timesOff,email_loops2.thisRepN,email_loops2.thisTrialN,email_loops2.thisN,email_loops2.thisIndex,email_loops2.ran,key_resp_3.keys,key_resp_3.rt,slider1_2.response,slider1_2.rt,trust_question,loop_GT.thisRepN,loop_GT.thisTrialN,loop_GT.thisN,loop_GT.thisIndex,loop_GT.ran,Phrases,instructionresp_2.keys,instructionresp_2.rt,key_resp_13.keys,key_resp_13.rt,gen_question,loop_G.thisRepN,loop_G.thisTrialN,loop_G.thisN,loop_G.thisIndex,loop_G.ran,Questions,instructionresp.keys,instructionresp.rt,key_resp_2.keys,key_resp_2.rt,lonely_question,loop_LS.thisRepN,loop_LS.thisTrialN,loop_LS.thisN,loop_LS.thisIndex,loop_LS.ran,key_resp_4.keys,key_resp_4.rt,rating.response,rating.rt,dementia_question,loop_dm.thisRepN,loop_dm.thisTrialN,loop_dm.thisN,loop_dm.thisIndex,loop_dm.ran,Items,key_resp.keys,key_resp.rt,slider1.response,slider1.rt,ss_question,loop_SS.thisRepN,loop_SS.thisTrialN,loop_SS.thisN,loop_SS.thisIndex,loop_SS.ran,Statements,slider.response,slider.rt,Gender,textboxAge.text,textboxBirthday.text,Education Level,Ethnicity,English Fluency,textboxAge_2.text,textboxCountry.text,FQ1textbox.text,textboxQuestion2.text,textboxQuestion3.text,FQ4 selection,Finish.numClicks,Finish.timesOn,Finish.timesOff
006402736,1,[5.5760000000000005],[5.5760000000000005],0.027181688,-0.073676681,1,0,0,1.803,button,0,0,0,0,1,712670,001,2025-04-07_11h03.18.411,SLSI3,2022.2.5,iPad,50,,,,,,,,,,,,,,,,,,,,,,,,,,,,,,,,,,,,,,,,,,,,,,,,,,,,,,,,,,,,,,,,,,,,,,,,,,,,,,,,,,,,,,,,,,,,,,,,,,,,,,,,,,,,,,,,,,,,,,,,,,,,,,,,,,,,,,,,,,,,,,,,,,,,,,,,,,,
,,,,,,,,,,,,,,,,712670,001,2025-04-07_11h03.18.411,SLSI3,2022.2.5,iPad,50,space,6.896,,,,,,,,,,,,,,,,,,,,,,,,,,,,,,,,,,,,,,,,,,,,,,,,,,,,,,,,,,,,,,,,,,,,,,,,,,,,,,,,,,,,,,,,,,,,,,,,,,,,,,,,,,,,,,,,,,,,,,,,,,,,,,,,,,,,,,,,,,,,,,,,,,,,,,,,,
,,,,,,,,,,,,,,,,712670,001,2025-04-07_11h03.18.411,SLSI3,2022.2.5,iPad,50,,,space,8.391,,,,,,,,,,,,,,,,,,,,,,,,,,,,,,,,,,,,,,,,,,,,,,,,,,,,,,,,,,,,,,,,,,,,,,,,,,,,,,,,,,,,,,,,,,,,,,,,,,,,,,,,,,,,,,,,,,,,,,,,,,,,,,,,,,,,,,,,,,,,,,,,,,,,,,,
,,,,,,,,,,,,,,,,712670,001,2025-04-07_11h03.18.411,SLSI3,2022.2.5,iPad,50,,,,,89.69957082,5.945,,,,,,,,,,,,,,,,,,,,,,,,,,,,,,,,,,,,,,,,,,,,,,,,,,,,,,,,,,,,,,,,,,,,,,,,,,,,,,,,,,,,,,,,,,,,,,,,,,,,,,,,,,,,,,,,,,,,,,,,,,,,,,,,,,,,,,,,,,,,,,,,,,,,,
,,,,,,,,,,,,,,,,712670,001,2025-04-07_11h03.18.411,SLSI3,2022.2.5,iPad,50,,,,,,,5.071530758,7.285,,,,,,,,,,,,,,,,,,,,,,,,,,,,,,,,,,,,,,,,,,,,,,,,,,,,,,,,,,,,,,,,,,,,,,,,,,,,,,,,,,,,,,,,,,,,,,,,,,,,,,,,,,,,,,,,,,,,,,,,,,,,,,,,,,,,,,,,,,,,,,,,,,,
,,,,,,,,,,,,,,,,712670,001,2025-04-07_11h03.18.411,SLSI3,2022.2.5,iPad,50,,,,,,,,,space,10.956,,,,,,,,,,,,,,,,,,,,,,,,,,,,,,,,,,,,,,,,,,,,,,,,,,,,,,,,,,,,,,,,,,,,,,,,,,,,,,,,,,,,,,,,,,,,,,,,,,,,,,,,,,,,,,,,,,,,,,,,,,,,,,,,,,,,,,,,,,,,,,,,,
,,,,,,,,,,,,,,,,712670,001,2025-04-07_11h03.18.411,SLSI3,2022.2.5,iPad,50,,,,,,,,,,,1,[68.14099999999999],[68.14099999999999],,0,[],[],1,[71.724],[71.724],"[""legit_button""]",5,2.391,7.103004292,3.149,1.995708155,4.733,0,0,0,16,1,resources/images/legit_30.png,legit,1,0.85,0,0,,,,,,,,,,,,,,,,,,,,,,,,,,,,,,,,,,,,,,,,,,,,,,,,,,,,,,,,,,,,,,,,,,,,,,,,,,,,,,,,,,,,,,,,,,,,,,,,,,,,,,,,,,,,,,,,,,,,,
,,,,,,,,,,,,,,,,712670,001,2025-04-07_11h03.18.411,SLSI3,2022.2.5,iPad,50,,,,,,,,,,,2,"[68.14099999999999,95.45500000000001]","[68.14099999999999,95.45500000000001]",,1,[95.988],[95.988],1,[71.724],[71.724],"[""scam_button""]",7.975679542,1.625,1.094420601,2.016,0.007153076,2.483,0,1,1,7,1,resources/images/legit_21.png,legit,0.8,0.8,0,0,,,,,,,,,,,,,,,,,,,,,,,,,,,,,,,,,,,,,,,,,,,,,,,,,,,,,,,,,,,,,,,,,,,,,,,,,,,,,,,,,,,,,,,,,,,,,,,,,,,,,,,,,,,,,,,,,,,,,
,,,,,,,,,,,,,,,,712670,001,2025-04-07_11h03.18.411,SLSI3,2022.2.5,iPad,50,,,,,,,,,,,3,"[68.14099999999999,95.45500000000001,117.769]","[68.14099999999999,95.45500000000001,117.769]",,2,"[95.988,118.43500000000002]","[95.988,118.43500000000002]",1,[71.724],[71.724],"[""scam_button""]",10,3.158,1.094420601,5.3,3.969957082,4.049,0,2,2,6,1,resources/images/legit13.jpg,legit,0.65,0.65,0,0,,,,,,,,,,,,,,,,,,,,,,,,,,,,,,,,,,,,,,,,,,,,,,,,,,,,,,,,,,,,,,,,,,,,,,,,,,,,,,,,,,,,,,,,,,,,,,,,,,,,,,,,,,,,,,,,,,,,,
,,,,,,,,,,,,,,,,712670,001,2025-04-07_11h03.18.411,SLSI3,2022.2.5,iPad,50,,,,,,,,,,,4,"[68.14099999999999,95.45500000000001,117.769,140.833]","[68.14099999999999,95.45500000000001,117.769,140.833]",,3,"[95.988,118.43500000000002,141.782]","[95.988,118.43500000000002,141.782]",1,[71.724],[71.724],"[""scam_button""]",7.08869814,1.974,6.04434907,5.467,0,2.166,0,3,3,1,1,resources/images/scam9.jpg,scam,0.65,0.65,0,0,,,,,,,,,,,,,,,,,,,,,,,,,,,,,,,,,,,,,,,,,,,,,,,,,,,,,,,,,,,,,,,,,,,,,,,,,,,,,,,,,,,,,,,,,,,,,,,,,,,,,,,,,,,,,,,,,,,,,
,,,,,,,,,,,,,,,,712670,001,2025-04-07_11h03.18.411,SLSI3,2022.2.5,iPad,50,,,,,,,,,,,5,"[68.14099999999999,95.45500000000001,117.769,140.833,158.76000000000002]","[68.14099999999999,95.45500000000001,117.769,140.833,158.76000000000002]",,3,"[95.988,118.43500000000002,141.782]","[95.988,118.43500000000002,141.782]",2,"[71.724,159.56]","[71.724,159.56]","[""legit_button""]",5.901287554,2.506,10,2.633,6.974248927,2.115,0,4,4,22,1,resources/images/scam_24.png,scam,1,0.8,0,0,,,,,,,,,,,,,,,,,,,,,,,,,,,,,,,,,,,,,,,,,,,,,,,,,,,,,,,,,,,,,,,,,,,,,,,,,,,,,,,,,,,,,,,,,,,,,,,,,,,,,,,,,,,,,,,,,,,,,
,,,,,,,,,,,,,,,,712670,001,2025-04-07_11h03.18.411,SLSI3,2022.2.5,iPad,50,,,,,,,,,,,6,"[68.14099999999999,95.45500000000001,117.769,140.833,158.76000000000002,179.122]","[68.14099999999999,95.45500000000001,117.769,140.833,158.76000000000002,179.122]",,4,"[95.988,118.43500000000002,141.782,179.721]","[95.988,118.43500000000002,141.782,179.721]",2,"[71.724,159.56]","[71.724,159.56]","[""scam_button""]",7.103004292,7.86,7.045779685,4.967,2.067238913,3.232,0,5,5,9,1,resources/images/legit_22.png,legit,1,0.78,0,0,,,,,,,,,,,,,,,,,,,,,,,,,,,,,,,,,,,,,,,,,,,,,,,,,,,,,,,,,,,,,,,,,,,,,,,,,,,,,,,,,,,,,,,,,,,,,,,,,,,,,,,,,,,,,,,,,,,,,
,,,,,,,,,,,,,,,,712670,001,2025-04-07_11h03.18.411,SLSI3,2022.2.5,iPad,50,,,,,,,,,,,7,"[68.14099999999999,95.45500000000001,117.769,140.833,158.76000000000002,179.122,205.48600000000002]","[68.14099999999999,95.45500000000001,117.769,140.833,158.76000000000002,179.122,205.48600000000002]",,5,"[95.988,118.43500000000002,141.782,179.721,206.019]","[95.988,118.43500000000002,141.782,179.721,206.019]",2,"[71.724,159.56]","[71.724,159.56]","[""scam_button""]",8.991416309,3.825,4.985693848,1.682,1.9527897,2.165,0,6,6,21,1,resources/images/scam_23.png,scam,1,0.8,0,0,,,,,,,,,,,,,,,,,,,,,,,,,,,,,,,,,,,,,,,,,,,,,,,,,,,,,,,,,,,,,,,,,,,,,,,,,,,,,,,,,,,,,,,,,,,,,,,,,,,,,,,,,,,,,,,,,,,,,
,,,,,,,,,,,,,,,,712670,001,2025-04-07_11h03.18.411,SLSI3,2022.2.5,iPad,50,,,,,,,,,,,8,"[68.14099999999999,95.45500000000001,117.769,140.833,158.76000000000002,179.122,205.48600000000002,217.86]","[68.14099999999999,95.45500000000001,117.769,140.833,158.76000000000002,179.122,205.48600000000002,217.86]",,5,"[95.988,118.43500000000002,141.782,179.721,206.019]","[95.988,118.43500000000002,141.782,179.721,206.019]",3,"[71.724,159.56,218.544]","[71.724,159.56,218.544]","[""legit_button""]",7.031473534,1.589,8.118741059,2.166,0.937052933,2.816,0,7,7,2,1,resources/images/legit11.jpg,legit,0.65,0.65,0,0,,,,,,,,,,,,,,,,,,,,,,,,,,,,,,,,,,,,,,,,,,,,,,,,,,,,,,,,,,,,,,,,,,,,,,,,,,,,,,,,,,,,,,,,,,,,,,,,,,,,,,,,,,,,,,,,,,,,,
,,,,,,,,,,,,,,,,712670,001,2025-04-07_11h03.18.411,SLSI3,2022.2.5,iPad,50,,,,,,,,,,,9,"[68.14099999999999,95.45500000000001,117.769,140.833,158.76000000000002,179.122,205.48600000000002,217.86,229.53500000000003]","[68.14099999999999,95.45500000000001,117.769,140.833,158.76000000000002,179.122,205.48600000000002,217.86,229.53500000000003]",,6,"[95.988,118.43500000000002,141.782,179.721,206.019,230.6]","[95.988,118.43500000000002,141.782,179.721,206.019,230.6]",3,"[71.724,159.56,218.544]","[71.724,159.56,218.544]","[""scam_button""]",8.962804006,2.242,1.9527897,1.881,0.078683834,1.117,0,8,8,20,1,resources/images/scam_30.png,scam,1.45,0.6,0,0,,,,,,,,,,,,,,,,,,,,,,,,,,,,,,,,,,,,,,,,,,,,,,,,,,,,,,,,,,,,,,,,,,,,,,,,,,,,,,,,,,,,,,,,,,,,,,,,,,,,,,,,,,,,,,,,,,,,,
,,,,,,,,,,,,,,,,712670,001,2025-04-07_11h03.18.411,SLSI3,2022.2.5,iPad,50,,,,,,,,,,,10,"[68.14099999999999,95.45500000000001,117.769,140.833,158.76000000000002,179.122,205.48600000000002,217.86,229.53500000000003,245.29299999999998]","[68.14099999999999,95.45500000000001,117.769,140.833,158.76000000000002,179.122,205.48600000000002,217.86,229.53500000000003,245.29299999999998]",,6,"[95.988,118.43500000000002,141.782,179.721,206.019,230.6]","[95.988,118.43500000000002,141.782,179.721,206.019,230.6]",4,"[71.724,159.56,218.544,245.926]","[71.724,159.56,218.544,245.926]","[""legit_button""]",3.125894134,2.191,5.100143062,1.998,0,2.082,0,9,9,5,1,resources/images/legit12.jpg,legit,1,0.65,0,0,,,,,,,,,,,,,,,,,,,,,,,,,,,,,,,,,,,,,,,,,,,,,,,,,,,,,,,,,,,,,,,,,,,,,,,,,,,,,,,,,,,,,,,,,,,,,,,,,,,,,,,,,,,,,,,,,,,,,
,,,,,,,,,,,,,,,,712670,001,2025-04-07_11h03.18.411,SLSI3,2022.2.5,iPad,50,,,,,,,,,,,11,"[68.14099999999999,95.45500000000001,117.769,140.833,158.76000000000002,179.122,205.48600000000002,217.86,229.53500000000003,245.29299999999998,258.134]","[68.14099999999999,95.45500000000001,117.769,140.833,158.76000000000002,179.122,205.48600000000002,217.86,229.53500000000003,245.29299999999998,258.134]",,6,"[95.988,118.43500000000002,141.782,179.721,206.019,230.6]","[95.988,118.43500000000002,141.782,179.721,206.019,230.6]",5,"[71.724,159.56,218.544,245.926,258.967]","[71.724,159.56,218.544,245.926,258.967]","[""legit_button""]",1.938483548,2.273,8.032904149,2.715,2.124463519,2.232,0,10,10,8,1,resources/images/legit_23.png,legit,1,0.65,0,0,,,,,,,,,,,,,,,,,,,,,,,,,,,,,,,,,,,,,,,,,,,,,,,,,,,,,,,,,,,,,,,,,,,,,,,,,,,,,,,,,,,,,,,,,,,,,,,,,,,,,,,,,,,,,,,,,,,,,
,,,,,,,,,,,,,,,,712670,001,2025-04-07_11h03.18.411,SLSI3,2022.2.5,iPad,50,,,,,,,,,,,12,"[68.14099999999999,95.45500000000001,117.769,140.833,158.76000000000002,179.122,205.48600000000002,217.86,229.53500000000003,245.29299999999998,258.134,1067.499]","[68.14099999999999,95.45500000000001,117.769,140.833,158.76000000000002,179.122,205.48600000000002,217.86,229.53500000000003,245.29299999999998,258.134,1067.499]",,7,"[95.988,118.43500000000002,141.782,179.721,206.019,230.6,1068.5990000000002]","[95.988,118.43500000000002,141.782,179.721,206.019,230.6,1068.5990000000002]",5,"[71.724,159.56,218.544,245.926,258.967]","[71.724,159.56,218.544,245.926,258.967]","[""scam_button""]",9.992846924,1.227,6.91702432,4.729,2.839771102,2.819,0,11,11,12,1,resources/images/scam17.png,scam,0.8,0.65,0,0,,,,,,,,,,,,,,,,,,,,,,,,,,,,,,,,,,,,,,,,,,,,,,,,,,,,,,,,,,,,,,,,,,,,,,,,,,,,,,,,,,,,,,,,,,,,,,,,,,,,,,,,,,,,,,,,,,,,,
,,,,,,,,,,,,,,,,712670,001,2025-04-07_11h03.18.411,SLSI3,2022.2.5,iPad,50,,,,,,,,,,,13,"[68.14099999999999,95.45500000000001,117.769,140.833,158.76000000000002,179.122,205.48600000000002,217.86,229.53500000000003,245.29299999999998,258.134,1067.499,1082.313]","[68.14099999999999,95.45500000000001,117.769,140.833,158.76000000000002,179.122,205.48600000000002,217.86,229.53500000000003,245.29299999999998,258.134,1067.499,1082.313]",,7,"[95.988,118.43500000000002,141.782,179.721,206.019,230.6,1068.5990000000002]","[95.988,118.43500000000002,141.782,179.721,206.019,230.6,1068.5990000000002]",6,"[71.724,159.56,218.544,245.926,258.967,1083.411]","[71.724,159.56,218.544,245.926,258.967,1083.411]","[""legit_button""]",4.82832618,1.075,5.114449213,1.765,1.967095851,2.432,0,12,12,11,1,resources/images/scam16.png,scam,0.65,0.65,0,0,,,,,,,,,,,,,,,,,,,,,,,,,,,,,,,,,,,,,,,,,,,,,,,,,,,,,,,,,,,,,,,,,,,,,,,,,,,,,,,,,,,,,,,,,,,,,,,,,,,,,,,,,,,,,,,,,,,,,
,,,,,,,,,,,,,,,,712670,001,2025-04-07_11h03.18.411,SLSI3,2022.2.5,iPad,50,,,,,,,,,,,14,"[68.14099999999999,95.45500000000001,117.769,140.833,158.76000000000002,179.122,205.48600000000002,217.86,229.53500000000003,245.29299999999998,258.134,1067.499,1082.313,1090.683]","[68.14099999999999,95.45500000000001,117.769,140.833,158.76000000000002,179.122,205.48600000000002,217.86,229.53500000000003,245.29299999999998,258.134,1067.499,1082.313,1090.683]",,8,"[95.988,118.43500000000002,141.782,179.721,206.019,230.6,1068.5990000000002,1091.6670000000001]","[95.988,118.43500000000002,141.782,179.721,206.019,230.6,1068.5990000000002,1091.6670000000001]",6,"[71.724,159.56,218.544,245.926,258.967,1083.411]","[71.724,159.56,218.544,245.926,258.967,1083.411]","[""scam_button""]",8.690987124,1.607,1.137339056,2.831,0.207439199,1.38,0,13,13,18,1,resources/images/scam_20.png,scam,1.45,0.6,0,0,,,,,,,,,,,,,,,,,,,,,,,,,,,,,,,,,,,,,,,,,,,,,,,,,,,,,,,,,,,,,,,,,,,,,,,,,,,,,,,,,,,,,,,,,,,,,,,,,,,,,,,,,,,,,,,,,,,,,
,,,,,,,,,,,,,,,,712670,001,2025-04-07_11h03.18.411,SLSI3,2022.2.5,iPad,50,,,,,,,,,,,15,"[68.14099999999999,95.45500000000001,117.769,140.833,158.76000000000002,179.122,205.48600000000002,217.86,229.53500000000003,245.29299999999998,258.134,1067.499,1082.313,1090.683,1101.0240000000001]","[68.14099999999999,95.45500000000001,117.769,140.833,158.76000000000002,179.122,205.48600000000002,217.86,229.53500000000003,245.29299999999998,258.134,1067.499,1082.313,1090.683,1101.0240000000001]",,8,"[95.988,118.43500000000002,141.782,179.721,206.019,230.6,1068.5990000000002,1091.6670000000001]","[95.988,118.43500000000002,141.782,179.721,206.019,230.6,1068.5990000000002,1091.6670000000001]",7,"[71.724,159.56,218.544,245.926,258.967,1083.411,1102.2060000000001]","[71.724,159.56,218.544,245.926,258.967,1083.411,1102.2060000000001]","[""legit_button""]",9.949928469,1.624,0.135908441,2.78,0.178826896,0.68,0,14,14,3,1,resources/images/legit_20.png,legit,0.9,0.8,0,0,,,,,,,,,,,,,,,,,,,,,,,,,,,,,,,,,,,,,,,,,,,,,,,,,,,,,,,,,,,,,,,,,,,,,,,,,,,,,,,,,,,,,,,,,,,,,,,,,,,,,,,,,,,,,,,,,,,,,
,,,,,,,,,,,,,,,,712670,001,2025-04-07_11h03.18.411,SLSI3,2022.2.5,iPad,50,,,,,,,,,,,16,"[68.14099999999999,95.45500000000001,117.769,140.833,158.76000000000002,179.122,205.48600000000002,217.86,229.53500000000003,245.29299999999998,258.134,1067.499,1082.313,1090.683,1101.0240000000001,1110.346]","[68.14099999999999,95.45500000000001,117.769,140.833,158.76000000000002,179.122,205.48600000000002,217.86,229.53500000000003,245.29299999999998,258.134,1067.499,1082.313,1090.683,1101.0240000000001,1110.346]",,9,"[95.988,118.43500000000002,141.782,179.721,206.019,230.6,1068.5990000000002,1091.6670000000001,1111.479]","[95.988,118.43500000000002,141.782,179.721,206.019,230.6,1068.5990000000002,1091.6670000000001,1111.479]",7,"[71.724,159.56,218.544,245.926,258.967,1083.411,1102.2060000000001]","[71.724,159.56,218.544,245.926,258.967,1083.411,1102.2060000000001]","[""scam_button""]",7.846924177,1.207,2.210300429,2.449,0.135908441,0.613,0,15,15,15,1,resources/images/legit16.jpg,legit,0.65,0.65,0,0,,,,,,,,,,,,,,,,,,,,,,,,,,,,,,,,,,,,,,,,,,,,,,,,,,,,,,,,,,,,,,,,,,,,,,,,,,,,,,,,,,,,,,,,,,,,,,,,,,,,,,,,,,,,,,,,,,,,,
,,,,,,,,,,,,,,,,712670,001,2025-04-07_11h03.18.411,SLSI3,2022.2.5,iPad,50,,,,,,,,,,,17,"[68.14099999999999,95.45500000000001,117.769,140.833,158.76000000000002,179.122,205.48600000000002,217.86,229.53500000000003,245.29299999999998,258.134,1067.499,1082.313,1090.683,1101.0240000000001,1110.346,1123.47]","[68.14099999999999,95.45500000000001,117.769,140.833,158.76000000000002,179.122,205.48600000000002,217.86,229.53500000000003,245.29299999999998,258.134,1067.499,1082.313,1090.683,1101.0240000000001,1110.346,1123.47]",,9,"[95.988,118.43500000000002,141.782,179.721,206.019,230.6,1068.5990000000002,1091.6670000000001,1111.479]","[95.988,118.43500000000002,141.782,179.721,206.019,230.6,1068.5990000000002,1091.6670000000001,1111.479]",8,"[71.724,159.56,218.544,245.926,258.967,1083.411,1102.2060000000001,1124.403]","[71.724,159.56,218.544,245.926,258.967,1083.411,1102.2060000000001,1124.403]","[""legit_button""]",4.942775393,1.223,0.050071531,1.916,0.164520744,1.031,0,16,16,23,1,resources/images/scam_22.png,scam,1,0.65,0,0,,,,,,,,,,,,,,,,,,,,,,,,,,,,,,,,,,,,,,,,,,,,,,,,,,,,,,,,,,,,,,,,,,,,,,,,,,,,,,,,,,,,,,,,,,,,,,,,,,,,,,,,,,,,,,,,,,,,,
,,,,,,,,,,,,,,,,712670,001,2025-04-07_11h03.18.411,SLSI3,2022.2.5,iPad,50,,,,,,,,,,,18,"[68.14099999999999,95.45500000000001,117.769,140.833,158.76000000000002,179.122,205.48600000000002,217.86,229.53500000000003,245.29299999999998,258.134,1067.499,1082.313,1090.683,1101.0240000000001,1110.346,1123.47,2348.207]","[68.14099999999999,95.45500000000001,117.769,140.833,158.76000000000002,179.122,205.48600000000002,217.86,229.53500000000003,245.29299999999998,258.134,1067.499,1082.313,1090.683,1101.0240000000001,1110.346,1123.47,2348.207]",,9,"[95.988,118.43500000000002,141.782,179.721,206.019,230.6,1068.5990000000002,1091.6670000000001,1111.479]","[95.988,118.43500000000002,141.782,179.721,206.019,230.6,1068.5990000000002,1091.6670000000001,1111.479]",9,"[71.724,159.56,218.544,245.926,258.967,1083.411,1102.2060000000001,1124.403,2349.7899999999995]","[71.724,159.56,218.544,245.926,258.967,1083.411,1102.2060000000001,1124.403,2349.7899999999995]","[""legit_button""]",3.097281831,1.031,2.854077253,2.05,0.107296137,1.713,0,17,17,17,1,resources/images/legitimate_18.png,legit,1,0.65,0,0,,,,,,,,,,,,,,,,,,,,,,,,,,,,,,,,,,,,,,,,,,,,,,,,,,,,,,,,,,,,,,,,,,,,,,,,,,,,,,,,,,,,,,,,,,,,,,,,,,,,,,,,,,,,,,,,,,,,,
,,,,,,,,,,,,,,,,712670,001,2025-04-07_11h03.18.411,SLSI3,2022.2.5,iPad,50,,,,,,,,,,,19,"[68.14099999999999,95.45500000000001,117.769,140.833,158.76000000000002,179.122,205.48600000000002,217.86,229.53500000000003,245.29299999999998,258.134,1067.499,1082.313,1090.683,1101.0240000000001,1110.346,1123.47,2348.207,2359.123]","[68.14099999999999,95.45500000000001,117.769,140.833,158.76000000000002,179.122,205.48600000000002,217.86,229.53500000000003,245.29299999999998,258.134,1067.499,1082.313,1090.683,1101.0240000000001,1110.346,1123.47,2348.207,2359.123]",,9,"[95.988,118.43500000000002,141.782,179.721,206.019,230.6,1068.5990000000002,1091.6670000000001,1111.479]","[95.988,118.43500000000002,141.782,179.721,206.019,230.6,1068.5990000000002,1091.6670000000001,1111.479]",10,"[71.724,159.56,218.544,245.926,258.967,1083.411,1102.2060000000001,1124.403,2349.7899999999995,2360.1719999999996]","[71.724,159.56,218.544,245.926,258.967,1083.411,1102.2060000000001,1124.403,2349.7899999999995,2360.1719999999996]","[""legit_button""]",4.899856938,0.957,4.942775393,1.598,0.064377682,1.182,0,18,18,19,1,resources/images/scam_21.png,scam,1,0.65,0,0,,,,,,,,,,,,,,,,,,,,,,,,,,,,,,,,,,,,,,,,,,,,,,,,,,,,,,,,,,,,,,,,,,,,,,,,,,,,,,,,,,,,,,,,,,,,,,,,,,,,,,,,,,,,,,,,,,,,,
,,,,,,,,,,,,,,,,712670,001,2025-04-07_11h03.18.411,SLSI3,2022.2.5,iPad,50,,,,,,,,,,,20,"[68.14099999999999,95.45500000000001,117.769,140.833,158.76000000000002,179.122,205.48600000000002,217.86,229.53500000000003,245.29299999999998,258.134,1067.499,1082.313,1090.683,1101.0240000000001,1110.346,1123.47,2348.207,2359.123,2368.6769999999997]","[68.14099999999999,95.45500000000001,117.769,140.833,158.76000000000002,179.122,205.48600000000002,217.86,229.53500000000003,245.29299999999998,258.134,1067.499,1082.313,1090.683,1101.0240000000001,1110.346,1123.47,2348.207,2359.123,2368.6769999999997]",,10,"[95.988,118.43500000000002,141.782,179.721,206.019,230.6,1068.5990000000002,1091.6670000000001,1111.479,2369.4959999999996]","[95.988,118.43500000000002,141.782,179.721,206.019,230.6,1068.5990000000002,1091.6670000000001,1111.479,2369.4959999999996]",10,"[71.724,159.56,218.544,245.926,258.967,1083.411,1102.2060000000001,1124.403,2349.7899999999995,2360.1719999999996]","[71.724,159.56,218.544,245.926,258.967,1083.411,1102.2060000000001,1124.403,2349.7899999999995,2360.1719999999996]","[""scam_button""]",7.131616595,1.973,3.140200286,2.815,0.064377682,2.115,0,19,19,4,1,resources/images/legit_19.png,legit,0.65,0.65,0,0,,,,,,,,,,,,,,,,,,,,,,,,,,,,,,,,,,,,,,,,,,,,,,,,,,,,,,,,,,,,,,,,,,,,,,,,,,,,,,,,,,,,,,,,,,,,,,,,,,,,,,,,,,,,,,,,,,,,,
,,,,,,,,,,,,,,,,712670,001,2025-04-07_11h03.18.411,SLSI3,2022.2.5,iPad,50,,,,,,,,,,,21,"[68.14099999999999,95.45500000000001,117.769,140.833,158.76000000000002,179.122,205.48600000000002,217.86,229.53500000000003,245.29299999999998,258.134,1067.499,1082.313,1090.683,1101.0240000000001,1110.346,1123.47,2348.207,2359.123,2368.6769999999997,2389.841]","[68.14099999999999,95.45500000000001,117.769,140.833,158.76000000000002,179.122,205.48600000000002,217.86,229.53500000000003,245.29299999999998,258.134,1067.499,1082.313,1090.683,1101.0240000000001,1110.346,1123.47,2348.207,2359.123,2368.6769999999997,2389.841]",,11,"[95.988,118.43500000000002,141.782,179.721,206.019,230.6,1068.5990000000002,1091.6670000000001,1111.479,2369.4959999999996,2392.1759999999995]","[95.988,118.43500000000002,141.782,179.721,206.019,230.6,1068.5990000000002,1091.6670000000001,1111.479,2369.4959999999996,2392.1759999999995]",10,"[71.724,159.56,218.544,245.926,258.967,1083.411,1102.2060000000001,1124.403,2349.7899999999995,2360.1719999999996]","[71.724,159.56,218.544,245.926,258.967,1083.411,1102.2060000000001,1124.403,2349.7899999999995,2360.1719999999996]","[""scam_button""]",3.054363376,0.739,5.028612303,1.448,0.150214592,3.164,0,20,20,14,1,resources/images/scam18.png,scam,1,0.65,0,0,,,,,,,,,,,,,,,,,,,,,,,,,,,,,,,,,,,,,,,,,,,,,,,,,,,,,,,,,,,,,,,,,,,,,,,,,,,,,,,,,,,,,,,,,,,,,,,,,,,,,,,,,,,,,,,,,,,,,
,,,,,,,,,,,,,,,,712670,001,2025-04-07_11h03.18.411,SLSI3,2022.2.5,iPad,50,,,,,,,,,,,22,"[68.14099999999999,95.45500000000001,117.769,140.833,158.76000000000002,179.122,205.48600000000002,217.86,229.53500000000003,245.29299999999998,258.134,1067.499,1082.313,1090.683,1101.0240000000001,1110.346,1123.47,2348.207,2359.123,2368.6769999999997,2389.841,2400.5319999999997]","[68.14099999999999,95.45500000000001,117.769,140.833,158.76000000000002,179.122,205.48600000000002,217.86,229.53500000000003,245.29299999999998,258.134,1067.499,1082.313,1090.683,1101.0240000000001,1110.346,1123.47,2348.207,2359.123,2368.6769999999997,2389.841,2400.5319999999997]",,11,"[95.988,118.43500000000002,141.782,179.721,206.019,230.6,1068.5990000000002,1091.6670000000001,1111.479,2369.4959999999996,2392.1759999999995]","[95.988,118.43500000000002,141.782,179.721,206.019,230.6,1068.5990000000002,1091.6670000000001,1111.479,2369.4959999999996,2392.1759999999995]",11,"[71.724,159.56,218.544,245.926,258.967,1083.411,1102.2060000000001,1124.403,2349.7899999999995,2360.1719999999996,2401.5629999999996]","[71.724,159.56,218.544,245.926,258.967,1083.411,1102.2060000000001,1124.403,2349.7899999999995,2360.1719999999996,2401.5629999999996]","[""legit_button""]",8.104434907,1.056,8.0472103,3.734,9.062947067,2.248,0,21,21,13,1,resources/images/legit15.jpg,legit,0.95,0.65,0,0,,,,,,,,,,,,,,,,,,,,,,,,,,,,,,,,,,,,,,,,,,,,,,,,,,,,,,,,,,,,,,,,,,,,,,,,,,,,,,,,,,,,,,,,,,,,,,,,,,,,,,,,,,,,,,,,,,,,,
,,,,,,,,,,,,,,,,712670,001,2025-04-07_11h03.18.411,SLSI3,2022.2.5,iPad,50,,,,,,,,,,,23,"[68.14099999999999,95.45500000000001,117.769,140.833,158.76000000000002,179.122,205.48600000000002,217.86,229.53500000000003,245.29299999999998,258.134,1067.499,1082.313,1090.683,1101.0240000000001,1110.346,1123.47,2348.207,2359.123,2368.6769999999997,2389.841,2400.5319999999997,2412.8219999999997]","[68.14099999999999,95.45500000000001,117.769,140.833,158.76000000000002,179.122,205.48600000000002,217.86,229.53500000000003,245.29299999999998,258.134,1067.499,1082.313,1090.683,1101.0240000000001,1110.346,1123.47,2348.207,2359.123,2368.6769999999997,2389.841,2400.5319999999997,2412.8219999999997]",,11,"[95.988,118.43500000000002,141.782,179.721,206.019,230.6,1068.5990000000002,1091.6670000000001,1111.479,2369.4959999999996,2392.1759999999995]","[95.988,118.43500000000002,141.782,179.721,206.019,230.6,1068.5990000000002,1091.6670000000001,1111.479,2369.4959999999996,2392.1759999999995]",12,"[71.724,159.56,218.544,245.926,258.967,1083.411,1102.2060000000001,1124.403,2349.7899999999995,2360.1719999999996,2401.5629999999996,2413.5709999999995]","[71.724,159.56,218.544,245.926,258.967,1083.411,1102.2060000000001,1124.403,2349.7899999999995,2360.1719999999996,2401.5629999999996,2413.5709999999995]","[""legit_button""]",5.271816881,0.69,7.932761087,1.512,7.031473534,2.9,0,22,22,10,1,resources/images/scam15.jpg,scam,0.65,0.65,0,0,,,,,,,,,,,,,,,,,,,,,,,,,,,,,,,,,,,,,,,,,,,,,,,,,,,,,,,,,,,,,,,,,,,,,,,,,,,,,,,,,,,,,,,,,,,,,,,,,,,,,,,,,,,,,,,,,,,,,
,,,,,,,,,,,,,,,,712670,001,2025-04-07_11h03.18.411,SLSI3,2022.2.5,iPad,50,,,,,,,,,,,24,"[68.14099999999999,95.45500000000001,117.769,140.833,158.76000000000002,179.122,205.48600000000002,217.86,229.53500000000003,245.29299999999998,258.134,1067.499,1082.313,1090.683,1101.0240000000001,1110.346,1123.47,2348.207,2359.123,2368.6769999999997,2389.841,2400.5319999999997,2412.8219999999997,2431.399]","[68.14099999999999,95.45500000000001,117.769,140.833,158.76000000000002,179.122,205.48600000000002,217.86,229.53500000000003,245.29299999999998,258.134,1067.499,1082.313,1090.683,1101.0240000000001,1110.346,1123.47,2348.207,2359.123,2368.6769999999997,2389.841,2400.5319999999997,2412.8219999999997,2431.399]",,12,"[95.988,118.43500000000002,141.782,179.721,206.019,230.6,1068.5990000000002,1091.6670000000001,1111.479,2369.4959999999996,2392.1759999999995,2432.4649999999997]","[95.988,118.43500000000002,141.782,179.721,206.019,230.6,1068.5990000000002,1091.6670000000001,1111.479,2369.4959999999996,2392.1759999999995,2432.4649999999997]",12,"[71.724,159.56,218.544,245.926,258.967,1083.411,1102.2060000000001,1124.403,2349.7899999999995,2360.1719999999996,2401.5629999999996,2413.5709999999995]","[71.724,159.56,218.544,245.926,258.967,1083.411,1102.2060000000001,1124.403,2349.7899999999995,2360.1719999999996,2401.5629999999996,2413.5709999999995]","[""scam_button""]",9.749642346,0.757,8.104434907,1.98,8.991416309,2.248,0,23,23,0,1,resources/images/scam8.jpg,scam,0.65,0.65,0,0,,,,,,,,,,,,,,,,,,,,,,,,,,,,,,,,,,,,,,,,,,,,,,,,,,,,,,,,,,,,,,,,,,,,,,,,,,,,,,,,,,,,,,,,,,,,,,,,,,,,,,,,,,,,,,,,,,,,,
,,,,,,,,,,,,,,,,712670,001,2025-04-07_11h03.18.411,SLSI3,2022.2.5,iPad,50,,,,,,,,,,,,,,,,,,,,,,,,,,,,,,,,,,,,,,,space,2.279,,,,,,,,,,,,,,,,,,,,,,,,,,,,,,,,,,,,,,,,,,,,,,,,,,,,,,,,,,,,,,,,,,,,,,,,,,,,,,,,,,,,,,,,,,,,,,,,,,,,,,,,,,,,,,,,,,,
,,,,,,,,,,,,,,,,712670,001,2025-04-07_11h03.18.411,SLSI3,2022.2.5,iPad,50,,,,,,,,,,,,,,,,,,,,,,,,,,,,,,,,,,,,,,,,,space,2.987,,,,,,,,,,,,,,,,,,,,,,,,,,,,,,,,,,,,,,,,,,,,,,,,,,,,,,,,,,,,,,,,,,,,,,,,,,,,,,,,,,,,,,,,,,,,,,,,,,,,,,,,,,,,,,,,,
,,,,,,,,,,,,,,,,712670,001,2025-04-07_11h03.18.411,SLSI3,2022.2.5,iPad,50,,,,,,,,,,,,,,,,,,,,,,,,,,,,,,,,,,,,,,,,,,,space,6.287,,,,,,,,,,,,,,,,,,,,,,,,,,,,,,,,,,,,,,,,,,,,,,,,,,,,,,,,,,,,,,,,,,,,,,,,,,,,,,,,,,,,,,,,,,,,,,,,,,,,,,,,,,,,,,,
,,,,,,,,,,,,,,,,712670,001,2025-04-07_11h03.18.411,SLSI3,2022.2.5,iPad,50,,,,,,,,,,,,,,,,,,,,,,,,,,,,,,,,,,,,,,,,,,,,,"includes coupons, asks u to click on a link, misspellings",1,[2472.332],[2472.332],,,,,,,,,,,,,,,,,,,,,,,,,,,,,,,,,,,,,,,,,,,,,,,,,,,,,,,,,,,,,,,,,,,,,,,,,,,,,,,,,,,,,,,,,,,,,,,,,,,,,,,,,,,
,,,,,,,,,,,,,,,,712670,001,2025-04-07_11h03.18.411,SLSI3,2022.2.5,iPad,50,,,,,,,,,,,,,,,,,,,,,,,,,,,,,,,,,,,,,,,,,,,,,,,,,space,3.44,,,,,,,,,,,,,,,,,,,,,,,,,,,,,,,,,,,,,,,,,,,,,,,,,,,,,,,,,,,,,,,,,,,,,,,,,,,,,,,,,,,,,,,,,,,,,,,,,,,,,,,,,
,,,,,,,,,,,,,,,,712670,001,2025-04-07_11h03.18.411,SLSI3,2022.2.5,iPad,50,,,,,,,,,,,,,,,,,,,,,,,,,,,,,,,,,,,,,,,,,,,,,,,,,,,"[-0.4062947067238913,-0.17310443490701002,-0.03862660944206009]","[-0.012160228898426323,-0.07224606580829757,0.2525035765379113]","[1,1,1]","[0,0,0]","[0,0,0]","[2.3159999999998035,20.592999999999847,22.915999999999713]",,,,,,,,,,,,,,,,,,,,,,,,,,,,,,,,,,,,,,,,,,,,,,,,,,,,,,,,,,,,,,,,,,,,,,,,,,,,,,,,,,,,,,,,,,,,,,,,,,,
,,,,,,,,,,,,,,,,712670,001,2025-04-07_11h03.18.411,SLSI3,2022.2.5,iPad,50,,,,,,,,,,,,,,,,,,,,,,,,,,,,,,,,,,,,,,,,,,,,,,,,,,,,,,,,,space,2.092,,,,,,,,,,,,,,,,,,,,,,,,,,,,,,,,,,,,,,,,,,,,,,,,,,,,,,,,,,,,,,,,,,,,,,,,,,,,,,,,,,,,,,,,,,,,,,,,,
,,,,,,,,,,,,,,,,712670,001,2025-04-07_11h03.18.411,SLSI3,2022.2.5,iPad,50,,,,,,,,,,,,,,,,,,,,,,,,,,,,,,,,,,,,,,,,,,,,,,,,,,,,,,,,,,,1,[2507.5679999999998],[2507.5679999999998],,,,,,,,,,,,,,,,,,,,,,,,,,,,,,,,,,,,,,,,,,,,,,,,,,,,,,,,,,,,,,,,,,,,,,,,,,,,,,,,,,,,,,,,,,,,,,
,,,,,,,,,,,,,,,,712670,001,2025-04-07_11h03.18.411,SLSI3,2022.2.5,iPad,50,,,,,,,,,,,,,,,,,,,,,,,,,,,,,,,,,,,,,,,,,,,,,,,,,,,,,,,,,,,,,,"[0.06580829756795423,-0.3748211731044349]","[-0.045064377682403435,0.4413447782546495]","[1,1]","[0,0]","[0,0]","[2.8229999999998654,9.186999999999898]",,,,,,,,,,,,,,,,,,,,,,,,,,,,,,,,,,,,,,,,,,,,,,,,,,,,,,,,,,,,,,,,,,,,,,,,,,,,,,,,,,,,,,,,
,,,,,,,,,,,,,,,,712670,001,2025-04-07_11h03.18.411,SLSI3,2022.2.5,iPad,50,,,,,,,,,,,,,,,,,,,,,,,,,,,,,,,,,,,,,,,,,,,,,,,,,,,,,,,,,space,0.966,,,,,,,,,,,,,,,,,,,,,,,,,,,,,,,,,,,,,,,,,,,,,,,,,,,,,,,,,,,,,,,,,,,,,,,,,,,,,,,,,,,,,,,,,,,,,,,,,
,,,,,,,,,,,,,,,,712670,001,2025-04-07_11h03.18.411,SLSI3,2022.2.5,iPad,50,,,,,,,,,,,,,,,,,,,,,,,,,,,,,,,,,,,,,,,,,,,,,,,,,,,,,,,,,,,,,,,,,,,,1,[2523.357],[2523.357],,,,,,,,,,,,,,,,,,,,,,,,,,,,,,,,,,,,,,,,,,,,,,,,,,,,,,,,,,,,,,,,,,,,,,,,,,,,,,,,,,,,,
,,,,,,,,,,,,,,,,712670,001,2025-04-07_11h03.18.411,SLSI3,2022.2.5,iPad,50,,,,,,,,,,,,,,,,,,,,,,,,,,,,,,,,,,,,,,,,,,,,,,,,,,,,,,,,,,,,,,,,,,,,,,,"[-0.21888412017167383,-0.30185979971387694,-0.3719599427753934]","[-0.18669527896995708,-0.0178826895565093,0.1709585121602289]","[1,1,1]","[0,0,0]","[0,0,0]","[4.173000000000229,13.930000000000291,18.976000000000113]",,,,,,,,,,,,,,,,,,,,,,,,,,,,,,,,,,,,,,,,,,,,,,,,,,,,,,,,,,,,,,,,,,,,,,,,,,,,,,,
,,,,,,,,,,,,,,,,712670,001,2025-04-07_11h03.18.411,SLSI3,2022.2.5,iPad,50,,,,,,,,,,,,,,,,,,,,,,,,,,,,,,,,,,,,,,,,,,,,,,,,,,,,,,,,,space,0.75,,,,,,,,,,,,,,,,,,,,,,,,,,,,,,,,,,,,,,,,,,,,,,,,,,,,,,,,,,,,,,,,,,,,,,,,,,,,,,,,,,,,,,,,,,,,,,,,,
,,,,,,,,,,,,,,,,712670,001,2025-04-07_11h03.18.411,SLSI3,2022.2.5,iPad,50,,,,,,,,,,,,,,,,,,,,,,,,,,,,,,,,,,,,,,,,,,,,,,,,,,,,,,,,,,,,,,,,,,,,,,,,,,,,,1,[2546.586],[2546.586],,,,,,,,,,,,,,,,,,,,,,,,,,,,,,,,,,,,,,,,,,,,,,,,,,,,,,,,,,,,,,,,,,,,,,,,,,,,
,,,,,,,,,,,,,,,,712670,001,2025-04-07_11h03.18.411,SLSI3,2022.2.5,iPad,50,,,,,,,,,space,2.335,,,,,,,,,,,,,,,,,,,,,,,,,,,,,,,,,,,,,,,,,,,,,,,,,,,,,,,,,,,,,,,,,,,,,,,,,,,,,,,,,,,,,,,,,,,,,,,,,,,,,,,,,,,,,,,,,,,,,,,,,,,,,,,,,,,,,,,,,,,,,,,,,
,,,,,,,,,,,,,,,,712670,001,2025-04-07_11h03.18.411,SLSI3,2022.2.5,iPad,50,,,,,,,,,,,25,"[68.14099999999999,95.45500000000001,117.769,140.833,158.76000000000002,179.122,205.48600000000002,217.86,229.53500000000003,245.29299999999998,258.134,1067.499,1082.313,1090.683,1101.0240000000001,1110.346,1123.47,2348.207,2359.123,2368.6769999999997,2389.841,2400.5319999999997,2412.8219999999997,2431.399,2556.2329999999997]","[68.14099999999999,95.45500000000001,117.769,140.833,158.76000000000002,179.122,205.48600000000002,217.86,229.53500000000003,245.29299999999998,258.134,1067.499,1082.313,1090.683,1101.0240000000001,1110.346,1123.47,2348.207,2359.123,2368.6769999999997,2389.841,2400.5319999999997,2412.8219999999997,2431.399,2556.2329999999997]",,13,"[95.988,118.43500000000002,141.782,179.721,206.019,230.6,1068.5990000000002,1091.6670000000001,1111.479,2369.4959999999996,2392.1759999999995,2432.4649999999997,2557.3089999999997]","[95.988,118.43500000000002,141.782,179.721,206.019,230.6,1068.5990000000002,1091.6670000000001,1111.479,2369.4959999999996,2392.1759999999995,2432.4649999999997,2557.3089999999997]",12,"[71.724,159.56,218.544,245.926,258.967,1083.411,1102.2060000000001,1124.403,2349.7899999999995,2360.1719999999996,2401.5629999999996,2413.5709999999995]","[71.724,159.56,218.544,245.926,258.967,1083.411,1102.2060000000001,1124.403,2349.7899999999995,2360.1719999999996,2401.5629999999996,2413.5709999999995]","[""scam_button""]",9.878397711,1.17,5.042918455,1.718,0.092989986,2.549,,,,,,resources/images/scam_1.png,scam,1,0.65,0,0,,,,,,,,,,,,,,,,,,,,,,,,,,,,,,,,,,,,,,,,,,0,0,0,0,1,,,,,,,,,,,,,,,,,,,,,,,,,,,,,,,,,,,,,,,,,,,,,,,,,,,,,,,,,,,,,,,,,,,,,,,
,,,,,,,,,,,,,,,,712670,001,2025-04-07_11h03.18.411,SLSI3,2022.2.5,iPad,50,,,,,,,,,,,26,"[68.14099999999999,95.45500000000001,117.769,140.833,158.76000000000002,179.122,205.48600000000002,217.86,229.53500000000003,245.29299999999998,258.134,1067.499,1082.313,1090.683,1101.0240000000001,1110.346,1123.47,2348.207,2359.123,2368.6769999999997,2389.841,2400.5319999999997,2412.8219999999997,2431.399,2556.2329999999997,2569.2709999999997]","[68.14099999999999,95.45500000000001,117.769,140.833,158.76000000000002,179.122,205.48600000000002,217.86,229.53500000000003,245.29299999999998,258.134,1067.499,1082.313,1090.683,1101.0240000000001,1110.346,1123.47,2348.207,2359.123,2368.6769999999997,2389.841,2400.5319999999997,2412.8219999999997,2431.399,2556.2329999999997,2569.2709999999997]",,14,"[95.988,118.43500000000002,141.782,179.721,206.019,230.6,1068.5990000000002,1091.6670000000001,1111.479,2369.4959999999996,2392.1759999999995,2432.4649999999997,2557.3089999999997,2570.334]","[95.988,118.43500000000002,141.782,179.721,206.019,230.6,1068.5990000000002,1091.6670000000001,1111.479,2369.4959999999996,2392.1759999999995,2432.4649999999997,2557.3089999999997,2570.334]",12,"[71.724,159.56,218.544,245.926,258.967,1083.411,1102.2060000000001,1124.403,2349.7899999999995,2360.1719999999996,2401.5629999999996,2413.5709999999995]","[71.724,159.56,218.544,245.926,258.967,1083.411,1102.2060000000001,1124.403,2349.7899999999995,2360.1719999999996,2401.5629999999996,2413.5709999999995]","[""scam_button""]",9.849785408,1.22,5.114449213,4.786,2.925608011,1.584,,,,,,resources/images/scam10.jpg,scam,1,0.65,0,0,,,,,,,,,,,,,,,,,,,,,,,,,,,,,,,,,,,,,,,,,,0,1,1,17,1,,,,,,,,,,,,,,,,,,,,,,,,,,,,,,,,,,,,,,,,,,,,,,,,,,,,,,,,,,,,,,,,,,,,,,,
,,,,,,,,,,,,,,,,712670,001,2025-04-07_11h03.18.411,SLSI3,2022.2.5,iPad,50,,,,,,,,,,,27,"[68.14099999999999,95.45500000000001,117.769,140.833,158.76000000000002,179.122,205.48600000000002,217.86,229.53500000000003,245.29299999999998,258.134,1067.499,1082.313,1090.683,1101.0240000000001,1110.346,1123.47,2348.207,2359.123,2368.6769999999997,2389.841,2400.5319999999997,2412.8219999999997,2431.399,2556.2329999999997,2569.2709999999997,2584.417]","[68.14099999999999,95.45500000000001,117.769,140.833,158.76000000000002,179.122,205.48600000000002,217.86,229.53500000000003,245.29299999999998,258.134,1067.499,1082.313,1090.683,1101.0240000000001,1110.346,1123.47,2348.207,2359.123,2368.6769999999997,2389.841,2400.5319999999997,2412.8219999999997,2431.399,2556.2329999999997,2569.2709999999997,2584.417]",,15,"[95.988,118.43500000000002,141.782,179.721,206.019,230.6,1068.5990000000002,1091.6670000000001,1111.479,2369.4959999999996,2392.1759999999995,2432.4649999999997,2557.3089999999997,2570.334,2585.4429999999998]","[95.988,118.43500000000002,141.782,179.721,206.019,230.6,1068.5990000000002,1091.6670000000001,1111.479,2369.4959999999996,2392.1759999999995,2432.4649999999997,2557.3089999999997,2570.334,2585.4429999999998]",12,"[71.724,159.56,218.544,245.926,258.967,1083.411,1102.2060000000001,1124.403,2349.7899999999995,2360.1719999999996,2401.5629999999996,2413.5709999999995]","[71.724,159.56,218.544,245.926,258.967,1083.411,1102.2060000000001,1124.403,2349.7899999999995,2360.1719999999996,2401.5629999999996,2413.5709999999995]","[""scam_button""]",9.992846924,1.601,0.050071531,0.987,0.050071531,0.381,,,,,,resources/images/scam_2.png,scam,0.9,0.65,0,0,,,,,,,,,,,,,,,,,,,,,,,,,,,,,,,,,,,,,,,,,,0,2,2,1,1,,,,,,,,,,,,,,,,,,,,,,,,,,,,,,,,,,,,,,,,,,,,,,,,,,,,,,,,,,,,,,,,,,,,,,,
,,,,,,,,,,,,,,,,712670,001,2025-04-07_11h03.18.411,SLSI3,2022.2.5,iPad,50,,,,,,,,,,,28,"[68.14099999999999,95.45500000000001,117.769,140.833,158.76000000000002,179.122,205.48600000000002,217.86,229.53500000000003,245.29299999999998,258.134,1067.499,1082.313,1090.683,1101.0240000000001,1110.346,1123.47,2348.207,2359.123,2368.6769999999997,2389.841,2400.5319999999997,2412.8219999999997,2431.399,2556.2329999999997,2569.2709999999997,2584.417,2596.307]","[68.14099999999999,95.45500000000001,117.769,140.833,158.76000000000002,179.122,205.48600000000002,217.86,229.53500000000003,245.29299999999998,258.134,1067.499,1082.313,1090.683,1101.0240000000001,1110.346,1123.47,2348.207,2359.123,2368.6769999999997,2389.841,2400.5319999999997,2412.8219999999997,2431.399,2556.2329999999997,2569.2709999999997,2584.417,2596.307]",,16,"[95.988,118.43500000000002,141.782,179.721,206.019,230.6,1068.5990000000002,1091.6670000000001,1111.479,2369.4959999999996,2392.1759999999995,2432.4649999999997,2557.3089999999997,2570.334,2585.4429999999998,2597.1499999999996]","[95.988,118.43500000000002,141.782,179.721,206.019,230.6,1068.5990000000002,1091.6670000000001,1111.479,2369.4959999999996,2392.1759999999995,2432.4649999999997,2557.3089999999997,2570.334,2585.4429999999998,2597.1499999999996]",12,"[71.724,159.56,218.544,245.926,258.967,1083.411,1102.2060000000001,1124.403,2349.7899999999995,2360.1719999999996,2401.5629999999996,2413.5709999999995]","[71.724,159.56,218.544,245.926,258.967,1083.411,1102.2060000000001,1124.403,2349.7899999999995,2360.1719999999996,2401.5629999999996,2413.5709999999995]","[""scam_button""]",8.805436338,0.87,0.035765379,1.786,0.035765379,0.504,,,,,,resources/images/scam7.png,scam,0.65,0.65,0,0,,,,,,,,,,,,,,,,,,,,,,,,,,,,,,,,,,,,,,,,,,0,3,3,10,1,,,,,,,,,,,,,,,,,,,,,,,,,,,,,,,,,,,,,,,,,,,,,,,,,,,,,,,,,,,,,,,,,,,,,,,
,,,,,,,,,,,,,,,,712670,001,2025-04-07_11h03.18.411,SLSI3,2022.2.5,iPad,50,,,,,,,,,,,29,"[68.14099999999999,95.45500000000001,117.769,140.833,158.76000000000002,179.122,205.48600000000002,217.86,229.53500000000003,245.29299999999998,258.134,1067.499,1082.313,1090.683,1101.0240000000001,1110.346,1123.47,2348.207,2359.123,2368.6769999999997,2389.841,2400.5319999999997,2412.8219999999997,2431.399,2556.2329999999997,2569.2709999999997,2584.417,2596.307,2603.741]","[68.14099999999999,95.45500000000001,117.769,140.833,158.76000000000002,179.122,205.48600000000002,217.86,229.53500000000003,245.29299999999998,258.134,1067.499,1082.313,1090.683,1101.0240000000001,1110.346,1123.47,2348.207,2359.123,2368.6769999999997,2389.841,2400.5319999999997,2412.8219999999997,2431.399,2556.2329999999997,2569.2709999999997,2584.417,2596.307,2603.741]",,17,"[95.988,118.43500000000002,141.782,179.721,206.019,230.6,1068.5990000000002,1091.6670000000001,1111.479,2369.4959999999996,2392.1759999999995,2432.4649999999997,2557.3089999999997,2570.334,2585.4429999999998,2597.1499999999996,2604.6429999999996]","[95.988,118.43500000000002,141.782,179.721,206.019,230.6,1068.5990000000002,1091.6670000000001,1111.479,2369.4959999999996,2392.1759999999995,2432.4649999999997,2557.3089999999997,2570.334,2585.4429999999998,2597.1499999999996,2604.6429999999996]",12,"[71.724,159.56,218.544,245.926,258.967,1083.411,1102.2060000000001,1124.403,2349.7899999999995,2360.1719999999996,2401.5629999999996,2413.5709999999995]","[71.724,159.56,218.544,245.926,258.967,1083.411,1102.2060000000001,1124.403,2349.7899999999995,2360.1719999999996,2401.5629999999996,2413.5709999999995]","[""scam_button""]",9.60658083,1.411,4.885550787,1.359,0.894134478,1.785,,,,,,resources/images/scam4.png,scam,0.8,0.65,0,0,,,,,,,,,,,,,,,,,,,,,,,,,,,,,,,,,,,,,,,,,,0,4,4,6,1,,,,,,,,,,,,,,,,,,,,,,,,,,,,,,,,,,,,,,,,,,,,,,,,,,,,,,,,,,,,,,,,,,,,,,,
,,,,,,,,,,,,,,,,712670,001,2025-04-07_11h03.18.411,SLSI3,2022.2.5,iPad,50,,,,,,,,,,,30,"[68.14099999999999,95.45500000000001,117.769,140.833,158.76000000000002,179.122,205.48600000000002,217.86,229.53500000000003,245.29299999999998,258.134,1067.499,1082.313,1090.683,1101.0240000000001,1110.346,1123.47,2348.207,2359.123,2368.6769999999997,2389.841,2400.5319999999997,2412.8219999999997,2431.399,2556.2329999999997,2569.2709999999997,2584.417,2596.307,2603.741,2618.246]","[68.14099999999999,95.45500000000001,117.769,140.833,158.76000000000002,179.122,205.48600000000002,217.86,229.53500000000003,245.29299999999998,258.134,1067.499,1082.313,1090.683,1101.0240000000001,1110.346,1123.47,2348.207,2359.123,2368.6769999999997,2389.841,2400.5319999999997,2412.8219999999997,2431.399,2556.2329999999997,2569.2709999999997,2584.417,2596.307,2603.741,2618.246]",,17,"[95.988,118.43500000000002,141.782,179.721,206.019,230.6,1068.5990000000002,1091.6670000000001,1111.479,2369.4959999999996,2392.1759999999995,2432.4649999999997,2557.3089999999997,2570.334,2585.4429999999998,2597.1499999999996,2604.6429999999996]","[95.988,118.43500000000002,141.782,179.721,206.019,230.6,1068.5990000000002,1091.6670000000001,1111.479,2369.4959999999996,2392.1759999999995,2432.4649999999997,2557.3089999999997,2570.334,2585.4429999999998,2597.1499999999996,2604.6429999999996]",13,"[71.724,159.56,218.544,245.926,258.967,1083.411,1102.2060000000001,1124.403,2349.7899999999995,2360.1719999999996,2401.5629999999996,2413.5709999999995,2619.1119999999996]","[71.724,159.56,218.544,245.926,258.967,1083.411,1102.2060000000001,1124.403,2349.7899999999995,2360.1719999999996,2401.5629999999996,2413.5709999999995,2619.1119999999996]","[""legit_button""]",7.145922747,1.987,8.032904149,2.016,0.293276109,2.535,,,,,,resources/images/legit7-EDIT.png,legit,0.65,0.65,0,0,,,,,,,,,,,,,,,,,,,,,,,,,,,,,,,,,,,,,,,,,,0,5,5,14,1,,,,,,,,,,,,,,,,,,,,,,,,,,,,,,,,,,,,,,,,,,,,,,,,,,,,,,,,,,,,,,,,,,,,,,,
,,,,,,,,,,,,,,,,712670,001,2025-04-07_11h03.18.411,SLSI3,2022.2.5,iPad,50,,,,,,,,,,,31,"[68.14099999999999,95.45500000000001,117.769,140.833,158.76000000000002,179.122,205.48600000000002,217.86,229.53500000000003,245.29299999999998,258.134,1067.499,1082.313,1090.683,1101.0240000000001,1110.346,1123.47,2348.207,2359.123,2368.6769999999997,2389.841,2400.5319999999997,2412.8219999999997,2431.399,2556.2329999999997,2569.2709999999997,2584.417,2596.307,2603.741,2618.246,2642.1929999999998]","[68.14099999999999,95.45500000000001,117.769,140.833,158.76000000000002,179.122,205.48600000000002,217.86,229.53500000000003,245.29299999999998,258.134,1067.499,1082.313,1090.683,1101.0240000000001,1110.346,1123.47,2348.207,2359.123,2368.6769999999997,2389.841,2400.5319999999997,2412.8219999999997,2431.399,2556.2329999999997,2569.2709999999997,2584.417,2596.307,2603.741,2618.246,2642.1929999999998]",,17,"[95.988,118.43500000000002,141.782,179.721,206.019,230.6,1068.5990000000002,1091.6670000000001,1111.479,2369.4959999999996,2392.1759999999995,2432.4649999999997,2557.3089999999997,2570.334,2585.4429999999998,2597.1499999999996,2604.6429999999996]","[95.988,118.43500000000002,141.782,179.721,206.019,230.6,1068.5990000000002,1091.6670000000001,1111.479,2369.4959999999996,2392.1759999999995,2432.4649999999997,2557.3089999999997,2570.334,2585.4429999999998,2597.1499999999996,2604.6429999999996]",14,"[71.724,159.56,218.544,245.926,258.967,1083.411,1102.2060000000001,1124.403,2349.7899999999995,2360.1719999999996,2401.5629999999996,2413.5709999999995,2619.1119999999996,2644.093]","[71.724,159.56,218.544,245.926,258.967,1083.411,1102.2060000000001,1124.403,2349.7899999999995,2360.1719999999996,2401.5629999999996,2413.5709999999995,2619.1119999999996,2644.093]","[""legit_button""]",3.025751073,1.487,8.004291845,2.65,5,2.071,,,,,,resources/images/legit10-EDIT.png,legit,1,0.65,0,0,,,,,,,,,,,,,,,,,,,,,,,,,,,,,,,,,,,,,,,,,,0,6,6,18,1,,,,,,,,,,,,,,,,,,,,,,,,,,,,,,,,,,,,,,,,,,,,,,,,,,,,,,,,,,,,,,,,,,,,,,,
,,,,,,,,,,,,,,,,712670,001,2025-04-07_11h03.18.411,SLSI3,2022.2.5,iPad,50,,,,,,,,,,,32,"[68.14099999999999,95.45500000000001,117.769,140.833,158.76000000000002,179.122,205.48600000000002,217.86,229.53500000000003,245.29299999999998,258.134,1067.499,1082.313,1090.683,1101.0240000000001,1110.346,1123.47,2348.207,2359.123,2368.6769999999997,2389.841,2400.5319999999997,2412.8219999999997,2431.399,2556.2329999999997,2569.2709999999997,2584.417,2596.307,2603.741,2618.246,2642.1929999999998,2663.3599999999997]","[68.14099999999999,95.45500000000001,117.769,140.833,158.76000000000002,179.122,205.48600000000002,217.86,229.53500000000003,245.29299999999998,258.134,1067.499,1082.313,1090.683,1101.0240000000001,1110.346,1123.47,2348.207,2359.123,2368.6769999999997,2389.841,2400.5319999999997,2412.8219999999997,2431.399,2556.2329999999997,2569.2709999999997,2584.417,2596.307,2603.741,2618.246,2642.1929999999998,2663.3599999999997]",,17,"[95.988,118.43500000000002,141.782,179.721,206.019,230.6,1068.5990000000002,1091.6670000000001,1111.479,2369.4959999999996,2392.1759999999995,2432.4649999999997,2557.3089999999997,2570.334,2585.4429999999998,2597.1499999999996,2604.6429999999996]","[95.988,118.43500000000002,141.782,179.721,206.019,230.6,1068.5990000000002,1091.6670000000001,1111.479,2369.4959999999996,2392.1759999999995,2432.4649999999997,2557.3089999999997,2570.334,2585.4429999999998,2597.1499999999996,2604.6429999999996]",15,"[71.724,159.56,218.544,245.926,258.967,1083.411,1102.2060000000001,1124.403,2349.7899999999995,2360.1719999999996,2401.5629999999996,2413.5709999999995,2619.1119999999996,2644.093,2664.805]","[71.724,159.56,218.544,245.926,258.967,1083.411,1102.2060000000001,1124.403,2349.7899999999995,2360.1719999999996,2401.5629999999996,2413.5709999999995,2619.1119999999996,2644.093,2664.805]","[""legit_button""]",2.982832618,1.554,8.175965665,1.333,5.08583691,1.569,,,,,,resources/images/legit14-EDIT.jpg,legit,1,0.65,0,0,,,,,,,,,,,,,,,,,,,,,,,,,,,,,,,,,,,,,,,,,,0,7,7,21,1,,,,,,,,,,,,,,,,,,,,,,,,,,,,,,,,,,,,,,,,,,,,,,,,,,,,,,,,,,,,,,,,,,,,,,,
,,,,,,,,,,,,,,,,712670,001,2025-04-07_11h03.18.411,SLSI3,2022.2.5,iPad,50,,,,,,,,,,,33,"[68.14099999999999,95.45500000000001,117.769,140.833,158.76000000000002,179.122,205.48600000000002,217.86,229.53500000000003,245.29299999999998,258.134,1067.499,1082.313,1090.683,1101.0240000000001,1110.346,1123.47,2348.207,2359.123,2368.6769999999997,2389.841,2400.5319999999997,2412.8219999999997,2431.399,2556.2329999999997,2569.2709999999997,2584.417,2596.307,2603.741,2618.246,2642.1929999999998,2663.3599999999997,2676.52]","[68.14099999999999,95.45500000000001,117.769,140.833,158.76000000000002,179.122,205.48600000000002,217.86,229.53500000000003,245.29299999999998,258.134,1067.499,1082.313,1090.683,1101.0240000000001,1110.346,1123.47,2348.207,2359.123,2368.6769999999997,2389.841,2400.5319999999997,2412.8219999999997,2431.399,2556.2329999999997,2569.2709999999997,2584.417,2596.307,2603.741,2618.246,2642.1929999999998,2663.3599999999997,2676.52]",,17,"[95.988,118.43500000000002,141.782,179.721,206.019,230.6,1068.5990000000002,1091.6670000000001,1111.479,2369.4959999999996,2392.1759999999995,2432.4649999999997,2557.3089999999997,2570.334,2585.4429999999998,2597.1499999999996,2604.6429999999996]","[95.988,118.43500000000002,141.782,179.721,206.019,230.6,1068.5990000000002,1091.6670000000001,1111.479,2369.4959999999996,2392.1759999999995,2432.4649999999997,2557.3089999999997,2570.334,2585.4429999999998,2597.1499999999996,2604.6429999999996]",16,"[71.724,159.56,218.544,245.926,258.967,1083.411,1102.2060000000001,1124.403,2349.7899999999995,2360.1719999999996,2401.5629999999996,2413.5709999999995,2619.1119999999996,2644.093,2664.805,2677.3859999999995]","[71.724,159.56,218.544,245.926,258.967,1083.411,1102.2060000000001,1124.403,2349.7899999999995,2360.1719999999996,2401.5629999999996,2413.5709999999995,2619.1119999999996,2644.093,2664.805,2677.3859999999995]","[""legit_button""]",9.048640916,0.831,8.118741059,1.281,2.882689557,2.034,,,,,,resources/images/legit6.png,legit,0.65,0.65,0,0,,,,,,,,,,,,,,,,,,,,,,,,,,,,,,,,,,,,,,,,,,0,8,8,13,1,,,,,,,,,,,,,,,,,,,,,,,,,,,,,,,,,,,,,,,,,,,,,,,,,,,,,,,,,,,,,,,,,,,,,,,
,,,,,,,,,,,,,,,,712670,001,2025-04-07_11h03.18.411,SLSI3,2022.2.5,iPad,50,,,,,,,,,,,34,"[68.14099999999999,95.45500000000001,117.769,140.833,158.76000000000002,179.122,205.48600000000002,217.86,229.53500000000003,245.29299999999998,258.134,1067.499,1082.313,1090.683,1101.0240000000001,1110.346,1123.47,2348.207,2359.123,2368.6769999999997,2389.841,2400.5319999999997,2412.8219999999997,2431.399,2556.2329999999997,2569.2709999999997,2584.417,2596.307,2603.741,2618.246,2642.1929999999998,2663.3599999999997,2676.52,2684.676]","[68.14099999999999,95.45500000000001,117.769,140.833,158.76000000000002,179.122,205.48600000000002,217.86,229.53500000000003,245.29299999999998,258.134,1067.499,1082.313,1090.683,1101.0240000000001,1110.346,1123.47,2348.207,2359.123,2368.6769999999997,2389.841,2400.5319999999997,2412.8219999999997,2431.399,2556.2329999999997,2569.2709999999997,2584.417,2596.307,2603.741,2618.246,2642.1929999999998,2663.3599999999997,2676.52,2684.676]",,18,"[95.988,118.43500000000002,141.782,179.721,206.019,230.6,1068.5990000000002,1091.6670000000001,1111.479,2369.4959999999996,2392.1759999999995,2432.4649999999997,2557.3089999999997,2570.334,2585.4429999999998,2597.1499999999996,2604.6429999999996,2685.5399999999995]","[95.988,118.43500000000002,141.782,179.721,206.019,230.6,1068.5990000000002,1091.6670000000001,1111.479,2369.4959999999996,2392.1759999999995,2432.4649999999997,2557.3089999999997,2570.334,2585.4429999999998,2597.1499999999996,2604.6429999999996,2685.5399999999995]",16,"[71.724,159.56,218.544,245.926,258.967,1083.411,1102.2060000000001,1124.403,2349.7899999999995,2360.1719999999996,2401.5629999999996,2413.5709999999995,2619.1119999999996,2644.093,2664.805,2677.3859999999995]","[71.724,159.56,218.544,245.926,258.967,1083.411,1102.2060000000001,1124.403,2349.7899999999995,2360.1719999999996,2401.5629999999996,2413.5709999999995,2619.1119999999996,2644.093,2664.805,2677.3859999999995]","[""scam_button""]",9.792560801,1.996,0.064377682,0.9,0.035765379,0.52,,,,,,resources/images/legit4-EDIT.png,legit,0.65,0.65,0,0,,,,,,,,,,,,,,,,,,,,,,,,,,,,,,,,,,,,,,,,,,0,9,9,11,1,,,,,,,,,,,,,,,,,,,,,,,,,,,,,,,,,,,,,,,,,,,,,,,,,,,,,,,,,,,,,,,,,,,,,,,
,,,,,,,,,,,,,,,,712670,001,2025-04-07_11h03.18.411,SLSI3,2022.2.5,iPad,50,,,,,,,,,,,35,"[68.14099999999999,95.45500000000001,117.769,140.833,158.76000000000002,179.122,205.48600000000002,217.86,229.53500000000003,245.29299999999998,258.134,1067.499,1082.313,1090.683,1101.0240000000001,1110.346,1123.47,2348.207,2359.123,2368.6769999999997,2389.841,2400.5319999999997,2412.8219999999997,2431.399,2556.2329999999997,2569.2709999999997,2584.417,2596.307,2603.741,2618.246,2642.1929999999998,2663.3599999999997,2676.52,2684.676,2694.7239999999997]","[68.14099999999999,95.45500000000001,117.769,140.833,158.76000000000002,179.122,205.48600000000002,217.86,229.53500000000003,245.29299999999998,258.134,1067.499,1082.313,1090.683,1101.0240000000001,1110.346,1123.47,2348.207,2359.123,2368.6769999999997,2389.841,2400.5319999999997,2412.8219999999997,2431.399,2556.2329999999997,2569.2709999999997,2584.417,2596.307,2603.741,2618.246,2642.1929999999998,2663.3599999999997,2676.52,2684.676,2694.7239999999997]",,18,"[95.988,118.43500000000002,141.782,179.721,206.019,230.6,1068.5990000000002,1091.6670000000001,1111.479,2369.4959999999996,2392.1759999999995,2432.4649999999997,2557.3089999999997,2570.334,2585.4429999999998,2597.1499999999996,2604.6429999999996,2685.5399999999995]","[95.988,118.43500000000002,141.782,179.721,206.019,230.6,1068.5990000000002,1091.6670000000001,1111.479,2369.4959999999996,2392.1759999999995,2432.4649999999997,2557.3089999999997,2570.334,2585.4429999999998,2597.1499999999996,2604.6429999999996,2685.5399999999995]",17,"[71.724,159.56,218.544,245.926,258.967,1083.411,1102.2060000000001,1124.403,2349.7899999999995,2360.1719999999996,2401.5629999999996,2413.5709999999995,2619.1119999999996,2644.093,2664.805,2677.3859999999995,2695.923]","[71.724,159.56,218.544,245.926,258.967,1083.411,1102.2060000000001,1124.403,2349.7899999999995,2360.1719999999996,2401.5629999999996,2413.5709999999995,2619.1119999999996,2644.093,2664.805,2677.3859999999995,2695.923]","[""legit_button""]",8.962804006,1.003,8.118741059,1.533,8.175965665,0.781,,,,,,resources/images/legit5-EDIT.png,legit,0.65,0.65,0,0,,,,,,,,,,,,,,,,,,,,,,,,,,,,,,,,,,,,,,,,,,0,10,10,12,1,,,,,,,,,,,,,,,,,,,,,,,,,,,,,,,,,,,,,,,,,,,,,,,,,,,,,,,,,,,,,,,,,,,,,,,
,,,,,,,,,,,,,,,,712670,001,2025-04-07_11h03.18.411,SLSI3,2022.2.5,iPad,50,,,,,,,,,,,36,"[68.14099999999999,95.45500000000001,117.769,140.833,158.76000000000002,179.122,205.48600000000002,217.86,229.53500000000003,245.29299999999998,258.134,1067.499,1082.313,1090.683,1101.0240000000001,1110.346,1123.47,2348.207,2359.123,2368.6769999999997,2389.841,2400.5319999999997,2412.8219999999997,2431.399,2556.2329999999997,2569.2709999999997,2584.417,2596.307,2603.741,2618.246,2642.1929999999998,2663.3599999999997,2676.52,2684.676,2694.7239999999997,2708.115]","[68.14099999999999,95.45500000000001,117.769,140.833,158.76000000000002,179.122,205.48600000000002,217.86,229.53500000000003,245.29299999999998,258.134,1067.499,1082.313,1090.683,1101.0240000000001,1110.346,1123.47,2348.207,2359.123,2368.6769999999997,2389.841,2400.5319999999997,2412.8219999999997,2431.399,2556.2329999999997,2569.2709999999997,2584.417,2596.307,2603.741,2618.246,2642.1929999999998,2663.3599999999997,2676.52,2684.676,2694.7239999999997,2708.115]",,19,"[95.988,118.43500000000002,141.782,179.721,206.019,230.6,1068.5990000000002,1091.6670000000001,1111.479,2369.4959999999996,2392.1759999999995,2432.4649999999997,2557.3089999999997,2570.334,2585.4429999999998,2597.1499999999996,2604.6429999999996,2685.5399999999995,2708.8519999999994]","[95.988,118.43500000000002,141.782,179.721,206.019,230.6,1068.5990000000002,1091.6670000000001,1111.479,2369.4959999999996,2392.1759999999995,2432.4649999999997,2557.3089999999997,2570.334,2585.4429999999998,2597.1499999999996,2604.6429999999996,2685.5399999999995,2708.8529999999996]",17,"[71.724,159.56,218.544,245.926,258.967,1083.411,1102.2060000000001,1124.403,2349.7899999999995,2360.1719999999996,2401.5629999999996,2413.5709999999995,2619.1119999999996,2644.093,2664.805,2677.3859999999995,2695.923]","[71.724,159.56,218.544,245.926,258.967,1083.411,1102.2060000000001,1124.403,2349.7899999999995,2360.1719999999996,2401.5629999999996,2413.5709999999995,2619.1119999999996,2644.093,2664.805,2677.3859999999995,2695.923]","[""scam_button""]",9.821173104,1.983,7.074391989,2.299,2.982832618,2.2,,,,,,resources/images/scam_11.png,scam,1,0.65,0,0,,,,,,,,,,,,,,,,,,,,,,,,,,,,,,,,,,,,,,,,,,0,11,11,19,1,,,,,,,,,,,,,,,,,,,,,,,,,,,,,,,,,,,,,,,,,,,,,,,,,,,,,,,,,,,,,,,,,,,,,,,
,,,,,,,,,,,,,,,,712670,001,2025-04-07_11h03.18.411,SLSI3,2022.2.5,iPad,50,,,,,,,,,,,37,"[68.14099999999999,95.45500000000001,117.769,140.833,158.76000000000002,179.122,205.48600000000002,217.86,229.53500000000003,245.29299999999998,258.134,1067.499,1082.313,1090.683,1101.0240000000001,1110.346,1123.47,2348.207,2359.123,2368.6769999999997,2389.841,2400.5319999999997,2412.8219999999997,2431.399,2556.2329999999997,2569.2709999999997,2584.417,2596.307,2603.741,2618.246,2642.1929999999998,2663.3599999999997,2676.52,2684.676,2694.7239999999997,2708.115,2726.042]","[68.14099999999999,95.45500000000001,117.769,140.833,158.76000000000002,179.122,205.48600000000002,217.86,229.53500000000003,245.29299999999998,258.134,1067.499,1082.313,1090.683,1101.0240000000001,1110.346,1123.47,2348.207,2359.123,2368.6769999999997,2389.841,2400.5319999999997,2412.8219999999997,2431.399,2556.2329999999997,2569.2709999999997,2584.417,2596.307,2603.741,2618.246,2642.1929999999998,2663.3599999999997,2676.52,2684.676,2694.7239999999997,2708.115,2726.042]",,20,"[95.988,118.43500000000002,141.782,179.721,206.019,230.6,1068.5990000000002,1091.6670000000001,1111.479,2369.4959999999996,2392.1759999999995,2432.4649999999997,2557.3089999999997,2570.334,2585.4429999999998,2597.1499999999996,2604.6429999999996,2685.5399999999995,2708.8519999999994,2726.8079999999995]","[95.988,118.43500000000002,141.782,179.721,206.019,230.6,1068.5990000000002,1091.6670000000001,1111.479,2369.4959999999996,2392.1759999999995,2432.4649999999997,2557.3089999999997,2570.334,2585.4429999999998,2597.1499999999996,2604.6429999999996,2685.5399999999995,2708.8529999999996,2726.8079999999995]",17,"[71.724,159.56,218.544,245.926,258.967,1083.411,1102.2060000000001,1124.403,2349.7899999999995,2360.1719999999996,2401.5629999999996,2413.5709999999995,2619.1119999999996,2644.093,2664.805,2677.3859999999995,2695.923]","[71.724,159.56,218.544,245.926,258.967,1083.411,1102.2060000000001,1124.403,2349.7899999999995,2360.1719999999996,2401.5629999999996,2413.5709999999995,2619.1119999999996,2644.093,2664.805,2677.3859999999995,2695.923]","[""scam_button""]",6.115879828,0.986,7.031473534,2.405,0.121602289,1.818,,,,,,resources/images/scam12.jpg,scam,0.65,0.65,0,0,,,,,,,,,,,,,,,,,,,,,,,,,,,,,,,,,,,,,,,,,,0,12,12,20,1,,,,,,,,,,,,,,,,,,,,,,,,,,,,,,,,,,,,,,,,,,,,,,,,,,,,,,,,,,,,,,,,,,,,,,,
,,,,,,,,,,,,,,,,712670,001,2025-04-07_11h03.18.411,SLSI3,2022.2.5,iPad,50,,,,,,,,,,,38,"[68.14099999999999,95.45500000000001,117.769,140.833,158.76000000000002,179.122,205.48600000000002,217.86,229.53500000000003,245.29299999999998,258.134,1067.499,1082.313,1090.683,1101.0240000000001,1110.346,1123.47,2348.207,2359.123,2368.6769999999997,2389.841,2400.5319999999997,2412.8219999999997,2431.399,2556.2329999999997,2569.2709999999997,2584.417,2596.307,2603.741,2618.246,2642.1929999999998,2663.3599999999997,2676.52,2684.676,2694.7239999999997,2708.115,2726.042,2738.522]","[68.14099999999999,95.45500000000001,117.769,140.833,158.76000000000002,179.122,205.48600000000002,217.86,229.53500000000003,245.29299999999998,258.134,1067.499,1082.313,1090.683,1101.0240000000001,1110.346,1123.47,2348.207,2359.123,2368.6769999999997,2389.841,2400.5319999999997,2412.8219999999997,2431.399,2556.2329999999997,2569.2709999999997,2584.417,2596.307,2603.741,2618.246,2642.1929999999998,2663.3599999999997,2676.52,2684.676,2694.7239999999997,2708.115,2726.042,2738.522]",,20,"[95.988,118.43500000000002,141.782,179.721,206.019,230.6,1068.5990000000002,1091.6670000000001,1111.479,2369.4959999999996,2392.1759999999995,2432.4649999999997,2557.3089999999997,2570.334,2585.4429999999998,2597.1499999999996,2604.6429999999996,2685.5399999999995,2708.8519999999994,2726.8079999999995]","[95.988,118.43500000000002,141.782,179.721,206.019,230.6,1068.5990000000002,1091.6670000000001,1111.479,2369.4959999999996,2392.1759999999995,2432.4649999999997,2557.3089999999997,2570.334,2585.4429999999998,2597.1499999999996,2604.6429999999996,2685.5399999999995,2708.8529999999996,2726.8079999999995]",18,"[71.724,159.56,218.544,245.926,258.967,1083.411,1102.2060000000001,1124.403,2349.7899999999995,2360.1719999999996,2401.5629999999996,2413.5709999999995,2619.1119999999996,2644.093,2664.805,2677.3859999999995,2695.923,2740.816]","[71.724,159.56,218.544,245.926,258.967,1083.411,1102.2060000000001,1124.403,2349.7899999999995,2360.1719999999996,2401.5629999999996,2413.5709999999995,2619.1119999999996,2644.093,2664.805,2677.3859999999995,2695.923,2740.816]","[""legit_button""]",9.821173104,1.12,9.034334764,3.501,0.050071531,1.617,,,,,,resources/images/legit1.png,legit,1,0.72,0,0,,,,,,,,,,,,,,,,,,,,,,,,,,,,,,,,,,,,,,,,,,0,13,13,3,1,,,,,,,,,,,,,,,,,,,,,,,,,,,,,,,,,,,,,,,,,,,,,,,,,,,,,,,,,,,,,,,,,,,,,,,
,,,,,,,,,,,,,,,,712670,001,2025-04-07_11h03.18.411,SLSI3,2022.2.5,iPad,50,,,,,,,,,,,39,"[68.14099999999999,95.45500000000001,117.769,140.833,158.76000000000002,179.122,205.48600000000002,217.86,229.53500000000003,245.29299999999998,258.134,1067.499,1082.313,1090.683,1101.0240000000001,1110.346,1123.47,2348.207,2359.123,2368.6769999999997,2389.841,2400.5319999999997,2412.8219999999997,2431.399,2556.2329999999997,2569.2709999999997,2584.417,2596.307,2603.741,2618.246,2642.1929999999998,2663.3599999999997,2676.52,2684.676,2694.7239999999997,2708.115,2726.042,2738.522,2752.7129999999997]","[68.14099999999999,95.45500000000001,117.769,140.833,158.76000000000002,179.122,205.48600000000002,217.86,229.53500000000003,245.29299999999998,258.134,1067.499,1082.313,1090.683,1101.0240000000001,1110.346,1123.47,2348.207,2359.123,2368.6769999999997,2389.841,2400.5319999999997,2412.8219999999997,2431.399,2556.2329999999997,2569.2709999999997,2584.417,2596.307,2603.741,2618.246,2642.1929999999998,2663.3599999999997,2676.52,2684.676,2694.7239999999997,2708.115,2726.042,2738.522,2752.7129999999997]",,21,"[95.988,118.43500000000002,141.782,179.721,206.019,230.6,1068.5990000000002,1091.6670000000001,1111.479,2369.4959999999996,2392.1759999999995,2432.4649999999997,2557.3089999999997,2570.334,2585.4429999999998,2597.1499999999996,2604.6429999999996,2685.5399999999995,2708.8519999999994,2726.8079999999995,2753.64]","[95.988,118.43500000000002,141.782,179.721,206.019,230.6,1068.5990000000002,1091.6670000000001,1111.479,2369.4959999999996,2392.1759999999995,2432.4649999999997,2557.3089999999997,2570.334,2585.4429999999998,2597.1499999999996,2604.6429999999996,2685.5399999999995,2708.8529999999996,2726.8079999999995,2753.64]",18,"[71.724,159.56,218.544,245.926,258.967,1083.411,1102.2060000000001,1124.403,2349.7899999999995,2360.1719999999996,2401.5629999999996,2413.5709999999995,2619.1119999999996,2644.093,2664.805,2677.3859999999995,2695.923,2740.816]","[71.724,159.56,218.544,245.926,258.967,1083.411,1102.2060000000001,1124.403,2349.7899999999995,2360.1719999999996,2401.5629999999996,2413.5709999999995,2619.1119999999996,2644.093,2664.805,2677.3859999999995,2695.923,2740.816]","[""scam_button""]",7.761087268,0.737,2.153075823,1.868,0.164520744,0.814,,,,,,resources/images/scam6.jpg,scam,1,0.65,0,0,,,,,,,,,,,,,,,,,,,,,,,,,,,,,,,,,,,,,,,,,,0,14,14,9,1,,,,,,,,,,,,,,,,,,,,,,,,,,,,,,,,,,,,,,,,,,,,,,,,,,,,,,,,,,,,,,,,,,,,,,,
,,,,,,,,,,,,,,,,712670,001,2025-04-07_11h03.18.411,SLSI3,2022.2.5,iPad,50,,,,,,,,,,,40,"[68.14099999999999,95.45500000000001,117.769,140.833,158.76000000000002,179.122,205.48600000000002,217.86,229.53500000000003,245.29299999999998,258.134,1067.499,1082.313,1090.683,1101.0240000000001,1110.346,1123.47,2348.207,2359.123,2368.6769999999997,2389.841,2400.5319999999997,2412.8219999999997,2431.399,2556.2329999999997,2569.2709999999997,2584.417,2596.307,2603.741,2618.246,2642.1929999999998,2663.3599999999997,2676.52,2684.676,2694.7239999999997,2708.115,2726.042,2738.522,2752.7129999999997,2761.102]","[68.14099999999999,95.45500000000001,117.769,140.833,158.76000000000002,179.122,205.48600000000002,217.86,229.53500000000003,245.29299999999998,258.134,1067.499,1082.313,1090.683,1101.0240000000001,1110.346,1123.47,2348.207,2359.123,2368.6769999999997,2389.841,2400.5319999999997,2412.8219999999997,2431.399,2556.2329999999997,2569.2709999999997,2584.417,2596.307,2603.741,2618.246,2642.1929999999998,2663.3599999999997,2676.52,2684.676,2694.7239999999997,2708.115,2726.042,2738.522,2752.7129999999997,2761.102]",,22,"[95.988,118.43500000000002,141.782,179.721,206.019,230.6,1068.5990000000002,1091.6670000000001,1111.479,2369.4959999999996,2392.1759999999995,2432.4649999999997,2557.3089999999997,2570.334,2585.4429999999998,2597.1499999999996,2604.6429999999996,2685.5399999999995,2708.8519999999994,2726.8079999999995,2753.64,2762.0979999999995]","[95.988,118.43500000000002,141.782,179.721,206.019,230.6,1068.5990000000002,1091.6670000000001,1111.479,2369.4959999999996,2392.1759999999995,2432.4649999999997,2557.3089999999997,2570.334,2585.4429999999998,2597.1499999999996,2604.6429999999996,2685.5399999999995,2708.8529999999996,2726.8079999999995,2753.64,2762.0979999999995]",18,"[71.724,159.56,218.544,245.926,258.967,1083.411,1102.2060000000001,1124.403,2349.7899999999995,2360.1719999999996,2401.5629999999996,2413.5709999999995,2619.1119999999996,2644.093,2664.805,2677.3859999999995,2695.923,2740.816]","[71.724,159.56,218.544,245.926,258.967,1083.411,1102.2060000000001,1124.403,2349.7899999999995,2360.1719999999996,2401.5629999999996,2413.5709999999995,2619.1119999999996,2644.093,2664.805,2677.3859999999995,2695.923,2740.816]","[""scam_button""]",7.818311874,1.717,5.929899857,1.566,4.985693848,2.134,,,,,,resources/images/legit2.jpg,legit,1,0.65,0,0,,,,,,,,,,,,,,,,,,,,,,,,,,,,,,,,,,,,,,,,,,0,15,15,4,1,,,,,,,,,,,,,,,,,,,,,,,,,,,,,,,,,,,,,,,,,,,,,,,,,,,,,,,,,,,,,,,,,,,,,,,
,,,,,,,,,,,,,,,,712670,001,2025-04-07_11h03.18.411,SLSI3,2022.2.5,iPad,50,,,,,,,,,,,41,"[68.14099999999999,95.45500000000001,117.769,140.833,158.76000000000002,179.122,205.48600000000002,217.86,229.53500000000003,245.29299999999998,258.134,1067.499,1082.313,1090.683,1101.0240000000001,1110.346,1123.47,2348.207,2359.123,2368.6769999999997,2389.841,2400.5319999999997,2412.8219999999997,2431.399,2556.2329999999997,2569.2709999999997,2584.417,2596.307,2603.741,2618.246,2642.1929999999998,2663.3599999999997,2676.52,2684.676,2694.7239999999997,2708.115,2726.042,2738.522,2752.7129999999997,2761.102,2781.1569999999997]","[68.14099999999999,95.45500000000001,117.769,140.833,158.76000000000002,179.122,205.48600000000002,217.86,229.53500000000003,245.29299999999998,258.134,1067.499,1082.313,1090.683,1101.0240000000001,1110.346,1123.47,2348.207,2359.123,2368.6769999999997,2389.841,2400.5319999999997,2412.8219999999997,2431.399,2556.2329999999997,2569.2709999999997,2584.417,2596.307,2603.741,2618.246,2642.1929999999998,2663.3599999999997,2676.52,2684.676,2694.7239999999997,2708.115,2726.042,2738.522,2752.7129999999997,2761.102,2781.1569999999997]",,22,"[95.988,118.43500000000002,141.782,179.721,206.019,230.6,1068.5990000000002,1091.6670000000001,1111.479,2369.4959999999996,2392.1759999999995,2432.4649999999997,2557.3089999999997,2570.334,2585.4429999999998,2597.1499999999996,2604.6429999999996,2685.5399999999995,2708.8519999999994,2726.8079999999995,2753.64,2762.0979999999995]","[95.988,118.43500000000002,141.782,179.721,206.019,230.6,1068.5990000000002,1091.6670000000001,1111.479,2369.4959999999996,2392.1759999999995,2432.4649999999997,2557.3089999999997,2570.334,2585.4429999999998,2597.1499999999996,2604.6429999999996,2685.5399999999995,2708.8529999999996,2726.8079999999995,2753.64,2762.0979999999995]",19,"[71.724,159.56,218.544,245.926,258.967,1083.411,1102.2060000000001,1124.403,2349.7899999999995,2360.1719999999996,2401.5629999999996,2413.5709999999995,2619.1119999999996,2644.093,2664.805,2677.3859999999995,2695.923,2740.816,2781.9619999999995]","[71.724,159.56,218.544,245.926,258.967,1083.411,1102.2060000000001,1124.403,2349.7899999999995,2360.1719999999996,2401.5629999999996,2413.5709999999995,2619.1119999999996,2644.093,2664.805,2677.3859999999995,2695.923,2740.816,2781.9619999999995]","[""legit_button""]",6.888412017,0.904,9.892703863,2.368,7.131616595,2.517,,,,,,resources/images/legit9-EDIT.png,legit,1,0.65,0,0,,,,,,,,,,,,,,,,,,,,,,,,,,,,,,,,,,,,,,,,,,0,16,16,8,1,,,,,,,,,,,,,,,,,,,,,,,,,,,,,,,,,,,,,,,,,,,,,,,,,,,,,,,,,,,,,,,,,,,,,,,
,,,,,,,,,,,,,,,,712670,001,2025-04-07_11h03.18.411,SLSI3,2022.2.5,iPad,50,,,,,,,,,,,42,"[68.14099999999999,95.45500000000001,117.769,140.833,158.76000000000002,179.122,205.48600000000002,217.86,229.53500000000003,245.29299999999998,258.134,1067.499,1082.313,1090.683,1101.0240000000001,1110.346,1123.47,2348.207,2359.123,2368.6769999999997,2389.841,2400.5319999999997,2412.8219999999997,2431.399,2556.2329999999997,2569.2709999999997,2584.417,2596.307,2603.741,2618.246,2642.1929999999998,2663.3599999999997,2676.52,2684.676,2694.7239999999997,2708.115,2726.042,2738.522,2752.7129999999997,2761.102,2781.1569999999997,2798.391]","[68.14099999999999,95.45500000000001,117.769,140.833,158.76000000000002,179.122,205.48600000000002,217.86,229.53500000000003,245.29299999999998,258.134,1067.499,1082.313,1090.683,1101.0240000000001,1110.346,1123.47,2348.207,2359.123,2368.6769999999997,2389.841,2400.5319999999997,2412.8219999999997,2431.399,2556.2329999999997,2569.2709999999997,2584.417,2596.307,2603.741,2618.246,2642.1929999999998,2663.3599999999997,2676.52,2684.676,2694.7239999999997,2708.115,2726.042,2738.522,2752.7129999999997,2761.102,2781.1569999999997,2798.391]",,23,"[95.988,118.43500000000002,141.782,179.721,206.019,230.6,1068.5990000000002,1091.6670000000001,1111.479,2369.4959999999996,2392.1759999999995,2432.4649999999997,2557.3089999999997,2570.334,2585.4429999999998,2597.1499999999996,2604.6429999999996,2685.5399999999995,2708.8519999999994,2726.8079999999995,2753.64,2762.0979999999995,2799.4889999999996]","[95.988,118.43500000000002,141.782,179.721,206.019,230.6,1068.5990000000002,1091.6670000000001,1111.479,2369.4959999999996,2392.1759999999995,2432.4649999999997,2557.3089999999997,2570.334,2585.4429999999998,2597.1499999999996,2604.6429999999996,2685.5399999999995,2708.8529999999996,2726.8079999999995,2753.64,2762.0979999999995,2799.4889999999996]",19,"[71.724,159.56,218.544,245.926,258.967,1083.411,1102.2060000000001,1124.403,2349.7899999999995,2360.1719999999996,2401.5629999999996,2413.5709999999995,2619.1119999999996,2644.093,2664.805,2677.3859999999995,2695.923,2740.816,2781.9619999999995]","[71.724,159.56,218.544,245.926,258.967,1083.411,1102.2060000000001,1124.403,2349.7899999999995,2360.1719999999996,2401.5629999999996,2413.5709999999995,2619.1119999999996,2644.093,2664.805,2677.3859999999995,2695.923,2740.816,2781.9619999999995]","[""scam_button""]",9.034334764,1.853,9.949928469,2.471,2.038626609,2.316,,,,,,resources/images/legit8.png,legit,0.8,0.72,0,0,,,,,,,,,,,,,,,,,,,,,,,,,,,,,,,,,,,,,,,,,,0,17,17,15,1,,,,,,,,,,,,,,,,,,,,,,,,,,,,,,,,,,,,,,,,,,,,,,,,,,,,,,,,,,,,,,,,,,,,,,,
,,,,,,,,,,,,,,,,712670,001,2025-04-07_11h03.18.411,SLSI3,2022.2.5,iPad,50,,,,,,,,,,,43,"[68.14099999999999,95.45500000000001,117.769,140.833,158.76000000000002,179.122,205.48600000000002,217.86,229.53500000000003,245.29299999999998,258.134,1067.499,1082.313,1090.683,1101.0240000000001,1110.346,1123.47,2348.207,2359.123,2368.6769999999997,2389.841,2400.5319999999997,2412.8219999999997,2431.399,2556.2329999999997,2569.2709999999997,2584.417,2596.307,2603.741,2618.246,2642.1929999999998,2663.3599999999997,2676.52,2684.676,2694.7239999999997,2708.115,2726.042,2738.522,2752.7129999999997,2761.102,2781.1569999999997,2798.391,2814.249]","[68.14099999999999,95.45500000000001,117.769,140.833,158.76000000000002,179.122,205.48600000000002,217.86,229.53500000000003,245.29299999999998,258.134,1067.499,1082.313,1090.683,1101.0240000000001,1110.346,1123.47,2348.207,2359.123,2368.6769999999997,2389.841,2400.5319999999997,2412.8219999999997,2431.399,2556.2329999999997,2569.2709999999997,2584.417,2596.307,2603.741,2618.246,2642.1929999999998,2663.3599999999997,2676.52,2684.676,2694.7239999999997,2708.115,2726.042,2738.522,2752.7129999999997,2761.102,2781.1569999999997,2798.391,2814.249]",,23,"[95.988,118.43500000000002,141.782,179.721,206.019,230.6,1068.5990000000002,1091.6670000000001,1111.479,2369.4959999999996,2392.1759999999995,2432.4649999999997,2557.3089999999997,2570.334,2585.4429999999998,2597.1499999999996,2604.6429999999996,2685.5399999999995,2708.8519999999994,2726.8079999999995,2753.64,2762.0979999999995,2799.4889999999996]","[95.988,118.43500000000002,141.782,179.721,206.019,230.6,1068.5990000000002,1091.6670000000001,1111.479,2369.4959999999996,2392.1759999999995,2432.4649999999997,2557.3089999999997,2570.334,2585.4429999999998,2597.1499999999996,2604.6429999999996,2685.5399999999995,2708.8529999999996,2726.8079999999995,2753.64,2762.0979999999995,2799.4889999999996]",20,"[71.724,159.56,218.544,245.926,258.967,1083.411,1102.2060000000001,1124.403,2349.7899999999995,2360.1719999999996,2401.5629999999996,2413.5709999999995,2619.1119999999996,2644.093,2664.805,2677.3859999999995,2695.923,2740.816,2781.9619999999995,2816.3619999999996]","[71.724,159.56,218.544,245.926,258.967,1083.411,1102.2060000000001,1124.403,2349.7899999999995,2360.1719999999996,2401.5629999999996,2413.5709999999995,2619.1119999999996,2644.093,2664.805,2677.3859999999995,2695.923,2740.816,2781.9619999999995,2816.3619999999996]","[""legit_button""]",5.08583691,0.684,8.862660944,1.087,2.267525036,6.338,,,,,,resources/images/scam14-EDIT.png,scam,1,0.65,0,0,,,,,,,,,,,,,,,,,,,,,,,,,,,,,,,,,,,,,,,,,,0,18,18,23,1,,,,,,,,,,,,,,,,,,,,,,,,,,,,,,,,,,,,,,,,,,,,,,,,,,,,,,,,,,,,,,,,,,,,,,,
,,,,,,,,,,,,,,,,712670,001,2025-04-07_11h03.18.411,SLSI3,2022.2.5,iPad,50,,,,,,,,,,,44,"[68.14099999999999,95.45500000000001,117.769,140.833,158.76000000000002,179.122,205.48600000000002,217.86,229.53500000000003,245.29299999999998,258.134,1067.499,1082.313,1090.683,1101.0240000000001,1110.346,1123.47,2348.207,2359.123,2368.6769999999997,2389.841,2400.5319999999997,2412.8219999999997,2431.399,2556.2329999999997,2569.2709999999997,2584.417,2596.307,2603.741,2618.246,2642.1929999999998,2663.3599999999997,2676.52,2684.676,2694.7239999999997,2708.115,2726.042,2738.522,2752.7129999999997,2761.102,2781.1569999999997,2798.391,2814.249,2830.042]","[68.14099999999999,95.45500000000001,117.769,140.833,158.76000000000002,179.122,205.48600000000002,217.86,229.53500000000003,245.29299999999998,258.134,1067.499,1082.313,1090.683,1101.0240000000001,1110.346,1123.47,2348.207,2359.123,2368.6769999999997,2389.841,2400.5319999999997,2412.8219999999997,2431.399,2556.2329999999997,2569.2709999999997,2584.417,2596.307,2603.741,2618.246,2642.1929999999998,2663.3599999999997,2676.52,2684.676,2694.7239999999997,2708.115,2726.042,2738.522,2752.7129999999997,2761.102,2781.1569999999997,2798.391,2814.249,2830.042]",,24,"[95.988,118.43500000000002,141.782,179.721,206.019,230.6,1068.5990000000002,1091.6670000000001,1111.479,2369.4959999999996,2392.1759999999995,2432.4649999999997,2557.3089999999997,2570.334,2585.4429999999998,2597.1499999999996,2604.6429999999996,2685.5399999999995,2708.8519999999994,2726.8079999999995,2753.64,2762.0979999999995,2799.4889999999996,2830.901]","[95.988,118.43500000000002,141.782,179.721,206.019,230.6,1068.5990000000002,1091.6670000000001,1111.479,2369.4959999999996,2392.1759999999995,2432.4649999999997,2557.3089999999997,2570.334,2585.4429999999998,2597.1499999999996,2604.6429999999996,2685.5399999999995,2708.8529999999996,2726.8079999999995,2753.64,2762.0979999999995,2799.4889999999996,2830.901]",20,"[71.724,159.56,218.544,245.926,258.967,1083.411,1102.2060000000001,1124.403,2349.7899999999995,2360.1719999999996,2401.5629999999996,2413.5709999999995,2619.1119999999996,2644.093,2664.805,2677.3859999999995,2695.923,2740.816,2781.9619999999995,2816.3619999999996]","[71.724,159.56,218.544,245.926,258.967,1083.411,1102.2060000000001,1124.403,2349.7899999999995,2360.1719999999996,2401.5629999999996,2413.5709999999995,2619.1119999999996,2644.093,2664.805,2677.3859999999995,2695.923,2740.816,2781.9619999999995,2816.3619999999996]","[""scam_button""]",9.592274678,0.902,0.250357654,1.206,0.250357654,0.452,,,,,,resources/images/scam5.jpg,scam,0.7,0.65,0,0,,,,,,,,,,,,,,,,,,,,,,,,,,,,,,,,,,,,,,,,,,0,19,19,7,1,,,,,,,,,,,,,,,,,,,,,,,,,,,,,,,,,,,,,,,,,,,,,,,,,,,,,,,,,,,,,,,,,,,,,,,
,,,,,,,,,,,,,,,,712670,001,2025-04-07_11h03.18.411,SLSI3,2022.2.5,iPad,50,,,,,,,,,,,45,"[68.14099999999999,95.45500000000001,117.769,140.833,158.76000000000002,179.122,205.48600000000002,217.86,229.53500000000003,245.29299999999998,258.134,1067.499,1082.313,1090.683,1101.0240000000001,1110.346,1123.47,2348.207,2359.123,2368.6769999999997,2389.841,2400.5319999999997,2412.8219999999997,2431.399,2556.2329999999997,2569.2709999999997,2584.417,2596.307,2603.741,2618.246,2642.1929999999998,2663.3599999999997,2676.52,2684.676,2694.7239999999997,2708.115,2726.042,2738.522,2752.7129999999997,2761.102,2781.1569999999997,2798.391,2814.249,2830.042,2840.558]","[68.14099999999999,95.45500000000001,117.769,140.833,158.76000000000002,179.122,205.48600000000002,217.86,229.53500000000003,245.29299999999998,258.134,1067.499,1082.313,1090.683,1101.0240000000001,1110.346,1123.47,2348.207,2359.123,2368.6769999999997,2389.841,2400.5319999999997,2412.8219999999997,2431.399,2556.2329999999997,2569.2709999999997,2584.417,2596.307,2603.741,2618.246,2642.1929999999998,2663.3599999999997,2676.52,2684.676,2694.7239999999997,2708.115,2726.042,2738.522,2752.7129999999997,2761.102,2781.1569999999997,2798.391,2814.249,2830.042,2840.558]",,24,"[95.988,118.43500000000002,141.782,179.721,206.019,230.6,1068.5990000000002,1091.6670000000001,1111.479,2369.4959999999996,2392.1759999999995,2432.4649999999997,2557.3089999999997,2570.334,2585.4429999999998,2597.1499999999996,2604.6429999999996,2685.5399999999995,2708.8519999999994,2726.8079999999995,2753.64,2762.0979999999995,2799.4889999999996,2830.901]","[95.988,118.43500000000002,141.782,179.721,206.019,230.6,1068.5990000000002,1091.6670000000001,1111.479,2369.4959999999996,2392.1759999999995,2432.4649999999997,2557.3089999999997,2570.334,2585.4429999999998,2597.1499999999996,2604.6429999999996,2685.5399999999995,2708.8529999999996,2726.8079999999995,2753.64,2762.0979999999995,2799.4889999999996,2830.901]",21,"[71.724,159.56,218.544,245.926,258.967,1083.411,1102.2060000000001,1124.403,2349.7899999999995,2360.1719999999996,2401.5629999999996,2413.5709999999995,2619.1119999999996,2644.093,2664.805,2677.3859999999995,2695.923,2740.816,2781.9619999999995,2816.3619999999996,2841.43]","[71.724,159.56,218.544,245.926,258.967,1083.411,1102.2060000000001,1124.403,2349.7899999999995,2360.1719999999996,2401.5629999999996,2413.5709999999995,2619.1119999999996,2644.093,2664.805,2677.3859999999995,2695.923,2740.816,2781.9619999999995,2816.3619999999996,2841.43]","[""legit_button""]",8.075822604,0.915,9.206008584,2.367,0.050071531,0.766,,,,,,resources/images/legit3.jpg,legit,1,0.73,0,0,,,,,,,,,,,,,,,,,,,,,,,,,,,,,,,,,,,,,,,,,,0,20,20,5,1,,,,,,,,,,,,,,,,,,,,,,,,,,,,,,,,,,,,,,,,,,,,,,,,,,,,,,,,,,,,,,,,,,,,,,,
,,,,,,,,,,,,,,,,712670,001,2025-04-07_11h03.18.411,SLSI3,2022.2.5,iPad,50,,,,,,,,,,,46,"[68.14099999999999,95.45500000000001,117.769,140.833,158.76000000000002,179.122,205.48600000000002,217.86,229.53500000000003,245.29299999999998,258.134,1067.499,1082.313,1090.683,1101.0240000000001,1110.346,1123.47,2348.207,2359.123,2368.6769999999997,2389.841,2400.5319999999997,2412.8219999999997,2431.399,2556.2329999999997,2569.2709999999997,2584.417,2596.307,2603.741,2618.246,2642.1929999999998,2663.3599999999997,2676.52,2684.676,2694.7239999999997,2708.115,2726.042,2738.522,2752.7129999999997,2761.102,2781.1569999999997,2798.391,2814.249,2830.042,2840.558,2849.5969999999998]","[68.14099999999999,95.45500000000001,117.769,140.833,158.76000000000002,179.122,205.48600000000002,217.86,229.53500000000003,245.29299999999998,258.134,1067.499,1082.313,1090.683,1101.0240000000001,1110.346,1123.47,2348.207,2359.123,2368.6769999999997,2389.841,2400.5319999999997,2412.8219999999997,2431.399,2556.2329999999997,2569.2709999999997,2584.417,2596.307,2603.741,2618.246,2642.1929999999998,2663.3599999999997,2676.52,2684.676,2694.7239999999997,2708.115,2726.042,2738.522,2752.7129999999997,2761.102,2781.1569999999997,2798.391,2814.249,2830.042,2840.558,2849.5969999999998]",,25,"[95.988,118.43500000000002,141.782,179.721,206.019,230.6,1068.5990000000002,1091.6670000000001,1111.479,2369.4959999999996,2392.1759999999995,2432.4649999999997,2557.3089999999997,2570.334,2585.4429999999998,2597.1499999999996,2604.6429999999996,2685.5399999999995,2708.8519999999994,2726.8079999999995,2753.64,2762.0979999999995,2799.4889999999996,2830.901,2850.5029999999997]","[95.988,118.43500000000002,141.782,179.721,206.019,230.6,1068.5990000000002,1091.6670000000001,1111.479,2369.4959999999996,2392.1759999999995,2432.4649999999997,2557.3089999999997,2570.334,2585.4429999999998,2597.1499999999996,2604.6429999999996,2685.5399999999995,2708.8529999999996,2726.8079999999995,2753.64,2762.0979999999995,2799.4889999999996,2830.901,2850.5029999999997]",21,"[71.724,159.56,218.544,245.926,258.967,1083.411,1102.2060000000001,1124.403,2349.7899999999995,2360.1719999999996,2401.5629999999996,2413.5709999999995,2619.1119999999996,2644.093,2664.805,2677.3859999999995,2695.923,2740.816,2781.9619999999995,2816.3619999999996,2841.43]","[71.724,159.56,218.544,245.926,258.967,1083.411,1102.2060000000001,1124.403,2349.7899999999995,2360.1719999999996,2401.5629999999996,2413.5709999999995,2619.1119999999996,2644.093,2664.805,2677.3859999999995,2695.923,2740.816,2781.9619999999995,2816.3619999999996,2841.43]","[""scam_button""]",9.649499285,0.962,0.078683834,1.199,0.078683834,0.45,,,,,,resources/images/legit17-EDIT.png,legit,0.65,0.65,0,0,,,,,,,,,,,,,,,,,,,,,,,,,,,,,,,,,,,,,,,,,,0,21,21,22,1,,,,,,,,,,,,,,,,,,,,,,,,,,,,,,,,,,,,,,,,,,,,,,,,,,,,,,,,,,,,,,,,,,,,,,,
,,,,,,,,,,,,,,,,712670,001,2025-04-07_11h03.18.411,SLSI3,2022.2.5,iPad,50,,,,,,,,,,,47,"[68.14099999999999,95.45500000000001,117.769,140.833,158.76000000000002,179.122,205.48600000000002,217.86,229.53500000000003,245.29299999999998,258.134,1067.499,1082.313,1090.683,1101.0240000000001,1110.346,1123.47,2348.207,2359.123,2368.6769999999997,2389.841,2400.5319999999997,2412.8219999999997,2431.399,2556.2329999999997,2569.2709999999997,2584.417,2596.307,2603.741,2618.246,2642.1929999999998,2663.3599999999997,2676.52,2684.676,2694.7239999999997,2708.115,2726.042,2738.522,2752.7129999999997,2761.102,2781.1569999999997,2798.391,2814.249,2830.042,2840.558,2849.5969999999998,2856.3669999999997]","[68.14099999999999,95.45500000000001,117.769,140.833,158.76000000000002,179.122,205.48600000000002,217.86,229.53500000000003,245.29299999999998,258.134,1067.499,1082.313,1090.683,1101.0240000000001,1110.346,1123.47,2348.207,2359.123,2368.6769999999997,2389.841,2400.5319999999997,2412.8219999999997,2431.399,2556.2329999999997,2569.2709999999997,2584.417,2596.307,2603.741,2618.246,2642.1929999999998,2663.3599999999997,2676.52,2684.676,2694.7239999999997,2708.115,2726.042,2738.522,2752.7129999999997,2761.102,2781.1569999999997,2798.391,2814.249,2830.042,2840.558,2849.5969999999998,2856.3669999999997]",,26,"[95.988,118.43500000000002,141.782,179.721,206.019,230.6,1068.5990000000002,1091.6670000000001,1111.479,2369.4959999999996,2392.1759999999995,2432.4649999999997,2557.3089999999997,2570.334,2585.4429999999998,2597.1499999999996,2604.6429999999996,2685.5399999999995,2708.8519999999994,2726.8079999999995,2753.64,2762.0979999999995,2799.4889999999996,2830.901,2850.5029999999997,2858.1229999999996]","[95.988,118.43500000000002,141.782,179.721,206.019,230.6,1068.5990000000002,1091.6670000000001,1111.479,2369.4959999999996,2392.1759999999995,2432.4649999999997,2557.3089999999997,2570.334,2585.4429999999998,2597.1499999999996,2604.6429999999996,2685.5399999999995,2708.8529999999996,2726.8079999999995,2753.64,2762.0979999999995,2799.4889999999996,2830.901,2850.5029999999997,2858.1229999999996]",21,"[71.724,159.56,218.544,245.926,258.967,1083.411,1102.2060000000001,1124.403,2349.7899999999995,2360.1719999999996,2401.5629999999996,2413.5709999999995,2619.1119999999996,2644.093,2664.805,2677.3859999999995,2695.923,2740.816,2781.9619999999995,2816.3619999999996,2841.43]","[71.724,159.56,218.544,245.926,258.967,1083.411,1102.2060000000001,1124.403,2349.7899999999995,2360.1719999999996,2401.5629999999996,2413.5709999999995,2619.1119999999996,2644.093,2664.805,2677.3859999999995,2695.923,2740.816,2781.9619999999995,2816.3619999999996,2841.43]","[""scam_button""]",6.831187411,0.913,2.224606581,1.818,0.264663805,1.183,,,,,,resources/images/scam13.png,scam,1,0.65,0,0,,,,,,,,,,,,,,,,,,,,,,,,,,,,,,,,,,,,,,,,,,0,22,22,16,1,,,,,,,,,,,,,,,,,,,,,,,,,,,,,,,,,,,,,,,,,,,,,,,,,,,,,,,,,,,,,,,,,,,,,,,
,,,,,,,,,,,,,,,,712670,001,2025-04-07_11h03.18.411,SLSI3,2022.2.5,iPad,50,,,,,,,,,,,48,"[68.14099999999999,95.45500000000001,117.769,140.833,158.76000000000002,179.122,205.48600000000002,217.86,229.53500000000003,245.29299999999998,258.134,1067.499,1082.313,1090.683,1101.0240000000001,1110.346,1123.47,2348.207,2359.123,2368.6769999999997,2389.841,2400.5319999999997,2412.8219999999997,2431.399,2556.2329999999997,2569.2709999999997,2584.417,2596.307,2603.741,2618.246,2642.1929999999998,2663.3599999999997,2676.52,2684.676,2694.7239999999997,2708.115,2726.042,2738.522,2752.7129999999997,2761.102,2781.1569999999997,2798.391,2814.249,2830.042,2840.558,2849.5969999999998,2856.3669999999997,2865.629]","[68.14099999999999,95.45500000000001,117.769,140.833,158.76000000000002,179.122,205.48600000000002,217.86,229.53500000000003,245.29299999999998,258.134,1067.499,1082.313,1090.683,1101.0240000000001,1110.346,1123.47,2348.207,2359.123,2368.6769999999997,2389.841,2400.5319999999997,2412.8219999999997,2431.399,2556.2329999999997,2569.2709999999997,2584.417,2596.307,2603.741,2618.246,2642.1929999999998,2663.3599999999997,2676.52,2684.676,2694.7239999999997,2708.115,2726.042,2738.522,2752.7129999999997,2761.102,2781.1569999999997,2798.391,2814.249,2830.042,2840.558,2849.5969999999998,2856.3669999999997,2865.629]",,27,"[95.988,118.43500000000002,141.782,179.721,206.019,230.6,1068.5990000000002,1091.6670000000001,1111.479,2369.4959999999996,2392.1759999999995,2432.4649999999997,2557.3089999999997,2570.334,2585.4429999999998,2597.1499999999996,2604.6429999999996,2685.5399999999995,2708.8519999999994,2726.8079999999995,2753.64,2762.0979999999995,2799.4889999999996,2830.901,2850.5029999999997,2858.1229999999996,2866.2769999999996]","[95.988,118.43500000000002,141.782,179.721,206.019,230.6,1068.5990000000002,1091.6670000000001,1111.479,2369.4959999999996,2392.1759999999995,2432.4649999999997,2557.3089999999997,2570.334,2585.4429999999998,2597.1499999999996,2604.6429999999996,2685.5399999999995,2708.8529999999996,2726.8079999999995,2753.64,2762.0979999999995,2799.4889999999996,2830.901,2850.5029999999997,2858.1229999999996,2866.2769999999996]",21,"[71.724,159.56,218.544,245.926,258.967,1083.411,1102.2060000000001,1124.403,2349.7899999999995,2360.1719999999996,2401.5629999999996,2413.5709999999995,2619.1119999999996,2644.093,2664.805,2677.3859999999995,2695.923,2740.816,2781.9619999999995,2816.3619999999996,2841.43]","[71.724,159.56,218.544,245.926,258.967,1083.411,1102.2060000000001,1124.403,2349.7899999999995,2360.1719999999996,2401.5629999999996,2413.5709999999995,2619.1119999999996,2644.093,2664.805,2677.3859999999995,2695.923,2740.816,2781.9619999999995,2816.3619999999996,2841.43]","[""scam_button""]",9.806866953,0.782,4.899856938,1.553,0.092989986,0.835,,,,,,resources/images/scam3.png,scam,1.2,0.65,0,0,,,,,,,,,,,,,,,,,,,,,,,,,,,,,,,,,,,,,,,,,,0,23,23,2,1,,,,,,,,,,,,,,,,,,,,,,,,,,,,,,,,,,,,,,,,,,,,,,,,,,,,,,,,,,,,,,,,,,,,,,,
,,,,,,,,,,,,,,,,712670,001,2025-04-07_11h03.18.411,SLSI3,2022.2.5,iPad,50,,,,,,,,,,,,,,,,,,,,,,,,,,,,,,,,,,,,,,,,,,,,,,,,,,,,,,,,,,,,,,,,,,,,,,,,,,,,,,,,,,,,,space,273.103,,,,,,,,,,,,,,,,,,,,,,,,,,,,,,,,,,,,,,,,,,,,,,,,,,,,,,,,,,,,,,,,,,,,,
,,,,,,,,,,,,,,,,712670,001,2025-04-07_11h03.18.411,SLSI3,2022.2.5,iPad,50,,,,,,,,,,,,,,,,,,,,,,,,,,,,,,,,,,,,,,,,,,,,,,,,,,,,,,,,,,,,,,,,,,,,,,,,,,,,,,,,,,,,,,,4,4.022,"...is persistent, works until the task is finished",0,0,0,5,1,"...is persistent, works until the task is finished",,,,,,,,,,,,,,,,,,,,,,,,,,,,,,,,,,,,,,,,,,,,,,,,,,,,,,,,,,,,
,,,,,,,,,,,,,,,,712670,001,2025-04-07_11h03.18.411,SLSI3,2022.2.5,iPad,50,,,,,,,,,,,,,,,,,,,,,,,,,,,,,,,,,,,,,,,,,,,,,,,,,,,,,,,,,,,,,,,,,,,,,,,,,,,,,,,,,,,,,,,3,2.817,...is inventive,0,1,1,2,1,...is inventive,,,,,,,,,,,,,,,,,,,,,,,,,,,,,,,,,,,,,,,,,,,,,,,,,,,,,,,,,,,,
,,,,,,,,,,,,,,,,712670,001,2025-04-07_11h03.18.411,SLSI3,2022.2.5,iPad,50,,,,,,,,,,,,,,,,,,,,,,,,,,,,,,,,,,,,,,,,,,,,,,,,,,,,,,,,,,,,,,,,,,,,,,,,,,,,,,,,,,,,,,,5,1.465,...is talktative,0,2,2,1,1,...is talktative,,,,,,,,,,,,,,,,,,,,,,,,,,,,,,,,,,,,,,,,,,,,,,,,,,,,,,,,,,,,
,,,,,,,,,,,,,,,,712670,001,2025-04-07_11h03.18.411,SLSI3,2022.2.5,iPad,50,,,,,,,,,,,,,,,,,,,,,,,,,,,,,,,,,,,,,,,,,,,,,,,,,,,,,,,,,,,,,,,,,,,,,,,,,,,,,,,,,,,,,,,5,1.338,...often feels sad,0,3,3,0,1,...often feels sad,,,,,,,,,,,,,,,,,,,,,,,,,,,,,,,,,,,,,,,,,,,,,,,,,,,,,,,,,,,,
,,,,,,,,,,,,,,,,712670,001,2025-04-07_11h03.18.411,SLSI3,2022.2.5,iPad,50,,,,,,,,,,,,,,,,,,,,,,,,,,,,,,,,,,,,,,,,,,,,,,,,,,,,,,,,,,,,,,,,,,,,,,,,,,,,,,,,,,,,,,,3,1.917,...finds clever ways to do things,0,4,4,3,1,...finds clever ways to do things,,,,,,,,,,,,,,,,,,,,,,,,,,,,,,,,,,,,,,,,,,,,,,,,,,,,,,,,,,,,
,,,,,,,,,,,,,,,,712670,001,2025-04-07_11h03.18.411,SLSI3,2022.2.5,iPad,50,,,,,,,,,,,,,,,,,,,,,,,,,,,,,,,,,,,,,,,,,,,,,,,,,,,,,,,,,,,,,,,,,,,,,,,,,,,,,,,,,,,,,,,5,1.39,"....is reliable, can always be counted on",0,5,5,4,1,"....is reliable, can always be counted on",,,,,,,,,,,,,,,,,,,,,,,,,,,,,,,,,,,,,,,,,,,,,,,,,,,,,,,,,,,,
,,,,,,,,,,,,,,,,712670,001,2025-04-07_11h03.18.411,SLSI3,2022.2.5,iPad,50,,,,,,,,,,,,,,,,,,,,,,,,,,,,,,,,,,,,,,,,,,,,,,,,,,,,,,,,,,,,,,,,,,,,,,,,,,,,,,,,,,,,,,,,,,,,,,,,space,3.284,,,,,,,,,,,,,,,,,,,,,,,,,,,,,,,,,,,,,,,,,,,,,,,,,,,,,,,,,,
,,,,,,,,,,,,,,,,712670,001,2025-04-07_11h03.18.411,SLSI3,2022.2.5,iPad,50,,,,,,,,,,,,,,,,,,,,,,,,,,,,,,,,,,,,,,,,,,,,,,,,,,,,,,,,,,,,,,,,,,,,,,,,,,,,,,,,,,,,,,,,,,,,,,,,,,4,6.998,,0,0,0,0,1,Try to pass along the knowledge I have gained through my experiences.,,,,,,,,,,,,,,,,,,,,,,,,,,,,,,,,,,,,,,,,,,,,,,,,,
,,,,,,,,,,,,,,,,712670,001,2025-04-07_11h03.18.411,SLSI3,2022.2.5,iPad,50,,,,,,,,,,,,,,,,,,,,,,,,,,,,,,,,,,,,,,,,,,,,,,,,,,,,,,,,,,,,,,,,,,,,,,,,,,,,,,,,,,,,,,,,,,,,,,,,,,2,4.013,,0,1,1,9,1,Others would say that I have made unique contributions to society.,,,,,,,,,,,,,,,,,,,,,,,,,,,,,,,,,,,,,,,,,,,,,,,,,
,,,,,,,,,,,,,,,,712670,001,2025-04-07_11h03.18.411,SLSI3,2022.2.5,iPad,50,,,,,,,,,,,,,,,,,,,,,,,,,,,,,,,,,,,,,,,,,,,,,,,,,,,,,,,,,,,,,,,,,,,,,,,,,,,,,,,,,,,,,,,,,,,,,,,,,,3,1.554,,0,2,2,4,1,I volunteer to work for a charity.,,,,,,,,,,,,,,,,,,,,,,,,,,,,,,,,,,,,,,,,,,,,,,,,,
,,,,,,,,,,,,,,,,712670,001,2025-04-07_11h03.18.411,SLSI3,2022.2.5,iPad,50,,,,,,,,,,,,,,,,,,,,,,,,,,,,,,,,,,,,,,,,,,,,,,,,,,,,,,,,,,,,,,,,,,,,,,,,,,,,,,,,,,,,,,,,,,,,,,,,,,4,2.153,,0,3,3,5,1,I have made and created things that have had an impact on other people.,,,,,,,,,,,,,,,,,,,,,,,,,,,,,,,,,,,,,,,,,,,,,,,,,
,,,,,,,,,,,,,,,,712670,001,2025-04-07_11h03.18.411,SLSI3,2022.2.5,iPad,50,,,,,,,,,,,,,,,,,,,,,,,,,,,,,,,,,,,,,,,,,,,,,,,,,,,,,,,,,,,,,,,,,,,,,,,,,,,,,,,,,,,,,,,,,,,,,,,,,,2,2.487,,0,4,4,14,1,I feel as though I have done a lot to contribute to others.,,,,,,,,,,,,,,,,,,,,,,,,,,,,,,,,,,,,,,,,,,,,,,,,,
,,,,,,,,,,,,,,,,712670,001,2025-04-07_11h03.18.411,SLSI3,2022.2.5,iPad,50,,,,,,,,,,,,,,,,,,,,,,,,,,,,,,,,,,,,,,,,,,,,,,,,,,,,,,,,,,,,,,,,,,,,,,,,,,,,,,,,,,,,,,,,,,,,,,,,,,3,2.821,,0,5,5,17,1,I have a responsibility to improve the neighborhood in which I live.,,,,,,,,,,,,,,,,,,,,,,,,,,,,,,,,,,,,,,,,,,,,,,,,,
,,,,,,,,,,,,,,,,712670,001,2025-04-07_11h03.18.411,SLSI3,2022.2.5,iPad,50,,,,,,,,,,,,,,,,,,,,,,,,,,,,,,,,,,,,,,,,,,,,,,,,,,,,,,,,,,,,,,,,,,,,,,,,,,,,,,,,,,,,,,,,,,,,,,,,,,3,1.453,,0,6,6,2,1,I think I would like the work of a teacher.,,,,,,,,,,,,,,,,,,,,,,,,,,,,,,,,,,,,,,,,,,,,,,,,,
,,,,,,,,,,,,,,,,712670,001,2025-04-07_11h03.18.411,SLSI3,2022.2.5,iPad,50,,,,,,,,,,,,,,,,,,,,,,,,,,,,,,,,,,,,,,,,,,,,,,,,,,,,,,,,,,,,,,,,,,,,,,,,,,,,,,,,,,,,,,,,,,,,,,,,,,3,1.47,,0,7,7,6,1,I try to be creative in most things that I do.,,,,,,,,,,,,,,,,,,,,,,,,,,,,,,,,,,,,,,,,,,,,,,,,,
,,,,,,,,,,,,,,,,712670,001,2025-04-07_11h03.18.411,SLSI3,2022.2.5,iPad,50,,,,,,,,,,,,,,,,,,,,,,,,,,,,,,,,,,,,,,,,,,,,,,,,,,,,,,,,,,,,,,,,,,,,,,,,,,,,,,,,,,,,,,,,,,,,,,,,,,2,2.437,,0,8,8,3,1,I feel as though I have made a difference to many people.,,,,,,,,,,,,,,,,,,,,,,,,,,,,,,,,,,,,,,,,,,,,,,,,,
,,,,,,,,,,,,,,,,712670,001,2025-04-07_11h03.18.411,SLSI3,2022.2.5,iPad,50,,,,,,,,,,,,,,,,,,,,,,,,,,,,,,,,,,,,,,,,,,,,,,,,,,,,,,,,,,,,,,,,,,,,,,,,,,,,,,,,,,,,,,,,,,,,,,,,,,3,1.103,,0,9,9,18,1,People come to me for advice.,,,,,,,,,,,,,,,,,,,,,,,,,,,,,,,,,,,,,,,,,,,,,,,,,
,,,,,,,,,,,,,,,,712670,001,2025-04-07_11h03.18.411,SLSI3,2022.2.5,iPad,50,,,,,,,,,,,,,,,,,,,,,,,,,,,,,,,,,,,,,,,,,,,,,,,,,,,,,,,,,,,,,,,,,,,,,,,,,,,,,,,,,,,,,,,,,,,,,,,,,,4,1.169,,0,10,10,11,1,I have important skills that I try to teach others.,,,,,,,,,,,,,,,,,,,,,,,,,,,,,,,,,,,,,,,,,,,,,,,,,
,,,,,,,,,,,,,,,,712670,001,2025-04-07_11h03.18.411,SLSI3,2022.2.5,iPad,50,,,,,,,,,,,,,,,,,,,,,,,,,,,,,,,,,,,,,,,,,,,,,,,,,,,,,,,,,,,,,,,,,,,,,,,,,,,,,,,,,,,,,,,,,,,,,,,,,,3,4.012,,0,11,11,8,1,I believe that society should be responsible for providing food and shelter for all homeless people.,,,,,,,,,,,,,,,,,,,,,,,,,,,,,,,,,,,,,,,,,,,,,,,,,
,,,,,,,,,,,,,,,,712670,001,2025-04-07_11h03.18.411,SLSI3,2022.2.5,iPad,50,,,,,,,,,,,,,,,,,,,,,,,,,,,,,,,,,,,,,,,,,,,,,,,,,,,,,,,,,,,,,,,,,,,,,,,,,,,,,,,,,,,,,,,,,,,,,,,,,,3,1.987,,0,12,12,13,1,"In general, my actions have a positive effect on other people.",,,,,,,,,,,,,,,,,,,,,,,,,,,,,,,,,,,,,,,,,,,,,,,,,
,,,,,,,,,,,,,,,,712670,001,2025-04-07_11h03.18.411,SLSI3,2022.2.5,iPad,50,,,,,,,,,,,,,,,,,,,,,,,,,,,,,,,,,,,,,,,,,,,,,,,,,,,,,,,,,,,,,,,,,,,,,,,,,,,,,,,,,,,,,,,,,,,,,,,,,,3,2.904,,0,13,13,12,1,I feel that things I have done in my life will survive after I die.,,,,,,,,,,,,,,,,,,,,,,,,,,,,,,,,,,,,,,,,,,,,,,,,,
,,,,,,,,,,,,,,,,712670,001,2025-04-07_11h03.18.411,SLSI3,2022.2.5,iPad,50,,,,,,,,,,,,,,,,,,,,,,,,,,,,,,,,,,,,,,,,,,,,,,,,,,,,,,,,,,,,,,,,,,,,,,,,,,,,,,,,,,,,,,,,,,,,,,,,,,3,1.412,,0,14,14,7,1,I think that I will be remembered for a long time after I die.,,,,,,,,,,,,,,,,,,,,,,,,,,,,,,,,,,,,,,,,,,,,,,,,,
,,,,,,,,,,,,,,,,712670,001,2025-04-07_11h03.18.411,SLSI3,2022.2.5,iPad,50,,,,,,,,,,,,,,,,,,,,,,,,,,,,,,,,,,,,,,,,,,,,,,,,,,,,,,,,,,,,,,,,,,,,,,,,,,,,,,,,,,,,,,,,,,,,,,,,,,3,1.311,,0,15,15,1,1,I feel that other people need me.,,,,,,,,,,,,,,,,,,,,,,,,,,,,,,,,,,,,,,,,,,,,,,,,,
,,,,,,,,,,,,,,,,712670,001,2025-04-07_11h03.18.411,SLSI3,2022.2.5,iPad,50,,,,,,,,,,,,,,,,,,,,,,,,,,,,,,,,,,,,,,,,,,,,,,,,,,,,,,,,,,,,,,,,,,,,,,,,,,,,,,,,,,,,,,,,,,,,,,,,,,3,1.236,,0,16,16,15,1,"I have made many commitments to many different kinds of people, groups, and activities in my life.",,,,,,,,,,,,,,,,,,,,,,,,,,,,,,,,,,,,,,,,,,,,,,,,,
,,,,,,,,,,,,,,,,712670,001,2025-04-07_11h03.18.411,SLSI3,2022.2.5,iPad,50,,,,,,,,,,,,,,,,,,,,,,,,,,,,,,,,,,,,,,,,,,,,,,,,,,,,,,,,,,,,,,,,,,,,,,,,,,,,,,,,,,,,,,,,,,,,,,,,,,2,5.972,,0,17,17,19,1,I feel as though my contributions will exist after I die.,,,,,,,,,,,,,,,,,,,,,,,,,,,,,,,,,,,,,,,,,,,,,,,,,
,,,,,,,,,,,,,,,,712670,001,2025-04-07_11h03.18.411,SLSI3,2022.2.5,iPad,50,,,,,,,,,,,,,,,,,,,,,,,,,,,,,,,,,,,,,,,,,,,,,,,,,,,,,,,,,,,,,,,,,,,,,,,,,,,,,,,,,,,,,,,,,,,,,,,,,,2,2.254,,0,18,18,10,1,"If I were unable to have children of my own, I would like to adopt children.",,,,,,,,,,,,,,,,,,,,,,,,,,,,,,,,,,,,,,,,,,,,,,,,,
,,,,,,,,,,,,,,,,712670,001,2025-04-07_11h03.18.411,SLSI3,2022.2.5,iPad,50,,,,,,,,,,,,,,,,,,,,,,,,,,,,,,,,,,,,,,,,,,,,,,,,,,,,,,,,,,,,,,,,,,,,,,,,,,,,,,,,,,,,,,,,,,,,,,,,,,4,1.669,,0,19,19,16,1,Other people say that I am a very productive person.,,,,,,,,,,,,,,,,,,,,,,,,,,,,,,,,,,,,,,,,,,,,,,,,,
,,,,,,,,,,,,,,,,712670,001,2025-04-07_11h03.18.411,SLSI3,2022.2.5,iPad,50,,,,,,,,,,,,,,,,,,,,,,,,,,,,,,,,,,,,,,,,,,,,,,,,,,,,,,,,,,,,,,,,,,,,,,,,,,,,,,,,,,,,,,,,,,,,,,,,,,,,,,,,,,,space,2.186,,,,,,,,,,,,,,,,,,,,,,,,,,,,,,,,,,,,,,,,,,,,,,,
,,,,,,,,,,,,,,,,712670,001,2025-04-07_11h03.18.411,SLSI3,2022.2.5,iPad,50,,,,,,,,,,,,,,,,,,,,,,,,,,,,,,,,,,,,,,,,,,,,,,,,,,,,,,,,,,,,,,,,,,,,,,,,,,,,,,,,,,,,,,,,,,,,,,,,,,,,,,,,,,I feel isolated from others,,,2,3.162,,0,0,0,13,1,,,,,,,,,,,,,,,,,,,,,,,,,,,,,,,,,,,,,,,
,,,,,,,,,,,,,,,,712670,001,2025-04-07_11h03.18.411,SLSI3,2022.2.5,iPad,50,,,,,,,,,,,,,,,,,,,,,,,,,,,,,,,,,,,,,,,,,,,,,,,,,,,,,,,,,,,,,,,,,,,,,,,,,,,,,,,,,,,,,,,,,,,,,,,,,,,,,,,,,,My social relationships are superficial,,,2,4.43,,0,1,1,11,1,,,,,,,,,,,,,,,,,,,,,,,,,,,,,,,,,,,,,,,
,,,,,,,,,,,,,,,,712670,001,2025-04-07_11h03.18.411,SLSI3,2022.2.5,iPad,50,,,,,,,,,,,,,,,,,,,,,,,,,,,,,,,,,,,,,,,,,,,,,,,,,,,,,,,,,,,,,,,,,,,,,,,,,,,,,,,,,,,,,,,,,,,,,,,,,,,,,,,,,,No one really knows me well,,,3,2.028,,0,2,2,12,1,,,,,,,,,,,,,,,,,,,,,,,,,,,,,,,,,,,,,,,
,,,,,,,,,,,,,,,,712670,001,2025-04-07_11h03.18.411,SLSI3,2022.2.5,iPad,50,,,,,,,,,,,,,,,,,,,,,,,,,,,,,,,,,,,,,,,,,,,,,,,,,,,,,,,,,,,,,,,,,,,,,,,,,,,,,,,,,,,,,,,,,,,,,,,,,,,,,,,,,,I am unhappy being so withdrawn ,,,3,2.197,,0,3,3,16,1,,,,,,,,,,,,,,,,,,,,,,,,,,,,,,,,,,,,,,,
,,,,,,,,,,,,,,,,712670,001,2025-04-07_11h03.18.411,SLSI3,2022.2.5,iPad,50,,,,,,,,,,,,,,,,,,,,,,,,,,,,,,,,,,,,,,,,,,,,,,,,,,,,,,,,,,,,,,,,,,,,,,,,,,,,,,,,,,,,,,,,,,,,,,,,,,,,,,,,,,I have a lot in common with the people around me,,,4,2.02,,0,4,4,5,1,,,,,,,,,,,,,,,,,,,,,,,,,,,,,,,,,,,,,,,
,,,,,,,,,,,,,,,,712670,001,2025-04-07_11h03.18.411,SLSI3,2022.2.5,iPad,50,,,,,,,,,,,,,,,,,,,,,,,,,,,,,,,,,,,,,,,,,,,,,,,,,,,,,,,,,,,,,,,,,,,,,,,,,,,,,,,,,,,,,,,,,,,,,,,,,,,,,,,,,,I feel left out,,,3,1.387,,0,5,5,10,1,,,,,,,,,,,,,,,,,,,,,,,,,,,,,,,,,,,,,,,
,,,,,,,,,,,,,,,,712670,001,2025-04-07_11h03.18.411,SLSI3,2022.2.5,iPad,50,,,,,,,,,,,,,,,,,,,,,,,,,,,,,,,,,,,,,,,,,,,,,,,,,,,,,,,,,,,,,,,,,,,,,,,,,,,,,,,,,,,,,,,,,,,,,,,,,,,,,,,,,,There is no one I can turn to,,,2,1.22,,0,6,6,2,1,,,,,,,,,,,,,,,,,,,,,,,,,,,,,,,,,,,,,,,
,,,,,,,,,,,,,,,,712670,001,2025-04-07_11h03.18.411,SLSI3,2022.2.5,iPad,50,,,,,,,,,,,,,,,,,,,,,,,,,,,,,,,,,,,,,,,,,,,,,,,,,,,,,,,,,,,,,,,,,,,,,,,,,,,,,,,,,,,,,,,,,,,,,,,,,,,,,,,,,,I am an outgoing person,,,4,1.003,,0,7,7,8,1,,,,,,,,,,,,,,,,,,,,,,,,,,,,,,,,,,,,,,,
,,,,,,,,,,,,,,,,712670,001,2025-04-07_11h03.18.411,SLSI3,2022.2.5,iPad,50,,,,,,,,,,,,,,,,,,,,,,,,,,,,,,,,,,,,,,,,,,,,,,,,,,,,,,,,,,,,,,,,,,,,,,,,,,,,,,,,,,,,,,,,,,,,,,,,,,,,,,,,,,I do not feel alone,,,3,1.653,,0,8,8,3,1,,,,,,,,,,,,,,,,,,,,,,,,,,,,,,,,,,,,,,,
,,,,,,,,,,,,,,,,712670,001,2025-04-07_11h03.18.411,SLSI3,2022.2.5,iPad,50,,,,,,,,,,,,,,,,,,,,,,,,,,,,,,,,,,,,,,,,,,,,,,,,,,,,,,,,,,,,,,,,,,,,,,,,,,,,,,,,,,,,,,,,,,,,,,,,,,,,,,,,,,There are people I feel close to,,,4,1.186,,0,9,9,9,1,,,,,,,,,,,,,,,,,,,,,,,,,,,,,,,,,,,,,,,
,,,,,,,,,,,,,,,,712670,001,2025-04-07_11h03.18.411,SLSI3,2022.2.5,iPad,50,,,,,,,,,,,,,,,,,,,,,,,,,,,,,,,,,,,,,,,,,,,,,,,,,,,,,,,,,,,,,,,,,,,,,,,,,,,,,,,,,,,,,,,,,,,,,,,,,,,,,,,,,,I can find companionship when I want it,,,3,1.728,,0,10,10,14,1,,,,,,,,,,,,,,,,,,,,,,,,,,,,,,,,,,,,,,,
,,,,,,,,,,,,,,,,712670,001,2025-04-07_11h03.18.411,SLSI3,2022.2.5,iPad,50,,,,,,,,,,,,,,,,,,,,,,,,,,,,,,,,,,,,,,,,,,,,,,,,,,,,,,,,,,,,,,,,,,,,,,,,,,,,,,,,,,,,,,,,,,,,,,,,,,,,,,,,,,I feel in tune with the people around me,,,4,1.47,,0,11,11,0,1,,,,,,,,,,,,,,,,,,,,,,,,,,,,,,,,,,,,,,,
,,,,,,,,,,,,,,,,712670,001,2025-04-07_11h03.18.411,SLSI3,2022.2.5,iPad,50,,,,,,,,,,,,,,,,,,,,,,,,,,,,,,,,,,,,,,,,,,,,,,,,,,,,,,,,,,,,,,,,,,,,,,,,,,,,,,,,,,,,,,,,,,,,,,,,,,,,,,,,,,There are people I can turn to,,,4,0.878,,0,12,12,19,1,,,,,,,,,,,,,,,,,,,,,,,,,,,,,,,,,,,,,,,
,,,,,,,,,,,,,,,,712670,001,2025-04-07_11h03.18.411,SLSI3,2022.2.5,iPad,50,,,,,,,,,,,,,,,,,,,,,,,,,,,,,,,,,,,,,,,,,,,,,,,,,,,,,,,,,,,,,,,,,,,,,,,,,,,,,,,,,,,,,,,,,,,,,,,,,,,,,,,,,,I lack companionship,,,3,1.821,,0,13,13,1,1,,,,,,,,,,,,,,,,,,,,,,,,,,,,,,,,,,,,,,,
,,,,,,,,,,,,,,,,712670,001,2025-04-07_11h03.18.411,SLSI3,2022.2.5,iPad,50,,,,,,,,,,,,,,,,,,,,,,,,,,,,,,,,,,,,,,,,,,,,,,,,,,,,,,,,,,,,,,,,,,,,,,,,,,,,,,,,,,,,,,,,,,,,,,,,,,,,,,,,,,My interests and ideas are not shared by those around me,,,1,2.587,,0,14,14,7,1,,,,,,,,,,,,,,,,,,,,,,,,,,,,,,,,,,,,,,,
,,,,,,,,,,,,,,,,712670,001,2025-04-07_11h03.18.411,SLSI3,2022.2.5,iPad,50,,,,,,,,,,,,,,,,,,,,,,,,,,,,,,,,,,,,,,,,,,,,,,,,,,,,,,,,,,,,,,,,,,,,,,,,,,,,,,,,,,,,,,,,,,,,,,,,,,,,,,,,,,I am no longer close to anyone,,,1,2.387,,0,15,15,6,1,,,,,,,,,,,,,,,,,,,,,,,,,,,,,,,,,,,,,,,
,,,,,,,,,,,,,,,,712670,001,2025-04-07_11h03.18.411,SLSI3,2022.2.5,iPad,50,,,,,,,,,,,,,,,,,,,,,,,,,,,,,,,,,,,,,,,,,,,,,,,,,,,,,,,,,,,,,,,,,,,,,,,,,,,,,,,,,,,,,,,,,,,,,,,,,,,,,,,,,,I feel part of a group of friends,,,4,1.195,,0,16,16,4,1,,,,,,,,,,,,,,,,,,,,,,,,,,,,,,,,,,,,,,,
,,,,,,,,,,,,,,,,712670,001,2025-04-07_11h03.18.411,SLSI3,2022.2.5,iPad,50,,,,,,,,,,,,,,,,,,,,,,,,,,,,,,,,,,,,,,,,,,,,,,,,,,,,,,,,,,,,,,,,,,,,,,,,,,,,,,,,,,,,,,,,,,,,,,,,,,,,,,,,,,There are people I can talk to,,,4,1.878,,0,17,17,18,1,,,,,,,,,,,,,,,,,,,,,,,,,,,,,,,,,,,,,,,
,,,,,,,,,,,,,,,,712670,001,2025-04-07_11h03.18.411,SLSI3,2022.2.5,iPad,50,,,,,,,,,,,,,,,,,,,,,,,,,,,,,,,,,,,,,,,,,,,,,,,,,,,,,,,,,,,,,,,,,,,,,,,,,,,,,,,,,,,,,,,,,,,,,,,,,,,,,,,,,,There are people who really understand me,,,4,2.563,,0,18,18,15,1,,,,,,,,,,,,,,,,,,,,,,,,,,,,,,,,,,,,,,,
,,,,,,,,,,,,,,,,712670,001,2025-04-07_11h03.18.411,SLSI3,2022.2.5,iPad,50,,,,,,,,,,,,,,,,,,,,,,,,,,,,,,,,,,,,,,,,,,,,,,,,,,,,,,,,,,,,,,,,,,,,,,,,,,,,,,,,,,,,,,,,,,,,,,,,,,,,,,,,,,People are around me but not with me,,,2,3.312,,0,19,19,17,1,,,,,,,,,,,,,,,,,,,,,,,,,,,,,,,,,,,,,,,
,,,,,,,,,,,,,,,,712670,001,2025-04-07_11h03.18.411,SLSI3,2022.2.5,iPad,50,,,,,,,,,,,,,,,,,,,,,,,,,,,,,,,,,,,,,,,,,,,,,,,,,,,,,,,,,,,,,,,,,,,,,,,,,,,,,,,,,,,,,,,,,,,,,,,,,,,,,,,,,,,,,,,,,,,,,space,8.995,,,,,,,,,,,,,,,,,,,,,,,,,,,,,,,,,,,,,
,,,,,,,,,,,,,,,,712670,001,2025-04-07_11h03.18.411,SLSI3,2022.2.5,iPad,50,,,,,,,,,,,,,,,,,,,,,,,,,,,,,,,,,,,,,,,,,,,,,,,,,,,,,,,,,,,,,,,,,,,,,,,,,,,,,,,,,,,,,,,,,,,,,,,,,,,,,,,,,,,,,,,,,,,,,,,2,6.117,"When I am not distracted, I find my thoughts focusing on my own cognitive changes and concerns.",0,0,0,6,1,"When I am not distracted, I find my thoughts focusing on my own cognitive changes and concerns.",,,,,,,,,,,,,,,,,,,,,,,,,,,,
,,,,,,,,,,,,,,,,712670,001,2025-04-07_11h03.18.411,SLSI3,2022.2.5,iPad,50,,,,,,,,,,,,,,,,,,,,,,,,,,,,,,,,,,,,,,,,,,,,,,,,,,,,,,,,,,,,,,,,,,,,,,,,,,,,,,,,,,,,,,,,,,,,,,,,,,,,,,,,,,,,,,,,,,,,,,,1,2.712,"Even though I know it doesn’t help to focus on it, I can’t help thinking about whether or not I have Alzheimer’s disease or a related dementia.",0,1,1,7,1,"Even though I know it doesn’t help to focus on it, I can’t help thinking about whether or not I have Alzheimer’s disease or a related dementia.",,,,,,,,,,,,,,,,,,,,,,,,,,,,
,,,,,,,,,,,,,,,,712670,001,2025-04-07_11h03.18.411,SLSI3,2022.2.5,iPad,50,,,,,,,,,,,,,,,,,,,,,,,,,,,,,,,,,,,,,,,,,,,,,,,,,,,,,,,,,,,,,,,,,,,,,,,,,,,,,,,,,,,,,,,,,,,,,,,,,,,,,,,,,,,,,,,,,,,,,,,1,2.775,"	When I hear about someone having Alzheimer’s disease or a related dementia, I start to worry about having it myself.",0,2,2,5,1,"	When I hear about someone having Alzheimer’s disease or a related dementia, I start to worry about having it myself.",,,,,,,,,,,,,,,,,,,,,,,,,,,,
,,,,,,,,,,,,,,,,712670,001,2025-04-07_11h03.18.411,SLSI3,2022.2.5,iPad,50,,,,,,,,,,,,,,,,,,,,,,,,,,,,,,,,,,,,,,,,,,,,,,,,,,,,,,,,,,,,,,,,,,,,,,,,,,,,,,,,,,,,,,,,,,,,,,,,,,,,,,,,,,,,,,,,,,,,,,,1,1.474,I find it difficult to control my worries about developing Alzheimer’s disease and related dementias.,0,3,3,1,1,I find it difficult to control my worries about developing Alzheimer’s disease and related dementias.,,,,,,,,,,,,,,,,,,,,,,,,,,,,
,,,,,,,,,,,,,,,,712670,001,2025-04-07_11h03.18.411,SLSI3,2022.2.5,iPad,50,,,,,,,,,,,,,,,,,,,,,,,,,,,,,,,,,,,,,,,,,,,,,,,,,,,,,,,,,,,,,,,,,,,,,,,,,,,,,,,,,,,,,,,,,,,,,,,,,,,,,,,,,,,,,,,,,,,,,,,1,1.257,I think I probably worry more about Alzheimer’s disease and related dementias than other people my same age.,0,4,4,11,1,I think I probably worry more about Alzheimer’s disease and related dementias than other people my same age.,,,,,,,,,,,,,,,,,,,,,,,,,,,,
,,,,,,,,,,,,,,,,712670,001,2025-04-07_11h03.18.411,SLSI3,2022.2.5,iPad,50,,,,,,,,,,,,,,,,,,,,,,,,,,,,,,,,,,,,,,,,,,,,,,,,,,,,,,,,,,,,,,,,,,,,,,,,,,,,,,,,,,,,,,,,,,,,,,,,,,,,,,,,,,,,,,,,,,,,,,,1,1.478,"When I forget a word that I want to say, my thoughts immediately turn to Alzheimer’s disease and related dementias.",0,5,5,10,1,"When I forget a word that I want to say, my thoughts immediately turn to Alzheimer’s disease and related dementias.",,,,,,,,,,,,,,,,,,,,,,,,,,,,
,,,,,,,,,,,,,,,,712670,001,2025-04-07_11h03.18.411,SLSI3,2022.2.5,iPad,50,,,,,,,,,,,,,,,,,,,,,,,,,,,,,,,,,,,,,,,,,,,,,,,,,,,,,,,,,,,,,,,,,,,,,,,,,,,,,,,,,,,,,,,,,,,,,,,,,,,,,,,,,,,,,,,,,,,,,,,1,1.207,"More often than not, I find my thoughts returning to concerns that I have Alzheimer’s disease or a related dementia.",0,6,6,4,1,"More often than not, I find my thoughts returning to concerns that I have Alzheimer’s disease or a related dementia.",,,,,,,,,,,,,,,,,,,,,,,,,,,,
,,,,,,,,,,,,,,,,712670,001,2025-04-07_11h03.18.411,SLSI3,2022.2.5,iPad,50,,,,,,,,,,,,,,,,,,,,,,,,,,,,,,,,,,,,,,,,,,,,,,,,,,,,,,,,,,,,,,,,,,,,,,,,,,,,,,,,,,,,,,,,,,,,,,,,,,,,,,,,,,,,,,,,,,,,,,,1,1.431,"Sometimes when trying to go to sleep, I find my thoughts drift to my concerns about having Alzheimer’s disease or a related dementia.",0,7,7,9,1,"Sometimes when trying to go to sleep, I find my thoughts drift to my concerns about having Alzheimer’s disease or a related dementia.",,,,,,,,,,,,,,,,,,,,,,,,,,,,
,,,,,,,,,,,,,,,,712670,001,2025-04-07_11h03.18.411,SLSI3,2022.2.5,iPad,50,,,,,,,,,,,,,,,,,,,,,,,,,,,,,,,,,,,,,,,,,,,,,,,,,,,,,,,,,,,,,,,,,,,,,,,,,,,,,,,,,,,,,,,,,,,,,,,,,,,,,,,,,,,,,,,,,,,,,,,1,1.95,My worries about Alzheimer’s disease and related dementias overwhelm me.,0,8,8,3,1,My worries about Alzheimer’s disease and related dementias overwhelm me.,,,,,,,,,,,,,,,,,,,,,,,,,,,,
,,,,,,,,,,,,,,,,712670,001,2025-04-07_11h03.18.411,SLSI3,2022.2.5,iPad,50,,,,,,,,,,,,,,,,,,,,,,,,,,,,,,,,,,,,,,,,,,,,,,,,,,,,,,,,,,,,,,,,,,,,,,,,,,,,,,,,,,,,,,,,,,,,,,,,,,,,,,,,,,,,,,,,,,,,,,,1,3.081,"I know I shouldn’t worry about developing Alzheimer’s disease and related dementias, but I just cannot help it.",0,9,9,0,1,"I know I shouldn’t worry about developing Alzheimer’s disease and related dementias, but I just cannot help it.",,,,,,,,,,,,,,,,,,,,,,,,,,,,
,,,,,,,,,,,,,,,,712670,001,2025-04-07_11h03.18.411,SLSI3,2022.2.5,iPad,50,,,,,,,,,,,,,,,,,,,,,,,,,,,,,,,,,,,,,,,,,,,,,,,,,,,,,,,,,,,,,,,,,,,,,,,,,,,,,,,,,,,,,,,,,,,,,,,,,,,,,,,,,,,,,,,,,,,,,,,1,1.556,"Once I start worrying about Alzheimer’s disease and related dementias, I just cannot stop.",0,10,10,8,1,"Once I start worrying about Alzheimer’s disease and related dementias, I just cannot stop.",,,,,,,,,,,,,,,,,,,,,,,,,,,,
,,,,,,,,,,,,,,,,712670,001,2025-04-07_11h03.18.411,SLSI3,2022.2.5,iPad,50,,,,,,,,,,,,,,,,,,,,,,,,,,,,,,,,,,,,,,,,,,,,,,,,,,,,,,,,,,,,,,,,,,,,,,,,,,,,,,,,,,,,,,,,,,,,,,,,,,,,,,,,,,,,,,,,,,,,,,,1,2.785,"When I can’t remember something, I find myself wondering whether I have Alzheimer’s disease or a related dementia.",0,11,11,2,1,"When I can’t remember something, I find myself wondering whether I have Alzheimer’s disease or a related dementia.",,,,,,,,,,,,,,,,,,,,,,,,,,,,
,,,,,,,,,,,,,,,,712670,001,2025-04-07_11h03.18.411,SLSI3,2022.2.5,iPad,50,,,,,,,,,,,,,,,,,,,,,,,,,,,,,,,,,,,,,,,,,,,,,,,,,,,,,,,,,,,,,,,,,,,,,,,,,,,,,,,,,,,,,,,,,,,,,,,,,,,,,,,,,,,,,,,,,,,,,,,,,,,,,,,,space,0.359,,,,,,,,,,,,,,,,,,,,,,,,,,
,,,,,,,,,,,,,,,,712670,001,2025-04-07_11h03.18.411,SLSI3,2022.2.5,iPad,50,,,,,,,,,,,,,,,,,,,,,,,,,,,,,,,,,,,,,,,,,,,,,,,,,,,,,,,,,,,,,,,,,,,,,,,,,,,,,,,,,,,,,,,,,,,,,,,,,,,,,,,,,,,,,,,,,,,,,,,,,,,,,,,,,,4,2.727,"I answer the phone whenever it rings, even if I do not know who is calling",0,0,0,0,1,"I answer the phone whenever it rings, even if I do not know who is calling",,,,,,,,,,,,,,,,,
,,,,,,,,,,,,,,,,712670,001,2025-04-07_11h03.18.411,SLSI3,2022.2.5,iPad,50,,,,,,,,,,,,,,,,,,,,,,,,,,,,,,,,,,,,,,,,,,,,,,,,,,,,,,,,,,,,,,,,,,,,,,,,,,,,,,,,,,,,,,,,,,,,,,,,,,,,,,,,,,,,,,,,,,,,,,,,,,,,,,,,,,1,12.096,"If something sounds too good to be true, it usually is",0,1,1,2,1,"If something sounds too good to be true, it usually is",,,,,,,,,,,,,,,,,
,,,,,,,,,,,,,,,,712670,001,2025-04-07_11h03.18.411,SLSI3,2022.2.5,iPad,50,,,,,,,,,,,,,,,,,,,,,,,,,,,,,,,,,,,,,,,,,,,,,,,,,,,,,,,,,,,,,,,,,,,,,,,,,,,,,,,,,,,,,,,,,,,,,,,,,,,,,,,,,,,,,,,,,,,,,,,,,,,,,,,,,,3,2.608,"I have difficulty ending a phone call, even if the caller is a telemarketer, someone I do not know, or someone I do not wish to call me",0,2,2,1,1,"I have difficulty ending a phone call, even if the caller is a telemarketer, someone I do not know, or someone I do not wish to call me",,,,,,,,,,,,,,,,,
,,,,,,,,,,,,,,,,712670,001,2025-04-07_11h03.18.411,SLSI3,2022.2.5,iPad,50,,,,,,,,,,,,,,,,,,,,,,,,,,,,,,,,,,,,,,,,,,,,,,,,,,,,,,,,,,,,,,,,,,,,,,,,,,,,,,,,,,,,,,,,,,,,,,,,,,,,,,,,,,,,,,,,,,,,,,,,,,,,,,,,,,3,2.043,Persons over the age of 65 are often targeted by con-artists,0,3,3,3,1,Persons over the age of 65 are often targeted by con-artists,,,,,,,,,,,,,,,,,
,,,,,,,,,,,,,,,,712670,001,2025-04-07_11h03.18.411,SLSI3,2022.2.5,iPad,50,,,,,,,,,,,,,,,,,,,,,,,,,,,,,,,,,,,,,,,,,,,,,,,,,,,,,,,,,,,,,,,,,,,,,,,,,,,,,,,,,,,,,,,,,,,,,,,,,,,,,,,,,,,,,,,,,,,,,,,,,,,,,,,,,,1,2.589,"If a telemarketer calls me, I usually listen to what they have to say",0,4,4,4,1,"If a telemarketer calls me, I usually listen to what they have to say",,,,,,,,,,,,,,,,,
,,,,,,,,,,,,,,,,712670,001,2025-04-07_11h03.18.411,SLSI3,2022.2.5,iPad,50,,,,,,,,,,,,,,,,,,,,,,,,,,,,,,,,,,,,,,,,,,,,,,,,,,,,,,,,,,,,,,,,,,,,,,,,,,,,,,,,,,,,,,,,,,,,,,,,,,,,,,,,,,,,,,,,,,,,,,,,,,,,,,,,,,,,,,,,,,,2.972818312,2.619,,,,,,,,,,,,,,,
,,,,,,,,,,,,,,,,712670,001,2025-04-07_11h03.18.411,SLSI3,2022.2.5,iPad,50,,,,,,,,,,,,,,,,,,,,,,,,,,,,,,,,,,,,,,,,,,,,,,,,,,,,,,,,,,,,,,,,,,,,,,,,,,,,,,,,,,,,,,,,,,,,,,,,,,,,,,,,,,,,,,,,,,,,,,,,,,,,,,,,,,,,,,,,,,,,,,,,,,,,,,,,,,,
,,,,,,,,,,,,,,,,712670,001,2025-04-07_11h03.18.411,SLSI3,2022.2.5,iPad,50,,,,,,,,,,,,,,,,,,,,,,,,,,,,,,,,,,,,,,,,,,,,,,,,,,,,,,,,,,,,,,,,,,,,,,,,,,,,,,,,,,,,,,,,,,,,,,,,,,,,,,,,,,,,,,,,,,,,,,,,,,,,,,,,,,,,,,,,,,,,,"[""female_option""]",,,,,,,,,,,,,,
,,,,,,,,,,,,,,,,712670,001,2025-04-07_11h03.18.411,SLSI3,2022.2.5,iPad,50,,,,,,,,,,,,,,,,,,,,,,,,,,,,,,,,,,,,,,,,,,,,,,,,,,,,,,,,,,,,,,,,,,,,,,,,,,,,,,,,,,,,,,,,,,,,,,,,,,,,,,,,,,,,,,,,,,,,,,,,,,,,,,,,,,,,,,,,,,,,,,,,,,,,,,,,,,,
,,,,,,,,,,,,,,,,712670,001,2025-04-07_11h03.18.411,SLSI3,2022.2.5,iPad,50,,,,,,,,,,,,,,,,,,,,,,,,,,,,,,,,,,,,,,,,,,,,,,,,,,,,,,,,,,,,,,,,,,,,,,,,,,,,,,,,,,,,,,,,,,,,,,,,,,,,,,,,,,,,,,,,,,,,,,,,,,,,,,,,,,,,,,,,,,,,,,18,09/27/2006,,,,,,,,,,,,
,,,,,,,,,,,,,,,,712670,001,2025-04-07_11h03.18.411,SLSI3,2022.2.5,iPad,50,,,,,,,,,,,,,,,,,,,,,,,,,,,,,,,,,,,,,,,,,,,,,,,,,,,,,,,,,,,,,,,,,,,,,,,,,,,,,,,,,,,,,,,,,,,,,,,,,,,,,,,,,,,,,,,,,,,,,,,,,,,,,,,,,,,,,,,,,,,,,,,,,,,,,,,,,,,
,,,,,,,,,,,,,,,,712670,001,2025-04-07_11h03.18.411,SLSI3,2022.2.5,iPad,50,,,,,,,,,,,,,,,,,,,,,,,,,,,,,,,,,,,,,,,,,,,,,,,,,,,,,,,,,,,,,,,,,,,,,,,,,,,,,,,,,,,,,,,,,,,,,,,,,,,,,,,,,,,,,,,,,,,,,,,,,,,,,,,,,,,,,,,,,,,,,,,,"[""EduOpt2""]",,,,,,,,,,,
,,,,,,,,,,,,,,,,712670,001,2025-04-07_11h03.18.411,SLSI3,2022.2.5,iPad,50,,,,,,,,,,,,,,,,,,,,,,,,,,,,,,,,,,,,,,,,,,,,,,,,,,,,,,,,,,,,,,,,,,,,,,,,,,,,,,,,,,,,,,,,,,,,,,,,,,,,,,,,,,,,,,,,,,,,,,,,,,,,,,,,,,,,,,,,,,,,,,,,,,,,,,,,,,,
,,,,,,,,,,,,,,,,712670,001,2025-04-07_11h03.18.411,SLSI3,2022.2.5,iPad,50,,,,,,,,,,,,,,,,,,,,,,,,,,,,,,,,,,,,,,,,,,,,,,,,,,,,,,,,,,,,,,,,,,,,,,,,,,,,,,,,,,,,,,,,,,,,,,,,,,,,,,,,,,,,,,,,,,,,,,,,,,,,,,,,,,,,,,,,,,,,,,,,,"[""EthnOpt2""]",,,,,,,,,,
,,,,,,,,,,,,,,,,712670,001,2025-04-07_11h03.18.411,SLSI3,2022.2.5,iPad,50,,,,,,,,,,,,,,,,,,,,,,,,,,,,,,,,,,,,,,,,,,,,,,,,,,,,,,,,,,,,,,,,,,,,,,,,,,,,,,,,,,,,,,,,,,,,,,,,,,,,,,,,,,,,,,,,,,,,,,,,,,,,,,,,,,,,,,,,,,,,,,,,,,,,,,,,,,,
,,,,,,,,,,,,,,,,712670,001,2025-04-07_11h03.18.411,SLSI3,2022.2.5,iPad,50,,,,,,,,,,,,,,,,,,,,,,,,,,,,,,,,,,,,,,,,,,,,,,,,,,,,,,,,,,,,,,,,,,,,,,,,,,,,,,,,,,,,,,,,,,,,,,,,,,,,,,,,,,,,,,,,,,,,,,,,,,,,,,,,,,,,,,,,,,,,,,,,,,"[""EngFlncyY""]",,,,,,,,,
,,,,,,,,,,,,,,,,712670,001,2025-04-07_11h03.18.411,SLSI3,2022.2.5,iPad,50,,,,,,,,,,,,,,,,,,,,,,,,,,,,,,,,,,,,,,,,,,,,,,,,,,,,,,,,,,,,,,,,,,,,,,,,,,,,,,,,,,,,,,,,,,,,,,,,,,,,,,,,,,,,,,,,,,,,,,,,,,,,,,,,,,,,,,,,,,,,,,,,,,,,,,,,,,,
,,,,,,,,,,,,,,,,712670,001,2025-04-07_11h03.18.411,SLSI3,2022.2.5,iPad,50,,,,,,,,,,,,,,,,,,,,,,,,,,,,,,,,,,,,,,,,,,,,,,,,,,,,,,,,,,,,,,,,,,,,,,,,,,,,,,,,,,,,,,,,,,,,,,,,,,,,,,,,,,,,,,,,,,,,,,,,,,,,,,,,,,,,,,,,,,,,,,,,,,,3,US,,,,,,,
,,,,,,,,,,,,,,,,712670,001,2025-04-07_11h03.18.411,SLSI3,2022.2.5,iPad,50,,,,,,,,,,,,,,,,,,,,,,,,,,,,,,,,,,,,,,,,,,,,,,,,,,,,,,,,,,,,,,,,,,,,,,,,,,,,,,,,,,,,,,,,,,,,,,,,,,,,,,,,,,,,,,,,,,,,,,,,,,,,,,,,,,,,,,,,,,,,,,,,,,,,,,,,,,,
,,,,,,,,,,,,,,,,712670,001,2025-04-07_11h03.18.411,SLSI3,2022.2.5,iPad,50,,,,,,,,,,,,,,,,,,,,,,,,,,,,,,,,,,,,,,,,,,,,,,,,,,,,,,,,,,,,,,,,,,,,,,,,,,,,,,,,,,,,,,,,,,,,,,,,,,,,,,,,,,,,,,,,,,,,,,,,,,,,,,,,,,,,,,,,,,,,,,,,,,,,,D,,,,,,
,,,,,,,,,,,,,,,,712670,001,2025-04-07_11h03.18.411,SLSI3,2022.2.5,iPad,50,,,,,,,,,,,,,,,,,,,,,,,,,,,,,,,,,,,,,,,,,,,,,,,,,,,,,,,,,,,,,,,,,,,,,,,,,,,,,,,,,,,,,,,,,,,,,,,,,,,,,,,,,,,,,,,,,,,,,,,,,,,,,,,,,,,,,,,,,,,,,,,,,,,,,,,,,,,
,,,,,,,,,,,,,,,,712670,001,2025-04-07_11h03.18.411,SLSI3,2022.2.5,iPad,50,,,,,,,,,,,,,,,,,,,,,,,,,,,,,,,,,,,,,,,,,,,,,,,,,,,,,,,,,,,,,,,,,,,,,,,,,,,,,,,,,,,,,,,,,,,,,,,,,,,,,,,,,,,,,,,,,,,,,,,,,,,,,,,,,,,,,,,,,,,,,,,,,,,,,,NO,,,,,
,,,,,,,,,,,,,,,,712670,001,2025-04-07_11h03.18.411,SLSI3,2022.2.5,iPad,50,,,,,,,,,,,,,,,,,,,,,,,,,,,,,,,,,,,,,,,,,,,,,,,,,,,,,,,,,,,,,,,,,,,,,,,,,,,,,,,,,,,,,,,,,,,,,,,,,,,,,,,,,,,,,,,,,,,,,,,,,,,,,,,,,,,,,,,,,,,,,,,,,,,,,,,,,,,
,,,,,,,,,,,,,,,,712670,001,2025-04-07_11h03.18.411,SLSI3,2022.2.5,iPad,50,,,,,,,,,,,,,,,,,,,,,,,,,,,,,,,,,,,,,,,,,,,,,,,,,,,,,,,,,,,,,,,,,,,,,,,,,,,,,,,,,,,,,,,,,,,,,,,,,,,,,,,,,,,,,,,,,,,,,,,,,,,,,,,,,,,,,,,,,,,,,,,,,,,,,,,NO,,,,
,,,,,,,,,,,,,,,,712670,001,2025-04-07_11h03.18.411,SLSI3,2022.2.5,iPad,50,,,,,,,,,,,,,,,,,,,,,,,,,,,,,,,,,,,,,,,,,,,,,,,,,,,,,,,,,,,,,,,,,,,,,,,,,,,,,,,,,,,,,,,,,,,,,,,,,,,,,,,,,,,,,,,,,,,,,,,,,,,,,,,,,,,,,,,,,,,,,,,,,,,,,,,,,,,
,,,,,,,,,,,,,,,,712670,001,2025-04-07_11h03.18.411,SLSI3,2022.2.5,iPad,50,,,,,,,,,,,,,,,,,,,,,,,,,,,,,,,,,,,,,,,,,,,,,,,,,,,,,,,,,,,,,,,,,,,,,,,,,,,,,,,,,,,,,,,,,,,,,,,,,,,,,,,,,,,,,,,,,,,,,,,,,,,,,,,,,,,,,,,,,,,,,,,,,,,,,,,,"[""Q4option1""]",,,
,,,,,,,,,,,,,,,,712670,001,2025-04-07_11h03.18.411,SLSI3,2022.2.5,iPad,50,,,,,,,,,,,,,,,,,,,,,,,,,,,,,,,,,,,,,,,,,,,,,,,,,,,,,,,,,,,,,,,,,,,,,,,,,,,,,,,,,,,,,,,,,,,,,,,,,,,,,,,,,,,,,,,,,,,,,,,,,,,,,,,,,,,,,,,,,,,,,,,,,,,,,,,,,,,
,,,,,,,,,,,,,,,,712670,001,2025-04-07_11h03.18.411,SLSI3,2022.2.5,iPad,50,,,,,,,,,,,,,,,,,,,,,,,,,,,,,,,,,,,,,,,,,,,,,,,,,,,,,,,,,,,,,,,,,,,,,,,,,,,,,,,,,,,,,,,,,,,,,,,,,,,,,,,,,,,,,,,,,,,,,,,,,,,,,,,,,,,,,,,,,,,,,,,,,,,,,,,,,1,[3368.3540000000003],[3368.3540000000003]
