bruinID.text,button.numClicks,button.timesOn,button.timesOff,mouseLogIn.x,mouseLogIn.y,mouseLogIn.leftButton,mouseLogIn.midButton,mouseLogIn.rightButton,mouseLogIn.time,mouseLogIn.clicked_name,repeat.thisRepN,repeat.thisTrialN,repeat.thisN,repeat.thisIndex,repeat.ran,participant,session,date,expName,psychopyVersion,OS,frameRate,key_resp_6.keys,key_resp_6.rt,key_resp_5.keys,key_resp_5.rt,subjage_slider.response,subjage_slider.rt,confidence_scale.response,confidence_scale.rt,key_resp_7.keys,key_resp_7.rt,button_2.numClicks,button_2.timesOn,button_2.timesOff,email_type,scam_button.numClicks,scam_button.timesOn,scam_button.timesOff,legit_button.numClicks,legit_button.timesOn,legit_button.timesOff,button_selections_1,confidence_scale_email.response,confidence_scale_email.rt,personal_rel_scale.response,personal_rel_scale.rt,curiosity_scale.response,curiosity_scale.rt,email_loop.thisRepN,email_loop.thisTrialN,email_loop.thisN,email_loop.thisIndex,email_loop.ran,emails,type,xsize,ysize,xpos,ypos,key_resp_11.keys,key_resp_11.rt,key_resp_9.keys,key_resp_9.rt,key_resp_10.keys,key_resp_10.rt,textbox.text,next_button.numClicks,next_button.timesOn,next_button.timesOff,key_resp_8.keys,key_resp_8.rt,mouse.x,mouse.y,mouse.leftButton,mouse.midButton,mouse.rightButton,mouse.time,key_resp_12.keys,key_resp_12.rt,button_3.numClicks,button_3.timesOn,button_3.timesOff,mouse_2.x,mouse_2.y,mouse_2.leftButton,mouse_2.midButton,mouse_2.rightButton,mouse_2.time,button_4.numClicks,button_4.timesOn,button_4.timesOff,mouse_3.x,mouse_3.y,mouse_3.leftButton,mouse_3.midButton,mouse_3.rightButton,mouse_3.time,button_5.numClicks,button_5.timesOn,button_5.timesOff,email_loops2.thisRepN,email_loops2.thisTrialN,email_loops2.thisN,email_loops2.thisIndex,email_loops2.ran,key_resp_3.keys,key_resp_3.rt,slider1_2.response,slider1_2.rt,trust_question,loop_GT.thisRepN,loop_GT.thisTrialN,loop_GT.thisN,loop_GT.thisIndex,loop_GT.ran,Phrases,instructionresp_2.keys,instructionresp_2.rt,key_resp_13.keys,key_resp_13.rt,gen_question,loop_G.thisRepN,loop_G.thisTrialN,loop_G.thisN,loop_G.thisIndex,loop_G.ran,Questions,instructionresp.keys,instructionresp.rt,key_resp_2.keys,key_resp_2.rt,lonely_question,loop_LS.thisRepN,loop_LS.thisTrialN,loop_LS.thisN,loop_LS.thisIndex,loop_LS.ran,key_resp_4.keys,key_resp_4.rt,rating.response,rating.rt,dementia_question,loop_dm.thisRepN,loop_dm.thisTrialN,loop_dm.thisN,loop_dm.thisIndex,loop_dm.ran,Items,key_resp.keys,key_resp.rt,slider1.response,slider1.rt,ss_question,loop_SS.thisRepN,loop_SS.thisTrialN,loop_SS.thisN,loop_SS.thisIndex,loop_SS.ran,Statements,slider.response,slider.rt,Gender,textboxAge.text,textboxBirthday.text,Education Level,Ethnicity,English Fluency,textboxAge_2.text,textboxCountry.text,FQ1textbox.text,textboxQuestion2.text,textboxQuestion3.text,FQ4 selection,Finish.numClicks,Finish.timesOn,Finish.timesOff
406208638,1,[16.753],[16.753],-0.019565217,-0.07826087,1,0,0,4.924,button,0,0,0,0,1,898832,001,2025-04-01_10h25.02.569,SLSI3,2022.2.5,MacIntel,58.82352941,,,,,,,,,,,,,,,,,,,,,,,,,,,,,,,,,,,,,,,,,,,,,,,,,,,,,,,,,,,,,,,,,,,,,,,,,,,,,,,,,,,,,,,,,,,,,,,,,,,,,,,,,,,,,,,,,,,,,,,,,,,,,,,,,,,,,,,,,,,,,,,,,,,,,,,,,,,
,,,,,,,,,,,,,,,,898832,001,2025-04-01_10h25.02.569,SLSI3,2022.2.5,MacIntel,58.82352941,space,3.586,,,,,,,,,,,,,,,,,,,,,,,,,,,,,,,,,,,,,,,,,,,,,,,,,,,,,,,,,,,,,,,,,,,,,,,,,,,,,,,,,,,,,,,,,,,,,,,,,,,,,,,,,,,,,,,,,,,,,,,,,,,,,,,,,,,,,,,,,,,,,,,,,,,,,,,,,
,,,,,,,,,,,,,,,,898832,001,2025-04-01_10h25.02.569,SLSI3,2022.2.5,MacIntel,58.82352941,,,space,18.242,,,,,,,,,,,,,,,,,,,,,,,,,,,,,,,,,,,,,,,,,,,,,,,,,,,,,,,,,,,,,,,,,,,,,,,,,,,,,,,,,,,,,,,,,,,,,,,,,,,,,,,,,,,,,,,,,,,,,,,,,,,,,,,,,,,,,,,,,,,,,,,,,,,,,,,
,,,,,,,,,,,,,,,,898832,001,2025-04-01_10h25.02.569,SLSI3,2022.2.5,MacIntel,58.82352941,,,,,75.29411765,10.618,,,,,,,,,,,,,,,,,,,,,,,,,,,,,,,,,,,,,,,,,,,,,,,,,,,,,,,,,,,,,,,,,,,,,,,,,,,,,,,,,,,,,,,,,,,,,,,,,,,,,,,,,,,,,,,,,,,,,,,,,,,,,,,,,,,,,,,,,,,,,,,,,,,,,
,,,,,,,,,,,,,,,,898832,001,2025-04-01_10h25.02.569,SLSI3,2022.2.5,MacIntel,58.82352941,,,,,,,8.026960784,7.518,,,,,,,,,,,,,,,,,,,,,,,,,,,,,,,,,,,,,,,,,,,,,,,,,,,,,,,,,,,,,,,,,,,,,,,,,,,,,,,,,,,,,,,,,,,,,,,,,,,,,,,,,,,,,,,,,,,,,,,,,,,,,,,,,,,,,,,,,,,,,,,,,,,
,,,,,,,,,,,,,,,,898832,001,2025-04-01_10h25.02.569,SLSI3,2022.2.5,MacIntel,58.82352941,,,,,,,,,space,1.971,,,,,,,,,,,,,,,,,,,,,,,,,,,,,,,,,,,,,,,,,,,,,,,,,,,,,,,,,,,,,,,,,,,,,,,,,,,,,,,,,,,,,,,,,,,,,,,,,,,,,,,,,,,,,,,,,,,,,,,,,,,,,,,,,,,,,,,,,,,,,,,,,
,,,,,,,,,,,,,,,,898832,001,2025-04-01_10h25.02.569,SLSI3,2022.2.5,MacIntel,58.82352941,,,,,,,,,,,1,[76.282],[76.282],,0,[],[],1,[77.514],[77.514],"[""legit_button""]",6.102941176,2.551,1.985294118,3.57,7.034313725,3.62,0,0,0,13,1,resources/images/legit15.jpg,legit,0.95,0.65,0,0,,,,,,,,,,,,,,,,,,,,,,,,,,,,,,,,,,,,,,,,,,,,,,,,,,,,,,,,,,,,,,,,,,,,,,,,,,,,,,,,,,,,,,,,,,,,,,,,,,,,,,,,,,,,,,,,,,,,,
,,,,,,,,,,,,,,,,898832,001,2025-04-01_10h25.02.569,SLSI3,2022.2.5,MacIntel,58.82352941,,,,,,,,,,,2,"[76.282,102.931]","[76.282,102.931]",,0,[],[],2,"[77.514,104.67999999999999]","[77.514,104.67999999999999]","[""legit_button""]",7.928921569,1.104,5.894607843,2.154,3.24754902,3.204,0,1,1,2,1,resources/images/legit11.jpg,legit,0.65,0.65,0,0,,,,,,,,,,,,,,,,,,,,,,,,,,,,,,,,,,,,,,,,,,,,,,,,,,,,,,,,,,,,,,,,,,,,,,,,,,,,,,,,,,,,,,,,,,,,,,,,,,,,,,,,,,,,,,,,,,,,,
,,,,,,,,,,,,,,,,898832,001,2025-04-01_10h25.02.569,SLSI3,2022.2.5,MacIntel,58.82352941,,,,,,,,,,,3,"[76.282,102.931,133.68099999999998]","[76.282,102.931,133.68099999999998]",,1,[134.76299999999998],[134.76299999999998],2,"[77.514,104.67999999999999]","[77.514,104.67999999999999]","[""scam_button""]",2.230392157,1.919,2.083333333,2.005,1.899509804,2.253,0,2,2,15,1,resources/images/legit16.jpg,legit,0.65,0.65,0,0,,,,,,,,,,,,,,,,,,,,,,,,,,,,,,,,,,,,,,,,,,,,,,,,,,,,,,,,,,,,,,,,,,,,,,,,,,,,,,,,,,,,,,,,,,,,,,,,,,,,,,,,,,,,,,,,,,,,,
,,,,,,,,,,,,,,,,898832,001,2025-04-01_10h25.02.569,SLSI3,2022.2.5,MacIntel,58.82352941,,,,,,,,,,,4,"[76.282,102.931,133.68099999999998,150.16400000000004]","[76.282,102.931,133.68099999999998,150.16400000000004]",,1,[134.76299999999998],[134.76299999999998],3,"[77.514,104.67999999999999,151.09699999999998]","[77.514,104.67999999999999,151.09699999999998]","[""legit_button""]",9.901960784,1.836,7.916666667,3.871,7.916666667,2.204,0,3,3,22,1,resources/images/scam_24.png,scam,1,0.8,0,0,,,,,,,,,,,,,,,,,,,,,,,,,,,,,,,,,,,,,,,,,,,,,,,,,,,,,,,,,,,,,,,,,,,,,,,,,,,,,,,,,,,,,,,,,,,,,,,,,,,,,,,,,,,,,,,,,,,,,
,,,,,,,,,,,,,,,,898832,001,2025-04-01_10h25.02.569,SLSI3,2022.2.5,MacIntel,58.82352941,,,,,,,,,,,5,"[76.282,102.931,133.68099999999998,150.16400000000004,169.748]","[76.282,102.931,133.68099999999998,150.16400000000004,169.748]",,2,"[134.76299999999998,170.462]","[134.76299999999998,170.462]",3,"[77.514,104.67999999999999,151.09699999999998]","[77.514,104.67999999999999,151.09699999999998]","[""scam_button""]",9.264705882,2.886,1.066176471,1.989,0.980392157,3.937,0,4,4,11,1,resources/images/scam16.png,scam,0.65,0.65,0,0,,,,,,,,,,,,,,,,,,,,,,,,,,,,,,,,,,,,,,,,,,,,,,,,,,,,,,,,,,,,,,,,,,,,,,,,,,,,,,,,,,,,,,,,,,,,,,,,,,,,,,,,,,,,,,,,,,,,,
,,,,,,,,,,,,,,,,898832,001,2025-04-01_10h25.02.569,SLSI3,2022.2.5,MacIntel,58.82352941,,,,,,,,,,,6,"[76.282,102.931,133.68099999999998,150.16400000000004,169.748,188.248]","[76.282,102.931,133.68099999999998,150.16400000000004,169.748,188.248]",,3,"[134.76299999999998,170.462,189.247]","[134.76299999999998,170.462,189.247]",3,"[77.514,104.67999999999999,151.09699999999998]","[77.514,104.67999999999999,151.09699999999998]","[""scam_button""]",8.958333333,1.37,1.078431373,1.688,1.017156863,1.622,0,5,5,20,1,resources/images/scam_30.png,scam,1.45,0.6,0,0,,,,,,,,,,,,,,,,,,,,,,,,,,,,,,,,,,,,,,,,,,,,,,,,,,,,,,,,,,,,,,,,,,,,,,,,,,,,,,,,,,,,,,,,,,,,,,,,,,,,,,,,,,,,,,,,,,,,,
,,,,,,,,,,,,,,,,898832,001,2025-04-01_10h25.02.569,SLSI3,2022.2.5,MacIntel,58.82352941,,,,,,,,,,,7,"[76.282,102.931,133.68099999999998,150.16400000000004,169.748,188.248,215.88]","[76.282,102.931,133.68099999999998,150.16400000000004,169.748,188.248,215.88100000000003]",,4,"[134.76299999999998,170.462,189.247,216.57999999999998]","[134.76299999999998,170.462,189.247,216.57999999999998]",3,"[77.514,104.67999999999999,151.09699999999998]","[77.514,104.67999999999999,151.09699999999998]","[""scam_button""]",8.835784314,1.369,0,3.338,4.963235294,2.071,0,6,6,12,1,resources/images/scam17.png,scam,0.8,0.65,0,0,,,,,,,,,,,,,,,,,,,,,,,,,,,,,,,,,,,,,,,,,,,,,,,,,,,,,,,,,,,,,,,,,,,,,,,,,,,,,,,,,,,,,,,,,,,,,,,,,,,,,,,,,,,,,,,,,,,,,
,,,,,,,,,,,,,,,,898832,001,2025-04-01_10h25.02.569,SLSI3,2022.2.5,MacIntel,58.82352941,,,,,,,,,,,8,"[76.282,102.931,133.68099999999998,150.16400000000004,169.748,188.248,215.88,226.06400000000002]","[76.282,102.931,133.68099999999998,150.16400000000004,169.748,188.248,215.88100000000003,226.06400000000002]",,4,"[134.76299999999998,170.462,189.247,216.57999999999998]","[134.76299999999998,170.462,189.247,216.57999999999998]",4,"[77.514,104.67999999999999,151.09699999999998,226.71299999999997]","[77.514,104.67999999999999,151.09699999999998,226.71299999999997]","[""legit_button""]",9.068627451,1.17,8.995098039,0.754,8.909313725,1.287,0,7,7,8,1,resources/images/legit_23.png,legit,1,0.65,0,0,,,,,,,,,,,,,,,,,,,,,,,,,,,,,,,,,,,,,,,,,,,,,,,,,,,,,,,,,,,,,,,,,,,,,,,,,,,,,,,,,,,,,,,,,,,,,,,,,,,,,,,,,,,,,,,,,,,,,
,,,,,,,,,,,,,,,,898832,001,2025-04-01_10h25.02.569,SLSI3,2022.2.5,MacIntel,58.82352941,,,,,,,,,,,9,"[76.282,102.931,133.68099999999998,150.16400000000004,169.748,188.248,215.88,226.06400000000002,240.214]","[76.282,102.931,133.68099999999998,150.16400000000004,169.748,188.248,215.88100000000003,226.06400000000002,240.214]",,4,"[134.76299999999998,170.462,189.247,216.57999999999998]","[134.76299999999998,170.462,189.247,216.57999999999998]",5,"[77.514,104.67999999999999,151.09699999999998,226.71299999999997,240.84599999999995]","[77.514,104.67999999999999,151.09699999999998,226.71299999999997,240.84599999999995]","[""legit_button""]",6.090686275,1.686,2.818627451,1.836,1.75245098,2.021,0,8,8,7,1,resources/images/legit_21.png,legit,0.8,0.8,0,0,,,,,,,,,,,,,,,,,,,,,,,,,,,,,,,,,,,,,,,,,,,,,,,,,,,,,,,,,,,,,,,,,,,,,,,,,,,,,,,,,,,,,,,,,,,,,,,,,,,,,,,,,,,,,,,,,,,,,
,,,,,,,,,,,,,,,,898832,001,2025-04-01_10h25.02.569,SLSI3,2022.2.5,MacIntel,58.82352941,,,,,,,,,,,10,"[76.282,102.931,133.68099999999998,150.16400000000004,169.748,188.248,215.88,226.06400000000002,240.214,258.097]","[76.282,102.931,133.68099999999998,150.16400000000004,169.748,188.248,215.88100000000003,226.06400000000002,240.214,258.097]",,4,"[134.76299999999998,170.462,189.247,216.57999999999998]","[134.76299999999998,170.462,189.247,216.57999999999998]",6,"[77.514,104.67999999999999,151.09699999999998,226.71299999999997,240.84599999999995,259.046]","[77.514,104.67999999999999,151.09699999999998,226.71299999999997,240.84599999999995,259.046]","[""legit_button""]",8.921568627,1.37,8.921568627,0.838,6.960784314,1.97,0,9,9,4,1,resources/images/legit_19.png,legit,0.65,0.65,0,0,,,,,,,,,,,,,,,,,,,,,,,,,,,,,,,,,,,,,,,,,,,,,,,,,,,,,,,,,,,,,,,,,,,,,,,,,,,,,,,,,,,,,,,,,,,,,,,,,,,,,,,,,,,,,,,,,,,,,
,,,,,,,,,,,,,,,,898832,001,2025-04-01_10h25.02.569,SLSI3,2022.2.5,MacIntel,58.82352941,,,,,,,,,,,11,"[76.282,102.931,133.68099999999998,150.16400000000004,169.748,188.248,215.88,226.06400000000002,240.214,258.097,284.08]","[76.282,102.931,133.68099999999998,150.16400000000004,169.748,188.248,215.88100000000003,226.06400000000002,240.214,258.097,284.08]",,4,"[134.76299999999998,170.462,189.247,216.57999999999998]","[134.76299999999998,170.462,189.247,216.57999999999998]",7,"[77.514,104.67999999999999,151.09699999999998,226.71299999999997,240.84599999999995,259.046,285.02899999999994]","[77.514,104.67999999999999,151.09699999999998,226.71299999999997,240.84599999999995,259.046,285.02899999999994]","[""legit_button""]",7.818627451,1.604,4.019607843,1.171,7.046568627,0.704,0,10,10,23,1,resources/images/scam_22.png,scam,1,0.65,0,0,,,,,,,,,,,,,,,,,,,,,,,,,,,,,,,,,,,,,,,,,,,,,,,,,,,,,,,,,,,,,,,,,,,,,,,,,,,,,,,,,,,,,,,,,,,,,,,,,,,,,,,,,,,,,,,,,,,,,
,,,,,,,,,,,,,,,,898832,001,2025-04-01_10h25.02.569,SLSI3,2022.2.5,MacIntel,58.82352941,,,,,,,,,,,12,"[76.282,102.931,133.68099999999998,150.16400000000004,169.748,188.248,215.88,226.06400000000002,240.214,258.097,284.08,304.598]","[76.282,102.931,133.68099999999998,150.16400000000004,169.748,188.248,215.88100000000003,226.06400000000002,240.214,258.097,284.08,304.599]",,5,"[134.76299999999998,170.462,189.247,216.57999999999998,305.929]","[134.76299999999998,170.462,189.247,216.57999999999998,305.929]",7,"[77.514,104.67999999999999,151.09699999999998,226.71299999999997,240.84599999999995,259.046,285.02899999999994]","[77.514,104.67999999999999,151.09699999999998,226.71299999999997,240.84599999999995,259.046,285.02899999999994]","[""scam_button""]",7.965686275,1.468,1.985294118,1.472,5.073529412,1.305,0,11,11,6,1,resources/images/legit13.jpg,legit,0.65,0.65,0,0,,,,,,,,,,,,,,,,,,,,,,,,,,,,,,,,,,,,,,,,,,,,,,,,,,,,,,,,,,,,,,,,,,,,,,,,,,,,,,,,,,,,,,,,,,,,,,,,,,,,,,,,,,,,,,,,,,,,,
,,,,,,,,,,,,,,,,898832,001,2025-04-01_10h25.02.569,SLSI3,2022.2.5,MacIntel,58.82352941,,,,,,,,,,,13,"[76.282,102.931,133.68099999999998,150.16400000000004,169.748,188.248,215.88,226.06400000000002,240.214,258.097,284.08,304.598,343.963]","[76.282,102.931,133.68099999999998,150.16400000000004,169.748,188.248,215.88100000000003,226.06400000000002,240.214,258.097,284.08,304.599,343.963]",,6,"[134.76299999999998,170.462,189.247,216.57999999999998,305.929,344.77899999999994]","[134.76299999999998,170.462,189.247,216.57999999999998,305.929,344.77899999999994]",7,"[77.514,104.67999999999999,151.09699999999998,226.71299999999997,240.84599999999995,259.046,285.02899999999994]","[77.514,104.67999999999999,151.09699999999998,226.71299999999997,240.84599999999995,259.046,285.02899999999994]","[""scam_button""]",3.051470588,1.087,2.132352941,1.771,2.181372549,1.504,0,12,12,14,1,resources/images/scam18.png,scam,1,0.65,0,0,,,,,,,,,,,,,,,,,,,,,,,,,,,,,,,,,,,,,,,,,,,,,,,,,,,,,,,,,,,,,,,,,,,,,,,,,,,,,,,,,,,,,,,,,,,,,,,,,,,,,,,,,,,,,,,,,,,,,
,,,,,,,,,,,,,,,,898832,001,2025-04-01_10h25.02.569,SLSI3,2022.2.5,MacIntel,58.82352941,,,,,,,,,,,14,"[76.282,102.931,133.68099999999998,150.16400000000004,169.748,188.248,215.88,226.06400000000002,240.214,258.097,284.08,304.598,343.963,357.012]","[76.282,102.931,133.68099999999998,150.16400000000004,169.748,188.248,215.88100000000003,226.06400000000002,240.214,258.097,284.08,304.599,343.963,357.012]",,6,"[134.76299999999998,170.462,189.247,216.57999999999998,305.929,344.77899999999994]","[134.76299999999998,170.462,189.247,216.57999999999998,305.929,344.77899999999994]",8,"[77.514,104.67999999999999,151.09699999999998,226.71299999999997,240.84599999999995,259.046,285.02899999999994,357.79499999999996]","[77.514,104.67999999999999,151.09699999999998,226.71299999999997,240.84599999999995,259.046,285.02899999999994,357.79499999999996]","[""legit_button""]",2.107843137,1.471,2.009803922,0.871,2.009803922,1.054,0,13,13,19,1,resources/images/scam_21.png,scam,1,0.65,0,0,,,,,,,,,,,,,,,,,,,,,,,,,,,,,,,,,,,,,,,,,,,,,,,,,,,,,,,,,,,,,,,,,,,,,,,,,,,,,,,,,,,,,,,,,,,,,,,,,,,,,,,,,,,,,,,,,,,,,
,,,,,,,,,,,,,,,,898832,001,2025-04-01_10h25.02.569,SLSI3,2022.2.5,MacIntel,58.82352941,,,,,,,,,,,15,"[76.282,102.931,133.68099999999998,150.16400000000004,169.748,188.248,215.88,226.06400000000002,240.214,258.097,284.08,304.598,343.963,357.012,367.663]","[76.282,102.931,133.68099999999998,150.16400000000004,169.748,188.248,215.88100000000003,226.06400000000002,240.214,258.097,284.08,304.599,343.963,357.012,367.663]",,7,"[134.76299999999998,170.462,189.247,216.57999999999998,305.929,344.77899999999994,368.712]","[134.76299999999998,170.462,189.247,216.57999999999998,305.929,344.77899999999994,368.712]",8,"[77.514,104.67999999999999,151.09699999999998,226.71299999999997,240.84599999999995,259.046,285.02899999999994,357.79499999999996]","[77.514,104.67999999999999,151.09699999999998,226.71299999999997,240.84599999999995,259.046,285.02899999999994,357.79499999999996]","[""scam_button""]",6.825980392,1.103,3.713235294,1.654,3.419117647,2.52,0,14,14,17,1,resources/images/legitimate_18.png,legit,1,0.65,0,0,,,,,,,,,,,,,,,,,,,,,,,,,,,,,,,,,,,,,,,,,,,,,,,,,,,,,,,,,,,,,,,,,,,,,,,,,,,,,,,,,,,,,,,,,,,,,,,,,,,,,,,,,,,,,,,,,,,,,
,,,,,,,,,,,,,,,,898832,001,2025-04-01_10h25.02.569,SLSI3,2022.2.5,MacIntel,58.82352941,,,,,,,,,,,16,"[76.282,102.931,133.68099999999998,150.16400000000004,169.748,188.248,215.88,226.06400000000002,240.214,258.097,284.08,304.598,343.963,357.012,367.663,390.896]","[76.282,102.931,133.68099999999998,150.16400000000004,169.748,188.248,215.88100000000003,226.06400000000002,240.214,258.097,284.08,304.599,343.963,357.012,367.663,390.896]",,7,"[134.76299999999998,170.462,189.247,216.57999999999998,305.929,344.77899999999994,368.712]","[134.76299999999998,170.462,189.247,216.57999999999998,305.929,344.77899999999994,368.712]",9,"[77.514,104.67999999999999,151.09699999999998,226.71299999999997,240.84599999999995,259.046,285.02899999999994,357.79499999999996,392.495]","[77.514,104.67999999999999,151.09699999999998,226.71299999999997,240.84599999999995,259.046,285.02899999999994,357.79499999999996,392.495]","[""legit_button""]",6.948529412,1.488,1.740196078,4.571,1.875,1.153,0,15,15,3,1,resources/images/legit_20.png,legit,0.9,0.8,0,0,,,,,,,,,,,,,,,,,,,,,,,,,,,,,,,,,,,,,,,,,,,,,,,,,,,,,,,,,,,,,,,,,,,,,,,,,,,,,,,,,,,,,,,,,,,,,,,,,,,,,,,,,,,,,,,,,,,,,
,,,,,,,,,,,,,,,,898832,001,2025-04-01_10h25.02.569,SLSI3,2022.2.5,MacIntel,58.82352941,,,,,,,,,,,17,"[76.282,102.931,133.68099999999998,150.16400000000004,169.748,188.248,215.88,226.06400000000002,240.214,258.097,284.08,304.598,343.963,357.012,367.663,390.896,407.1790000000001]","[76.282,102.931,133.68099999999998,150.16400000000004,169.748,188.248,215.88100000000003,226.06400000000002,240.214,258.097,284.08,304.599,343.963,357.012,367.663,390.896,407.1790000000001]",,8,"[134.76299999999998,170.462,189.247,216.57999999999998,305.929,344.77899999999994,368.712,408.42800000000005]","[134.76299999999998,170.462,189.247,216.57999999999998,305.929,344.77899999999994,368.712,408.429]",9,"[77.514,104.67999999999999,151.09699999999998,226.71299999999997,240.84599999999995,259.046,285.02899999999994,357.79499999999996,392.495]","[77.514,104.67999999999999,151.09699999999998,226.71299999999997,240.84599999999995,259.046,285.02899999999994,357.79499999999996,392.495]","[""scam_button""]",7.977941176,1.988,1.568627451,1.737,1.18872549,3.32,0,16,16,0,1,resources/images/scam8.jpg,scam,0.65,0.65,0,0,,,,,,,,,,,,,,,,,,,,,,,,,,,,,,,,,,,,,,,,,,,,,,,,,,,,,,,,,,,,,,,,,,,,,,,,,,,,,,,,,,,,,,,,,,,,,,,,,,,,,,,,,,,,,,,,,,,,,
,,,,,,,,,,,,,,,,898832,001,2025-04-01_10h25.02.569,SLSI3,2022.2.5,MacIntel,58.82352941,,,,,,,,,,,18,"[76.282,102.931,133.68099999999998,150.16400000000004,169.748,188.248,215.88,226.06400000000002,240.214,258.097,284.08,304.598,343.963,357.012,367.663,390.896,407.1790000000001,417.53]","[76.282,102.931,133.68099999999998,150.16400000000004,169.748,188.248,215.88100000000003,226.06400000000002,240.214,258.097,284.08,304.599,343.963,357.012,367.663,390.896,407.1790000000001,417.53]",,9,"[134.76299999999998,170.462,189.247,216.57999999999998,305.929,344.77899999999994,368.712,408.42800000000005,418.09499999999997]","[134.76299999999998,170.462,189.247,216.57999999999998,305.929,344.77899999999994,368.712,408.429,418.09499999999997]",9,"[77.514,104.67999999999999,151.09699999999998,226.71299999999997,240.84599999999995,259.046,285.02899999999994,357.79499999999996,392.495]","[77.514,104.67999999999999,151.09699999999998,226.71299999999997,240.84599999999995,259.046,285.02899999999994,357.79499999999996,392.495]","[""scam_button""]",8.823529412,2.372,1.75245098,1.053,5,1.754,0,17,17,1,1,resources/images/scam9.jpg,scam,0.65,0.65,0,0,,,,,,,,,,,,,,,,,,,,,,,,,,,,,,,,,,,,,,,,,,,,,,,,,,,,,,,,,,,,,,,,,,,,,,,,,,,,,,,,,,,,,,,,,,,,,,,,,,,,,,,,,,,,,,,,,,,,,
,,,,,,,,,,,,,,,,898832,001,2025-04-01_10h25.02.569,SLSI3,2022.2.5,MacIntel,58.82352941,,,,,,,,,,,19,"[76.282,102.931,133.68099999999998,150.16400000000004,169.748,188.248,215.88,226.06400000000002,240.214,258.097,284.08,304.598,343.963,357.012,367.663,390.896,407.1790000000001,417.53,439.579]","[76.282,102.931,133.68099999999998,150.16400000000004,169.748,188.248,215.88100000000003,226.06400000000002,240.214,258.097,284.08,304.599,343.963,357.012,367.663,390.896,407.1790000000001,417.53,439.579]",,10,"[134.76299999999998,170.462,189.247,216.57999999999998,305.929,344.77899999999994,368.712,408.42800000000005,418.09499999999997,440.72799999999995]","[134.76299999999998,170.462,189.247,216.57999999999998,305.929,344.77899999999994,368.712,408.429,418.09499999999997,440.72799999999995]",9,"[77.514,104.67999999999999,151.09699999999998,226.71299999999997,240.84599999999995,259.046,285.02899999999994,357.79499999999996,392.495]","[77.514,104.67999999999999,151.09699999999998,226.71299999999997,240.84599999999995,259.046,285.02899999999994,357.79499999999996,392.495]","[""scam_button""]",4.632352941,0.72,6.31127451,0.573,2.524509804,0.439,0,18,18,10,1,resources/images/scam15.jpg,scam,0.65,0.65,0,0,,,,,,,,,,,,,,,,,,,,,,,,,,,,,,,,,,,,,,,,,,,,,,,,,,,,,,,,,,,,,,,,,,,,,,,,,,,,,,,,,,,,,,,,,,,,,,,,,,,,,,,,,,,,,,,,,,,,,
,,,,,,,,,,,,,,,,898832,001,2025-04-01_10h25.02.569,SLSI3,2022.2.5,MacIntel,58.82352941,,,,,,,,,,,20,"[76.282,102.931,133.68099999999998,150.16400000000004,169.748,188.248,215.88,226.06400000000002,240.214,258.097,284.08,304.598,343.963,357.012,367.663,390.896,407.1790000000001,417.53,439.579,474.746]","[76.282,102.931,133.68099999999998,150.16400000000004,169.748,188.248,215.88100000000003,226.06400000000002,240.214,258.097,284.08,304.599,343.963,357.012,367.663,390.896,407.1790000000001,417.53,439.579,474.746]",,11,"[134.76299999999998,170.462,189.247,216.57999999999998,305.929,344.77899999999994,368.712,408.42800000000005,418.09499999999997,440.72799999999995,475.57800000000003]","[134.76299999999998,170.462,189.247,216.57999999999998,305.929,344.77899999999994,368.712,408.429,418.09499999999997,440.72799999999995,475.57800000000003]",9,"[77.514,104.67999999999999,151.09699999999998,226.71299999999997,240.84599999999995,259.046,285.02899999999994,357.79499999999996,392.495]","[77.514,104.67999999999999,151.09699999999998,226.71299999999997,240.84599999999995,259.046,285.02899999999994,357.79499999999996,392.495]","[""scam_button""]",8.946078431,1.153,2.340686275,31.387,4.840686275,1.387,0,19,19,18,1,resources/images/scam_20.png,scam,1.45,0.6,0,0,,,,,,,,,,,,,,,,,,,,,,,,,,,,,,,,,,,,,,,,,,,,,,,,,,,,,,,,,,,,,,,,,,,,,,,,,,,,,,,,,,,,,,,,,,,,,,,,,,,,,,,,,,,,,,,,,,,,,
,,,,,,,,,,,,,,,,898832,001,2025-04-01_10h25.02.569,SLSI3,2022.2.5,MacIntel,58.82352941,,,,,,,,,,,21,"[76.282,102.931,133.68099999999998,150.16400000000004,169.748,188.248,215.88,226.06400000000002,240.214,258.097,284.08,304.598,343.963,357.012,367.663,390.896,407.1790000000001,417.53,439.579,474.746,512.696]","[76.282,102.931,133.68099999999998,150.16400000000004,169.748,188.248,215.88100000000003,226.06400000000002,240.214,258.097,284.08,304.599,343.963,357.012,367.663,390.896,407.1790000000001,417.53,439.579,474.746,512.696]",,12,"[134.76299999999998,170.462,189.247,216.57999999999998,305.929,344.77899999999994,368.712,408.42800000000005,418.09499999999997,440.72799999999995,475.57800000000003,513.495]","[134.76299999999998,170.462,189.247,216.57999999999998,305.929,344.77899999999994,368.712,408.429,418.09499999999997,440.72799999999995,475.57800000000003,513.495]",9,"[77.514,104.67999999999999,151.09699999999998,226.71299999999997,240.84599999999995,259.046,285.02899999999994,357.79499999999996,392.495]","[77.514,104.67999999999999,151.09699999999998,226.71299999999997,240.84599999999995,259.046,285.02899999999994,357.79499999999996,392.495]","[""scam_button""]",9.301470588,0.887,1.299019608,0.971,5.539215686,0.804,0,20,20,21,1,resources/images/scam_23.png,scam,1,0.8,0,0,,,,,,,,,,,,,,,,,,,,,,,,,,,,,,,,,,,,,,,,,,,,,,,,,,,,,,,,,,,,,,,,,,,,,,,,,,,,,,,,,,,,,,,,,,,,,,,,,,,,,,,,,,,,,,,,,,,,,
,,,,,,,,,,,,,,,,898832,001,2025-04-01_10h25.02.569,SLSI3,2022.2.5,MacIntel,58.82352941,,,,,,,,,,,22,"[76.282,102.931,133.68099999999998,150.16400000000004,169.748,188.248,215.88,226.06400000000002,240.214,258.097,284.08,304.598,343.963,357.012,367.663,390.896,407.1790000000001,417.53,439.579,474.746,512.696,528.645]","[76.282,102.931,133.68099999999998,150.16400000000004,169.748,188.248,215.88100000000003,226.06400000000002,240.214,258.097,284.08,304.599,343.963,357.012,367.663,390.896,407.1790000000001,417.53,439.579,474.746,512.696,528.645]",,12,"[134.76299999999998,170.462,189.247,216.57999999999998,305.929,344.77899999999994,368.712,408.42800000000005,418.09499999999997,440.72799999999995,475.57800000000003,513.495]","[134.76299999999998,170.462,189.247,216.57999999999998,305.929,344.77899999999994,368.712,408.429,418.09499999999997,440.72799999999995,475.57800000000003,513.495]",10,"[77.514,104.67999999999999,151.09699999999998,226.71299999999997,240.84599999999995,259.046,285.02899999999994,357.79499999999996,392.495,529.644]","[77.514,104.67999999999999,151.09699999999998,226.71299999999997,240.84599999999995,259.046,285.02899999999994,357.79499999999996,392.495,529.645]","[""legit_button""]",3.970588235,2.154,7.034313725,1.504,4.191176471,1.737,0,21,21,16,1,resources/images/legit_30.png,legit,1,0.85,0,0,,,,,,,,,,,,,,,,,,,,,,,,,,,,,,,,,,,,,,,,,,,,,,,,,,,,,,,,,,,,,,,,,,,,,,,,,,,,,,,,,,,,,,,,,,,,,,,,,,,,,,,,,,,,,,,,,,,,,
,,,,,,,,,,,,,,,,898832,001,2025-04-01_10h25.02.569,SLSI3,2022.2.5,MacIntel,58.82352941,,,,,,,,,,,23,"[76.282,102.931,133.68099999999998,150.16400000000004,169.748,188.248,215.88,226.06400000000002,240.214,258.097,284.08,304.598,343.963,357.012,367.663,390.896,407.1790000000001,417.53,439.579,474.746,512.696,528.645,538.2620000000001]","[76.282,102.931,133.68099999999998,150.16400000000004,169.748,188.248,215.88100000000003,226.06400000000002,240.214,258.097,284.08,304.599,343.963,357.012,367.663,390.896,407.1790000000001,417.53,439.579,474.746,512.696,528.645,538.2620000000001]",,13,"[134.76299999999998,170.462,189.247,216.57999999999998,305.929,344.77899999999994,368.712,408.42800000000005,418.09499999999997,440.72799999999995,475.57800000000003,513.495,539.278]","[134.76299999999998,170.462,189.247,216.57999999999998,305.929,344.77899999999994,368.712,408.429,418.09499999999997,440.72799999999995,475.57800000000003,513.495,539.278]",10,"[77.514,104.67999999999999,151.09699999999998,226.71299999999997,240.84599999999995,259.046,285.02899999999994,357.79499999999996,392.495,529.644]","[77.514,104.67999999999999,151.09699999999998,226.71299999999997,240.84599999999995,259.046,285.02899999999994,357.79499999999996,392.495,529.645]","[""scam_button""]",7.708333333,0.903,2.634803922,0.954,4.889705882,0.819,0,22,22,5,1,resources/images/legit12.jpg,legit,1,0.65,0,0,,,,,,,,,,,,,,,,,,,,,,,,,,,,,,,,,,,,,,,,,,,,,,,,,,,,,,,,,,,,,,,,,,,,,,,,,,,,,,,,,,,,,,,,,,,,,,,,,,,,,,,,,,,,,,,,,,,,,
,,,,,,,,,,,,,,,,898832,001,2025-04-01_10h25.02.569,SLSI3,2022.2.5,MacIntel,58.82352941,,,,,,,,,,,24,"[76.282,102.931,133.68099999999998,150.16400000000004,169.748,188.248,215.88,226.06400000000002,240.214,258.097,284.08,304.598,343.963,357.012,367.663,390.896,407.1790000000001,417.53,439.579,474.746,512.696,528.645,538.2620000000001,546.429]","[76.282,102.931,133.68099999999998,150.16400000000004,169.748,188.248,215.88100000000003,226.06400000000002,240.214,258.097,284.08,304.599,343.963,357.012,367.663,390.896,407.1790000000001,417.53,439.579,474.746,512.696,528.645,538.2620000000001,546.429]",,13,"[134.76299999999998,170.462,189.247,216.57999999999998,305.929,344.77899999999994,368.712,408.42800000000005,418.09499999999997,440.72799999999995,475.57800000000003,513.495,539.278]","[134.76299999999998,170.462,189.247,216.57999999999998,305.929,344.77899999999994,368.712,408.429,418.09499999999997,440.72799999999995,475.57800000000003,513.495,539.278]",11,"[77.514,104.67999999999999,151.09699999999998,226.71299999999997,240.84599999999995,259.046,285.02899999999994,357.79499999999996,392.495,529.644,547.528]","[77.514,104.67999999999999,151.09699999999998,226.71299999999997,240.84599999999995,259.046,285.02899999999994,357.79499999999996,392.495,529.645,547.528]","[""legit_button""]",7.291666667,1.021,3.137254902,0.537,5.134803922,0.524,0,23,23,9,1,resources/images/legit_22.png,legit,1,0.78,0,0,,,,,,,,,,,,,,,,,,,,,,,,,,,,,,,,,,,,,,,,,,,,,,,,,,,,,,,,,,,,,,,,,,,,,,,,,,,,,,,,,,,,,,,,,,,,,,,,,,,,,,,,,,,,,,,,,,,,,
,,,,,,,,,,,,,,,,898832,001,2025-04-01_10h25.02.569,SLSI3,2022.2.5,MacIntel,58.82352941,,,,,,,,,,,,,,,,,,,,,,,,,,,,,,,,,,,,,,,space,1.386,,,,,,,,,,,,,,,,,,,,,,,,,,,,,,,,,,,,,,,,,,,,,,,,,,,,,,,,,,,,,,,,,,,,,,,,,,,,,,,,,,,,,,,,,,,,,,,,,,,,,,,,,,,,,,,,,,,
,,,,,,,,,,,,,,,,898832,001,2025-04-01_10h25.02.569,SLSI3,2022.2.5,MacIntel,58.82352941,,,,,,,,,,,,,,,,,,,,,,,,,,,,,,,,,,,,,,,,,space,58528.441,,,,,,,,,,,,,,,,,,,,,,,,,,,,,,,,,,,,,,,,,,,,,,,,,,,,,,,,,,,,,,,,,,,,,,,,,,,,,,,,,,,,,,,,,,,,,,,,,,,,,,,,,,,,,,,,,
,,,,,,,,,,,,,,,,898832,001,2025-04-01_10h25.02.569,SLSI3,2022.2.5,MacIntel,58.82352941,,,,,,,,,,,,,,,,,,,,,,,,,,,,,,,,,,,,,,,,,,,space,4.403,,,,,,,,,,,,,,,,,,,,,,,,,,,,,,,,,,,,,,,,,,,,,,,,,,,,,,,,,,,,,,,,,,,,,,,,,,,,,,,,,,,,,,,,,,,,,,,,,,,,,,,,,,,,,,,
,,,,,,,,,,,,,,,,898832,001,2025-04-01_10h25.02.569,SLSI3,2022.2.5,MacIntel,58.82352941,,,,,,,,,,,,,,,,,,,,,,,,,,,,,,,,,,,,,,,,,,,,,"offers coupons, says theres something wrong with account, from an unknown email
",1,[59129.228],[59129.228],,,,,,,,,,,,,,,,,,,,,,,,,,,,,,,,,,,,,,,,,,,,,,,,,,,,,,,,,,,,,,,,,,,,,,,,,,,,,,,,,,,,,,,,,,,,,,,,,,,,,,,,,,,
,,,,,,,,,,,,,,,,898832,001,2025-04-01_10h25.02.569,SLSI3,2022.2.5,MacIntel,58.82352941,,,,,,,,,,,,,,,,,,,,,,,,,,,,,,,,,,,,,,,,,,,,,,,,,space,12.17,,,,,,,,,,,,,,,,,,,,,,,,,,,,,,,,,,,,,,,,,,,,,,,,,,,,,,,,,,,,,,,,,,,,,,,,,,,,,,,,,,,,,,,,,,,,,,,,,,,,,,,,,
,,,,,,,,,,,,,,,,898832,001,2025-04-01_10h25.02.569,SLSI3,2022.2.5,MacIntel,58.82352941,,,,,,,,,,,,,,,,,,,,,,,,,,,,,,,,,,,,,,,,,,,,,,,,,,,"[0.1409313725490196,0.06740196078431372,-0.08088235294117647,0.058823529411764705,-0.21691176470588236,-0.3002450980392157,-0.41299019607843135,0.07475490196078431,-0.049019607843137254,-0.2757352941176471,-0.37745098039215685,0.00980392156862745,0.18627450980392157,-0.13602941176470587,-0.3872549019607843,0.19362745098039216,-0.3602941176470588]","[-0.09926470588235294,-0.3480392156862745,0.2536764705882353,-0.012254901960784314,-0.0784313725490196,-0.07107843137254902,-0.056372549019607844,-0.06862745098039216,-0.06740196078431372,-0.11274509803921569,-0.11151960784313726,-0.11274509803921569,-0.11029411764705882,-0.1642156862745098,-0.16053921568627452,-0.15931372549019607,-0.15441176470588236]","[1,1,1,1,1,1,1,1,1,1,1,1,1,1,1,1,1]","[0,0,0,0,0,0,0,0,0,0,0,0,0,0,0,0,0]","[0,0,0,0,0,0,0,0,0,0,0,0,0,0,0,0,0]","[12.00800000000163,13.990000000005239,15.705999999998312,19.94000000000233,20.723000000005413,21.24000000000524,21.99000000000524,22.840000000003783,23.340000000003783,24.590000000003783,25.24000000000524,25.840000000003783,26.423000000002503,27.3070000000007,28.122999999999593,28.74000000000524,29.60700000000361]",,,,,,,,,,,,,,,,,,,,,,,,,,,,,,,,,,,,,,,,,,,,,,,,,,,,,,,,,,,,,,,,,,,,,,,,,,,,,,,,,,,,,,,,,,,,,,,,,,,
,,,,,,,,,,,,,,,,898832,001,2025-04-01_10h25.02.569,SLSI3,2022.2.5,MacIntel,58.82352941,,,,,,,,,,,,,,,,,,,,,,,,,,,,,,,,,,,,,,,,,,,,,,,,,,,,,,,,,space,2.912,,,,,,,,,,,,,,,,,,,,,,,,,,,,,,,,,,,,,,,,,,,,,,,,,,,,,,,,,,,,,,,,,,,,,,,,,,,,,,,,,,,,,,,,,,,,,,,,,
,,,,,,,,,,,,,,,,898832,001,2025-04-01_10h25.02.569,SLSI3,2022.2.5,MacIntel,58.82352941,,,,,,,,,,,,,,,,,,,,,,,,,,,,,,,,,,,,,,,,,,,,,,,,,,,,,,,,,,,1,[59179.424],[59179.424],,,,,,,,,,,,,,,,,,,,,,,,,,,,,,,,,,,,,,,,,,,,,,,,,,,,,,,,,,,,,,,,,,,,,,,,,,,,,,,,,,,,,,,,,,,,,,
,,,,,,,,,,,,,,,,898832,001,2025-04-01_10h25.02.569,SLSI3,2022.2.5,MacIntel,58.82352941,,,,,,,,,,,,,,,,,,,,,,,,,,,,,,,,,,,,,,,,,,,,,,,,,,,,,,,,,,,,,,"[0.04656862745098039,0.04656862745098039,0.04656862745098039,-0.15196078431372548,-0.15196078431372548,-0.08823529411764706,-0.08823529411764706,0.10416666666666667,0.10416666666666667,0.10416666666666667,0.10416666666666667,0.05024509803921569,0.05024509803921569,0.05024509803921569,-0.5747549019607843,-0.5098039215686274]","[-0.03308823529411765,-0.03308823529411765,-0.03308823529411765,0.14338235294117646,0.14338235294117646,0.11397058823529412,0.11397058823529412,0.1213235294117647,0.1213235294117647,0.1213235294117647,0.1213235294117647,0.1213235294117647,0.1213235294117647,0.1213235294117647,0.4007352941176471,0.4485294117647059]","[1,1,1,1,1,1,1,1,1,1,1,1,1,1,1,1]","[0,0,0,0,0,0,0,0,0,0,0,0,0,0,0,0]","[0,0,0,0,0,0,0,0,0,0,0,0,0,0,0,0]","[5.076999999997497,5.243000000002212,5.427000000003318,7.4100000000034925,7.561999999998079,8.343000000000757,8.527000000001863,9.576999999997497,9.726999999998952,9.927000000003318,10.277000000001863,10.826999999997497,11.027000000001863,11.192999999999302,13.860000000000582,15.576999999997497]",,,,,,,,,,,,,,,,,,,,,,,,,,,,,,,,,,,,,,,,,,,,,,,,,,,,,,,,,,,,,,,,,,,,,,,,,,,,,,,,,,,,,,,,
,,,,,,,,,,,,,,,,898832,001,2025-04-01_10h25.02.569,SLSI3,2022.2.5,MacIntel,58.82352941,,,,,,,,,,,,,,,,,,,,,,,,,,,,,,,,,,,,,,,,,,,,,,,,,,,,,,,,,space,1.504,,,,,,,,,,,,,,,,,,,,,,,,,,,,,,,,,,,,,,,,,,,,,,,,,,,,,,,,,,,,,,,,,,,,,,,,,,,,,,,,,,,,,,,,,,,,,,,,,
,,,,,,,,,,,,,,,,898832,001,2025-04-01_10h25.02.569,SLSI3,2022.2.5,MacIntel,58.82352941,,,,,,,,,,,,,,,,,,,,,,,,,,,,,,,,,,,,,,,,,,,,,,,,,,,,,,,,,,,,,,,,,,,,1,[59199.320999999996],[59199.322],,,,,,,,,,,,,,,,,,,,,,,,,,,,,,,,,,,,,,,,,,,,,,,,,,,,,,,,,,,,,,,,,,,,,,,,,,,,,,,,,,,,,
,,,,,,,,,,,,,,,,898832,001,2025-04-01_10h25.02.569,SLSI3,2022.2.5,MacIntel,58.82352941,,,,,,,,,,,,,,,,,,,,,,,,,,,,,,,,,,,,,,,,,,,,,,,,,,,,,,,,,,,,,,,,,,,,,,,"[-0.3235294117647059,-0.24387254901960784,-0.24387254901960784,-0.20220588235294118]","[0.09926470588235294,-0.11029411764705882,-0.11029411764705882,-0.17769607843137256]","[1,1,1,1]","[0,0,0,0]","[0,0,0,0]","[2.694000000003143,5.493999999998778,5.661000000000058,7.177000000003318]",,,,,,,,,,,,,,,,,,,,,,,,,,,,,,,,,,,,,,,,,,,,,,,,,,,,,,,,,,,,,,,,,,,,,,,,,,,,,,,
,,,,,,,,,,,,,,,,898832,001,2025-04-01_10h25.02.569,SLSI3,2022.2.5,MacIntel,58.82352941,,,,,,,,,,,,,,,,,,,,,,,,,,,,,,,,,,,,,,,,,,,,,,,,,,,,,,,,,space,0.837,,,,,,,,,,,,,,,,,,,,,,,,,,,,,,,,,,,,,,,,,,,,,,,,,,,,,,,,,,,,,,,,,,,,,,,,,,,,,,,,,,,,,,,,,,,,,,,,,
,,,,,,,,,,,,,,,,898832,001,2025-04-01_10h25.02.569,SLSI3,2022.2.5,MacIntel,58.82352941,,,,,,,,,,,,,,,,,,,,,,,,,,,,,,,,,,,,,,,,,,,,,,,,,,,,,,,,,,,,,,,,,,,,,,,,,,,,,1,[59210.33700000001],[59210.33700000001],,,,,,,,,,,,,,,,,,,,,,,,,,,,,,,,,,,,,,,,,,,,,,,,,,,,,,,,,,,,,,,,,,,,,,,,,,,,
,,,,,,,,,,,,,,,,898832,001,2025-04-01_10h25.02.569,SLSI3,2022.2.5,MacIntel,58.82352941,,,,,,,,,space,1450.66,,,,,,,,,,,,,,,,,,,,,,,,,,,,,,,,,,,,,,,,,,,,,,,,,,,,,,,,,,,,,,,,,,,,,,,,,,,,,,,,,,,,,,,,,,,,,,,,,,,,,,,,,,,,,,,,,,,,,,,,,,,,,,,,,,,,,,,,,,,,,,,,,
,,,,,,,,,,,,,,,,898832,001,2025-04-01_10h25.02.569,SLSI3,2022.2.5,MacIntel,58.82352941,,,,,,,,,,,25,"[76.282,102.931,133.68099999999998,150.16400000000004,169.748,188.248,215.88,226.06400000000002,240.214,258.097,284.08,304.598,343.963,357.012,367.663,390.896,407.1790000000001,417.53,439.579,474.746,512.696,528.645,538.2620000000001,546.429,60679.852000000006]","[76.282,102.931,133.68099999999998,150.16400000000004,169.748,188.248,215.88100000000003,226.06400000000002,240.214,258.097,284.08,304.599,343.963,357.012,367.663,390.896,407.1790000000001,417.53,439.579,474.746,512.696,528.645,538.2620000000001,546.429,60679.852000000006]",,13,"[134.76299999999998,170.462,189.247,216.57999999999998,305.929,344.77899999999994,368.712,408.42800000000005,418.09499999999997,440.72799999999995,475.57800000000003,513.495,539.278]","[134.76299999999998,170.462,189.247,216.57999999999998,305.929,344.77899999999994,368.712,408.429,418.09499999999997,440.72799999999995,475.57800000000003,513.495,539.278]",12,"[77.514,104.67999999999999,151.09699999999998,226.71299999999997,240.84599999999995,259.046,285.02899999999994,357.79499999999996,392.495,529.644,547.528,60680.733]","[77.514,104.67999999999999,151.09699999999998,226.71299999999997,240.84599999999995,259.046,285.02899999999994,357.79499999999996,392.495,529.645,547.528,60680.733]","[""legit_button""]",7.75122549,3.369,4.846813725,1.984,3.511029412,1.286,,,,,,resources/images/legit7-EDIT.png,legit,0.65,0.65,0,0,,,,,,,,,,,,,,,,,,,,,,,,,,,,,,,,,,,,,,,,,,0,0,0,14,1,,,,,,,,,,,,,,,,,,,,,,,,,,,,,,,,,,,,,,,,,,,,,,,,,,,,,,,,,,,,,,,,,,,,,,,
,,,,,,,,,,,,,,,,898832,001,2025-04-01_10h25.02.569,SLSI3,2022.2.5,MacIntel,58.82352941,,,,,,,,,,,26,"[76.282,102.931,133.68099999999998,150.16400000000004,169.748,188.248,215.88,226.06400000000002,240.214,258.097,284.08,304.598,343.963,357.012,367.663,390.896,407.1790000000001,417.53,439.579,474.746,512.696,528.645,538.2620000000001,546.429,60679.852000000006,60706.751000000004]","[76.282,102.931,133.68099999999998,150.16400000000004,169.748,188.248,215.88100000000003,226.06400000000002,240.214,258.097,284.08,304.599,343.963,357.012,367.663,390.896,407.1790000000001,417.53,439.579,474.746,512.696,528.645,538.2620000000001,546.429,60679.852000000006,60706.751000000004]",,13,"[134.76299999999998,170.462,189.247,216.57999999999998,305.929,344.77899999999994,368.712,408.42800000000005,418.09499999999997,440.72799999999995,475.57800000000003,513.495,539.278]","[134.76299999999998,170.462,189.247,216.57999999999998,305.929,344.77899999999994,368.712,408.429,418.09499999999997,440.72799999999995,475.57800000000003,513.495,539.278]",13,"[77.514,104.67999999999999,151.09699999999998,226.71299999999997,240.84599999999995,259.046,285.02899999999994,357.79499999999996,392.495,529.644,547.528,60680.733,60707.516]","[77.514,104.67999999999999,151.09699999999998,226.71299999999997,240.84599999999995,259.046,285.02899999999994,357.79499999999996,392.495,529.645,547.528,60680.733,60707.516]","[""legit_button""]",8.082107843,0.786,6.170343137,1.536,3.964460784,1.302,,,,,,resources/images/legit5-EDIT.png,legit,0.65,0.65,0,0,,,,,,,,,,,,,,,,,,,,,,,,,,,,,,,,,,,,,,,,,,0,1,1,12,1,,,,,,,,,,,,,,,,,,,,,,,,,,,,,,,,,,,,,,,,,,,,,,,,,,,,,,,,,,,,,,,,,,,,,,,
,,,,,,,,,,,,,,,,898832,001,2025-04-01_10h25.02.569,SLSI3,2022.2.5,MacIntel,58.82352941,,,,,,,,,,,27,"[76.282,102.931,133.68099999999998,150.16400000000004,169.748,188.248,215.88,226.06400000000002,240.214,258.097,284.08,304.598,343.963,357.012,367.663,390.896,407.1790000000001,417.53,439.579,474.746,512.696,528.645,538.2620000000001,546.429,60679.852000000006,60706.751000000004,60715.533]","[76.282,102.931,133.68099999999998,150.16400000000004,169.748,188.248,215.88100000000003,226.06400000000002,240.214,258.097,284.08,304.599,343.963,357.012,367.663,390.896,407.1790000000001,417.53,439.579,474.746,512.696,528.645,538.2620000000001,546.429,60679.852000000006,60706.751000000004,60715.533]",,13,"[134.76299999999998,170.462,189.247,216.57999999999998,305.929,344.77899999999994,368.712,408.42800000000005,418.09499999999997,440.72799999999995,475.57800000000003,513.495,539.278]","[134.76299999999998,170.462,189.247,216.57999999999998,305.929,344.77899999999994,368.712,408.429,418.09499999999997,440.72799999999995,475.57800000000003,513.495,539.278]",14,"[77.514,104.67999999999999,151.09699999999998,226.71299999999997,240.84599999999995,259.046,285.02899999999994,357.79499999999996,392.495,529.644,547.528,60680.733,60707.516,60716.8]","[77.514,104.67999999999999,151.09699999999998,226.71299999999997,240.84599999999995,259.046,285.02899999999994,357.79499999999996,392.495,529.645,547.528,60680.733,60707.516,60716.8]","[""legit_button""]",8.903186275,1.152,3.805147059,3.653,3.155637255,3.137,,,,,,resources/images/legit1.png,legit,1,0.72,0,0,,,,,,,,,,,,,,,,,,,,,,,,,,,,,,,,,,,,,,,,,,0,2,2,3,1,,,,,,,,,,,,,,,,,,,,,,,,,,,,,,,,,,,,,,,,,,,,,,,,,,,,,,,,,,,,,,,,,,,,,,,
,,,,,,,,,,,,,,,,898832,001,2025-04-01_10h25.02.569,SLSI3,2022.2.5,MacIntel,58.82352941,,,,,,,,,,,28,"[76.282,102.931,133.68099999999998,150.16400000000004,169.748,188.248,215.88,226.06400000000002,240.214,258.097,284.08,304.598,343.963,357.012,367.663,390.896,407.1790000000001,417.53,439.579,474.746,512.696,528.645,538.2620000000001,546.429,60679.852000000006,60706.751000000004,60715.533,60727.817]","[76.282,102.931,133.68099999999998,150.16400000000004,169.748,188.248,215.88100000000003,226.06400000000002,240.214,258.097,284.08,304.599,343.963,357.012,367.663,390.896,407.1790000000001,417.53,439.579,474.746,512.696,528.645,538.2620000000001,546.429,60679.852000000006,60706.751000000004,60715.533,60727.817]",,14,"[134.76299999999998,170.462,189.247,216.57999999999998,305.929,344.77899999999994,368.712,408.42800000000005,418.09499999999997,440.72799999999995,475.57800000000003,513.495,539.278,60728.415]","[134.76299999999998,170.462,189.247,216.57999999999998,305.929,344.77899999999994,368.712,408.429,418.09499999999997,440.72799999999995,475.57800000000003,513.495,539.278,60728.415]",14,"[77.514,104.67999999999999,151.09699999999998,226.71299999999997,240.84599999999995,259.046,285.02899999999994,357.79499999999996,392.495,529.644,547.528,60680.733,60707.516,60716.8]","[77.514,104.67999999999999,151.09699999999998,226.71299999999997,240.84599999999995,259.046,285.02899999999994,357.79499999999996,392.495,529.645,547.528,60680.733,60707.516,60716.8]","[""scam_button""]",8.31495098,0.938,1.648284314,3.603,1.954656863,1.037,,,,,,resources/images/legit9-EDIT.png,legit,1,0.65,0,0,,,,,,,,,,,,,,,,,,,,,,,,,,,,,,,,,,,,,,,,,,0,3,3,8,1,,,,,,,,,,,,,,,,,,,,,,,,,,,,,,,,,,,,,,,,,,,,,,,,,,,,,,,,,,,,,,,,,,,,,,,
,,,,,,,,,,,,,,,,898832,001,2025-04-01_10h25.02.569,SLSI3,2022.2.5,MacIntel,58.82352941,,,,,,,,,,,29,"[76.282,102.931,133.68099999999998,150.16400000000004,169.748,188.248,215.88,226.06400000000002,240.214,258.097,284.08,304.598,343.963,357.012,367.663,390.896,407.1790000000001,417.53,439.579,474.746,512.696,528.645,538.2620000000001,546.429,60679.852000000006,60706.751000000004,60715.533,60727.817,66251.629]","[76.282,102.931,133.68099999999998,150.16400000000004,169.748,188.248,215.88100000000003,226.06400000000002,240.214,258.097,284.08,304.599,343.963,357.012,367.663,390.896,407.1790000000001,417.53,439.579,474.746,512.696,528.645,538.2620000000001,546.429,60679.852000000006,60706.751000000004,60715.533,60727.817,66251.629]",,15,"[134.76299999999998,170.462,189.247,216.57999999999998,305.929,344.77899999999994,368.712,408.42800000000005,418.09499999999997,440.72799999999995,475.57800000000003,513.495,539.278,60728.415,66252.293]","[134.76299999999998,170.462,189.247,216.57999999999998,305.929,344.77899999999994,368.712,408.429,418.09499999999997,440.72799999999995,475.57800000000003,513.495,539.278,60728.415,66252.293]",14,"[77.514,104.67999999999999,151.09699999999998,226.71299999999997,240.84599999999995,259.046,285.02899999999994,357.79499999999996,392.495,529.644,547.528,60680.733,60707.516,60716.8]","[77.514,104.67999999999999,151.09699999999998,226.71299999999997,240.84599999999995,259.046,285.02899999999994,357.79499999999996,392.495,529.645,547.528,60680.733,60707.516,60716.8]","[""scam_button""]",6.378676471,0.952,3.596813725,0.619,5.337009804,0.454,,,,,,resources/images/legit14-EDIT.jpg,legit,1,0.65,0,0,,,,,,,,,,,,,,,,,,,,,,,,,,,,,,,,,,,,,,,,,,0,4,4,21,1,,,,,,,,,,,,,,,,,,,,,,,,,,,,,,,,,,,,,,,,,,,,,,,,,,,,,,,,,,,,,,,,,,,,,,,
,,,,,,,,,,,,,,,,898832,001,2025-04-01_10h25.02.569,SLSI3,2022.2.5,MacIntel,58.82352941,,,,,,,,,,,30,"[76.282,102.931,133.68099999999998,150.16400000000004,169.748,188.248,215.88,226.06400000000002,240.214,258.097,284.08,304.598,343.963,357.012,367.663,390.896,407.1790000000001,417.53,439.579,474.746,512.696,528.645,538.2620000000001,546.429,60679.852000000006,60706.751000000004,60715.533,60727.817,66251.629,66259.04400000001]","[76.282,102.931,133.68099999999998,150.16400000000004,169.748,188.248,215.88100000000003,226.06400000000002,240.214,258.097,284.08,304.599,343.963,357.012,367.663,390.896,407.1790000000001,417.53,439.579,474.746,512.696,528.645,538.2620000000001,546.429,60679.852000000006,60706.751000000004,60715.533,60727.817,66251.629,66259.04400000001]",,16,"[134.76299999999998,170.462,189.247,216.57999999999998,305.929,344.77899999999994,368.712,408.42800000000005,418.09499999999997,440.72799999999995,475.57800000000003,513.495,539.278,60728.415,66252.293,66259.76000000001]","[134.76299999999998,170.462,189.247,216.57999999999998,305.929,344.77899999999994,368.712,408.429,418.09499999999997,440.72799999999995,475.57800000000003,513.495,539.278,60728.415,66252.293,66259.76000000001]",14,"[77.514,104.67999999999999,151.09699999999998,226.71299999999997,240.84599999999995,259.046,285.02899999999994,357.79499999999996,392.495,529.644,547.528,60680.733,60707.516,60716.8]","[77.514,104.67999999999999,151.09699999999998,226.71299999999997,240.84599999999995,259.046,285.02899999999994,357.79499999999996,392.495,529.645,547.528,60680.733,60707.516,60716.8]","[""scam_button""]",9.148284314,0.821,0.99877451,1.82,1.011029412,1.554,,,,,,resources/images/scam_1.png,scam,1,0.65,0,0,,,,,,,,,,,,,,,,,,,,,,,,,,,,,,,,,,,,,,,,,,0,5,5,0,1,,,,,,,,,,,,,,,,,,,,,,,,,,,,,,,,,,,,,,,,,,,,,,,,,,,,,,,,,,,,,,,,,,,,,,,
,,,,,,,,,,,,,,,,898832,001,2025-04-01_10h25.02.569,SLSI3,2022.2.5,MacIntel,58.82352941,,,,,,,,,,,31,"[76.282,102.931,133.68099999999998,150.16400000000004,169.748,188.248,215.88,226.06400000000002,240.214,258.097,284.08,304.598,343.963,357.012,367.663,390.896,407.1790000000001,417.53,439.579,474.746,512.696,528.645,538.2620000000001,546.429,60679.852000000006,60706.751000000004,60715.533,60727.817,66251.629,66259.04400000001,66280.76100000001]","[76.282,102.931,133.68099999999998,150.16400000000004,169.748,188.248,215.88100000000003,226.06400000000002,240.214,258.097,284.08,304.599,343.963,357.012,367.663,390.896,407.1790000000001,417.53,439.579,474.746,512.696,528.645,538.2620000000001,546.429,60679.852000000006,60706.751000000004,60715.533,60727.817,66251.629,66259.04400000001,66280.76100000001]",,16,"[134.76299999999998,170.462,189.247,216.57999999999998,305.929,344.77899999999994,368.712,408.42800000000005,418.09499999999997,440.72799999999995,475.57800000000003,513.495,539.278,60728.415,66252.293,66259.76000000001]","[134.76299999999998,170.462,189.247,216.57999999999998,305.929,344.77899999999994,368.712,408.429,418.09499999999997,440.72799999999995,475.57800000000003,513.495,539.278,60728.415,66252.293,66259.76000000001]",15,"[77.514,104.67999999999999,151.09699999999998,226.71299999999997,240.84599999999995,259.046,285.02899999999994,357.79499999999996,392.495,529.644,547.528,60680.733,60707.516,60716.8,66282.376]","[77.514,104.67999999999999,151.09699999999998,226.71299999999997,240.84599999999995,259.046,285.02899999999994,357.79499999999996,392.495,529.645,547.528,60680.733,60707.516,60716.8,66282.376]","[""legit_button""]",7.052696078,1.47,1.06004902,1.304,5.030637255,0.687,,,,,,resources/images/legit17-EDIT.png,legit,0.65,0.65,0,0,,,,,,,,,,,,,,,,,,,,,,,,,,,,,,,,,,,,,,,,,,0,6,6,22,1,,,,,,,,,,,,,,,,,,,,,,,,,,,,,,,,,,,,,,,,,,,,,,,,,,,,,,,,,,,,,,,,,,,,,,,
,,,,,,,,,,,,,,,,898832,001,2025-04-01_10h25.02.569,SLSI3,2022.2.5,MacIntel,58.82352941,,,,,,,,,,,32,"[76.282,102.931,133.68099999999998,150.16400000000004,169.748,188.248,215.88,226.06400000000002,240.214,258.097,284.08,304.598,343.963,357.012,367.663,390.896,407.1790000000001,417.53,439.579,474.746,512.696,528.645,538.2620000000001,546.429,60679.852000000006,60706.751000000004,60715.533,60727.817,66251.629,66259.04400000001,66280.76100000001,66291.077]","[76.282,102.931,133.68099999999998,150.16400000000004,169.748,188.248,215.88100000000003,226.06400000000002,240.214,258.097,284.08,304.599,343.963,357.012,367.663,390.896,407.1790000000001,417.53,439.579,474.746,512.696,528.645,538.2620000000001,546.429,60679.852000000006,60706.751000000004,60715.533,60727.817,66251.629,66259.04400000001,66280.76100000001,66291.077]",,17,"[134.76299999999998,170.462,189.247,216.57999999999998,305.929,344.77899999999994,368.712,408.42800000000005,418.09499999999997,440.72799999999995,475.57800000000003,513.495,539.278,60728.415,66252.293,66259.76000000001,66292.209]","[134.76299999999998,170.462,189.247,216.57999999999998,305.929,344.77899999999994,368.712,408.429,418.09499999999997,440.72799999999995,475.57800000000003,513.495,539.278,60728.415,66252.293,66259.76000000001,66292.209]",15,"[77.514,104.67999999999999,151.09699999999998,226.71299999999997,240.84599999999995,259.046,285.02899999999994,357.79499999999996,392.495,529.644,547.528,60680.733,60707.516,60716.8,66282.376]","[77.514,104.67999999999999,151.09699999999998,226.71299999999997,240.84599999999995,259.046,285.02899999999994,357.79499999999996,392.495,529.645,547.528,60680.733,60707.516,60716.8,66282.376]","[""scam_button""]",9.969362745,0.754,0.214460784,1.304,2.886029412,14.136,,,,,,resources/images/scam3.png,scam,1.2,0.65,0,0,,,,,,,,,,,,,,,,,,,,,,,,,,,,,,,,,,,,,,,,,,0,7,7,2,1,,,,,,,,,,,,,,,,,,,,,,,,,,,,,,,,,,,,,,,,,,,,,,,,,,,,,,,,,,,,,,,,,,,,,,,
,,,,,,,,,,,,,,,,898832,001,2025-04-01_10h25.02.569,SLSI3,2022.2.5,MacIntel,58.82352941,,,,,,,,,,,33,"[76.282,102.931,133.68099999999998,150.16400000000004,169.748,188.248,215.88,226.06400000000002,240.214,258.097,284.08,304.598,343.963,357.012,367.663,390.896,407.1790000000001,417.53,439.579,474.746,512.696,528.645,538.2620000000001,546.429,60679.852000000006,60706.751000000004,60715.533,60727.817,66251.629,66259.04400000001,66280.76100000001,66291.077,66314.79400000001]","[76.282,102.931,133.68099999999998,150.16400000000004,169.748,188.248,215.88100000000003,226.06400000000002,240.214,258.097,284.08,304.599,343.963,357.012,367.663,390.896,407.1790000000001,417.53,439.579,474.746,512.696,528.645,538.2620000000001,546.429,60679.852000000006,60706.751000000004,60715.533,60727.817,66251.629,66259.04400000001,66280.76100000001,66291.077,66314.79400000001]",,17,"[134.76299999999998,170.462,189.247,216.57999999999998,305.929,344.77899999999994,368.712,408.42800000000005,418.09499999999997,440.72799999999995,475.57800000000003,513.495,539.278,60728.415,66252.293,66259.76000000001,66292.209]","[134.76299999999998,170.462,189.247,216.57999999999998,305.929,344.77899999999994,368.712,408.429,418.09499999999997,440.72799999999995,475.57800000000003,513.495,539.278,60728.415,66252.293,66259.76000000001,66292.209]",16,"[77.514,104.67999999999999,151.09699999999998,226.71299999999997,240.84599999999995,259.046,285.02899999999994,357.79499999999996,392.495,529.644,547.528,60680.733,60707.516,60716.8,66282.376,66315.592]","[77.514,104.67999999999999,151.09699999999998,226.71299999999997,240.84599999999995,259.046,285.02899999999994,357.79499999999996,392.495,529.645,547.528,60680.733,60707.516,60716.8,66282.376,66315.592]","[""legit_button""]",7.775735294,1.287,1.905637255,1.853,1.611519608,1.253,,,,,,resources/images/legit6.png,legit,0.65,0.65,0,0,,,,,,,,,,,,,,,,,,,,,,,,,,,,,,,,,,,,,,,,,,0,8,8,13,1,,,,,,,,,,,,,,,,,,,,,,,,,,,,,,,,,,,,,,,,,,,,,,,,,,,,,,,,,,,,,,,,,,,,,,,
,,,,,,,,,,,,,,,,898832,001,2025-04-01_10h25.02.569,SLSI3,2022.2.5,MacIntel,58.82352941,,,,,,,,,,,34,"[76.282,102.931,133.68099999999998,150.16400000000004,169.748,188.248,215.88,226.06400000000002,240.214,258.097,284.08,304.598,343.963,357.012,367.663,390.896,407.1790000000001,417.53,439.579,474.746,512.696,528.645,538.2620000000001,546.429,60679.852000000006,60706.751000000004,60715.533,60727.817,66251.629,66259.04400000001,66280.76100000001,66291.077,66314.79400000001,66340.76000000001]","[76.282,102.931,133.68099999999998,150.16400000000004,169.748,188.248,215.88100000000003,226.06400000000002,240.214,258.097,284.08,304.599,343.963,357.012,367.663,390.896,407.1790000000001,417.53,439.579,474.746,512.696,528.645,538.2620000000001,546.429,60679.852000000006,60706.751000000004,60715.533,60727.817,66251.629,66259.04400000001,66280.76100000001,66291.077,66314.79400000001,66340.76100000001]",,18,"[134.76299999999998,170.462,189.247,216.57999999999998,305.929,344.77899999999994,368.712,408.42800000000005,418.09499999999997,440.72799999999995,475.57800000000003,513.495,539.278,60728.415,66252.293,66259.76000000001,66292.209,66341.826]","[134.76299999999998,170.462,189.247,216.57999999999998,305.929,344.77899999999994,368.712,408.429,418.09499999999997,440.72799999999995,475.57800000000003,513.495,539.278,60728.415,66252.293,66259.76000000001,66292.209,66341.826]",16,"[77.514,104.67999999999999,151.09699999999998,226.71299999999997,240.84599999999995,259.046,285.02899999999994,357.79499999999996,392.495,529.644,547.528,60680.733,60707.516,60716.8,66282.376,66315.592]","[77.514,104.67999999999999,151.09699999999998,226.71299999999997,240.84599999999995,259.046,285.02899999999994,357.79499999999996,392.495,529.645,547.528,60680.733,60707.516,60716.8,66282.376,66315.592]","[""scam_button""]",8.523284314,0.953,2.665441176,0.655,4.528186275,0.388,,,,,,resources/images/scam6.jpg,scam,1,0.65,0,0,,,,,,,,,,,,,,,,,,,,,,,,,,,,,,,,,,,,,,,,,,0,9,9,9,1,,,,,,,,,,,,,,,,,,,,,,,,,,,,,,,,,,,,,,,,,,,,,,,,,,,,,,,,,,,,,,,,,,,,,,,
,,,,,,,,,,,,,,,,898832,001,2025-04-01_10h25.02.569,SLSI3,2022.2.5,MacIntel,58.82352941,,,,,,,,,,,35,"[76.282,102.931,133.68099999999998,150.16400000000004,169.748,188.248,215.88,226.06400000000002,240.214,258.097,284.08,304.598,343.963,357.012,367.663,390.896,407.1790000000001,417.53,439.579,474.746,512.696,528.645,538.2620000000001,546.429,60679.852000000006,60706.751000000004,60715.533,60727.817,66251.629,66259.04400000001,66280.76100000001,66291.077,66314.79400000001,66340.76000000001,66348.92700000001]","[76.282,102.931,133.68099999999998,150.16400000000004,169.748,188.248,215.88100000000003,226.06400000000002,240.214,258.097,284.08,304.599,343.963,357.012,367.663,390.896,407.1790000000001,417.53,439.579,474.746,512.696,528.645,538.2620000000001,546.429,60679.852000000006,60706.751000000004,60715.533,60727.817,66251.629,66259.04400000001,66280.76100000001,66291.077,66314.79400000001,66340.76100000001,66348.92700000001]",,18,"[134.76299999999998,170.462,189.247,216.57999999999998,305.929,344.77899999999994,368.712,408.42800000000005,418.09499999999997,440.72799999999995,475.57800000000003,513.495,539.278,60728.415,66252.293,66259.76000000001,66292.209,66341.826]","[134.76299999999998,170.462,189.247,216.57999999999998,305.929,344.77899999999994,368.712,408.429,418.09499999999997,440.72799999999995,475.57800000000003,513.495,539.278,60728.415,66252.293,66259.76000000001,66292.209,66341.826]",17,"[77.514,104.67999999999999,151.09699999999998,226.71299999999997,240.84599999999995,259.046,285.02899999999994,357.79499999999996,392.495,529.644,547.528,60680.733,60707.516,60716.8,66282.376,66315.592,66349.72600000001]","[77.514,104.67999999999999,151.09699999999998,226.71299999999997,240.84599999999995,259.046,285.02899999999994,357.79499999999996,392.495,529.645,547.528,60680.733,60707.516,60716.8,66282.376,66315.592,66349.72600000001]","[""legit_button""]",8.388480392,0.737,8.327205882,0.62,2.150735294,0.854,,,,,,resources/images/scam14-EDIT.png,scam,1,0.65,0,0,,,,,,,,,,,,,,,,,,,,,,,,,,,,,,,,,,,,,,,,,,0,10,10,23,1,,,,,,,,,,,,,,,,,,,,,,,,,,,,,,,,,,,,,,,,,,,,,,,,,,,,,,,,,,,,,,,,,,,,,,,
,,,,,,,,,,,,,,,,898832,001,2025-04-01_10h25.02.569,SLSI3,2022.2.5,MacIntel,58.82352941,,,,,,,,,,,36,"[76.282,102.931,133.68099999999998,150.16400000000004,169.748,188.248,215.88,226.06400000000002,240.214,258.097,284.08,304.598,343.963,357.012,367.663,390.896,407.1790000000001,417.53,439.579,474.746,512.696,528.645,538.2620000000001,546.429,60679.852000000006,60706.751000000004,60715.533,60727.817,66251.629,66259.04400000001,66280.76100000001,66291.077,66314.79400000001,66340.76000000001,66348.92700000001,66359.56000000001]","[76.282,102.931,133.68099999999998,150.16400000000004,169.748,188.248,215.88100000000003,226.06400000000002,240.214,258.097,284.08,304.599,343.963,357.012,367.663,390.896,407.1790000000001,417.53,439.579,474.746,512.696,528.645,538.2620000000001,546.429,60679.852000000006,60706.751000000004,60715.533,60727.817,66251.629,66259.04400000001,66280.76100000001,66291.077,66314.79400000001,66340.76100000001,66348.92700000001,66359.56000000001]",,18,"[134.76299999999998,170.462,189.247,216.57999999999998,305.929,344.77899999999994,368.712,408.42800000000005,418.09499999999997,440.72799999999995,475.57800000000003,513.495,539.278,60728.415,66252.293,66259.76000000001,66292.209,66341.826]","[134.76299999999998,170.462,189.247,216.57999999999998,305.929,344.77899999999994,368.712,408.429,418.09499999999997,440.72799999999995,475.57800000000003,513.495,539.278,60728.415,66252.293,66259.76000000001,66292.209,66341.826]",18,"[77.514,104.67999999999999,151.09699999999998,226.71299999999997,240.84599999999995,259.046,285.02899999999994,357.79499999999996,392.495,529.644,547.528,60680.733,60707.516,60716.8,66282.376,66315.592,66349.72600000001,66360.793]","[77.514,104.67999999999999,151.09699999999998,226.71299999999997,240.84599999999995,259.046,285.02899999999994,357.79499999999996,392.495,529.645,547.528,60680.733,60707.516,60716.8,66282.376,66315.592,66349.72600000001,66360.793]","[""legit_button""]",7.922794118,1.004,8.020833333,0.757,4.552696078,0.991,,,,,,resources/images/legit3.jpg,legit,1,0.73,0,0,,,,,,,,,,,,,,,,,,,,,,,,,,,,,,,,,,,,,,,,,,0,11,11,5,1,,,,,,,,,,,,,,,,,,,,,,,,,,,,,,,,,,,,,,,,,,,,,,,,,,,,,,,,,,,,,,,,,,,,,,,
,,,,,,,,,,,,,,,,898832,001,2025-04-01_10h25.02.569,SLSI3,2022.2.5,MacIntel,58.82352941,,,,,,,,,,,37,"[76.282,102.931,133.68099999999998,150.16400000000004,169.748,188.248,215.88,226.06400000000002,240.214,258.097,284.08,304.598,343.963,357.012,367.663,390.896,407.1790000000001,417.53,439.579,474.746,512.696,528.645,538.2620000000001,546.429,60679.852000000006,60706.751000000004,60715.533,60727.817,66251.629,66259.04400000001,66280.76100000001,66291.077,66314.79400000001,66340.76000000001,66348.92700000001,66359.56000000001,66386.527]","[76.282,102.931,133.68099999999998,150.16400000000004,169.748,188.248,215.88100000000003,226.06400000000002,240.214,258.097,284.08,304.599,343.963,357.012,367.663,390.896,407.1790000000001,417.53,439.579,474.746,512.696,528.645,538.2620000000001,546.429,60679.852000000006,60706.751000000004,60715.533,60727.817,66251.629,66259.04400000001,66280.76100000001,66291.077,66314.79400000001,66340.76100000001,66348.92700000001,66359.56000000001,66386.527]",,18,"[134.76299999999998,170.462,189.247,216.57999999999998,305.929,344.77899999999994,368.712,408.42800000000005,418.09499999999997,440.72799999999995,475.57800000000003,513.495,539.278,60728.415,66252.293,66259.76000000001,66292.209,66341.826]","[134.76299999999998,170.462,189.247,216.57999999999998,305.929,344.77899999999994,368.712,408.429,418.09499999999997,440.72799999999995,475.57800000000003,513.495,539.278,60728.415,66252.293,66259.76000000001,66292.209,66341.826]",19,"[77.514,104.67999999999999,151.09699999999998,226.71299999999997,240.84599999999995,259.046,285.02899999999994,357.79499999999996,392.495,529.644,547.528,60680.733,60707.516,60716.8,66282.376,66315.592,66349.72600000001,66360.793,66387.442]","[77.514,104.67999999999999,151.09699999999998,226.71299999999997,240.84599999999995,259.046,285.02899999999994,357.79499999999996,392.495,529.645,547.528,60680.733,60707.516,60716.8,66282.376,66315.592,66349.72600000001,66360.793,66387.443]","[""legit_button""]",8.278186275,0.72,1.68504902,1.303,2.922794118,1.119,,,,,,resources/images/legit4-EDIT.png,legit,0.65,0.65,0,0,,,,,,,,,,,,,,,,,,,,,,,,,,,,,,,,,,,,,,,,,,0,12,12,11,1,,,,,,,,,,,,,,,,,,,,,,,,,,,,,,,,,,,,,,,,,,,,,,,,,,,,,,,,,,,,,,,,,,,,,,,
,,,,,,,,,,,,,,,,898832,001,2025-04-01_10h25.02.569,SLSI3,2022.2.5,MacIntel,58.82352941,,,,,,,,,,,38,"[76.282,102.931,133.68099999999998,150.16400000000004,169.748,188.248,215.88,226.06400000000002,240.214,258.097,284.08,304.598,343.963,357.012,367.663,390.896,407.1790000000001,417.53,439.579,474.746,512.696,528.645,538.2620000000001,546.429,60679.852000000006,60706.751000000004,60715.533,60727.817,66251.629,66259.04400000001,66280.76100000001,66291.077,66314.79400000001,66340.76000000001,66348.92700000001,66359.56000000001,66386.527,66396.777]","[76.282,102.931,133.68099999999998,150.16400000000004,169.748,188.248,215.88100000000003,226.06400000000002,240.214,258.097,284.08,304.599,343.963,357.012,367.663,390.896,407.1790000000001,417.53,439.579,474.746,512.696,528.645,538.2620000000001,546.429,60679.852000000006,60706.751000000004,60715.533,60727.817,66251.629,66259.04400000001,66280.76100000001,66291.077,66314.79400000001,66340.76100000001,66348.92700000001,66359.56000000001,66386.527,66396.777]",,19,"[134.76299999999998,170.462,189.247,216.57999999999998,305.929,344.77899999999994,368.712,408.42800000000005,418.09499999999997,440.72799999999995,475.57800000000003,513.495,539.278,60728.415,66252.293,66259.76000000001,66292.209,66341.826,66397.97600000001]","[134.76299999999998,170.462,189.247,216.57999999999998,305.929,344.77899999999994,368.712,408.429,418.09499999999997,440.72799999999995,475.57800000000003,513.495,539.278,60728.415,66252.293,66259.76000000001,66292.209,66341.826,66397.97600000001]",19,"[77.514,104.67999999999999,151.09699999999998,226.71299999999997,240.84599999999995,259.046,285.02899999999994,357.79499999999996,392.495,529.644,547.528,60680.733,60707.516,60716.8,66282.376,66315.592,66349.72600000001,66360.793,66387.442]","[77.514,104.67999999999999,151.09699999999998,226.71299999999997,240.84599999999995,259.046,285.02899999999994,357.79499999999996,392.495,529.645,547.528,60680.733,60707.516,60716.8,66282.376,66315.592,66349.72600000001,66360.793,66387.443]","[""scam_button""]",8.670343137,0.687,7.702205882,0.621,2.787990196,0.57,,,,,,resources/images/legit10-EDIT.png,legit,1,0.65,0,0,,,,,,,,,,,,,,,,,,,,,,,,,,,,,,,,,,,,,,,,,,0,13,13,18,1,,,,,,,,,,,,,,,,,,,,,,,,,,,,,,,,,,,,,,,,,,,,,,,,,,,,,,,,,,,,,,,,,,,,,,,
,,,,,,,,,,,,,,,,898832,001,2025-04-01_10h25.02.569,SLSI3,2022.2.5,MacIntel,58.82352941,,,,,,,,,,,39,"[76.282,102.931,133.68099999999998,150.16400000000004,169.748,188.248,215.88,226.06400000000002,240.214,258.097,284.08,304.598,343.963,357.012,367.663,390.896,407.1790000000001,417.53,439.579,474.746,512.696,528.645,538.2620000000001,546.429,60679.852000000006,60706.751000000004,60715.533,60727.817,66251.629,66259.04400000001,66280.76100000001,66291.077,66314.79400000001,66340.76000000001,66348.92700000001,66359.56000000001,66386.527,66396.777,66405.12700000001]","[76.282,102.931,133.68099999999998,150.16400000000004,169.748,188.248,215.88100000000003,226.06400000000002,240.214,258.097,284.08,304.599,343.963,357.012,367.663,390.896,407.1790000000001,417.53,439.579,474.746,512.696,528.645,538.2620000000001,546.429,60679.852000000006,60706.751000000004,60715.533,60727.817,66251.629,66259.04400000001,66280.76100000001,66291.077,66314.79400000001,66340.76100000001,66348.92700000001,66359.56000000001,66386.527,66396.777,66405.12700000001]",,20,"[134.76299999999998,170.462,189.247,216.57999999999998,305.929,344.77899999999994,368.712,408.42800000000005,418.09499999999997,440.72799999999995,475.57800000000003,513.495,539.278,60728.415,66252.293,66259.76000000001,66292.209,66341.826,66397.97600000001,66406.05900000001]","[134.76299999999998,170.462,189.247,216.57999999999998,305.929,344.77899999999994,368.712,408.429,418.09499999999997,440.72799999999995,475.57800000000003,513.495,539.278,60728.415,66252.293,66259.76000000001,66292.209,66341.826,66397.97600000001,66406.05900000001]",19,"[77.514,104.67999999999999,151.09699999999998,226.71299999999997,240.84599999999995,259.046,285.02899999999994,357.79499999999996,392.495,529.644,547.528,60680.733,60707.516,60716.8,66282.376,66315.592,66349.72600000001,66360.793,66387.442]","[77.514,104.67999999999999,151.09699999999998,226.71299999999997,240.84599999999995,259.046,285.02899999999994,357.79499999999996,392.495,529.645,547.528,60680.733,60707.516,60716.8,66282.376,66315.592,66349.72600000001,66360.793,66387.443]","[""scam_button""]",8.707107843,0.753,6.158088235,1.62,3.265931373,5.054,,,,,,resources/images/scam5.jpg,scam,0.7,0.65,0,0,,,,,,,,,,,,,,,,,,,,,,,,,,,,,,,,,,,,,,,,,,0,14,14,7,1,,,,,,,,,,,,,,,,,,,,,,,,,,,,,,,,,,,,,,,,,,,,,,,,,,,,,,,,,,,,,,,,,,,,,,,
,,,,,,,,,,,,,,,,898832,001,2025-04-01_10h25.02.569,SLSI3,2022.2.5,MacIntel,58.82352941,,,,,,,,,,,40,"[76.282,102.931,133.68099999999998,150.16400000000004,169.748,188.248,215.88,226.06400000000002,240.214,258.097,284.08,304.598,343.963,357.012,367.663,390.896,407.1790000000001,417.53,439.579,474.746,512.696,528.645,538.2620000000001,546.429,60679.852000000006,60706.751000000004,60715.533,60727.817,66251.629,66259.04400000001,66280.76100000001,66291.077,66314.79400000001,66340.76000000001,66348.92700000001,66359.56000000001,66386.527,66396.777,66405.12700000001,66420.46]","[76.282,102.931,133.68099999999998,150.16400000000004,169.748,188.248,215.88100000000003,226.06400000000002,240.214,258.097,284.08,304.599,343.963,357.012,367.663,390.896,407.1790000000001,417.53,439.579,474.746,512.696,528.645,538.2620000000001,546.429,60679.852000000006,60706.751000000004,60715.533,60727.817,66251.629,66259.04400000001,66280.76100000001,66291.077,66314.79400000001,66340.76100000001,66348.92700000001,66359.56000000001,66386.527,66396.777,66405.12700000001,66420.46]",,21,"[134.76299999999998,170.462,189.247,216.57999999999998,305.929,344.77899999999994,368.712,408.42800000000005,418.09499999999997,440.72799999999995,475.57800000000003,513.495,539.278,60728.415,66252.293,66259.76000000001,66292.209,66341.826,66397.97600000001,66406.05900000001,66421.442]","[134.76299999999998,170.462,189.247,216.57999999999998,305.929,344.77899999999994,368.712,408.429,418.09499999999997,440.72799999999995,475.57800000000003,513.495,539.278,60728.415,66252.293,66259.76000000001,66292.209,66341.826,66397.97600000001,66406.05900000001,66421.442]",19,"[77.514,104.67999999999999,151.09699999999998,226.71299999999997,240.84599999999995,259.046,285.02899999999994,357.79499999999996,392.495,529.644,547.528,60680.733,60707.516,60716.8,66282.376,66315.592,66349.72600000001,66360.793,66387.442]","[77.514,104.67999999999999,151.09699999999998,226.71299999999997,240.84599999999995,259.046,285.02899999999994,357.79499999999996,392.495,529.645,547.528,60680.733,60707.516,60716.8,66282.376,66315.592,66349.72600000001,66360.793,66387.443]","[""scam_button""]",8.290441176,1.037,2.628676471,4.52,6.231617647,4.837,,,,,,resources/images/scam13.png,scam,1,0.65,0,0,,,,,,,,,,,,,,,,,,,,,,,,,,,,,,,,,,,,,,,,,,0,15,15,16,1,,,,,,,,,,,,,,,,,,,,,,,,,,,,,,,,,,,,,,,,,,,,,,,,,,,,,,,,,,,,,,,,,,,,,,,
,,,,,,,,,,,,,,,,898832,001,2025-04-01_10h25.02.569,SLSI3,2022.2.5,MacIntel,58.82352941,,,,,,,,,,,41,"[76.282,102.931,133.68099999999998,150.16400000000004,169.748,188.248,215.88,226.06400000000002,240.214,258.097,284.08,304.598,343.963,357.012,367.663,390.896,407.1790000000001,417.53,439.579,474.746,512.696,528.645,538.2620000000001,546.429,60679.852000000006,60706.751000000004,60715.533,60727.817,66251.629,66259.04400000001,66280.76100000001,66291.077,66314.79400000001,66340.76000000001,66348.92700000001,66359.56000000001,66386.527,66396.777,66405.12700000001,66420.46,66436.546]","[76.282,102.931,133.68099999999998,150.16400000000004,169.748,188.248,215.88100000000003,226.06400000000002,240.214,258.097,284.08,304.599,343.963,357.012,367.663,390.896,407.1790000000001,417.53,439.579,474.746,512.696,528.645,538.2620000000001,546.429,60679.852000000006,60706.751000000004,60715.533,60727.817,66251.629,66259.04400000001,66280.76100000001,66291.077,66314.79400000001,66340.76100000001,66348.92700000001,66359.56000000001,66386.527,66396.777,66405.12700000001,66420.46,66436.546]",,21,"[134.76299999999998,170.462,189.247,216.57999999999998,305.929,344.77899999999994,368.712,408.42800000000005,418.09499999999997,440.72799999999995,475.57800000000003,513.495,539.278,60728.415,66252.293,66259.76000000001,66292.209,66341.826,66397.97600000001,66406.05900000001,66421.442]","[134.76299999999998,170.462,189.247,216.57999999999998,305.929,344.77899999999994,368.712,408.429,418.09499999999997,440.72799999999995,475.57800000000003,513.495,539.278,60728.415,66252.293,66259.76000000001,66292.209,66341.826,66397.97600000001,66406.05900000001,66421.442]",20,"[77.514,104.67999999999999,151.09699999999998,226.71299999999997,240.84599999999995,259.046,285.02899999999994,357.79499999999996,392.495,529.644,547.528,60680.733,60707.516,60716.8,66282.376,66315.592,66349.72600000001,66360.793,66387.442,66437.142]","[77.514,104.67999999999999,151.09699999999998,226.71299999999997,240.84599999999995,259.046,285.02899999999994,357.79499999999996,392.495,529.645,547.528,60680.733,60707.516,60716.8,66282.376,66315.592,66349.72600000001,66360.793,66387.443,66437.142]","[""legit_button""]",8.400735294,0.619,8.400735294,0.304,8.241421569,0.77,,,,,,resources/images/legit8.png,legit,0.8,0.72,0,0,,,,,,,,,,,,,,,,,,,,,,,,,,,,,,,,,,,,,,,,,,0,16,16,15,1,,,,,,,,,,,,,,,,,,,,,,,,,,,,,,,,,,,,,,,,,,,,,,,,,,,,,,,,,,,,,,,,,,,,,,,
,,,,,,,,,,,,,,,,898832,001,2025-04-01_10h25.02.569,SLSI3,2022.2.5,MacIntel,58.82352941,,,,,,,,,,,42,"[76.282,102.931,133.68099999999998,150.16400000000004,169.748,188.248,215.88,226.06400000000002,240.214,258.097,284.08,304.598,343.963,357.012,367.663,390.896,407.1790000000001,417.53,439.579,474.746,512.696,528.645,538.2620000000001,546.429,60679.852000000006,60706.751000000004,60715.533,60727.817,66251.629,66259.04400000001,66280.76100000001,66291.077,66314.79400000001,66340.76000000001,66348.92700000001,66359.56000000001,66386.527,66396.777,66405.12700000001,66420.46,66436.546,66440.92700000001]","[76.282,102.931,133.68099999999998,150.16400000000004,169.748,188.248,215.88100000000003,226.06400000000002,240.214,258.097,284.08,304.599,343.963,357.012,367.663,390.896,407.1790000000001,417.53,439.579,474.746,512.696,528.645,538.2620000000001,546.429,60679.852000000006,60706.751000000004,60715.533,60727.817,66251.629,66259.04400000001,66280.76100000001,66291.077,66314.79400000001,66340.76100000001,66348.92700000001,66359.56000000001,66386.527,66396.777,66405.12700000001,66420.46,66436.546,66440.92700000001]",,22,"[134.76299999999998,170.462,189.247,216.57999999999998,305.929,344.77899999999994,368.712,408.42800000000005,418.09499999999997,440.72799999999995,475.57800000000003,513.495,539.278,60728.415,66252.293,66259.76000000001,66292.209,66341.826,66397.97600000001,66406.05900000001,66421.442,66441.509]","[134.76299999999998,170.462,189.247,216.57999999999998,305.929,344.77899999999994,368.712,408.429,418.09499999999997,440.72799999999995,475.57800000000003,513.495,539.278,60728.415,66252.293,66259.76000000001,66292.209,66341.826,66397.97600000001,66406.05900000001,66421.442,66441.509]",20,"[77.514,104.67999999999999,151.09699999999998,226.71299999999997,240.84599999999995,259.046,285.02899999999994,357.79499999999996,392.495,529.644,547.528,60680.733,60707.516,60716.8,66282.376,66315.592,66349.72600000001,66360.793,66387.442,66437.142]","[77.514,104.67999999999999,151.09699999999998,226.71299999999997,240.84599999999995,259.046,285.02899999999994,357.79499999999996,392.495,529.645,547.528,60680.733,60707.516,60716.8,66282.376,66315.592,66349.72600000001,66360.793,66387.443,66437.142]","[""scam_button""]",7.665441176,0.669,3.106617647,0.489,7.077205882,0.436,,,,,,resources/images/scam_2.png,scam,0.9,0.65,0,0,,,,,,,,,,,,,,,,,,,,,,,,,,,,,,,,,,,,,,,,,,0,17,17,1,1,,,,,,,,,,,,,,,,,,,,,,,,,,,,,,,,,,,,,,,,,,,,,,,,,,,,,,,,,,,,,,,,,,,,,,,
,,,,,,,,,,,,,,,,898832,001,2025-04-01_10h25.02.569,SLSI3,2022.2.5,MacIntel,58.82352941,,,,,,,,,,,43,"[76.282,102.931,133.68099999999998,150.16400000000004,169.748,188.248,215.88,226.06400000000002,240.214,258.097,284.08,304.598,343.963,357.012,367.663,390.896,407.1790000000001,417.53,439.579,474.746,512.696,528.645,538.2620000000001,546.429,60679.852000000006,60706.751000000004,60715.533,60727.817,66251.629,66259.04400000001,66280.76100000001,66291.077,66314.79400000001,66340.76000000001,66348.92700000001,66359.56000000001,66386.527,66396.777,66405.12700000001,66420.46,66436.546,66440.92700000001,66449.027]","[76.282,102.931,133.68099999999998,150.16400000000004,169.748,188.248,215.88100000000003,226.06400000000002,240.214,258.097,284.08,304.599,343.963,357.012,367.663,390.896,407.1790000000001,417.53,439.579,474.746,512.696,528.645,538.2620000000001,546.429,60679.852000000006,60706.751000000004,60715.533,60727.817,66251.629,66259.04400000001,66280.76100000001,66291.077,66314.79400000001,66340.76100000001,66348.92700000001,66359.56000000001,66386.527,66396.777,66405.12700000001,66420.46,66436.546,66440.92700000001,66449.027]",,23,"[134.76299999999998,170.462,189.247,216.57999999999998,305.929,344.77899999999994,368.712,408.42800000000005,418.09499999999997,440.72799999999995,475.57800000000003,513.495,539.278,60728.415,66252.293,66259.76000000001,66292.209,66341.826,66397.97600000001,66406.05900000001,66421.442,66441.509,66449.674]","[134.76299999999998,170.462,189.247,216.57999999999998,305.929,344.77899999999994,368.712,408.429,418.09499999999997,440.72799999999995,475.57800000000003,513.495,539.278,60728.415,66252.293,66259.76000000001,66292.209,66341.826,66397.97600000001,66406.05900000001,66421.442,66441.509,66449.675]",20,"[77.514,104.67999999999999,151.09699999999998,226.71299999999997,240.84599999999995,259.046,285.02899999999994,357.79499999999996,392.495,529.644,547.528,60680.733,60707.516,60716.8,66282.376,66315.592,66349.72600000001,66360.793,66387.442,66437.142]","[77.514,104.67999999999999,151.09699999999998,226.71299999999997,240.84599999999995,259.046,285.02899999999994,357.79499999999996,392.495,529.645,547.528,60680.733,60707.516,60716.8,66282.376,66315.592,66349.72600000001,66360.793,66387.443,66437.142]","[""scam_button""]",8.474264706,0.505,1.991421569,0.736,1.219362745,0.624,,,,,,resources/images/legit2.jpg,legit,1,0.65,0,0,,,,,,,,,,,,,,,,,,,,,,,,,,,,,,,,,,,,,,,,,,0,18,18,4,1,,,,,,,,,,,,,,,,,,,,,,,,,,,,,,,,,,,,,,,,,,,,,,,,,,,,,,,,,,,,,,,,,,,,,,,
,,,,,,,,,,,,,,,,898832,001,2025-04-01_10h25.02.569,SLSI3,2022.2.5,MacIntel,58.82352941,,,,,,,,,,,44,"[76.282,102.931,133.68099999999998,150.16400000000004,169.748,188.248,215.88,226.06400000000002,240.214,258.097,284.08,304.598,343.963,357.012,367.663,390.896,407.1790000000001,417.53,439.579,474.746,512.696,528.645,538.2620000000001,546.429,60679.852000000006,60706.751000000004,60715.533,60727.817,66251.629,66259.04400000001,66280.76100000001,66291.077,66314.79400000001,66340.76000000001,66348.92700000001,66359.56000000001,66386.527,66396.777,66405.12700000001,66420.46,66436.546,66440.92700000001,66449.027,66457.409]","[76.282,102.931,133.68099999999998,150.16400000000004,169.748,188.248,215.88100000000003,226.06400000000002,240.214,258.097,284.08,304.599,343.963,357.012,367.663,390.896,407.1790000000001,417.53,439.579,474.746,512.696,528.645,538.2620000000001,546.429,60679.852000000006,60706.751000000004,60715.533,60727.817,66251.629,66259.04400000001,66280.76100000001,66291.077,66314.79400000001,66340.76100000001,66348.92700000001,66359.56000000001,66386.527,66396.777,66405.12700000001,66420.46,66436.546,66440.92700000001,66449.027,66457.409]",,23,"[134.76299999999998,170.462,189.247,216.57999999999998,305.929,344.77899999999994,368.712,408.42800000000005,418.09499999999997,440.72799999999995,475.57800000000003,513.495,539.278,60728.415,66252.293,66259.76000000001,66292.209,66341.826,66397.97600000001,66406.05900000001,66421.442,66441.509,66449.674]","[134.76299999999998,170.462,189.247,216.57999999999998,305.929,344.77899999999994,368.712,408.429,418.09499999999997,440.72799999999995,475.57800000000003,513.495,539.278,60728.415,66252.293,66259.76000000001,66292.209,66341.826,66397.97600000001,66406.05900000001,66421.442,66441.509,66449.675]",21,"[77.514,104.67999999999999,151.09699999999998,226.71299999999997,240.84599999999995,259.046,285.02899999999994,357.79499999999996,392.495,529.644,547.528,60680.733,60707.516,60716.8,66282.376,66315.592,66349.72600000001,66360.793,66387.442,66437.142,66458.192]","[77.514,104.67999999999999,151.09699999999998,226.71299999999997,240.84599999999995,259.046,285.02899999999994,357.79499999999996,392.495,529.645,547.528,60680.733,60707.516,60716.8,66282.376,66315.592,66349.72600000001,66360.793,66387.443,66437.142,66458.192]","[""legit_button""]",8.033088235,0.772,4.099264706,0.384,6.856617647,0.42,,,,,,resources/images/scam4.png,scam,0.8,0.65,0,0,,,,,,,,,,,,,,,,,,,,,,,,,,,,,,,,,,,,,,,,,,0,19,19,6,1,,,,,,,,,,,,,,,,,,,,,,,,,,,,,,,,,,,,,,,,,,,,,,,,,,,,,,,,,,,,,,,,,,,,,,,
,,,,,,,,,,,,,,,,898832,001,2025-04-01_10h25.02.569,SLSI3,2022.2.5,MacIntel,58.82352941,,,,,,,,,,,45,"[76.282,102.931,133.68099999999998,150.16400000000004,169.748,188.248,215.88,226.06400000000002,240.214,258.097,284.08,304.598,343.963,357.012,367.663,390.896,407.1790000000001,417.53,439.579,474.746,512.696,528.645,538.2620000000001,546.429,60679.852000000006,60706.751000000004,60715.533,60727.817,66251.629,66259.04400000001,66280.76100000001,66291.077,66314.79400000001,66340.76000000001,66348.92700000001,66359.56000000001,66386.527,66396.777,66405.12700000001,66420.46,66436.546,66440.92700000001,66449.027,66457.409,66461.793]","[76.282,102.931,133.68099999999998,150.16400000000004,169.748,188.248,215.88100000000003,226.06400000000002,240.214,258.097,284.08,304.599,343.963,357.012,367.663,390.896,407.1790000000001,417.53,439.579,474.746,512.696,528.645,538.2620000000001,546.429,60679.852000000006,60706.751000000004,60715.533,60727.817,66251.629,66259.04400000001,66280.76100000001,66291.077,66314.79400000001,66340.76100000001,66348.92700000001,66359.56000000001,66386.527,66396.777,66405.12700000001,66420.46,66436.546,66440.92700000001,66449.027,66457.409,66461.793]",,24,"[134.76299999999998,170.462,189.247,216.57999999999998,305.929,344.77899999999994,368.712,408.42800000000005,418.09499999999997,440.72799999999995,475.57800000000003,513.495,539.278,60728.415,66252.293,66259.76000000001,66292.209,66341.826,66397.97600000001,66406.05900000001,66421.442,66441.509,66449.674,66462.342]","[134.76299999999998,170.462,189.247,216.57999999999998,305.929,344.77899999999994,368.712,408.429,418.09499999999997,440.72799999999995,475.57800000000003,513.495,539.278,60728.415,66252.293,66259.76000000001,66292.209,66341.826,66397.97600000001,66406.05900000001,66421.442,66441.509,66449.675,66462.342]",21,"[77.514,104.67999999999999,151.09699999999998,226.71299999999997,240.84599999999995,259.046,285.02899999999994,357.79499999999996,392.495,529.644,547.528,60680.733,60707.516,60716.8,66282.376,66315.592,66349.72600000001,66360.793,66387.442,66437.142,66458.192]","[77.514,104.67999999999999,151.09699999999998,226.71299999999997,240.84599999999995,259.046,285.02899999999994,357.79499999999996,392.495,529.645,547.528,60680.733,60707.516,60716.8,66282.376,66315.592,66349.72600000001,66360.793,66387.443,66437.142,66458.192]","[""scam_button""]",7.530637255,0.952,7.530637255,0.437,7.530637255,0.537,,,,,,resources/images/scam7.png,scam,0.65,0.65,0,0,,,,,,,,,,,,,,,,,,,,,,,,,,,,,,,,,,,,,,,,,,0,20,20,10,1,,,,,,,,,,,,,,,,,,,,,,,,,,,,,,,,,,,,,,,,,,,,,,,,,,,,,,,,,,,,,,,,,,,,,,,
,,,,,,,,,,,,,,,,898832,001,2025-04-01_10h25.02.569,SLSI3,2022.2.5,MacIntel,58.82352941,,,,,,,,,,,46,"[76.282,102.931,133.68099999999998,150.16400000000004,169.748,188.248,215.88,226.06400000000002,240.214,258.097,284.08,304.598,343.963,357.012,367.663,390.896,407.1790000000001,417.53,439.579,474.746,512.696,528.645,538.2620000000001,546.429,60679.852000000006,60706.751000000004,60715.533,60727.817,66251.629,66259.04400000001,66280.76100000001,66291.077,66314.79400000001,66340.76000000001,66348.92700000001,66359.56000000001,66386.527,66396.777,66405.12700000001,66420.46,66436.546,66440.92700000001,66449.027,66457.409,66461.793,66470.99200000001]","[76.282,102.931,133.68099999999998,150.16400000000004,169.748,188.248,215.88100000000003,226.06400000000002,240.214,258.097,284.08,304.599,343.963,357.012,367.663,390.896,407.1790000000001,417.53,439.579,474.746,512.696,528.645,538.2620000000001,546.429,60679.852000000006,60706.751000000004,60715.533,60727.817,66251.629,66259.04400000001,66280.76100000001,66291.077,66314.79400000001,66340.76100000001,66348.92700000001,66359.56000000001,66386.527,66396.777,66405.12700000001,66420.46,66436.546,66440.92700000001,66449.027,66457.409,66461.793,66470.993]",,25,"[134.76299999999998,170.462,189.247,216.57999999999998,305.929,344.77899999999994,368.712,408.42800000000005,418.09499999999997,440.72799999999995,475.57800000000003,513.495,539.278,60728.415,66252.293,66259.76000000001,66292.209,66341.826,66397.97600000001,66406.05900000001,66421.442,66441.509,66449.674,66462.342,66471.859]","[134.76299999999998,170.462,189.247,216.57999999999998,305.929,344.77899999999994,368.712,408.429,418.09499999999997,440.72799999999995,475.57800000000003,513.495,539.278,60728.415,66252.293,66259.76000000001,66292.209,66341.826,66397.97600000001,66406.05900000001,66421.442,66441.509,66449.675,66462.342,66471.859]",21,"[77.514,104.67999999999999,151.09699999999998,226.71299999999997,240.84599999999995,259.046,285.02899999999994,357.79499999999996,392.495,529.644,547.528,60680.733,60707.516,60716.8,66282.376,66315.592,66349.72600000001,66360.793,66387.442,66437.142,66458.192]","[77.514,104.67999999999999,151.09699999999998,226.71299999999997,240.84599999999995,259.046,285.02899999999994,357.79499999999996,392.495,529.645,547.528,60680.733,60707.516,60716.8,66282.376,66315.592,66349.72600000001,66360.793,66387.443,66437.142,66458.192]","[""scam_button""]",7.640931373,0.72,1.525735294,0.556,2.322303922,1.121,,,,,,resources/images/scam10.jpg,scam,1,0.65,0,0,,,,,,,,,,,,,,,,,,,,,,,,,,,,,,,,,,,,,,,,,,0,21,21,17,1,,,,,,,,,,,,,,,,,,,,,,,,,,,,,,,,,,,,,,,,,,,,,,,,,,,,,,,,,,,,,,,,,,,,,,,
,,,,,,,,,,,,,,,,898832,001,2025-04-01_10h25.02.569,SLSI3,2022.2.5,MacIntel,58.82352941,,,,,,,,,,,47,"[76.282,102.931,133.68099999999998,150.16400000000004,169.748,188.248,215.88,226.06400000000002,240.214,258.097,284.08,304.598,343.963,357.012,367.663,390.896,407.1790000000001,417.53,439.579,474.746,512.696,528.645,538.2620000000001,546.429,60679.852000000006,60706.751000000004,60715.533,60727.817,66251.629,66259.04400000001,66280.76100000001,66291.077,66314.79400000001,66340.76000000001,66348.92700000001,66359.56000000001,66386.527,66396.777,66405.12700000001,66420.46,66436.546,66440.92700000001,66449.027,66457.409,66461.793,66470.99200000001,66484.61]","[76.282,102.931,133.68099999999998,150.16400000000004,169.748,188.248,215.88100000000003,226.06400000000002,240.214,258.097,284.08,304.599,343.963,357.012,367.663,390.896,407.1790000000001,417.53,439.579,474.746,512.696,528.645,538.2620000000001,546.429,60679.852000000006,60706.751000000004,60715.533,60727.817,66251.629,66259.04400000001,66280.76100000001,66291.077,66314.79400000001,66340.76100000001,66348.92700000001,66359.56000000001,66386.527,66396.777,66405.12700000001,66420.46,66436.546,66440.92700000001,66449.027,66457.409,66461.793,66470.993,66484.61]",,25,"[134.76299999999998,170.462,189.247,216.57999999999998,305.929,344.77899999999994,368.712,408.42800000000005,418.09499999999997,440.72799999999995,475.57800000000003,513.495,539.278,60728.415,66252.293,66259.76000000001,66292.209,66341.826,66397.97600000001,66406.05900000001,66421.442,66441.509,66449.674,66462.342,66471.859]","[134.76299999999998,170.462,189.247,216.57999999999998,305.929,344.77899999999994,368.712,408.429,418.09499999999997,440.72799999999995,475.57800000000003,513.495,539.278,60728.415,66252.293,66259.76000000001,66292.209,66341.826,66397.97600000001,66406.05900000001,66421.442,66441.509,66449.675,66462.342,66471.859]",22,"[77.514,104.67999999999999,151.09699999999998,226.71299999999997,240.84599999999995,259.046,285.02899999999994,357.79499999999996,392.495,529.644,547.528,60680.733,60707.516,60716.8,66282.376,66315.592,66349.72600000001,66360.793,66387.442,66437.142,66458.192,66485.325]","[77.514,104.67999999999999,151.09699999999998,226.71299999999997,240.84599999999995,259.046,285.02899999999994,357.79499999999996,392.495,529.645,547.528,60680.733,60707.516,60716.8,66282.376,66315.592,66349.72600000001,66360.793,66387.443,66437.142,66458.192,66485.325]","[""legit_button""]",6.856617647,0.706,6.856617647,0.271,6.758578431,1.003,,,,,,resources/images/scam12.jpg,scam,0.65,0.65,0,0,,,,,,,,,,,,,,,,,,,,,,,,,,,,,,,,,,,,,,,,,,0,22,22,20,1,,,,,,,,,,,,,,,,,,,,,,,,,,,,,,,,,,,,,,,,,,,,,,,,,,,,,,,,,,,,,,,,,,,,,,,
,,,,,,,,,,,,,,,,898832,001,2025-04-01_10h25.02.569,SLSI3,2022.2.5,MacIntel,58.82352941,,,,,,,,,,,48,"[76.282,102.931,133.68099999999998,150.16400000000004,169.748,188.248,215.88,226.06400000000002,240.214,258.097,284.08,304.598,343.963,357.012,367.663,390.896,407.1790000000001,417.53,439.579,474.746,512.696,528.645,538.2620000000001,546.429,60679.852000000006,60706.751000000004,60715.533,60727.817,66251.629,66259.04400000001,66280.76100000001,66291.077,66314.79400000001,66340.76000000001,66348.92700000001,66359.56000000001,66386.527,66396.777,66405.12700000001,66420.46,66436.546,66440.92700000001,66449.027,66457.409,66461.793,66470.99200000001,66484.61,66489.22600000001]","[76.282,102.931,133.68099999999998,150.16400000000004,169.748,188.248,215.88100000000003,226.06400000000002,240.214,258.097,284.08,304.599,343.963,357.012,367.663,390.896,407.1790000000001,417.53,439.579,474.746,512.696,528.645,538.2620000000001,546.429,60679.852000000006,60706.751000000004,60715.533,60727.817,66251.629,66259.04400000001,66280.76100000001,66291.077,66314.79400000001,66340.76100000001,66348.92700000001,66359.56000000001,66386.527,66396.777,66405.12700000001,66420.46,66436.546,66440.92700000001,66449.027,66457.409,66461.793,66470.993,66484.61,66489.22600000001]",,26,"[134.76299999999998,170.462,189.247,216.57999999999998,305.929,344.77899999999994,368.712,408.42800000000005,418.09499999999997,440.72799999999995,475.57800000000003,513.495,539.278,60728.415,66252.293,66259.76000000001,66292.209,66341.826,66397.97600000001,66406.05900000001,66421.442,66441.509,66449.674,66462.342,66471.859,66490.009]","[134.76299999999998,170.462,189.247,216.57999999999998,305.929,344.77899999999994,368.712,408.429,418.09499999999997,440.72799999999995,475.57800000000003,513.495,539.278,60728.415,66252.293,66259.76000000001,66292.209,66341.826,66397.97600000001,66406.05900000001,66421.442,66441.509,66449.675,66462.342,66471.859,66490.009]",22,"[77.514,104.67999999999999,151.09699999999998,226.71299999999997,240.84599999999995,259.046,285.02899999999994,357.79499999999996,392.495,529.644,547.528,60680.733,60707.516,60716.8,66282.376,66315.592,66349.72600000001,66360.793,66387.442,66437.142,66458.192,66485.325]","[77.514,104.67999999999999,151.09699999999998,226.71299999999997,240.84599999999995,259.046,285.02899999999994,357.79499999999996,392.495,529.645,547.528,60680.733,60707.516,60716.8,66282.376,66315.592,66349.72600000001,66360.793,66387.443,66437.142,66458.192,66485.325]","[""scam_button""]",7.640931373,0.52,1.832107843,3.804,6.366421569,1.62,,,,,,resources/images/scam_11.png,scam,1,0.65,0,0,,,,,,,,,,,,,,,,,,,,,,,,,,,,,,,,,,,,,,,,,,0,23,23,19,1,,,,,,,,,,,,,,,,,,,,,,,,,,,,,,,,,,,,,,,,,,,,,,,,,,,,,,,,,,,,,,,,,,,,,,,
,,,,,,,,,,,,,,,,898832,001,2025-04-01_10h25.02.569,SLSI3,2022.2.5,MacIntel,58.82352941,,,,,,,,,,,,,,,,,,,,,,,,,,,,,,,,,,,,,,,,,,,,,,,,,,,,,,,,,,,,,,,,,,,,,,,,,,,,,,,,,,,,,space,2.451,,,,,,,,,,,,,,,,,,,,,,,,,,,,,,,,,,,,,,,,,,,,,,,,,,,,,,,,,,,,,,,,,,,,,
,,,,,,,,,,,,,,,,898832,001,2025-04-01_10h25.02.569,SLSI3,2022.2.5,MacIntel,58.82352941,,,,,,,,,,,,,,,,,,,,,,,,,,,,,,,,,,,,,,,,,,,,,,,,,,,,,,,,,,,,,,,,,,,,,,,,,,,,,,,,,,,,,,,3,2.404,...often feels sad,0,0,0,0,1,...often feels sad,,,,,,,,,,,,,,,,,,,,,,,,,,,,,,,,,,,,,,,,,,,,,,,,,,,,,,,,,,,,
,,,,,,,,,,,,,,,,898832,001,2025-04-01_10h25.02.569,SLSI3,2022.2.5,MacIntel,58.82352941,,,,,,,,,,,,,,,,,,,,,,,,,,,,,,,,,,,,,,,,,,,,,,,,,,,,,,,,,,,,,,,,,,,,,,,,,,,,,,,,,,,,,,,2,1.902,...is talktative,0,1,1,1,1,...is talktative,,,,,,,,,,,,,,,,,,,,,,,,,,,,,,,,,,,,,,,,,,,,,,,,,,,,,,,,,,,,
,,,,,,,,,,,,,,,,898832,001,2025-04-01_10h25.02.569,SLSI3,2022.2.5,MacIntel,58.82352941,,,,,,,,,,,,,,,,,,,,,,,,,,,,,,,,,,,,,,,,,,,,,,,,,,,,,,,,,,,,,,,,,,,,,,,,,,,,,,,,,,,,,,,5,4.17,"...is persistent, works until the task is finished",0,2,2,5,1,"...is persistent, works until the task is finished",,,,,,,,,,,,,,,,,,,,,,,,,,,,,,,,,,,,,,,,,,,,,,,,,,,,,,,,,,,,
,,,,,,,,,,,,,,,,898832,001,2025-04-01_10h25.02.569,SLSI3,2022.2.5,MacIntel,58.82352941,,,,,,,,,,,,,,,,,,,,,,,,,,,,,,,,,,,,,,,,,,,,,,,,,,,,,,,,,,,,,,,,,,,,,,,,,,,,,,,,,,,,,,,4,2.27,"....is reliable, can always be counted on",0,3,3,4,1,"....is reliable, can always be counted on",,,,,,,,,,,,,,,,,,,,,,,,,,,,,,,,,,,,,,,,,,,,,,,,,,,,,,,,,,,,
,,,,,,,,,,,,,,,,898832,001,2025-04-01_10h25.02.569,SLSI3,2022.2.5,MacIntel,58.82352941,,,,,,,,,,,,,,,,,,,,,,,,,,,,,,,,,,,,,,,,,,,,,,,,,,,,,,,,,,,,,,,,,,,,,,,,,,,,,,,,,,,,,,,2,2.086,...finds clever ways to do things,0,4,4,3,1,...finds clever ways to do things,,,,,,,,,,,,,,,,,,,,,,,,,,,,,,,,,,,,,,,,,,,,,,,,,,,,,,,,,,,,
,,,,,,,,,,,,,,,,898832,001,2025-04-01_10h25.02.569,SLSI3,2022.2.5,MacIntel,58.82352941,,,,,,,,,,,,,,,,,,,,,,,,,,,,,,,,,,,,,,,,,,,,,,,,,,,,,,,,,,,,,,,,,,,,,,,,,,,,,,,,,,,,,,,4,1.519,...is inventive,0,5,5,2,1,...is inventive,,,,,,,,,,,,,,,,,,,,,,,,,,,,,,,,,,,,,,,,,,,,,,,,,,,,,,,,,,,,
,,,,,,,,,,,,,,,,898832,001,2025-04-01_10h25.02.569,SLSI3,2022.2.5,MacIntel,58.82352941,,,,,,,,,,,,,,,,,,,,,,,,,,,,,,,,,,,,,,,,,,,,,,,,,,,,,,,,,,,,,,,,,,,,,,,,,,,,,,,,,,,,,,,,,,,,,,,,space,2.964,,,,,,,,,,,,,,,,,,,,,,,,,,,,,,,,,,,,,,,,,,,,,,,,,,,,,,,,,,
,,,,,,,,,,,,,,,,898832,001,2025-04-01_10h25.02.569,SLSI3,2022.2.5,MacIntel,58.82352941,,,,,,,,,,,,,,,,,,,,,,,,,,,,,,,,,,,,,,,,,,,,,,,,,,,,,,,,,,,,,,,,,,,,,,,,,,,,,,,,,,,,,,,,,,,,,,,,,,4,10.718,,0,0,0,10,1,"If I were unable to have children of my own, I would like to adopt children.",,,,,,,,,,,,,,,,,,,,,,,,,,,,,,,,,,,,,,,,,,,,,,,,,
,,,,,,,,,,,,,,,,898832,001,2025-04-01_10h25.02.569,SLSI3,2022.2.5,MacIntel,58.82352941,,,,,,,,,,,,,,,,,,,,,,,,,,,,,,,,,,,,,,,,,,,,,,,,,,,,,,,,,,,,,,,,,,,,,,,,,,,,,,,,,,,,,,,,,,,,,,,,,,2,4.302,,0,1,1,6,1,I try to be creative in most things that I do.,,,,,,,,,,,,,,,,,,,,,,,,,,,,,,,,,,,,,,,,,,,,,,,,,
,,,,,,,,,,,,,,,,898832,001,2025-04-01_10h25.02.569,SLSI3,2022.2.5,MacIntel,58.82352941,,,,,,,,,,,,,,,,,,,,,,,,,,,,,,,,,,,,,,,,,,,,,,,,,,,,,,,,,,,,,,,,,,,,,,,,,,,,,,,,,,,,,,,,,,,,,,,,,,2,5.52,,0,2,2,12,1,I feel that things I have done in my life will survive after I die.,,,,,,,,,,,,,,,,,,,,,,,,,,,,,,,,,,,,,,,,,,,,,,,,,
,,,,,,,,,,,,,,,,898832,001,2025-04-01_10h25.02.569,SLSI3,2022.2.5,MacIntel,58.82352941,,,,,,,,,,,,,,,,,,,,,,,,,,,,,,,,,,,,,,,,,,,,,,,,,,,,,,,,,,,,,,,,,,,,,,,,,,,,,,,,,,,,,,,,,,,,,,,,,,2,1.211,,0,3,3,19,1,I feel as though my contributions will exist after I die.,,,,,,,,,,,,,,,,,,,,,,,,,,,,,,,,,,,,,,,,,,,,,,,,,
,,,,,,,,,,,,,,,,898832,001,2025-04-01_10h25.02.569,SLSI3,2022.2.5,MacIntel,58.82352941,,,,,,,,,,,,,,,,,,,,,,,,,,,,,,,,,,,,,,,,,,,,,,,,,,,,,,,,,,,,,,,,,,,,,,,,,,,,,,,,,,,,,,,,,,,,,,,,,,4,2.073,,0,4,4,16,1,Other people say that I am a very productive person.,,,,,,,,,,,,,,,,,,,,,,,,,,,,,,,,,,,,,,,,,,,,,,,,,
,,,,,,,,,,,,,,,,898832,001,2025-04-01_10h25.02.569,SLSI3,2022.2.5,MacIntel,58.82352941,,,,,,,,,,,,,,,,,,,,,,,,,,,,,,,,,,,,,,,,,,,,,,,,,,,,,,,,,,,,,,,,,,,,,,,,,,,,,,,,,,,,,,,,,,,,,,,,,,4,3.127,,0,5,5,14,1,I feel as though I have done a lot to contribute to others.,,,,,,,,,,,,,,,,,,,,,,,,,,,,,,,,,,,,,,,,,,,,,,,,,
,,,,,,,,,,,,,,,,898832,001,2025-04-01_10h25.02.569,SLSI3,2022.2.5,MacIntel,58.82352941,,,,,,,,,,,,,,,,,,,,,,,,,,,,,,,,,,,,,,,,,,,,,,,,,,,,,,,,,,,,,,,,,,,,,,,,,,,,,,,,,,,,,,,,,,,,,,,,,,3,1.442,,0,6,6,5,1,I have made and created things that have had an impact on other people.,,,,,,,,,,,,,,,,,,,,,,,,,,,,,,,,,,,,,,,,,,,,,,,,,
,,,,,,,,,,,,,,,,898832,001,2025-04-01_10h25.02.569,SLSI3,2022.2.5,MacIntel,58.82352941,,,,,,,,,,,,,,,,,,,,,,,,,,,,,,,,,,,,,,,,,,,,,,,,,,,,,,,,,,,,,,,,,,,,,,,,,,,,,,,,,,,,,,,,,,,,,,,,,,4,1.004,,0,7,7,4,1,I volunteer to work for a charity.,,,,,,,,,,,,,,,,,,,,,,,,,,,,,,,,,,,,,,,,,,,,,,,,,
,,,,,,,,,,,,,,,,898832,001,2025-04-01_10h25.02.569,SLSI3,2022.2.5,MacIntel,58.82352941,,,,,,,,,,,,,,,,,,,,,,,,,,,,,,,,,,,,,,,,,,,,,,,,,,,,,,,,,,,,,,,,,,,,,,,,,,,,,,,,,,,,,,,,,,,,,,,,,,4,2.304,,0,8,8,18,1,People come to me for advice.,,,,,,,,,,,,,,,,,,,,,,,,,,,,,,,,,,,,,,,,,,,,,,,,,
,,,,,,,,,,,,,,,,898832,001,2025-04-01_10h25.02.569,SLSI3,2022.2.5,MacIntel,58.82352941,,,,,,,,,,,,,,,,,,,,,,,,,,,,,,,,,,,,,,,,,,,,,,,,,,,,,,,,,,,,,,,,,,,,,,,,,,,,,,,,,,,,,,,,,,,,,,,,,,2,2.084,,0,9,9,7,1,I think that I will be remembered for a long time after I die.,,,,,,,,,,,,,,,,,,,,,,,,,,,,,,,,,,,,,,,,,,,,,,,,,
,,,,,,,,,,,,,,,,898832,001,2025-04-01_10h25.02.569,SLSI3,2022.2.5,MacIntel,58.82352941,,,,,,,,,,,,,,,,,,,,,,,,,,,,,,,,,,,,,,,,,,,,,,,,,,,,,,,,,,,,,,,,,,,,,,,,,,,,,,,,,,,,,,,,,,,,,,,,,,3,10.938,,0,10,10,15,1,"I have made many commitments to many different kinds of people, groups, and activities in my life.",,,,,,,,,,,,,,,,,,,,,,,,,,,,,,,,,,,,,,,,,,,,,,,,,
,,,,,,,,,,,,,,,,898832,001,2025-04-01_10h25.02.569,SLSI3,2022.2.5,MacIntel,58.82352941,,,,,,,,,,,,,,,,,,,,,,,,,,,,,,,,,,,,,,,,,,,,,,,,,,,,,,,,,,,,,,,,,,,,,,,,,,,,,,,,,,,,,,,,,,,,,,,,,,2,1.618,,0,11,11,9,1,Others would say that I have made unique contributions to society.,,,,,,,,,,,,,,,,,,,,,,,,,,,,,,,,,,,,,,,,,,,,,,,,,
,,,,,,,,,,,,,,,,898832,001,2025-04-01_10h25.02.569,SLSI3,2022.2.5,MacIntel,58.82352941,,,,,,,,,,,,,,,,,,,,,,,,,,,,,,,,,,,,,,,,,,,,,,,,,,,,,,,,,,,,,,,,,,,,,,,,,,,,,,,,,,,,,,,,,,,,,,,,,,3,1.921,,0,12,12,3,1,I feel as though I have made a difference to many people.,,,,,,,,,,,,,,,,,,,,,,,,,,,,,,,,,,,,,,,,,,,,,,,,,
,,,,,,,,,,,,,,,,898832,001,2025-04-01_10h25.02.569,SLSI3,2022.2.5,MacIntel,58.82352941,,,,,,,,,,,,,,,,,,,,,,,,,,,,,,,,,,,,,,,,,,,,,,,,,,,,,,,,,,,,,,,,,,,,,,,,,,,,,,,,,,,,,,,,,,,,,,,,,,4,2.242,,0,13,13,8,1,I believe that society should be responsible for providing food and shelter for all homeless people.,,,,,,,,,,,,,,,,,,,,,,,,,,,,,,,,,,,,,,,,,,,,,,,,,
,,,,,,,,,,,,,,,,898832,001,2025-04-01_10h25.02.569,SLSI3,2022.2.5,MacIntel,58.82352941,,,,,,,,,,,,,,,,,,,,,,,,,,,,,,,,,,,,,,,,,,,,,,,,,,,,,,,,,,,,,,,,,,,,,,,,,,,,,,,,,,,,,,,,,,,,,,,,,,4,4.941,,0,14,14,13,1,"In general, my actions have a positive effect on other people.",,,,,,,,,,,,,,,,,,,,,,,,,,,,,,,,,,,,,,,,,,,,,,,,,
,,,,,,,,,,,,,,,,898832,001,2025-04-01_10h25.02.569,SLSI3,2022.2.5,MacIntel,58.82352941,,,,,,,,,,,,,,,,,,,,,,,,,,,,,,,,,,,,,,,,,,,,,,,,,,,,,,,,,,,,,,,,,,,,,,,,,,,,,,,,,,,,,,,,,,,,,,,,,,3,4.903,,0,15,15,11,1,I have important skills that I try to teach others.,,,,,,,,,,,,,,,,,,,,,,,,,,,,,,,,,,,,,,,,,,,,,,,,,
,,,,,,,,,,,,,,,,898832,001,2025-04-01_10h25.02.569,SLSI3,2022.2.5,MacIntel,58.82352941,,,,,,,,,,,,,,,,,,,,,,,,,,,,,,,,,,,,,,,,,,,,,,,,,,,,,,,,,,,,,,,,,,,,,,,,,,,,,,,,,,,,,,,,,,,,,,,,,,3,1.604,,0,16,16,17,1,I have a responsibility to improve the neighborhood in which I live.,,,,,,,,,,,,,,,,,,,,,,,,,,,,,,,,,,,,,,,,,,,,,,,,,
,,,,,,,,,,,,,,,,898832,001,2025-04-01_10h25.02.569,SLSI3,2022.2.5,MacIntel,58.82352941,,,,,,,,,,,,,,,,,,,,,,,,,,,,,,,,,,,,,,,,,,,,,,,,,,,,,,,,,,,,,,,,,,,,,,,,,,,,,,,,,,,,,,,,,,,,,,,,,,1,3.334,,0,17,17,2,1,I think I would like the work of a teacher.,,,,,,,,,,,,,,,,,,,,,,,,,,,,,,,,,,,,,,,,,,,,,,,,,
,,,,,,,,,,,,,,,,898832,001,2025-04-01_10h25.02.569,SLSI3,2022.2.5,MacIntel,58.82352941,,,,,,,,,,,,,,,,,,,,,,,,,,,,,,,,,,,,,,,,,,,,,,,,,,,,,,,,,,,,,,,,,,,,,,,,,,,,,,,,,,,,,,,,,,,,,,,,,,3,2.538,,0,18,18,1,1,I feel that other people need me.,,,,,,,,,,,,,,,,,,,,,,,,,,,,,,,,,,,,,,,,,,,,,,,,,
,,,,,,,,,,,,,,,,898832,001,2025-04-01_10h25.02.569,SLSI3,2022.2.5,MacIntel,58.82352941,,,,,,,,,,,,,,,,,,,,,,,,,,,,,,,,,,,,,,,,,,,,,,,,,,,,,,,,,,,,,,,,,,,,,,,,,,,,,,,,,,,,,,,,,,,,,,,,,,3,4.736,,0,19,19,0,1,Try to pass along the knowledge I have gained through my experiences.,,,,,,,,,,,,,,,,,,,,,,,,,,,,,,,,,,,,,,,,,,,,,,,,,
,,,,,,,,,,,,,,,,898832,001,2025-04-01_10h25.02.569,SLSI3,2022.2.5,MacIntel,58.82352941,,,,,,,,,,,,,,,,,,,,,,,,,,,,,,,,,,,,,,,,,,,,,,,,,,,,,,,,,,,,,,,,,,,,,,,,,,,,,,,,,,,,,,,,,,,,,,,,,,,,,,,,,,,space,1.877,,,,,,,,,,,,,,,,,,,,,,,,,,,,,,,,,,,,,,,,,,,,,,,
,,,,,,,,,,,,,,,,898832,001,2025-04-01_10h25.02.569,SLSI3,2022.2.5,MacIntel,58.82352941,,,,,,,,,,,,,,,,,,,,,,,,,,,,,,,,,,,,,,,,,,,,,,,,,,,,,,,,,,,,,,,,,,,,,,,,,,,,,,,,,,,,,,,,,,,,,,,,,,,,,,,,,,I can find companionship when I want it,,,3,2.901,,0,0,0,14,1,,,,,,,,,,,,,,,,,,,,,,,,,,,,,,,,,,,,,,,
,,,,,,,,,,,,,,,,898832,001,2025-04-01_10h25.02.569,SLSI3,2022.2.5,MacIntel,58.82352941,,,,,,,,,,,,,,,,,,,,,,,,,,,,,,,,,,,,,,,,,,,,,,,,,,,,,,,,,,,,,,,,,,,,,,,,,,,,,,,,,,,,,,,,,,,,,,,,,,,,,,,,,,People are around me but not with me,,,4,2.354,,0,1,1,17,1,,,,,,,,,,,,,,,,,,,,,,,,,,,,,,,,,,,,,,,
,,,,,,,,,,,,,,,,898832,001,2025-04-01_10h25.02.569,SLSI3,2022.2.5,MacIntel,58.82352941,,,,,,,,,,,,,,,,,,,,,,,,,,,,,,,,,,,,,,,,,,,,,,,,,,,,,,,,,,,,,,,,,,,,,,,,,,,,,,,,,,,,,,,,,,,,,,,,,,,,,,,,,,There are people I can turn to,,,3,1.354,,0,2,2,19,1,,,,,,,,,,,,,,,,,,,,,,,,,,,,,,,,,,,,,,,
,,,,,,,,,,,,,,,,898832,001,2025-04-01_10h25.02.569,SLSI3,2022.2.5,MacIntel,58.82352941,,,,,,,,,,,,,,,,,,,,,,,,,,,,,,,,,,,,,,,,,,,,,,,,,,,,,,,,,,,,,,,,,,,,,,,,,,,,,,,,,,,,,,,,,,,,,,,,,,,,,,,,,,No one really knows me well,,,4,1.676,,0,3,3,12,1,,,,,,,,,,,,,,,,,,,,,,,,,,,,,,,,,,,,,,,
,,,,,,,,,,,,,,,,898832,001,2025-04-01_10h25.02.569,SLSI3,2022.2.5,MacIntel,58.82352941,,,,,,,,,,,,,,,,,,,,,,,,,,,,,,,,,,,,,,,,,,,,,,,,,,,,,,,,,,,,,,,,,,,,,,,,,,,,,,,,,,,,,,,,,,,,,,,,,,,,,,,,,,I feel in tune with the people around me,,,3,2.89,,0,4,4,0,1,,,,,,,,,,,,,,,,,,,,,,,,,,,,,,,,,,,,,,,
,,,,,,,,,,,,,,,,898832,001,2025-04-01_10h25.02.569,SLSI3,2022.2.5,MacIntel,58.82352941,,,,,,,,,,,,,,,,,,,,,,,,,,,,,,,,,,,,,,,,,,,,,,,,,,,,,,,,,,,,,,,,,,,,,,,,,,,,,,,,,,,,,,,,,,,,,,,,,,,,,,,,,,There are people I feel close to,,,4,1.453,,0,5,5,9,1,,,,,,,,,,,,,,,,,,,,,,,,,,,,,,,,,,,,,,,
,,,,,,,,,,,,,,,,898832,001,2025-04-01_10h25.02.569,SLSI3,2022.2.5,MacIntel,58.82352941,,,,,,,,,,,,,,,,,,,,,,,,,,,,,,,,,,,,,,,,,,,,,,,,,,,,,,,,,,,,,,,,,,,,,,,,,,,,,,,,,,,,,,,,,,,,,,,,,,,,,,,,,,There are people I can talk to,,,4,0.62,,0,6,6,18,1,,,,,,,,,,,,,,,,,,,,,,,,,,,,,,,,,,,,,,,
,,,,,,,,,,,,,,,,898832,001,2025-04-01_10h25.02.569,SLSI3,2022.2.5,MacIntel,58.82352941,,,,,,,,,,,,,,,,,,,,,,,,,,,,,,,,,,,,,,,,,,,,,,,,,,,,,,,,,,,,,,,,,,,,,,,,,,,,,,,,,,,,,,,,,,,,,,,,,,,,,,,,,,I lack companionship,,,3,1.869,,0,7,7,1,1,,,,,,,,,,,,,,,,,,,,,,,,,,,,,,,,,,,,,,,
,,,,,,,,,,,,,,,,898832,001,2025-04-01_10h25.02.569,SLSI3,2022.2.5,MacIntel,58.82352941,,,,,,,,,,,,,,,,,,,,,,,,,,,,,,,,,,,,,,,,,,,,,,,,,,,,,,,,,,,,,,,,,,,,,,,,,,,,,,,,,,,,,,,,,,,,,,,,,,,,,,,,,,I am no longer close to anyone,,,2,2.319,,0,8,8,6,1,,,,,,,,,,,,,,,,,,,,,,,,,,,,,,,,,,,,,,,
,,,,,,,,,,,,,,,,898832,001,2025-04-01_10h25.02.569,SLSI3,2022.2.5,MacIntel,58.82352941,,,,,,,,,,,,,,,,,,,,,,,,,,,,,,,,,,,,,,,,,,,,,,,,,,,,,,,,,,,,,,,,,,,,,,,,,,,,,,,,,,,,,,,,,,,,,,,,,,,,,,,,,,My interests and ideas are not shared by those around me,,,3,3.019,,0,9,9,7,1,,,,,,,,,,,,,,,,,,,,,,,,,,,,,,,,,,,,,,,
,,,,,,,,,,,,,,,,898832,001,2025-04-01_10h25.02.569,SLSI3,2022.2.5,MacIntel,58.82352941,,,,,,,,,,,,,,,,,,,,,,,,,,,,,,,,,,,,,,,,,,,,,,,,,,,,,,,,,,,,,,,,,,,,,,,,,,,,,,,,,,,,,,,,,,,,,,,,,,,,,,,,,,I am an outgoing person,,,1,1.942,,0,10,10,8,1,,,,,,,,,,,,,,,,,,,,,,,,,,,,,,,,,,,,,,,
,,,,,,,,,,,,,,,,898832,001,2025-04-01_10h25.02.569,SLSI3,2022.2.5,MacIntel,58.82352941,,,,,,,,,,,,,,,,,,,,,,,,,,,,,,,,,,,,,,,,,,,,,,,,,,,,,,,,,,,,,,,,,,,,,,,,,,,,,,,,,,,,,,,,,,,,,,,,,,,,,,,,,,There is no one I can turn to,,,2,2.171,,0,11,11,2,1,,,,,,,,,,,,,,,,,,,,,,,,,,,,,,,,,,,,,,,
,,,,,,,,,,,,,,,,898832,001,2025-04-01_10h25.02.569,SLSI3,2022.2.5,MacIntel,58.82352941,,,,,,,,,,,,,,,,,,,,,,,,,,,,,,,,,,,,,,,,,,,,,,,,,,,,,,,,,,,,,,,,,,,,,,,,,,,,,,,,,,,,,,,,,,,,,,,,,,,,,,,,,,I feel left out,,,2,1.005,,0,12,12,10,1,,,,,,,,,,,,,,,,,,,,,,,,,,,,,,,,,,,,,,,
,,,,,,,,,,,,,,,,898832,001,2025-04-01_10h25.02.569,SLSI3,2022.2.5,MacIntel,58.82352941,,,,,,,,,,,,,,,,,,,,,,,,,,,,,,,,,,,,,,,,,,,,,,,,,,,,,,,,,,,,,,,,,,,,,,,,,,,,,,,,,,,,,,,,,,,,,,,,,,,,,,,,,,My social relationships are superficial,,,2,1.291,,0,13,13,11,1,,,,,,,,,,,,,,,,,,,,,,,,,,,,,,,,,,,,,,,
,,,,,,,,,,,,,,,,898832,001,2025-04-01_10h25.02.569,SLSI3,2022.2.5,MacIntel,58.82352941,,,,,,,,,,,,,,,,,,,,,,,,,,,,,,,,,,,,,,,,,,,,,,,,,,,,,,,,,,,,,,,,,,,,,,,,,,,,,,,,,,,,,,,,,,,,,,,,,,,,,,,,,,I feel isolated from others,,,2,1.173,,0,14,14,13,1,,,,,,,,,,,,,,,,,,,,,,,,,,,,,,,,,,,,,,,
,,,,,,,,,,,,,,,,898832,001,2025-04-01_10h25.02.569,SLSI3,2022.2.5,MacIntel,58.82352941,,,,,,,,,,,,,,,,,,,,,,,,,,,,,,,,,,,,,,,,,,,,,,,,,,,,,,,,,,,,,,,,,,,,,,,,,,,,,,,,,,,,,,,,,,,,,,,,,,,,,,,,,,There are people who really understand me,,,4,1.437,,0,15,15,15,1,,,,,,,,,,,,,,,,,,,,,,,,,,,,,,,,,,,,,,,
,,,,,,,,,,,,,,,,898832,001,2025-04-01_10h25.02.569,SLSI3,2022.2.5,MacIntel,58.82352941,,,,,,,,,,,,,,,,,,,,,,,,,,,,,,,,,,,,,,,,,,,,,,,,,,,,,,,,,,,,,,,,,,,,,,,,,,,,,,,,,,,,,,,,,,,,,,,,,,,,,,,,,,I do not feel alone,,,3,2.017,,0,16,16,3,1,,,,,,,,,,,,,,,,,,,,,,,,,,,,,,,,,,,,,,,
,,,,,,,,,,,,,,,,898832,001,2025-04-01_10h25.02.569,SLSI3,2022.2.5,MacIntel,58.82352941,,,,,,,,,,,,,,,,,,,,,,,,,,,,,,,,,,,,,,,,,,,,,,,,,,,,,,,,,,,,,,,,,,,,,,,,,,,,,,,,,,,,,,,,,,,,,,,,,,,,,,,,,,I have a lot in common with the people around me,,,3,4.401,,0,17,17,5,1,,,,,,,,,,,,,,,,,,,,,,,,,,,,,,,,,,,,,,,
,,,,,,,,,,,,,,,,898832,001,2025-04-01_10h25.02.569,SLSI3,2022.2.5,MacIntel,58.82352941,,,,,,,,,,,,,,,,,,,,,,,,,,,,,,,,,,,,,,,,,,,,,,,,,,,,,,,,,,,,,,,,,,,,,,,,,,,,,,,,,,,,,,,,,,,,,,,,,,,,,,,,,,I am unhappy being so withdrawn ,,,3,2.601,,0,18,18,16,1,,,,,,,,,,,,,,,,,,,,,,,,,,,,,,,,,,,,,,,
,,,,,,,,,,,,,,,,898832,001,2025-04-01_10h25.02.569,SLSI3,2022.2.5,MacIntel,58.82352941,,,,,,,,,,,,,,,,,,,,,,,,,,,,,,,,,,,,,,,,,,,,,,,,,,,,,,,,,,,,,,,,,,,,,,,,,,,,,,,,,,,,,,,,,,,,,,,,,,,,,,,,,,I feel part of a group of friends,,,3,1.042,,0,19,19,4,1,,,,,,,,,,,,,,,,,,,,,,,,,,,,,,,,,,,,,,,
,,,,,,,,,,,,,,,,898832,001,2025-04-01_10h25.02.569,SLSI3,2022.2.5,MacIntel,58.82352941,,,,,,,,,,,,,,,,,,,,,,,,,,,,,,,,,,,,,,,,,,,,,,,,,,,,,,,,,,,,,,,,,,,,,,,,,,,,,,,,,,,,,,,,,,,,,,,,,,,,,,,,,,,,,,,,,,,,,space,0.703,,,,,,,,,,,,,,,,,,,,,,,,,,,,,,,,,,,,,
,,,,,,,,,,,,,,,,898832,001,2025-04-01_10h25.02.569,SLSI3,2022.2.5,MacIntel,58.82352941,,,,,,,,,,,,,,,,,,,,,,,,,,,,,,,,,,,,,,,,,,,,,,,,,,,,,,,,,,,,,,,,,,,,,,,,,,,,,,,,,,,,,,,,,,,,,,,,,,,,,,,,,,,,,,,,,,,,,,,4,7.662,"I know I shouldn’t worry about developing Alzheimer’s disease and related dementias, but I just cannot help it.",0,0,0,0,1,"I know I shouldn’t worry about developing Alzheimer’s disease and related dementias, but I just cannot help it.",,,,,,,,,,,,,,,,,,,,,,,,,,,,
,,,,,,,,,,,,,,,,898832,001,2025-04-01_10h25.02.569,SLSI3,2022.2.5,MacIntel,58.82352941,,,,,,,,,,,,,,,,,,,,,,,,,,,,,,,,,,,,,,,,,,,,,,,,,,,,,,,,,,,,,,,,,,,,,,,,,,,,,,,,,,,,,,,,,,,,,,,,,,,,,,,,,,,,,,,,,,,,,,,4,4.734,"Even though I know it doesn’t help to focus on it, I can’t help thinking about whether or not I have Alzheimer’s disease or a related dementia.",0,1,1,7,1,"Even though I know it doesn’t help to focus on it, I can’t help thinking about whether or not I have Alzheimer’s disease or a related dementia.",,,,,,,,,,,,,,,,,,,,,,,,,,,,
,,,,,,,,,,,,,,,,898832,001,2025-04-01_10h25.02.569,SLSI3,2022.2.5,MacIntel,58.82352941,,,,,,,,,,,,,,,,,,,,,,,,,,,,,,,,,,,,,,,,,,,,,,,,,,,,,,,,,,,,,,,,,,,,,,,,,,,,,,,,,,,,,,,,,,,,,,,,,,,,,,,,,,,,,,,,,,,,,,,4,3.469,"When I forget a word that I want to say, my thoughts immediately turn to Alzheimer’s disease and related dementias.",0,2,2,10,1,"When I forget a word that I want to say, my thoughts immediately turn to Alzheimer’s disease and related dementias.",,,,,,,,,,,,,,,,,,,,,,,,,,,,
,,,,,,,,,,,,,,,,898832,001,2025-04-01_10h25.02.569,SLSI3,2022.2.5,MacIntel,58.82352941,,,,,,,,,,,,,,,,,,,,,,,,,,,,,,,,,,,,,,,,,,,,,,,,,,,,,,,,,,,,,,,,,,,,,,,,,,,,,,,,,,,,,,,,,,,,,,,,,,,,,,,,,,,,,,,,,,,,,,,3,2.184,My worries about Alzheimer’s disease and related dementias overwhelm me.,0,3,3,3,1,My worries about Alzheimer’s disease and related dementias overwhelm me.,,,,,,,,,,,,,,,,,,,,,,,,,,,,
,,,,,,,,,,,,,,,,898832,001,2025-04-01_10h25.02.569,SLSI3,2022.2.5,MacIntel,58.82352941,,,,,,,,,,,,,,,,,,,,,,,,,,,,,,,,,,,,,,,,,,,,,,,,,,,,,,,,,,,,,,,,,,,,,,,,,,,,,,,,,,,,,,,,,,,,,,,,,,,,,,,,,,,,,,,,,,,,,,,3,2.687,"More often than not, I find my thoughts returning to concerns that I have Alzheimer’s disease or a related dementia.",0,4,4,4,1,"More often than not, I find my thoughts returning to concerns that I have Alzheimer’s disease or a related dementia.",,,,,,,,,,,,,,,,,,,,,,,,,,,,
,,,,,,,,,,,,,,,,898832,001,2025-04-01_10h25.02.569,SLSI3,2022.2.5,MacIntel,58.82352941,,,,,,,,,,,,,,,,,,,,,,,,,,,,,,,,,,,,,,,,,,,,,,,,,,,,,,,,,,,,,,,,,,,,,,,,,,,,,,,,,,,,,,,,,,,,,,,,,,,,,,,,,,,,,,,,,,,,,,,3,1.569,"Sometimes when trying to go to sleep, I find my thoughts drift to my concerns about having Alzheimer’s disease or a related dementia.",0,5,5,9,1,"Sometimes when trying to go to sleep, I find my thoughts drift to my concerns about having Alzheimer’s disease or a related dementia.",,,,,,,,,,,,,,,,,,,,,,,,,,,,
,,,,,,,,,,,,,,,,898832,001,2025-04-01_10h25.02.569,SLSI3,2022.2.5,MacIntel,58.82352941,,,,,,,,,,,,,,,,,,,,,,,,,,,,,,,,,,,,,,,,,,,,,,,,,,,,,,,,,,,,,,,,,,,,,,,,,,,,,,,,,,,,,,,,,,,,,,,,,,,,,,,,,,,,,,,,,,,,,,,3,1.186,"Once I start worrying about Alzheimer’s disease and related dementias, I just cannot stop.",0,6,6,8,1,"Once I start worrying about Alzheimer’s disease and related dementias, I just cannot stop.",,,,,,,,,,,,,,,,,,,,,,,,,,,,
,,,,,,,,,,,,,,,,898832,001,2025-04-01_10h25.02.569,SLSI3,2022.2.5,MacIntel,58.82352941,,,,,,,,,,,,,,,,,,,,,,,,,,,,,,,,,,,,,,,,,,,,,,,,,,,,,,,,,,,,,,,,,,,,,,,,,,,,,,,,,,,,,,,,,,,,,,,,,,,,,,,,,,,,,,,,,,,,,,,1,3.585,"When I am not distracted, I find my thoughts focusing on my own cognitive changes and concerns.",0,7,7,6,1,"When I am not distracted, I find my thoughts focusing on my own cognitive changes and concerns.",,,,,,,,,,,,,,,,,,,,,,,,,,,,
,,,,,,,,,,,,,,,,898832,001,2025-04-01_10h25.02.569,SLSI3,2022.2.5,MacIntel,58.82352941,,,,,,,,,,,,,,,,,,,,,,,,,,,,,,,,,,,,,,,,,,,,,,,,,,,,,,,,,,,,,,,,,,,,,,,,,,,,,,,,,,,,,,,,,,,,,,,,,,,,,,,,,,,,,,,,,,,,,,,1,1.437,"When I can’t remember something, I find myself wondering whether I have Alzheimer’s disease or a related dementia.",0,8,8,2,1,"When I can’t remember something, I find myself wondering whether I have Alzheimer’s disease or a related dementia.",,,,,,,,,,,,,,,,,,,,,,,,,,,,
,,,,,,,,,,,,,,,,898832,001,2025-04-01_10h25.02.569,SLSI3,2022.2.5,MacIntel,58.82352941,,,,,,,,,,,,,,,,,,,,,,,,,,,,,,,,,,,,,,,,,,,,,,,,,,,,,,,,,,,,,,,,,,,,,,,,,,,,,,,,,,,,,,,,,,,,,,,,,,,,,,,,,,,,,,,,,,,,,,,1,1.003,I think I probably worry more about Alzheimer’s disease and related dementias than other people my same age.,0,9,9,11,1,I think I probably worry more about Alzheimer’s disease and related dementias than other people my same age.,,,,,,,,,,,,,,,,,,,,,,,,,,,,
,,,,,,,,,,,,,,,,898832,001,2025-04-01_10h25.02.569,SLSI3,2022.2.5,MacIntel,58.82352941,,,,,,,,,,,,,,,,,,,,,,,,,,,,,,,,,,,,,,,,,,,,,,,,,,,,,,,,,,,,,,,,,,,,,,,,,,,,,,,,,,,,,,,,,,,,,,,,,,,,,,,,,,,,,,,,,,,,,,,1,0.869,"	When I hear about someone having Alzheimer’s disease or a related dementia, I start to worry about having it myself.",0,10,10,5,1,"	When I hear about someone having Alzheimer’s disease or a related dementia, I start to worry about having it myself.",,,,,,,,,,,,,,,,,,,,,,,,,,,,
,,,,,,,,,,,,,,,,898832,001,2025-04-01_10h25.02.569,SLSI3,2022.2.5,MacIntel,58.82352941,,,,,,,,,,,,,,,,,,,,,,,,,,,,,,,,,,,,,,,,,,,,,,,,,,,,,,,,,,,,,,,,,,,,,,,,,,,,,,,,,,,,,,,,,,,,,,,,,,,,,,,,,,,,,,,,,,,,,,,1,0.619,I find it difficult to control my worries about developing Alzheimer’s disease and related dementias.,0,11,11,1,1,I find it difficult to control my worries about developing Alzheimer’s disease and related dementias.,,,,,,,,,,,,,,,,,,,,,,,,,,,,
,,,,,,,,,,,,,,,,898832,001,2025-04-01_10h25.02.569,SLSI3,2022.2.5,MacIntel,58.82352941,,,,,,,,,,,,,,,,,,,,,,,,,,,,,,,,,,,,,,,,,,,,,,,,,,,,,,,,,,,,,,,,,,,,,,,,,,,,,,,,,,,,,,,,,,,,,,,,,,,,,,,,,,,,,,,,,,,,,,,,,,,,,,,,space,0.702,,,,,,,,,,,,,,,,,,,,,,,,,,
,,,,,,,,,,,,,,,,898832,001,2025-04-01_10h25.02.569,SLSI3,2022.2.5,MacIntel,58.82352941,,,,,,,,,,,,,,,,,,,,,,,,,,,,,,,,,,,,,,,,,,,,,,,,,,,,,,,,,,,,,,,,,,,,,,,,,,,,,,,,,,,,,,,,,,,,,,,,,,,,,,,,,,,,,,,,,,,,,,,,,,,,,,,,,,2,3.423,"If a telemarketer calls me, I usually listen to what they have to say",0,0,0,4,1,"If a telemarketer calls me, I usually listen to what they have to say",,,,,,,,,,,,,,,,,
,,,,,,,,,,,,,,,,898832,001,2025-04-01_10h25.02.569,SLSI3,2022.2.5,MacIntel,58.82352941,,,,,,,,,,,,,,,,,,,,,,,,,,,,,,,,,,,,,,,,,,,,,,,,,,,,,,,,,,,,,,,,,,,,,,,,,,,,,,,,,,,,,,,,,,,,,,,,,,,,,,,,,,,,,,,,,,,,,,,,,,,,,,,,,,2,2.003,"If something sounds too good to be true, it usually is",0,1,1,2,1,"If something sounds too good to be true, it usually is",,,,,,,,,,,,,,,,,
,,,,,,,,,,,,,,,,898832,001,2025-04-01_10h25.02.569,SLSI3,2022.2.5,MacIntel,58.82352941,,,,,,,,,,,,,,,,,,,,,,,,,,,,,,,,,,,,,,,,,,,,,,,,,,,,,,,,,,,,,,,,,,,,,,,,,,,,,,,,,,,,,,,,,,,,,,,,,,,,,,,,,,,,,,,,,,,,,,,,,,,,,,,,,,1,5.551,"I have difficulty ending a phone call, even if the caller is a telemarketer, someone I do not know, or someone I do not wish to call me",0,2,2,1,1,"I have difficulty ending a phone call, even if the caller is a telemarketer, someone I do not know, or someone I do not wish to call me",,,,,,,,,,,,,,,,,
,,,,,,,,,,,,,,,,898832,001,2025-04-01_10h25.02.569,SLSI3,2022.2.5,MacIntel,58.82352941,,,,,,,,,,,,,,,,,,,,,,,,,,,,,,,,,,,,,,,,,,,,,,,,,,,,,,,,,,,,,,,,,,,,,,,,,,,,,,,,,,,,,,,,,,,,,,,,,,,,,,,,,,,,,,,,,,,,,,,,,,,,,,,,,,4,2.47,"I answer the phone whenever it rings, even if I do not know who is calling",0,3,3,0,1,"I answer the phone whenever it rings, even if I do not know who is calling",,,,,,,,,,,,,,,,,
,,,,,,,,,,,,,,,,898832,001,2025-04-01_10h25.02.569,SLSI3,2022.2.5,MacIntel,58.82352941,,,,,,,,,,,,,,,,,,,,,,,,,,,,,,,,,,,,,,,,,,,,,,,,,,,,,,,,,,,,,,,,,,,,,,,,,,,,,,,,,,,,,,,,,,,,,,,,,,,,,,,,,,,,,,,,,,,,,,,,,,,,,,,,,,4,4.154,Persons over the age of 65 are often targeted by con-artists,0,4,4,3,1,Persons over the age of 65 are often targeted by con-artists,,,,,,,,,,,,,,,,,
,,,,,,,,,,,,,,,,898832,001,2025-04-01_10h25.02.569,SLSI3,2022.2.5,MacIntel,58.82352941,,,,,,,,,,,,,,,,,,,,,,,,,,,,,,,,,,,,,,,,,,,,,,,,,,,,,,,,,,,,,,,,,,,,,,,,,,,,,,,,,,,,,,,,,,,,,,,,,,,,,,,,,,,,,,,,,,,,,,,,,,,,,,,,,,,,,,,,,,,1.988970588,2.418,,,,,,,,,,,,,,,
,,,,,,,,,,,,,,,,898832,001,2025-04-01_10h25.02.569,SLSI3,2022.2.5,MacIntel,58.82352941,,,,,,,,,,,,,,,,,,,,,,,,,,,,,,,,,,,,,,,,,,,,,,,,,,,,,,,,,,,,,,,,,,,,,,,,,,,,,,,,,,,,,,,,,,,,,,,,,,,,,,,,,,,,,,,,,,,,,,,,,,,,,,,,,,,,,,,,,,,,,,,,,,,,,,,,,,,
,,,,,,,,,,,,,,,,898832,001,2025-04-01_10h25.02.569,SLSI3,2022.2.5,MacIntel,58.82352941,,,,,,,,,,,,,,,,,,,,,,,,,,,,,,,,,,,,,,,,,,,,,,,,,,,,,,,,,,,,,,,,,,,,,,,,,,,,,,,,,,,,,,,,,,,,,,,,,,,,,,,,,,,,,,,,,,,,,,,,,,,,,,,,,,,,,,,,,,,,,"[""female_option""]",,,,,,,,,,,,,,
,,,,,,,,,,,,,,,,898832,001,2025-04-01_10h25.02.569,SLSI3,2022.2.5,MacIntel,58.82352941,,,,,,,,,,,,,,,,,,,,,,,,,,,,,,,,,,,,,,,,,,,,,,,,,,,,,,,,,,,,,,,,,,,,,,,,,,,,,,,,,,,,,,,,,,,,,,,,,,,,,,,,,,,,,,,,,,,,,,,,,,,,,,,,,,,,,,,,,,,,,,,,,,,,,,,,,,,
,,,,,,,,,,,,,,,,898832,001,2025-04-01_10h25.02.569,SLSI3,2022.2.5,MacIntel,58.82352941,,,,,,,,,,,,,,,,,,,,,,,,,,,,,,,,,,,,,,,,,,,,,,,,,,,,,,,,,,,,,,,,,,,,,,,,,,,,,,,,,,,,,,,,,,,,,,,,,,,,,,,,,,,,,,,,,,,,,,,,,,,,,,,,,,,,,,,,,,,,,,20,02022005,,,,,,,,,,,,
,,,,,,,,,,,,,,,,898832,001,2025-04-01_10h25.02.569,SLSI3,2022.2.5,MacIntel,58.82352941,,,,,,,,,,,,,,,,,,,,,,,,,,,,,,,,,,,,,,,,,,,,,,,,,,,,,,,,,,,,,,,,,,,,,,,,,,,,,,,,,,,,,,,,,,,,,,,,,,,,,,,,,,,,,,,,,,,,,,,,,,,,,,,,,,,,,,,,,,,,,,,,,,,,,,,,,,,
,,,,,,,,,,,,,,,,898832,001,2025-04-01_10h25.02.569,SLSI3,2022.2.5,MacIntel,58.82352941,,,,,,,,,,,,,,,,,,,,,,,,,,,,,,,,,,,,,,,,,,,,,,,,,,,,,,,,,,,,,,,,,,,,,,,,,,,,,,,,,,,,,,,,,,,,,,,,,,,,,,,,,,,,,,,,,,,,,,,,,,,,,,,,,,,,,,,,,,,,,,,,"[""EduOpt3""]",,,,,,,,,,,
,,,,,,,,,,,,,,,,898832,001,2025-04-01_10h25.02.569,SLSI3,2022.2.5,MacIntel,58.82352941,,,,,,,,,,,,,,,,,,,,,,,,,,,,,,,,,,,,,,,,,,,,,,,,,,,,,,,,,,,,,,,,,,,,,,,,,,,,,,,,,,,,,,,,,,,,,,,,,,,,,,,,,,,,,,,,,,,,,,,,,,,,,,,,,,,,,,,,,,,,,,,,,,,,,,,,,,,
,,,,,,,,,,,,,,,,898832,001,2025-04-01_10h25.02.569,SLSI3,2022.2.5,MacIntel,58.82352941,,,,,,,,,,,,,,,,,,,,,,,,,,,,,,,,,,,,,,,,,,,,,,,,,,,,,,,,,,,,,,,,,,,,,,,,,,,,,,,,,,,,,,,,,,,,,,,,,,,,,,,,,,,,,,,,,,,,,,,,,,,,,,,,,,,,,,,,,,,,,,,,,"[""EthnOpt3""]",,,,,,,,,,
,,,,,,,,,,,,,,,,898832,001,2025-04-01_10h25.02.569,SLSI3,2022.2.5,MacIntel,58.82352941,,,,,,,,,,,,,,,,,,,,,,,,,,,,,,,,,,,,,,,,,,,,,,,,,,,,,,,,,,,,,,,,,,,,,,,,,,,,,,,,,,,,,,,,,,,,,,,,,,,,,,,,,,,,,,,,,,,,,,,,,,,,,,,,,,,,,,,,,,,,,,,,,,,,,,,,,,,
,,,,,,,,,,,,,,,,898832,001,2025-04-01_10h25.02.569,SLSI3,2022.2.5,MacIntel,58.82352941,,,,,,,,,,,,,,,,,,,,,,,,,,,,,,,,,,,,,,,,,,,,,,,,,,,,,,,,,,,,,,,,,,,,,,,,,,,,,,,,,,,,,,,,,,,,,,,,,,,,,,,,,,,,,,,,,,,,,,,,,,,,,,,,,,,,,,,,,,,,,,,,,,"[""EngFlncyY""]",,,,,,,,,
,,,,,,,,,,,,,,,,898832,001,2025-04-01_10h25.02.569,SLSI3,2022.2.5,MacIntel,58.82352941,,,,,,,,,,,,,,,,,,,,,,,,,,,,,,,,,,,,,,,,,,,,,,,,,,,,,,,,,,,,,,,,,,,,,,,,,,,,,,,,,,,,,,,,,,,,,,,,,,,,,,,,,,,,,,,,,,,,,,,,,,,,,,,,,,,,,,,,,,,,,,,,,,,,,,,,,,,
,,,,,,,,,,,,,,,,898832,001,2025-04-01_10h25.02.569,SLSI3,2022.2.5,MacIntel,58.82352941,,,,,,,,,,,,,,,,,,,,,,,,,,,,,,,,,,,,,,,,,,,,,,,,,,,,,,,,,,,,,,,,,,,,,,,,,,,,,,,,,,,,,,,,,,,,,,,,,,,,,,,,,,,,,,,,,,,,,,,,,,,,,,,,,,,,,,,,,,,,,,,,,,,1,US,,,,,,,
,,,,,,,,,,,,,,,,898832,001,2025-04-01_10h25.02.569,SLSI3,2022.2.5,MacIntel,58.82352941,,,,,,,,,,,,,,,,,,,,,,,,,,,,,,,,,,,,,,,,,,,,,,,,,,,,,,,,,,,,,,,,,,,,,,,,,,,,,,,,,,,,,,,,,,,,,,,,,,,,,,,,,,,,,,,,,,,,,,,,,,,,,,,,,,,,,,,,,,,,,,,,,,,,,,,,,,,
,,,,,,,,,,,,,,,,898832,001,2025-04-01_10h25.02.569,SLSI3,2022.2.5,MacIntel,58.82352941,,,,,,,,,,,,,,,,,,,,,,,,,,,,,,,,,,,,,,,,,,,,,,,,,,,,,,,,,,,,,,,,,,,,,,,,,,,,,,,,,,,,,,,,,,,,,,,,,,,,,,,,,,,,,,,,,,,,,,,,,,,,,,,,,,,,,,,,,,,,,,,,,,,,,D,,,,,,
,,,,,,,,,,,,,,,,898832,001,2025-04-01_10h25.02.569,SLSI3,2022.2.5,MacIntel,58.82352941,,,,,,,,,,,,,,,,,,,,,,,,,,,,,,,,,,,,,,,,,,,,,,,,,,,,,,,,,,,,,,,,,,,,,,,,,,,,,,,,,,,,,,,,,,,,,,,,,,,,,,,,,,,,,,,,,,,,,,,,,,,,,,,,,,,,,,,,,,,,,,,,,,,,,,,,,,,
,,,,,,,,,,,,,,,,898832,001,2025-04-01_10h25.02.569,SLSI3,2022.2.5,MacIntel,58.82352941,,,,,,,,,,,,,,,,,,,,,,,,,,,,,,,,,,,,,,,,,,,,,,,,,,,,,,,,,,,,,,,,,,,,,,,,,,,,,,,,,,,,,,,,,,,,,,,,,,,,,,,,,,,,,,,,,,,,,,,,,,,,,,,,,,,,,,,,,,,,,,,,,,,,,,"Yes, I paused the study to go to class.",,,,,
,,,,,,,,,,,,,,,,898832,001,2025-04-01_10h25.02.569,SLSI3,2022.2.5,MacIntel,58.82352941,,,,,,,,,,,,,,,,,,,,,,,,,,,,,,,,,,,,,,,,,,,,,,,,,,,,,,,,,,,,,,,,,,,,,,,,,,,,,,,,,,,,,,,,,,,,,,,,,,,,,,,,,,,,,,,,,,,,,,,,,,,,,,,,,,,,,,,,,,,,,,,,,,,,,,,,,,,
,,,,,,,,,,,,,,,,898832,001,2025-04-01_10h25.02.569,SLSI3,2022.2.5,MacIntel,58.82352941,,,,,,,,,,,,,,,,,,,,,,,,,,,,,,,,,,,,,,,,,,,,,,,,,,,,,,,,,,,,,,,,,,,,,,,,,,,,,,,,,,,,,,,,,,,,,,,,,,,,,,,,,,,,,,,,,,,,,,,,,,,,,,,,,,,,,,,,,,,,,,,,,,,,,,,It was a bit long.,,,,
,,,,,,,,,,,,,,,,898832,001,2025-04-01_10h25.02.569,SLSI3,2022.2.5,MacIntel,58.82352941,,,,,,,,,,,,,,,,,,,,,,,,,,,,,,,,,,,,,,,,,,,,,,,,,,,,,,,,,,,,,,,,,,,,,,,,,,,,,,,,,,,,,,,,,,,,,,,,,,,,,,,,,,,,,,,,,,,,,,,,,,,,,,,,,,,,,,,,,,,,,,,,,,,,,,,,,,,
,,,,,,,,,,,,,,,,898832,001,2025-04-01_10h25.02.569,SLSI3,2022.2.5,MacIntel,58.82352941,,,,,,,,,,,,,,,,,,,,,,,,,,,,,,,,,,,,,,,,,,,,,,,,,,,,,,,,,,,,,,,,,,,,,,,,,,,,,,,,,,,,,,,,,,,,,,,,,,,,,,,,,,,,,,,,,,,,,,,,,,,,,,,,,,,,,,,,,,,,,,,,,,,,,,,,"[""Q4option1""]",,,
,,,,,,,,,,,,,,,,898832,001,2025-04-01_10h25.02.569,SLSI3,2022.2.5,MacIntel,58.82352941,,,,,,,,,,,,,,,,,,,,,,,,,,,,,,,,,,,,,,,,,,,,,,,,,,,,,,,,,,,,,,,,,,,,,,,,,,,,,,,,,,,,,,,,,,,,,,,,,,,,,,,,,,,,,,,,,,,,,,,,,,,,,,,,,,,,,,,,,,,,,,,,,,,,,,,,,,,
,,,,,,,,,,,,,,,,898832,001,2025-04-01_10h25.02.569,SLSI3,2022.2.5,MacIntel,58.82352941,,,,,,,,,,,,,,,,,,,,,,,,,,,,,,,,,,,,,,,,,,,,,,,,,,,,,,,,,,,,,,,,,,,,,,,,,,,,,,,,,,,,,,,,,,,,,,,,,,,,,,,,,,,,,,,,,,,,,,,,,,,,,,,,,,,,,,,,,,,,,,,,,,,,,,,,,1,[66827.16],[66827.16]
