bruinID.text,button.numClicks,button.timesOn,button.timesOff,mouseLogIn.x,mouseLogIn.y,mouseLogIn.leftButton,mouseLogIn.midButton,mouseLogIn.rightButton,mouseLogIn.time,mouseLogIn.clicked_name,repeat.thisRepN,repeat.thisTrialN,repeat.thisN,repeat.thisIndex,repeat.ran,participant,session,date,expName,psychopyVersion,OS,frameRate,key_resp_6.keys,key_resp_6.rt,key_resp_5.keys,key_resp_5.rt,subjage_slider.response,subjage_slider.rt,confidence_scale.response,confidence_scale.rt,key_resp_7.keys,key_resp_7.rt,button_2.numClicks,button_2.timesOn,button_2.timesOff,email_type,scam_button.numClicks,scam_button.timesOn,scam_button.timesOff,legit_button.numClicks,legit_button.timesOn,legit_button.timesOff,button_selections_1,confidence_scale_email.response,confidence_scale_email.rt,personal_rel_scale.response,personal_rel_scale.rt,curiosity_scale.response,curiosity_scale.rt,email_loop.thisRepN,email_loop.thisTrialN,email_loop.thisN,email_loop.thisIndex,email_loop.ran,emails,type,xsize,ysize,xpos,ypos,key_resp_11.keys,key_resp_11.rt,key_resp_9.keys,key_resp_9.rt,key_resp_10.keys,key_resp_10.rt,textbox.text,next_button.numClicks,next_button.timesOn,next_button.timesOff,email_loops2.thisRepN,email_loops2.thisTrialN,email_loops2.thisN,email_loops2.thisIndex,email_loops2.ran,key_resp_3.keys,key_resp_3.rt,slider1_2.response,slider1_2.rt,trust_question,loop_GT.thisRepN,loop_GT.thisTrialN,loop_GT.thisN,loop_GT.thisIndex,loop_GT.ran,Phrases,instructionresp_2.keys,instructionresp_2.rt,key_resp_13.keys,key_resp_13.rt,gen_question,loop_G.thisRepN,loop_G.thisTrialN,loop_G.thisN,loop_G.thisIndex,loop_G.ran,Questions,instructionresp.keys,instructionresp.rt,key_resp_2.keys,key_resp_2.rt,lonely_question,loop_LS.thisRepN,loop_LS.thisTrialN,loop_LS.thisN,loop_LS.thisIndex,loop_LS.ran,key_resp_4.keys,key_resp_4.rt,rating.response,rating.rt,dementia_question,loop_dm.thisRepN,loop_dm.thisTrialN,loop_dm.thisN,loop_dm.thisIndex,loop_dm.ran,Items,key_resp.keys,key_resp.rt,slider1.response,slider1.rt,ss_question,loop_SS.thisRepN,loop_SS.thisTrialN,loop_SS.thisN,loop_SS.thisIndex,loop_SS.ran,Statements,slider.response,slider.rt,Gender,textboxAge.text,textboxBirthday.text,Education Level,Ethnicity,English Fluency,textboxAge_2.text,textboxCountry.text,FQ1textbox.text,textboxQuestion2.text,textboxQuestion3.text,FQ4 selection,Finish.numClicks,Finish.timesOn,Finish.timesOff
705997536,1,[7.9354999999999976],[7.93560000002384],0.325365149,-0.090255605,1,0,0,7.8677,button,0,0,0,0,1,003841,001,2025-04-29_11h09.48.356,SLSINC2,2022.2.5,MacIntel,30.03003003,,,,,,,,,,,,,,,,,,,,,,,,,,,,,,,,,,,,,,,,,,,,,,,,,,,,,,,,,,,,,,,,,,,,,,,,,,,,,,,,,,,,,,,,,,,,,,,,,,,,,,,,,,,,,,,,,,,,,,,,,,,,
,,,,,,,,,,,,,,,,003841,001,2025-04-29_11h09.48.356,SLSINC2,2022.2.5,MacIntel,30.03003003,space,2.0316,,,,,,,,,,,,,,,,,,,,,,,,,,,,,,,,,,,,,,,,,,,,,,,,,,,,,,,,,,,,,,,,,,,,,,,,,,,,,,,,,,,,,,,,,,,,,,,,,,,,,,,,,,,,,,,,,,,,,,,,,,
,,,,,,,,,,,,,,,,003841,001,2025-04-29_11h09.48.356,SLSINC2,2022.2.5,MacIntel,30.03003003,,,space,4.665,,,,,,,,,,,,,,,,,,,,,,,,,,,,,,,,,,,,,,,,,,,,,,,,,,,,,,,,,,,,,,,,,,,,,,,,,,,,,,,,,,,,,,,,,,,,,,,,,,,,,,,,,,,,,,,,,,,,,,,,
,,,,,,,,,,,,,,,,003841,001,2025-04-29_11h09.48.356,SLSINC2,2022.2.5,MacIntel,30.03003003,,,,,46.08372962,5.0631,,,,,,,,,,,,,,,,,,,,,,,,,,,,,,,,,,,,,,,,,,,,,,,,,,,,,,,,,,,,,,,,,,,,,,,,,,,,,,,,,,,,,,,,,,,,,,,,,,,,,,,,,,,,,,,,,,,,,,
,,,,,,,,,,,,,,,,003841,001,2025-04-29_11h09.48.356,SLSINC2,2022.2.5,MacIntel,30.03003003,,,,,,,7.995371943,13.4624,,,,,,,,,,,,,,,,,,,,,,,,,,,,,,,,,,,,,,,,,,,,,,,,,,,,,,,,,,,,,,,,,,,,,,,,,,,,,,,,,,,,,,,,,,,,,,,,,,,,,,,,,,,,,,,,,,,,
,,,,,,,,,,,,,,,,003841,001,2025-04-29_11h09.48.356,SLSINC2,2022.2.5,MacIntel,30.03003003,,,,,,,,,space,8.887,,,,,,,,,,,,,,,,,,,,,,,,,,,,,,,,,,,,,,,,,,,,,,,,,,,,,,,,,,,,,,,,,,,,,,,,,,,,,,,,,,,,,,,,,,,,,,,,,,,,,,,,,,,,,,,,,,
,,,,,,,,,,,,,,,,003841,001,2025-04-29_11h09.48.356,SLSINC2,2022.2.5,MacIntel,30.03003003,,,,,,,,,,,1,[62.71570000004769],[62.71570000004769],,1,[64.58159999990463],[64.58159999990463],0,[],[],"[""scam_button""]",7.012907609,4.2443,0.307871943,4.9789,1.772036345,4.3147,0,0,0,14,1,resources/images/scam18.png,scam,1,0.65,0,0,,,,,,,,,,,,,,,,,,,,,,,,,,,,,,,,,,,,,,,,,,,,,,,,,,,,,,,,,,,,,,,,,,,,,,,,,,,,,,,,,,,,,,
,,,,,,,,,,,,,,,,003841,001,2025-04-29_11h09.48.356,SLSINC2,2022.2.5,MacIntel,30.03003003,,,,,,,,,,,2,"[62.71570000004769,90.28150000000001]","[62.71570000004769,90.28150000000001]",,2,"[64.58159999990463,99.68119999992848]","[64.58159999990463,99.68119999992848]",0,[],[],"[""scam_button""]",2.560164742,2.6965,0.033245584,3.5487,0.005944293,1.848,0,1,1,2,1,resources/images/legit11.jpg,legit,0.65,0.65,0,0,,,,,,,,,,,,,,,,,,,,,,,,,,,,,,,,,,,,,,,,,,,,,,,,,,,,,,,,,,,,,,,,,,,,,,,,,,,,,,,,,,,,,,
,,,,,,,,,,,,,,,,003841,001,2025-04-29_11h09.48.356,SLSINC2,2022.2.5,MacIntel,30.03003003,,,,,,,,,,,3,"[62.71570000004769,90.28150000000001,110.64839999997618]","[62.71570000004769,90.28150000000001,110.6485]",,3,"[64.58159999990463,99.68119999992848,111.68109999990463]","[64.58159999990463,99.68119999992848,111.68109999990463]",0,[],[],"[""scam_button""]",6.664784307,4.5287,0.003311821,1.2632,0.024371603,1.4151,0,2,2,4,1,resources/images/legit_19.png,legit,0.65,0.65,0,0,,,,,,,,,,,,,,,,,,,,,,,,,,,,,,,,,,,,,,,,,,,,,,,,,,,,,,,,,,,,,,,,,,,,,,,,,,,,,,,,,,,,,,
,,,,,,,,,,,,,,,,003841,001,2025-04-29_11h09.48.356,SLSINC2,2022.2.5,MacIntel,30.03003003,,,,,,,,,,,4,"[62.71570000004769,90.28150000000001,110.64839999997618,139.61489999997616]","[62.71570000004769,90.28150000000001,110.6485,139.61489999997616]",,3,"[64.58159999990463,99.68119999992848,111.68109999990463]","[64.58159999990463,99.68119999992848,111.68109999990463]",1,[140.44760000002384],[140.44760000002384],"[""legit_button""]",7.845363451,1.4626,0.844896399,3.1971,2.224481997,2.5295,0,3,3,23,1,resources/images/scam_22.png,scam,1,0.65,0,0,,,,,,,,,,,,,,,,,,,,,,,,,,,,,,,,,,,,,,,,,,,,,,,,,,,,,,,,,,,,,,,,,,,,,,,,,,,,,,,,,,,,,,
,,,,,,,,,,,,,,,,003841,001,2025-04-29_11h09.48.356,SLSINC2,2022.2.5,MacIntel,30.03003003,,,,,,,,,,,5,"[62.71570000004769,90.28150000000001,110.64839999997618,139.61489999997616,183.71500000000003]","[62.71570000004769,90.28150000000001,110.6485,139.61489999997616,183.71500000000003]",,3,"[64.58159999990463,99.68119999992848,111.68109999990463]","[64.58159999990463,99.68119999992848,111.68109999990463]",2,"[140.44760000002384,184.64760000002386]","[140.44760000002384,184.64760000002386]","[""legit_button""]",7.472443954,1.2965,0.866677989,2.1136,0.535071332,1.1957,0,4,4,7,1,resources/images/legit_21.png,legit,0.8,0.8,0,0,,,,,,,,,,,,,,,,,,,,,,,,,,,,,,,,,,,,,,,,,,,,,,,,,,,,,,,,,,,,,,,,,,,,,,,,,,,,,,,,,,,,,,
,,,,,,,,,,,,,,,,003841,001,2025-04-29_11h09.48.356,SLSINC2,2022.2.5,MacIntel,30.03003003,,,,,,,,,,,6,"[62.71570000004769,90.28150000000001,110.64839999997618,139.61489999997616,183.71500000000003,196.24810000002384]","[62.71570000004769,90.28150000000001,110.6485,139.61489999997616,183.71500000000003,196.24810000002384]",,3,"[64.58159999990463,99.68119999992848,111.68109999990463]","[64.58159999990463,99.68119999992848,111.68109999990463]",3,"[140.44760000002384,184.64760000002386,197.681]","[140.44760000002384,184.64760000002386,197.68110000002386]","[""legit_button""]",7.843367867,0.6959,1.279211957,1.8798,0.481148098,1.1122,0,5,5,8,1,resources/images/legit_23.png,legit,1,0.65,0,0,,,,,,,,,,,,,,,,,,,,,,,,,,,,,,,,,,,,,,,,,,,,,,,,,,,,,,,,,,,,,,,,,,,,,,,,,,,,,,,,,,,,,,
,,,,,,,,,,,,,,,,003841,001,2025-04-29_11h09.48.356,SLSINC2,2022.2.5,MacIntel,30.03003003,,,,,,,,,,,7,"[62.71570000004769,90.28150000000001,110.64839999997618,139.61489999997616,183.71500000000003,196.24810000002384,216.34820000004765]","[62.71570000004769,90.28150000000001,110.6485,139.61489999997616,183.71500000000003,196.24810000002384,216.34820000004765]",,4,"[64.58159999990463,99.68119999992848,111.68109999990463,217.54779999995228]","[64.58159999990463,99.68119999992848,111.68109999990463,217.54789999997612]",3,"[140.44760000002384,184.64760000002386,197.681]","[140.44760000002384,184.64760000002386,197.68110000002386]","[""scam_button""]",7.599439538,2.0296,0.920728601,0.9468,0.503736413,0.8988,0,6,6,0,1,resources/images/scam8.jpg,scam,0.65,0.65,0,0,,,,,,,,,,,,,,,,,,,,,,,,,,,,,,,,,,,,,,,,,,,,,,,,,,,,,,,,,,,,,,,,,,,,,,,,,,,,,,,,,,,,,,
,,,,,,,,,,,,,,,,003841,001,2025-04-29_11h09.48.356,SLSINC2,2022.2.5,MacIntel,30.03003003,,,,,,,,,,,8,"[62.71570000004769,90.28150000000001,110.64839999997618,139.61489999997616,183.71500000000003,196.24810000002384,216.34820000004765,227.04820000004764]","[62.71570000004769,90.28150000000001,110.6485,139.61489999997616,183.71500000000003,196.24810000002384,216.34820000004765,227.0483000000715]",,5,"[64.58159999990463,99.68119999992848,111.68109999990463,217.54779999995228,228.18119999992845]","[64.58159999990463,99.68119999992848,111.68109999990463,217.54789999997612,228.1812999999523]",3,"[140.44760000002384,184.64760000002386,197.681]","[140.44760000002384,184.64760000002386,197.68110000002386]","[""scam_button""]",2.76396909,1.1958,1.579483696,0.7074,1.177776834,0.5291,0,7,7,19,1,resources/images/scam_21.png,scam,1,0.65,0,0,,,,,,,,,,,,,,,,,,,,,,,,,,,,,,,,,,,,,,,,,,,,,,,,,,,,,,,,,,,,,,,,,,,,,,,,,,,,,,,,,,,,,,
,,,,,,,,,,,,,,,,003841,001,2025-04-29_11h09.48.356,SLSINC2,2022.2.5,MacIntel,30.03003003,,,,,,,,,,,9,"[62.71570000004769,90.28150000000001,110.64839999997618,139.61489999997616,183.71500000000003,196.24810000002384,216.34820000004765,227.04820000004764,233.94799999999998]","[62.71570000004769,90.28150000000001,110.6485,139.61489999997616,183.71500000000003,196.24810000002384,216.34820000004765,227.0483000000715,233.94799999999998]",,5,"[64.58159999990463,99.68119999992848,111.68109999990463,217.54779999995228,228.18119999992845]","[64.58159999990463,99.68119999992848,111.68109999990463,217.54789999997612,228.1812999999523]",4,"[140.44760000002384,184.64760000002386,197.681,234.78089999997616]","[140.44760000002384,184.64760000002386,197.68110000002386,234.78099999999995]","[""legit_button""]",6.830884851,0.6131,1.843665082,0.9484,1.843665082,0.363,0,8,8,22,1,resources/images/scam_24.png,scam,1,0.8,0,0,,,,,,,,,,,,,,,,,,,,,,,,,,,,,,,,,,,,,,,,,,,,,,,,,,,,,,,,,,,,,,,,,,,,,,,,,,,,,,,,,,,,,,
,,,,,,,,,,,,,,,,003841,001,2025-04-29_11h09.48.356,SLSINC2,2022.2.5,MacIntel,30.03003003,,,,,,,,,,,10,"[62.71570000004769,90.28150000000001,110.64839999997618,139.61489999997616,183.71500000000003,196.24810000002384,216.34820000004765,227.04820000004764,233.94799999999998,241.11520000004765]","[62.71570000004769,90.28150000000001,110.6485,139.61489999997616,183.71500000000003,196.24810000002384,216.34820000004765,227.0483000000715,233.94799999999998,241.1153000000715]",,5,"[64.58159999990463,99.68119999992848,111.68109999990463,217.54779999995228,228.18119999992845]","[64.58159999990463,99.68119999992848,111.68109999990463,217.54789999997612,228.1812999999523]",5,"[140.44760000002384,184.64760000002386,197.681,234.78089999997616,242.78099999999995]","[140.44760000002384,184.64760000002386,197.68110000002386,234.78099999999995,242.78099999999995]","[""legit_button""]",7.732464334,0.6474,2.41070822,0.5818,2.41070822,0.1285,0,9,9,17,1,resources/images/legitimate_18.png,legit,1,0.65,0,0,,,,,,,,,,,,,,,,,,,,,,,,,,,,,,,,,,,,,,,,,,,,,,,,,,,,,,,,,,,,,,,,,,,,,,,,,,,,,,,,,,,,,,
,,,,,,,,,,,,,,,,003841,001,2025-04-29_11h09.48.356,SLSINC2,2022.2.5,MacIntel,30.03003003,,,,,,,,,,,11,"[62.71570000004769,90.28150000000001,110.64839999997618,139.61489999997616,183.71500000000003,196.24810000002384,216.34820000004765,227.04820000004764,233.94799999999998,241.11520000004765,251.3481000000238]","[62.71570000004769,90.28150000000001,110.6485,139.61489999997616,183.71500000000003,196.24810000002384,216.34820000004765,227.0483000000715,233.94799999999998,241.1153000000715,251.3481000000238]",,6,"[64.58159999990463,99.68119999992848,111.68109999990463,217.54779999995228,228.18119999992845,252.3810999999046]","[64.58159999990463,99.68119999992848,111.68109999990463,217.54789999997612,228.1812999999523,252.38119999992844]",5,"[140.44760000002384,184.64760000002386,197.681,234.78089999997616,242.78099999999995]","[140.44760000002384,184.64760000002386,197.68110000002386,234.78099999999995,242.78099999999995]","[""scam_button""]",8.959706182,1.2293,0.829738451,1.1639,0.829738451,0.1639,0,10,10,20,1,resources/images/scam_30.png,scam,1.45,0.6,0,0,,,,,,,,,,,,,,,,,,,,,,,,,,,,,,,,,,,,,,,,,,,,,,,,,,,,,,,,,,,,,,,,,,,,,,,,,,,,,,,,,,,,,,
,,,,,,,,,,,,,,,,003841,001,2025-04-29_11h09.48.356,SLSINC2,2022.2.5,MacIntel,30.03003003,,,,,,,,,,,12,"[62.71570000004769,90.28150000000001,110.64839999997618,139.61489999997616,183.71500000000003,196.24810000002384,216.34820000004765,227.04820000004764,233.94799999999998,241.11520000004765,251.3481000000238,262.14849999999996]","[62.71570000004769,90.28150000000001,110.6485,139.61489999997616,183.71500000000003,196.24810000002384,216.34820000004765,227.0483000000715,233.94799999999998,241.1153000000715,251.3481000000238,262.14849999999996]",,7,"[64.58159999990463,99.68119999992848,111.68109999990463,217.54779999995228,228.18119999992845,252.3810999999046,263.315]","[64.58159999990463,99.68119999992848,111.68109999990463,217.54789999997612,228.1812999999523,252.38119999992844,263.31509999990465]",5,"[140.44760000002384,184.64760000002386,197.681,234.78089999997616,242.78099999999995]","[140.44760000002384,184.64760000002386,197.68110000002386,234.78099999999995,242.78099999999995]","[""scam_button""]",7.834026834,0.695,0.995117187,1.0348,0.995117187,0.1791,0,11,11,18,1,resources/images/scam_20.png,scam,1.45,0.6,0,0,,,,,,,,,,,,,,,,,,,,,,,,,,,,,,,,,,,,,,,,,,,,,,,,,,,,,,,,,,,,,,,,,,,,,,,,,,,,,,,,,,,,,,
,,,,,,,,,,,,,,,,003841,001,2025-04-29_11h09.48.356,SLSINC2,2022.2.5,MacIntel,30.03003003,,,,,,,,,,,13,"[62.71570000004769,90.28150000000001,110.64839999997618,139.61489999997616,183.71500000000003,196.24810000002384,216.34820000004765,227.04820000004764,233.94799999999998,241.11520000004765,251.3481000000238,262.14849999999996,272.448]","[62.71570000004769,90.28150000000001,110.6485,139.61489999997616,183.71500000000003,196.24810000002384,216.34820000004765,227.0483000000715,233.94799999999998,241.1153000000715,251.3481000000238,262.14849999999996,272.448]",,8,"[64.58159999990463,99.68119999992848,111.68109999990463,217.54779999995228,228.18119999992845,252.3810999999046,263.315,274.4480999999046]","[64.58159999990463,99.68119999992848,111.68109999990463,217.54789999997612,228.1812999999523,252.38119999992844,263.31509999990465,274.4481999999285]",5,"[140.44760000002384,184.64760000002386,197.681,234.78089999997616,242.78099999999995]","[140.44760000002384,184.64760000002386,197.68110000002386,234.78099999999995,242.78099999999995]","[""scam_button""]",4.204271399,0.6621,2.167671535,0.6126,1.475840693,0.5473,0,12,12,13,1,resources/images/legit15.jpg,legit,0.95,0.65,0,0,,,,,,,,,,,,,,,,,,,,,,,,,,,,,,,,,,,,,,,,,,,,,,,,,,,,,,,,,,,,,,,,,,,,,,,,,,,,,,,,,,,,,,
,,,,,,,,,,,,,,,,003841,001,2025-04-29_11h09.48.356,SLSINC2,2022.2.5,MacIntel,30.03003003,,,,,,,,,,,14,"[62.71570000004769,90.28150000000001,110.64839999997618,139.61489999997616,183.71500000000003,196.24810000002384,216.34820000004765,227.04820000004764,233.94799999999998,241.11520000004765,251.3481000000238,262.14849999999996,272.448,283.9147000000477]","[62.71570000004769,90.28150000000001,110.6485,139.61489999997616,183.71500000000003,196.24810000002384,216.34820000004765,227.0483000000715,233.94799999999998,241.1153000000715,251.3481000000238,262.14849999999996,272.448,283.9147000000477]",,8,"[64.58159999990463,99.68119999992848,111.68109999990463,217.54779999995228,228.18119999992845,252.3810999999046,263.315,274.4480999999046]","[64.58159999990463,99.68119999992848,111.68109999990463,217.54789999997612,228.1812999999523,252.38119999992844,263.31509999990465,274.4481999999285]",6,"[140.44760000002384,184.64760000002386,197.681,234.78089999997616,242.78099999999995,284.7476000000238]","[140.44760000002384,184.64760000002386,197.68110000002386,234.78099999999995,242.78099999999995,284.74770000004764]","[""legit_button""]",7.212763247,1.2785,1.205630095,1.1811,1.205630095,0.1492,0,13,13,16,1,resources/images/legit_30.png,legit,1,0.85,0,0,,,,,,,,,,,,,,,,,,,,,,,,,,,,,,,,,,,,,,,,,,,,,,,,,,,,,,,,,,,,,,,,,,,,,,,,,,,,,,,,,,,,,,
,,,,,,,,,,,,,,,,003841,001,2025-04-29_11h09.48.356,SLSINC2,2022.2.5,MacIntel,30.03003003,,,,,,,,,,,15,"[62.71570000004769,90.28150000000001,110.64839999997618,139.61489999997616,183.71500000000003,196.24810000002384,216.34820000004765,227.04820000004764,233.94799999999998,241.11520000004765,251.3481000000238,262.14849999999996,272.448,283.9147000000477,296.248]","[62.71570000004769,90.28150000000001,110.6485,139.61489999997616,183.71500000000003,196.24810000002384,216.34820000004765,227.0483000000715,233.94799999999998,241.1153000000715,251.3481000000238,262.14849999999996,272.448,283.9147000000477,296.2481000000238]",,9,"[64.58159999990463,99.68119999992848,111.68109999990463,217.54779999995228,228.18119999992845,252.3810999999046,263.315,274.4480999999046,297.04789999997615]","[64.58159999990463,99.68119999992848,111.68109999990463,217.54789999997612,228.1812999999523,252.38119999992844,263.31509999990465,274.4481999999285,297.048]",6,"[140.44760000002384,184.64760000002386,197.681,234.78089999997616,242.78099999999995,284.7476000000238]","[140.44760000002384,184.64760000002386,197.68110000002386,234.78099999999995,242.78099999999995,284.74770000004764]","[""scam_button""]",1.091881793,0.9457,1.091881793,0.1294,1.102581522,1.1137,0,14,14,6,1,resources/images/legit13.jpg,legit,0.65,0.65,0,0,,,,,,,,,,,,,,,,,,,,,,,,,,,,,,,,,,,,,,,,,,,,,,,,,,,,,,,,,,,,,,,,,,,,,,,,,,,,,,,,,,,,,,
,,,,,,,,,,,,,,,,003841,001,2025-04-29_11h09.48.356,SLSINC2,2022.2.5,MacIntel,30.03003003,,,,,,,,,,,16,"[62.71570000004769,90.28150000000001,110.64839999997618,139.61489999997616,183.71500000000003,196.24810000002384,216.34820000004765,227.04820000004764,233.94799999999998,241.11520000004765,251.3481000000238,262.14849999999996,272.448,283.9147000000477,296.248,305.2483000000715]","[62.71570000004769,90.28150000000001,110.6485,139.61489999997616,183.71500000000003,196.24810000002384,216.34820000004765,227.0483000000715,233.94799999999998,241.1153000000715,251.3481000000238,262.14849999999996,272.448,283.9147000000477,296.2481000000238,305.2483000000715]",,10,"[64.58159999990463,99.68119999992848,111.68109999990463,217.54779999995228,228.18119999992845,252.3810999999046,263.315,274.4480999999046,297.04789999997615,306.2477999999523]","[64.58159999990463,99.68119999992848,111.68109999990463,217.54789999997612,228.1812999999523,252.38119999992844,263.31509999990465,274.4481999999285,297.048,306.24789999997614]",6,"[140.44760000002384,184.64760000002386,197.681,234.78089999997616,242.78099999999995,284.7476000000238]","[140.44760000002384,184.64760000002386,197.68110000002386,234.78099999999995,242.78099999999995,284.74770000004764]","[""scam_button""]",9.465438179,0.9144,0.529127038,1.0624,0.529127038,0.1977,0,15,15,12,1,resources/images/scam17.png,scam,0.8,0.65,0,0,,,,,,,,,,,,,,,,,,,,,,,,,,,,,,,,,,,,,,,,,,,,,,,,,,,,,,,,,,,,,,,,,,,,,,,,,,,,,,,,,,,,,,
,,,,,,,,,,,,,,,,003841,001,2025-04-29_11h09.48.356,SLSINC2,2022.2.5,MacIntel,30.03003003,,,,,,,,,,,17,"[62.71570000004769,90.28150000000001,110.64839999997618,139.61489999997616,183.71500000000003,196.24810000002384,216.34820000004765,227.04820000004764,233.94799999999998,241.11520000004765,251.3481000000238,262.14849999999996,272.448,283.9147000000477,296.248,305.2483000000715,311.6818000000715]","[62.71570000004769,90.28150000000001,110.6485,139.61489999997616,183.71500000000003,196.24810000002384,216.34820000004765,227.0483000000715,233.94799999999998,241.1153000000715,251.3481000000238,262.14849999999996,272.448,283.9147000000477,296.2481000000238,305.2483000000715,311.6818999999761]",,11,"[64.58159999990463,99.68119999992848,111.68109999990463,217.54779999995228,228.18119999992845,252.3810999999046,263.315,274.4480999999046,297.04789999997615,306.2477999999523,312.48129999995234]","[64.58159999990463,99.68119999992848,111.68109999990463,217.54789999997612,228.1812999999523,252.38119999992844,263.31509999990465,274.4481999999285,297.048,306.24789999997614,312.48129999995234]",6,"[140.44760000002384,184.64760000002386,197.681,234.78089999997616,242.78099999999995,284.7476000000238]","[140.44760000002384,184.64760000002386,197.68110000002386,234.78099999999995,242.78099999999995,284.74770000004764]","[""scam_button""]",0.775220788,1.848,0.733101223,0.8627,0.733101223,0.1973,0,16,16,9,1,resources/images/legit_22.png,legit,1,0.78,0,0,,,,,,,,,,,,,,,,,,,,,,,,,,,,,,,,,,,,,,,,,,,,,,,,,,,,,,,,,,,,,,,,,,,,,,,,,,,,,,,,,,,,,,
,,,,,,,,,,,,,,,,003841,001,2025-04-29_11h09.48.356,SLSINC2,2022.2.5,MacIntel,30.03003003,,,,,,,,,,,18,"[62.71570000004769,90.28150000000001,110.64839999997618,139.61489999997616,183.71500000000003,196.24810000002384,216.34820000004765,227.04820000004764,233.94799999999998,241.11520000004765,251.3481000000238,262.14849999999996,272.448,283.9147000000477,296.248,305.2483000000715,311.6818000000715,318.58149999999995]","[62.71570000004769,90.28150000000001,110.6485,139.61489999997616,183.71500000000003,196.24810000002384,216.34820000004765,227.0483000000715,233.94799999999998,241.1153000000715,251.3481000000238,262.14849999999996,272.448,283.9147000000477,296.2481000000238,305.2483000000715,311.6818999999761,318.5816000000238]",,12,"[64.58159999990463,99.68119999992848,111.68109999990463,217.54779999995228,228.18119999992845,252.3810999999046,263.315,274.4480999999046,297.04789999997615,306.2477999999523,312.48129999995234,319.84839999997615]","[64.58159999990463,99.68119999992848,111.68109999990463,217.54789999997612,228.1812999999523,252.38119999992844,263.31509999990465,274.4481999999285,297.048,306.24789999997614,312.48129999995234,319.8485]",6,"[140.44760000002384,184.64760000002386,197.681,234.78089999997616,242.78099999999995,284.7476000000238]","[140.44760000002384,184.64760000002386,197.68110000002386,234.78099999999995,242.78099999999995,284.74770000004764]","[""scam_button""]",8.34149966,0.98,0.542883832,1.0799,0.542883832,0.1812,0,17,17,1,1,resources/images/scam9.jpg,scam,0.65,0.65,0,0,,,,,,,,,,,,,,,,,,,,,,,,,,,,,,,,,,,,,,,,,,,,,,,,,,,,,,,,,,,,,,,,,,,,,,,,,,,,,,,,,,,,,,
,,,,,,,,,,,,,,,,003841,001,2025-04-29_11h09.48.356,SLSINC2,2022.2.5,MacIntel,30.03003003,,,,,,,,,,,19,"[62.71570000004769,90.28150000000001,110.64839999997618,139.61489999997616,183.71500000000003,196.24810000002384,216.34820000004765,227.04820000004764,233.94799999999998,241.11520000004765,251.3481000000238,262.14849999999996,272.448,283.9147000000477,296.248,305.2483000000715,311.6818000000715,318.58149999999995,327.88149999999996]","[62.71570000004769,90.28150000000001,110.6485,139.61489999997616,183.71500000000003,196.24810000002384,216.34820000004765,227.0483000000715,233.94799999999998,241.1153000000715,251.3481000000238,262.14849999999996,272.448,283.9147000000477,296.2481000000238,305.2483000000715,311.6818999999761,318.5816000000238,327.88149999999996]",,12,"[64.58159999990463,99.68119999992848,111.68109999990463,217.54779999995228,228.18119999992845,252.3810999999046,263.315,274.4480999999046,297.04789999997615,306.2477999999523,312.48129999995234,319.84839999997615]","[64.58159999990463,99.68119999992848,111.68109999990463,217.54789999997612,228.1812999999523,252.38119999992844,263.31509999990465,274.4481999999285,297.048,306.24789999997614,312.48129999995234,319.8485]",7,"[140.44760000002384,184.64760000002386,197.681,234.78089999997616,242.78099999999995,284.7476000000238,329.5478000000715]","[140.44760000002384,184.64760000002386,197.68110000002386,234.78099999999995,242.78099999999995,284.74770000004764,329.5478000000715]","[""legit_button""]",6.01728091,0.5961,0.480001698,0.8628,0.480001698,0.18,0,18,18,10,1,resources/images/scam15.jpg,scam,0.65,0.65,0,0,,,,,,,,,,,,,,,,,,,,,,,,,,,,,,,,,,,,,,,,,,,,,,,,,,,,,,,,,,,,,,,,,,,,,,,,,,,,,,,,,,,,,,
,,,,,,,,,,,,,,,,003841,001,2025-04-29_11h09.48.356,SLSINC2,2022.2.5,MacIntel,30.03003003,,,,,,,,,,,20,"[62.71570000004769,90.28150000000001,110.64839999997618,139.61489999997616,183.71500000000003,196.24810000002384,216.34820000004765,227.04820000004764,233.94799999999998,241.11520000004765,251.3481000000238,262.14849999999996,272.448,283.9147000000477,296.248,305.2483000000715,311.6818000000715,318.58149999999995,327.88149999999996,338.44830000007147]","[62.71570000004769,90.28150000000001,110.6485,139.61489999997616,183.71500000000003,196.24810000002384,216.34820000004765,227.0483000000715,233.94799999999998,241.1153000000715,251.3481000000238,262.14849999999996,272.448,283.9147000000477,296.2481000000238,305.2483000000715,311.6818999999761,318.5816000000238,327.88149999999996,338.44830000007147]",,13,"[64.58159999990463,99.68119999992848,111.68109999990463,217.54779999995228,228.18119999992845,252.3810999999046,263.315,274.4480999999046,297.04789999997615,306.2477999999523,312.48129999995234,319.84839999997615,339.2477999999523]","[64.58159999990463,99.68119999992848,111.68109999990463,217.54789999997612,228.1812999999523,252.38119999992844,263.31509999990465,274.4481999999285,297.048,306.24789999997614,312.48129999995234,319.8485,339.2477999999523]",7,"[140.44760000002384,184.64760000002386,197.681,234.78089999997616,242.78099999999995,284.7476000000238,329.5478000000715]","[140.44760000002384,184.64760000002386,197.68110000002386,234.78099999999995,242.78099999999995,284.74770000004764,329.5478000000715]","[""scam_button""]",8.727708899,1.0128,0.609205163,1.1449,0.609205163,0.1461,0,19,19,5,1,resources/images/legit12.jpg,legit,1,0.65,0,0,,,,,,,,,,,,,,,,,,,,,,,,,,,,,,,,,,,,,,,,,,,,,,,,,,,,,,,,,,,,,,,,,,,,,,,,,,,,,,,,,,,,,,
,,,,,,,,,,,,,,,,003841,001,2025-04-29_11h09.48.356,SLSINC2,2022.2.5,MacIntel,30.03003003,,,,,,,,,,,21,"[62.71570000004769,90.28150000000001,110.64839999997618,139.61489999997616,183.71500000000003,196.24810000002384,216.34820000004765,227.04820000004764,233.94799999999998,241.11520000004765,251.3481000000238,262.14849999999996,272.448,283.9147000000477,296.248,305.2483000000715,311.6818000000715,318.58149999999995,327.88149999999996,338.44830000007147,344.78139999997614]","[62.71570000004769,90.28150000000001,110.6485,139.61489999997616,183.71500000000003,196.24810000002384,216.34820000004765,227.0483000000715,233.94799999999998,241.1153000000715,251.3481000000238,262.14849999999996,272.448,283.9147000000477,296.2481000000238,305.2483000000715,311.6818999999761,318.5816000000238,327.88149999999996,338.44830000007147,344.78149999999994]",,14,"[64.58159999990463,99.68119999992848,111.68109999990463,217.54779999995228,228.18119999992845,252.3810999999046,263.315,274.4480999999046,297.04789999997615,306.2477999999523,312.48129999995234,319.84839999997615,339.2477999999523,345.8145]","[64.58159999990463,99.68119999992848,111.68109999990463,217.54789999997612,228.1812999999523,252.38119999992844,263.31509999990465,274.4481999999285,297.048,306.24789999997614,312.48129999995234,319.8485,339.2477999999523,345.8145]",7,"[140.44760000002384,184.64760000002386,197.681,234.78089999997616,242.78099999999995,284.7476000000238,329.5478000000715]","[140.44760000002384,184.64760000002386,197.68110000002386,234.78099999999995,242.78099999999995,284.74770000004764,329.5478000000715]","[""scam_button""]",8.550314198,0.8953,0.537321671,0.9631,0.537321671,0.1965,0,20,20,11,1,resources/images/scam16.png,scam,0.65,0.65,0,0,,,,,,,,,,,,,,,,,,,,,,,,,,,,,,,,,,,,,,,,,,,,,,,,,,,,,,,,,,,,,,,,,,,,,,,,,,,,,,,,,,,,,,
,,,,,,,,,,,,,,,,003841,001,2025-04-29_11h09.48.356,SLSINC2,2022.2.5,MacIntel,30.03003003,,,,,,,,,,,22,"[62.71570000004769,90.28150000000001,110.64839999997618,139.61489999997616,183.71500000000003,196.24810000002384,216.34820000004765,227.04820000004764,233.94799999999998,241.11520000004765,251.3481000000238,262.14849999999996,272.448,283.9147000000477,296.248,305.2483000000715,311.6818000000715,318.58149999999995,327.88149999999996,338.44830000007147,344.78139999997614,349.0146000000238]","[62.71570000004769,90.28150000000001,110.6485,139.61489999997616,183.71500000000003,196.24810000002384,216.34820000004765,227.0483000000715,233.94799999999998,241.1153000000715,251.3481000000238,262.14849999999996,272.448,283.9147000000477,296.2481000000238,305.2483000000715,311.6818999999761,318.5816000000238,327.88149999999996,338.44830000007147,344.78149999999994,349.0146000000238]",,15,"[64.58159999990463,99.68119999992848,111.68109999990463,217.54779999995228,228.18119999992845,252.3810999999046,263.315,274.4480999999046,297.04789999997615,306.2477999999523,312.48129999995234,319.84839999997615,339.2477999999523,345.8145,352.6476999999285]","[64.58159999990463,99.68119999992848,111.68109999990463,217.54789999997612,228.1812999999523,252.38119999992844,263.31509999990465,274.4481999999285,297.048,306.24789999997614,312.48129999995234,319.8485,339.2477999999523,345.8145,352.6476999999285]",7,"[140.44760000002384,184.64760000002386,197.681,234.78089999997616,242.78099999999995,284.7476000000238,329.5478000000715]","[140.44760000002384,184.64760000002386,197.68110000002386,234.78099999999995,242.78099999999995,284.74770000004764,329.5478000000715]","[""scam_button""]",1.11884341,0.9459,1.11884341,0.1292,1.11884341,0.1468,0,21,21,3,1,resources/images/legit_20.png,legit,0.9,0.8,0,0,,,,,,,,,,,,,,,,,,,,,,,,,,,,,,,,,,,,,,,,,,,,,,,,,,,,,,,,,,,,,,,,,,,,,,,,,,,,,,,,,,,,,,
,,,,,,,,,,,,,,,,003841,001,2025-04-29_11h09.48.356,SLSINC2,2022.2.5,MacIntel,30.03003003,,,,,,,,,,,23,"[62.71570000004769,90.28150000000001,110.64839999997618,139.61489999997616,183.71500000000003,196.24810000002384,216.34820000004765,227.04820000004764,233.94799999999998,241.11520000004765,251.3481000000238,262.14849999999996,272.448,283.9147000000477,296.248,305.2483000000715,311.6818000000715,318.58149999999995,327.88149999999996,338.44830000007147,344.78139999997614,349.0146000000238,357.58149999999995]","[62.71570000004769,90.28150000000001,110.6485,139.61489999997616,183.71500000000003,196.24810000002384,216.34820000004765,227.0483000000715,233.94799999999998,241.1153000000715,251.3481000000238,262.14849999999996,272.448,283.9147000000477,296.2481000000238,305.2483000000715,311.6818999999761,318.5816000000238,327.88149999999996,338.44830000007147,344.78149999999994,349.0146000000238,357.58149999999995]",,16,"[64.58159999990463,99.68119999992848,111.68109999990463,217.54779999995228,228.18119999992845,252.3810999999046,263.315,274.4480999999046,297.04789999997615,306.2477999999523,312.48129999995234,319.84839999997615,339.2477999999523,345.8145,352.6476999999285,358.18129999995233]","[64.58159999990463,99.68119999992848,111.68109999990463,217.54789999997612,228.1812999999523,252.38119999992844,263.31509999990465,274.4481999999285,297.048,306.24789999997614,312.48129999995234,319.8485,339.2477999999523,345.8145,352.6476999999285,358.18129999995233]",7,"[140.44760000002384,184.64760000002386,197.681,234.78089999997616,242.78099999999995,284.7476000000238,329.5478000000715]","[140.44760000002384,184.64760000002386,197.68110000002386,234.78099999999995,242.78099999999995,284.74770000004764,329.5478000000715]","[""scam_button""]",8.490276834,1.1622,1.379118546,1.0142,1.379118546,0.1484,0,22,22,15,1,resources/images/legit16.jpg,legit,0.65,0.65,0,0,,,,,,,,,,,,,,,,,,,,,,,,,,,,,,,,,,,,,,,,,,,,,,,,,,,,,,,,,,,,,,,,,,,,,,,,,,,,,,,,,,,,,,
,,,,,,,,,,,,,,,,003841,001,2025-04-29_11h09.48.356,SLSINC2,2022.2.5,MacIntel,30.03003003,,,,,,,,,,,24,"[62.71570000004769,90.28150000000001,110.64839999997618,139.61489999997616,183.71500000000003,196.24810000002384,216.34820000004765,227.04820000004764,233.94799999999998,241.11520000004765,251.3481000000238,262.14849999999996,272.448,283.9147000000477,296.248,305.2483000000715,311.6818000000715,318.58149999999995,327.88149999999996,338.44830000007147,344.78139999997614,349.0146000000238,357.58149999999995,367.98160000002383]","[62.71570000004769,90.28150000000001,110.6485,139.61489999997616,183.71500000000003,196.24810000002384,216.34820000004765,227.0483000000715,233.94799999999998,241.1153000000715,251.3481000000238,262.14849999999996,272.448,283.9147000000477,296.2481000000238,305.2483000000715,311.6818999999761,318.5816000000238,327.88149999999996,338.44830000007147,344.78149999999994,349.0146000000238,357.58149999999995,367.98160000002383]",,17,"[64.58159999990463,99.68119999992848,111.68109999990463,217.54779999995228,228.18119999992845,252.3810999999046,263.315,274.4480999999046,297.04789999997615,306.2477999999523,312.48129999995234,319.84839999997615,339.2477999999523,345.8145,352.6476999999285,358.18129999995233,368.78119999992845]","[64.58159999990463,99.68119999992848,111.68109999990463,217.54789999997612,228.1812999999523,252.38119999992844,263.31509999990465,274.4481999999285,297.048,306.24789999997614,312.48129999995234,319.8485,339.2477999999523,345.8145,352.6476999999285,358.18129999995233,368.78119999992845]",7,"[140.44760000002384,184.64760000002386,197.681,234.78089999997616,242.78099999999995,284.7476000000238,329.5478000000715]","[140.44760000002384,184.64760000002386,197.68110000002386,234.78099999999995,242.78099999999995,284.74770000004764,329.5478000000715]","[""scam_button""]",5.100076427,0.7135,1.09149966,0.8124,1.09149966,0.1473,0,23,23,21,1,resources/images/scam_23.png,scam,1,0.8,0,0,,,,,,,,,,,,,,,,,,,,,,,,,,,,,,,,,,,,,,,,,,,,,,,,,,,,,,,,,,,,,,,,,,,,,,,,,,,,,,,,,,,,,,
,,,,,,,,,,,,,,,,003841,001,2025-04-29_11h09.48.356,SLSINC2,2022.2.5,MacIntel,30.03003003,,,,,,,,,,,,,,,,,,,,,,,,,,,,,,,,,,,,,,,space,2.3192,,,,,,,,,,,,,,,,,,,,,,,,,,,,,,,,,,,,,,,,,,,,,,,,,,,,,,,,,,,,,,,,,,,,,,,,,,,,,,,,,,,,
,,,,,,,,,,,,,,,,003841,001,2025-04-29_11h09.48.356,SLSINC2,2022.2.5,MacIntel,30.03003003,,,,,,,,,,,,,,,,,,,,,,,,,,,,,,,,,,,,,,,,,space,14.8177,,,,,,,,,,,,,,,,,,,,,,,,,,,,,,,,,,,,,,,,,,,,,,,,,,,,,,,,,,,,,,,,,,,,,,,,,,,,,,,,,,
,,,,,,,,,,,,,,,,003841,001,2025-04-29_11h09.48.356,SLSINC2,2022.2.5,MacIntel,30.03003003,,,,,,,,,,,,,,,,,,,,,,,,,,,,,,,,,,,,,,,,,,,space,9.2671,,,,,,,,,,,,,,,,,,,,,,,,,,,,,,,,,,,,,,,,,,,,,,,,,,,,,,,,,,,,,,,,,,,,,,,,,,,,,,,,
,,,,,,,,,,,,,,,,003841,001,2025-04-29_11h09.48.356,SLSINC2,2022.2.5,MacIntel,30.03003003,,,,,,,,,,,,,,,,,,,,,,,,,,,,,,,,,,,,,,,,,,,,," misspelling, they want personal information, sense of urgency, URL doesn't match sender",1,[432.67699999999996],[432.67699999999996],,,,,,,,,,,,,,,,,,,,,,,,,,,,,,,,,,,,,,,,,,,,,,,,,,,,,,,,,,,,,,,,,,,,,,,,,,,,
,,,,,,,,,,,,,,,,003841,001,2025-04-29_11h09.48.356,SLSINC2,2022.2.5,MacIntel,30.03003003,,,,,,,,,space,2.9202,,,,,,,,,,,,,,,,,,,,,,,,,,,,,,,,,,,,,,,,,,,,,,,,,,,,,,,,,,,,,,,,,,,,,,,,,,,,,,,,,,,,,,,,,,,,,,,,,,,,,,,,,,,,,,,,,,
,,,,,,,,,,,,,,,,003841,001,2025-04-29_11h09.48.356,SLSINC2,2022.2.5,MacIntel,30.03003003,,,,,,,,,,,25,"[62.71570000004769,90.28150000000001,110.64839999997618,139.61489999997616,183.71500000000003,196.24810000002384,216.34820000004765,227.04820000004764,233.94799999999998,241.11520000004765,251.3481000000238,262.14849999999996,272.448,283.9147000000477,296.248,305.2483000000715,311.6818000000715,318.58149999999995,327.88149999999996,338.44830000007147,344.78139999997614,349.0146000000238,357.58149999999995,367.98160000002383,443.64820000004767]","[62.71570000004769,90.28150000000001,110.6485,139.61489999997616,183.71500000000003,196.24810000002384,216.34820000004765,227.0483000000715,233.94799999999998,241.1153000000715,251.3481000000238,262.14849999999996,272.448,283.9147000000477,296.2481000000238,305.2483000000715,311.6818999999761,318.5816000000238,327.88149999999996,338.44830000007147,344.78149999999994,349.0146000000238,357.58149999999995,367.98160000002383,443.64820000004767]",,18,"[64.58159999990463,99.68119999992848,111.68109999990463,217.54779999995228,228.18119999992845,252.3810999999046,263.315,274.4480999999046,297.04789999997615,306.2477999999523,312.48129999995234,319.84839999997615,339.2477999999523,345.8145,352.6476999999285,358.18129999995233,368.78119999992845,444.58139999997616]","[64.58159999990463,99.68119999992848,111.68109999990463,217.54789999997612,228.1812999999523,252.38119999992844,263.31509999990465,274.4481999999285,297.048,306.24789999997614,312.48129999995234,319.8485,339.2477999999523,345.8145,352.6476999999285,358.18129999995233,368.78119999992845,444.5815]",7,"[140.44760000002384,184.64760000002386,197.681,234.78089999997616,242.78099999999995,284.7476000000238,329.5478000000715]","[140.44760000002384,184.64760000002386,197.68110000002386,234.78099999999995,242.78099999999995,284.74770000004764,329.5478000000715]","[""scam_button""]",9.34485394,0.8958,1.213230299,0.7962,1.213230299,0.2148,,,,,,resources/images/legit3.jpg,legit,1,0.73,0,0,,,,,,,,,,,0,0,0,5,1,,,,,,,,,,,,,,,,,,,,,,,,,,,,,,,,,,,,,,,,,,,,,,,,,,,,,,,,,,,,,,,,,,,,,,,
,,,,,,,,,,,,,,,,003841,001,2025-04-29_11h09.48.356,SLSINC2,2022.2.5,MacIntel,30.03003003,,,,,,,,,,,26,"[62.71570000004769,90.28150000000001,110.64839999997618,139.61489999997616,183.71500000000003,196.24810000002384,216.34820000004765,227.04820000004764,233.94799999999998,241.11520000004765,251.3481000000238,262.14849999999996,272.448,283.9147000000477,296.248,305.2483000000715,311.6818000000715,318.58149999999995,327.88149999999996,338.44830000007147,344.78139999997614,349.0146000000238,357.58149999999995,367.98160000002383,443.64820000004767,480.61470000004766]","[62.71570000004769,90.28150000000001,110.6485,139.61489999997616,183.71500000000003,196.24810000002384,216.34820000004765,227.0483000000715,233.94799999999998,241.1153000000715,251.3481000000238,262.14849999999996,272.448,283.9147000000477,296.2481000000238,305.2483000000715,311.6818999999761,318.5816000000238,327.88149999999996,338.44830000007147,344.78149999999994,349.0146000000238,357.58149999999995,367.98160000002383,443.64820000004767,480.6148000000715]",,19,"[64.58159999990463,99.68119999992848,111.68109999990463,217.54779999995228,228.18119999992845,252.3810999999046,263.315,274.4480999999046,297.04789999997615,306.2477999999523,312.48129999995234,319.84839999997615,339.2477999999523,345.8145,352.6476999999285,358.18129999995233,368.78119999992845,444.58139999997616,481.448]","[64.58159999990463,99.68119999992848,111.68109999990463,217.54789999997612,228.1812999999523,252.38119999992844,263.31509999990465,274.4481999999285,297.048,306.24789999997614,312.48129999995234,319.8485,339.2477999999523,345.8145,352.6476999999285,358.18129999995233,368.78119999992845,444.5815,481.4480999999047]",7,"[140.44760000002384,184.64760000002386,197.681,234.78089999997616,242.78099999999995,284.7476000000238,329.5478000000715]","[140.44760000002384,184.64760000002386,197.68110000002386,234.78099999999995,242.78099999999995,284.74770000004764,329.5478000000715]","[""scam_button""]",1.889648438,1.6955,0.176205842,1.6956,0.176205842,0.1489,,,,,,resources/images/legit14-EDIT.jpg,legit,1,0.65,0,0,,,,,,,,,,,0,1,1,21,1,,,,,,,,,,,,,,,,,,,,,,,,,,,,,,,,,,,,,,,,,,,,,,,,,,,,,,,,,,,,,,,,,,,,,,,
,,,,,,,,,,,,,,,,003841,001,2025-04-29_11h09.48.356,SLSINC2,2022.2.5,MacIntel,30.03003003,,,,,,,,,,,27,"[62.71570000004769,90.28150000000001,110.64839999997618,139.61489999997616,183.71500000000003,196.24810000002384,216.34820000004765,227.04820000004764,233.94799999999998,241.11520000004765,251.3481000000238,262.14849999999996,272.448,283.9147000000477,296.248,305.2483000000715,311.6818000000715,318.58149999999995,327.88149999999996,338.44830000007147,344.78139999997614,349.0146000000238,357.58149999999995,367.98160000002383,443.64820000004767,480.61470000004766,488.282]","[62.71570000004769,90.28150000000001,110.6485,139.61489999997616,183.71500000000003,196.24810000002384,216.34820000004765,227.0483000000715,233.94799999999998,241.1153000000715,251.3481000000238,262.14849999999996,272.448,283.9147000000477,296.2481000000238,305.2483000000715,311.6818999999761,318.5816000000238,327.88149999999996,338.44830000007147,344.78149999999994,349.0146000000238,357.58149999999995,367.98160000002383,443.64820000004767,480.6148000000715,488.282]",,20,"[64.58159999990463,99.68119999992848,111.68109999990463,217.54779999995228,228.18119999992845,252.3810999999046,263.315,274.4480999999046,297.04789999997615,306.2477999999523,312.48129999995234,319.84839999997615,339.2477999999523,345.8145,352.6476999999285,358.18129999995233,368.78119999992845,444.58139999997616,481.448,488.8477999999524]","[64.58159999990463,99.68119999992848,111.68109999990463,217.54789999997612,228.1812999999523,252.38119999992844,263.31509999990465,274.4481999999285,297.048,306.24789999997614,312.48129999995234,319.8485,339.2477999999523,345.8145,352.6476999999285,358.18129999995233,368.78119999992845,444.5815,481.4480999999047,488.8478999999761]",7,"[140.44760000002384,184.64760000002386,197.681,234.78089999997616,242.78099999999995,284.7476000000238,329.5478000000715]","[140.44760000002384,184.64760000002386,197.68110000002386,234.78099999999995,242.78099999999995,284.74770000004764,329.5478000000715]","[""scam_button""]",8.212296196,0.5795,0.902258832,0.6622,0.902258832,0.1798,,,,,,resources/images/legit2.jpg,legit,1,0.65,0,0,,,,,,,,,,,0,2,2,4,1,,,,,,,,,,,,,,,,,,,,,,,,,,,,,,,,,,,,,,,,,,,,,,,,,,,,,,,,,,,,,,,,,,,,,,,
,,,,,,,,,,,,,,,,003841,001,2025-04-29_11h09.48.356,SLSINC2,2022.2.5,MacIntel,30.03003003,,,,,,,,,,,28,"[62.71570000004769,90.28150000000001,110.64839999997618,139.61489999997616,183.71500000000003,196.24810000002384,216.34820000004765,227.04820000004764,233.94799999999998,241.11520000004765,251.3481000000238,262.14849999999996,272.448,283.9147000000477,296.248,305.2483000000715,311.6818000000715,318.58149999999995,327.88149999999996,338.44830000007147,344.78139999997614,349.0146000000238,357.58149999999995,367.98160000002383,443.64820000004767,480.61470000004766,488.282,500.8145]","[62.71570000004769,90.28150000000001,110.6485,139.61489999997616,183.71500000000003,196.24810000002384,216.34820000004765,227.0483000000715,233.94799999999998,241.1153000000715,251.3481000000238,262.14849999999996,272.448,283.9147000000477,296.2481000000238,305.2483000000715,311.6818999999761,318.5816000000238,327.88149999999996,338.44830000007147,344.78149999999994,349.0146000000238,357.58149999999995,367.98160000002383,443.64820000004767,480.6148000000715,488.282,500.81460000002386]",,21,"[64.58159999990463,99.68119999992848,111.68109999990463,217.54779999995228,228.18119999992845,252.3810999999046,263.315,274.4480999999046,297.04789999997615,306.2477999999523,312.48129999995234,319.84839999997615,339.2477999999523,345.8145,352.6476999999285,358.18129999995233,368.78119999992845,444.58139999997616,481.448,488.8477999999524,501.548]","[64.58159999990463,99.68119999992848,111.68109999990463,217.54789999997612,228.1812999999523,252.38119999992844,263.31509999990465,274.4481999999285,297.048,306.24789999997614,312.48129999995234,319.8485,339.2477999999523,345.8145,352.6476999999285,358.18129999995233,368.78119999992845,444.5815,481.4480999999047,488.8478999999761,501.548]",7,"[140.44760000002384,184.64760000002386,197.681,234.78089999997616,242.78099999999995,284.7476000000238,329.5478000000715]","[140.44760000002384,184.64760000002386,197.68110000002386,234.78099999999995,242.78099999999995,284.74770000004764,329.5478000000715]","[""scam_button""]",6.40455163,0.529,1.440174932,0.7291,1.440174932,0.282,,,,,,resources/images/legit17-EDIT.png,legit,0.65,0.65,0,0,,,,,,,,,,,0,3,3,22,1,,,,,,,,,,,,,,,,,,,,,,,,,,,,,,,,,,,,,,,,,,,,,,,,,,,,,,,,,,,,,,,,,,,,,,,
,,,,,,,,,,,,,,,,003841,001,2025-04-29_11h09.48.356,SLSINC2,2022.2.5,MacIntel,30.03003003,,,,,,,,,,,29,"[62.71570000004769,90.28150000000001,110.64839999997618,139.61489999997616,183.71500000000003,196.24810000002384,216.34820000004765,227.04820000004764,233.94799999999998,241.11520000004765,251.3481000000238,262.14849999999996,272.448,283.9147000000477,296.248,305.2483000000715,311.6818000000715,318.58149999999995,327.88149999999996,338.44830000007147,344.78139999997614,349.0146000000238,357.58149999999995,367.98160000002383,443.64820000004767,480.61470000004766,488.282,500.8145,510.6148000000715]","[62.71570000004769,90.28150000000001,110.6485,139.61489999997616,183.71500000000003,196.24810000002384,216.34820000004765,227.0483000000715,233.94799999999998,241.1153000000715,251.3481000000238,262.14849999999996,272.448,283.9147000000477,296.2481000000238,305.2483000000715,311.6818999999761,318.5816000000238,327.88149999999996,338.44830000007147,344.78149999999994,349.0146000000238,357.58149999999995,367.98160000002383,443.64820000004767,480.6148000000715,488.282,500.81460000002386,510.6148000000715]",,22,"[64.58159999990463,99.68119999992848,111.68109999990463,217.54779999995228,228.18119999992845,252.3810999999046,263.315,274.4480999999046,297.04789999997615,306.2477999999523,312.48129999995234,319.84839999997615,339.2477999999523,345.8145,352.6476999999285,358.18129999995233,368.78119999992845,444.58139999997616,481.448,488.8477999999524,501.548,511.58119999992846]","[64.58159999990463,99.68119999992848,111.68109999990463,217.54789999997612,228.1812999999523,252.38119999992844,263.31509999990465,274.4481999999285,297.048,306.24789999997614,312.48129999995234,319.8485,339.2477999999523,345.8145,352.6476999999285,358.18129999995233,368.78119999992845,444.5815,481.4480999999047,488.8478999999761,501.548,511.5812999999523]",7,"[140.44760000002384,184.64760000002386,197.681,234.78089999997616,242.78099999999995,284.7476000000238,329.5478000000715]","[140.44760000002384,184.64760000002386,197.68110000002386,234.78099999999995,242.78099999999995,284.74770000004764,329.5478000000715]","[""scam_button""]",7.610988451,0.6962,0.741295856,0.7305,0.741295856,0.1634,,,,,,resources/images/scam5.jpg,scam,0.7,0.65,0,0,,,,,,,,,,,0,4,4,7,1,,,,,,,,,,,,,,,,,,,,,,,,,,,,,,,,,,,,,,,,,,,,,,,,,,,,,,,,,,,,,,,,,,,,,,,
,,,,,,,,,,,,,,,,003841,001,2025-04-29_11h09.48.356,SLSINC2,2022.2.5,MacIntel,30.03003003,,,,,,,,,,,30,"[62.71570000004769,90.28150000000001,110.64839999997618,139.61489999997616,183.71500000000003,196.24810000002384,216.34820000004765,227.04820000004764,233.94799999999998,241.11520000004765,251.3481000000238,262.14849999999996,272.448,283.9147000000477,296.248,305.2483000000715,311.6818000000715,318.58149999999995,327.88149999999996,338.44830000007147,344.78139999997614,349.0146000000238,357.58149999999995,367.98160000002383,443.64820000004767,480.61470000004766,488.282,500.8145,510.6148000000715,519.4813000000715]","[62.71570000004769,90.28150000000001,110.6485,139.61489999997616,183.71500000000003,196.24810000002384,216.34820000004765,227.0483000000715,233.94799999999998,241.1153000000715,251.3481000000238,262.14849999999996,272.448,283.9147000000477,296.2481000000238,305.2483000000715,311.6818999999761,318.5816000000238,327.88149999999996,338.44830000007147,344.78149999999994,349.0146000000238,357.58149999999995,367.98160000002383,443.64820000004767,480.6148000000715,488.282,500.81460000002386,510.6148000000715,519.4813000000715]",,23,"[64.58159999990463,99.68119999992848,111.68109999990463,217.54779999995228,228.18119999992845,252.3810999999046,263.315,274.4480999999046,297.04789999997615,306.2477999999523,312.48129999995234,319.84839999997615,339.2477999999523,345.8145,352.6476999999285,358.18129999995233,368.78119999992845,444.58139999997616,481.448,488.8477999999524,501.548,511.58119999992846,520.2478999999762]","[64.58159999990463,99.68119999992848,111.68109999990463,217.54789999997612,228.1812999999523,252.38119999992844,263.31509999990465,274.4481999999285,297.048,306.24789999997614,312.48129999995234,319.8485,339.2477999999523,345.8145,352.6476999999285,358.18129999995233,368.78119999992845,444.5815,481.4480999999047,488.8478999999761,501.548,511.5812999999523,520.2478999999762]",7,"[140.44760000002384,184.64760000002386,197.681,234.78089999997616,242.78099999999995,284.7476000000238,329.5478000000715]","[140.44760000002384,184.64760000002386,197.68110000002386,234.78099999999995,242.78099999999995,284.74770000004764,329.5478000000715]","[""scam_button""]",6.897248641,0.4626,0.733440897,0.4481,0.892111073,0.3798,,,,,,resources/images/scam10.jpg,scam,1,0.65,0,0,,,,,,,,,,,0,5,5,17,1,,,,,,,,,,,,,,,,,,,,,,,,,,,,,,,,,,,,,,,,,,,,,,,,,,,,,,,,,,,,,,,,,,,,,,,
,,,,,,,,,,,,,,,,003841,001,2025-04-29_11h09.48.356,SLSINC2,2022.2.5,MacIntel,30.03003003,,,,,,,,,,,31,"[62.71570000004769,90.28150000000001,110.64839999997618,139.61489999997616,183.71500000000003,196.24810000002384,216.34820000004765,227.04820000004764,233.94799999999998,241.11520000004765,251.3481000000238,262.14849999999996,272.448,283.9147000000477,296.248,305.2483000000715,311.6818000000715,318.58149999999995,327.88149999999996,338.44830000007147,344.78139999997614,349.0146000000238,357.58149999999995,367.98160000002383,443.64820000004767,480.61470000004766,488.282,500.8145,510.6148000000715,519.4813000000715,525.015]","[62.71570000004769,90.28150000000001,110.6485,139.61489999997616,183.71500000000003,196.24810000002384,216.34820000004765,227.0483000000715,233.94799999999998,241.1153000000715,251.3481000000238,262.14849999999996,272.448,283.9147000000477,296.2481000000238,305.2483000000715,311.6818999999761,318.5816000000238,327.88149999999996,338.44830000007147,344.78149999999994,349.0146000000238,357.58149999999995,367.98160000002383,443.64820000004767,480.6148000000715,488.282,500.81460000002386,510.6148000000715,519.4813000000715,525.015]",,23,"[64.58159999990463,99.68119999992848,111.68109999990463,217.54779999995228,228.18119999992845,252.3810999999046,263.315,274.4480999999046,297.04789999997615,306.2477999999523,312.48129999995234,319.84839999997615,339.2477999999523,345.8145,352.6476999999285,358.18129999995233,368.78119999992845,444.58139999997616,481.448,488.8477999999524,501.548,511.58119999992846,520.2478999999762]","[64.58159999990463,99.68119999992848,111.68109999990463,217.54789999997612,228.1812999999523,252.38119999992844,263.31509999990465,274.4481999999285,297.048,306.24789999997614,312.48129999995234,319.8485,339.2477999999523,345.8145,352.6476999999285,358.18129999995233,368.78119999992845,444.5815,481.4480999999047,488.8478999999761,501.548,511.5812999999523,520.2478999999762]",8,"[140.44760000002384,184.64760000002386,197.681,234.78089999997616,242.78099999999995,284.7476000000238,329.5478000000715,526.0812000000476]","[140.44760000002384,184.64760000002386,197.68110000002386,234.78099999999995,242.78099999999995,284.74770000004764,329.5478000000715,526.0812000000476]","[""legit_button""]",6.466075068,0.4958,1.144701087,0.5138,1.144701087,0.1292,,,,,,resources/images/legit1.png,legit,1,0.72,0,0,,,,,,,,,,,0,6,6,3,1,,,,,,,,,,,,,,,,,,,,,,,,,,,,,,,,,,,,,,,,,,,,,,,,,,,,,,,,,,,,,,,,,,,,,,,
,,,,,,,,,,,,,,,,003841,001,2025-04-29_11h09.48.356,SLSINC2,2022.2.5,MacIntel,30.03003003,,,,,,,,,,,32,"[62.71570000004769,90.28150000000001,110.64839999997618,139.61489999997616,183.71500000000003,196.24810000002384,216.34820000004765,227.04820000004764,233.94799999999998,241.11520000004765,251.3481000000238,262.14849999999996,272.448,283.9147000000477,296.248,305.2483000000715,311.6818000000715,318.58149999999995,327.88149999999996,338.44830000007147,344.78139999997614,349.0146000000238,357.58149999999995,367.98160000002383,443.64820000004767,480.61470000004766,488.282,500.8145,510.6148000000715,519.4813000000715,525.015,539.8478999999762]","[62.71570000004769,90.28150000000001,110.6485,139.61489999997616,183.71500000000003,196.24810000002384,216.34820000004765,227.0483000000715,233.94799999999998,241.1153000000715,251.3481000000238,262.14849999999996,272.448,283.9147000000477,296.2481000000238,305.2483000000715,311.6818999999761,318.5816000000238,327.88149999999996,338.44830000007147,344.78149999999994,349.0146000000238,357.58149999999995,367.98160000002383,443.64820000004767,480.6148000000715,488.282,500.81460000002386,510.6148000000715,519.4813000000715,525.015,539.8478999999762]",,24,"[64.58159999990463,99.68119999992848,111.68109999990463,217.54779999995228,228.18119999992845,252.3810999999046,263.315,274.4480999999046,297.04789999997615,306.2477999999523,312.48129999995234,319.84839999997615,339.2477999999523,345.8145,352.6476999999285,358.18129999995233,368.78119999992845,444.58139999997616,481.448,488.8477999999524,501.548,511.58119999992846,520.2478999999762,541.2143999999762]","[64.58159999990463,99.68119999992848,111.68109999990463,217.54789999997612,228.1812999999523,252.38119999992844,263.31509999990465,274.4481999999285,297.048,306.24789999997614,312.48129999995234,319.8485,339.2477999999523,345.8145,352.6476999999285,358.18129999995233,368.78119999992845,444.5815,481.4480999999047,488.8478999999761,501.548,511.5812999999523,520.2478999999762,541.2143999999762]",8,"[140.44760000002384,184.64760000002386,197.681,234.78089999997616,242.78099999999995,284.7476000000238,329.5478000000715,526.0812000000476]","[140.44760000002384,184.64760000002386,197.68110000002386,234.78099999999995,242.78099999999995,284.74770000004764,329.5478000000715,526.0812000000476]","[""scam_button""]",6.822987432,0.4606,1.232252038,0.3632,1.232252038,0.1958,,,,,,resources/images/legit10-EDIT.png,legit,1,0.65,0,0,,,,,,,,,,,0,7,7,18,1,,,,,,,,,,,,,,,,,,,,,,,,,,,,,,,,,,,,,,,,,,,,,,,,,,,,,,,,,,,,,,,,,,,,,,,
,,,,,,,,,,,,,,,,003841,001,2025-04-29_11h09.48.356,SLSINC2,2022.2.5,MacIntel,30.03003003,,,,,,,,,,,33,"[62.71570000004769,90.28150000000001,110.64839999997618,139.61489999997616,183.71500000000003,196.24810000002384,216.34820000004765,227.04820000004764,233.94799999999998,241.11520000004765,251.3481000000238,262.14849999999996,272.448,283.9147000000477,296.248,305.2483000000715,311.6818000000715,318.58149999999995,327.88149999999996,338.44830000007147,344.78139999997614,349.0146000000238,357.58149999999995,367.98160000002383,443.64820000004767,480.61470000004766,488.282,500.8145,510.6148000000715,519.4813000000715,525.015,539.8478999999762,549.0482000000477]","[62.71570000004769,90.28150000000001,110.6485,139.61489999997616,183.71500000000003,196.24810000002384,216.34820000004765,227.0483000000715,233.94799999999998,241.1153000000715,251.3481000000238,262.14849999999996,272.448,283.9147000000477,296.2481000000238,305.2483000000715,311.6818999999761,318.5816000000238,327.88149999999996,338.44830000007147,344.78149999999994,349.0146000000238,357.58149999999995,367.98160000002383,443.64820000004767,480.6148000000715,488.282,500.81460000002386,510.6148000000715,519.4813000000715,525.015,539.8478999999762,549.0482000000477]",,24,"[64.58159999990463,99.68119999992848,111.68109999990463,217.54779999995228,228.18119999992845,252.3810999999046,263.315,274.4480999999046,297.04789999997615,306.2477999999523,312.48129999995234,319.84839999997615,339.2477999999523,345.8145,352.6476999999285,358.18129999995233,368.78119999992845,444.58139999997616,481.448,488.8477999999524,501.548,511.58119999992846,520.2478999999762,541.2143999999762]","[64.58159999990463,99.68119999992848,111.68109999990463,217.54789999997612,228.1812999999523,252.38119999992844,263.31509999990465,274.4481999999285,297.048,306.24789999997614,312.48129999995234,319.8485,339.2477999999523,345.8145,352.6476999999285,358.18129999995233,368.78119999992845,444.5815,481.4480999999047,488.8478999999761,501.548,511.5812999999523,520.2478999999762,541.2143999999762]",9,"[140.44760000002384,184.64760000002386,197.681,234.78089999997616,242.78099999999995,284.7476000000238,329.5478000000715,526.0812000000476,549.8808000000715]","[140.44760000002384,184.64760000002386,197.68110000002386,234.78099999999995,242.78099999999995,284.74770000004764,329.5478000000715,526.0812000000476,549.8808000000715]","[""legit_button""]",5.904254416,0.7303,2.055281929,0.4798,2.055281929,0.1475,,,,,,resources/images/legit4-EDIT.png,legit,0.65,0.65,0,0,,,,,,,,,,,0,8,8,11,1,,,,,,,,,,,,,,,,,,,,,,,,,,,,,,,,,,,,,,,,,,,,,,,,,,,,,,,,,,,,,,,,,,,,,,,
,,,,,,,,,,,,,,,,003841,001,2025-04-29_11h09.48.356,SLSINC2,2022.2.5,MacIntel,30.03003003,,,,,,,,,,,34,"[62.71570000004769,90.28150000000001,110.64839999997618,139.61489999997616,183.71500000000003,196.24810000002384,216.34820000004765,227.04820000004764,233.94799999999998,241.11520000004765,251.3481000000238,262.14849999999996,272.448,283.9147000000477,296.248,305.2483000000715,311.6818000000715,318.58149999999995,327.88149999999996,338.44830000007147,344.78139999997614,349.0146000000238,357.58149999999995,367.98160000002383,443.64820000004767,480.61470000004766,488.282,500.8145,510.6148000000715,519.4813000000715,525.015,539.8478999999762,549.0482000000477,554.7148000000716]","[62.71570000004769,90.28150000000001,110.6485,139.61489999997616,183.71500000000003,196.24810000002384,216.34820000004765,227.0483000000715,233.94799999999998,241.1153000000715,251.3481000000238,262.14849999999996,272.448,283.9147000000477,296.2481000000238,305.2483000000715,311.6818999999761,318.5816000000238,327.88149999999996,338.44830000007147,344.78149999999994,349.0146000000238,357.58149999999995,367.98160000002383,443.64820000004767,480.6148000000715,488.282,500.81460000002386,510.6148000000715,519.4813000000715,525.015,539.8478999999762,549.0482000000477,554.7148999999762]",,25,"[64.58159999990463,99.68119999992848,111.68109999990463,217.54779999995228,228.18119999992845,252.3810999999046,263.315,274.4480999999046,297.04789999997615,306.2477999999523,312.48129999995234,319.84839999997615,339.2477999999523,345.8145,352.6476999999285,358.18129999995233,368.78119999992845,444.58139999997616,481.448,488.8477999999524,501.548,511.58119999992846,520.2478999999762,541.2143999999762,555.3145]","[64.58159999990463,99.68119999992848,111.68109999990463,217.54789999997612,228.1812999999523,252.38119999992844,263.31509999990465,274.4481999999285,297.048,306.24789999997614,312.48129999995234,319.8485,339.2477999999523,345.8145,352.6476999999285,358.18129999995233,368.78119999992845,444.5815,481.4480999999047,488.8478999999761,501.548,511.5812999999523,520.2478999999762,541.2143999999762,555.3145]",9,"[140.44760000002384,184.64760000002386,197.681,234.78089999997616,242.78099999999995,284.7476000000238,329.5478000000715,526.0812000000476,549.8808000000715]","[140.44760000002384,184.64760000002386,197.68110000002386,234.78099999999995,242.78099999999995,284.74770000004764,329.5478000000715,526.0812000000476,549.8808000000715]","[""scam_button""]",9.554517663,0.7481,1.24554178,0.5625,1.24554178,0.1794,,,,,,resources/images/scam_2.png,scam,0.9,0.65,0,0,,,,,,,,,,,0,9,9,1,1,,,,,,,,,,,,,,,,,,,,,,,,,,,,,,,,,,,,,,,,,,,,,,,,,,,,,,,,,,,,,,,,,,,,,,,
,,,,,,,,,,,,,,,,003841,001,2025-04-29_11h09.48.356,SLSINC2,2022.2.5,MacIntel,30.03003003,,,,,,,,,,,35,"[62.71570000004769,90.28150000000001,110.64839999997618,139.61489999997616,183.71500000000003,196.24810000002384,216.34820000004765,227.04820000004764,233.94799999999998,241.11520000004765,251.3481000000238,262.14849999999996,272.448,283.9147000000477,296.248,305.2483000000715,311.6818000000715,318.58149999999995,327.88149999999996,338.44830000007147,344.78139999997614,349.0146000000238,357.58149999999995,367.98160000002383,443.64820000004767,480.61470000004766,488.282,500.8145,510.6148000000715,519.4813000000715,525.015,539.8478999999762,549.0482000000477,554.7148000000716,563.8483000000715]","[62.71570000004769,90.28150000000001,110.6485,139.61489999997616,183.71500000000003,196.24810000002384,216.34820000004765,227.0483000000715,233.94799999999998,241.1153000000715,251.3481000000238,262.14849999999996,272.448,283.9147000000477,296.2481000000238,305.2483000000715,311.6818999999761,318.5816000000238,327.88149999999996,338.44830000007147,344.78149999999994,349.0146000000238,357.58149999999995,367.98160000002383,443.64820000004767,480.6148000000715,488.282,500.81460000002386,510.6148000000715,519.4813000000715,525.015,539.8478999999762,549.0482000000477,554.7148999999762,563.8483000000715]",,26,"[64.58159999990463,99.68119999992848,111.68109999990463,217.54779999995228,228.18119999992845,252.3810999999046,263.315,274.4480999999046,297.04789999997615,306.2477999999523,312.48129999995234,319.84839999997615,339.2477999999523,345.8145,352.6476999999285,358.18129999995233,368.78119999992845,444.58139999997616,481.448,488.8477999999524,501.548,511.58119999992846,520.2478999999762,541.2143999999762,555.3145,564.5478999999762]","[64.58159999990463,99.68119999992848,111.68109999990463,217.54789999997612,228.1812999999523,252.38119999992844,263.31509999990465,274.4481999999285,297.048,306.24789999997614,312.48129999995234,319.8485,339.2477999999523,345.8145,352.6476999999285,358.18129999995233,368.78119999992845,444.5815,481.4480999999047,488.8478999999761,501.548,511.5812999999523,520.2478999999762,541.2143999999762,555.3145,564.5478999999762]",9,"[140.44760000002384,184.64760000002386,197.681,234.78089999997616,242.78099999999995,284.7476000000238,329.5478000000715,526.0812000000476,549.8808000000715]","[140.44760000002384,184.64760000002386,197.68110000002386,234.78099999999995,242.78099999999995,284.74770000004764,329.5478000000715,526.0812000000476,549.8808000000715]","[""scam_button""]",7.646144701,0.4472,7.658542799,0.9297,1.440726902,0.5299,,,,,,resources/images/scam6.jpg,scam,1,0.65,0,0,,,,,,,,,,,0,10,10,9,1,,,,,,,,,,,,,,,,,,,,,,,,,,,,,,,,,,,,,,,,,,,,,,,,,,,,,,,,,,,,,,,,,,,,,,,
,,,,,,,,,,,,,,,,003841,001,2025-04-29_11h09.48.356,SLSINC2,2022.2.5,MacIntel,30.03003003,,,,,,,,,,,36,"[62.71570000004769,90.28150000000001,110.64839999997618,139.61489999997616,183.71500000000003,196.24810000002384,216.34820000004765,227.04820000004764,233.94799999999998,241.11520000004765,251.3481000000238,262.14849999999996,272.448,283.9147000000477,296.248,305.2483000000715,311.6818000000715,318.58149999999995,327.88149999999996,338.44830000007147,344.78139999997614,349.0146000000238,357.58149999999995,367.98160000002383,443.64820000004767,480.61470000004766,488.282,500.8145,510.6148000000715,519.4813000000715,525.015,539.8478999999762,549.0482000000477,554.7148000000716,563.8483000000715,572.2816000000239]","[62.71570000004769,90.28150000000001,110.6485,139.61489999997616,183.71500000000003,196.24810000002384,216.34820000004765,227.0483000000715,233.94799999999998,241.1153000000715,251.3481000000238,262.14849999999996,272.448,283.9147000000477,296.2481000000238,305.2483000000715,311.6818999999761,318.5816000000238,327.88149999999996,338.44830000007147,344.78149999999994,349.0146000000238,357.58149999999995,367.98160000002383,443.64820000004767,480.6148000000715,488.282,500.81460000002386,510.6148000000715,519.4813000000715,525.015,539.8478999999762,549.0482000000477,554.7148999999762,563.8483000000715,572.2816000000239]",,26,"[64.58159999990463,99.68119999992848,111.68109999990463,217.54779999995228,228.18119999992845,252.3810999999046,263.315,274.4480999999046,297.04789999997615,306.2477999999523,312.48129999995234,319.84839999997615,339.2477999999523,345.8145,352.6476999999285,358.18129999995233,368.78119999992845,444.58139999997616,481.448,488.8477999999524,501.548,511.58119999992846,520.2478999999762,541.2143999999762,555.3145,564.5478999999762]","[64.58159999990463,99.68119999992848,111.68109999990463,217.54789999997612,228.1812999999523,252.38119999992844,263.31509999990465,274.4481999999285,297.048,306.24789999997614,312.48129999995234,319.8485,339.2477999999523,345.8145,352.6476999999285,358.18129999995233,368.78119999992845,444.5815,481.4480999999047,488.8478999999761,501.548,511.5812999999523,520.2478999999762,541.2143999999762,555.3145,564.5478999999762]",10,"[140.44760000002384,184.64760000002386,197.681,234.78089999997616,242.78099999999995,284.7476000000238,329.5478000000715,526.0812000000476,549.8808000000715,573.281]","[140.44760000002384,184.64760000002386,197.68110000002386,234.78099999999995,242.78099999999995,284.74770000004764,329.5478000000715,526.0812000000476,549.8808000000715,573.281]","[""legit_button""]",6.690429688,0.929,1.671153193,0.5476,1.671153193,0.1503,,,,,,resources/images/legit5-EDIT.png,legit,0.65,0.65,0,0,,,,,,,,,,,0,11,11,12,1,,,,,,,,,,,,,,,,,,,,,,,,,,,,,,,,,,,,,,,,,,,,,,,,,,,,,,,,,,,,,,,,,,,,,,,
,,,,,,,,,,,,,,,,003841,001,2025-04-29_11h09.48.356,SLSINC2,2022.2.5,MacIntel,30.03003003,,,,,,,,,,,37,"[62.71570000004769,90.28150000000001,110.64839999997618,139.61489999997616,183.71500000000003,196.24810000002384,216.34820000004765,227.04820000004764,233.94799999999998,241.11520000004765,251.3481000000238,262.14849999999996,272.448,283.9147000000477,296.248,305.2483000000715,311.6818000000715,318.58149999999995,327.88149999999996,338.44830000007147,344.78139999997614,349.0146000000238,357.58149999999995,367.98160000002383,443.64820000004767,480.61470000004766,488.282,500.8145,510.6148000000715,519.4813000000715,525.015,539.8478999999762,549.0482000000477,554.7148000000716,563.8483000000715,572.2816000000239,582.1148999999762]","[62.71570000004769,90.28150000000001,110.6485,139.61489999997616,183.71500000000003,196.24810000002384,216.34820000004765,227.0483000000715,233.94799999999998,241.1153000000715,251.3481000000238,262.14849999999996,272.448,283.9147000000477,296.2481000000238,305.2483000000715,311.6818999999761,318.5816000000238,327.88149999999996,338.44830000007147,344.78149999999994,349.0146000000238,357.58149999999995,367.98160000002383,443.64820000004767,480.6148000000715,488.282,500.81460000002386,510.6148000000715,519.4813000000715,525.015,539.8478999999762,549.0482000000477,554.7148999999762,563.8483000000715,572.2816000000239,582.115]",,26,"[64.58159999990463,99.68119999992848,111.68109999990463,217.54779999995228,228.18119999992845,252.3810999999046,263.315,274.4480999999046,297.04789999997615,306.2477999999523,312.48129999995234,319.84839999997615,339.2477999999523,345.8145,352.6476999999285,358.18129999995233,368.78119999992845,444.58139999997616,481.448,488.8477999999524,501.548,511.58119999992846,520.2478999999762,541.2143999999762,555.3145,564.5478999999762]","[64.58159999990463,99.68119999992848,111.68109999990463,217.54789999997612,228.1812999999523,252.38119999992844,263.31509999990465,274.4481999999285,297.048,306.24789999997614,312.48129999995234,319.8485,339.2477999999523,345.8145,352.6476999999285,358.18129999995233,368.78119999992845,444.5815,481.4480999999047,488.8478999999761,501.548,511.5812999999523,520.2478999999762,541.2143999999762,555.3145,564.5478999999762]",11,"[140.44760000002384,184.64760000002386,197.681,234.78089999997616,242.78099999999995,284.7476000000238,329.5478000000715,526.0812000000476,549.8808000000715,573.281,582.981]","[140.44760000002384,184.64760000002386,197.68110000002386,234.78099999999995,242.78099999999995,284.74770000004764,329.5478000000715,526.0812000000476,549.8808000000715,573.281,582.981]","[""legit_button""]",5.709536345,0.7132,1.98492697,0.6295,1.98492697,0.1621,,,,,,resources/images/legit7-EDIT.png,legit,0.65,0.65,0,0,,,,,,,,,,,0,12,12,14,1,,,,,,,,,,,,,,,,,,,,,,,,,,,,,,,,,,,,,,,,,,,,,,,,,,,,,,,,,,,,,,,,,,,,,,,
,,,,,,,,,,,,,,,,003841,001,2025-04-29_11h09.48.356,SLSINC2,2022.2.5,MacIntel,30.03003003,,,,,,,,,,,38,"[62.71570000004769,90.28150000000001,110.64839999997618,139.61489999997616,183.71500000000003,196.24810000002384,216.34820000004765,227.04820000004764,233.94799999999998,241.11520000004765,251.3481000000238,262.14849999999996,272.448,283.9147000000477,296.248,305.2483000000715,311.6818000000715,318.58149999999995,327.88149999999996,338.44830000007147,344.78139999997614,349.0146000000238,357.58149999999995,367.98160000002383,443.64820000004767,480.61470000004766,488.282,500.8145,510.6148000000715,519.4813000000715,525.015,539.8478999999762,549.0482000000477,554.7148000000716,563.8483000000715,572.2816000000239,582.1148999999762,586.748]","[62.71570000004769,90.28150000000001,110.6485,139.61489999997616,183.71500000000003,196.24810000002384,216.34820000004765,227.0483000000715,233.94799999999998,241.1153000000715,251.3481000000238,262.14849999999996,272.448,283.9147000000477,296.2481000000238,305.2483000000715,311.6818999999761,318.5816000000238,327.88149999999996,338.44830000007147,344.78149999999994,349.0146000000238,357.58149999999995,367.98160000002383,443.64820000004767,480.6148000000715,488.282,500.81460000002386,510.6148000000715,519.4813000000715,525.015,539.8478999999762,549.0482000000477,554.7148999999762,563.8483000000715,572.2816000000239,582.115,586.7481000000239]",,27,"[64.58159999990463,99.68119999992848,111.68109999990463,217.54779999995228,228.18119999992845,252.3810999999046,263.315,274.4480999999046,297.04789999997615,306.2477999999523,312.48129999995234,319.84839999997615,339.2477999999523,345.8145,352.6476999999285,358.18129999995233,368.78119999992845,444.58139999997616,481.448,488.8477999999524,501.548,511.58119999992846,520.2478999999762,541.2143999999762,555.3145,564.5478999999762,587.8477999999524]","[64.58159999990463,99.68119999992848,111.68109999990463,217.54789999997612,228.1812999999523,252.38119999992844,263.31509999990465,274.4481999999285,297.048,306.24789999997614,312.48129999995234,319.8485,339.2477999999523,345.8145,352.6476999999285,358.18129999995233,368.78119999992845,444.5815,481.4480999999047,488.8478999999761,501.548,511.5812999999523,520.2478999999762,541.2143999999762,555.3145,564.5478999999762,587.8477999999524]",11,"[140.44760000002384,184.64760000002386,197.681,234.78089999997616,242.78099999999995,284.7476000000238,329.5478000000715,526.0812000000476,549.8808000000715,573.281,582.981]","[140.44760000002384,184.64760000002386,197.68110000002386,234.78099999999995,242.78099999999995,284.74770000004764,329.5478000000715,526.0812000000476,549.8808000000715,573.281,582.981]","[""scam_button""]",8.241126019,1.2817,1.245499321,0.6473,1.245499321,0.114,,,,,,resources/images/scam12.jpg,scam,0.65,0.65,0,0,,,,,,,,,,,0,13,13,20,1,,,,,,,,,,,,,,,,,,,,,,,,,,,,,,,,,,,,,,,,,,,,,,,,,,,,,,,,,,,,,,,,,,,,,,,
,,,,,,,,,,,,,,,,003841,001,2025-04-29_11h09.48.356,SLSINC2,2022.2.5,MacIntel,30.03003003,,,,,,,,,,,39,"[62.71570000004769,90.28150000000001,110.64839999997618,139.61489999997616,183.71500000000003,196.24810000002384,216.34820000004765,227.04820000004764,233.94799999999998,241.11520000004765,251.3481000000238,262.14849999999996,272.448,283.9147000000477,296.248,305.2483000000715,311.6818000000715,318.58149999999995,327.88149999999996,338.44830000007147,344.78139999997614,349.0146000000238,357.58149999999995,367.98160000002383,443.64820000004767,480.61470000004766,488.282,500.8145,510.6148000000715,519.4813000000715,525.015,539.8478999999762,549.0482000000477,554.7148000000716,563.8483000000715,572.2816000000239,582.1148999999762,586.748,592.1813999999762]","[62.71570000004769,90.28150000000001,110.6485,139.61489999997616,183.71500000000003,196.24810000002384,216.34820000004765,227.0483000000715,233.94799999999998,241.1153000000715,251.3481000000238,262.14849999999996,272.448,283.9147000000477,296.2481000000238,305.2483000000715,311.6818999999761,318.5816000000238,327.88149999999996,338.44830000007147,344.78149999999994,349.0146000000238,357.58149999999995,367.98160000002383,443.64820000004767,480.6148000000715,488.282,500.81460000002386,510.6148000000715,519.4813000000715,525.015,539.8478999999762,549.0482000000477,554.7148999999762,563.8483000000715,572.2816000000239,582.115,586.7481000000239,592.1813999999762]",,28,"[64.58159999990463,99.68119999992848,111.68109999990463,217.54779999995228,228.18119999992845,252.3810999999046,263.315,274.4480999999046,297.04789999997615,306.2477999999523,312.48129999995234,319.84839999997615,339.2477999999523,345.8145,352.6476999999285,358.18129999995233,368.78119999992845,444.58139999997616,481.448,488.8477999999524,501.548,511.58119999992846,520.2478999999762,541.2143999999762,555.3145,564.5478999999762,587.8477999999524,592.7813999999762]","[64.58159999990463,99.68119999992848,111.68109999990463,217.54789999997612,228.1812999999523,252.38119999992844,263.31509999990465,274.4481999999285,297.048,306.24789999997614,312.48129999995234,319.8485,339.2477999999523,345.8145,352.6476999999285,358.18129999995233,368.78119999992845,444.5815,481.4480999999047,488.8478999999761,501.548,511.5812999999523,520.2478999999762,541.2143999999762,555.3145,564.5478999999762,587.8477999999524,592.7813999999762]",11,"[140.44760000002384,184.64760000002386,197.681,234.78089999997616,242.78099999999995,284.7476000000238,329.5478000000715,526.0812000000476,549.8808000000715,573.281,582.981]","[140.44760000002384,184.64760000002386,197.68110000002386,234.78099999999995,242.78099999999995,284.74770000004764,329.5478000000715,526.0812000000476,549.8808000000715,573.281,582.981]","[""scam_button""]",6.890667459,0.7289,1.372877038,0.6482,1.372877038,0.129,,,,,,resources/images/scam7.png,scam,0.65,0.65,0,0,,,,,,,,,,,0,14,14,10,1,,,,,,,,,,,,,,,,,,,,,,,,,,,,,,,,,,,,,,,,,,,,,,,,,,,,,,,,,,,,,,,,,,,,,,,
,,,,,,,,,,,,,,,,003841,001,2025-04-29_11h09.48.356,SLSINC2,2022.2.5,MacIntel,30.03003003,,,,,,,,,,,40,"[62.71570000004769,90.28150000000001,110.64839999997618,139.61489999997616,183.71500000000003,196.24810000002384,216.34820000004765,227.04820000004764,233.94799999999998,241.11520000004765,251.3481000000238,262.14849999999996,272.448,283.9147000000477,296.248,305.2483000000715,311.6818000000715,318.58149999999995,327.88149999999996,338.44830000007147,344.78139999997614,349.0146000000238,357.58149999999995,367.98160000002383,443.64820000004767,480.61470000004766,488.282,500.8145,510.6148000000715,519.4813000000715,525.015,539.8478999999762,549.0482000000477,554.7148000000716,563.8483000000715,572.2816000000239,582.1148999999762,586.748,592.1813999999762,598.6483000000716]","[62.71570000004769,90.28150000000001,110.6485,139.61489999997616,183.71500000000003,196.24810000002384,216.34820000004765,227.0483000000715,233.94799999999998,241.1153000000715,251.3481000000238,262.14849999999996,272.448,283.9147000000477,296.2481000000238,305.2483000000715,311.6818999999761,318.5816000000238,327.88149999999996,338.44830000007147,344.78149999999994,349.0146000000238,357.58149999999995,367.98160000002383,443.64820000004767,480.6148000000715,488.282,500.81460000002386,510.6148000000715,519.4813000000715,525.015,539.8478999999762,549.0482000000477,554.7148999999762,563.8483000000715,572.2816000000239,582.115,586.7481000000239,592.1813999999762,598.6483999999762]",,28,"[64.58159999990463,99.68119999992848,111.68109999990463,217.54779999995228,228.18119999992845,252.3810999999046,263.315,274.4480999999046,297.04789999997615,306.2477999999523,312.48129999995234,319.84839999997615,339.2477999999523,345.8145,352.6476999999285,358.18129999995233,368.78119999992845,444.58139999997616,481.448,488.8477999999524,501.548,511.58119999992846,520.2478999999762,541.2143999999762,555.3145,564.5478999999762,587.8477999999524,592.7813999999762]","[64.58159999990463,99.68119999992848,111.68109999990463,217.54789999997612,228.1812999999523,252.38119999992844,263.31509999990465,274.4481999999285,297.048,306.24789999997614,312.48129999995234,319.8485,339.2477999999523,345.8145,352.6476999999285,358.18129999995233,368.78119999992845,444.5815,481.4480999999047,488.8478999999761,501.548,511.5812999999523,520.2478999999762,541.2143999999762,555.3145,564.5478999999762,587.8477999999524,592.7813999999762]",12,"[140.44760000002384,184.64760000002386,197.681,234.78089999997616,242.78099999999995,284.7476000000238,329.5478000000715,526.0812000000476,549.8808000000715,573.281,582.981,599.2143999999762]","[140.44760000002384,184.64760000002386,197.68110000002386,234.78099999999995,242.78099999999995,284.74770000004764,329.5478000000715,526.0812000000476,549.8808000000715,573.281,582.981,599.2143999999762]","[""legit_button""]",6.671705163,0.4797,0.829398777,0.548,1.220278533,0.4026,,,,,,resources/images/legit8.png,legit,0.8,0.72,0,0,,,,,,,,,,,0,15,15,15,1,,,,,,,,,,,,,,,,,,,,,,,,,,,,,,,,,,,,,,,,,,,,,,,,,,,,,,,,,,,,,,,,,,,,,,,
,,,,,,,,,,,,,,,,003841,001,2025-04-29_11h09.48.356,SLSINC2,2022.2.5,MacIntel,30.03003003,,,,,,,,,,,41,"[62.71570000004769,90.28150000000001,110.64839999997618,139.61489999997616,183.71500000000003,196.24810000002384,216.34820000004765,227.04820000004764,233.94799999999998,241.11520000004765,251.3481000000238,262.14849999999996,272.448,283.9147000000477,296.248,305.2483000000715,311.6818000000715,318.58149999999995,327.88149999999996,338.44830000007147,344.78139999997614,349.0146000000238,357.58149999999995,367.98160000002383,443.64820000004767,480.61470000004766,488.282,500.8145,510.6148000000715,519.4813000000715,525.015,539.8478999999762,549.0482000000477,554.7148000000716,563.8483000000715,572.2816000000239,582.1148999999762,586.748,592.1813999999762,598.6483000000716,602.215]","[62.71570000004769,90.28150000000001,110.6485,139.61489999997616,183.71500000000003,196.24810000002384,216.34820000004765,227.0483000000715,233.94799999999998,241.1153000000715,251.3481000000238,262.14849999999996,272.448,283.9147000000477,296.2481000000238,305.2483000000715,311.6818999999761,318.5816000000238,327.88149999999996,338.44830000007147,344.78149999999994,349.0146000000238,357.58149999999995,367.98160000002383,443.64820000004767,480.6148000000715,488.282,500.81460000002386,510.6148000000715,519.4813000000715,525.015,539.8478999999762,549.0482000000477,554.7148999999762,563.8483000000715,572.2816000000239,582.115,586.7481000000239,592.1813999999762,598.6483999999762,602.2151000000239]",,29,"[64.58159999990463,99.68119999992848,111.68109999990463,217.54779999995228,228.18119999992845,252.3810999999046,263.315,274.4480999999046,297.04789999997615,306.2477999999523,312.48129999995234,319.84839999997615,339.2477999999523,345.8145,352.6476999999285,358.18129999995233,368.78119999992845,444.58139999997616,481.448,488.8477999999524,501.548,511.58119999992846,520.2478999999762,541.2143999999762,555.3145,564.5478999999762,587.8477999999524,592.7813999999762,603.248]","[64.58159999990463,99.68119999992848,111.68109999990463,217.54789999997612,228.1812999999523,252.38119999992844,263.31509999990465,274.4481999999285,297.048,306.24789999997614,312.48129999995234,319.8485,339.2477999999523,345.8145,352.6476999999285,358.18129999995233,368.78119999992845,444.5815,481.4480999999047,488.8478999999761,501.548,511.5812999999523,520.2478999999762,541.2143999999762,555.3145,564.5478999999762,587.8477999999524,592.7813999999762,603.248]",12,"[140.44760000002384,184.64760000002386,197.681,234.78089999997616,242.78099999999995,284.7476000000238,329.5478000000715,526.0812000000476,549.8808000000715,573.281,582.981,599.2143999999762]","[140.44760000002384,184.64760000002386,197.68110000002386,234.78099999999995,242.78099999999995,284.74770000004764,329.5478000000715,526.0812000000476,549.8808000000715,573.281,582.981,599.2143999999762]","[""scam_button""]",7.576129416,0.8147,1.380349864,0.4465,1.380349864,0.1298,,,,,,resources/images/legit9-EDIT.png,legit,1,0.65,0,0,,,,,,,,,,,0,16,16,8,1,,,,,,,,,,,,,,,,,,,,,,,,,,,,,,,,,,,,,,,,,,,,,,,,,,,,,,,,,,,,,,,,,,,,,,,
,,,,,,,,,,,,,,,,003841,001,2025-04-29_11h09.48.356,SLSINC2,2022.2.5,MacIntel,30.03003003,,,,,,,,,,,42,"[62.71570000004769,90.28150000000001,110.64839999997618,139.61489999997616,183.71500000000003,196.24810000002384,216.34820000004765,227.04820000004764,233.94799999999998,241.11520000004765,251.3481000000238,262.14849999999996,272.448,283.9147000000477,296.248,305.2483000000715,311.6818000000715,318.58149999999995,327.88149999999996,338.44830000007147,344.78139999997614,349.0146000000238,357.58149999999995,367.98160000002383,443.64820000004767,480.61470000004766,488.282,500.8145,510.6148000000715,519.4813000000715,525.015,539.8478999999762,549.0482000000477,554.7148000000716,563.8483000000715,572.2816000000239,582.1148999999762,586.748,592.1813999999762,598.6483000000716,602.215,607.0815]","[62.71570000004769,90.28150000000001,110.6485,139.61489999997616,183.71500000000003,196.24810000002384,216.34820000004765,227.0483000000715,233.94799999999998,241.1153000000715,251.3481000000238,262.14849999999996,272.448,283.9147000000477,296.2481000000238,305.2483000000715,311.6818999999761,318.5816000000238,327.88149999999996,338.44830000007147,344.78149999999994,349.0146000000238,357.58149999999995,367.98160000002383,443.64820000004767,480.6148000000715,488.282,500.81460000002386,510.6148000000715,519.4813000000715,525.015,539.8478999999762,549.0482000000477,554.7148999999762,563.8483000000715,572.2816000000239,582.115,586.7481000000239,592.1813999999762,598.6483999999762,602.2151000000239,607.0815]",,30,"[64.58159999990463,99.68119999992848,111.68109999990463,217.54779999995228,228.18119999992845,252.3810999999046,263.315,274.4480999999046,297.04789999997615,306.2477999999523,312.48129999995234,319.84839999997615,339.2477999999523,345.8145,352.6476999999285,358.18129999995233,368.78119999992845,444.58139999997616,481.448,488.8477999999524,501.548,511.58119999992846,520.2478999999762,541.2143999999762,555.3145,564.5478999999762,587.8477999999524,592.7813999999762,603.248,607.5812999999523]","[64.58159999990463,99.68119999992848,111.68109999990463,217.54789999997612,228.1812999999523,252.38119999992844,263.31509999990465,274.4481999999285,297.048,306.24789999997614,312.48129999995234,319.8485,339.2477999999523,345.8145,352.6476999999285,358.18129999995233,368.78119999992845,444.5815,481.4480999999047,488.8478999999761,501.548,511.5812999999523,520.2478999999762,541.2143999999762,555.3145,564.5478999999762,587.8477999999524,592.7813999999762,603.248,607.5812999999523]",12,"[140.44760000002384,184.64760000002386,197.681,234.78089999997616,242.78099999999995,284.7476000000238,329.5478000000715,526.0812000000476,549.8808000000715,573.281,582.981,599.2143999999762]","[140.44760000002384,184.64760000002386,197.68110000002386,234.78099999999995,242.78099999999995,284.74770000004764,329.5478000000715,526.0812000000476,549.8808000000715,573.281,582.981,599.2143999999762]","[""scam_button""]",8.421917459,0.5457,0.507133152,0.713,0.507133152,0.1486,,,,,,resources/images/scam3.png,scam,1.2,0.65,0,0,,,,,,,,,,,0,17,17,2,1,,,,,,,,,,,,,,,,,,,,,,,,,,,,,,,,,,,,,,,,,,,,,,,,,,,,,,,,,,,,,,,,,,,,,,,
,,,,,,,,,,,,,,,,003841,001,2025-04-29_11h09.48.356,SLSINC2,2022.2.5,MacIntel,30.03003003,,,,,,,,,,,43,"[62.71570000004769,90.28150000000001,110.64839999997618,139.61489999997616,183.71500000000003,196.24810000002384,216.34820000004765,227.04820000004764,233.94799999999998,241.11520000004765,251.3481000000238,262.14849999999996,272.448,283.9147000000477,296.248,305.2483000000715,311.6818000000715,318.58149999999995,327.88149999999996,338.44830000007147,344.78139999997614,349.0146000000238,357.58149999999995,367.98160000002383,443.64820000004767,480.61470000004766,488.282,500.8145,510.6148000000715,519.4813000000715,525.015,539.8478999999762,549.0482000000477,554.7148000000716,563.8483000000715,572.2816000000239,582.1148999999762,586.748,592.1813999999762,598.6483000000716,602.215,607.0815,619.5811000000239]","[62.71570000004769,90.28150000000001,110.6485,139.61489999997616,183.71500000000003,196.24810000002384,216.34820000004765,227.0483000000715,233.94799999999998,241.1153000000715,251.3481000000238,262.14849999999996,272.448,283.9147000000477,296.2481000000238,305.2483000000715,311.6818999999761,318.5816000000238,327.88149999999996,338.44830000007147,344.78149999999994,349.0146000000238,357.58149999999995,367.98160000002383,443.64820000004767,480.6148000000715,488.282,500.81460000002386,510.6148000000715,519.4813000000715,525.015,539.8478999999762,549.0482000000477,554.7148999999762,563.8483000000715,572.2816000000239,582.115,586.7481000000239,592.1813999999762,598.6483999999762,602.2151000000239,607.0815,619.5811000000239]",,30,"[64.58159999990463,99.68119999992848,111.68109999990463,217.54779999995228,228.18119999992845,252.3810999999046,263.315,274.4480999999046,297.04789999997615,306.2477999999523,312.48129999995234,319.84839999997615,339.2477999999523,345.8145,352.6476999999285,358.18129999995233,368.78119999992845,444.58139999997616,481.448,488.8477999999524,501.548,511.58119999992846,520.2478999999762,541.2143999999762,555.3145,564.5478999999762,587.8477999999524,592.7813999999762,603.248,607.5812999999523]","[64.58159999990463,99.68119999992848,111.68109999990463,217.54789999997612,228.1812999999523,252.38119999992844,263.31509999990465,274.4481999999285,297.048,306.24789999997614,312.48129999995234,319.8485,339.2477999999523,345.8145,352.6476999999285,358.18129999995233,368.78119999992845,444.5815,481.4480999999047,488.8478999999761,501.548,511.5812999999523,520.2478999999762,541.2143999999762,555.3145,564.5478999999762,587.8477999999524,592.7813999999762,603.248,607.5812999999523]",13,"[140.44760000002384,184.64760000002386,197.681,234.78089999997616,242.78099999999995,284.7476000000238,329.5478000000715,526.0812000000476,549.8808000000715,573.281,582.981,599.2143999999762,620.4476000000238]","[140.44760000002384,184.64760000002386,197.68110000002386,234.78099999999995,242.78099999999995,284.74770000004764,329.5478000000715,526.0812000000476,549.8808000000715,573.281,582.981,599.2143999999762,620.4477000000477]","[""legit_button""]",7.844641644,0.5626,1.725755774,0.6469,1.725755774,0.1478,,,,,,resources/images/scam_11.png,scam,1,0.65,0,0,,,,,,,,,,,0,18,18,19,1,,,,,,,,,,,,,,,,,,,,,,,,,,,,,,,,,,,,,,,,,,,,,,,,,,,,,,,,,,,,,,,,,,,,,,,
,,,,,,,,,,,,,,,,003841,001,2025-04-29_11h09.48.356,SLSINC2,2022.2.5,MacIntel,30.03003003,,,,,,,,,,,44,"[62.71570000004769,90.28150000000001,110.64839999997618,139.61489999997616,183.71500000000003,196.24810000002384,216.34820000004765,227.04820000004764,233.94799999999998,241.11520000004765,251.3481000000238,262.14849999999996,272.448,283.9147000000477,296.248,305.2483000000715,311.6818000000715,318.58149999999995,327.88149999999996,338.44830000007147,344.78139999997614,349.0146000000238,357.58149999999995,367.98160000002383,443.64820000004767,480.61470000004766,488.282,500.8145,510.6148000000715,519.4813000000715,525.015,539.8478999999762,549.0482000000477,554.7148000000716,563.8483000000715,572.2816000000239,582.1148999999762,586.748,592.1813999999762,598.6483000000716,602.215,607.0815,619.5811000000239,624.3148999999762]","[62.71570000004769,90.28150000000001,110.6485,139.61489999997616,183.71500000000003,196.24810000002384,216.34820000004765,227.0483000000715,233.94799999999998,241.1153000000715,251.3481000000238,262.14849999999996,272.448,283.9147000000477,296.2481000000238,305.2483000000715,311.6818999999761,318.5816000000238,327.88149999999996,338.44830000007147,344.78149999999994,349.0146000000238,357.58149999999995,367.98160000002383,443.64820000004767,480.6148000000715,488.282,500.81460000002386,510.6148000000715,519.4813000000715,525.015,539.8478999999762,549.0482000000477,554.7148999999762,563.8483000000715,572.2816000000239,582.115,586.7481000000239,592.1813999999762,598.6483999999762,602.2151000000239,607.0815,619.5811000000239,624.315]",,31,"[64.58159999990463,99.68119999992848,111.68109999990463,217.54779999995228,228.18119999992845,252.3810999999046,263.315,274.4480999999046,297.04789999997615,306.2477999999523,312.48129999995234,319.84839999997615,339.2477999999523,345.8145,352.6476999999285,358.18129999995233,368.78119999992845,444.58139999997616,481.448,488.8477999999524,501.548,511.58119999992846,520.2478999999762,541.2143999999762,555.3145,564.5478999999762,587.8477999999524,592.7813999999762,603.248,607.5812999999523,625.148]","[64.58159999990463,99.68119999992848,111.68109999990463,217.54789999997612,228.1812999999523,252.38119999992844,263.31509999990465,274.4481999999285,297.048,306.24789999997614,312.48129999995234,319.8485,339.2477999999523,345.8145,352.6476999999285,358.18129999995233,368.78119999992845,444.5815,481.4480999999047,488.8478999999761,501.548,511.5812999999523,520.2478999999762,541.2143999999762,555.3145,564.5478999999762,587.8477999999524,592.7813999999762,603.248,607.5812999999523,625.148]",13,"[140.44760000002384,184.64760000002386,197.681,234.78089999997616,242.78099999999995,284.7476000000238,329.5478000000715,526.0812000000476,549.8808000000715,573.281,582.981,599.2143999999762,620.4476000000238]","[140.44760000002384,184.64760000002386,197.68110000002386,234.78099999999995,242.78099999999995,284.74770000004764,329.5478000000715,526.0812000000476,549.8808000000715,573.281,582.981,599.2143999999762,620.4477000000477]","[""scam_button""]",8.644149117,0.5818,1.231912364,0.5477,1.231912364,0.1475,,,,,,resources/images/scam_1.png,scam,1,0.65,0,0,,,,,,,,,,,0,19,19,0,1,,,,,,,,,,,,,,,,,,,,,,,,,,,,,,,,,,,,,,,,,,,,,,,,,,,,,,,,,,,,,,,,,,,,,,,
,,,,,,,,,,,,,,,,003841,001,2025-04-29_11h09.48.356,SLSINC2,2022.2.5,MacIntel,30.03003003,,,,,,,,,,,45,"[62.71570000004769,90.28150000000001,110.64839999997618,139.61489999997616,183.71500000000003,196.24810000002384,216.34820000004765,227.04820000004764,233.94799999999998,241.11520000004765,251.3481000000238,262.14849999999996,272.448,283.9147000000477,296.248,305.2483000000715,311.6818000000715,318.58149999999995,327.88149999999996,338.44830000007147,344.78139999997614,349.0146000000238,357.58149999999995,367.98160000002383,443.64820000004767,480.61470000004766,488.282,500.8145,510.6148000000715,519.4813000000715,525.015,539.8478999999762,549.0482000000477,554.7148000000716,563.8483000000715,572.2816000000239,582.1148999999762,586.748,592.1813999999762,598.6483000000716,602.215,607.0815,619.5811000000239,624.3148999999762,633.015]","[62.71570000004769,90.28150000000001,110.6485,139.61489999997616,183.71500000000003,196.24810000002384,216.34820000004765,227.0483000000715,233.94799999999998,241.1153000000715,251.3481000000238,262.14849999999996,272.448,283.9147000000477,296.2481000000238,305.2483000000715,311.6818999999761,318.5816000000238,327.88149999999996,338.44830000007147,344.78149999999994,349.0146000000238,357.58149999999995,367.98160000002383,443.64820000004767,480.6148000000715,488.282,500.81460000002386,510.6148000000715,519.4813000000715,525.015,539.8478999999762,549.0482000000477,554.7148999999762,563.8483000000715,572.2816000000239,582.115,586.7481000000239,592.1813999999762,598.6483999999762,602.2151000000239,607.0815,619.5811000000239,624.315,633.015]",,32,"[64.58159999990463,99.68119999992848,111.68109999990463,217.54779999995228,228.18119999992845,252.3810999999046,263.315,274.4480999999046,297.04789999997615,306.2477999999523,312.48129999995234,319.84839999997615,339.2477999999523,345.8145,352.6476999999285,358.18129999995233,368.78119999992845,444.58139999997616,481.448,488.8477999999524,501.548,511.58119999992846,520.2478999999762,541.2143999999762,555.3145,564.5478999999762,587.8477999999524,592.7813999999762,603.248,607.5812999999523,625.148,634.0478999999762]","[64.58159999990463,99.68119999992848,111.68109999990463,217.54789999997612,228.1812999999523,252.38119999992844,263.31509999990465,274.4481999999285,297.048,306.24789999997614,312.48129999995234,319.8485,339.2477999999523,345.8145,352.6476999999285,358.18129999995233,368.78119999992845,444.5815,481.4480999999047,488.8478999999761,501.548,511.5812999999523,520.2478999999762,541.2143999999762,555.3145,564.5478999999762,587.8477999999524,592.7813999999762,603.248,607.5812999999523,625.148,634.0478999999762]",13,"[140.44760000002384,184.64760000002386,197.681,234.78089999997616,242.78099999999995,284.7476000000238,329.5478000000715,526.0812000000476,549.8808000000715,573.281,582.981,599.2143999999762,620.4476000000238]","[140.44760000002384,184.64760000002386,197.68110000002386,234.78099999999995,242.78099999999995,284.74770000004764,329.5478000000715,526.0812000000476,549.8808000000715,573.281,582.981,599.2143999999762,620.4477000000477]","[""scam_button""]",1.861965014,1.0628,1.148055367,0.5137,1.148055367,0.229,,,,,,resources/images/legit6.png,legit,0.65,0.65,0,0,,,,,,,,,,,0,20,20,13,1,,,,,,,,,,,,,,,,,,,,,,,,,,,,,,,,,,,,,,,,,,,,,,,,,,,,,,,,,,,,,,,,,,,,,,,
,,,,,,,,,,,,,,,,003841,001,2025-04-29_11h09.48.356,SLSINC2,2022.2.5,MacIntel,30.03003003,,,,,,,,,,,46,"[62.71570000004769,90.28150000000001,110.64839999997618,139.61489999997616,183.71500000000003,196.24810000002384,216.34820000004765,227.04820000004764,233.94799999999998,241.11520000004765,251.3481000000238,262.14849999999996,272.448,283.9147000000477,296.248,305.2483000000715,311.6818000000715,318.58149999999995,327.88149999999996,338.44830000007147,344.78139999997614,349.0146000000238,357.58149999999995,367.98160000002383,443.64820000004767,480.61470000004766,488.282,500.8145,510.6148000000715,519.4813000000715,525.015,539.8478999999762,549.0482000000477,554.7148000000716,563.8483000000715,572.2816000000239,582.1148999999762,586.748,592.1813999999762,598.6483000000716,602.215,607.0815,619.5811000000239,624.3148999999762,633.015,638.9816000000238]","[62.71570000004769,90.28150000000001,110.6485,139.61489999997616,183.71500000000003,196.24810000002384,216.34820000004765,227.0483000000715,233.94799999999998,241.1153000000715,251.3481000000238,262.14849999999996,272.448,283.9147000000477,296.2481000000238,305.2483000000715,311.6818999999761,318.5816000000238,327.88149999999996,338.44830000007147,344.78149999999994,349.0146000000238,357.58149999999995,367.98160000002383,443.64820000004767,480.6148000000715,488.282,500.81460000002386,510.6148000000715,519.4813000000715,525.015,539.8478999999762,549.0482000000477,554.7148999999762,563.8483000000715,572.2816000000239,582.115,586.7481000000239,592.1813999999762,598.6483999999762,602.2151000000239,607.0815,619.5811000000239,624.315,633.015,638.9817000000477]",,33,"[64.58159999990463,99.68119999992848,111.68109999990463,217.54779999995228,228.18119999992845,252.3810999999046,263.315,274.4480999999046,297.04789999997615,306.2477999999523,312.48129999995234,319.84839999997615,339.2477999999523,345.8145,352.6476999999285,358.18129999995233,368.78119999992845,444.58139999997616,481.448,488.8477999999524,501.548,511.58119999992846,520.2478999999762,541.2143999999762,555.3145,564.5478999999762,587.8477999999524,592.7813999999762,603.248,607.5812999999523,625.148,634.0478999999762,639.6477999999523]","[64.58159999990463,99.68119999992848,111.68109999990463,217.54789999997612,228.1812999999523,252.38119999992844,263.31509999990465,274.4481999999285,297.048,306.24789999997614,312.48129999995234,319.8485,339.2477999999523,345.8145,352.6476999999285,358.18129999995233,368.78119999992845,444.5815,481.4480999999047,488.8478999999761,501.548,511.5812999999523,520.2478999999762,541.2143999999762,555.3145,564.5478999999762,587.8477999999524,592.7813999999762,603.248,607.5812999999523,625.148,634.0478999999762,639.6477999999523]",13,"[140.44760000002384,184.64760000002386,197.681,234.78089999997616,242.78099999999995,284.7476000000238,329.5478000000715,526.0812000000476,549.8808000000715,573.281,582.981,599.2143999999762,620.4476000000238]","[140.44760000002384,184.64760000002386,197.68110000002386,234.78099999999995,242.78099999999995,284.74770000004764,329.5478000000715,526.0812000000476,549.8808000000715,573.281,582.981,599.2143999999762,620.4477000000477]","[""scam_button""]",9.278405231,0.7627,0.572902514,0.5485,0.572902514,0.1472,,,,,,resources/images/scam4.png,scam,0.8,0.65,0,0,,,,,,,,,,,0,21,21,6,1,,,,,,,,,,,,,,,,,,,,,,,,,,,,,,,,,,,,,,,,,,,,,,,,,,,,,,,,,,,,,,,,,,,,,,,
,,,,,,,,,,,,,,,,003841,001,2025-04-29_11h09.48.356,SLSINC2,2022.2.5,MacIntel,30.03003003,,,,,,,,,,,47,"[62.71570000004769,90.28150000000001,110.64839999997618,139.61489999997616,183.71500000000003,196.24810000002384,216.34820000004765,227.04820000004764,233.94799999999998,241.11520000004765,251.3481000000238,262.14849999999996,272.448,283.9147000000477,296.248,305.2483000000715,311.6818000000715,318.58149999999995,327.88149999999996,338.44830000007147,344.78139999997614,349.0146000000238,357.58149999999995,367.98160000002383,443.64820000004767,480.61470000004766,488.282,500.8145,510.6148000000715,519.4813000000715,525.015,539.8478999999762,549.0482000000477,554.7148000000716,563.8483000000715,572.2816000000239,582.1148999999762,586.748,592.1813999999762,598.6483000000716,602.215,607.0815,619.5811000000239,624.3148999999762,633.015,638.9816000000238,643.948]","[62.71570000004769,90.28150000000001,110.6485,139.61489999997616,183.71500000000003,196.24810000002384,216.34820000004765,227.0483000000715,233.94799999999998,241.1153000000715,251.3481000000238,262.14849999999996,272.448,283.9147000000477,296.2481000000238,305.2483000000715,311.6818999999761,318.5816000000238,327.88149999999996,338.44830000007147,344.78149999999994,349.0146000000238,357.58149999999995,367.98160000002383,443.64820000004767,480.6148000000715,488.282,500.81460000002386,510.6148000000715,519.4813000000715,525.015,539.8478999999762,549.0482000000477,554.7148999999762,563.8483000000715,572.2816000000239,582.115,586.7481000000239,592.1813999999762,598.6483999999762,602.2151000000239,607.0815,619.5811000000239,624.315,633.015,638.9817000000477,643.9481000000238]",,34,"[64.58159999990463,99.68119999992848,111.68109999990463,217.54779999995228,228.18119999992845,252.3810999999046,263.315,274.4480999999046,297.04789999997615,306.2477999999523,312.48129999995234,319.84839999997615,339.2477999999523,345.8145,352.6476999999285,358.18129999995233,368.78119999992845,444.58139999997616,481.448,488.8477999999524,501.548,511.58119999992846,520.2478999999762,541.2143999999762,555.3145,564.5478999999762,587.8477999999524,592.7813999999762,603.248,607.5812999999523,625.148,634.0478999999762,639.6477999999523,646.1476999999285]","[64.58159999990463,99.68119999992848,111.68109999990463,217.54789999997612,228.1812999999523,252.38119999992844,263.31509999990465,274.4481999999285,297.048,306.24789999997614,312.48129999995234,319.8485,339.2477999999523,345.8145,352.6476999999285,358.18129999995233,368.78119999992845,444.5815,481.4480999999047,488.8478999999761,501.548,511.5812999999523,520.2478999999762,541.2143999999762,555.3145,564.5478999999762,587.8477999999524,592.7813999999762,603.248,607.5812999999523,625.148,634.0478999999762,639.6477999999523,646.1477999999523]",13,"[140.44760000002384,184.64760000002386,197.681,234.78089999997616,242.78099999999995,284.7476000000238,329.5478000000715,526.0812000000476,549.8808000000715,573.281,582.981,599.2143999999762,620.4476000000238]","[140.44760000002384,184.64760000002386,197.68110000002386,234.78099999999995,242.78099999999995,284.74770000004764,329.5478000000715,526.0812000000476,549.8808000000715,573.281,582.981,599.2143999999762,620.4477000000477]","[""scam_button""]",8.073921535,0.8807,1.154084579,0.5143,1.154084579,0.1287,,,,,,resources/images/scam13.png,scam,1,0.65,0,0,,,,,,,,,,,0,22,22,16,1,,,,,,,,,,,,,,,,,,,,,,,,,,,,,,,,,,,,,,,,,,,,,,,,,,,,,,,,,,,,,,,,,,,,,,,
,,,,,,,,,,,,,,,,003841,001,2025-04-29_11h09.48.356,SLSINC2,2022.2.5,MacIntel,30.03003003,,,,,,,,,,,48,"[62.71570000004769,90.28150000000001,110.64839999997618,139.61489999997616,183.71500000000003,196.24810000002384,216.34820000004765,227.04820000004764,233.94799999999998,241.11520000004765,251.3481000000238,262.14849999999996,272.448,283.9147000000477,296.248,305.2483000000715,311.6818000000715,318.58149999999995,327.88149999999996,338.44830000007147,344.78139999997614,349.0146000000238,357.58149999999995,367.98160000002383,443.64820000004767,480.61470000004766,488.282,500.8145,510.6148000000715,519.4813000000715,525.015,539.8478999999762,549.0482000000477,554.7148000000716,563.8483000000715,572.2816000000239,582.1148999999762,586.748,592.1813999999762,598.6483000000716,602.215,607.0815,619.5811000000239,624.3148999999762,633.015,638.9816000000238,643.948,653.3483000000715]","[62.71570000004769,90.28150000000001,110.6485,139.61489999997616,183.71500000000003,196.24810000002384,216.34820000004765,227.0483000000715,233.94799999999998,241.1153000000715,251.3481000000238,262.14849999999996,272.448,283.9147000000477,296.2481000000238,305.2483000000715,311.6818999999761,318.5816000000238,327.88149999999996,338.44830000007147,344.78149999999994,349.0146000000238,357.58149999999995,367.98160000002383,443.64820000004767,480.6148000000715,488.282,500.81460000002386,510.6148000000715,519.4813000000715,525.015,539.8478999999762,549.0482000000477,554.7148999999762,563.8483000000715,572.2816000000239,582.115,586.7481000000239,592.1813999999762,598.6483999999762,602.2151000000239,607.0815,619.5811000000239,624.315,633.015,638.9817000000477,643.9481000000238,653.3483000000715]",,35,"[64.58159999990463,99.68119999992848,111.68109999990463,217.54779999995228,228.18119999992845,252.3810999999046,263.315,274.4480999999046,297.04789999997615,306.2477999999523,312.48129999995234,319.84839999997615,339.2477999999523,345.8145,352.6476999999285,358.18129999995233,368.78119999992845,444.58139999997616,481.448,488.8477999999524,501.548,511.58119999992846,520.2478999999762,541.2143999999762,555.3145,564.5478999999762,587.8477999999524,592.7813999999762,603.248,607.5812999999523,625.148,634.0478999999762,639.6477999999523,646.1476999999285,654.3812999999523]","[64.58159999990463,99.68119999992848,111.68109999990463,217.54789999997612,228.1812999999523,252.38119999992844,263.31509999990465,274.4481999999285,297.048,306.24789999997614,312.48129999995234,319.8485,339.2477999999523,345.8145,352.6476999999285,358.18129999995233,368.78119999992845,444.5815,481.4480999999047,488.8478999999761,501.548,511.5812999999523,520.2478999999762,541.2143999999762,555.3145,564.5478999999762,587.8477999999524,592.7813999999762,603.248,607.5812999999523,625.148,634.0478999999762,639.6477999999523,646.1477999999523,654.3813999999761]",13,"[140.44760000002384,184.64760000002386,197.681,234.78089999997616,242.78099999999995,284.7476000000238,329.5478000000715,526.0812000000476,549.8808000000715,573.281,582.981,599.2143999999762,620.4476000000238]","[140.44760000002384,184.64760000002386,197.68110000002386,234.78099999999995,242.78099999999995,284.74770000004764,329.5478000000715,526.0812000000476,549.8808000000715,573.281,582.981,599.2143999999762,620.4477000000477]","[""scam_button""]",6.355213995,0.4627,1.90569803,0.4257,1.90569803,0.1505,,,,,,resources/images/scam14-EDIT.png,scam,1,0.65,0,0,,,,,,,,,,,0,23,23,23,1,,,,,,,,,,,,,,,,,,,,,,,,,,,,,,,,,,,,,,,,,,,,,,,,,,,,,,,,,,,,,,,,,,,,,,,
,,,,,,,,,,,,,,,,003841,001,2025-04-29_11h09.48.356,SLSINC2,2022.2.5,MacIntel,30.03003003,,,,,,,,,,,,,,,,,,,,,,,,,,,,,,,,,,,,,,,,,,,,,,,,,,,,,,space,1.2778,,,,,,,,,,,,,,,,,,,,,,,,,,,,,,,,,,,,,,,,,,,,,,,,,,,,,,,,,,,,,,,,,,,,,
,,,,,,,,,,,,,,,,003841,001,2025-04-29_11h09.48.356,SLSINC2,2022.2.5,MacIntel,30.03003003,,,,,,,,,,,,,,,,,,,,,,,,,,,,,,,,,,,,,,,,,,,,,,,,,,,,,,,,3,7.9505,...often feels sad,0,0,0,0,1,...often feels sad,,,,,,,,,,,,,,,,,,,,,,,,,,,,,,,,,,,,,,,,,,,,,,,,,,,,,,,,,,,,
,,,,,,,,,,,,,,,,003841,001,2025-04-29_11h09.48.356,SLSINC2,2022.2.5,MacIntel,30.03003003,,,,,,,,,,,,,,,,,,,,,,,,,,,,,,,,,,,,,,,,,,,,,,,,,,,,,,,,4,7.3458,"...is persistent, works until the task is finished",0,1,1,5,1,"...is persistent, works until the task is finished",,,,,,,,,,,,,,,,,,,,,,,,,,,,,,,,,,,,,,,,,,,,,,,,,,,,,,,,,,,,
,,,,,,,,,,,,,,,,003841,001,2025-04-29_11h09.48.356,SLSINC2,2022.2.5,MacIntel,30.03003003,,,,,,,,,,,,,,,,,,,,,,,,,,,,,,,,,,,,,,,,,,,,,,,,,,,,,,,,3,3.5466,...is talktative,0,2,2,1,1,...is talktative,,,,,,,,,,,,,,,,,,,,,,,,,,,,,,,,,,,,,,,,,,,,,,,,,,,,,,,,,,,,
,,,,,,,,,,,,,,,,003841,001,2025-04-29_11h09.48.356,SLSINC2,2022.2.5,MacIntel,30.03003003,,,,,,,,,,,,,,,,,,,,,,,,,,,,,,,,,,,,,,,,,,,,,,,,,,,,,,,,4,3.3946,...finds clever ways to do things,0,3,3,3,1,...finds clever ways to do things,,,,,,,,,,,,,,,,,,,,,,,,,,,,,,,,,,,,,,,,,,,,,,,,,,,,,,,,,,,,
,,,,,,,,,,,,,,,,003841,001,2025-04-29_11h09.48.356,SLSINC2,2022.2.5,MacIntel,30.03003003,,,,,,,,,,,,,,,,,,,,,,,,,,,,,,,,,,,,,,,,,,,,,,,,,,,,,,,,4,2.6809,"....is reliable, can always be counted on",0,4,4,4,1,"....is reliable, can always be counted on",,,,,,,,,,,,,,,,,,,,,,,,,,,,,,,,,,,,,,,,,,,,,,,,,,,,,,,,,,,,
,,,,,,,,,,,,,,,,003841,001,2025-04-29_11h09.48.356,SLSINC2,2022.2.5,MacIntel,30.03003003,,,,,,,,,,,,,,,,,,,,,,,,,,,,,,,,,,,,,,,,,,,,,,,,,,,,,,,,3,3.0943,...is inventive,0,5,5,2,1,...is inventive,,,,,,,,,,,,,,,,,,,,,,,,,,,,,,,,,,,,,,,,,,,,,,,,,,,,,,,,,,,,
,,,,,,,,,,,,,,,,003841,001,2025-04-29_11h09.48.356,SLSINC2,2022.2.5,MacIntel,30.03003003,,,,,,,,,,,,,,,,,,,,,,,,,,,,,,,,,,,,,,,,,,,,,,,,,,,,,,,,,,,,,,,,,space,1.1996,,,,,,,,,,,,,,,,,,,,,,,,,,,,,,,,,,,,,,,,,,,,,,,,,,,,,,,,,,
,,,,,,,,,,,,,,,,003841,001,2025-04-29_11h09.48.356,SLSINC2,2022.2.5,MacIntel,30.03003003,,,,,,,,,,,,,,,,,,,,,,,,,,,,,,,,,,,,,,,,,,,,,,,,,,,,,,,,,,,,,,,,,,,4,8.8562,,0,0,0,10,1,"If I were unable to have children of my own, I would like to adopt children.",,,,,,,,,,,,,,,,,,,,,,,,,,,,,,,,,,,,,,,,,,,,,,,,,
,,,,,,,,,,,,,,,,003841,001,2025-04-29_11h09.48.356,SLSINC2,2022.2.5,MacIntel,30.03003003,,,,,,,,,,,,,,,,,,,,,,,,,,,,,,,,,,,,,,,,,,,,,,,,,,,,,,,,,,,,,,,,,,,4,4.318,,0,1,1,18,1,People come to me for advice.,,,,,,,,,,,,,,,,,,,,,,,,,,,,,,,,,,,,,,,,,,,,,,,,,
,,,,,,,,,,,,,,,,003841,001,2025-04-29_11h09.48.356,SLSINC2,2022.2.5,MacIntel,30.03003003,,,,,,,,,,,,,,,,,,,,,,,,,,,,,,,,,,,,,,,,,,,,,,,,,,,,,,,,,,,,,,,,,,,4,2.4273,,0,2,2,13,1,"In general, my actions have a positive effect on other people.",,,,,,,,,,,,,,,,,,,,,,,,,,,,,,,,,,,,,,,,,,,,,,,,,
,,,,,,,,,,,,,,,,003841,001,2025-04-29_11h09.48.356,SLSINC2,2022.2.5,MacIntel,30.03003003,,,,,,,,,,,,,,,,,,,,,,,,,,,,,,,,,,,,,,,,,,,,,,,,,,,,,,,,,,,,,,,,,,,3,4.1153,,0,3,3,7,1,I think that I will be remembered for a long time after I die.,,,,,,,,,,,,,,,,,,,,,,,,,,,,,,,,,,,,,,,,,,,,,,,,,
,,,,,,,,,,,,,,,,003841,001,2025-04-29_11h09.48.356,SLSINC2,2022.2.5,MacIntel,30.03003003,,,,,,,,,,,,,,,,,,,,,,,,,,,,,,,,,,,,,,,,,,,,,,,,,,,,,,,,,,,,,,,,,,,3,4.0541,,0,4,4,4,1,I volunteer to work for a charity.,,,,,,,,,,,,,,,,,,,,,,,,,,,,,,,,,,,,,,,,,,,,,,,,,
,,,,,,,,,,,,,,,,003841,001,2025-04-29_11h09.48.356,SLSINC2,2022.2.5,MacIntel,30.03003003,,,,,,,,,,,,,,,,,,,,,,,,,,,,,,,,,,,,,,,,,,,,,,,,,,,,,,,,,,,,,,,,,,,3,5.4592,,0,5,5,6,1,I try to be creative in most things that I do.,,,,,,,,,,,,,,,,,,,,,,,,,,,,,,,,,,,,,,,,,,,,,,,,,
,,,,,,,,,,,,,,,,003841,001,2025-04-29_11h09.48.356,SLSINC2,2022.2.5,MacIntel,30.03003003,,,,,,,,,,,,,,,,,,,,,,,,,,,,,,,,,,,,,,,,,,,,,,,,,,,,,,,,,,,,,,,,,,,4,3.6387,,0,6,6,0,1,Try to pass along the knowledge I have gained through my experiences.,,,,,,,,,,,,,,,,,,,,,,,,,,,,,,,,,,,,,,,,,,,,,,,,,
,,,,,,,,,,,,,,,,003841,001,2025-04-29_11h09.48.356,SLSINC2,2022.2.5,MacIntel,30.03003003,,,,,,,,,,,,,,,,,,,,,,,,,,,,,,,,,,,,,,,,,,,,,,,,,,,,,,,,,,,,,,,,,,,4,1.2448,,0,7,7,16,1,Other people say that I am a very productive person.,,,,,,,,,,,,,,,,,,,,,,,,,,,,,,,,,,,,,,,,,,,,,,,,,
,,,,,,,,,,,,,,,,003841,001,2025-04-29_11h09.48.356,SLSINC2,2022.2.5,MacIntel,30.03003003,,,,,,,,,,,,,,,,,,,,,,,,,,,,,,,,,,,,,,,,,,,,,,,,,,,,,,,,,,,,,,,,,,,2,4.3173,,0,8,8,8,1,I believe that society should be responsible for providing food and shelter for all homeless people.,,,,,,,,,,,,,,,,,,,,,,,,,,,,,,,,,,,,,,,,,,,,,,,,,
,,,,,,,,,,,,,,,,003841,001,2025-04-29_11h09.48.356,SLSINC2,2022.2.5,MacIntel,30.03003003,,,,,,,,,,,,,,,,,,,,,,,,,,,,,,,,,,,,,,,,,,,,,,,,,,,,,,,,,,,,,,,,,,,3,7.2369,,0,9,9,9,1,Others would say that I have made unique contributions to society.,,,,,,,,,,,,,,,,,,,,,,,,,,,,,,,,,,,,,,,,,,,,,,,,,
,,,,,,,,,,,,,,,,003841,001,2025-04-29_11h09.48.356,SLSINC2,2022.2.5,MacIntel,30.03003003,,,,,,,,,,,,,,,,,,,,,,,,,,,,,,,,,,,,,,,,,,,,,,,,,,,,,,,,,,,,,,,,,,,3,2.9353,,0,10,10,15,1,"I have made many commitments to many different kinds of people, groups, and activities in my life.",,,,,,,,,,,,,,,,,,,,,,,,,,,,,,,,,,,,,,,,,,,,,,,,,
,,,,,,,,,,,,,,,,003841,001,2025-04-29_11h09.48.356,SLSINC2,2022.2.5,MacIntel,30.03003003,,,,,,,,,,,,,,,,,,,,,,,,,,,,,,,,,,,,,,,,,,,,,,,,,,,,,,,,,,,,,,,,,,,4,2.8187,,0,11,11,12,1,I feel that things I have done in my life will survive after I die.,,,,,,,,,,,,,,,,,,,,,,,,,,,,,,,,,,,,,,,,,,,,,,,,,
,,,,,,,,,,,,,,,,003841,001,2025-04-29_11h09.48.356,SLSINC2,2022.2.5,MacIntel,30.03003003,,,,,,,,,,,,,,,,,,,,,,,,,,,,,,,,,,,,,,,,,,,,,,,,,,,,,,,,,,,,,,,,,,,4,2.3566,,0,12,12,11,1,I have important skills that I try to teach others.,,,,,,,,,,,,,,,,,,,,,,,,,,,,,,,,,,,,,,,,,,,,,,,,,
,,,,,,,,,,,,,,,,003841,001,2025-04-29_11h09.48.356,SLSINC2,2022.2.5,MacIntel,30.03003003,,,,,,,,,,,,,,,,,,,,,,,,,,,,,,,,,,,,,,,,,,,,,,,,,,,,,,,,,,,,,,,,,,,4,1.507,,0,13,13,1,1,I feel that other people need me.,,,,,,,,,,,,,,,,,,,,,,,,,,,,,,,,,,,,,,,,,,,,,,,,,
,,,,,,,,,,,,,,,,003841,001,2025-04-29_11h09.48.356,SLSINC2,2022.2.5,MacIntel,30.03003003,,,,,,,,,,,,,,,,,,,,,,,,,,,,,,,,,,,,,,,,,,,,,,,,,,,,,,,,,,,,,,,,,,,4,1.9353,,0,14,14,3,1,I feel as though I have made a difference to many people.,,,,,,,,,,,,,,,,,,,,,,,,,,,,,,,,,,,,,,,,,,,,,,,,,
,,,,,,,,,,,,,,,,003841,001,2025-04-29_11h09.48.356,SLSINC2,2022.2.5,MacIntel,30.03003003,,,,,,,,,,,,,,,,,,,,,,,,,,,,,,,,,,,,,,,,,,,,,,,,,,,,,,,,,,,,,,,,,,,3,4.0743,,0,15,15,14,1,I feel as though I have done a lot to contribute to others.,,,,,,,,,,,,,,,,,,,,,,,,,,,,,,,,,,,,,,,,,,,,,,,,,
,,,,,,,,,,,,,,,,003841,001,2025-04-29_11h09.48.356,SLSINC2,2022.2.5,MacIntel,30.03003003,,,,,,,,,,,,,,,,,,,,,,,,,,,,,,,,,,,,,,,,,,,,,,,,,,,,,,,,,,,,,,,,,,,3,1.9318,,0,16,16,19,1,I feel as though my contributions will exist after I die.,,,,,,,,,,,,,,,,,,,,,,,,,,,,,,,,,,,,,,,,,,,,,,,,,
,,,,,,,,,,,,,,,,003841,001,2025-04-29_11h09.48.356,SLSINC2,2022.2.5,MacIntel,30.03003003,,,,,,,,,,,,,,,,,,,,,,,,,,,,,,,,,,,,,,,,,,,,,,,,,,,,,,,,,,,,,,,,,,,3,3.7888,,0,17,17,17,1,I have a responsibility to improve the neighborhood in which I live.,,,,,,,,,,,,,,,,,,,,,,,,,,,,,,,,,,,,,,,,,,,,,,,,,
,,,,,,,,,,,,,,,,003841,001,2025-04-29_11h09.48.356,SLSINC2,2022.2.5,MacIntel,30.03003003,,,,,,,,,,,,,,,,,,,,,,,,,,,,,,,,,,,,,,,,,,,,,,,,,,,,,,,,,,,,,,,,,,,3,2.4541,,0,18,18,5,1,I have made and created things that have had an impact on other people.,,,,,,,,,,,,,,,,,,,,,,,,,,,,,,,,,,,,,,,,,,,,,,,,,
,,,,,,,,,,,,,,,,003841,001,2025-04-29_11h09.48.356,SLSINC2,2022.2.5,MacIntel,30.03003003,,,,,,,,,,,,,,,,,,,,,,,,,,,,,,,,,,,,,,,,,,,,,,,,,,,,,,,,,,,,,,,,,,,4,2.6594,,0,19,19,2,1,I think I would like the work of a teacher.,,,,,,,,,,,,,,,,,,,,,,,,,,,,,,,,,,,,,,,,,,,,,,,,,
,,,,,,,,,,,,,,,,003841,001,2025-04-29_11h09.48.356,SLSINC2,2022.2.5,MacIntel,30.03003003,,,,,,,,,,,,,,,,,,,,,,,,,,,,,,,,,,,,,,,,,,,,,,,,,,,,,,,,,,,,,,,,,,,,,,,,,,,,space,1.3497,,,,,,,,,,,,,,,,,,,,,,,,,,,,,,,,,,,,,,,,,,,,,,,
,,,,,,,,,,,,,,,,003841,001,2025-04-29_11h09.48.356,SLSINC2,2022.2.5,MacIntel,30.03003003,,,,,,,,,,,,,,,,,,,,,,,,,,,,,,,,,,,,,,,,,,,,,,,,,,,,,,,,,,,,,,,,,,,,,,,,,,,No one really knows me well,,,3,2.6691,,0,0,0,12,1,,,,,,,,,,,,,,,,,,,,,,,,,,,,,,,,,,,,,,,
,,,,,,,,,,,,,,,,003841,001,2025-04-29_11h09.48.356,SLSINC2,2022.2.5,MacIntel,30.03003003,,,,,,,,,,,,,,,,,,,,,,,,,,,,,,,,,,,,,,,,,,,,,,,,,,,,,,,,,,,,,,,,,,,,,,,,,,,There are people who really understand me,,,3,5.1736,,0,1,1,15,1,,,,,,,,,,,,,,,,,,,,,,,,,,,,,,,,,,,,,,,
,,,,,,,,,,,,,,,,003841,001,2025-04-29_11h09.48.356,SLSINC2,2022.2.5,MacIntel,30.03003003,,,,,,,,,,,,,,,,,,,,,,,,,,,,,,,,,,,,,,,,,,,,,,,,,,,,,,,,,,,,,,,,,,,,,,,,,,,I have a lot in common with the people around me,,,2,8.3132,,0,2,2,5,1,,,,,,,,,,,,,,,,,,,,,,,,,,,,,,,,,,,,,,,
,,,,,,,,,,,,,,,,003841,001,2025-04-29_11h09.48.356,SLSINC2,2022.2.5,MacIntel,30.03003003,,,,,,,,,,,,,,,,,,,,,,,,,,,,,,,,,,,,,,,,,,,,,,,,,,,,,,,,,,,,,,,,,,,,,,,,,,,People are around me but not with me,,,3,2.9565,,0,3,3,17,1,,,,,,,,,,,,,,,,,,,,,,,,,,,,,,,,,,,,,,,
,,,,,,,,,,,,,,,,003841,001,2025-04-29_11h09.48.356,SLSINC2,2022.2.5,MacIntel,30.03003003,,,,,,,,,,,,,,,,,,,,,,,,,,,,,,,,,,,,,,,,,,,,,,,,,,,,,,,,,,,,,,,,,,,,,,,,,,,My social relationships are superficial,,,2,5.5691,,0,4,4,11,1,,,,,,,,,,,,,,,,,,,,,,,,,,,,,,,,,,,,,,,
,,,,,,,,,,,,,,,,003841,001,2025-04-29_11h09.48.356,SLSINC2,2022.2.5,MacIntel,30.03003003,,,,,,,,,,,,,,,,,,,,,,,,,,,,,,,,,,,,,,,,,,,,,,,,,,,,,,,,,,,,,,,,,,,,,,,,,,,I do not feel alone,,,3,1.5839,,0,5,5,3,1,,,,,,,,,,,,,,,,,,,,,,,,,,,,,,,,,,,,,,,
,,,,,,,,,,,,,,,,003841,001,2025-04-29_11h09.48.356,SLSINC2,2022.2.5,MacIntel,30.03003003,,,,,,,,,,,,,,,,,,,,,,,,,,,,,,,,,,,,,,,,,,,,,,,,,,,,,,,,,,,,,,,,,,,,,,,,,,,I lack companionship,,,3,1.4262,,0,6,6,1,1,,,,,,,,,,,,,,,,,,,,,,,,,,,,,,,,,,,,,,,
,,,,,,,,,,,,,,,,003841,001,2025-04-29_11h09.48.356,SLSINC2,2022.2.5,MacIntel,30.03003003,,,,,,,,,,,,,,,,,,,,,,,,,,,,,,,,,,,,,,,,,,,,,,,,,,,,,,,,,,,,,,,,,,,,,,,,,,,There are people I feel close to,,,3,2.9668,,0,7,7,9,1,,,,,,,,,,,,,,,,,,,,,,,,,,,,,,,,,,,,,,,
,,,,,,,,,,,,,,,,003841,001,2025-04-29_11h09.48.356,SLSINC2,2022.2.5,MacIntel,30.03003003,,,,,,,,,,,,,,,,,,,,,,,,,,,,,,,,,,,,,,,,,,,,,,,,,,,,,,,,,,,,,,,,,,,,,,,,,,,There is no one I can turn to,,,2,1.4817,,0,8,8,2,1,,,,,,,,,,,,,,,,,,,,,,,,,,,,,,,,,,,,,,,
,,,,,,,,,,,,,,,,003841,001,2025-04-29_11h09.48.356,SLSINC2,2022.2.5,MacIntel,30.03003003,,,,,,,,,,,,,,,,,,,,,,,,,,,,,,,,,,,,,,,,,,,,,,,,,,,,,,,,,,,,,,,,,,,,,,,,,,,I feel left out,,,3,1.2936,,0,9,9,10,1,,,,,,,,,,,,,,,,,,,,,,,,,,,,,,,,,,,,,,,
,,,,,,,,,,,,,,,,003841,001,2025-04-29_11h09.48.356,SLSINC2,2022.2.5,MacIntel,30.03003003,,,,,,,,,,,,,,,,,,,,,,,,,,,,,,,,,,,,,,,,,,,,,,,,,,,,,,,,,,,,,,,,,,,,,,,,,,,I am unhappy being so withdrawn ,,,3,2.4701,,0,10,10,16,1,,,,,,,,,,,,,,,,,,,,,,,,,,,,,,,,,,,,,,,
,,,,,,,,,,,,,,,,003841,001,2025-04-29_11h09.48.356,SLSINC2,2022.2.5,MacIntel,30.03003003,,,,,,,,,,,,,,,,,,,,,,,,,,,,,,,,,,,,,,,,,,,,,,,,,,,,,,,,,,,,,,,,,,,,,,,,,,,There are people I can turn to,,,2,1.7766,,0,11,11,19,1,,,,,,,,,,,,,,,,,,,,,,,,,,,,,,,,,,,,,,,
,,,,,,,,,,,,,,,,003841,001,2025-04-29_11h09.48.356,SLSINC2,2022.2.5,MacIntel,30.03003003,,,,,,,,,,,,,,,,,,,,,,,,,,,,,,,,,,,,,,,,,,,,,,,,,,,,,,,,,,,,,,,,,,,,,,,,,,,I feel in tune with the people around me,,,3,2.8663,,0,12,12,0,1,,,,,,,,,,,,,,,,,,,,,,,,,,,,,,,,,,,,,,,
,,,,,,,,,,,,,,,,003841,001,2025-04-29_11h09.48.356,SLSINC2,2022.2.5,MacIntel,30.03003003,,,,,,,,,,,,,,,,,,,,,,,,,,,,,,,,,,,,,,,,,,,,,,,,,,,,,,,,,,,,,,,,,,,,,,,,,,,I am no longer close to anyone,,,2,3.0151,,0,13,13,6,1,,,,,,,,,,,,,,,,,,,,,,,,,,,,,,,,,,,,,,,
,,,,,,,,,,,,,,,,003841,001,2025-04-29_11h09.48.356,SLSINC2,2022.2.5,MacIntel,30.03003003,,,,,,,,,,,,,,,,,,,,,,,,,,,,,,,,,,,,,,,,,,,,,,,,,,,,,,,,,,,,,,,,,,,,,,,,,,,I feel isolated from others,,,3,3.3256,,0,14,14,13,1,,,,,,,,,,,,,,,,,,,,,,,,,,,,,,,,,,,,,,,
,,,,,,,,,,,,,,,,003841,001,2025-04-29_11h09.48.356,SLSINC2,2022.2.5,MacIntel,30.03003003,,,,,,,,,,,,,,,,,,,,,,,,,,,,,,,,,,,,,,,,,,,,,,,,,,,,,,,,,,,,,,,,,,,,,,,,,,,There are people I can talk to,,,4,3.0875,,0,15,15,18,1,,,,,,,,,,,,,,,,,,,,,,,,,,,,,,,,,,,,,,,
,,,,,,,,,,,,,,,,003841,001,2025-04-29_11h09.48.356,SLSINC2,2022.2.5,MacIntel,30.03003003,,,,,,,,,,,,,,,,,,,,,,,,,,,,,,,,,,,,,,,,,,,,,,,,,,,,,,,,,,,,,,,,,,,,,,,,,,,I can find companionship when I want it,,,3,2.783,,0,16,16,14,1,,,,,,,,,,,,,,,,,,,,,,,,,,,,,,,,,,,,,,,
,,,,,,,,,,,,,,,,003841,001,2025-04-29_11h09.48.356,SLSINC2,2022.2.5,MacIntel,30.03003003,,,,,,,,,,,,,,,,,,,,,,,,,,,,,,,,,,,,,,,,,,,,,,,,,,,,,,,,,,,,,,,,,,,,,,,,,,,I feel part of a group of friends,,,4,2.1071,,0,17,17,4,1,,,,,,,,,,,,,,,,,,,,,,,,,,,,,,,,,,,,,,,
,,,,,,,,,,,,,,,,003841,001,2025-04-29_11h09.48.356,SLSINC2,2022.2.5,MacIntel,30.03003003,,,,,,,,,,,,,,,,,,,,,,,,,,,,,,,,,,,,,,,,,,,,,,,,,,,,,,,,,,,,,,,,,,,,,,,,,,,My interests and ideas are not shared by those around me,,,3,3.3241,,0,18,18,7,1,,,,,,,,,,,,,,,,,,,,,,,,,,,,,,,,,,,,,,,
,,,,,,,,,,,,,,,,003841,001,2025-04-29_11h09.48.356,SLSINC2,2022.2.5,MacIntel,30.03003003,,,,,,,,,,,,,,,,,,,,,,,,,,,,,,,,,,,,,,,,,,,,,,,,,,,,,,,,,,,,,,,,,,,,,,,,,,,I am an outgoing person,,,3,2.4883,,0,19,19,8,1,,,,,,,,,,,,,,,,,,,,,,,,,,,,,,,,,,,,,,,
,,,,,,,,,,,,,,,,003841,001,2025-04-29_11h09.48.356,SLSINC2,2022.2.5,MacIntel,30.03003003,,,,,,,,,,,,,,,,,,,,,,,,,,,,,,,,,,,,,,,,,,,,,,,,,,,,,,,,,,,,,,,,,,,,,,,,,,,,,,,,,,,,,,space,0.0862,,,,,,,,,,,,,,,,,,,,,,,,,,,,,,,,,,,,,
,,,,,,,,,,,,,,,,003841,001,2025-04-29_11h09.48.356,SLSINC2,2022.2.5,MacIntel,30.03003003,,,,,,,,,,,,,,,,,,,,,,,,,,,,,,,,,,,,,,,,,,,,,,,,,,,,,,,,,,,,,,,,,,,,,,,,,,,,,,,,,,,,,,,,2,5.674,"When I can’t remember something, I find myself wondering whether I have Alzheimer’s disease or a related dementia.",0,0,0,2,1,"When I can’t remember something, I find myself wondering whether I have Alzheimer’s disease or a related dementia.",,,,,,,,,,,,,,,,,,,,,,,,,,,,
,,,,,,,,,,,,,,,,003841,001,2025-04-29_11h09.48.356,SLSINC2,2022.2.5,MacIntel,30.03003003,,,,,,,,,,,,,,,,,,,,,,,,,,,,,,,,,,,,,,,,,,,,,,,,,,,,,,,,,,,,,,,,,,,,,,,,,,,,,,,,,,,,,,,,2,7.0461,I think I probably worry more about Alzheimer’s disease and related dementias than other people my same age.,0,1,1,11,1,I think I probably worry more about Alzheimer’s disease and related dementias than other people my same age.,,,,,,,,,,,,,,,,,,,,,,,,,,,,
,,,,,,,,,,,,,,,,003841,001,2025-04-29_11h09.48.356,SLSINC2,2022.2.5,MacIntel,30.03003003,,,,,,,,,,,,,,,,,,,,,,,,,,,,,,,,,,,,,,,,,,,,,,,,,,,,,,,,,,,,,,,,,,,,,,,,,,,,,,,,,,,,,,,,2,2.2795,I find it difficult to control my worries about developing Alzheimer’s disease and related dementias.,0,2,2,1,1,I find it difficult to control my worries about developing Alzheimer’s disease and related dementias.,,,,,,,,,,,,,,,,,,,,,,,,,,,,
,,,,,,,,,,,,,,,,003841,001,2025-04-29_11h09.48.356,SLSINC2,2022.2.5,MacIntel,30.03003003,,,,,,,,,,,,,,,,,,,,,,,,,,,,,,,,,,,,,,,,,,,,,,,,,,,,,,,,,,,,,,,,,,,,,,,,,,,,,,,,,,,,,,,,2,1.7277,"Once I start worrying about Alzheimer’s disease and related dementias, I just cannot stop.",0,3,3,8,1,"Once I start worrying about Alzheimer’s disease and related dementias, I just cannot stop.",,,,,,,,,,,,,,,,,,,,,,,,,,,,
,,,,,,,,,,,,,,,,003841,001,2025-04-29_11h09.48.356,SLSINC2,2022.2.5,MacIntel,30.03003003,,,,,,,,,,,,,,,,,,,,,,,,,,,,,,,,,,,,,,,,,,,,,,,,,,,,,,,,,,,,,,,,,,,,,,,,,,,,,,,,,,,,,,,,2,1.9145,"Sometimes when trying to go to sleep, I find my thoughts drift to my concerns about having Alzheimer’s disease or a related dementia.",0,4,4,9,1,"Sometimes when trying to go to sleep, I find my thoughts drift to my concerns about having Alzheimer’s disease or a related dementia.",,,,,,,,,,,,,,,,,,,,,,,,,,,,
,,,,,,,,,,,,,,,,003841,001,2025-04-29_11h09.48.356,SLSINC2,2022.2.5,MacIntel,30.03003003,,,,,,,,,,,,,,,,,,,,,,,,,,,,,,,,,,,,,,,,,,,,,,,,,,,,,,,,,,,,,,,,,,,,,,,,,,,,,,,,,,,,,,,,2,1.3803,"	When I hear about someone having Alzheimer’s disease or a related dementia, I start to worry about having it myself.",0,5,5,5,1,"	When I hear about someone having Alzheimer’s disease or a related dementia, I start to worry about having it myself.",,,,,,,,,,,,,,,,,,,,,,,,,,,,
,,,,,,,,,,,,,,,,003841,001,2025-04-29_11h09.48.356,SLSINC2,2022.2.5,MacIntel,30.03003003,,,,,,,,,,,,,,,,,,,,,,,,,,,,,,,,,,,,,,,,,,,,,,,,,,,,,,,,,,,,,,,,,,,,,,,,,,,,,,,,,,,,,,,,2,1.148,"More often than not, I find my thoughts returning to concerns that I have Alzheimer’s disease or a related dementia.",0,6,6,4,1,"More often than not, I find my thoughts returning to concerns that I have Alzheimer’s disease or a related dementia.",,,,,,,,,,,,,,,,,,,,,,,,,,,,
,,,,,,,,,,,,,,,,003841,001,2025-04-29_11h09.48.356,SLSINC2,2022.2.5,MacIntel,30.03003003,,,,,,,,,,,,,,,,,,,,,,,,,,,,,,,,,,,,,,,,,,,,,,,,,,,,,,,,,,,,,,,,,,,,,,,,,,,,,,,,,,,,,,,,4,4.9292,"When I am not distracted, I find my thoughts focusing on my own cognitive changes and concerns.",0,7,7,6,1,"When I am not distracted, I find my thoughts focusing on my own cognitive changes and concerns.",,,,,,,,,,,,,,,,,,,,,,,,,,,,
,,,,,,,,,,,,,,,,003841,001,2025-04-29_11h09.48.356,SLSINC2,2022.2.5,MacIntel,30.03003003,,,,,,,,,,,,,,,,,,,,,,,,,,,,,,,,,,,,,,,,,,,,,,,,,,,,,,,,,,,,,,,,,,,,,,,,,,,,,,,,,,,,,,,,2,4.3955,"When I forget a word that I want to say, my thoughts immediately turn to Alzheimer’s disease and related dementias.",0,8,8,10,1,"When I forget a word that I want to say, my thoughts immediately turn to Alzheimer’s disease and related dementias.",,,,,,,,,,,,,,,,,,,,,,,,,,,,
,,,,,,,,,,,,,,,,003841,001,2025-04-29_11h09.48.356,SLSINC2,2022.2.5,MacIntel,30.03003003,,,,,,,,,,,,,,,,,,,,,,,,,,,,,,,,,,,,,,,,,,,,,,,,,,,,,,,,,,,,,,,,,,,,,,,,,,,,,,,,,,,,,,,,2,0.8804,My worries about Alzheimer’s disease and related dementias overwhelm me.,0,9,9,3,1,My worries about Alzheimer’s disease and related dementias overwhelm me.,,,,,,,,,,,,,,,,,,,,,,,,,,,,
,,,,,,,,,,,,,,,,003841,001,2025-04-29_11h09.48.356,SLSINC2,2022.2.5,MacIntel,30.03003003,,,,,,,,,,,,,,,,,,,,,,,,,,,,,,,,,,,,,,,,,,,,,,,,,,,,,,,,,,,,,,,,,,,,,,,,,,,,,,,,,,,,,,,,2,0.6479,"Even though I know it doesn’t help to focus on it, I can’t help thinking about whether or not I have Alzheimer’s disease or a related dementia.",0,10,10,7,1,"Even though I know it doesn’t help to focus on it, I can’t help thinking about whether or not I have Alzheimer’s disease or a related dementia.",,,,,,,,,,,,,,,,,,,,,,,,,,,,
,,,,,,,,,,,,,,,,003841,001,2025-04-29_11h09.48.356,SLSINC2,2022.2.5,MacIntel,30.03003003,,,,,,,,,,,,,,,,,,,,,,,,,,,,,,,,,,,,,,,,,,,,,,,,,,,,,,,,,,,,,,,,,,,,,,,,,,,,,,,,,,,,,,,,2,0.8645,"I know I shouldn’t worry about developing Alzheimer’s disease and related dementias, but I just cannot help it.",0,11,11,0,1,"I know I shouldn’t worry about developing Alzheimer’s disease and related dementias, but I just cannot help it.",,,,,,,,,,,,,,,,,,,,,,,,,,,,
,,,,,,,,,,,,,,,,003841,001,2025-04-29_11h09.48.356,SLSINC2,2022.2.5,MacIntel,30.03003003,,,,,,,,,,,,,,,,,,,,,,,,,,,,,,,,,,,,,,,,,,,,,,,,,,,,,,,,,,,,,,,,,,,,,,,,,,,,,,,,,,,,,,,,,,,,,,,,,space,0.1613,,,,,,,,,,,,,,,,,,,,,,,,,,
,,,,,,,,,,,,,,,,003841,001,2025-04-29_11h09.48.356,SLSINC2,2022.2.5,MacIntel,30.03003003,,,,,,,,,,,,,,,,,,,,,,,,,,,,,,,,,,,,,,,,,,,,,,,,,,,,,,,,,,,,,,,,,,,,,,,,,,,,,,,,,,,,,,,,,,,,,,,,,,,4,3.888,"I answer the phone whenever it rings, even if I do not know who is calling",0,0,0,0,1,"I answer the phone whenever it rings, even if I do not know who is calling",,,,,,,,,,,,,,,,,
,,,,,,,,,,,,,,,,003841,001,2025-04-29_11h09.48.356,SLSINC2,2022.2.5,MacIntel,30.03003003,,,,,,,,,,,,,,,,,,,,,,,,,,,,,,,,,,,,,,,,,,,,,,,,,,,,,,,,,,,,,,,,,,,,,,,,,,,,,,,,,,,,,,,,,,,,,,,,,,,5,4.6294,Persons over the age of 65 are often targeted by con-artists,0,1,1,3,1,Persons over the age of 65 are often targeted by con-artists,,,,,,,,,,,,,,,,,
,,,,,,,,,,,,,,,,003841,001,2025-04-29_11h09.48.356,SLSINC2,2022.2.5,MacIntel,30.03003003,,,,,,,,,,,,,,,,,,,,,,,,,,,,,,,,,,,,,,,,,,,,,,,,,,,,,,,,,,,,,,,,,,,,,,,,,,,,,,,,,,,,,,,,,,,,,,,,,,,1,3.4275,"If a telemarketer calls me, I usually listen to what they have to say",0,2,2,4,1,"If a telemarketer calls me, I usually listen to what they have to say",,,,,,,,,,,,,,,,,
,,,,,,,,,,,,,,,,003841,001,2025-04-29_11h09.48.356,SLSINC2,2022.2.5,MacIntel,30.03003003,,,,,,,,,,,,,,,,,,,,,,,,,,,,,,,,,,,,,,,,,,,,,,,,,,,,,,,,,,,,,,,,,,,,,,,,,,,,,,,,,,,,,,,,,,,,,,,,,,,4,5.9763,"If something sounds too good to be true, it usually is",0,3,3,2,1,"If something sounds too good to be true, it usually is",,,,,,,,,,,,,,,,,
,,,,,,,,,,,,,,,,003841,001,2025-04-29_11h09.48.356,SLSINC2,2022.2.5,MacIntel,30.03003003,,,,,,,,,,,,,,,,,,,,,,,,,,,,,,,,,,,,,,,,,,,,,,,,,,,,,,,,,,,,,,,,,,,,,,,,,,,,,,,,,,,,,,,,,,,,,,,,,,,1,4.2952,"I have difficulty ending a phone call, even if the caller is a telemarketer, someone I do not know, or someone I do not wish to call me",0,4,4,1,1,"I have difficulty ending a phone call, even if the caller is a telemarketer, someone I do not know, or someone I do not wish to call me",,,,,,,,,,,,,,,,,
,,,,,,,,,,,,,,,,003841,001,2025-04-29_11h09.48.356,SLSINC2,2022.2.5,MacIntel,30.03003003,,,,,,,,,,,,,,,,,,,,,,,,,,,,,,,,,,,,,,,,,,,,,,,,,,,,,,,,,,,,,,,,,,,,,,,,,,,,,,,,,,,,,,,,,,,,,,,,,,,,,,,,,,,,1.011557405,3.096,,,,,,,,,,,,,,,
,,,,,,,,,,,,,,,,003841,001,2025-04-29_11h09.48.356,SLSINC2,2022.2.5,MacIntel,30.03003003,,,,,,,,,,,,,,,,,,,,,,,,,,,,,,,,,,,,,,,,,,,,,,,,,,,,,,,,,,,,,,,,,,,,,,,,,,,,,,,,,,,,,,,,,,,,,,,,,,,,,,,,,,,,,,,,,,,,,,,,,,,,
,,,,,,,,,,,,,,,,003841,001,2025-04-29_11h09.48.356,SLSINC2,2022.2.5,MacIntel,30.03003003,,,,,,,,,,,,,,,,,,,,,,,,,,,,,,,,,,,,,,,,,,,,,,,,,,,,,,,,,,,,,,,,,,,,,,,,,,,,,,,,,,,,,,,,,,,,,,,,,,,,,,,,,,,,,,"[""female_option""]",,,,,,,,,,,,,,
,,,,,,,,,,,,,,,,003841,001,2025-04-29_11h09.48.356,SLSINC2,2022.2.5,MacIntel,30.03003003,,,,,,,,,,,,,,,,,,,,,,,,,,,,,,,,,,,,,,,,,,,,,,,,,,,,,,,,,,,,,,,,,,,,,,,,,,,,,,,,,,,,,,,,,,,,,,,,,,,,,,,,,,,,,,,,,,,,,,,,,,,,
,,,,,,,,,,,,,,,,003841,001,2025-04-29_11h09.48.356,SLSINC2,2022.2.5,MacIntel,30.03003003,,,,,,,,,,,,,,,,,,,,,,,,,,,,,,,,,,,,,,,,,,,,,,,,,,,,,,,,,,,,,,,,,,,,,,,,,,,,,,,,,,,,,,,,,,,,,,,,,,,,,,,,,,,,,,,20,09/22/2004,,,,,,,,,,,,
,,,,,,,,,,,,,,,,003841,001,2025-04-29_11h09.48.356,SLSINC2,2022.2.5,MacIntel,30.03003003,,,,,,,,,,,,,,,,,,,,,,,,,,,,,,,,,,,,,,,,,,,,,,,,,,,,,,,,,,,,,,,,,,,,,,,,,,,,,,,,,,,,,,,,,,,,,,,,,,,,,,,,,,,,,,,,,,,,,,,,,,,,
,,,,,,,,,,,,,,,,003841,001,2025-04-29_11h09.48.356,SLSINC2,2022.2.5,MacIntel,30.03003003,,,,,,,,,,,,,,,,,,,,,,,,,,,,,,,,,,,,,,,,,,,,,,,,,,,,,,,,,,,,,,,,,,,,,,,,,,,,,,,,,,,,,,,,,,,,,,,,,,,,,,,,,,,,,,,,,"[""EduOpt4""]",,,,,,,,,,,
,,,,,,,,,,,,,,,,003841,001,2025-04-29_11h09.48.356,SLSINC2,2022.2.5,MacIntel,30.03003003,,,,,,,,,,,,,,,,,,,,,,,,,,,,,,,,,,,,,,,,,,,,,,,,,,,,,,,,,,,,,,,,,,,,,,,,,,,,,,,,,,,,,,,,,,,,,,,,,,,,,,,,,,,,,,,,,,,,,,,,,,,,
,,,,,,,,,,,,,,,,003841,001,2025-04-29_11h09.48.356,SLSINC2,2022.2.5,MacIntel,30.03003003,,,,,,,,,,,,,,,,,,,,,,,,,,,,,,,,,,,,,,,,,,,,,,,,,,,,,,,,,,,,,,,,,,,,,,,,,,,,,,,,,,,,,,,,,,,,,,,,,,,,,,,,,,,,,,,,,,"[""EthnOpt5""]",,,,,,,,,,
,,,,,,,,,,,,,,,,003841,001,2025-04-29_11h09.48.356,SLSINC2,2022.2.5,MacIntel,30.03003003,,,,,,,,,,,,,,,,,,,,,,,,,,,,,,,,,,,,,,,,,,,,,,,,,,,,,,,,,,,,,,,,,,,,,,,,,,,,,,,,,,,,,,,,,,,,,,,,,,,,,,,,,,,,,,,,,,,,,,,,,,,,
,,,,,,,,,,,,,,,,003841,001,2025-04-29_11h09.48.356,SLSINC2,2022.2.5,MacIntel,30.03003003,,,,,,,,,,,,,,,,,,,,,,,,,,,,,,,,,,,,,,,,,,,,,,,,,,,,,,,,,,,,,,,,,,,,,,,,,,,,,,,,,,,,,,,,,,,,,,,,,,,,,,,,,,,,,,,,,,,"[""EngFlncyY""]",,,,,,,,,
,,,,,,,,,,,,,,,,003841,001,2025-04-29_11h09.48.356,SLSINC2,2022.2.5,MacIntel,30.03003003,,,,,,,,,,,,,,,,,,,,,,,,,,,,,,,,,,,,,,,,,,,,,,,,,,,,,,,,,,,,,,,,,,,,,,,,,,,,,,,,,,,,,,,,,,,,,,,,,,,,,,,,,,,,,,,,,,,,,,,,,,,,
,,,,,,,,,,,,,,,,003841,001,2025-04-29_11h09.48.356,SLSINC2,2022.2.5,MacIntel,30.03003003,,,,,,,,,,,,,,,,,,,,,,,,,,,,,,,,,,,,,,,,,,,,,,,,,,,,,,,,,,,,,,,,,,,,,,,,,,,,,,,,,,,,,,,,,,,,,,,,,,,,,,,,,,,,,,,,,,,,10 months,united states,,,,,,,
,,,,,,,,,,,,,,,,003841,001,2025-04-29_11h09.48.356,SLSINC2,2022.2.5,MacIntel,30.03003003,,,,,,,,,,,,,,,,,,,,,,,,,,,,,,,,,,,,,,,,,,,,,,,,,,,,,,,,,,,,,,,,,,,,,,,,,,,,,,,,,,,,,,,,,,,,,,,,,,,,,,,,,,,,,,,,,,,,,,,,,,,,
,,,,,,,,,,,,,,,,003841,001,2025-04-29_11h09.48.356,SLSINC2,2022.2.5,MacIntel,30.03003003,,,,,,,,,,,,,,,,,,,,,,,,,,,,,,,,,,,,,,,,,,,,,,,,,,,,,,,,,,,,,,,,,,,,,,,,,,,,,,,,,,,,,,,,,,,,,,,,,,,,,,,,,,,,,,,,,,,,,,D.,,,,,,
,,,,,,,,,,,,,,,,003841,001,2025-04-29_11h09.48.356,SLSINC2,2022.2.5,MacIntel,30.03003003,,,,,,,,,,,,,,,,,,,,,,,,,,,,,,,,,,,,,,,,,,,,,,,,,,,,,,,,,,,,,,,,,,,,,,,,,,,,,,,,,,,,,,,,,,,,,,,,,,,,,,,,,,,,,,,,,,,,,,,,,,,,
,,,,,,,,,,,,,,,,003841,001,2025-04-29_11h09.48.356,SLSINC2,2022.2.5,MacIntel,30.03003003,,,,,,,,,,,,,,,,,,,,,,,,,,,,,,,,,,,,,,,,,,,,,,,,,,,,,,,,,,,,,,,,,,,,,,,,,,,,,,,,,,,,,,,,,,,,,,,,,,,,,,,,,,,,,,,,,,,,,,,no,,,,,
,,,,,,,,,,,,,,,,003841,001,2025-04-29_11h09.48.356,SLSINC2,2022.2.5,MacIntel,30.03003003,,,,,,,,,,,,,,,,,,,,,,,,,,,,,,,,,,,,,,,,,,,,,,,,,,,,,,,,,,,,,,,,,,,,,,,,,,,,,,,,,,,,,,,,,,,,,,,,,,,,,,,,,,,,,,,,,,,,,,,,,,,,
,,,,,,,,,,,,,,,,003841,001,2025-04-29_11h09.48.356,SLSINC2,2022.2.5,MacIntel,30.03003003,,,,,,,,,,,,,,,,,,,,,,,,,,,,,,,,,,,,,,,,,,,,,,,,,,,,,,,,,,,,,,,,,,,,,,,,,,,,,,,,,,,,,,,,,,,,,,,,,,,,,,,,,,,,,,,,,,,,,,,,there should be a back button because my first question was not accurate,,,,
,,,,,,,,,,,,,,,,003841,001,2025-04-29_11h09.48.356,SLSINC2,2022.2.5,MacIntel,30.03003003,,,,,,,,,,,,,,,,,,,,,,,,,,,,,,,,,,,,,,,,,,,,,,,,,,,,,,,,,,,,,,,,,,,,,,,,,,,,,,,,,,,,,,,,,,,,,,,,,,,,,,,,,,,,,,,,,,,,,,,,,,,,
,,,,,,,,,,,,,,,,003841,001,2025-04-29_11h09.48.356,SLSINC2,2022.2.5,MacIntel,30.03003003,,,,,,,,,,,,,,,,,,,,,,,,,,,,,,,,,,,,,,,,,,,,,,,,,,,,,,,,,,,,,,,,,,,,,,,,,,,,,,,,,,,,,,,,,,,,,,,,,,,,,,,,,,,,,,,,,,,,,,,,,"[""Q4option1""]",,,
,,,,,,,,,,,,,,,,003841,001,2025-04-29_11h09.48.356,SLSINC2,2022.2.5,MacIntel,30.03003003,,,,,,,,,,,,,,,,,,,,,,,,,,,,,,,,,,,,,,,,,,,,,,,,,,,,,,,,,,,,,,,,,,,,,,,,,,,,,,,,,,,,,,,,,,,,,,,,,,,,,,,,,,,,,,,,,,,,,,,,,,,,
,,,,,,,,,,,,,,,,003841,001,2025-04-29_11h09.48.356,SLSINC2,2022.2.5,MacIntel,30.03003003,,,,,,,,,,,,,,,,,,,,,,,,,,,,,,,,,,,,,,,,,,,,,,,,,,,,,,,,,,,,,,,,,,,,,,,,,,,,,,,,,,,,,,,,,,,,,,,,,,,,,,,,,,,,,,,,,,,,,,,,,,1,[991.9105999999048],[991.9106999999286]
