bruinID.text,button.numClicks,button.timesOn,button.timesOff,mouseLogIn.x,mouseLogIn.y,mouseLogIn.leftButton,mouseLogIn.midButton,mouseLogIn.rightButton,mouseLogIn.time,mouseLogIn.clicked_name,repeat.thisRepN,repeat.thisTrialN,repeat.thisN,repeat.thisIndex,repeat.ran,participant,session,date,expName,psychopyVersion,OS,frameRate,key_resp_6.keys,key_resp_6.rt,key_resp_5.keys,key_resp_5.rt,subjage_slider.response,subjage_slider.rt,confidence_scale.response,confidence_scale.rt,key_resp_7.keys,key_resp_7.rt,button_2.numClicks,button_2.timesOn,button_2.timesOff,email_type,scam_button.numClicks,scam_button.timesOn,scam_button.timesOff,legit_button.numClicks,legit_button.timesOn,legit_button.timesOff,button_selections_1,confidence_scale_email.response,confidence_scale_email.rt,personal_rel_scale.response,personal_rel_scale.rt,curiosity_scale.response,curiosity_scale.rt,email_loop.thisRepN,email_loop.thisTrialN,email_loop.thisN,email_loop.thisIndex,email_loop.ran,emails,type,xsize,ysize,xpos,ypos,key_resp_11.keys,key_resp_11.rt,key_resp_9.keys,key_resp_9.rt,key_resp_10.keys,key_resp_10.rt,textbox.text,next_button.numClicks,next_button.timesOn,next_button.timesOff,key_resp_8.keys,key_resp_8.rt,mouse.x,mouse.y,mouse.leftButton,mouse.midButton,mouse.rightButton,mouse.time,key_resp_12.keys,key_resp_12.rt,button_3.numClicks,button_3.timesOn,button_3.timesOff,mouse_2.x,mouse_2.y,mouse_2.leftButton,mouse_2.midButton,mouse_2.rightButton,mouse_2.time,button_4.numClicks,button_4.timesOn,button_4.timesOff,mouse_3.x,mouse_3.y,mouse_3.leftButton,mouse_3.midButton,mouse_3.rightButton,mouse_3.time,button_5.numClicks,button_5.timesOn,button_5.timesOff,email_loops2.thisRepN,email_loops2.thisTrialN,email_loops2.thisN,email_loops2.thisIndex,email_loops2.ran,key_resp_3.keys,key_resp_3.rt,slider1_2.response,slider1_2.rt,trust_question,loop_GT.thisRepN,loop_GT.thisTrialN,loop_GT.thisN,loop_GT.thisIndex,loop_GT.ran,Phrases,instructionresp_2.keys,instructionresp_2.rt,key_resp_13.keys,key_resp_13.rt,gen_question,loop_G.thisRepN,loop_G.thisTrialN,loop_G.thisN,loop_G.thisIndex,loop_G.ran,Questions,instructionresp.keys,instructionresp.rt,key_resp_2.keys,key_resp_2.rt,lonely_question,loop_LS.thisRepN,loop_LS.thisTrialN,loop_LS.thisN,loop_LS.thisIndex,loop_LS.ran,key_resp_4.keys,key_resp_4.rt,rating.response,rating.rt,dementia_question,loop_dm.thisRepN,loop_dm.thisTrialN,loop_dm.thisN,loop_dm.thisIndex,loop_dm.ran,Items,key_resp.keys,key_resp.rt,slider1.response,slider1.rt,ss_question,loop_SS.thisRepN,loop_SS.thisTrialN,loop_SS.thisN,loop_SS.thisIndex,loop_SS.ran,Statements,slider.response,slider.rt,Gender,textboxAge.text,textboxBirthday.text,Education Level,Ethnicity,English Fluency,textboxAge_2.text,textboxCountry.text,FQ1textbox.text,textboxQuestion2.text,textboxQuestion3.text,FQ4 selection,Finish.numClicks,Finish.timesOn,Finish.timesOff
305987681,1,[11.78760000000149],[11.78760000000149],0.299590774,-0.060400132,1,0,0,11.7131,button,0,0,0,0,1,533333,001,2025-04-10_13h45.38.395,SLSI,2022.2.5,MacIntel,120.4819277,,,,,,,,,,,,,,,,,,,,,,,,,,,,,,,,,,,,,,,,,,,,,,,,,,,,,,,,,,,,,,,,,,,,,,,,,,,,,,,,,,,,,,,,,,,,,,,,,,,,,,,,,,,,,,,,,,,,,,,,,,,,,,,,,,,,,,,,,,,,,,,,,,,,,,,,,,,
,,,,,,,,,,,,,,,,533333,001,2025-04-10_13h45.38.395,SLSI,2022.2.5,MacIntel,120.4819277,space,5.8084,,,,,,,,,,,,,,,,,,,,,,,,,,,,,,,,,,,,,,,,,,,,,,,,,,,,,,,,,,,,,,,,,,,,,,,,,,,,,,,,,,,,,,,,,,,,,,,,,,,,,,,,,,,,,,,,,,,,,,,,,,,,,,,,,,,,,,,,,,,,,,,,,,,,,,,,,
,,,,,,,,,,,,,,,,533333,001,2025-04-10_13h45.38.395,SLSI,2022.2.5,MacIntel,120.4819277,,,space,18.5433,,,,,,,,,,,,,,,,,,,,,,,,,,,,,,,,,,,,,,,,,,,,,,,,,,,,,,,,,,,,,,,,,,,,,,,,,,,,,,,,,,,,,,,,,,,,,,,,,,,,,,,,,,,,,,,,,,,,,,,,,,,,,,,,,,,,,,,,,,,,,,,,,,,,,,,
,,,,,,,,,,,,,,,,533333,001,2025-04-10_13h45.38.395,SLSI,2022.2.5,MacIntel,120.4819277,,,,,111.6190476,3.3974,,,,,,,,,,,,,,,,,,,,,,,,,,,,,,,,,,,,,,,,,,,,,,,,,,,,,,,,,,,,,,,,,,,,,,,,,,,,,,,,,,,,,,,,,,,,,,,,,,,,,,,,,,,,,,,,,,,,,,,,,,,,,,,,,,,,,,,,,,,,,,,,,,,,,
,,,,,,,,,,,,,,,,533333,001,2025-04-10_13h45.38.395,SLSI,2022.2.5,MacIntel,120.4819277,,,,,,,8.896536045,5.1623,,,,,,,,,,,,,,,,,,,,,,,,,,,,,,,,,,,,,,,,,,,,,,,,,,,,,,,,,,,,,,,,,,,,,,,,,,,,,,,,,,,,,,,,,,,,,,,,,,,,,,,,,,,,,,,,,,,,,,,,,,,,,,,,,,,,,,,,,,,,,,,,,,,
,,,,,,,,,,,,,,,,533333,001,2025-04-10_13h45.38.395,SLSI,2022.2.5,MacIntel,120.4819277,,,,,,,,,space,6.2663,,,,,,,,,,,,,,,,,,,,,,,,,,,,,,,,,,,,,,,,,,,,,,,,,,,,,,,,,,,,,,,,,,,,,,,,,,,,,,,,,,,,,,,,,,,,,,,,,,,,,,,,,,,,,,,,,,,,,,,,,,,,,,,,,,,,,,,,,,,,,,,,,
,,,,,,,,,,,,,,,,533333,001,2025-04-10_13h45.38.395,SLSI,2022.2.5,MacIntel,120.4819277,,,,,,,,,,,1,[59.73550000000001],[59.73560000000149],,0,[],[],1,[61.010800000000756],[61.01090000000224],"[""legit_button""]",9.108672288,2.3822,3.927951389,4.1292,4.957423942,4.7205,0,0,0,6,1,resources/images/scam4.png,scam,0.8,0.65,0,0,,,,,,,,,,,,,,,,,,,,,,,,,,,,,,,,,,,,,,,,,,,,,,,,,,,,,,,,,,,,,,,,,,,,,,,,,,,,,,,,,,,,,,,,,,,,,,,,,,,,,,,,,,,,,,,,,,,,,
,,,,,,,,,,,,,,,,533333,001,2025-04-10_13h45.38.395,SLSI,2022.2.5,MacIntel,120.4819277,,,,,,,,,,,2,"[59.73550000000001,75.38630000000074]","[59.73560000000149,75.38630000000074]",,0,[],[],2,"[61.010800000000756,76.21030000000076]","[61.01090000000224,76.21040000000224]","[""legit_button""]",9.977926587,1.1495,7.940434854,2.0097,8.01161541,0.7123,0,1,1,7,1,resources/images/scam5.jpg,scam,0.7,0.65,0,0,,,,,,,,,,,,,,,,,,,,,,,,,,,,,,,,,,,,,,,,,,,,,,,,,,,,,,,,,,,,,,,,,,,,,,,,,,,,,,,,,,,,,,,,,,,,,,,,,,,,,,,,,,,,,,,,,,,,,
,,,,,,,,,,,,,,,,533333,001,2025-04-10_13h45.38.395,SLSI,2022.2.5,MacIntel,120.4819277,,,,,,,,,,,3,"[59.73550000000001,75.38630000000074,86.82750000000001]","[59.73560000000149,75.38630000000074,86.82750000000001]",,0,[],[],3,"[61.010800000000756,76.21030000000076,87.95240000000224]","[61.01090000000224,76.21040000000224,87.95240000000224]","[""legit_button""]",4.982308201,1.5047,4.921296296,1.3383,6.881655093,1.3378,0,2,2,2,1,resources/images/scam3.png,scam,1.2,0.65,0,0,,,,,,,,,,,,,,,,,,,,,,,,,,,,,,,,,,,,,,,,,,,,,,,,,,,,,,,,,,,,,,,,,,,,,,,,,,,,,,,,,,,,,,,,,,,,,,,,,,,,,,,,,,,,,,,,,,,,,
,,,,,,,,,,,,,,,,533333,001,2025-04-10_13h45.38.395,SLSI,2022.2.5,MacIntel,120.4819277,,,,,,,,,,,4,"[59.73550000000001,75.38630000000074,86.82750000000001,94.03610000000148]","[59.73560000000149,75.38630000000074,86.82750000000001,94.03610000000148]",,1,[94.71109999999777],[94.71109999999777],3,"[61.010800000000756,76.21030000000076,87.95240000000224]","[61.01090000000224,76.21040000000224,87.95240000000224]","[""scam_button""]",9.011367394,1.6321,7.939442791,2.524,3.015294312,2.0159,0,3,3,17,1,resources/images/scam10.jpg,scam,1,0.65,0,0,,,,,,,,,,,,,,,,,,,,,,,,,,,,,,,,,,,,,,,,,,,,,,,,,,,,,,,,,,,,,,,,,,,,,,,,,,,,,,,,,,,,,,,,,,,,,,,,,,,,,,,,,,,,,,,,,,,,,
,,,,,,,,,,,,,,,,533333,001,2025-04-10_13h45.38.395,SLSI,2022.2.5,MacIntel,120.4819277,,,,,,,,,,,5,"[59.73550000000001,75.38630000000074,86.82750000000001,94.03610000000148,102.2611000000015]","[59.73560000000149,75.38630000000074,86.82750000000001,94.03610000000148,102.2611000000015]",,2,"[94.71109999999777,102.853]","[94.71109999999777,102.853]",3,"[61.010800000000756,76.21030000000076,87.95240000000224]","[61.01090000000224,76.21040000000224,87.95240000000224]","[""scam_button""]",9.078455688,1.1398,2.084945437,0.9481,2.084945437,0.3915,0,4,4,11,1,resources/images/legit4-EDIT.png,legit,0.65,0.65,0,0,,,,,,,,,,,,,,,,,,,,,,,,,,,,,,,,,,,,,,,,,,,,,,,,,,,,,,,,,,,,,,,,,,,,,,,,,,,,,,,,,,,,,,,,,,,,,,,,,,,,,,,,,,,,,,,,,,,,,
,,,,,,,,,,,,,,,,533333,001,2025-04-10_13h45.38.395,SLSI,2022.2.5,MacIntel,120.4819277,,,,,,,,,,,6,"[59.73550000000001,75.38630000000074,86.82750000000001,94.03610000000148,102.2611000000015,106.76060000000149]","[59.73560000000149,75.38630000000074,86.82750000000001,94.03610000000148,102.2611000000015,106.76069999999925]",,2,"[94.71109999999777,102.853]","[94.71109999999777,102.853]",4,"[61.010800000000756,76.21030000000076,87.95240000000224,107.51070000000298]","[61.01090000000224,76.21040000000224,87.95240000000224,107.51080000000076]","[""legit_button""]",9.915591931,0.8628,6.037119709,0.8051,8.006572421,2.6877,0,5,5,15,1,resources/images/legit8.png,legit,0.8,0.72,0,0,,,,,,,,,,,,,,,,,,,,,,,,,,,,,,,,,,,,,,,,,,,,,,,,,,,,,,,,,,,,,,,,,,,,,,,,,,,,,,,,,,,,,,,,,,,,,,,,,,,,,,,,,,,,,,,,,,,,,
,,,,,,,,,,,,,,,,533333,001,2025-04-10_13h45.38.395,SLSI,2022.2.5,MacIntel,120.4819277,,,,,,,,,,,7,"[59.73550000000001,75.38630000000074,86.82750000000001,94.03610000000148,102.2611000000015,106.76060000000149,113.45269999999923]","[59.73560000000149,75.38630000000074,86.82750000000001,94.03610000000148,102.2611000000015,106.76069999999925,113.45269999999923]",,3,"[94.71109999999777,102.853,114.06899999999999]","[94.71109999999777,102.853,114.06899999999999]",4,"[61.010800000000756,76.21030000000076,87.95240000000224,107.51070000000298]","[61.01090000000224,76.21040000000224,87.95240000000224,107.51080000000076]","[""scam_button""]",9.893849206,1.3455,3.240410053,1.8078,0.989583333,4.2624,0,6,6,8,1,resources/images/legit9-EDIT.png,legit,1,0.65,0,0,,,,,,,,,,,,,,,,,,,,,,,,,,,,,,,,,,,,,,,,,,,,,,,,,,,,,,,,,,,,,,,,,,,,,,,,,,,,,,,,,,,,,,,,,,,,,,,,,,,,,,,,,,,,,,,,,,,,,
,,,,,,,,,,,,,,,,533333,001,2025-04-10_13h45.38.395,SLSI,2022.2.5,MacIntel,120.4819277,,,,,,,,,,,8,"[59.73550000000001,75.38630000000074,86.82750000000001,94.03610000000148,102.2611000000015,106.76060000000149,113.45269999999923,122.65230000000074]","[59.73560000000149,75.38630000000074,86.82750000000001,94.03610000000148,102.2611000000015,106.76069999999925,113.45269999999923,122.65230000000074]",,3,"[94.71109999999777,102.853,114.06899999999999]","[94.71109999999777,102.853,114.06899999999999]",5,"[61.010800000000756,76.21030000000076,87.95240000000224,107.51070000000298,123.29360000000149]","[61.01090000000224,76.21040000000224,87.95240000000224,107.51080000000076,123.29360000000149]","[""legit_button""]",9.975198413,1.9161,4.017485119,1.7461,4.804315476,1.2624,0,7,7,1,1,resources/images/scam_2.png,scam,0.9,0.65,0,0,,,,,,,,,,,,,,,,,,,,,,,,,,,,,,,,,,,,,,,,,,,,,,,,,,,,,,,,,,,,,,,,,,,,,,,,,,,,,,,,,,,,,,,,,,,,,,,,,,,,,,,,,,,,,,,,,,,,,
,,,,,,,,,,,,,,,,533333,001,2025-04-10_13h45.38.395,SLSI,2022.2.5,MacIntel,120.4819277,,,,,,,,,,,9,"[59.73550000000001,75.38630000000074,86.82750000000001,94.03610000000148,102.2611000000015,106.76060000000149,113.45269999999923,122.65230000000074,129.38560000000146]","[59.73560000000149,75.38630000000074,86.82750000000001,94.03610000000148,102.2611000000015,106.76069999999925,113.45269999999923,122.65230000000074,129.38569999999925]",,3,"[94.71109999999777,102.853,114.06899999999999]","[94.71109999999777,102.853,114.06899999999999]",6,"[61.010800000000756,76.21030000000076,87.95240000000224,107.51070000000298,123.29360000000149,130.05160000000146]","[61.01090000000224,76.21040000000224,87.95240000000224,107.51080000000076,123.29360000000149,130.05160000000146]","[""legit_button""]",7.75739914,0.879,4.839244378,0.5711,4.933035714,0.4216,0,8,8,0,1,resources/images/scam_1.png,scam,1,0.65,0,0,,,,,,,,,,,,,,,,,,,,,,,,,,,,,,,,,,,,,,,,,,,,,,,,,,,,,,,,,,,,,,,,,,,,,,,,,,,,,,,,,,,,,,,,,,,,,,,,,,,,,,,,,,,,,,,,,,,,,
,,,,,,,,,,,,,,,,533333,001,2025-04-10_13h45.38.395,SLSI,2022.2.5,MacIntel,120.4819277,,,,,,,,,,,10,"[59.73550000000001,75.38630000000074,86.82750000000001,94.03610000000148,102.2611000000015,106.76060000000149,113.45269999999923,122.65230000000074,129.38560000000146,132.71880000000073]","[59.73560000000149,75.38630000000074,86.82750000000001,94.03610000000148,102.2611000000015,106.76069999999925,113.45269999999923,122.65230000000074,129.38569999999925,132.71880000000073]",,4,"[94.71109999999777,102.853,114.06899999999999,133.76029999999702]","[94.71109999999777,102.853,114.06899999999999,133.76029999999702]",6,"[61.010800000000756,76.21030000000076,87.95240000000224,107.51070000000298,123.29360000000149,130.05160000000146]","[61.01090000000224,76.21040000000224,87.95240000000224,107.51080000000076,123.29360000000149,130.05160000000146]","[""scam_button""]",6.94088955,3.2129,2.876157407,1.5781,2.849661045,0.6874,0,9,9,14,1,resources/images/legit7-EDIT.png,legit,0.65,0.65,0,0,,,,,,,,,,,,,,,,,,,,,,,,,,,,,,,,,,,,,,,,,,,,,,,,,,,,,,,,,,,,,,,,,,,,,,,,,,,,,,,,,,,,,,,,,,,,,,,,,,,,,,,,,,,,,,,,,,,,,
,,,,,,,,,,,,,,,,533333,001,2025-04-10_13h45.38.395,SLSI,2022.2.5,MacIntel,120.4819277,,,,,,,,,,,11,"[59.73550000000001,75.38630000000074,86.82750000000001,94.03610000000148,102.2611000000015,106.76060000000149,113.45269999999923,122.65230000000074,129.38560000000146,132.71880000000073,140.486]","[59.73560000000149,75.38630000000074,86.82750000000001,94.03610000000148,102.2611000000015,106.76069999999925,113.45269999999923,122.65230000000074,129.38569999999925,132.71880000000073,140.486]",,5,"[94.71109999999777,102.853,114.06899999999999,133.76029999999702,141.01]","[94.71109999999777,102.853,114.06899999999999,133.76029999999702,141.01]",6,"[61.010800000000756,76.21030000000076,87.95240000000224,107.51070000000298,123.29360000000149,130.05160000000146]","[61.01090000000224,76.21040000000224,87.95240000000224,107.51080000000076,123.29360000000149,130.05160000000146]","[""scam_button""]",7.797867063,3.1705,3.900793651,1.5499,3.903232474,0.7619,0,10,10,20,1,resources/images/scam12.jpg,scam,0.65,0.65,0,0,,,,,,,,,,,,,,,,,,,,,,,,,,,,,,,,,,,,,,,,,,,,,,,,,,,,,,,,,,,,,,,,,,,,,,,,,,,,,,,,,,,,,,,,,,,,,,,,,,,,,,,,,,,,,,,,,,,,,
,,,,,,,,,,,,,,,,533333,001,2025-04-10_13h45.38.395,SLSI,2022.2.5,MacIntel,120.4819277,,,,,,,,,,,12,"[59.73550000000001,75.38630000000074,86.82750000000001,94.03610000000148,102.2611000000015,106.76060000000149,113.45269999999923,122.65230000000074,129.38560000000146,132.71880000000073,140.486,147.59369999999925]","[59.73560000000149,75.38630000000074,86.82750000000001,94.03610000000148,102.2611000000015,106.76069999999925,113.45269999999923,122.65230000000074,129.38569999999925,132.71880000000073,140.486,147.59369999999925]",,6,"[94.71109999999777,102.853,114.06899999999999,133.76029999999702,141.01,148.3683999999985]","[94.71109999999777,102.853,114.06899999999999,133.76029999999702,141.01,148.3683999999985]",6,"[61.010800000000756,76.21030000000076,87.95240000000224,107.51070000000298,123.29360000000149,130.05160000000146]","[61.01090000000224,76.21040000000224,87.95240000000224,107.51080000000076,123.29360000000149,130.05160000000146]","[""scam_button""]",8.871321098,1.5291,1.128554894,2.3495,0.128141534,3.2624,0,11,11,21,1,resources/images/legit14-EDIT.jpg,legit,1,0.65,0,0,,,,,,,,,,,,,,,,,,,,,,,,,,,,,,,,,,,,,,,,,,,,,,,,,,,,,,,,,,,,,,,,,,,,,,,,,,,,,,,,,,,,,,,,,,,,,,,,,,,,,,,,,,,,,,,,,,,,,
,,,,,,,,,,,,,,,,533333,001,2025-04-10_13h45.38.395,SLSI,2022.2.5,MacIntel,120.4819277,,,,,,,,,,,13,"[59.73550000000001,75.38630000000074,86.82750000000001,94.03610000000148,102.2611000000015,106.76060000000149,113.45269999999923,122.65230000000074,129.38560000000146,132.71880000000073,140.486,147.59369999999925,157.08590000000223]","[59.73560000000149,75.38630000000074,86.82750000000001,94.03610000000148,102.2611000000015,106.76069999999925,113.45269999999923,122.65230000000074,129.38569999999925,132.71880000000073,140.486,147.59369999999925,157.08590000000223]",,7,"[94.71109999999777,102.853,114.06899999999999,133.76029999999702,141.01,148.3683999999985,158.0018999999985]","[94.71109999999777,102.853,114.06899999999999,133.76029999999702,141.01,148.3683999999985,158.0018999999985]",6,"[61.010800000000756,76.21030000000076,87.95240000000224,107.51070000000298,123.29360000000149,130.05160000000146]","[61.01090000000224,76.21040000000224,87.95240000000224,107.51080000000076,123.29360000000149,130.05160000000146]","[""scam_button""]",9.935887897,1.5193,0.007275132,1.0714,0.007275132,0.2794,0,12,12,22,1,resources/images/legit17-EDIT.png,legit,0.65,0.65,0,0,,,,,,,,,,,,,,,,,,,,,,,,,,,,,,,,,,,,,,,,,,,,,,,,,,,,,,,,,,,,,,,,,,,,,,,,,,,,,,,,,,,,,,,,,,,,,,,,,,,,,,,,,,,,,,,,,,,,,
,,,,,,,,,,,,,,,,533333,001,2025-04-10_13h45.38.395,SLSI,2022.2.5,MacIntel,120.4819277,,,,,,,,,,,14,"[59.73550000000001,75.38630000000074,86.82750000000001,94.03610000000148,102.2611000000015,106.76060000000149,113.45269999999923,122.65230000000074,129.38560000000146,132.71880000000073,140.486,147.59369999999925,157.08590000000223,162.26030000000074]","[59.73560000000149,75.38630000000074,86.82750000000001,94.03610000000148,102.2611000000015,106.76069999999925,113.45269999999923,122.65230000000074,129.38569999999925,132.71880000000073,140.486,147.59369999999925,157.08590000000223,162.26030000000074]",,7,"[94.71109999999777,102.853,114.06899999999999,133.76029999999702,141.01,148.3683999999985,158.0018999999985]","[94.71109999999777,102.853,114.06899999999999,133.76029999999702,141.01,148.3683999999985,158.0018999999985]",7,"[61.010800000000756,76.21030000000076,87.95240000000224,107.51070000000298,123.29360000000149,130.05160000000146,163.01]","[61.01090000000224,76.21040000000224,87.95240000000224,107.51080000000076,123.29360000000149,130.05160000000146,163.01]","[""legit_button""]",9.872685185,0.9746,5.969742063,1.1492,5.969742063,0.3204,0,13,13,10,1,resources/images/scam7.png,scam,0.65,0.65,0,0,,,,,,,,,,,,,,,,,,,,,,,,,,,,,,,,,,,,,,,,,,,,,,,,,,,,,,,,,,,,,,,,,,,,,,,,,,,,,,,,,,,,,,,,,,,,,,,,,,,,,,,,,,,,,,,,,,,,,
,,,,,,,,,,,,,,,,533333,001,2025-04-10_13h45.38.395,SLSI,2022.2.5,MacIntel,120.4819277,,,,,,,,,,,15,"[59.73550000000001,75.38630000000074,86.82750000000001,94.03610000000148,102.2611000000015,106.76060000000149,113.45269999999923,122.65230000000074,129.38560000000146,132.71880000000073,140.486,147.59369999999925,157.08590000000223,162.26030000000074,166.59360000000146]","[59.73560000000149,75.38630000000074,86.82750000000001,94.03610000000148,102.2611000000015,106.76069999999925,113.45269999999923,122.65230000000074,129.38569999999925,132.71880000000073,140.486,147.59369999999925,157.08590000000223,162.26030000000074,166.59360000000146]",,8,"[94.71109999999777,102.853,114.06899999999999,133.76029999999702,141.01,148.3683999999985,158.0018999999985,167.2098999999985]","[94.71109999999777,102.853,114.06899999999999,133.76029999999702,141.01,148.3683999999985,158.0018999999985,167.20999999999998]",7,"[61.010800000000756,76.21030000000076,87.95240000000224,107.51070000000298,123.29360000000149,130.05160000000146,163.01]","[61.01090000000224,76.21040000000224,87.95240000000224,107.51080000000076,123.29360000000149,130.05160000000146,163.01]","[""scam_button""]",9.970114087,1.175,0.056258267,0.8534,0.056258267,0.2462,0,14,14,18,1,resources/images/legit10-EDIT.png,legit,1,0.65,0,0,,,,,,,,,,,,,,,,,,,,,,,,,,,,,,,,,,,,,,,,,,,,,,,,,,,,,,,,,,,,,,,,,,,,,,,,,,,,,,,,,,,,,,,,,,,,,,,,,,,,,,,,,,,,,,,,,,,,,
,,,,,,,,,,,,,,,,533333,001,2025-04-10_13h45.38.395,SLSI,2022.2.5,MacIntel,120.4819277,,,,,,,,,,,16,"[59.73550000000001,75.38630000000074,86.82750000000001,94.03610000000148,102.2611000000015,106.76060000000149,113.45269999999923,122.65230000000074,129.38560000000146,132.71880000000073,140.486,147.59369999999925,157.08590000000223,162.26030000000074,166.59360000000146,171.16099999999997]","[59.73560000000149,75.38630000000074,86.82750000000001,94.03610000000148,102.2611000000015,106.76069999999925,113.45269999999923,122.65230000000074,129.38569999999925,132.71880000000073,140.486,147.59369999999925,157.08590000000223,162.26030000000074,166.59360000000146,171.16099999999997]",,8,"[94.71109999999777,102.853,114.06899999999999,133.76029999999702,141.01,148.3683999999985,158.0018999999985,167.2098999999985]","[94.71109999999777,102.853,114.06899999999999,133.76029999999702,141.01,148.3683999999985,158.0018999999985,167.20999999999998]",8,"[61.010800000000756,76.21030000000076,87.95240000000224,107.51070000000298,123.29360000000149,130.05160000000146,163.01,171.85980000000072]","[61.01090000000224,76.21040000000224,87.95240000000224,107.51080000000076,123.29360000000149,130.05160000000146,163.01,171.85980000000072]","[""legit_button""]",8.104125331,1.4121,1.030299272,1.0779,1.030299272,0.2906,0,15,15,12,1,resources/images/legit5-EDIT.png,legit,0.65,0.65,0,0,,,,,,,,,,,,,,,,,,,,,,,,,,,,,,,,,,,,,,,,,,,,,,,,,,,,,,,,,,,,,,,,,,,,,,,,,,,,,,,,,,,,,,,,,,,,,,,,,,,,,,,,,,,,,,,,,,,,,
,,,,,,,,,,,,,,,,533333,001,2025-04-10_13h45.38.395,SLSI,2022.2.5,MacIntel,120.4819277,,,,,,,,,,,17,"[59.73550000000001,75.38630000000074,86.82750000000001,94.03610000000148,102.2611000000015,106.76060000000149,113.45269999999923,122.65230000000074,129.38560000000146,132.71880000000073,140.486,147.59369999999925,157.08590000000223,162.26030000000074,166.59360000000146,171.16099999999997,176.25190000000222]","[59.73560000000149,75.38630000000074,86.82750000000001,94.03610000000148,102.2611000000015,106.76069999999925,113.45269999999923,122.65230000000074,129.38569999999925,132.71880000000073,140.486,147.59369999999925,157.08590000000223,162.26030000000074,166.59360000000146,171.16099999999997,176.25190000000222]",,8,"[94.71109999999777,102.853,114.06899999999999,133.76029999999702,141.01,148.3683999999985,158.0018999999985,167.2098999999985]","[94.71109999999777,102.853,114.06899999999999,133.76029999999702,141.01,148.3683999999985,158.0018999999985,167.20999999999998]",9,"[61.010800000000756,76.21030000000076,87.95240000000224,107.51070000000298,123.29360000000149,130.05160000000146,163.01,171.85980000000072,176.8429000000022]","[61.01090000000224,76.21040000000224,87.95240000000224,107.51080000000076,123.29360000000149,130.05160000000146,163.01,171.85980000000072,176.843]","[""legit_button""]",9.998677249,0.8048,7.956431878,1.8041,7.956431878,0.2295,0,16,16,3,1,resources/images/legit1.png,legit,1,0.72,0,0,,,,,,,,,,,,,,,,,,,,,,,,,,,,,,,,,,,,,,,,,,,,,,,,,,,,,,,,,,,,,,,,,,,,,,,,,,,,,,,,,,,,,,,,,,,,,,,,,,,,,,,,,,,,,,,,,,,,,
,,,,,,,,,,,,,,,,533333,001,2025-04-10_13h45.38.395,SLSI,2022.2.5,MacIntel,120.4819277,,,,,,,,,,,18,"[59.73550000000001,75.38630000000074,86.82750000000001,94.03610000000148,102.2611000000015,106.76060000000149,113.45269999999923,122.65230000000074,129.38560000000146,132.71880000000073,140.486,147.59369999999925,157.08590000000223,162.26030000000074,166.59360000000146,171.16099999999997,176.25190000000222,181.05180000000072]","[59.73560000000149,75.38630000000074,86.82750000000001,94.03610000000148,102.2611000000015,106.76069999999925,113.45269999999923,122.65230000000074,129.38569999999925,132.71880000000073,140.486,147.59369999999925,157.08590000000223,162.26030000000074,166.59360000000146,171.16099999999997,176.25190000000222,181.05180000000072]",,8,"[94.71109999999777,102.853,114.06899999999999,133.76029999999702,141.01,148.3683999999985,158.0018999999985,167.2098999999985]","[94.71109999999777,102.853,114.06899999999999,133.76029999999702,141.01,148.3683999999985,158.0018999999985,167.20999999999998]",10,"[61.010800000000756,76.21030000000076,87.95240000000224,107.51070000000298,123.29360000000149,130.05160000000146,163.01,171.85980000000072,176.8429000000022,181.701]","[61.01090000000224,76.21040000000224,87.95240000000224,107.51080000000076,123.29360000000149,130.05160000000146,163.01,171.85980000000072,176.843,181.701]","[""legit_button""]",9.926876653,0.905,8.828869048,0.5628,8.869047619,0.3048,0,17,17,16,1,resources/images/scam13.png,scam,1,0.65,0,0,,,,,,,,,,,,,,,,,,,,,,,,,,,,,,,,,,,,,,,,,,,,,,,,,,,,,,,,,,,,,,,,,,,,,,,,,,,,,,,,,,,,,,,,,,,,,,,,,,,,,,,,,,,,,,,,,,,,,
,,,,,,,,,,,,,,,,533333,001,2025-04-10_13h45.38.395,SLSI,2022.2.5,MacIntel,120.4819277,,,,,,,,,,,19,"[59.73550000000001,75.38630000000074,86.82750000000001,94.03610000000148,102.2611000000015,106.76060000000149,113.45269999999923,122.65230000000074,129.38560000000146,132.71880000000073,140.486,147.59369999999925,157.08590000000223,162.26030000000074,166.59360000000146,171.16099999999997,176.25190000000222,181.05180000000072,184.18530000000072]","[59.73560000000149,75.38630000000074,86.82750000000001,94.03610000000148,102.2611000000015,106.76069999999925,113.45269999999923,122.65230000000074,129.38569999999925,132.71880000000073,140.486,147.59369999999925,157.08590000000223,162.26030000000074,166.59360000000146,171.16099999999997,176.25190000000222,181.05180000000072,184.18530000000072]",,9,"[94.71109999999777,102.853,114.06899999999999,133.76029999999702,141.01,148.3683999999985,158.0018999999985,167.2098999999985,187.04299999999998]","[94.71109999999777,102.853,114.06899999999999,133.76029999999702,141.01,148.3683999999985,158.0018999999985,167.20999999999998,187.04299999999998]",10,"[61.010800000000756,76.21030000000076,87.95240000000224,107.51070000000298,123.29360000000149,130.05160000000146,163.01,171.85980000000072,176.8429000000022,181.701]","[61.01090000000224,76.21040000000224,87.95240000000224,107.51080000000076,123.29360000000149,130.05160000000146,163.01,171.85980000000072,176.843,181.701]","[""scam_button""]",5.961309524,1.9222,0.149594907,1.854,0.149594907,0.2636,0,18,18,13,1,resources/images/legit6.png,legit,0.65,0.65,0,0,,,,,,,,,,,,,,,,,,,,,,,,,,,,,,,,,,,,,,,,,,,,,,,,,,,,,,,,,,,,,,,,,,,,,,,,,,,,,,,,,,,,,,,,,,,,,,,,,,,,,,,,,,,,,,,,,,,,,
,,,,,,,,,,,,,,,,533333,001,2025-04-10_13h45.38.395,SLSI,2022.2.5,MacIntel,120.4819277,,,,,,,,,,,20,"[59.73550000000001,75.38630000000074,86.82750000000001,94.03610000000148,102.2611000000015,106.76060000000149,113.45269999999923,122.65230000000074,129.38560000000146,132.71880000000073,140.486,147.59369999999925,157.08590000000223,162.26030000000074,166.59360000000146,171.16099999999997,176.25190000000222,181.05180000000072,184.18530000000072,192.60999999999999]","[59.73560000000149,75.38630000000074,86.82750000000001,94.03610000000148,102.2611000000015,106.76069999999925,113.45269999999923,122.65230000000074,129.38569999999925,132.71880000000073,140.486,147.59369999999925,157.08590000000223,162.26030000000074,166.59360000000146,171.16099999999997,176.25190000000222,181.05180000000072,184.18530000000072,192.60999999999999]",,10,"[94.71109999999777,102.853,114.06899999999999,133.76029999999702,141.01,148.3683999999985,158.0018999999985,167.2098999999985,187.04299999999998,193.434799999997]","[94.71109999999777,102.853,114.06899999999999,133.76029999999702,141.01,148.3683999999985,158.0018999999985,167.20999999999998,187.04299999999998,193.434799999997]",10,"[61.010800000000756,76.21030000000076,87.95240000000224,107.51070000000298,123.29360000000149,130.05160000000146,163.01,171.85980000000072,176.8429000000022,181.701]","[61.01090000000224,76.21040000000224,87.95240000000224,107.51080000000076,123.29360000000149,130.05160000000146,163.01,171.85980000000072,176.843,181.701]","[""scam_button""]",8.979993386,1.796,0.006655093,1.6908,0.006655093,0.2042,0,19,19,23,1,resources/images/scam14-EDIT.png,scam,1,0.65,0,0,,,,,,,,,,,,,,,,,,,,,,,,,,,,,,,,,,,,,,,,,,,,,,,,,,,,,,,,,,,,,,,,,,,,,,,,,,,,,,,,,,,,,,,,,,,,,,,,,,,,,,,,,,,,,,,,,,,,,
,,,,,,,,,,,,,,,,533333,001,2025-04-10_13h45.38.395,SLSI,2022.2.5,MacIntel,120.4819277,,,,,,,,,,,21,"[59.73550000000001,75.38630000000074,86.82750000000001,94.03610000000148,102.2611000000015,106.76060000000149,113.45269999999923,122.65230000000074,129.38560000000146,132.71880000000073,140.486,147.59369999999925,157.08590000000223,162.26030000000074,166.59360000000146,171.16099999999997,176.25190000000222,181.05180000000072,184.18530000000072,192.60999999999999,198.71840000000222]","[59.73560000000149,75.38630000000074,86.82750000000001,94.03610000000148,102.2611000000015,106.76069999999925,113.45269999999923,122.65230000000074,129.38569999999925,132.71880000000073,140.486,147.59369999999925,157.08590000000223,162.26030000000074,166.59360000000146,171.16099999999997,176.25190000000222,181.05180000000072,184.18530000000072,192.60999999999999,198.71840000000222]",,10,"[94.71109999999777,102.853,114.06899999999999,133.76029999999702,141.01,148.3683999999985,158.0018999999985,167.2098999999985,187.04299999999998,193.434799999997]","[94.71109999999777,102.853,114.06899999999999,133.76029999999702,141.01,148.3683999999985,158.0018999999985,167.20999999999998,187.04299999999998,193.434799999997]",11,"[61.010800000000756,76.21030000000076,87.95240000000224,107.51070000000298,123.29360000000149,130.05160000000146,163.01,171.85980000000072,176.8429000000022,181.701,199.45140000000222]","[61.01090000000224,76.21040000000224,87.95240000000224,107.51080000000076,123.29360000000149,130.05160000000146,163.01,171.85980000000072,176.843,181.701,199.45140000000222]","[""legit_button""]",9.948826058,1.1545,2.904761905,1.0899,2.904761905,0.2546,0,20,20,19,1,resources/images/scam_11.png,scam,1,0.65,0,0,,,,,,,,,,,,,,,,,,,,,,,,,,,,,,,,,,,,,,,,,,,,,,,,,,,,,,,,,,,,,,,,,,,,,,,,,,,,,,,,,,,,,,,,,,,,,,,,,,,,,,,,,,,,,,,,,,,,,
,,,,,,,,,,,,,,,,533333,001,2025-04-10_13h45.38.395,SLSI,2022.2.5,MacIntel,120.4819277,,,,,,,,,,,22,"[59.73550000000001,75.38630000000074,86.82750000000001,94.03610000000148,102.2611000000015,106.76060000000149,113.45269999999923,122.65230000000074,129.38560000000146,132.71880000000073,140.486,147.59369999999925,157.08590000000223,162.26030000000074,166.59360000000146,171.16099999999997,176.25190000000222,181.05180000000072,184.18530000000072,192.60999999999999,198.71840000000222,203.72669999999923]","[59.73560000000149,75.38630000000074,86.82750000000001,94.03610000000148,102.2611000000015,106.76069999999925,113.45269999999923,122.65230000000074,129.38569999999925,132.71880000000073,140.486,147.59369999999925,157.08590000000223,162.26030000000074,166.59360000000146,171.16099999999997,176.25190000000222,181.05180000000072,184.18530000000072,192.60999999999999,198.71840000000222,203.72680000000074]",,11,"[94.71109999999777,102.853,114.06899999999999,133.76029999999702,141.01,148.3683999999985,158.0018999999985,167.2098999999985,187.04299999999998,193.434799999997,204.29299999999998]","[94.71109999999777,102.853,114.06899999999999,133.76029999999702,141.01,148.3683999999985,158.0018999999985,167.20999999999998,187.04299999999998,193.434799999997,204.29299999999998]",11,"[61.010800000000756,76.21030000000076,87.95240000000224,107.51070000000298,123.29360000000149,130.05160000000146,163.01,171.85980000000072,176.8429000000022,181.701,199.45140000000222]","[61.01090000000224,76.21040000000224,87.95240000000224,107.51080000000076,123.29360000000149,130.05160000000146,163.01,171.85980000000072,176.843,181.701,199.45140000000222]","[""scam_button""]",9.972718254,1.1624,2.031787368,0.8249,2.031787368,0.3134,0,21,21,9,1,resources/images/scam6.jpg,scam,1,0.65,0,0,,,,,,,,,,,,,,,,,,,,,,,,,,,,,,,,,,,,,,,,,,,,,,,,,,,,,,,,,,,,,,,,,,,,,,,,,,,,,,,,,,,,,,,,,,,,,,,,,,,,,,,,,,,,,,,,,,,,,
,,,,,,,,,,,,,,,,533333,001,2025-04-10_13h45.38.395,SLSI,2022.2.5,MacIntel,120.4819277,,,,,,,,,,,23,"[59.73550000000001,75.38630000000074,86.82750000000001,94.03610000000148,102.2611000000015,106.76060000000149,113.45269999999923,122.65230000000074,129.38560000000146,132.71880000000073,140.486,147.59369999999925,157.08590000000223,162.26030000000074,166.59360000000146,171.16099999999997,176.25190000000222,181.05180000000072,184.18530000000072,192.60999999999999,198.71840000000222,203.72669999999923,207.70169999999925]","[59.73560000000149,75.38630000000074,86.82750000000001,94.03610000000148,102.2611000000015,106.76069999999925,113.45269999999923,122.65230000000074,129.38569999999925,132.71880000000073,140.486,147.59369999999925,157.08590000000223,162.26030000000074,166.59360000000146,171.16099999999997,176.25190000000222,181.05180000000072,184.18530000000072,192.60999999999999,198.71840000000222,203.72680000000074,207.70169999999925]",,12,"[94.71109999999777,102.853,114.06899999999999,133.76029999999702,141.01,148.3683999999985,158.0018999999985,167.2098999999985,187.04299999999998,193.434799999997,204.29299999999998,208.267799999997]","[94.71109999999777,102.853,114.06899999999999,133.76029999999702,141.01,148.3683999999985,158.0018999999985,167.20999999999998,187.04299999999998,193.434799999997,204.29299999999998,208.267799999997]",11,"[61.010800000000756,76.21030000000076,87.95240000000224,107.51070000000298,123.29360000000149,130.05160000000146,163.01,171.85980000000072,176.8429000000022,181.701,199.45140000000222]","[61.01090000000224,76.21040000000224,87.95240000000224,107.51080000000076,123.29360000000149,130.05160000000146,163.01,171.85980000000072,176.843,181.701,199.45140000000222]","[""scam_button""]",9.942584325,0.8549,0.017774471,1.0623,0.017774471,0.2544,0,22,22,4,1,resources/images/legit2.jpg,legit,1,0.65,0,0,,,,,,,,,,,,,,,,,,,,,,,,,,,,,,,,,,,,,,,,,,,,,,,,,,,,,,,,,,,,,,,,,,,,,,,,,,,,,,,,,,,,,,,,,,,,,,,,,,,,,,,,,,,,,,,,,,,,,
,,,,,,,,,,,,,,,,533333,001,2025-04-10_13h45.38.395,SLSI,2022.2.5,MacIntel,120.4819277,,,,,,,,,,,24,"[59.73550000000001,75.38630000000074,86.82750000000001,94.03610000000148,102.2611000000015,106.76060000000149,113.45269999999923,122.65230000000074,129.38560000000146,132.71880000000073,140.486,147.59369999999925,157.08590000000223,162.26030000000074,166.59360000000146,171.16099999999997,176.25190000000222,181.05180000000072,184.18530000000072,192.60999999999999,198.71840000000222,203.72669999999923,207.70169999999925,211.527]","[59.73560000000149,75.38630000000074,86.82750000000001,94.03610000000148,102.2611000000015,106.76069999999925,113.45269999999923,122.65230000000074,129.38569999999925,132.71880000000073,140.486,147.59369999999925,157.08590000000223,162.26030000000074,166.59360000000146,171.16099999999997,176.25190000000222,181.05180000000072,184.18530000000072,192.60999999999999,198.71840000000222,203.72680000000074,207.70169999999925,211.527]",,12,"[94.71109999999777,102.853,114.06899999999999,133.76029999999702,141.01,148.3683999999985,158.0018999999985,167.2098999999985,187.04299999999998,193.434799999997,204.29299999999998,208.267799999997]","[94.71109999999777,102.853,114.06899999999999,133.76029999999702,141.01,148.3683999999985,158.0018999999985,167.20999999999998,187.04299999999998,193.434799999997,204.29299999999998,208.267799999997]",12,"[61.010800000000756,76.21030000000076,87.95240000000224,107.51070000000298,123.29360000000149,130.05160000000146,163.01,171.85980000000072,176.8429000000022,181.701,199.45140000000222,212.37499999999997]","[61.01090000000224,76.21040000000224,87.95240000000224,107.51080000000076,123.29360000000149,130.05160000000146,163.01,171.85980000000072,176.843,181.701,199.45140000000222,212.37510000000148]","[""legit_button""]",9.942791005,0.8879,0.032614087,0.9379,0.032614087,0.2241,0,23,23,5,1,resources/images/legit3.jpg,legit,1,0.73,0,0,,,,,,,,,,,,,,,,,,,,,,,,,,,,,,,,,,,,,,,,,,,,,,,,,,,,,,,,,,,,,,,,,,,,,,,,,,,,,,,,,,,,,,,,,,,,,,,,,,,,,,,,,,,,,,,,,,,,,
,,,,,,,,,,,,,,,,533333,001,2025-04-10_13h45.38.395,SLSI,2022.2.5,MacIntel,120.4819277,,,,,,,,,,,,,,,,,,,,,,,,,,,,,,,,,,,,,,,space,4.1501,,,,,,,,,,,,,,,,,,,,,,,,,,,,,,,,,,,,,,,,,,,,,,,,,,,,,,,,,,,,,,,,,,,,,,,,,,,,,,,,,,,,,,,,,,,,,,,,,,,,,,,,,,,,,,,,,,,
,,,,,,,,,,,,,,,,533333,001,2025-04-10_13h45.38.395,SLSI,2022.2.5,MacIntel,120.4819277,,,,,,,,,,,,,,,,,,,,,,,,,,,,,,,,,,,,,,,,,space,4.7495,,,,,,,,,,,,,,,,,,,,,,,,,,,,,,,,,,,,,,,,,,,,,,,,,,,,,,,,,,,,,,,,,,,,,,,,,,,,,,,,,,,,,,,,,,,,,,,,,,,,,,,,,,,,,,,,,
,,,,,,,,,,,,,,,,533333,001,2025-04-10_13h45.38.395,SLSI,2022.2.5,MacIntel,120.4819277,,,,,,,,,,,,,,,,,,,,,,,,,,,,,,,,,,,,,,,,,,,space,2.8251,,,,,,,,,,,,,,,,,,,,,,,,,,,,,,,,,,,,,,,,,,,,,,,,,,,,,,,,,,,,,,,,,,,,,,,,,,,,,,,,,,,,,,,,,,,,,,,,,,,,,,,,,,,,,,,
,,,,,,,,,,,,,,,,533333,001,2025-04-10_13h45.38.395,SLSI,2022.2.5,MacIntel,120.4819277,,,,,,,,,,,,,,,,,,,,,,,,,,,,,,,,,,,,,,,,,,,,,"asking for financial information, sense of urgency, free coupons ",1,[255.94669999999923],[255.94680000000074],,,,,,,,,,,,,,,,,,,,,,,,,,,,,,,,,,,,,,,,,,,,,,,,,,,,,,,,,,,,,,,,,,,,,,,,,,,,,,,,,,,,,,,,,,,,,,,,,,,,,,,,,,,
,,,,,,,,,,,,,,,,533333,001,2025-04-10_13h45.38.395,SLSI,2022.2.5,MacIntel,120.4819277,,,,,,,,,,,,,,,,,,,,,,,,,,,,,,,,,,,,,,,,,,,,,,,,,space,5.1168,,,,,,,,,,,,,,,,,,,,,,,,,,,,,,,,,,,,,,,,,,,,,,,,,,,,,,,,,,,,,,,,,,,,,,,,,,,,,,,,,,,,,,,,,,,,,,,,,,,,,,,,,
,,,,,,,,,,,,,,,,533333,001,2025-04-10_13h45.38.395,SLSI,2022.2.5,MacIntel,120.4819277,,,,,,,,,,,,,,,,,,,,,,,,,,,,,,,,,,,,,,,,,,,,,,,,,,,"[-0.40729993386243385,-0.09301008597883598,0.06586061507936508,0.25913938492063493,-0.2966724537037037,-0.24131944444444445,-0.22304067460317462,-0.22692212301587303,-0.3978587962962963,-0.032333002645502644,-0.038624338624338624]","[-0.005973048941798942,-0.013293650793650793,-0.013293650793650793,-0.01820023148148148,0.19817708333333334,0.1978463955026455,0.18645419973544974,0.18676008597883598,-0.3465525793650794,-0.2829943783068783,-0.2601851851851852]","[1,1,1,1,1,1,1,1,1,1,1]","[0,0,0,0,0,0,0,0,0,0,0]","[0,0,0,0,0,0,0,0,0,0,0]","[1.5493999999985135,3.4991999999992913,3.915800000000786,4.607600000001526,5.949100000001522,6.39089999999851,6.716100000001518,7.040800000000786,8.124600000001521,9.38250000000005,9.757899999998529]",,,,,,,,,,,,,,,,,,,,,,,,,,,,,,,,,,,,,,,,,,,,,,,,,,,,,,,,,,,,,,,,,,,,,,,,,,,,,,,,,,,,,,,,,,,,,,,,,,,
,,,,,,,,,,,,,,,,533333,001,2025-04-10_13h45.38.395,SLSI,2022.2.5,MacIntel,120.4819277,,,,,,,,,,,,,,,,,,,,,,,,,,,,,,,,,,,,,,,,,,,,,,,,,,,,,,,,,space,2.4646,,,,,,,,,,,,,,,,,,,,,,,,,,,,,,,,,,,,,,,,,,,,,,,,,,,,,,,,,,,,,,,,,,,,,,,,,,,,,,,,,,,,,,,,,,,,,,,,,
,,,,,,,,,,,,,,,,533333,001,2025-04-10_13h45.38.395,SLSI,2022.2.5,MacIntel,120.4819277,,,,,,,,,,,,,,,,,,,,,,,,,,,,,,,,,,,,,,,,,,,,,,,,,,,,,,,,,,,1,[278.8188999999985],[278.819],,,,,,,,,,,,,,,,,,,,,,,,,,,,,,,,,,,,,,,,,,,,,,,,,,,,,,,,,,,,,,,,,,,,,,,,,,,,,,,,,,,,,,,,,,,,,,
,,,,,,,,,,,,,,,,533333,001,2025-04-10_13h45.38.395,SLSI,2022.2.5,MacIntel,120.4819277,,,,,,,,,,,,,,,,,,,,,,,,,,,,,,,,,,,,,,,,,,,,,,,,,,,,,,,,,,,,,,"[0.0312541335978836,-0.042125496031746035,-0.12963789682539684,-0.15270750661375662,-0.14246031746031745,-0.057295800264550265,-0.11932043650793651,0.06280175264550264,0.09497767857142857,0.15459656084656084,-0.12726107804232803,0.014963624338624339,0.06761739417989418,-0.12391286375661376,-0.04307208994708995,0.03220486111111111,0.17105654761904762,0.22255291005291006,-0.02185433201058201,0.05904017857142857,0.12506613756613758,-0.1300925925925926,-0.08232060185185185,-0.057643022486772486,-0.056117724867724865,0.010300925925925925,0.08492063492063492,0.13521825396825396,0.18603257275132276,-0.14595320767195769,-0.08630539021164021,-0.033862433862433865,-0.024809854497354497,-0.06530257936507937,-0.0324198082010582,0.051455026455026455,-0.1179770171957672,-0.17566964285714284,-0.1644799933862434,-0.6082589285714286,-0.5424727182539683,-0.49279927248677247,-0.5834573412698413,-0.5439525462962963,-0.48143601190476193,-0.3933862433862434,-0.2598255621693122,-0.5976479828042328,-0.5890170304232805,-0.5314029431216931,-0.4786499669312169]","[-0.03509837962962963,-0.18840112433862433,-0.19016203703703705,0.13909143518518519,0.13909143518518519,0.10850281084656084,0.03274636243386243,0.03831431878306878,0.03831431878306878,0.03831431878306878,-0.011702215608465608,-0.011408730158730158,-0.011408730158730158,-0.05304646164021164,-0.05298445767195767,-0.06080522486772487,-0.060582010582010584,-0.06548445767195767,-0.09076967592592593,-0.09076967592592593,-0.09076967592592593,-0.09943783068783069,-0.09188988095238096,-0.09116236772486773,-0.11295882936507937,-0.1115327380952381,-0.1115327380952381,-0.1115327380952381,-0.1115327380952381,-0.13947172619047618,-0.13947172619047618,-0.13947172619047618,-0.13947172619047618,-0.32452463624338623,-0.34068700396825397,-0.34625496031746034,0.2114872685185185,0.214802414021164,0.14832175925925925,0.3293402777777778,0.3293402777777778,0.3293402777777778,0.37666997354497356,0.37666997354497356,0.37666997354497356,0.37666997354497356,0.3770916005291005,0.42607060185185186,0.45903191137566135,0.4531084656084656,0.440625]","[1,1,1,1,1,1,1,1,1,1,1,1,1,1,1,1,1,1,1,1,1,1,1,1,1,1,1,1,1,1,1,1,1,1,1,1,1,1,1,1,1,1,1,1,1,1,1,1,1,1,1]","[0,0,0,0,0,0,0,0,0,0,0,0,0,0,0,0,0,0,0,0,0,0,0,0,0,0,0,0,0,0,0,0,0,0,0,0,0,0,0,0,0,0,0,0,0,0,0,0,0,0,0]","[0,0,0,0,0,0,0,0,0,0,0,0,0,0,0,0,0,0,0,0,0,0,0,0,0,0,0,0,0,0,0,0,0,0,0,0,0,0,0,0,0,0,0,0,0,0,0,0,0,0,0]","[1.7160000000000082,3.3408999999984985,3.741300000000763,4.599399999998525,4.957499999999982,5.65760000000148,6.632499999999993,7.716000000000008,8.057699999999272,8.357500000000016,9.490899999998533,9.874300000000744,10.224600000001487,10.882499999999993,11.241100000001495,11.68319999999926,12.315899999998521,12.790999999999997,13.432199999999227,13.76600000000002,14.040899999998487,14.58269999999925,14.95799999999997,15.315899999998521,15.691199999999242,16.21580000000074,16.52430000000072,16.79080000000073,17.074100000001465,17.8491000000015,18.116199999999253,18.332499999999982,18.540699999999276,19.15760000000148,19.507000000000005,20.09080000000074,20.93210000000147,21.382399999998484,21.915899999998487,23.166100000001506,23.46580000000074,23.740699999999265,24.349399999998525,24.657699999999238,24.924300000000756,25.206800000000726,25.574100000001465,26.374000000000024,26.732500000000016,27.09080000000074,27.39910000000151]",,,,,,,,,,,,,,,,,,,,,,,,,,,,,,,,,,,,,,,,,,,,,,,,,,,,,,,,,,,,,,,,,,,,,,,,,,,,,,,,,,,,,,,,
,,,,,,,,,,,,,,,,533333,001,2025-04-10_13h45.38.395,SLSI,2022.2.5,MacIntel,120.4819277,,,,,,,,,,,,,,,,,,,,,,,,,,,,,,,,,,,,,,,,,,,,,,,,,,,,,,,,,space,2.3593,,,,,,,,,,,,,,,,,,,,,,,,,,,,,,,,,,,,,,,,,,,,,,,,,,,,,,,,,,,,,,,,,,,,,,,,,,,,,,,,,,,,,,,,,,,,,,,,,
,,,,,,,,,,,,,,,,533333,001,2025-04-10_13h45.38.395,SLSI,2022.2.5,MacIntel,120.4819277,,,,,,,,,,,,,,,,,,,,,,,,,,,,,,,,,,,,,,,,,,,,,,,,,,,,,,,,,,,,,,,,,,,,1,[313.17569999999927],[313.17569999999927],,,,,,,,,,,,,,,,,,,,,,,,,,,,,,,,,,,,,,,,,,,,,,,,,,,,,,,,,,,,,,,,,,,,,,,,,,,,,,,,,,,,,
,,,,,,,,,,,,,,,,533333,001,2025-04-10_13h45.38.395,SLSI,2022.2.5,MacIntel,120.4819277,,,,,,,,,,,,,,,,,,,,,,,,,,,,,,,,,,,,,,,,,,,,,,,,,,,,,,,,,,,,,,,,,,,,,,,"[-0.35595238095238096,0.010954034391534391,-0.3075768849206349,-0.36629877645502645,-0.31042906746031745,-0.2298859126984127,-0.26615410052910055]","[0.2994791666666667,0.17025049603174602,0.0915922619047619,0.052802579365079365,-0.010069444444444445,-0.11732390873015873,-0.1532903439153439]","[1,1,1,1,1,1,1]","[0,0,0,0,0,0,0]","[0,0,0,0,0,0,0]","[1.157000000000039,2.4408000000007632,3.540700000003028,4.190500000000043,4.907200000003002,5.899000000000001,6.782500000000027]",,,,,,,,,,,,,,,,,,,,,,,,,,,,,,,,,,,,,,,,,,,,,,,,,,,,,,,,,,,,,,,,,,,,,,,,,,,,,,,
,,,,,,,,,,,,,,,,533333,001,2025-04-10_13h45.38.395,SLSI,2022.2.5,MacIntel,120.4819277,,,,,,,,,,,,,,,,,,,,,,,,,,,,,,,,,,,,,,,,,,,,,,,,,,,,,,,,,space,1.1417,,,,,,,,,,,,,,,,,,,,,,,,,,,,,,,,,,,,,,,,,,,,,,,,,,,,,,,,,,,,,,,,,,,,,,,,,,,,,,,,,,,,,,,,,,,,,,,,,
,,,,,,,,,,,,,,,,533333,001,2025-04-10_13h45.38.395,SLSI,2022.2.5,MacIntel,120.4819277,,,,,,,,,,,,,,,,,,,,,,,,,,,,,,,,,,,,,,,,,,,,,,,,,,,,,,,,,,,,,,,,,,,,,,,,,,,,,1,[323.3575999999977],[323.3575999999977],,,,,,,,,,,,,,,,,,,,,,,,,,,,,,,,,,,,,,,,,,,,,,,,,,,,,,,,,,,,,,,,,,,,,,,,,,,,
,,,,,,,,,,,,,,,,533333,001,2025-04-10_13h45.38.395,SLSI,2022.2.5,MacIntel,120.4819277,,,,,,,,,space,3.867,,,,,,,,,,,,,,,,,,,,,,,,,,,,,,,,,,,,,,,,,,,,,,,,,,,,,,,,,,,,,,,,,,,,,,,,,,,,,,,,,,,,,,,,,,,,,,,,,,,,,,,,,,,,,,,,,,,,,,,,,,,,,,,,,,,,,,,,,,,,,,,,,
,,,,,,,,,,,,,,,,533333,001,2025-04-10_13h45.38.395,SLSI,2022.2.5,MacIntel,120.4819277,,,,,,,,,,,25,"[59.73550000000001,75.38630000000074,86.82750000000001,94.03610000000148,102.2611000000015,106.76060000000149,113.45269999999923,122.65230000000074,129.38560000000146,132.71880000000073,140.486,147.59369999999925,157.08590000000223,162.26030000000074,166.59360000000146,171.16099999999997,176.25190000000222,181.05180000000072,184.18530000000072,192.60999999999999,198.71840000000222,203.72669999999923,207.70169999999925,211.527,330.9505]","[59.73560000000149,75.38630000000074,86.82750000000001,94.03610000000148,102.2611000000015,106.76069999999925,113.45269999999923,122.65230000000074,129.38569999999925,132.71880000000073,140.486,147.59369999999925,157.08590000000223,162.26030000000074,166.59360000000146,171.16099999999997,176.25190000000222,181.05180000000072,184.18530000000072,192.60999999999999,198.71840000000222,203.72680000000074,207.70169999999925,211.527,330.9505]",,13,"[94.71109999999777,102.853,114.06899999999999,133.76029999999702,141.01,148.3683999999985,158.0018999999985,167.2098999999985,187.04299999999998,193.434799999997,204.29299999999998,208.267799999997,331.66719999999924]","[94.71109999999777,102.853,114.06899999999999,133.76029999999702,141.01,148.3683999999985,158.0018999999985,167.20999999999998,187.04299999999998,193.434799999997,204.29299999999998,208.267799999997,331.66719999999924]",12,"[61.010800000000756,76.21030000000076,87.95240000000224,107.51070000000298,123.29360000000149,130.05160000000146,163.01,171.85980000000072,176.8429000000022,181.701,199.45140000000222,212.37499999999997]","[61.01090000000224,76.21040000000224,87.95240000000224,107.51080000000076,123.29360000000149,130.05160000000146,163.01,171.85980000000072,176.843,181.701,199.45140000000222,212.37510000000148]","[""scam_button""]",9.94233631,0.9709,1.062375992,0.8208,1.062375992,0.2586,,,,,,resources/images/legit12.jpg,legit,1,0.65,0,0,,,,,,,,,,,,,,,,,,,,,,,,,,,,,,,,,,,,,,,,,,0,0,0,5,1,,,,,,,,,,,,,,,,,,,,,,,,,,,,,,,,,,,,,,,,,,,,,,,,,,,,,,,,,,,,,,,,,,,,,,,
,,,,,,,,,,,,,,,,533333,001,2025-04-10_13h45.38.395,SLSI,2022.2.5,MacIntel,120.4819277,,,,,,,,,,,26,"[59.73550000000001,75.38630000000074,86.82750000000001,94.03610000000148,102.2611000000015,106.76060000000149,113.45269999999923,122.65230000000074,129.38560000000146,132.71880000000073,140.486,147.59369999999925,157.08590000000223,162.26030000000074,166.59360000000146,171.16099999999997,176.25190000000222,181.05180000000072,184.18530000000072,192.60999999999999,198.71840000000222,203.72669999999923,207.70169999999925,211.527,330.9505,335.0173000000007]","[59.73560000000149,75.38630000000074,86.82750000000001,94.03610000000148,102.2611000000015,106.76069999999925,113.45269999999923,122.65230000000074,129.38569999999925,132.71880000000073,140.486,147.59369999999925,157.08590000000223,162.26030000000074,166.59360000000146,171.16099999999997,176.25190000000222,181.05180000000072,184.18530000000072,192.60999999999999,198.71840000000222,203.72680000000074,207.70169999999925,211.527,330.9505,335.0173000000007]",,14,"[94.71109999999777,102.853,114.06899999999999,133.76029999999702,141.01,148.3683999999985,158.0018999999985,167.2098999999985,187.04299999999998,193.434799999997,204.29299999999998,208.267799999997,331.66719999999924,335.77609999999777]","[94.71109999999777,102.853,114.06899999999999,133.76029999999702,141.01,148.3683999999985,158.0018999999985,167.20999999999998,187.04299999999998,193.434799999997,204.29299999999998,208.267799999997,331.66719999999924,335.7761999999992]",12,"[61.010800000000756,76.21030000000076,87.95240000000224,107.51070000000298,123.29360000000149,130.05160000000146,163.01,171.85980000000072,176.8429000000022,181.701,199.45140000000222,212.37499999999997]","[61.01090000000224,76.21040000000224,87.95240000000224,107.51080000000076,123.29360000000149,130.05160000000146,163.01,171.85980000000072,176.843,181.701,199.45140000000222,212.37510000000148]","[""scam_button""]",9.983217593,0.882,1.120039683,0.7706,1.120039683,0.2133,,,,,,resources/images/legit16.jpg,legit,0.65,0.65,0,0,,,,,,,,,,,,,,,,,,,,,,,,,,,,,,,,,,,,,,,,,,0,1,1,15,1,,,,,,,,,,,,,,,,,,,,,,,,,,,,,,,,,,,,,,,,,,,,,,,,,,,,,,,,,,,,,,,,,,,,,,,
,,,,,,,,,,,,,,,,533333,001,2025-04-10_13h45.38.395,SLSI,2022.2.5,MacIntel,120.4819277,,,,,,,,,,,27,"[59.73550000000001,75.38630000000074,86.82750000000001,94.03610000000148,102.2611000000015,106.76060000000149,113.45269999999923,122.65230000000074,129.38560000000146,132.71880000000073,140.486,147.59369999999925,157.08590000000223,162.26030000000074,166.59360000000146,171.16099999999997,176.25190000000222,181.05180000000072,184.18530000000072,192.60999999999999,198.71840000000222,203.72669999999923,207.70169999999925,211.527,330.9505,335.0173000000007,338.959]","[59.73560000000149,75.38630000000074,86.82750000000001,94.03610000000148,102.2611000000015,106.76069999999925,113.45269999999923,122.65230000000074,129.38569999999925,132.71880000000073,140.486,147.59369999999925,157.08590000000223,162.26030000000074,166.59360000000146,171.16099999999997,176.25190000000222,181.05180000000072,184.18530000000072,192.60999999999999,198.71840000000222,203.72680000000074,207.70169999999925,211.527,330.9505,335.0173000000007,338.95910000000146]",,15,"[94.71109999999777,102.853,114.06899999999999,133.76029999999702,141.01,148.3683999999985,158.0018999999985,167.2098999999985,187.04299999999998,193.434799999997,204.29299999999998,208.267799999997,331.66719999999924,335.77609999999777,339.883799999997]","[94.71109999999777,102.853,114.06899999999999,133.76029999999702,141.01,148.3683999999985,158.0018999999985,167.20999999999998,187.04299999999998,193.434799999997,204.29299999999998,208.267799999997,331.66719999999924,335.7761999999992,339.8838999999985]",12,"[61.010800000000756,76.21030000000076,87.95240000000224,107.51070000000298,123.29360000000149,130.05160000000146,163.01,171.85980000000072,176.8429000000022,181.701,199.45140000000222,212.37499999999997]","[61.01090000000224,76.21040000000224,87.95240000000224,107.51080000000076,123.29360000000149,130.05160000000146,163.01,171.85980000000072,176.843,181.701,199.45140000000222,212.37510000000148]","[""scam_button""]",9.93390377,0.8368,1.069651124,0.8881,1.069651124,0.1811,,,,,,resources/images/legit11.jpg,legit,0.65,0.65,0,0,,,,,,,,,,,,,,,,,,,,,,,,,,,,,,,,,,,,,,,,,,0,2,2,2,1,,,,,,,,,,,,,,,,,,,,,,,,,,,,,,,,,,,,,,,,,,,,,,,,,,,,,,,,,,,,,,,,,,,,,,,
,,,,,,,,,,,,,,,,533333,001,2025-04-10_13h45.38.395,SLSI,2022.2.5,MacIntel,120.4819277,,,,,,,,,,,28,"[59.73550000000001,75.38630000000074,86.82750000000001,94.03610000000148,102.2611000000015,106.76060000000149,113.45269999999923,122.65230000000074,129.38560000000146,132.71880000000073,140.486,147.59369999999925,157.08590000000223,162.26030000000074,166.59360000000146,171.16099999999997,176.25190000000222,181.05180000000072,184.18530000000072,192.60999999999999,198.71840000000222,203.72669999999923,207.70169999999925,211.527,330.9505,335.0173000000007,338.959,342.9511000000015]","[59.73560000000149,75.38630000000074,86.82750000000001,94.03610000000148,102.2611000000015,106.76069999999925,113.45269999999923,122.65230000000074,129.38569999999925,132.71880000000073,140.486,147.59369999999925,157.08590000000223,162.26030000000074,166.59360000000146,171.16099999999997,176.25190000000222,181.05180000000072,184.18530000000072,192.60999999999999,198.71840000000222,203.72680000000074,207.70169999999925,211.527,330.9505,335.0173000000007,338.95910000000146,342.95119999999923]",,16,"[94.71109999999777,102.853,114.06899999999999,133.76029999999702,141.01,148.3683999999985,158.0018999999985,167.2098999999985,187.04299999999998,193.434799999997,204.29299999999998,208.267799999997,331.66719999999924,335.77609999999777,339.883799999997,343.8418999999985]","[94.71109999999777,102.853,114.06899999999999,133.76029999999702,141.01,148.3683999999985,158.0018999999985,167.20999999999998,187.04299999999998,193.434799999997,204.29299999999998,208.267799999997,331.66719999999924,335.7761999999992,339.8838999999985,343.8418999999985]",12,"[61.010800000000756,76.21030000000076,87.95240000000224,107.51070000000298,123.29360000000149,130.05160000000146,163.01,171.85980000000072,176.8429000000022,181.701,199.45140000000222,212.37499999999997]","[61.01090000000224,76.21040000000224,87.95240000000224,107.51080000000076,123.29360000000149,130.05160000000146,163.01,171.85980000000072,176.843,181.701,199.45140000000222,212.37510000000148]","[""scam_button""]",9.978670635,2.3704,0.989128638,0.8958,0.989128638,0.2164,,,,,,resources/images/scam17.png,scam,0.8,0.65,0,0,,,,,,,,,,,,,,,,,,,,,,,,,,,,,,,,,,,,,,,,,,0,3,3,12,1,,,,,,,,,,,,,,,,,,,,,,,,,,,,,,,,,,,,,,,,,,,,,,,,,,,,,,,,,,,,,,,,,,,,,,,
,,,,,,,,,,,,,,,,533333,001,2025-04-10_13h45.38.395,SLSI,2022.2.5,MacIntel,120.4819277,,,,,,,,,,,29,"[59.73550000000001,75.38630000000074,86.82750000000001,94.03610000000148,102.2611000000015,106.76060000000149,113.45269999999923,122.65230000000074,129.38560000000146,132.71880000000073,140.486,147.59369999999925,157.08590000000223,162.26030000000074,166.59360000000146,171.16099999999997,176.25190000000222,181.05180000000072,184.18530000000072,192.60999999999999,198.71840000000222,203.72669999999923,207.70169999999925,211.527,330.9505,335.0173000000007,338.959,342.9511000000015,348.4589000000022]","[59.73560000000149,75.38630000000074,86.82750000000001,94.03610000000148,102.2611000000015,106.76069999999925,113.45269999999923,122.65230000000074,129.38569999999925,132.71880000000073,140.486,147.59369999999925,157.08590000000223,162.26030000000074,166.59360000000146,171.16099999999997,176.25190000000222,181.05180000000072,184.18530000000072,192.60999999999999,198.71840000000222,203.72680000000074,207.70169999999925,211.527,330.9505,335.0173000000007,338.95910000000146,342.95119999999923,348.459]",,16,"[94.71109999999777,102.853,114.06899999999999,133.76029999999702,141.01,148.3683999999985,158.0018999999985,167.2098999999985,187.04299999999998,193.434799999997,204.29299999999998,208.267799999997,331.66719999999924,335.77609999999777,339.883799999997,343.8418999999985]","[94.71109999999777,102.853,114.06899999999999,133.76029999999702,141.01,148.3683999999985,158.0018999999985,167.20999999999998,187.04299999999998,193.434799999997,204.29299999999998,208.267799999997,331.66719999999924,335.7761999999992,339.8838999999985,343.8418999999985]",13,"[61.010800000000756,76.21030000000076,87.95240000000224,107.51070000000298,123.29360000000149,130.05160000000146,163.01,171.85980000000072,176.8429000000022,181.701,199.45140000000222,212.37499999999997,349.0083000000007]","[61.01090000000224,76.21040000000224,87.95240000000224,107.51080000000076,123.29360000000149,130.05160000000146,163.01,171.85980000000072,176.843,181.701,199.45140000000222,212.37510000000148,349.0083000000007]","[""legit_button""]",9.925760582,0.8469,2.000537368,0.8552,2.000537368,0.2467,,,,,,resources/images/legitimate_18.png,legit,1,0.65,0,0,,,,,,,,,,,,,,,,,,,,,,,,,,,,,,,,,,,,,,,,,,0,4,4,17,1,,,,,,,,,,,,,,,,,,,,,,,,,,,,,,,,,,,,,,,,,,,,,,,,,,,,,,,,,,,,,,,,,,,,,,,
,,,,,,,,,,,,,,,,533333,001,2025-04-10_13h45.38.395,SLSI,2022.2.5,MacIntel,120.4819277,,,,,,,,,,,30,"[59.73550000000001,75.38630000000074,86.82750000000001,94.03610000000148,102.2611000000015,106.76060000000149,113.45269999999923,122.65230000000074,129.38560000000146,132.71880000000073,140.486,147.59369999999925,157.08590000000223,162.26030000000074,166.59360000000146,171.16099999999997,176.25190000000222,181.05180000000072,184.18530000000072,192.60999999999999,198.71840000000222,203.72669999999923,207.70169999999925,211.527,330.9505,335.0173000000007,338.959,342.9511000000015,348.4589000000022,352.4584000000022]","[59.73560000000149,75.38630000000074,86.82750000000001,94.03610000000148,102.2611000000015,106.76069999999925,113.45269999999923,122.65230000000074,129.38569999999925,132.71880000000073,140.486,147.59369999999925,157.08590000000223,162.26030000000074,166.59360000000146,171.16099999999997,176.25190000000222,181.05180000000072,184.18530000000072,192.60999999999999,198.71840000000222,203.72680000000074,207.70169999999925,211.527,330.9505,335.0173000000007,338.95910000000146,342.95119999999923,348.459,352.45849999999996]",,17,"[94.71109999999777,102.853,114.06899999999999,133.76029999999702,141.01,148.3683999999985,158.0018999999985,167.2098999999985,187.04299999999998,193.434799999997,204.29299999999998,208.267799999997,331.66719999999924,335.77609999999777,339.883799999997,343.8418999999985,353.17609999999775]","[94.71109999999777,102.853,114.06899999999999,133.76029999999702,141.01,148.3683999999985,158.0018999999985,167.20999999999998,187.04299999999998,193.434799999997,204.29299999999998,208.267799999997,331.66719999999924,335.7761999999992,339.8838999999985,343.8418999999985,353.17609999999775]",13,"[61.010800000000756,76.21030000000076,87.95240000000224,107.51070000000298,123.29360000000149,130.05160000000146,163.01,171.85980000000072,176.8429000000022,181.701,199.45140000000222,212.37499999999997,349.0083000000007]","[61.01090000000224,76.21040000000224,87.95240000000224,107.51080000000076,123.29360000000149,130.05160000000146,163.01,171.85980000000072,176.843,181.701,199.45140000000222,212.37510000000148,349.0083000000007]","[""scam_button""]",9.957217262,0.8706,1.081349206,0.8537,1.081349206,0.2461,,,,,,resources/images/scam_20.png,scam,1.45,0.6,0,0,,,,,,,,,,,,,,,,,,,,,,,,,,,,,,,,,,,,,,,,,,0,5,5,18,1,,,,,,,,,,,,,,,,,,,,,,,,,,,,,,,,,,,,,,,,,,,,,,,,,,,,,,,,,,,,,,,,,,,,,,,
,,,,,,,,,,,,,,,,533333,001,2025-04-10_13h45.38.395,SLSI,2022.2.5,MacIntel,120.4819277,,,,,,,,,,,31,"[59.73550000000001,75.38630000000074,86.82750000000001,94.03610000000148,102.2611000000015,106.76060000000149,113.45269999999923,122.65230000000074,129.38560000000146,132.71880000000073,140.486,147.59369999999925,157.08590000000223,162.26030000000074,166.59360000000146,171.16099999999997,176.25190000000222,181.05180000000072,184.18530000000072,192.60999999999999,198.71840000000222,203.72669999999923,207.70169999999925,211.527,330.9505,335.0173000000007,338.959,342.9511000000015,348.4589000000022,352.4584000000022,356.0096999999992]","[59.73560000000149,75.38630000000074,86.82750000000001,94.03610000000148,102.2611000000015,106.76069999999925,113.45269999999923,122.65230000000074,129.38569999999925,132.71880000000073,140.486,147.59369999999925,157.08590000000223,162.26030000000074,166.59360000000146,171.16099999999997,176.25190000000222,181.05180000000072,184.18530000000072,192.60999999999999,198.71840000000222,203.72680000000074,207.70169999999925,211.527,330.9505,335.0173000000007,338.95910000000146,342.95119999999923,348.459,352.45849999999996,356.0096999999992]",,18,"[94.71109999999777,102.853,114.06899999999999,133.76029999999702,141.01,148.3683999999985,158.0018999999985,167.2098999999985,187.04299999999998,193.434799999997,204.29299999999998,208.267799999997,331.66719999999924,335.77609999999777,339.883799999997,343.8418999999985,353.17609999999775,356.84959999999774]","[94.71109999999777,102.853,114.06899999999999,133.76029999999702,141.01,148.3683999999985,158.0018999999985,167.20999999999998,187.04299999999998,193.434799999997,204.29299999999998,208.267799999997,331.66719999999924,335.7761999999992,339.8838999999985,343.8418999999985,353.17609999999775,356.84969999999925]",13,"[61.010800000000756,76.21030000000076,87.95240000000224,107.51070000000298,123.29360000000149,130.05160000000146,163.01,171.85980000000072,176.8429000000022,181.701,199.45140000000222,212.37499999999997,349.0083000000007]","[61.01090000000224,76.21040000000224,87.95240000000224,107.51080000000076,123.29360000000149,130.05160000000146,163.01,171.85980000000072,176.843,181.701,199.45140000000222,212.37510000000148,349.0083000000007]","[""scam_button""]",9.89021164,0.8954,0.985697751,0.8956,0.985697751,0.1878,,,,,,resources/images/scam16.png,scam,0.65,0.65,0,0,,,,,,,,,,,,,,,,,,,,,,,,,,,,,,,,,,,,,,,,,,0,6,6,11,1,,,,,,,,,,,,,,,,,,,,,,,,,,,,,,,,,,,,,,,,,,,,,,,,,,,,,,,,,,,,,,,,,,,,,,,
,,,,,,,,,,,,,,,,533333,001,2025-04-10_13h45.38.395,SLSI,2022.2.5,MacIntel,120.4819277,,,,,,,,,,,32,"[59.73550000000001,75.38630000000074,86.82750000000001,94.03610000000148,102.2611000000015,106.76060000000149,113.45269999999923,122.65230000000074,129.38560000000146,132.71880000000073,140.486,147.59369999999925,157.08590000000223,162.26030000000074,166.59360000000146,171.16099999999997,176.25190000000222,181.05180000000072,184.18530000000072,192.60999999999999,198.71840000000222,203.72669999999923,207.70169999999925,211.527,330.9505,335.0173000000007,338.959,342.9511000000015,348.4589000000022,352.4584000000022,356.0096999999992,359.9839000000022]","[59.73560000000149,75.38630000000074,86.82750000000001,94.03610000000148,102.2611000000015,106.76069999999925,113.45269999999923,122.65230000000074,129.38569999999925,132.71880000000073,140.486,147.59369999999925,157.08590000000223,162.26030000000074,166.59360000000146,171.16099999999997,176.25190000000222,181.05180000000072,184.18530000000072,192.60999999999999,198.71840000000222,203.72680000000074,207.70169999999925,211.527,330.9505,335.0173000000007,338.95910000000146,342.95119999999923,348.459,352.45849999999996,356.0096999999992,359.9839000000022]",,18,"[94.71109999999777,102.853,114.06899999999999,133.76029999999702,141.01,148.3683999999985,158.0018999999985,167.2098999999985,187.04299999999998,193.434799999997,204.29299999999998,208.267799999997,331.66719999999924,335.77609999999777,339.883799999997,343.8418999999985,353.17609999999775,356.84959999999774]","[94.71109999999777,102.853,114.06899999999999,133.76029999999702,141.01,148.3683999999985,158.0018999999985,167.20999999999998,187.04299999999998,193.434799999997,204.29299999999998,208.267799999997,331.66719999999924,335.7761999999992,339.8838999999985,343.8418999999985,353.17609999999775,356.84969999999925]",14,"[61.010800000000756,76.21030000000076,87.95240000000224,107.51070000000298,123.29360000000149,130.05160000000146,163.01,171.85980000000072,176.8429000000022,181.701,199.45140000000222,212.37499999999997,349.0083000000007,361.1166000000015]","[61.01090000000224,76.21040000000224,87.95240000000224,107.51080000000076,123.29360000000149,130.05160000000146,163.01,171.85980000000072,176.843,181.701,199.45140000000222,212.37510000000148,349.0083000000007,361.1166000000015]","[""legit_button""]",9.985987103,1.1581,6.950479497,1.5823,6.950479497,0.1876,,,,,,resources/images/legit_23.png,legit,1,0.65,0,0,,,,,,,,,,,,,,,,,,,,,,,,,,,,,,,,,,,,,,,,,,0,7,7,8,1,,,,,,,,,,,,,,,,,,,,,,,,,,,,,,,,,,,,,,,,,,,,,,,,,,,,,,,,,,,,,,,,,,,,,,,
,,,,,,,,,,,,,,,,533333,001,2025-04-10_13h45.38.395,SLSI,2022.2.5,MacIntel,120.4819277,,,,,,,,,,,33,"[59.73550000000001,75.38630000000074,86.82750000000001,94.03610000000148,102.2611000000015,106.76060000000149,113.45269999999923,122.65230000000074,129.38560000000146,132.71880000000073,140.486,147.59369999999925,157.08590000000223,162.26030000000074,166.59360000000146,171.16099999999997,176.25190000000222,181.05180000000072,184.18530000000072,192.60999999999999,198.71840000000222,203.72669999999923,207.70169999999925,211.527,330.9505,335.0173000000007,338.959,342.9511000000015,348.4589000000022,352.4584000000022,356.0096999999992,359.9839000000022,366.4095]","[59.73560000000149,75.38630000000074,86.82750000000001,94.03610000000148,102.2611000000015,106.76069999999925,113.45269999999923,122.65230000000074,129.38569999999925,132.71880000000073,140.486,147.59369999999925,157.08590000000223,162.26030000000074,166.59360000000146,171.16099999999997,176.25190000000222,181.05180000000072,184.18530000000072,192.60999999999999,198.71840000000222,203.72680000000074,207.70169999999925,211.527,330.9505,335.0173000000007,338.95910000000146,342.95119999999923,348.459,352.45849999999996,356.0096999999992,359.9839000000022,366.4095]",,19,"[94.71109999999777,102.853,114.06899999999999,133.76029999999702,141.01,148.3683999999985,158.0018999999985,167.2098999999985,187.04299999999998,193.434799999997,204.29299999999998,208.267799999997,331.66719999999924,335.77609999999777,339.883799999997,343.8418999999985,353.17609999999775,356.84959999999774,367.199799999997]","[94.71109999999777,102.853,114.06899999999999,133.76029999999702,141.01,148.3683999999985,158.0018999999985,167.20999999999998,187.04299999999998,193.434799999997,204.29299999999998,208.267799999997,331.66719999999924,335.7761999999992,339.8838999999985,343.8418999999985,353.17609999999775,356.84969999999925,367.1998999999985]",14,"[61.010800000000756,76.21030000000076,87.95240000000224,107.51070000000298,123.29360000000149,130.05160000000146,163.01,171.85980000000072,176.8429000000022,181.701,199.45140000000222,212.37499999999997,349.0083000000007,361.1166000000015]","[61.01090000000224,76.21040000000224,87.95240000000224,107.51080000000076,123.29360000000149,130.05160000000146,163.01,171.85980000000072,176.843,181.701,199.45140000000222,212.37510000000148,349.0083000000007,361.1166000000015]","[""scam_button""]",9.963086971,0.9214,2.085234788,0.7882,2.085234788,0.2081,,,,,,resources/images/scam_24.png,scam,1,0.8,0,0,,,,,,,,,,,,,,,,,,,,,,,,,,,,,,,,,,,,,,,,,,0,8,8,22,1,,,,,,,,,,,,,,,,,,,,,,,,,,,,,,,,,,,,,,,,,,,,,,,,,,,,,,,,,,,,,,,,,,,,,,,
,,,,,,,,,,,,,,,,533333,001,2025-04-10_13h45.38.395,SLSI,2022.2.5,MacIntel,120.4819277,,,,,,,,,,,34,"[59.73550000000001,75.38630000000074,86.82750000000001,94.03610000000148,102.2611000000015,106.76060000000149,113.45269999999923,122.65230000000074,129.38560000000146,132.71880000000073,140.486,147.59369999999925,157.08590000000223,162.26030000000074,166.59360000000146,171.16099999999997,176.25190000000222,181.05180000000072,184.18530000000072,192.60999999999999,198.71840000000222,203.72669999999923,207.70169999999925,211.527,330.9505,335.0173000000007,338.959,342.9511000000015,348.4589000000022,352.4584000000022,356.0096999999992,359.9839000000022,366.4095,370.11719999999923]","[59.73560000000149,75.38630000000074,86.82750000000001,94.03610000000148,102.2611000000015,106.76069999999925,113.45269999999923,122.65230000000074,129.38569999999925,132.71880000000073,140.486,147.59369999999925,157.08590000000223,162.26030000000074,166.59360000000146,171.16099999999997,176.25190000000222,181.05180000000072,184.18530000000072,192.60999999999999,198.71840000000222,203.72680000000074,207.70169999999925,211.527,330.9505,335.0173000000007,338.95910000000146,342.95119999999923,348.459,352.45849999999996,356.0096999999992,359.9839000000022,366.4095,370.11730000000074]",,19,"[94.71109999999777,102.853,114.06899999999999,133.76029999999702,141.01,148.3683999999985,158.0018999999985,167.2098999999985,187.04299999999998,193.434799999997,204.29299999999998,208.267799999997,331.66719999999924,335.77609999999777,339.883799999997,343.8418999999985,353.17609999999775,356.84959999999774,367.199799999997]","[94.71109999999777,102.853,114.06899999999999,133.76029999999702,141.01,148.3683999999985,158.0018999999985,167.20999999999998,187.04299999999998,193.434799999997,204.29299999999998,208.267799999997,331.66719999999924,335.7761999999992,339.8838999999985,343.8418999999985,353.17609999999775,356.84969999999925,367.1998999999985]",15,"[61.010800000000756,76.21030000000076,87.95240000000224,107.51070000000298,123.29360000000149,130.05160000000146,163.01,171.85980000000072,176.8429000000022,181.701,199.45140000000222,212.37499999999997,349.0083000000007,361.1166000000015,370.8915]","[61.01090000000224,76.21040000000224,87.95240000000224,107.51080000000076,123.29360000000149,130.05160000000146,163.01,171.85980000000072,176.843,181.701,199.45140000000222,212.37510000000148,349.0083000000007,361.1166000000015,370.8915]","[""legit_button""]",9.889756944,0.8213,5.866815476,0.5413,5.866815476,0.2114,,,,,,resources/images/scam_21.png,scam,1,0.65,0,0,,,,,,,,,,,,,,,,,,,,,,,,,,,,,,,,,,,,,,,,,,0,9,9,19,1,,,,,,,,,,,,,,,,,,,,,,,,,,,,,,,,,,,,,,,,,,,,,,,,,,,,,,,,,,,,,,,,,,,,,,,
,,,,,,,,,,,,,,,,533333,001,2025-04-10_13h45.38.395,SLSI,2022.2.5,MacIntel,120.4819277,,,,,,,,,,,35,"[59.73550000000001,75.38630000000074,86.82750000000001,94.03610000000148,102.2611000000015,106.76060000000149,113.45269999999923,122.65230000000074,129.38560000000146,132.71880000000073,140.486,147.59369999999925,157.08590000000223,162.26030000000074,166.59360000000146,171.16099999999997,176.25190000000222,181.05180000000072,184.18530000000072,192.60999999999999,198.71840000000222,203.72669999999923,207.70169999999925,211.527,330.9505,335.0173000000007,338.959,342.9511000000015,348.4589000000022,352.4584000000022,356.0096999999992,359.9839000000022,366.4095,370.11719999999923,373.15099999999995]","[59.73560000000149,75.38630000000074,86.82750000000001,94.03610000000148,102.2611000000015,106.76069999999925,113.45269999999923,122.65230000000074,129.38569999999925,132.71880000000073,140.486,147.59369999999925,157.08590000000223,162.26030000000074,166.59360000000146,171.16099999999997,176.25190000000222,181.05180000000072,184.18530000000072,192.60999999999999,198.71840000000222,203.72680000000074,207.70169999999925,211.527,330.9505,335.0173000000007,338.95910000000146,342.95119999999923,348.459,352.45849999999996,356.0096999999992,359.9839000000022,366.4095,370.11730000000074,373.15099999999995]",,19,"[94.71109999999777,102.853,114.06899999999999,133.76029999999702,141.01,148.3683999999985,158.0018999999985,167.2098999999985,187.04299999999998,193.434799999997,204.29299999999998,208.267799999997,331.66719999999924,335.77609999999777,339.883799999997,343.8418999999985,353.17609999999775,356.84959999999774,367.199799999997]","[94.71109999999777,102.853,114.06899999999999,133.76029999999702,141.01,148.3683999999985,158.0018999999985,167.20999999999998,187.04299999999998,193.434799999997,204.29299999999998,208.267799999997,331.66719999999924,335.7761999999992,339.8838999999985,343.8418999999985,353.17609999999775,356.84969999999925,367.1998999999985]",16,"[61.010800000000756,76.21030000000076,87.95240000000224,107.51070000000298,123.29360000000149,130.05160000000146,163.01,171.85980000000072,176.8429000000022,181.701,199.45140000000222,212.37499999999997,349.0083000000007,361.1166000000015,370.8915,373.7589000000022]","[61.01090000000224,76.21040000000224,87.95240000000224,107.51080000000076,123.29360000000149,130.05160000000146,163.01,171.85980000000072,176.843,181.701,199.45140000000222,212.37510000000148,349.0083000000007,361.1166000000015,370.8915,373.7589000000022]","[""legit_button""]",9.91488922,0.8204,5.763351521,0.4632,5.843874008,0.2787,,,,,,resources/images/legit_19.png,legit,0.65,0.65,0,0,,,,,,,,,,,,,,,,,,,,,,,,,,,,,,,,,,,,,,,,,,0,10,10,4,1,,,,,,,,,,,,,,,,,,,,,,,,,,,,,,,,,,,,,,,,,,,,,,,,,,,,,,,,,,,,,,,,,,,,,,,
,,,,,,,,,,,,,,,,533333,001,2025-04-10_13h45.38.395,SLSI,2022.2.5,MacIntel,120.4819277,,,,,,,,,,,36,"[59.73550000000001,75.38630000000074,86.82750000000001,94.03610000000148,102.2611000000015,106.76060000000149,113.45269999999923,122.65230000000074,129.38560000000146,132.71880000000073,140.486,147.59369999999925,157.08590000000223,162.26030000000074,166.59360000000146,171.16099999999997,176.25190000000222,181.05180000000072,184.18530000000072,192.60999999999999,198.71840000000222,203.72669999999923,207.70169999999925,211.527,330.9505,335.0173000000007,338.959,342.9511000000015,348.4589000000022,352.4584000000022,356.0096999999992,359.9839000000022,366.4095,370.11719999999923,373.15099999999995,375.9761999999992]","[59.73560000000149,75.38630000000074,86.82750000000001,94.03610000000148,102.2611000000015,106.76069999999925,113.45269999999923,122.65230000000074,129.38569999999925,132.71880000000073,140.486,147.59369999999925,157.08590000000223,162.26030000000074,166.59360000000146,171.16099999999997,176.25190000000222,181.05180000000072,184.18530000000072,192.60999999999999,198.71840000000222,203.72680000000074,207.70169999999925,211.527,330.9505,335.0173000000007,338.95910000000146,342.95119999999923,348.459,352.45849999999996,356.0096999999992,359.9839000000022,366.4095,370.11730000000074,373.15099999999995,375.9763000000007]",,20,"[94.71109999999777,102.853,114.06899999999999,133.76029999999702,141.01,148.3683999999985,158.0018999999985,167.2098999999985,187.04299999999998,193.434799999997,204.29299999999998,208.267799999997,331.66719999999924,335.77609999999777,339.883799999997,343.8418999999985,353.17609999999775,356.84959999999774,367.199799999997,376.55]","[94.71109999999777,102.853,114.06899999999999,133.76029999999702,141.01,148.3683999999985,158.0018999999985,167.20999999999998,187.04299999999998,193.434799999997,204.29299999999998,208.267799999997,331.66719999999924,335.7761999999992,339.8838999999985,343.8418999999985,353.17609999999775,356.84969999999925,367.1998999999985,376.55]",16,"[61.010800000000756,76.21030000000076,87.95240000000224,107.51070000000298,123.29360000000149,130.05160000000146,163.01,171.85980000000072,176.8429000000022,181.701,199.45140000000222,212.37499999999997,349.0083000000007,361.1166000000015,370.8915,373.7589000000022]","[61.01090000000224,76.21040000000224,87.95240000000224,107.51080000000076,123.29360000000149,130.05160000000146,163.01,171.85980000000072,176.843,181.701,199.45140000000222,212.37510000000148,349.0083000000007,361.1166000000015,370.8915,373.7589000000022]","[""scam_button""]",9.757357804,1.1697,9.783192791,0.1544,2.852967923,0.6459,,,,,,resources/images/scam_30.png,scam,1.45,0.6,0,0,,,,,,,,,,,,,,,,,,,,,,,,,,,,,,,,,,,,,,,,,,0,11,11,20,1,,,,,,,,,,,,,,,,,,,,,,,,,,,,,,,,,,,,,,,,,,,,,,,,,,,,,,,,,,,,,,,,,,,,,,,
,,,,,,,,,,,,,,,,533333,001,2025-04-10_13h45.38.395,SLSI,2022.2.5,MacIntel,120.4819277,,,,,,,,,,,37,"[59.73550000000001,75.38630000000074,86.82750000000001,94.03610000000148,102.2611000000015,106.76060000000149,113.45269999999923,122.65230000000074,129.38560000000146,132.71880000000073,140.486,147.59369999999925,157.08590000000223,162.26030000000074,166.59360000000146,171.16099999999997,176.25190000000222,181.05180000000072,184.18530000000072,192.60999999999999,198.71840000000222,203.72669999999923,207.70169999999925,211.527,330.9505,335.0173000000007,338.959,342.9511000000015,348.4589000000022,352.4584000000022,356.0096999999992,359.9839000000022,366.4095,370.11719999999923,373.15099999999995,375.9761999999992,380.9006000000015]","[59.73560000000149,75.38630000000074,86.82750000000001,94.03610000000148,102.2611000000015,106.76069999999925,113.45269999999923,122.65230000000074,129.38569999999925,132.71880000000073,140.486,147.59369999999925,157.08590000000223,162.26030000000074,166.59360000000146,171.16099999999997,176.25190000000222,181.05180000000072,184.18530000000072,192.60999999999999,198.71840000000222,203.72680000000074,207.70169999999925,211.527,330.9505,335.0173000000007,338.95910000000146,342.95119999999923,348.459,352.45849999999996,356.0096999999992,359.9839000000022,366.4095,370.11730000000074,373.15099999999995,375.9763000000007,380.9006000000015]",,21,"[94.71109999999777,102.853,114.06899999999999,133.76029999999702,141.01,148.3683999999985,158.0018999999985,167.2098999999985,187.04299999999998,193.434799999997,204.29299999999998,208.267799999997,331.66719999999924,335.77609999999777,339.883799999997,343.8418999999985,353.17609999999775,356.84959999999774,367.199799999997,376.55,381.5175]","[94.71109999999777,102.853,114.06899999999999,133.76029999999702,141.01,148.3683999999985,158.0018999999985,167.20999999999998,187.04299999999998,193.434799999997,204.29299999999998,208.267799999997,331.66719999999924,335.7761999999992,339.8838999999985,343.8418999999985,353.17609999999775,356.84969999999925,367.1998999999985,376.55,381.5175]",16,"[61.010800000000756,76.21030000000076,87.95240000000224,107.51070000000298,123.29360000000149,130.05160000000146,163.01,171.85980000000072,176.8429000000022,181.701,199.45140000000222,212.37499999999997,349.0083000000007,361.1166000000015,370.8915,373.7589000000022]","[61.01090000000224,76.21040000000224,87.95240000000224,107.51080000000076,123.29360000000149,130.05160000000146,163.01,171.85980000000072,176.843,181.701,199.45140000000222,212.37510000000148,349.0083000000007,361.1166000000015,370.8915,373.7589000000022]","[""scam_button""]",8.926421958,0.9543,1.808201058,0.8955,1.808201058,0.2123,,,,,,resources/images/legit15.jpg,legit,0.95,0.65,0,0,,,,,,,,,,,,,,,,,,,,,,,,,,,,,,,,,,,,,,,,,,0,12,12,13,1,,,,,,,,,,,,,,,,,,,,,,,,,,,,,,,,,,,,,,,,,,,,,,,,,,,,,,,,,,,,,,,,,,,,,,,
,,,,,,,,,,,,,,,,533333,001,2025-04-10_13h45.38.395,SLSI,2022.2.5,MacIntel,120.4819277,,,,,,,,,,,38,"[59.73550000000001,75.38630000000074,86.82750000000001,94.03610000000148,102.2611000000015,106.76060000000149,113.45269999999923,122.65230000000074,129.38560000000146,132.71880000000073,140.486,147.59369999999925,157.08590000000223,162.26030000000074,166.59360000000146,171.16099999999997,176.25190000000222,181.05180000000072,184.18530000000072,192.60999999999999,198.71840000000222,203.72669999999923,207.70169999999925,211.527,330.9505,335.0173000000007,338.959,342.9511000000015,348.4589000000022,352.4584000000022,356.0096999999992,359.9839000000022,366.4095,370.11719999999923,373.15099999999995,375.9761999999992,380.9006000000015,384.7834000000022]","[59.73560000000149,75.38630000000074,86.82750000000001,94.03610000000148,102.2611000000015,106.76069999999925,113.45269999999923,122.65230000000074,129.38569999999925,132.71880000000073,140.486,147.59369999999925,157.08590000000223,162.26030000000074,166.59360000000146,171.16099999999997,176.25190000000222,181.05180000000072,184.18530000000072,192.60999999999999,198.71840000000222,203.72680000000074,207.70169999999925,211.527,330.9505,335.0173000000007,338.95910000000146,342.95119999999923,348.459,352.45849999999996,356.0096999999992,359.9839000000022,366.4095,370.11730000000074,373.15099999999995,375.9763000000007,380.9006000000015,384.7834000000022]",,22,"[94.71109999999777,102.853,114.06899999999999,133.76029999999702,141.01,148.3683999999985,158.0018999999985,167.2098999999985,187.04299999999998,193.434799999997,204.29299999999998,208.267799999997,331.66719999999924,335.77609999999777,339.883799999997,343.8418999999985,353.17609999999775,356.84959999999774,367.199799999997,376.55,381.5175,385.45009999999775]","[94.71109999999777,102.853,114.06899999999999,133.76029999999702,141.01,148.3683999999985,158.0018999999985,167.20999999999998,187.04299999999998,193.434799999997,204.29299999999998,208.267799999997,331.66719999999924,335.7761999999992,339.8838999999985,343.8418999999985,353.17609999999775,356.84969999999925,367.1998999999985,376.55,381.5175,385.45009999999775]",16,"[61.010800000000756,76.21030000000076,87.95240000000224,107.51070000000298,123.29360000000149,130.05160000000146,163.01,171.85980000000072,176.8429000000022,181.701,199.45140000000222,212.37499999999997,349.0083000000007,361.1166000000015,370.8915,373.7589000000022]","[61.01090000000224,76.21040000000224,87.95240000000224,107.51080000000076,123.29360000000149,130.05160000000146,163.01,171.85980000000072,176.843,181.701,199.45140000000222,212.37510000000148,349.0083000000007,361.1166000000015,370.8915,373.7589000000022]","[""scam_button""]",9.918402778,2.2248,2.989914021,0.7284,2.989914021,0.1711,,,,,,resources/images/legit_22.png,legit,1,0.78,0,0,,,,,,,,,,,,,,,,,,,,,,,,,,,,,,,,,,,,,,,,,,0,13,13,9,1,,,,,,,,,,,,,,,,,,,,,,,,,,,,,,,,,,,,,,,,,,,,,,,,,,,,,,,,,,,,,,,,,,,,,,,
,,,,,,,,,,,,,,,,533333,001,2025-04-10_13h45.38.395,SLSI,2022.2.5,MacIntel,120.4819277,,,,,,,,,,,39,"[59.73550000000001,75.38630000000074,86.82750000000001,94.03610000000148,102.2611000000015,106.76060000000149,113.45269999999923,122.65230000000074,129.38560000000146,132.71880000000073,140.486,147.59369999999925,157.08590000000223,162.26030000000074,166.59360000000146,171.16099999999997,176.25190000000222,181.05180000000072,184.18530000000072,192.60999999999999,198.71840000000222,203.72669999999923,207.70169999999925,211.527,330.9505,335.0173000000007,338.959,342.9511000000015,348.4589000000022,352.4584000000022,356.0096999999992,359.9839000000022,366.4095,370.11719999999923,373.15099999999995,375.9761999999992,380.9006000000015,384.7834000000022,389.2929000000022]","[59.73560000000149,75.38630000000074,86.82750000000001,94.03610000000148,102.2611000000015,106.76069999999925,113.45269999999923,122.65230000000074,129.38569999999925,132.71880000000073,140.486,147.59369999999925,157.08590000000223,162.26030000000074,166.59360000000146,171.16099999999997,176.25190000000222,181.05180000000072,184.18530000000072,192.60999999999999,198.71840000000222,203.72680000000074,207.70169999999925,211.527,330.9505,335.0173000000007,338.95910000000146,342.95119999999923,348.459,352.45849999999996,356.0096999999992,359.9839000000022,366.4095,370.11730000000074,373.15099999999995,375.9763000000007,380.9006000000015,384.7834000000022,389.2929000000022]",,23,"[94.71109999999777,102.853,114.06899999999999,133.76029999999702,141.01,148.3683999999985,158.0018999999985,167.2098999999985,187.04299999999998,193.434799999997,204.29299999999998,208.267799999997,331.66719999999924,335.77609999999777,339.883799999997,343.8418999999985,353.17609999999775,356.84959999999774,367.199799999997,376.55,381.5175,385.45009999999775,390.30869999999925]","[94.71109999999777,102.853,114.06899999999999,133.76029999999702,141.01,148.3683999999985,158.0018999999985,167.20999999999998,187.04299999999998,193.434799999997,204.29299999999998,208.267799999997,331.66719999999924,335.7761999999992,339.8838999999985,343.8418999999985,353.17609999999775,356.84969999999925,367.1998999999985,376.55,381.5175,385.45009999999775,390.30869999999925]",16,"[61.010800000000756,76.21030000000076,87.95240000000224,107.51070000000298,123.29360000000149,130.05160000000146,163.01,171.85980000000072,176.8429000000022,181.701,199.45140000000222,212.37499999999997,349.0083000000007,361.1166000000015,370.8915,373.7589000000022]","[61.01090000000224,76.21040000000224,87.95240000000224,107.51080000000076,123.29360000000149,130.05160000000146,163.01,171.85980000000072,176.843,181.701,199.45140000000222,212.37510000000148,349.0083000000007,361.1166000000015,370.8915,373.7589000000022]","[""scam_button""]",9.822958003,0.8372,0.852885251,1.744,0.852885251,0.2554,,,,,,resources/images/scam9.jpg,scam,0.65,0.65,0,0,,,,,,,,,,,,,,,,,,,,,,,,,,,,,,,,,,,,,,,,,,0,14,14,1,1,,,,,,,,,,,,,,,,,,,,,,,,,,,,,,,,,,,,,,,,,,,,,,,,,,,,,,,,,,,,,,,,,,,,,,,
,,,,,,,,,,,,,,,,533333,001,2025-04-10_13h45.38.395,SLSI,2022.2.5,MacIntel,120.4819277,,,,,,,,,,,40,"[59.73550000000001,75.38630000000074,86.82750000000001,94.03610000000148,102.2611000000015,106.76060000000149,113.45269999999923,122.65230000000074,129.38560000000146,132.71880000000073,140.486,147.59369999999925,157.08590000000223,162.26030000000074,166.59360000000146,171.16099999999997,176.25190000000222,181.05180000000072,184.18530000000072,192.60999999999999,198.71840000000222,203.72669999999923,207.70169999999925,211.527,330.9505,335.0173000000007,338.959,342.9511000000015,348.4589000000022,352.4584000000022,356.0096999999992,359.9839000000022,366.4095,370.11719999999923,373.15099999999995,375.9761999999992,380.9006000000015,384.7834000000022,389.2929000000022,394.06740000000224]","[59.73560000000149,75.38630000000074,86.82750000000001,94.03610000000148,102.2611000000015,106.76069999999925,113.45269999999923,122.65230000000074,129.38569999999925,132.71880000000073,140.486,147.59369999999925,157.08590000000223,162.26030000000074,166.59360000000146,171.16099999999997,176.25190000000222,181.05180000000072,184.18530000000072,192.60999999999999,198.71840000000222,203.72680000000074,207.70169999999925,211.527,330.9505,335.0173000000007,338.95910000000146,342.95119999999923,348.459,352.45849999999996,356.0096999999992,359.9839000000022,366.4095,370.11730000000074,373.15099999999995,375.9763000000007,380.9006000000015,384.7834000000022,389.2929000000022,394.06740000000224]",,24,"[94.71109999999777,102.853,114.06899999999999,133.76029999999702,141.01,148.3683999999985,158.0018999999985,167.2098999999985,187.04299999999998,193.434799999997,204.29299999999998,208.267799999997,331.66719999999924,335.77609999999777,339.883799999997,343.8418999999985,353.17609999999775,356.84959999999774,367.199799999997,376.55,381.5175,385.45009999999775,390.30869999999925,397.008299999997]","[94.71109999999777,102.853,114.06899999999999,133.76029999999702,141.01,148.3683999999985,158.0018999999985,167.20999999999998,187.04299999999998,193.434799999997,204.29299999999998,208.267799999997,331.66719999999924,335.7761999999992,339.8838999999985,343.8418999999985,353.17609999999775,356.84969999999925,367.1998999999985,376.55,381.5175,385.45009999999775,390.30869999999925,397.008299999997]",16,"[61.010800000000756,76.21030000000076,87.95240000000224,107.51070000000298,123.29360000000149,130.05160000000146,163.01,171.85980000000072,176.8429000000022,181.701,199.45140000000222,212.37499999999997,349.0083000000007,361.1166000000015,370.8915,373.7589000000022]","[61.01090000000224,76.21040000000224,87.95240000000224,107.51080000000076,123.29360000000149,130.05160000000146,163.01,171.85980000000072,176.843,181.701,199.45140000000222,212.37510000000148,349.0083000000007,361.1166000000015,370.8915,373.7589000000022]","[""scam_button""]",9.988921958,2.7024,2.177538029,0.9954,2.17228836,0.2456,,,,,,resources/images/scam18.png,scam,1,0.65,0,0,,,,,,,,,,,,,,,,,,,,,,,,,,,,,,,,,,,,,,,,,,0,15,15,14,1,,,,,,,,,,,,,,,,,,,,,,,,,,,,,,,,,,,,,,,,,,,,,,,,,,,,,,,,,,,,,,,,,,,,,,,
,,,,,,,,,,,,,,,,533333,001,2025-04-10_13h45.38.395,SLSI,2022.2.5,MacIntel,120.4819277,,,,,,,,,,,41,"[59.73550000000001,75.38630000000074,86.82750000000001,94.03610000000148,102.2611000000015,106.76060000000149,113.45269999999923,122.65230000000074,129.38560000000146,132.71880000000073,140.486,147.59369999999925,157.08590000000223,162.26030000000074,166.59360000000146,171.16099999999997,176.25190000000222,181.05180000000072,184.18530000000072,192.60999999999999,198.71840000000222,203.72669999999923,207.70169999999925,211.527,330.9505,335.0173000000007,338.959,342.9511000000015,348.4589000000022,352.4584000000022,356.0096999999992,359.9839000000022,366.4095,370.11719999999923,373.15099999999995,375.9761999999992,380.9006000000015,384.7834000000022,389.2929000000022,394.06740000000224,401.6836000000015]","[59.73560000000149,75.38630000000074,86.82750000000001,94.03610000000148,102.2611000000015,106.76069999999925,113.45269999999923,122.65230000000074,129.38569999999925,132.71880000000073,140.486,147.59369999999925,157.08590000000223,162.26030000000074,166.59360000000146,171.16099999999997,176.25190000000222,181.05180000000072,184.18530000000072,192.60999999999999,198.71840000000222,203.72680000000074,207.70169999999925,211.527,330.9505,335.0173000000007,338.95910000000146,342.95119999999923,348.459,352.45849999999996,356.0096999999992,359.9839000000022,366.4095,370.11730000000074,373.15099999999995,375.9763000000007,380.9006000000015,384.7834000000022,389.2929000000022,394.06740000000224,401.6836000000015]",,25,"[94.71109999999777,102.853,114.06899999999999,133.76029999999702,141.01,148.3683999999985,158.0018999999985,167.2098999999985,187.04299999999998,193.434799999997,204.29299999999998,208.267799999997,331.66719999999924,335.77609999999777,339.883799999997,343.8418999999985,353.17609999999775,356.84959999999774,367.199799999997,376.55,381.5175,385.45009999999775,390.30869999999925,397.008299999997,402.4421999999992]","[94.71109999999777,102.853,114.06899999999999,133.76029999999702,141.01,148.3683999999985,158.0018999999985,167.20999999999998,187.04299999999998,193.434799999997,204.29299999999998,208.267799999997,331.66719999999924,335.7761999999992,339.8838999999985,343.8418999999985,353.17609999999775,356.84969999999925,367.1998999999985,376.55,381.5175,385.45009999999775,390.30869999999925,397.008299999997,402.4421999999992]",16,"[61.010800000000756,76.21030000000076,87.95240000000224,107.51070000000298,123.29360000000149,130.05160000000146,163.01,171.85980000000072,176.8429000000022,181.701,199.45140000000222,212.37499999999997,349.0083000000007,361.1166000000015,370.8915,373.7589000000022]","[61.01090000000224,76.21040000000224,87.95240000000224,107.51080000000076,123.29360000000149,130.05160000000146,163.01,171.85980000000072,176.843,181.701,199.45140000000222,212.37510000000148,349.0083000000007,361.1166000000015,370.8915,373.7589000000022]","[""scam_button""]",9.902819114,0.9072,0.072461971,0.9828,0.072461971,0.2447,,,,,,resources/images/legit13.jpg,legit,0.65,0.65,0,0,,,,,,,,,,,,,,,,,,,,,,,,,,,,,,,,,,,,,,,,,,0,16,16,6,1,,,,,,,,,,,,,,,,,,,,,,,,,,,,,,,,,,,,,,,,,,,,,,,,,,,,,,,,,,,,,,,,,,,,,,,
,,,,,,,,,,,,,,,,533333,001,2025-04-10_13h45.38.395,SLSI,2022.2.5,MacIntel,120.4819277,,,,,,,,,,,42,"[59.73550000000001,75.38630000000074,86.82750000000001,94.03610000000148,102.2611000000015,106.76060000000149,113.45269999999923,122.65230000000074,129.38560000000146,132.71880000000073,140.486,147.59369999999925,157.08590000000223,162.26030000000074,166.59360000000146,171.16099999999997,176.25190000000222,181.05180000000072,184.18530000000072,192.60999999999999,198.71840000000222,203.72669999999923,207.70169999999925,211.527,330.9505,335.0173000000007,338.959,342.9511000000015,348.4589000000022,352.4584000000022,356.0096999999992,359.9839000000022,366.4095,370.11719999999923,373.15099999999995,375.9761999999992,380.9006000000015,384.7834000000022,389.2929000000022,394.06740000000224,401.6836000000015,405.842]","[59.73560000000149,75.38630000000074,86.82750000000001,94.03610000000148,102.2611000000015,106.76069999999925,113.45269999999923,122.65230000000074,129.38569999999925,132.71880000000073,140.486,147.59369999999925,157.08590000000223,162.26030000000074,166.59360000000146,171.16099999999997,176.25190000000222,181.05180000000072,184.18530000000072,192.60999999999999,198.71840000000222,203.72680000000074,207.70169999999925,211.527,330.9505,335.0173000000007,338.95910000000146,342.95119999999923,348.459,352.45849999999996,356.0096999999992,359.9839000000022,366.4095,370.11730000000074,373.15099999999995,375.9763000000007,380.9006000000015,384.7834000000022,389.2929000000022,394.06740000000224,401.6836000000015,405.8421000000015]",,26,"[94.71109999999777,102.853,114.06899999999999,133.76029999999702,141.01,148.3683999999985,158.0018999999985,167.2098999999985,187.04299999999998,193.434799999997,204.29299999999998,208.267799999997,331.66719999999924,335.77609999999777,339.883799999997,343.8418999999985,353.17609999999775,356.84959999999774,367.199799999997,376.55,381.5175,385.45009999999775,390.30869999999925,397.008299999997,402.4421999999992,406.7836999999992]","[94.71109999999777,102.853,114.06899999999999,133.76029999999702,141.01,148.3683999999985,158.0018999999985,167.20999999999998,187.04299999999998,193.434799999997,204.29299999999998,208.267799999997,331.66719999999924,335.7761999999992,339.8838999999985,343.8418999999985,353.17609999999775,356.84969999999925,367.1998999999985,376.55,381.5175,385.45009999999775,390.30869999999925,397.008299999997,402.4421999999992,406.7836999999992]",16,"[61.010800000000756,76.21030000000076,87.95240000000224,107.51070000000298,123.29360000000149,130.05160000000146,163.01,171.85980000000072,176.8429000000022,181.701,199.45140000000222,212.37499999999997,349.0083000000007,361.1166000000015,370.8915,373.7589000000022]","[61.01090000000224,76.21040000000224,87.95240000000224,107.51080000000076,123.29360000000149,130.05160000000146,163.01,171.85980000000072,176.843,181.701,199.45140000000222,212.37510000000148,349.0083000000007,361.1166000000015,370.8915,373.7589000000022]","[""scam_button""]",9.971519511,0.8372,0.09693287,1.4363,0.09693287,0.1786,,,,,,resources/images/legit_20.png,legit,0.9,0.8,0,0,,,,,,,,,,,,,,,,,,,,,,,,,,,,,,,,,,,,,,,,,,0,17,17,3,1,,,,,,,,,,,,,,,,,,,,,,,,,,,,,,,,,,,,,,,,,,,,,,,,,,,,,,,,,,,,,,,,,,,,,,,
,,,,,,,,,,,,,,,,533333,001,2025-04-10_13h45.38.395,SLSI,2022.2.5,MacIntel,120.4819277,,,,,,,,,,,43,"[59.73550000000001,75.38630000000074,86.82750000000001,94.03610000000148,102.2611000000015,106.76060000000149,113.45269999999923,122.65230000000074,129.38560000000146,132.71880000000073,140.486,147.59369999999925,157.08590000000223,162.26030000000074,166.59360000000146,171.16099999999997,176.25190000000222,181.05180000000072,184.18530000000072,192.60999999999999,198.71840000000222,203.72669999999923,207.70169999999925,211.527,330.9505,335.0173000000007,338.959,342.9511000000015,348.4589000000022,352.4584000000022,356.0096999999992,359.9839000000022,366.4095,370.11719999999923,373.15099999999995,375.9761999999992,380.9006000000015,384.7834000000022,389.2929000000022,394.06740000000224,401.6836000000015,405.842,411.03360000000146]","[59.73560000000149,75.38630000000074,86.82750000000001,94.03610000000148,102.2611000000015,106.76069999999925,113.45269999999923,122.65230000000074,129.38569999999925,132.71880000000073,140.486,147.59369999999925,157.08590000000223,162.26030000000074,166.59360000000146,171.16099999999997,176.25190000000222,181.05180000000072,184.18530000000072,192.60999999999999,198.71840000000222,203.72680000000074,207.70169999999925,211.527,330.9505,335.0173000000007,338.95910000000146,342.95119999999923,348.459,352.45849999999996,356.0096999999992,359.9839000000022,366.4095,370.11730000000074,373.15099999999995,375.9763000000007,380.9006000000015,384.7834000000022,389.2929000000022,394.06740000000224,401.6836000000015,405.8421000000015,411.03360000000146]",,27,"[94.71109999999777,102.853,114.06899999999999,133.76029999999702,141.01,148.3683999999985,158.0018999999985,167.2098999999985,187.04299999999998,193.434799999997,204.29299999999998,208.267799999997,331.66719999999924,335.77609999999777,339.883799999997,343.8418999999985,353.17609999999775,356.84959999999774,367.199799999997,376.55,381.5175,385.45009999999775,390.30869999999925,397.008299999997,402.4421999999992,406.7836999999992,411.924799999997]","[94.71109999999777,102.853,114.06899999999999,133.76029999999702,141.01,148.3683999999985,158.0018999999985,167.20999999999998,187.04299999999998,193.434799999997,204.29299999999998,208.267799999997,331.66719999999924,335.7761999999992,339.8838999999985,343.8418999999985,353.17609999999775,356.84969999999925,367.1998999999985,376.55,381.5175,385.45009999999775,390.30869999999925,397.008299999997,402.4421999999992,406.7836999999992,411.9248999999985]",16,"[61.010800000000756,76.21030000000076,87.95240000000224,107.51070000000298,123.29360000000149,130.05160000000146,163.01,171.85980000000072,176.8429000000022,181.701,199.45140000000222,212.37499999999997,349.0083000000007,361.1166000000015,370.8915,373.7589000000022]","[61.01090000000224,76.21040000000224,87.95240000000224,107.51080000000076,123.29360000000149,130.05160000000146,163.01,171.85980000000072,176.843,181.701,199.45140000000222,212.37510000000148,349.0083000000007,361.1166000000015,370.8915,373.7589000000022]","[""scam_button""]",9.891493056,1.3299,0.962508267,0.9407,0.962508267,0.1874,,,,,,resources/images/scam8.jpg,scam,0.65,0.65,0,0,,,,,,,,,,,,,,,,,,,,,,,,,,,,,,,,,,,,,,,,,,0,18,18,0,1,,,,,,,,,,,,,,,,,,,,,,,,,,,,,,,,,,,,,,,,,,,,,,,,,,,,,,,,,,,,,,,,,,,,,,,
,,,,,,,,,,,,,,,,533333,001,2025-04-10_13h45.38.395,SLSI,2022.2.5,MacIntel,120.4819277,,,,,,,,,,,44,"[59.73550000000001,75.38630000000074,86.82750000000001,94.03610000000148,102.2611000000015,106.76060000000149,113.45269999999923,122.65230000000074,129.38560000000146,132.71880000000073,140.486,147.59369999999925,157.08590000000223,162.26030000000074,166.59360000000146,171.16099999999997,176.25190000000222,181.05180000000072,184.18530000000072,192.60999999999999,198.71840000000222,203.72669999999923,207.70169999999925,211.527,330.9505,335.0173000000007,338.959,342.9511000000015,348.4589000000022,352.4584000000022,356.0096999999992,359.9839000000022,366.4095,370.11719999999923,373.15099999999995,375.9761999999992,380.9006000000015,384.7834000000022,389.2929000000022,394.06740000000224,401.6836000000015,405.842,411.03360000000146,415.25]","[59.73560000000149,75.38630000000074,86.82750000000001,94.03610000000148,102.2611000000015,106.76069999999925,113.45269999999923,122.65230000000074,129.38569999999925,132.71880000000073,140.486,147.59369999999925,157.08590000000223,162.26030000000074,166.59360000000146,171.16099999999997,176.25190000000222,181.05180000000072,184.18530000000072,192.60999999999999,198.71840000000222,203.72680000000074,207.70169999999925,211.527,330.9505,335.0173000000007,338.95910000000146,342.95119999999923,348.459,352.45849999999996,356.0096999999992,359.9839000000022,366.4095,370.11730000000074,373.15099999999995,375.9763000000007,380.9006000000015,384.7834000000022,389.2929000000022,394.06740000000224,401.6836000000015,405.8421000000015,411.03360000000146,415.25]",,28,"[94.71109999999777,102.853,114.06899999999999,133.76029999999702,141.01,148.3683999999985,158.0018999999985,167.2098999999985,187.04299999999998,193.434799999997,204.29299999999998,208.267799999997,331.66719999999924,335.77609999999777,339.883799999997,343.8418999999985,353.17609999999775,356.84959999999774,367.199799999997,376.55,381.5175,385.45009999999775,390.30869999999925,397.008299999997,402.4421999999992,406.7836999999992,411.924799999997,415.991299999997]","[94.71109999999777,102.853,114.06899999999999,133.76029999999702,141.01,148.3683999999985,158.0018999999985,167.20999999999998,187.04299999999998,193.434799999997,204.29299999999998,208.267799999997,331.66719999999924,335.7761999999992,339.8838999999985,343.8418999999985,353.17609999999775,356.84969999999925,367.1998999999985,376.55,381.5175,385.45009999999775,390.30869999999925,397.008299999997,402.4421999999992,406.7836999999992,411.9248999999985,415.991299999997]",16,"[61.010800000000756,76.21030000000076,87.95240000000224,107.51070000000298,123.29360000000149,130.05160000000146,163.01,171.85980000000072,176.8429000000022,181.701,199.45140000000222,212.37499999999997,349.0083000000007,361.1166000000015,370.8915,373.7589000000022]","[61.01090000000224,76.21040000000224,87.95240000000224,107.51080000000076,123.29360000000149,130.05160000000146,163.01,171.85980000000072,176.843,181.701,199.45140000000222,212.37510000000148,349.0083000000007,361.1166000000015,370.8915,373.7589000000022]","[""scam_button""]",9.963045635,0.9708,0.944072421,0.7164,0.944072421,0.17,,,,,,resources/images/scam_23.png,scam,1,0.8,0,0,,,,,,,,,,,,,,,,,,,,,,,,,,,,,,,,,,,,,,,,,,0,19,19,21,1,,,,,,,,,,,,,,,,,,,,,,,,,,,,,,,,,,,,,,,,,,,,,,,,,,,,,,,,,,,,,,,,,,,,,,,
,,,,,,,,,,,,,,,,533333,001,2025-04-10_13h45.38.395,SLSI,2022.2.5,MacIntel,120.4819277,,,,,,,,,,,45,"[59.73550000000001,75.38630000000074,86.82750000000001,94.03610000000148,102.2611000000015,106.76060000000149,113.45269999999923,122.65230000000074,129.38560000000146,132.71880000000073,140.486,147.59369999999925,157.08590000000223,162.26030000000074,166.59360000000146,171.16099999999997,176.25190000000222,181.05180000000072,184.18530000000072,192.60999999999999,198.71840000000222,203.72669999999923,207.70169999999925,211.527,330.9505,335.0173000000007,338.959,342.9511000000015,348.4589000000022,352.4584000000022,356.0096999999992,359.9839000000022,366.4095,370.11719999999923,373.15099999999995,375.9761999999992,380.9006000000015,384.7834000000022,389.2929000000022,394.06740000000224,401.6836000000015,405.842,411.03360000000146,415.25,418.5583000000007]","[59.73560000000149,75.38630000000074,86.82750000000001,94.03610000000148,102.2611000000015,106.76069999999925,113.45269999999923,122.65230000000074,129.38569999999925,132.71880000000073,140.486,147.59369999999925,157.08590000000223,162.26030000000074,166.59360000000146,171.16099999999997,176.25190000000222,181.05180000000072,184.18530000000072,192.60999999999999,198.71840000000222,203.72680000000074,207.70169999999925,211.527,330.9505,335.0173000000007,338.95910000000146,342.95119999999923,348.459,352.45849999999996,356.0096999999992,359.9839000000022,366.4095,370.11730000000074,373.15099999999995,375.9763000000007,380.9006000000015,384.7834000000022,389.2929000000022,394.06740000000224,401.6836000000015,405.8421000000015,411.03360000000146,415.25,418.5583000000007]",,29,"[94.71109999999777,102.853,114.06899999999999,133.76029999999702,141.01,148.3683999999985,158.0018999999985,167.2098999999985,187.04299999999998,193.434799999997,204.29299999999998,208.267799999997,331.66719999999924,335.77609999999777,339.883799999997,343.8418999999985,353.17609999999775,356.84959999999774,367.199799999997,376.55,381.5175,385.45009999999775,390.30869999999925,397.008299999997,402.4421999999992,406.7836999999992,411.924799999997,415.991299999997,420.0911999999992]","[94.71109999999777,102.853,114.06899999999999,133.76029999999702,141.01,148.3683999999985,158.0018999999985,167.20999999999998,187.04299999999998,193.434799999997,204.29299999999998,208.267799999997,331.66719999999924,335.7761999999992,339.8838999999985,343.8418999999985,353.17609999999775,356.84969999999925,367.1998999999985,376.55,381.5175,385.45009999999775,390.30869999999925,397.008299999997,402.4421999999992,406.7836999999992,411.9248999999985,415.991299999997,420.0911999999992]",16,"[61.010800000000756,76.21030000000076,87.95240000000224,107.51070000000298,123.29360000000149,130.05160000000146,163.01,171.85980000000072,176.8429000000022,181.701,199.45140000000222,212.37499999999997,349.0083000000007,361.1166000000015,370.8915,373.7589000000022]","[61.01090000000224,76.21040000000224,87.95240000000224,107.51080000000076,123.29360000000149,130.05160000000146,163.01,171.85980000000072,176.843,181.701,199.45140000000222,212.37510000000148,349.0083000000007,361.1166000000015,370.8915,373.7589000000022]","[""scam_button""]",9.983630952,1.0381,1.020130622,1.2627,1.020130622,0.1544,,,,,,resources/images/scam15.jpg,scam,0.65,0.65,0,0,,,,,,,,,,,,,,,,,,,,,,,,,,,,,,,,,,,,,,,,,,0,20,20,10,1,,,,,,,,,,,,,,,,,,,,,,,,,,,,,,,,,,,,,,,,,,,,,,,,,,,,,,,,,,,,,,,,,,,,,,,
,,,,,,,,,,,,,,,,533333,001,2025-04-10_13h45.38.395,SLSI,2022.2.5,MacIntel,120.4819277,,,,,,,,,,,46,"[59.73550000000001,75.38630000000074,86.82750000000001,94.03610000000148,102.2611000000015,106.76060000000149,113.45269999999923,122.65230000000074,129.38560000000146,132.71880000000073,140.486,147.59369999999925,157.08590000000223,162.26030000000074,166.59360000000146,171.16099999999997,176.25190000000222,181.05180000000072,184.18530000000072,192.60999999999999,198.71840000000222,203.72669999999923,207.70169999999925,211.527,330.9505,335.0173000000007,338.959,342.9511000000015,348.4589000000022,352.4584000000022,356.0096999999992,359.9839000000022,366.4095,370.11719999999923,373.15099999999995,375.9761999999992,380.9006000000015,384.7834000000022,389.2929000000022,394.06740000000224,401.6836000000015,405.842,411.03360000000146,415.25,418.5583000000007,423.5419000000022]","[59.73560000000149,75.38630000000074,86.82750000000001,94.03610000000148,102.2611000000015,106.76069999999925,113.45269999999923,122.65230000000074,129.38569999999925,132.71880000000073,140.486,147.59369999999925,157.08590000000223,162.26030000000074,166.59360000000146,171.16099999999997,176.25190000000222,181.05180000000072,184.18530000000072,192.60999999999999,198.71840000000222,203.72680000000074,207.70169999999925,211.527,330.9505,335.0173000000007,338.95910000000146,342.95119999999923,348.459,352.45849999999996,356.0096999999992,359.9839000000022,366.4095,370.11730000000074,373.15099999999995,375.9763000000007,380.9006000000015,384.7834000000022,389.2929000000022,394.06740000000224,401.6836000000015,405.8421000000015,411.03360000000146,415.25,418.5583000000007,423.5419000000022]",,30,"[94.71109999999777,102.853,114.06899999999999,133.76029999999702,141.01,148.3683999999985,158.0018999999985,167.2098999999985,187.04299999999998,193.434799999997,204.29299999999998,208.267799999997,331.66719999999924,335.77609999999777,339.883799999997,343.8418999999985,353.17609999999775,356.84959999999774,367.199799999997,376.55,381.5175,385.45009999999775,390.30869999999925,397.008299999997,402.4421999999992,406.7836999999992,411.924799999997,415.991299999997,420.0911999999992,424.28299999999996]","[94.71109999999777,102.853,114.06899999999999,133.76029999999702,141.01,148.3683999999985,158.0018999999985,167.20999999999998,187.04299999999998,193.434799999997,204.29299999999998,208.267799999997,331.66719999999924,335.7761999999992,339.8838999999985,343.8418999999985,353.17609999999775,356.84969999999925,367.1998999999985,376.55,381.5175,385.45009999999775,390.30869999999925,397.008299999997,402.4421999999992,406.7836999999992,411.9248999999985,415.991299999997,420.0911999999992,424.28299999999996]",16,"[61.010800000000756,76.21030000000076,87.95240000000224,107.51070000000298,123.29360000000149,130.05160000000146,163.01,171.85980000000072,176.8429000000022,181.701,199.45140000000222,212.37499999999997,349.0083000000007,361.1166000000015,370.8915,373.7589000000022]","[61.01090000000224,76.21040000000224,87.95240000000224,107.51080000000076,123.29360000000149,130.05160000000146,163.01,171.85980000000072,176.843,181.701,199.45140000000222,212.37510000000148,349.0083000000007,361.1166000000015,370.8915,373.7589000000022]","[""scam_button""]",9.963748347,0.9288,4.22317295,1.2712,6.968625992,1.2662,,,,,,resources/images/legit_21.png,legit,0.8,0.8,0,0,,,,,,,,,,,,,,,,,,,,,,,,,,,,,,,,,,,,,,,,,,0,21,21,7,1,,,,,,,,,,,,,,,,,,,,,,,,,,,,,,,,,,,,,,,,,,,,,,,,,,,,,,,,,,,,,,,,,,,,,,,
,,,,,,,,,,,,,,,,533333,001,2025-04-10_13h45.38.395,SLSI,2022.2.5,MacIntel,120.4819277,,,,,,,,,,,47,"[59.73550000000001,75.38630000000074,86.82750000000001,94.03610000000148,102.2611000000015,106.76060000000149,113.45269999999923,122.65230000000074,129.38560000000146,132.71880000000073,140.486,147.59369999999925,157.08590000000223,162.26030000000074,166.59360000000146,171.16099999999997,176.25190000000222,181.05180000000072,184.18530000000072,192.60999999999999,198.71840000000222,203.72669999999923,207.70169999999925,211.527,330.9505,335.0173000000007,338.959,342.9511000000015,348.4589000000022,352.4584000000022,356.0096999999992,359.9839000000022,366.4095,370.11719999999923,373.15099999999995,375.9761999999992,380.9006000000015,384.7834000000022,389.2929000000022,394.06740000000224,401.6836000000015,405.842,411.03360000000146,415.25,418.5583000000007,423.5419000000022,429.75899999999996]","[59.73560000000149,75.38630000000074,86.82750000000001,94.03610000000148,102.2611000000015,106.76069999999925,113.45269999999923,122.65230000000074,129.38569999999925,132.71880000000073,140.486,147.59369999999925,157.08590000000223,162.26030000000074,166.59360000000146,171.16099999999997,176.25190000000222,181.05180000000072,184.18530000000072,192.60999999999999,198.71840000000222,203.72680000000074,207.70169999999925,211.527,330.9505,335.0173000000007,338.95910000000146,342.95119999999923,348.459,352.45849999999996,356.0096999999992,359.9839000000022,366.4095,370.11730000000074,373.15099999999995,375.9763000000007,380.9006000000015,384.7834000000022,389.2929000000022,394.06740000000224,401.6836000000015,405.8421000000015,411.03360000000146,415.25,418.5583000000007,423.5419000000022,429.75910000000147]",,30,"[94.71109999999777,102.853,114.06899999999999,133.76029999999702,141.01,148.3683999999985,158.0018999999985,167.2098999999985,187.04299999999998,193.434799999997,204.29299999999998,208.267799999997,331.66719999999924,335.77609999999777,339.883799999997,343.8418999999985,353.17609999999775,356.84959999999774,367.199799999997,376.55,381.5175,385.45009999999775,390.30869999999925,397.008299999997,402.4421999999992,406.7836999999992,411.924799999997,415.991299999997,420.0911999999992,424.28299999999996]","[94.71109999999777,102.853,114.06899999999999,133.76029999999702,141.01,148.3683999999985,158.0018999999985,167.20999999999998,187.04299999999998,193.434799999997,204.29299999999998,208.267799999997,331.66719999999924,335.7761999999992,339.8838999999985,343.8418999999985,353.17609999999775,356.84969999999925,367.1998999999985,376.55,381.5175,385.45009999999775,390.30869999999925,397.008299999997,402.4421999999992,406.7836999999992,411.9248999999985,415.991299999997,420.0911999999992,424.28299999999996]",17,"[61.010800000000756,76.21030000000076,87.95240000000224,107.51070000000298,123.29360000000149,130.05160000000146,163.01,171.85980000000072,176.8429000000022,181.701,199.45140000000222,212.37499999999997,349.0083000000007,361.1166000000015,370.8915,373.7589000000022,430.966]","[61.01090000000224,76.21040000000224,87.95240000000224,107.51080000000076,123.29360000000149,130.05160000000146,163.01,171.85980000000072,176.843,181.701,199.45140000000222,212.37510000000148,349.0083000000007,361.1166000000015,370.8915,373.7589000000022,430.966]","[""legit_button""]",9.922247024,0.8206,8.058159722,2.7552,8.058159722,0.8136,,,,,,resources/images/legit_30.png,legit,1,0.85,0,0,,,,,,,,,,,,,,,,,,,,,,,,,,,,,,,,,,,,,,,,,,0,22,22,16,1,,,,,,,,,,,,,,,,,,,,,,,,,,,,,,,,,,,,,,,,,,,,,,,,,,,,,,,,,,,,,,,,,,,,,,,
,,,,,,,,,,,,,,,,533333,001,2025-04-10_13h45.38.395,SLSI,2022.2.5,MacIntel,120.4819277,,,,,,,,,,,48,"[59.73550000000001,75.38630000000074,86.82750000000001,94.03610000000148,102.2611000000015,106.76060000000149,113.45269999999923,122.65230000000074,129.38560000000146,132.71880000000073,140.486,147.59369999999925,157.08590000000223,162.26030000000074,166.59360000000146,171.16099999999997,176.25190000000222,181.05180000000072,184.18530000000072,192.60999999999999,198.71840000000222,203.72669999999923,207.70169999999925,211.527,330.9505,335.0173000000007,338.959,342.9511000000015,348.4589000000022,352.4584000000022,356.0096999999992,359.9839000000022,366.4095,370.11719999999923,373.15099999999995,375.9761999999992,380.9006000000015,384.7834000000022,389.2929000000022,394.06740000000224,401.6836000000015,405.842,411.03360000000146,415.25,418.5583000000007,423.5419000000022,429.75899999999996,436.42499999999995]","[59.73560000000149,75.38630000000074,86.82750000000001,94.03610000000148,102.2611000000015,106.76069999999925,113.45269999999923,122.65230000000074,129.38569999999925,132.71880000000073,140.486,147.59369999999925,157.08590000000223,162.26030000000074,166.59360000000146,171.16099999999997,176.25190000000222,181.05180000000072,184.18530000000072,192.60999999999999,198.71840000000222,203.72680000000074,207.70169999999925,211.527,330.9505,335.0173000000007,338.95910000000146,342.95119999999923,348.459,352.45849999999996,356.0096999999992,359.9839000000022,366.4095,370.11730000000074,373.15099999999995,375.9763000000007,380.9006000000015,384.7834000000022,389.2929000000022,394.06740000000224,401.6836000000015,405.8421000000015,411.03360000000146,415.25,418.5583000000007,423.5419000000022,429.75910000000147,436.42499999999995]",,31,"[94.71109999999777,102.853,114.06899999999999,133.76029999999702,141.01,148.3683999999985,158.0018999999985,167.2098999999985,187.04299999999998,193.434799999997,204.29299999999998,208.267799999997,331.66719999999924,335.77609999999777,339.883799999997,343.8418999999985,353.17609999999775,356.84959999999774,367.199799999997,376.55,381.5175,385.45009999999775,390.30869999999925,397.008299999997,402.4421999999992,406.7836999999992,411.924799999997,415.991299999997,420.0911999999992,424.28299999999996,437.24119999999925]","[94.71109999999777,102.853,114.06899999999999,133.76029999999702,141.01,148.3683999999985,158.0018999999985,167.20999999999998,187.04299999999998,193.434799999997,204.29299999999998,208.267799999997,331.66719999999924,335.7761999999992,339.8838999999985,343.8418999999985,353.17609999999775,356.84969999999925,367.1998999999985,376.55,381.5175,385.45009999999775,390.30869999999925,397.008299999997,402.4421999999992,406.7836999999992,411.9248999999985,415.991299999997,420.0911999999992,424.28299999999996,437.241299999997]",17,"[61.010800000000756,76.21030000000076,87.95240000000224,107.51070000000298,123.29360000000149,130.05160000000146,163.01,171.85980000000072,176.8429000000022,181.701,199.45140000000222,212.37499999999997,349.0083000000007,361.1166000000015,370.8915,373.7589000000022,430.966]","[61.01090000000224,76.21040000000224,87.95240000000224,107.51080000000076,123.29360000000149,130.05160000000146,163.01,171.85980000000072,176.843,181.701,199.45140000000222,212.37510000000148,349.0083000000007,361.1166000000015,370.8915,373.7589000000022,430.966]","[""scam_button""]",9.952008929,0.7537,4.942625661,0.8528,4.942625661,0.1788,,,,,,resources/images/scam_22.png,scam,1,0.65,0,0,,,,,,,,,,,,,,,,,,,,,,,,,,,,,,,,,,,,,,,,,,0,23,23,23,1,,,,,,,,,,,,,,,,,,,,,,,,,,,,,,,,,,,,,,,,,,,,,,,,,,,,,,,,,,,,,,,,,,,,,,,
,,,,,,,,,,,,,,,,533333,001,2025-04-10_13h45.38.395,SLSI,2022.2.5,MacIntel,120.4819277,,,,,,,,,,,,,,,,,,,,,,,,,,,,,,,,,,,,,,,,,,,,,,,,,,,,,,,,,,,,,,,,,,,,,,,,,,,,,,,,,,,,,space,2.0419,,,,,,,,,,,,,,,,,,,,,,,,,,,,,,,,,,,,,,,,,,,,,,,,,,,,,,,,,,,,,,,,,,,,,
,,,,,,,,,,,,,,,,533333,001,2025-04-10_13h45.38.395,SLSI,2022.2.5,MacIntel,120.4819277,,,,,,,,,,,,,,,,,,,,,,,,,,,,,,,,,,,,,,,,,,,,,,,,,,,,,,,,,,,,,,,,,,,,,,,,,,,,,,,,,,,,,,,2,3.313,...is talktative,0,0,0,1,1,...is talktative,,,,,,,,,,,,,,,,,,,,,,,,,,,,,,,,,,,,,,,,,,,,,,,,,,,,,,,,,,,,
,,,,,,,,,,,,,,,,533333,001,2025-04-10_13h45.38.395,SLSI,2022.2.5,MacIntel,120.4819277,,,,,,,,,,,,,,,,,,,,,,,,,,,,,,,,,,,,,,,,,,,,,,,,,,,,,,,,,,,,,,,,,,,,,,,,,,,,,,,,,,,,,,,5,3.2957,"....is reliable, can always be counted on",0,1,1,4,1,"....is reliable, can always be counted on",,,,,,,,,,,,,,,,,,,,,,,,,,,,,,,,,,,,,,,,,,,,,,,,,,,,,,,,,,,,
,,,,,,,,,,,,,,,,533333,001,2025-04-10_13h45.38.395,SLSI,2022.2.5,MacIntel,120.4819277,,,,,,,,,,,,,,,,,,,,,,,,,,,,,,,,,,,,,,,,,,,,,,,,,,,,,,,,,,,,,,,,,,,,,,,,,,,,,,,,,,,,,,,3,1.9819,...finds clever ways to do things,0,2,2,3,1,...finds clever ways to do things,,,,,,,,,,,,,,,,,,,,,,,,,,,,,,,,,,,,,,,,,,,,,,,,,,,,,,,,,,,,
,,,,,,,,,,,,,,,,533333,001,2025-04-10_13h45.38.395,SLSI,2022.2.5,MacIntel,120.4819277,,,,,,,,,,,,,,,,,,,,,,,,,,,,,,,,,,,,,,,,,,,,,,,,,,,,,,,,,,,,,,,,,,,,,,,,,,,,,,,,,,,,,,,2,1.7211,...often feels sad,0,3,3,0,1,...often feels sad,,,,,,,,,,,,,,,,,,,,,,,,,,,,,,,,,,,,,,,,,,,,,,,,,,,,,,,,,,,,
,,,,,,,,,,,,,,,,533333,001,2025-04-10_13h45.38.395,SLSI,2022.2.5,MacIntel,120.4819277,,,,,,,,,,,,,,,,,,,,,,,,,,,,,,,,,,,,,,,,,,,,,,,,,,,,,,,,,,,,,,,,,,,,,,,,,,,,,,,,,,,,,,,5,2.4148,"...is persistent, works until the task is finished",0,4,4,5,1,"...is persistent, works until the task is finished",,,,,,,,,,,,,,,,,,,,,,,,,,,,,,,,,,,,,,,,,,,,,,,,,,,,,,,,,,,,
,,,,,,,,,,,,,,,,533333,001,2025-04-10_13h45.38.395,SLSI,2022.2.5,MacIntel,120.4819277,,,,,,,,,,,,,,,,,,,,,,,,,,,,,,,,,,,,,,,,,,,,,,,,,,,,,,,,,,,,,,,,,,,,,,,,,,,,,,,,,,,,,,,5,1.2416,...is inventive,0,5,5,2,1,...is inventive,,,,,,,,,,,,,,,,,,,,,,,,,,,,,,,,,,,,,,,,,,,,,,,,,,,,,,,,,,,,
,,,,,,,,,,,,,,,,533333,001,2025-04-10_13h45.38.395,SLSI,2022.2.5,MacIntel,120.4819277,,,,,,,,,,,,,,,,,,,,,,,,,,,,,,,,,,,,,,,,,,,,,,,,,,,,,,,,,,,,,,,,,,,,,,,,,,,,,,,,,,,,,,,,,,,,,,,,space,1.4958,,,,,,,,,,,,,,,,,,,,,,,,,,,,,,,,,,,,,,,,,,,,,,,,,,,,,,,,,,
,,,,,,,,,,,,,,,,533333,001,2025-04-10_13h45.38.395,SLSI,2022.2.5,MacIntel,120.4819277,,,,,,,,,,,,,,,,,,,,,,,,,,,,,,,,,,,,,,,,,,,,,,,,,,,,,,,,,,,,,,,,,,,,,,,,,,,,,,,,,,,,,,,,,,,,,,,,,,2,8.1174,,0,0,0,12,1,I feel that things I have done in my life will survive after I die.,,,,,,,,,,,,,,,,,,,,,,,,,,,,,,,,,,,,,,,,,,,,,,,,,
,,,,,,,,,,,,,,,,533333,001,2025-04-10_13h45.38.395,SLSI,2022.2.5,MacIntel,120.4819277,,,,,,,,,,,,,,,,,,,,,,,,,,,,,,,,,,,,,,,,,,,,,,,,,,,,,,,,,,,,,,,,,,,,,,,,,,,,,,,,,,,,,,,,,,,,,,,,,,3,4.4171,,0,1,1,3,1,I feel as though I have made a difference to many people.,,,,,,,,,,,,,,,,,,,,,,,,,,,,,,,,,,,,,,,,,,,,,,,,,
,,,,,,,,,,,,,,,,533333,001,2025-04-10_13h45.38.395,SLSI,2022.2.5,MacIntel,120.4819277,,,,,,,,,,,,,,,,,,,,,,,,,,,,,,,,,,,,,,,,,,,,,,,,,,,,,,,,,,,,,,,,,,,,,,,,,,,,,,,,,,,,,,,,,,,,,,,,,,4,2.738,,0,2,2,10,1,"If I were unable to have children of my own, I would like to adopt children.",,,,,,,,,,,,,,,,,,,,,,,,,,,,,,,,,,,,,,,,,,,,,,,,,
,,,,,,,,,,,,,,,,533333,001,2025-04-10_13h45.38.395,SLSI,2022.2.5,MacIntel,120.4819277,,,,,,,,,,,,,,,,,,,,,,,,,,,,,,,,,,,,,,,,,,,,,,,,,,,,,,,,,,,,,,,,,,,,,,,,,,,,,,,,,,,,,,,,,,,,,,,,,,4,2.409,,0,3,3,17,1,I have a responsibility to improve the neighborhood in which I live.,,,,,,,,,,,,,,,,,,,,,,,,,,,,,,,,,,,,,,,,,,,,,,,,,
,,,,,,,,,,,,,,,,533333,001,2025-04-10_13h45.38.395,SLSI,2022.2.5,MacIntel,120.4819277,,,,,,,,,,,,,,,,,,,,,,,,,,,,,,,,,,,,,,,,,,,,,,,,,,,,,,,,,,,,,,,,,,,,,,,,,,,,,,,,,,,,,,,,,,,,,,,,,,4,1.7169,,0,4,4,6,1,I try to be creative in most things that I do.,,,,,,,,,,,,,,,,,,,,,,,,,,,,,,,,,,,,,,,,,,,,,,,,,
,,,,,,,,,,,,,,,,533333,001,2025-04-10_13h45.38.395,SLSI,2022.2.5,MacIntel,120.4819277,,,,,,,,,,,,,,,,,,,,,,,,,,,,,,,,,,,,,,,,,,,,,,,,,,,,,,,,,,,,,,,,,,,,,,,,,,,,,,,,,,,,,,,,,,,,,,,,,,3,1.754,,0,5,5,18,1,People come to me for advice.,,,,,,,,,,,,,,,,,,,,,,,,,,,,,,,,,,,,,,,,,,,,,,,,,
,,,,,,,,,,,,,,,,533333,001,2025-04-10_13h45.38.395,SLSI,2022.2.5,MacIntel,120.4819277,,,,,,,,,,,,,,,,,,,,,,,,,,,,,,,,,,,,,,,,,,,,,,,,,,,,,,,,,,,,,,,,,,,,,,,,,,,,,,,,,,,,,,,,,,,,,,,,,,3,3.9632,,0,6,6,19,1,I feel as though my contributions will exist after I die.,,,,,,,,,,,,,,,,,,,,,,,,,,,,,,,,,,,,,,,,,,,,,,,,,
,,,,,,,,,,,,,,,,533333,001,2025-04-10_13h45.38.395,SLSI,2022.2.5,MacIntel,120.4819277,,,,,,,,,,,,,,,,,,,,,,,,,,,,,,,,,,,,,,,,,,,,,,,,,,,,,,,,,,,,,,,,,,,,,,,,,,,,,,,,,,,,,,,,,,,,,,,,,,3,2.5587,,0,7,7,2,1,I think I would like the work of a teacher.,,,,,,,,,,,,,,,,,,,,,,,,,,,,,,,,,,,,,,,,,,,,,,,,,
,,,,,,,,,,,,,,,,533333,001,2025-04-10_13h45.38.395,SLSI,2022.2.5,MacIntel,120.4819277,,,,,,,,,,,,,,,,,,,,,,,,,,,,,,,,,,,,,,,,,,,,,,,,,,,,,,,,,,,,,,,,,,,,,,,,,,,,,,,,,,,,,,,,,,,,,,,,,,2,2.2377,,0,8,8,1,1,I feel that other people need me.,,,,,,,,,,,,,,,,,,,,,,,,,,,,,,,,,,,,,,,,,,,,,,,,,
,,,,,,,,,,,,,,,,533333,001,2025-04-10_13h45.38.395,SLSI,2022.2.5,MacIntel,120.4819277,,,,,,,,,,,,,,,,,,,,,,,,,,,,,,,,,,,,,,,,,,,,,,,,,,,,,,,,,,,,,,,,,,,,,,,,,,,,,,,,,,,,,,,,,,,,,,,,,,3,2.6922,,0,9,9,15,1,"I have made many commitments to many different kinds of people, groups, and activities in my life.",,,,,,,,,,,,,,,,,,,,,,,,,,,,,,,,,,,,,,,,,,,,,,,,,
,,,,,,,,,,,,,,,,533333,001,2025-04-10_13h45.38.395,SLSI,2022.2.5,MacIntel,120.4819277,,,,,,,,,,,,,,,,,,,,,,,,,,,,,,,,,,,,,,,,,,,,,,,,,,,,,,,,,,,,,,,,,,,,,,,,,,,,,,,,,,,,,,,,,,,,,,,,,,3,3.306,,0,10,10,8,1,I believe that society should be responsible for providing food and shelter for all homeless people.,,,,,,,,,,,,,,,,,,,,,,,,,,,,,,,,,,,,,,,,,,,,,,,,,
,,,,,,,,,,,,,,,,533333,001,2025-04-10_13h45.38.395,SLSI,2022.2.5,MacIntel,120.4819277,,,,,,,,,,,,,,,,,,,,,,,,,,,,,,,,,,,,,,,,,,,,,,,,,,,,,,,,,,,,,,,,,,,,,,,,,,,,,,,,,,,,,,,,,,,,,,,,,,2,2.2015,,0,11,11,14,1,I feel as though I have done a lot to contribute to others.,,,,,,,,,,,,,,,,,,,,,,,,,,,,,,,,,,,,,,,,,,,,,,,,,
,,,,,,,,,,,,,,,,533333,001,2025-04-10_13h45.38.395,SLSI,2022.2.5,MacIntel,120.4819277,,,,,,,,,,,,,,,,,,,,,,,,,,,,,,,,,,,,,,,,,,,,,,,,,,,,,,,,,,,,,,,,,,,,,,,,,,,,,,,,,,,,,,,,,,,,,,,,,,3,1.4293,,0,12,12,13,1,"In general, my actions have a positive effect on other people.",,,,,,,,,,,,,,,,,,,,,,,,,,,,,,,,,,,,,,,,,,,,,,,,,
,,,,,,,,,,,,,,,,533333,001,2025-04-10_13h45.38.395,SLSI,2022.2.5,MacIntel,120.4819277,,,,,,,,,,,,,,,,,,,,,,,,,,,,,,,,,,,,,,,,,,,,,,,,,,,,,,,,,,,,,,,,,,,,,,,,,,,,,,,,,,,,,,,,,,,,,,,,,,2,3.2594,,0,13,13,9,1,Others would say that I have made unique contributions to society.,,,,,,,,,,,,,,,,,,,,,,,,,,,,,,,,,,,,,,,,,,,,,,,,,
,,,,,,,,,,,,,,,,533333,001,2025-04-10_13h45.38.395,SLSI,2022.2.5,MacIntel,120.4819277,,,,,,,,,,,,,,,,,,,,,,,,,,,,,,,,,,,,,,,,,,,,,,,,,,,,,,,,,,,,,,,,,,,,,,,,,,,,,,,,,,,,,,,,,,,,,,,,,,3,2.6371,,0,14,14,5,1,I have made and created things that have had an impact on other people.,,,,,,,,,,,,,,,,,,,,,,,,,,,,,,,,,,,,,,,,,,,,,,,,,
,,,,,,,,,,,,,,,,533333,001,2025-04-10_13h45.38.395,SLSI,2022.2.5,MacIntel,120.4819277,,,,,,,,,,,,,,,,,,,,,,,,,,,,,,,,,,,,,,,,,,,,,,,,,,,,,,,,,,,,,,,,,,,,,,,,,,,,,,,,,,,,,,,,,,,,,,,,,,3,0.9713,,0,15,15,4,1,I volunteer to work for a charity.,,,,,,,,,,,,,,,,,,,,,,,,,,,,,,,,,,,,,,,,,,,,,,,,,
,,,,,,,,,,,,,,,,533333,001,2025-04-10_13h45.38.395,SLSI,2022.2.5,MacIntel,120.4819277,,,,,,,,,,,,,,,,,,,,,,,,,,,,,,,,,,,,,,,,,,,,,,,,,,,,,,,,,,,,,,,,,,,,,,,,,,,,,,,,,,,,,,,,,,,,,,,,,,4,2.6962,,0,16,16,0,1,Try to pass along the knowledge I have gained through my experiences.,,,,,,,,,,,,,,,,,,,,,,,,,,,,,,,,,,,,,,,,,,,,,,,,,
,,,,,,,,,,,,,,,,533333,001,2025-04-10_13h45.38.395,SLSI,2022.2.5,MacIntel,120.4819277,,,,,,,,,,,,,,,,,,,,,,,,,,,,,,,,,,,,,,,,,,,,,,,,,,,,,,,,,,,,,,,,,,,,,,,,,,,,,,,,,,,,,,,,,,,,,,,,,,4,1.3872,,0,17,17,16,1,Other people say that I am a very productive person.,,,,,,,,,,,,,,,,,,,,,,,,,,,,,,,,,,,,,,,,,,,,,,,,,
,,,,,,,,,,,,,,,,533333,001,2025-04-10_13h45.38.395,SLSI,2022.2.5,MacIntel,120.4819277,,,,,,,,,,,,,,,,,,,,,,,,,,,,,,,,,,,,,,,,,,,,,,,,,,,,,,,,,,,,,,,,,,,,,,,,,,,,,,,,,,,,,,,,,,,,,,,,,,3,3.7793,,0,18,18,7,1,I think that I will be remembered for a long time after I die.,,,,,,,,,,,,,,,,,,,,,,,,,,,,,,,,,,,,,,,,,,,,,,,,,
,,,,,,,,,,,,,,,,533333,001,2025-04-10_13h45.38.395,SLSI,2022.2.5,MacIntel,120.4819277,,,,,,,,,,,,,,,,,,,,,,,,,,,,,,,,,,,,,,,,,,,,,,,,,,,,,,,,,,,,,,,,,,,,,,,,,,,,,,,,,,,,,,,,,,,,,,,,,,2,2.742,,0,19,19,11,1,I have important skills that I try to teach others.,,,,,,,,,,,,,,,,,,,,,,,,,,,,,,,,,,,,,,,,,,,,,,,,,
,,,,,,,,,,,,,,,,533333,001,2025-04-10_13h45.38.395,SLSI,2022.2.5,MacIntel,120.4819277,,,,,,,,,,,,,,,,,,,,,,,,,,,,,,,,,,,,,,,,,,,,,,,,,,,,,,,,,,,,,,,,,,,,,,,,,,,,,,,,,,,,,,,,,,,,,,,,,,,,,,,,,,,space,1.7339,,,,,,,,,,,,,,,,,,,,,,,,,,,,,,,,,,,,,,,,,,,,,,,
,,,,,,,,,,,,,,,,533333,001,2025-04-10_13h45.38.395,SLSI,2022.2.5,MacIntel,120.4819277,,,,,,,,,,,,,,,,,,,,,,,,,,,,,,,,,,,,,,,,,,,,,,,,,,,,,,,,,,,,,,,,,,,,,,,,,,,,,,,,,,,,,,,,,,,,,,,,,,,,,,,,,,I feel in tune with the people around me,,,2,2.0245,,0,0,0,0,1,,,,,,,,,,,,,,,,,,,,,,,,,,,,,,,,,,,,,,,
,,,,,,,,,,,,,,,,533333,001,2025-04-10_13h45.38.395,SLSI,2022.2.5,MacIntel,120.4819277,,,,,,,,,,,,,,,,,,,,,,,,,,,,,,,,,,,,,,,,,,,,,,,,,,,,,,,,,,,,,,,,,,,,,,,,,,,,,,,,,,,,,,,,,,,,,,,,,,,,,,,,,,I do not feel alone,,,2,1.3917,,0,1,1,3,1,,,,,,,,,,,,,,,,,,,,,,,,,,,,,,,,,,,,,,,
,,,,,,,,,,,,,,,,533333,001,2025-04-10_13h45.38.395,SLSI,2022.2.5,MacIntel,120.4819277,,,,,,,,,,,,,,,,,,,,,,,,,,,,,,,,,,,,,,,,,,,,,,,,,,,,,,,,,,,,,,,,,,,,,,,,,,,,,,,,,,,,,,,,,,,,,,,,,,,,,,,,,,There are people I can talk to,,,3,1.3004,,0,2,2,18,1,,,,,,,,,,,,,,,,,,,,,,,,,,,,,,,,,,,,,,,
,,,,,,,,,,,,,,,,533333,001,2025-04-10_13h45.38.395,SLSI,2022.2.5,MacIntel,120.4819277,,,,,,,,,,,,,,,,,,,,,,,,,,,,,,,,,,,,,,,,,,,,,,,,,,,,,,,,,,,,,,,,,,,,,,,,,,,,,,,,,,,,,,,,,,,,,,,,,,,,,,,,,,I feel left out,,,2,1.4712,,0,3,3,10,1,,,,,,,,,,,,,,,,,,,,,,,,,,,,,,,,,,,,,,,
,,,,,,,,,,,,,,,,533333,001,2025-04-10_13h45.38.395,SLSI,2022.2.5,MacIntel,120.4819277,,,,,,,,,,,,,,,,,,,,,,,,,,,,,,,,,,,,,,,,,,,,,,,,,,,,,,,,,,,,,,,,,,,,,,,,,,,,,,,,,,,,,,,,,,,,,,,,,,,,,,,,,,I am an outgoing person,,,2,2.3505,,0,4,4,8,1,,,,,,,,,,,,,,,,,,,,,,,,,,,,,,,,,,,,,,,
,,,,,,,,,,,,,,,,533333,001,2025-04-10_13h45.38.395,SLSI,2022.2.5,MacIntel,120.4819277,,,,,,,,,,,,,,,,,,,,,,,,,,,,,,,,,,,,,,,,,,,,,,,,,,,,,,,,,,,,,,,,,,,,,,,,,,,,,,,,,,,,,,,,,,,,,,,,,,,,,,,,,,I am no longer close to anyone,,,3,1.288,,0,5,5,6,1,,,,,,,,,,,,,,,,,,,,,,,,,,,,,,,,,,,,,,,
,,,,,,,,,,,,,,,,533333,001,2025-04-10_13h45.38.395,SLSI,2022.2.5,MacIntel,120.4819277,,,,,,,,,,,,,,,,,,,,,,,,,,,,,,,,,,,,,,,,,,,,,,,,,,,,,,,,,,,,,,,,,,,,,,,,,,,,,,,,,,,,,,,,,,,,,,,,,,,,,,,,,,There are people I feel close to,,,3,2.8673,,0,6,6,9,1,,,,,,,,,,,,,,,,,,,,,,,,,,,,,,,,,,,,,,,
,,,,,,,,,,,,,,,,533333,001,2025-04-10_13h45.38.395,SLSI,2022.2.5,MacIntel,120.4819277,,,,,,,,,,,,,,,,,,,,,,,,,,,,,,,,,,,,,,,,,,,,,,,,,,,,,,,,,,,,,,,,,,,,,,,,,,,,,,,,,,,,,,,,,,,,,,,,,,,,,,,,,,My interests and ideas are not shared by those around me,,,2,2.5175,,0,7,7,7,1,,,,,,,,,,,,,,,,,,,,,,,,,,,,,,,,,,,,,,,
,,,,,,,,,,,,,,,,533333,001,2025-04-10_13h45.38.395,SLSI,2022.2.5,MacIntel,120.4819277,,,,,,,,,,,,,,,,,,,,,,,,,,,,,,,,,,,,,,,,,,,,,,,,,,,,,,,,,,,,,,,,,,,,,,,,,,,,,,,,,,,,,,,,,,,,,,,,,,,,,,,,,,I am unhappy being so withdrawn ,,,3,2.917,,0,8,8,16,1,,,,,,,,,,,,,,,,,,,,,,,,,,,,,,,,,,,,,,,
,,,,,,,,,,,,,,,,533333,001,2025-04-10_13h45.38.395,SLSI,2022.2.5,MacIntel,120.4819277,,,,,,,,,,,,,,,,,,,,,,,,,,,,,,,,,,,,,,,,,,,,,,,,,,,,,,,,,,,,,,,,,,,,,,,,,,,,,,,,,,,,,,,,,,,,,,,,,,,,,,,,,,No one really knows me well,,,2,1.2754,,0,9,9,12,1,,,,,,,,,,,,,,,,,,,,,,,,,,,,,,,,,,,,,,,
,,,,,,,,,,,,,,,,533333,001,2025-04-10_13h45.38.395,SLSI,2022.2.5,MacIntel,120.4819277,,,,,,,,,,,,,,,,,,,,,,,,,,,,,,,,,,,,,,,,,,,,,,,,,,,,,,,,,,,,,,,,,,,,,,,,,,,,,,,,,,,,,,,,,,,,,,,,,,,,,,,,,,I have a lot in common with the people around me,,,3,1.1173,,0,10,10,5,1,,,,,,,,,,,,,,,,,,,,,,,,,,,,,,,,,,,,,,,
,,,,,,,,,,,,,,,,533333,001,2025-04-10_13h45.38.395,SLSI,2022.2.5,MacIntel,120.4819277,,,,,,,,,,,,,,,,,,,,,,,,,,,,,,,,,,,,,,,,,,,,,,,,,,,,,,,,,,,,,,,,,,,,,,,,,,,,,,,,,,,,,,,,,,,,,,,,,,,,,,,,,,There is no one I can turn to,,,3,3.2089,,0,11,11,2,1,,,,,,,,,,,,,,,,,,,,,,,,,,,,,,,,,,,,,,,
,,,,,,,,,,,,,,,,533333,001,2025-04-10_13h45.38.395,SLSI,2022.2.5,MacIntel,120.4819277,,,,,,,,,,,,,,,,,,,,,,,,,,,,,,,,,,,,,,,,,,,,,,,,,,,,,,,,,,,,,,,,,,,,,,,,,,,,,,,,,,,,,,,,,,,,,,,,,,,,,,,,,,I feel isolated from others,,,3,0.642,,0,12,12,13,1,,,,,,,,,,,,,,,,,,,,,,,,,,,,,,,,,,,,,,,
,,,,,,,,,,,,,,,,533333,001,2025-04-10_13h45.38.395,SLSI,2022.2.5,MacIntel,120.4819277,,,,,,,,,,,,,,,,,,,,,,,,,,,,,,,,,,,,,,,,,,,,,,,,,,,,,,,,,,,,,,,,,,,,,,,,,,,,,,,,,,,,,,,,,,,,,,,,,,,,,,,,,,I lack companionship,,,2,0.9501,,0,13,13,1,1,,,,,,,,,,,,,,,,,,,,,,,,,,,,,,,,,,,,,,,
,,,,,,,,,,,,,,,,533333,001,2025-04-10_13h45.38.395,SLSI,2022.2.5,MacIntel,120.4819277,,,,,,,,,,,,,,,,,,,,,,,,,,,,,,,,,,,,,,,,,,,,,,,,,,,,,,,,,,,,,,,,,,,,,,,,,,,,,,,,,,,,,,,,,,,,,,,,,,,,,,,,,,I feel part of a group of friends,,,2,2.0423,,0,14,14,4,1,,,,,,,,,,,,,,,,,,,,,,,,,,,,,,,,,,,,,,,
,,,,,,,,,,,,,,,,533333,001,2025-04-10_13h45.38.395,SLSI,2022.2.5,MacIntel,120.4819277,,,,,,,,,,,,,,,,,,,,,,,,,,,,,,,,,,,,,,,,,,,,,,,,,,,,,,,,,,,,,,,,,,,,,,,,,,,,,,,,,,,,,,,,,,,,,,,,,,,,,,,,,,I can find companionship when I want it,,,3,1.3337,,0,15,15,14,1,,,,,,,,,,,,,,,,,,,,,,,,,,,,,,,,,,,,,,,
,,,,,,,,,,,,,,,,533333,001,2025-04-10_13h45.38.395,SLSI,2022.2.5,MacIntel,120.4819277,,,,,,,,,,,,,,,,,,,,,,,,,,,,,,,,,,,,,,,,,,,,,,,,,,,,,,,,,,,,,,,,,,,,,,,,,,,,,,,,,,,,,,,,,,,,,,,,,,,,,,,,,,There are people who really understand me,,,3,1.2796,,0,16,16,15,1,,,,,,,,,,,,,,,,,,,,,,,,,,,,,,,,,,,,,,,
,,,,,,,,,,,,,,,,533333,001,2025-04-10_13h45.38.395,SLSI,2022.2.5,MacIntel,120.4819277,,,,,,,,,,,,,,,,,,,,,,,,,,,,,,,,,,,,,,,,,,,,,,,,,,,,,,,,,,,,,,,,,,,,,,,,,,,,,,,,,,,,,,,,,,,,,,,,,,,,,,,,,,There are people I can turn to,,,3,1.0503,,0,17,17,19,1,,,,,,,,,,,,,,,,,,,,,,,,,,,,,,,,,,,,,,,
,,,,,,,,,,,,,,,,533333,001,2025-04-10_13h45.38.395,SLSI,2022.2.5,MacIntel,120.4819277,,,,,,,,,,,,,,,,,,,,,,,,,,,,,,,,,,,,,,,,,,,,,,,,,,,,,,,,,,,,,,,,,,,,,,,,,,,,,,,,,,,,,,,,,,,,,,,,,,,,,,,,,,My social relationships are superficial,,,2,1.7342,,0,18,18,11,1,,,,,,,,,,,,,,,,,,,,,,,,,,,,,,,,,,,,,,,
,,,,,,,,,,,,,,,,533333,001,2025-04-10_13h45.38.395,SLSI,2022.2.5,MacIntel,120.4819277,,,,,,,,,,,,,,,,,,,,,,,,,,,,,,,,,,,,,,,,,,,,,,,,,,,,,,,,,,,,,,,,,,,,,,,,,,,,,,,,,,,,,,,,,,,,,,,,,,,,,,,,,,People are around me but not with me,,,3,2.8676,,0,19,19,17,1,,,,,,,,,,,,,,,,,,,,,,,,,,,,,,,,,,,,,,,
,,,,,,,,,,,,,,,,533333,001,2025-04-10_13h45.38.395,SLSI,2022.2.5,MacIntel,120.4819277,,,,,,,,,,,,,,,,,,,,,,,,,,,,,,,,,,,,,,,,,,,,,,,,,,,,,,,,,,,,,,,,,,,,,,,,,,,,,,,,,,,,,,,,,,,,,,,,,,,,,,,,,,,,,,,,,,,,,space,0.1627,,,,,,,,,,,,,,,,,,,,,,,,,,,,,,,,,,,,,
,,,,,,,,,,,,,,,,533333,001,2025-04-10_13h45.38.395,SLSI,2022.2.5,MacIntel,120.4819277,,,,,,,,,,,,,,,,,,,,,,,,,,,,,,,,,,,,,,,,,,,,,,,,,,,,,,,,,,,,,,,,,,,,,,,,,,,,,,,,,,,,,,,,,,,,,,,,,,,,,,,,,,,,,,,,,,,,,,,2,6.6236,I think I probably worry more about Alzheimer’s disease and related dementias than other people my same age.,0,0,0,11,1,I think I probably worry more about Alzheimer’s disease and related dementias than other people my same age.,,,,,,,,,,,,,,,,,,,,,,,,,,,,
,,,,,,,,,,,,,,,,533333,001,2025-04-10_13h45.38.395,SLSI,2022.2.5,MacIntel,120.4819277,,,,,,,,,,,,,,,,,,,,,,,,,,,,,,,,,,,,,,,,,,,,,,,,,,,,,,,,,,,,,,,,,,,,,,,,,,,,,,,,,,,,,,,,,,,,,,,,,,,,,,,,,,,,,,,,,,,,,,,2,3.1871,"More often than not, I find my thoughts returning to concerns that I have Alzheimer’s disease or a related dementia.",0,1,1,4,1,"More often than not, I find my thoughts returning to concerns that I have Alzheimer’s disease or a related dementia.",,,,,,,,,,,,,,,,,,,,,,,,,,,,
,,,,,,,,,,,,,,,,533333,001,2025-04-10_13h45.38.395,SLSI,2022.2.5,MacIntel,120.4819277,,,,,,,,,,,,,,,,,,,,,,,,,,,,,,,,,,,,,,,,,,,,,,,,,,,,,,,,,,,,,,,,,,,,,,,,,,,,,,,,,,,,,,,,,,,,,,,,,,,,,,,,,,,,,,,,,,,,,,,3,2.6264,"When I can’t remember something, I find myself wondering whether I have Alzheimer’s disease or a related dementia.",0,2,2,2,1,"When I can’t remember something, I find myself wondering whether I have Alzheimer’s disease or a related dementia.",,,,,,,,,,,,,,,,,,,,,,,,,,,,
,,,,,,,,,,,,,,,,533333,001,2025-04-10_13h45.38.395,SLSI,2022.2.5,MacIntel,120.4819277,,,,,,,,,,,,,,,,,,,,,,,,,,,,,,,,,,,,,,,,,,,,,,,,,,,,,,,,,,,,,,,,,,,,,,,,,,,,,,,,,,,,,,,,,,,,,,,,,,,,,,,,,,,,,,,,,,,,,,,3,2.8117,I find it difficult to control my worries about developing Alzheimer’s disease and related dementias.,0,3,3,1,1,I find it difficult to control my worries about developing Alzheimer’s disease and related dementias.,,,,,,,,,,,,,,,,,,,,,,,,,,,,
,,,,,,,,,,,,,,,,533333,001,2025-04-10_13h45.38.395,SLSI,2022.2.5,MacIntel,120.4819277,,,,,,,,,,,,,,,,,,,,,,,,,,,,,,,,,,,,,,,,,,,,,,,,,,,,,,,,,,,,,,,,,,,,,,,,,,,,,,,,,,,,,,,,,,,,,,,,,,,,,,,,,,,,,,,,,,,,,,,2,2.1539,My worries about Alzheimer’s disease and related dementias overwhelm me.,0,4,4,3,1,My worries about Alzheimer’s disease and related dementias overwhelm me.,,,,,,,,,,,,,,,,,,,,,,,,,,,,
,,,,,,,,,,,,,,,,533333,001,2025-04-10_13h45.38.395,SLSI,2022.2.5,MacIntel,120.4819277,,,,,,,,,,,,,,,,,,,,,,,,,,,,,,,,,,,,,,,,,,,,,,,,,,,,,,,,,,,,,,,,,,,,,,,,,,,,,,,,,,,,,,,,,,,,,,,,,,,,,,,,,,,,,,,,,,,,,,,3,1.2942,"Even though I know it doesn’t help to focus on it, I can’t help thinking about whether or not I have Alzheimer’s disease or a related dementia.",0,5,5,7,1,"Even though I know it doesn’t help to focus on it, I can’t help thinking about whether or not I have Alzheimer’s disease or a related dementia.",,,,,,,,,,,,,,,,,,,,,,,,,,,,
,,,,,,,,,,,,,,,,533333,001,2025-04-10_13h45.38.395,SLSI,2022.2.5,MacIntel,120.4819277,,,,,,,,,,,,,,,,,,,,,,,,,,,,,,,,,,,,,,,,,,,,,,,,,,,,,,,,,,,,,,,,,,,,,,,,,,,,,,,,,,,,,,,,,,,,,,,,,,,,,,,,,,,,,,,,,,,,,,,2,2.152,"Sometimes when trying to go to sleep, I find my thoughts drift to my concerns about having Alzheimer’s disease or a related dementia.",0,6,6,9,1,"Sometimes when trying to go to sleep, I find my thoughts drift to my concerns about having Alzheimer’s disease or a related dementia.",,,,,,,,,,,,,,,,,,,,,,,,,,,,
,,,,,,,,,,,,,,,,533333,001,2025-04-10_13h45.38.395,SLSI,2022.2.5,MacIntel,120.4819277,,,,,,,,,,,,,,,,,,,,,,,,,,,,,,,,,,,,,,,,,,,,,,,,,,,,,,,,,,,,,,,,,,,,,,,,,,,,,,,,,,,,,,,,,,,,,,,,,,,,,,,,,,,,,,,,,,,,,,,2,2.521,"Once I start worrying about Alzheimer’s disease and related dementias, I just cannot stop.",0,7,7,8,1,"Once I start worrying about Alzheimer’s disease and related dementias, I just cannot stop.",,,,,,,,,,,,,,,,,,,,,,,,,,,,
,,,,,,,,,,,,,,,,533333,001,2025-04-10_13h45.38.395,SLSI,2022.2.5,MacIntel,120.4819277,,,,,,,,,,,,,,,,,,,,,,,,,,,,,,,,,,,,,,,,,,,,,,,,,,,,,,,,,,,,,,,,,,,,,,,,,,,,,,,,,,,,,,,,,,,,,,,,,,,,,,,,,,,,,,,,,,,,,,,3,2.9712,"	When I hear about someone having Alzheimer’s disease or a related dementia, I start to worry about having it myself.",0,8,8,5,1,"	When I hear about someone having Alzheimer’s disease or a related dementia, I start to worry about having it myself.",,,,,,,,,,,,,,,,,,,,,,,,,,,,
,,,,,,,,,,,,,,,,533333,001,2025-04-10_13h45.38.395,SLSI,2022.2.5,MacIntel,120.4819277,,,,,,,,,,,,,,,,,,,,,,,,,,,,,,,,,,,,,,,,,,,,,,,,,,,,,,,,,,,,,,,,,,,,,,,,,,,,,,,,,,,,,,,,,,,,,,,,,,,,,,,,,,,,,,,,,,,,,,,4,4.2824,"When I am not distracted, I find my thoughts focusing on my own cognitive changes and concerns.",0,9,9,6,1,"When I am not distracted, I find my thoughts focusing on my own cognitive changes and concerns.",,,,,,,,,,,,,,,,,,,,,,,,,,,,
,,,,,,,,,,,,,,,,533333,001,2025-04-10_13h45.38.395,SLSI,2022.2.5,MacIntel,120.4819277,,,,,,,,,,,,,,,,,,,,,,,,,,,,,,,,,,,,,,,,,,,,,,,,,,,,,,,,,,,,,,,,,,,,,,,,,,,,,,,,,,,,,,,,,,,,,,,,,,,,,,,,,,,,,,,,,,,,,,,1,4.2361,"I know I shouldn’t worry about developing Alzheimer’s disease and related dementias, but I just cannot help it.",0,10,10,0,1,"I know I shouldn’t worry about developing Alzheimer’s disease and related dementias, but I just cannot help it.",,,,,,,,,,,,,,,,,,,,,,,,,,,,
,,,,,,,,,,,,,,,,533333,001,2025-04-10_13h45.38.395,SLSI,2022.2.5,MacIntel,120.4819277,,,,,,,,,,,,,,,,,,,,,,,,,,,,,,,,,,,,,,,,,,,,,,,,,,,,,,,,,,,,,,,,,,,,,,,,,,,,,,,,,,,,,,,,,,,,,,,,,,,,,,,,,,,,,,,,,,,,,,,1,2.1282,"When I forget a word that I want to say, my thoughts immediately turn to Alzheimer’s disease and related dementias.",0,11,11,10,1,"When I forget a word that I want to say, my thoughts immediately turn to Alzheimer’s disease and related dementias.",,,,,,,,,,,,,,,,,,,,,,,,,,,,
,,,,,,,,,,,,,,,,533333,001,2025-04-10_13h45.38.395,SLSI,2022.2.5,MacIntel,120.4819277,,,,,,,,,,,,,,,,,,,,,,,,,,,,,,,,,,,,,,,,,,,,,,,,,,,,,,,,,,,,,,,,,,,,,,,,,,,,,,,,,,,,,,,,,,,,,,,,,,,,,,,,,,,,,,,,,,,,,,,,,,,,,,,,space,0.6669,,,,,,,,,,,,,,,,,,,,,,,,,,
,,,,,,,,,,,,,,,,533333,001,2025-04-10_13h45.38.395,SLSI,2022.2.5,MacIntel,120.4819277,,,,,,,,,,,,,,,,,,,,,,,,,,,,,,,,,,,,,,,,,,,,,,,,,,,,,,,,,,,,,,,,,,,,,,,,,,,,,,,,,,,,,,,,,,,,,,,,,,,,,,,,,,,,,,,,,,,,,,,,,,,,,,,,,,2,3.6393,Persons over the age of 65 are often targeted by con-artists,0,0,0,3,1,Persons over the age of 65 are often targeted by con-artists,,,,,,,,,,,,,,,,,
,,,,,,,,,,,,,,,,533333,001,2025-04-10_13h45.38.395,SLSI,2022.2.5,MacIntel,120.4819277,,,,,,,,,,,,,,,,,,,,,,,,,,,,,,,,,,,,,,,,,,,,,,,,,,,,,,,,,,,,,,,,,,,,,,,,,,,,,,,,,,,,,,,,,,,,,,,,,,,,,,,,,,,,,,,,,,,,,,,,,,,,,,,,,,3,3.0727,"I answer the phone whenever it rings, even if I do not know who is calling",0,1,1,0,1,"I answer the phone whenever it rings, even if I do not know who is calling",,,,,,,,,,,,,,,,,
,,,,,,,,,,,,,,,,533333,001,2025-04-10_13h45.38.395,SLSI,2022.2.5,MacIntel,120.4819277,,,,,,,,,,,,,,,,,,,,,,,,,,,,,,,,,,,,,,,,,,,,,,,,,,,,,,,,,,,,,,,,,,,,,,,,,,,,,,,,,,,,,,,,,,,,,,,,,,,,,,,,,,,,,,,,,,,,,,,,,,,,,,,,,,2,3.449,"If something sounds too good to be true, it usually is",0,2,2,2,1,"If something sounds too good to be true, it usually is",,,,,,,,,,,,,,,,,
,,,,,,,,,,,,,,,,533333,001,2025-04-10_13h45.38.395,SLSI,2022.2.5,MacIntel,120.4819277,,,,,,,,,,,,,,,,,,,,,,,,,,,,,,,,,,,,,,,,,,,,,,,,,,,,,,,,,,,,,,,,,,,,,,,,,,,,,,,,,,,,,,,,,,,,,,,,,,,,,,,,,,,,,,,,,,,,,,,,,,,,,,,,,,2,2.122,"I have difficulty ending a phone call, even if the caller is a telemarketer, someone I do not know, or someone I do not wish to call me",0,3,3,1,1,"I have difficulty ending a phone call, even if the caller is a telemarketer, someone I do not know, or someone I do not wish to call me",,,,,,,,,,,,,,,,,
,,,,,,,,,,,,,,,,533333,001,2025-04-10_13h45.38.395,SLSI,2022.2.5,MacIntel,120.4819277,,,,,,,,,,,,,,,,,,,,,,,,,,,,,,,,,,,,,,,,,,,,,,,,,,,,,,,,,,,,,,,,,,,,,,,,,,,,,,,,,,,,,,,,,,,,,,,,,,,,,,,,,,,,,,,,,,,,,,,,,,,,,,,,,,1,2.6957,"If a telemarketer calls me, I usually listen to what they have to say",0,4,4,4,1,"If a telemarketer calls me, I usually listen to what they have to say",,,,,,,,,,,,,,,,,
,,,,,,,,,,,,,,,,533333,001,2025-04-10_13h45.38.395,SLSI,2022.2.5,MacIntel,120.4819277,,,,,,,,,,,,,,,,,,,,,,,,,,,,,,,,,,,,,,,,,,,,,,,,,,,,,,,,,,,,,,,,,,,,,,,,,,,,,,,,,,,,,,,,,,,,,,,,,,,,,,,,,,,,,,,,,,,,,,,,,,,,,,,,,,,,,,,,,,,1.028025794,2.5909,,,,,,,,,,,,,,,
,,,,,,,,,,,,,,,,533333,001,2025-04-10_13h45.38.395,SLSI,2022.2.5,MacIntel,120.4819277,,,,,,,,,,,,,,,,,,,,,,,,,,,,,,,,,,,,,,,,,,,,,,,,,,,,,,,,,,,,,,,,,,,,,,,,,,,,,,,,,,,,,,,,,,,,,,,,,,,,,,,,,,,,,,,,,,,,,,,,,,,,,,,,,,,,,,,,,,,,,,,,,,,,,,,,,,,
,,,,,,,,,,,,,,,,533333,001,2025-04-10_13h45.38.395,SLSI,2022.2.5,MacIntel,120.4819277,,,,,,,,,,,,,,,,,,,,,,,,,,,,,,,,,,,,,,,,,,,,,,,,,,,,,,,,,,,,,,,,,,,,,,,,,,,,,,,,,,,,,,,,,,,,,,,,,,,,,,,,,,,,,,,,,,,,,,,,,,,,,,,,,,,,,,,,,,,,,"[""female_option""]",,,,,,,,,,,,,,
,,,,,,,,,,,,,,,,533333,001,2025-04-10_13h45.38.395,SLSI,2022.2.5,MacIntel,120.4819277,,,,,,,,,,,,,,,,,,,,,,,,,,,,,,,,,,,,,,,,,,,,,,,,,,,,,,,,,,,,,,,,,,,,,,,,,,,,,,,,,,,,,,,,,,,,,,,,,,,,,,,,,,,,,,,,,,,,,,,,,,,,,,,,,,,,,,,,,,,,,,,,,,,,,,,,,,,
,,,,,,,,,,,,,,,,533333,001,2025-04-10_13h45.38.395,SLSI,2022.2.5,MacIntel,120.4819277,,,,,,,,,,,,,,,,,,,,,,,,,,,,,,,,,,,,,,,,,,,,,,,,,,,,,,,,,,,,,,,,,,,,,,,,,,,,,,,,,,,,,,,,,,,,,,,,,,,,,,,,,,,,,,,,,,,,,,,,,,,,,,,,,,,,,,,,,,,,,,20,07/14/2004,,,,,,,,,,,,
,,,,,,,,,,,,,,,,533333,001,2025-04-10_13h45.38.395,SLSI,2022.2.5,MacIntel,120.4819277,,,,,,,,,,,,,,,,,,,,,,,,,,,,,,,,,,,,,,,,,,,,,,,,,,,,,,,,,,,,,,,,,,,,,,,,,,,,,,,,,,,,,,,,,,,,,,,,,,,,,,,,,,,,,,,,,,,,,,,,,,,,,,,,,,,,,,,,,,,,,,,,,,,,,,,,,,,
,,,,,,,,,,,,,,,,533333,001,2025-04-10_13h45.38.395,SLSI,2022.2.5,MacIntel,120.4819277,,,,,,,,,,,,,,,,,,,,,,,,,,,,,,,,,,,,,,,,,,,,,,,,,,,,,,,,,,,,,,,,,,,,,,,,,,,,,,,,,,,,,,,,,,,,,,,,,,,,,,,,,,,,,,,,,,,,,,,,,,,,,,,,,,,,,,,,,,,,,,,,"[""EduOpt3""]",,,,,,,,,,,
,,,,,,,,,,,,,,,,533333,001,2025-04-10_13h45.38.395,SLSI,2022.2.5,MacIntel,120.4819277,,,,,,,,,,,,,,,,,,,,,,,,,,,,,,,,,,,,,,,,,,,,,,,,,,,,,,,,,,,,,,,,,,,,,,,,,,,,,,,,,,,,,,,,,,,,,,,,,,,,,,,,,,,,,,,,,,,,,,,,,,,,,,,,,,,,,,,,,,,,,,,,,,,,,,,,,,,
,,,,,,,,,,,,,,,,533333,001,2025-04-10_13h45.38.395,SLSI,2022.2.5,MacIntel,120.4819277,,,,,,,,,,,,,,,,,,,,,,,,,,,,,,,,,,,,,,,,,,,,,,,,,,,,,,,,,,,,,,,,,,,,,,,,,,,,,,,,,,,,,,,,,,,,,,,,,,,,,,,,,,,,,,,,,,,,,,,,,,,,,,,,,,,,,,,,,,,,,,,,,"[""EthnOpt4""]",,,,,,,,,,
,,,,,,,,,,,,,,,,533333,001,2025-04-10_13h45.38.395,SLSI,2022.2.5,MacIntel,120.4819277,,,,,,,,,,,,,,,,,,,,,,,,,,,,,,,,,,,,,,,,,,,,,,,,,,,,,,,,,,,,,,,,,,,,,,,,,,,,,,,,,,,,,,,,,,,,,,,,,,,,,,,,,,,,,,,,,,,,,,,,,,,,,,,,,,,,,,,,,,,,,,,,,,,,,,,,,,,
,,,,,,,,,,,,,,,,533333,001,2025-04-10_13h45.38.395,SLSI,2022.2.5,MacIntel,120.4819277,,,,,,,,,,,,,,,,,,,,,,,,,,,,,,,,,,,,,,,,,,,,,,,,,,,,,,,,,,,,,,,,,,,,,,,,,,,,,,,,,,,,,,,,,,,,,,,,,,,,,,,,,,,,,,,,,,,,,,,,,,,,,,,,,,,,,,,,,,,,,,,,,,"[""EngFlncyY""]",,,,,,,,,
,,,,,,,,,,,,,,,,533333,001,2025-04-10_13h45.38.395,SLSI,2022.2.5,MacIntel,120.4819277,,,,,,,,,,,,,,,,,,,,,,,,,,,,,,,,,,,,,,,,,,,,,,,,,,,,,,,,,,,,,,,,,,,,,,,,,,,,,,,,,,,,,,,,,,,,,,,,,,,,,,,,,,,,,,,,,,,,,,,,,,,,,,,,,,,,,,,,,,,,,,,,,,,,,,,,,,,
,,,,,,,,,,,,,,,,533333,001,2025-04-10_13h45.38.395,SLSI,2022.2.5,MacIntel,120.4819277,,,,,,,,,,,,,,,,,,,,,,,,,,,,,,,,,,,,,,,,,,,,,,,,,,,,,,,,,,,,,,,,,,,,,,,,,,,,,,,,,,,,,,,,,,,,,,,,,,,,,,,,,,,,,,,,,,,,,,,,,,,,,,,,,,,,,,,,,,,,,,,,,,,4,USA,,,,,,,
,,,,,,,,,,,,,,,,533333,001,2025-04-10_13h45.38.395,SLSI,2022.2.5,MacIntel,120.4819277,,,,,,,,,,,,,,,,,,,,,,,,,,,,,,,,,,,,,,,,,,,,,,,,,,,,,,,,,,,,,,,,,,,,,,,,,,,,,,,,,,,,,,,,,,,,,,,,,,,,,,,,,,,,,,,,,,,,,,,,,,,,,,,,,,,,,,,,,,,,,,,,,,,,,,,,,,,
,,,,,,,,,,,,,,,,533333,001,2025-04-10_13h45.38.395,SLSI,2022.2.5,MacIntel,120.4819277,,,,,,,,,,,,,,,,,,,,,,,,,,,,,,,,,,,,,,,,,,,,,,,,,,,,,,,,,,,,,,,,,,,,,,,,,,,,,,,,,,,,,,,,,,,,,,,,,,,,,,,,,,,,,,,,,,,,,,,,,,,,,,,,,,,,,,,,,,,,,,,,,,,,,D,,,,,,
,,,,,,,,,,,,,,,,533333,001,2025-04-10_13h45.38.395,SLSI,2022.2.5,MacIntel,120.4819277,,,,,,,,,,,,,,,,,,,,,,,,,,,,,,,,,,,,,,,,,,,,,,,,,,,,,,,,,,,,,,,,,,,,,,,,,,,,,,,,,,,,,,,,,,,,,,,,,,,,,,,,,,,,,,,,,,,,,,,,,,,,,,,,,,,,,,,,,,,,,,,,,,,,,,,,,,,
,,,,,,,,,,,,,,,,533333,001,2025-04-10_13h45.38.395,SLSI,2022.2.5,MacIntel,120.4819277,,,,,,,,,,,,,,,,,,,,,,,,,,,,,,,,,,,,,,,,,,,,,,,,,,,,,,,,,,,,,,,,,,,,,,,,,,,,,,,,,,,,,,,,,,,,,,,,,,,,,,,,,,,,,,,,,,,,,,,,,,,,,,,,,,,,,,,,,,,,,,,,,,,,,,No i wasn't,,,,,
,,,,,,,,,,,,,,,,533333,001,2025-04-10_13h45.38.395,SLSI,2022.2.5,MacIntel,120.4819277,,,,,,,,,,,,,,,,,,,,,,,,,,,,,,,,,,,,,,,,,,,,,,,,,,,,,,,,,,,,,,,,,,,,,,,,,,,,,,,,,,,,,,,,,,,,,,,,,,,,,,,,,,,,,,,,,,,,,,,,,,,,,,,,,,,,,,,,,,,,,,,,,,,,,,,,,,,
,,,,,,,,,,,,,,,,533333,001,2025-04-10_13h45.38.395,SLSI,2022.2.5,MacIntel,120.4819277,,,,,,,,,,,,,,,,,,,,,,,,,,,,,,,,,,,,,,,,,,,,,,,,,,,,,,,,,,,,,,,,,,,,,,,,,,,,,,,,,,,,,,,,,,,,,,,,,,,,,,,,,,,,,,,,,,,,,,,,,,,,,,,,,,,,,,,,,,,,,,,,,,,,,,,It was an easy and engaging experiment,,,,
,,,,,,,,,,,,,,,,533333,001,2025-04-10_13h45.38.395,SLSI,2022.2.5,MacIntel,120.4819277,,,,,,,,,,,,,,,,,,,,,,,,,,,,,,,,,,,,,,,,,,,,,,,,,,,,,,,,,,,,,,,,,,,,,,,,,,,,,,,,,,,,,,,,,,,,,,,,,,,,,,,,,,,,,,,,,,,,,,,,,,,,,,,,,,,,,,,,,,,,,,,,,,,,,,,,,,,
,,,,,,,,,,,,,,,,533333,001,2025-04-10_13h45.38.395,SLSI,2022.2.5,MacIntel,120.4819277,,,,,,,,,,,,,,,,,,,,,,,,,,,,,,,,,,,,,,,,,,,,,,,,,,,,,,,,,,,,,,,,,,,,,,,,,,,,,,,,,,,,,,,,,,,,,,,,,,,,,,,,,,,,,,,,,,,,,,,,,,,,,,,,,,,,,,,,,,,,,,,,,,,,,,,,"[""Q4option1""]",,,
,,,,,,,,,,,,,,,,533333,001,2025-04-10_13h45.38.395,SLSI,2022.2.5,MacIntel,120.4819277,,,,,,,,,,,,,,,,,,,,,,,,,,,,,,,,,,,,,,,,,,,,,,,,,,,,,,,,,,,,,,,,,,,,,,,,,,,,,,,,,,,,,,,,,,,,,,,,,,,,,,,,,,,,,,,,,,,,,,,,,,,,,,,,,,,,,,,,,,,,,,,,,,,,,,,,,,,
,,,,,,,,,,,,,,,,533333,001,2025-04-10_13h45.38.395,SLSI,2022.2.5,MacIntel,120.4819277,,,,,,,,,,,,,,,,,,,,,,,,,,,,,,,,,,,,,,,,,,,,,,,,,,,,,,,,,,,,,,,,,,,,,,,,,,,,,,,,,,,,,,,,,,,,,,,,,,,,,,,,,,,,,,,,,,,,,,,,,,,,,,,,,,,,,,,,,,,,,,,,,,,,,,,,,1,[700.7571999999992],[700.7573999999985]
