bruinID.text,button.numClicks,button.timesOn,button.timesOff,mouseLogIn.x,mouseLogIn.y,mouseLogIn.leftButton,mouseLogIn.midButton,mouseLogIn.rightButton,mouseLogIn.time,mouseLogIn.clicked_name,session,date,expName,psychopyVersion,OS,frameRate,key_resp_6.keys,key_resp_6.rt,key_resp_5.keys,key_resp_5.rt,subjage_slider.response,subjage_slider.rt,confidence_scale.response,confidence_scale.rt,key_resp_7.keys,key_resp_7.rt,button_2.numClicks,button_2.timesOn,button_2.timesOff,email_type,scam_button.numClicks,scam_button.timesOn,scam_button.timesOff,legit_button.numClicks,legit_button.timesOn,legit_button.timesOff,button_selections_1,confidence_scale_email.response,confidence_scale_email.rt,personal_rel_scale.response,personal_rel_scale.rt,curiosity_scale.response,curiosity_scale.rt,email_loop.thisRepN,email_loop.thisTrialN,email_loop.thisN,email_loop.thisIndex,email_loop.ran,emails,type,xsize,ysize,xpos,ypos,key_resp_8.keys,key_resp_8.rt,button_3.numClicks,button_3.timesOn,button_3.timesOff,button_4.numClicks,button_4.timesOn,button_4.timesOff,button_5.numClicks,button_5.timesOn,button_5.timesOff,email_loops2.thisRepN,email_loops2.thisTrialN,email_loops2.thisN,email_loops2.thisIndex,email_loops2.ran,key_resp_3.keys,key_resp_3.rt,slider1_2.response,slider1_2.rt,trust_question,loop_GT.thisRepN,loop_GT.thisTrialN,loop_GT.thisN,loop_GT.thisIndex,loop_GT.ran,Phrases,instructionresp_2.keys,instructionresp_2.rt,key_resp_13.keys,key_resp_13.rt,gen_question,loop_G.thisRepN,loop_G.thisTrialN,loop_G.thisN,loop_G.thisIndex,loop_G.ran,Questions,instructionresp.keys,instructionresp.rt,key_resp_2.keys,key_resp_2.rt,lonely_question,loop_LS.thisRepN,loop_LS.thisTrialN,loop_LS.thisN,loop_LS.thisIndex,loop_LS.ran,key_resp_4.keys,key_resp_4.rt,rating.response,rating.rt,dementia_question,loop_dm.thisRepN,loop_dm.thisTrialN,loop_dm.thisN,loop_dm.thisIndex,loop_dm.ran,Items,key_resp.keys,key_resp.rt,slider1.response,slider1.rt,ss_question,loop_SS.thisRepN,loop_SS.thisTrialN,loop_SS.thisN,loop_SS.thisIndex,loop_SS.ran,Statements,slider.response,slider.rt,Gender,textboxAge.text,textboxBirthday.text,Education Level,Ethnicity,English Fluency,textboxAge_2.text,textboxCountry.text,FQ1textbox.text,textboxQuestion2.text,textboxQuestion3.text,FQ4 selection,Finish.numClicks,Finish.timesOn,Finish.timesOff
67d8591e059fa98302073a33,1,[43.154999999999994],[43.15510000002384],0.662963019,-0.182407422,1,0,0,16.7662,button,001,2025-05-08_18h25.58.816,SLSIC_O,2022.2.5,Win32,60.24096386,,,,,,,,,,,,,,,,,,,,,,,,,,,,,,,,,,,,,,,,,,,,,,,,,,,,,,,,,,,,,,,,,,,,,,,,,,,,,,,,,,,,,,,,,,,,,,,,,,,,,,,,,,,,,,,,,,,,,,,,,,,,,
,,,,,,,,,,,001,2025-05-08_18h25.58.816,SLSIC_O,2022.2.5,Win32,60.24096386,space,36.9765,,,,,,,,,,,,,,,,,,,,,,,,,,,,,,,,,,,,,,,,,,,,,,,,,,,,,,,,,,,,,,,,,,,,,,,,,,,,,,,,,,,,,,,,,,,,,,,,,,,,,,,,,,,,,,,,,,,,,,,,,,,
,,,,,,,,,,,001,2025-05-08_18h25.58.816,SLSIC_O,2022.2.5,Win32,60.24096386,,,space,44.0888,,,,,,,,,,,,,,,,,,,,,,,,,,,,,,,,,,,,,,,,,,,,,,,,,,,,,,,,,,,,,,,,,,,,,,,,,,,,,,,,,,,,,,,,,,,,,,,,,,,,,,,,,,,,,,,,,,,,,,,,,
,,,,,,,,,,,001,2025-05-08_18h25.58.816,SLSIC_O,2022.2.5,Win32,60.24096386,,,,,70.222229,9.881,,,,,,,,,,,,,,,,,,,,,,,,,,,,,,,,,,,,,,,,,,,,,,,,,,,,,,,,,,,,,,,,,,,,,,,,,,,,,,,,,,,,,,,,,,,,,,,,,,,,,,,,,,,,,,,,,,,,,,,
,,,,,,,,,,,001,2025-05-08_18h25.58.816,SLSIC_O,2022.2.5,Win32,60.24096386,,,,,,,7.962963528,15.6271,,,,,,,,,,,,,,,,,,,,,,,,,,,,,,,,,,,,,,,,,,,,,,,,,,,,,,,,,,,,,,,,,,,,,,,,,,,,,,,,,,,,,,,,,,,,,,,,,,,,,,,,,,,,,,,,,,,,,
,,,,,,,,,,,001,2025-05-08_18h25.58.816,SLSIC_O,2022.2.5,Win32,60.24096386,,,,,,,,,space,27.8917,,,,,,,,,,,,,,,,,,,,,,,,,,,,,,,,,,,,,,,,,,,,,,,,,,,,,,,,,,,,,,,,,,,,,,,,,,,,,,,,,,,,,,,,,,,,,,,,,,,,,,,,,,,,,,,,,,,
,,,,,,,,,,,001,2025-05-08_18h25.58.816,SLSIC_O,2022.2.5,Win32,60.24096386,,,,,,,,,,,1,[190.9563000000119],[190.9563000000119],,1,[194.402],[194.40210000002384],0,[],[],"[""scam_button""]",8.944444444,11.6138,0.916666667,4.0687,7.972222222,6.8421,0,0,0,0,1,resources/images/scam_1.png,scam,1,0.65,0,0,,,,,,,,,,,,,,,,,,,,,,,,,,,,,,,,,,,,,,,,,,,,,,,,,,,,,,,,,,,,,,,,,,,,,,,,,,,,,,,,,,,,,,,
,,,,,,,,,,,001,2025-05-08_18h25.58.816,SLSIC_O,2022.2.5,Win32,60.24096386,,,,,,,,,,,2,"[190.9563000000119,226.826]","[190.9563000000119,226.826]",,1,[194.402],[194.40210000002384],1,[232.00430000001188],[232.00430000001188],"[""legit_button""]",8.972222222,8.2187,8.972222222,1.3123,9.083333333,2.9901,0,1,1,9,1,resources/images/scam6.jpg,scam,1,0.65,0,0,,,,,,,,,,,,,,,,,,,,,,,,,,,,,,,,,,,,,,,,,,,,,,,,,,,,,,,,,,,,,,,,,,,,,,,,,,,,,,,,,,,,,,,
,,,,,,,,,,,001,2025-05-08_18h25.58.816,SLSIC_O,2022.2.5,Win32,60.24096386,,,,,,,,,,,3,"[190.9563000000119,226.826,261.2143000000119]","[190.9563000000119,226.826,261.2143000000119]",,1,[194.402],[194.40210000002384],2,"[232.00430000001188,263.2449000000357]","[232.00430000001188,263.2449000000357]","[""legit_button""]",8.972222222,3.1846,8.972222222,1.9092,10,2.411,0,2,2,5,1,resources/images/legit3.jpg,legit,1,0.73,0,0,,,,,,,,,,,,,,,,,,,,,,,,,,,,,,,,,,,,,,,,,,,,,,,,,,,,,,,,,,,,,,,,,,,,,,,,,,,,,,,,,,,,,,,
,,,,,,,,,,,001,2025-05-08_18h25.58.816,SLSIC_O,2022.2.5,Win32,60.24096386,,,,,,,,,,,4,"[190.9563000000119,226.826,261.2143000000119,320.33210000002384]","[190.9563000000119,226.826,261.2143000000119,320.3322000000477]",,1,[194.402],[194.40210000002384],3,"[232.00430000001188,263.2449000000357,343.4615]","[232.00430000001188,263.2449000000357,343.4615]","[""legit_button""]",7.092592875,0.9932,6.842592875,9.0644,6.03703732,2.9226,0,3,3,11,1,resources/images/legit4-EDIT.png,legit,0.65,0.65,0,0,,,,,,,,,,,,,,,,,,,,,,,,,,,,,,,,,,,,,,,,,,,,,,,,,,,,,,,,,,,,,,,,,,,,,,,,,,,,,,,,,,,,,,,
,,,,,,,,,,,001,2025-05-08_18h25.58.816,SLSIC_O,2022.2.5,Win32,60.24096386,,,,,,,,,,,5,"[190.9563000000119,226.826,261.2143000000119,320.33210000002384,399.84980000001195]","[190.9563000000119,226.826,261.2143000000119,320.3322000000477,399.84980000001195]",,1,[194.402],[194.40210000002384],4,"[232.00430000001188,263.2449000000357,343.4615,417.7005]","[232.00430000001188,263.2449000000357,343.4615,417.7005]","[""legit_button""]",4.972222222,1.3866,2.944444444,2.2218,5.944444444,2.2727,0,4,4,2,1,resources/images/scam3.png,scam,1.2,0.65,0,0,,,,,,,,,,,,,,,,,,,,,,,,,,,,,,,,,,,,,,,,,,,,,,,,,,,,,,,,,,,,,,,,,,,,,,,,,,,,,,,,,,,,,,,
,,,,,,,,,,,001,2025-05-08_18h25.58.816,SLSIC_O,2022.2.5,Win32,60.24096386,,,,,,,,,,,6,"[190.9563000000119,226.826,261.2143000000119,320.33210000002384,399.84980000001195,439.4672000000477]","[190.9563000000119,226.826,261.2143000000119,320.3322000000477,399.84980000001195,439.4672000000477]",,2,"[194.402,440.8981000000238]","[194.40210000002384,440.89820000004767]",4,"[232.00430000001188,263.2449000000357,343.4615,417.7005]","[232.00430000001188,263.2449000000357,343.4615,417.7005]","[""scam_button""]",8.842592875,1.7456,2.138888889,2.3267,1.953703986,1.8307,0,5,5,10,1,resources/images/scam7.png,scam,0.65,0.65,0,0,,,,,,,,,,,,,,,,,,,,,,,,,,,,,,,,,,,,,,,,,,,,,,,,,,,,,,,,,,,,,,,,,,,,,,,,,,,,,,,,,,,,,,,
,,,,,,,,,,,001,2025-05-08_18h25.58.816,SLSIC_O,2022.2.5,Win32,60.24096386,,,,,,,,,,,7,"[190.9563000000119,226.826,261.2143000000119,320.33210000002384,399.84980000001195,439.4672000000477,512.1071000000239]","[190.9563000000119,226.826,261.2143000000119,320.3322000000477,399.84980000001195,439.4672000000477,512.1071000000239]",,2,"[194.402,440.8981000000238]","[194.40210000002384,440.89820000004767]",5,"[232.00430000001188,263.2449000000357,343.4615,417.7005,518.717300000012]","[232.00430000001188,263.2449000000357,343.4615,417.7005,518.717300000012]","[""legit_button""]",5,1.1298,5.212963528,1.2042,5.027777778,0.612,0,6,6,17,1,resources/images/scam10.jpg,scam,1,0.65,0,0,,,,,,,,,,,,,,,,,,,,,,,,,,,,,,,,,,,,,,,,,,,,,,,,,,,,,,,,,,,,,,,,,,,,,,,,,,,,,,,,,,,,,,,
,,,,,,,,,,,001,2025-05-08_18h25.58.816,SLSIC_O,2022.2.5,Win32,60.24096386,,,,,,,,,,,8,"[190.9563000000119,226.826,261.2143000000119,320.33210000002384,399.84980000001195,439.4672000000477,512.1071000000239,531.8910000000001]","[190.9563000000119,226.826,261.2143000000119,320.3322000000477,399.84980000001195,439.4672000000477,512.1071000000239,531.8910000000001]",,3,"[194.402,440.8981000000238,533.1220000000001]","[194.40210000002384,440.89820000004767,533.1220000000001]",5,"[232.00430000001188,263.2449000000357,343.4615,417.7005,518.717300000012]","[232.00430000001188,263.2449000000357,343.4615,417.7005,518.717300000012]","[""scam_button""]",6.75,1.623,7.018519084,0.9043,6.083333333,0.4873,0,7,7,21,1,resources/images/legit14-EDIT.jpg,legit,1,0.65,0,0,,,,,,,,,,,,,,,,,,,,,,,,,,,,,,,,,,,,,,,,,,,,,,,,,,,,,,,,,,,,,,,,,,,,,,,,,,,,,,,,,,,,,,,
,,,,,,,,,,,001,2025-05-08_18h25.58.816,SLSIC_O,2022.2.5,Win32,60.24096386,,,,,,,,,,,9,"[190.9563000000119,226.826,261.2143000000119,320.33210000002384,399.84980000001195,439.4672000000477,512.1071000000239,531.8910000000001,585.746300000012]","[190.9563000000119,226.826,261.2143000000119,320.3322000000477,399.84980000001195,439.4672000000477,512.1071000000239,531.8910000000001,585.746300000012]",,3,"[194.402,440.8981000000238,533.1220000000001]","[194.40210000002384,440.89820000004767,533.1220000000001]",6,"[232.00430000001188,263.2449000000357,343.4615,417.7005,518.717300000012,586.827300000012]","[232.00430000001188,263.2449000000357,343.4615,417.7005,518.717300000012,586.827300000012]","[""legit_button""]",6.083333333,1.0774,7.898148431,2.096,8.092592875,0.5888,0,8,8,8,1,resources/images/legit9-EDIT.png,legit,1,0.65,0,0,,,,,,,,,,,,,,,,,,,,,,,,,,,,,,,,,,,,,,,,,,,,,,,,,,,,,,,,,,,,,,,,,,,,,,,,,,,,,,,,,,,,,,,
,,,,,,,,,,,001,2025-05-08_18h25.58.816,SLSIC_O,2022.2.5,Win32,60.24096386,,,,,,,,,,,10,"[190.9563000000119,226.826,261.2143000000119,320.33210000002384,399.84980000001195,439.4672000000477,512.1071000000239,531.8910000000001,585.746300000012,643.615300000012]","[190.9563000000119,226.826,261.2143000000119,320.3322000000477,399.84980000001195,439.4672000000477,512.1071000000239,531.8910000000001,585.746300000012,643.6154000000358]",,3,"[194.402,440.8981000000238,533.1220000000001]","[194.40210000002384,440.89820000004767,533.1220000000001]",7,"[232.00430000001188,263.2449000000357,343.4615,417.7005,518.717300000012,586.827300000012,644.2634000000357]","[232.00430000001188,263.2449000000357,343.4615,417.7005,518.717300000012,586.827300000012,644.2634000000357]","[""legit_button""]",8.03703732,2.3524,8.148148431,0.4499,8.092592875,0.5396,0,9,9,14,1,resources/images/legit7-EDIT.png,legit,0.65,0.65,0,0,,,,,,,,,,,,,,,,,,,,,,,,,,,,,,,,,,,,,,,,,,,,,,,,,,,,,,,,,,,,,,,,,,,,,,,,,,,,,,,,,,,,,,,
,,,,,,,,,,,001,2025-05-08_18h25.58.816,SLSIC_O,2022.2.5,Win32,60.24096386,,,,,,,,,,,11,"[190.9563000000119,226.826,261.2143000000119,320.33210000002384,399.84980000001195,439.4672000000477,512.1071000000239,531.8910000000001,585.746300000012,643.615300000012,653.157300000012]","[190.9563000000119,226.826,261.2143000000119,320.3322000000477,399.84980000001195,439.4672000000477,512.1071000000239,531.8910000000001,585.746300000012,643.6154000000358,653.157300000012]",,4,"[194.402,440.8981000000238,533.1220000000001,654.7384000000359]","[194.40210000002384,440.89820000004767,533.1220000000001,654.7384000000359]",7,"[232.00430000001188,263.2449000000357,343.4615,417.7005,518.717300000012,586.827300000012,644.2634000000357]","[232.00430000001188,263.2449000000357,343.4615,417.7005,518.717300000012,586.827300000012,644.2634000000357]","[""scam_button""]",9.055555556,2.3554,8.972222222,0.8679,0.981481764,2.5132,0,10,10,18,1,resources/images/legit10-EDIT.png,legit,1,0.65,0,0,,,,,,,,,,,,,,,,,,,,,,,,,,,,,,,,,,,,,,,,,,,,,,,,,,,,,,,,,,,,,,,,,,,,,,,,,,,,,,,,,,,,,,,
,,,,,,,,,,,001,2025-05-08_18h25.58.816,SLSIC_O,2022.2.5,Win32,60.24096386,,,,,,,,,,,12,"[190.9563000000119,226.826,261.2143000000119,320.33210000002384,399.84980000001195,439.4672000000477,512.1071000000239,531.8910000000001,585.746300000012,643.615300000012,653.157300000012,694.9398000000119]","[190.9563000000119,226.826,261.2143000000119,320.3322000000477,399.84980000001195,439.4672000000477,512.1071000000239,531.8910000000001,585.746300000012,643.6154000000358,653.157300000012,694.9398000000119]",,5,"[194.402,440.8981000000238,533.1220000000001,654.7384000000359,696.5541000000239]","[194.40210000002384,440.89820000004767,533.1220000000001,654.7384000000359,696.5541000000239]",7,"[232.00430000001188,263.2449000000357,343.4615,417.7005,518.717300000012,586.827300000012,644.2634000000357]","[232.00430000001188,263.2449000000357,343.4615,417.7005,518.717300000012,586.827300000012,644.2634000000357]","[""scam_button""]",7.03703732,1.1199,7.074074639,0.6387,2.564815097,1.754,0,11,11,23,1,resources/images/scam14-EDIT.png,scam,1,0.65,0,0,,,,,,,,,,,,,,,,,,,,,,,,,,,,,,,,,,,,,,,,,,,,,,,,,,,,,,,,,,,,,,,,,,,,,,,,,,,,,,,,,,,,,,,
,,,,,,,,,,,001,2025-05-08_18h25.58.816,SLSIC_O,2022.2.5,Win32,60.24096386,,,,,,,,,,,13,"[190.9563000000119,226.826,261.2143000000119,320.33210000002384,399.84980000001195,439.4672000000477,512.1071000000239,531.8910000000001,585.746300000012,643.615300000012,653.157300000012,694.9398000000119,703.9321000000239]","[190.9563000000119,226.826,261.2143000000119,320.3322000000477,399.84980000001195,439.4672000000477,512.1071000000239,531.8910000000001,585.746300000012,643.6154000000358,653.157300000012,694.9398000000119,703.9321000000239]",,6,"[194.402,440.8981000000238,533.1220000000001,654.7384000000359,696.5541000000239,705.479800000012]","[194.40210000002384,440.89820000004767,533.1220000000001,654.7384000000359,696.5541000000239,705.4799000000359]",7,"[232.00430000001188,263.2449000000357,343.4615,417.7005,518.717300000012,586.827300000012,644.2634000000357]","[232.00430000001188,263.2449000000357,343.4615,417.7005,518.717300000012,586.827300000012,644.2634000000357]","[""scam_button""]",8.398148431,1.9879,8.962963528,0.6222,0.138888889,3.6272,0,12,12,1,1,resources/images/scam_2.png,scam,0.9,0.65,0,0,,,,,,,,,,,,,,,,,,,,,,,,,,,,,,,,,,,,,,,,,,,,,,,,,,,,,,,,,,,,,,,,,,,,,,,,,,,,,,,,,,,,,,,
,,,,,,,,,,,001,2025-05-08_18h25.58.816,SLSIC_O,2022.2.5,Win32,60.24096386,,,,,,,,,,,14,"[190.9563000000119,226.826,261.2143000000119,320.33210000002384,399.84980000001195,439.4672000000477,512.1071000000239,531.8910000000001,585.746300000012,643.615300000012,653.157300000012,694.9398000000119,703.9321000000239,738.4704000000359]","[190.9563000000119,226.826,261.2143000000119,320.3322000000477,399.84980000001195,439.4672000000477,512.1071000000239,531.8910000000001,585.746300000012,643.6154000000358,653.157300000012,694.9398000000119,703.9321000000239,738.4704000000359]",,6,"[194.402,440.8981000000238,533.1220000000001,654.7384000000359,696.5541000000239,705.479800000012]","[194.40210000002384,440.89820000004767,533.1220000000001,654.7384000000359,696.5541000000239,705.4799000000359]",8,"[232.00430000001188,263.2449000000357,343.4615,417.7005,518.717300000012,586.827300000012,644.2634000000357,742.4489000000358]","[232.00430000001188,263.2449000000357,343.4615,417.7005,518.717300000012,586.827300000012,644.2634000000357,742.4489000000358]","[""legit_button""]",8.129630195,1.415,8.055555556,0.9071,2.203703986,1.391,0,13,13,19,1,resources/images/scam_11.png,scam,1,0.65,0,0,,,,,,,,,,,,,,,,,,,,,,,,,,,,,,,,,,,,,,,,,,,,,,,,,,,,,,,,,,,,,,,,,,,,,,,,,,,,,,,,,,,,,,,
,,,,,,,,,,,001,2025-05-08_18h25.58.816,SLSIC_O,2022.2.5,Win32,60.24096386,,,,,,,,,,,15,"[190.9563000000119,226.826,261.2143000000119,320.33210000002384,399.84980000001195,439.4672000000477,512.1071000000239,531.8910000000001,585.746300000012,643.615300000012,653.157300000012,694.9398000000119,703.9321000000239,738.4704000000359,751.5598000000119]","[190.9563000000119,226.826,261.2143000000119,320.3322000000477,399.84980000001195,439.4672000000477,512.1071000000239,531.8910000000001,585.746300000012,643.6154000000358,653.157300000012,694.9398000000119,703.9321000000239,738.4704000000359,751.5599000000358]",,6,"[194.402,440.8981000000238,533.1220000000001,654.7384000000359,696.5541000000239,705.479800000012]","[194.40210000002384,440.89820000004767,533.1220000000001,654.7384000000359,696.5541000000239,705.4799000000359]",9,"[232.00430000001188,263.2449000000357,343.4615,417.7005,518.717300000012,586.827300000012,644.2634000000357,742.4489000000358,753.0571999999881]","[232.00430000001188,263.2449000000357,343.4615,417.7005,518.717300000012,586.827300000012,644.2634000000357,742.4489000000358,753.057300000012]","[""legit_button""]",8.861111111,1.0406,9.148148431,0.6369,9.111111111,1.1386,0,14,14,22,1,resources/images/legit17-EDIT.png,legit,0.65,0.65,0,0,,,,,,,,,,,,,,,,,,,,,,,,,,,,,,,,,,,,,,,,,,,,,,,,,,,,,,,,,,,,,,,,,,,,,,,,,,,,,,,,,,,,,,,
,,,,,,,,,,,001,2025-05-08_18h25.58.816,SLSIC_O,2022.2.5,Win32,60.24096386,,,,,,,,,,,16,"[190.9563000000119,226.826,261.2143000000119,320.33210000002384,399.84980000001195,439.4672000000477,512.1071000000239,531.8910000000001,585.746300000012,643.615300000012,653.157300000012,694.9398000000119,703.9321000000239,738.4704000000359,751.5598000000119,760.368800000012]","[190.9563000000119,226.826,261.2143000000119,320.3322000000477,399.84980000001195,439.4672000000477,512.1071000000239,531.8910000000001,585.746300000012,643.6154000000358,653.157300000012,694.9398000000119,703.9321000000239,738.4704000000359,751.5599000000358,760.368800000012]",,6,"[194.402,440.8981000000238,533.1220000000001,654.7384000000359,696.5541000000239,705.479800000012]","[194.40210000002384,440.89820000004767,533.1220000000001,654.7384000000359,696.5541000000239,705.4799000000359]",10,"[232.00430000001188,263.2449000000357,343.4615,417.7005,518.717300000012,586.827300000012,644.2634000000357,742.4489000000358,753.0571999999881,761.2338000000119]","[232.00430000001188,263.2449000000357,343.4615,417.7005,518.717300000012,586.827300000012,644.2634000000357,742.4489000000358,753.057300000012,761.2338000000119]","[""legit_button""]",8.111111111,0.629,9.18518575,0.5428,8.953703986,0.6745,0,15,15,3,1,resources/images/legit1.png,legit,1,0.72,0,0,,,,,,,,,,,,,,,,,,,,,,,,,,,,,,,,,,,,,,,,,,,,,,,,,,,,,,,,,,,,,,,,,,,,,,,,,,,,,,,,,,,,,,,
,,,,,,,,,,,001,2025-05-08_18h25.58.816,SLSIC_O,2022.2.5,Win32,60.24096386,,,,,,,,,,,17,"[190.9563000000119,226.826,261.2143000000119,320.33210000002384,399.84980000001195,439.4672000000477,512.1071000000239,531.8910000000001,585.746300000012,643.615300000012,653.157300000012,694.9398000000119,703.9321000000239,738.4704000000359,751.5598000000119,760.368800000012,779.2202000000477]","[190.9563000000119,226.826,261.2143000000119,320.3322000000477,399.84980000001195,439.4672000000477,512.1071000000239,531.8910000000001,585.746300000012,643.6154000000358,653.157300000012,694.9398000000119,703.9321000000239,738.4704000000359,751.5599000000358,760.368800000012,779.220300000012]",,6,"[194.402,440.8981000000238,533.1220000000001,654.7384000000359,696.5541000000239,705.479800000012]","[194.40210000002384,440.89820000004767,533.1220000000001,654.7384000000359,696.5541000000239,705.4799000000359]",11,"[232.00430000001188,263.2449000000357,343.4615,417.7005,518.717300000012,586.827300000012,644.2634000000357,742.4489000000358,753.0571999999881,761.2338000000119,780.3844000000358]","[232.00430000001188,263.2449000000357,343.4615,417.7005,518.717300000012,586.827300000012,644.2634000000357,742.4489000000358,753.057300000012,761.2338000000119,780.3845]","[""legit_button""]",6.583333333,0.9393,6.092592875,0.5659,6.777777778,0.9224,0,16,16,4,1,resources/images/legit2.jpg,legit,1,0.65,0,0,,,,,,,,,,,,,,,,,,,,,,,,,,,,,,,,,,,,,,,,,,,,,,,,,,,,,,,,,,,,,,,,,,,,,,,,,,,,,,,,,,,,,,,
,,,,,,,,,,,001,2025-05-08_18h25.58.816,SLSIC_O,2022.2.5,Win32,60.24096386,,,,,,,,,,,18,"[190.9563000000119,226.826,261.2143000000119,320.33210000002384,399.84980000001195,439.4672000000477,512.1071000000239,531.8910000000001,585.746300000012,643.615300000012,653.157300000012,694.9398000000119,703.9321000000239,738.4704000000359,751.5598000000119,760.368800000012,779.2202000000477,790.2610000000001]","[190.9563000000119,226.826,261.2143000000119,320.3322000000477,399.84980000001195,439.4672000000477,512.1071000000239,531.8910000000001,585.746300000012,643.6154000000358,653.157300000012,694.9398000000119,703.9321000000239,738.4704000000359,751.5599000000358,760.368800000012,779.220300000012,790.2610000000001]",,6,"[194.402,440.8981000000238,533.1220000000001,654.7384000000359,696.5541000000239,705.479800000012]","[194.40210000002384,440.89820000004767,533.1220000000001,654.7384000000359,696.5541000000239,705.4799000000359]",12,"[232.00430000001188,263.2449000000357,343.4615,417.7005,518.717300000012,586.827300000012,644.2634000000357,742.4489000000358,753.0571999999881,761.2338000000119,780.3844000000358,791.0461000000239]","[232.00430000001188,263.2449000000357,343.4615,417.7005,518.717300000012,586.827300000012,644.2634000000357,742.4489000000358,753.057300000012,761.2338000000119,780.3845,791.0461000000239]","[""legit_button""]",9.296296861,0.8365,9.879630195,1.5973,9.814815097,0.5873,0,17,17,7,1,resources/images/scam5.jpg,scam,0.7,0.65,0,0,,,,,,,,,,,,,,,,,,,,,,,,,,,,,,,,,,,,,,,,,,,,,,,,,,,,,,,,,,,,,,,,,,,,,,,,,,,,,,,,,,,,,,,
,,,,,,,,,,,001,2025-05-08_18h25.58.816,SLSIC_O,2022.2.5,Win32,60.24096386,,,,,,,,,,,19,"[190.9563000000119,226.826,261.2143000000119,320.33210000002384,399.84980000001195,439.4672000000477,512.1071000000239,531.8910000000001,585.746300000012,643.615300000012,653.157300000012,694.9398000000119,703.9321000000239,738.4704000000359,751.5598000000119,760.368800000012,779.2202000000477,790.2610000000001,987.232]","[190.9563000000119,226.826,261.2143000000119,320.3322000000477,399.84980000001195,439.4672000000477,512.1071000000239,531.8910000000001,585.746300000012,643.6154000000358,653.157300000012,694.9398000000119,703.9321000000239,738.4704000000359,751.5599000000358,760.368800000012,779.220300000012,790.2610000000001,987.2321000000238]",,6,"[194.402,440.8981000000238,533.1220000000001,654.7384000000359,696.5541000000239,705.479800000012]","[194.40210000002384,440.89820000004767,533.1220000000001,654.7384000000359,696.5541000000239,705.4799000000359]",13,"[232.00430000001188,263.2449000000357,343.4615,417.7005,518.717300000012,586.827300000012,644.2634000000357,742.4489000000358,753.0571999999881,761.2338000000119,780.3844000000358,791.0461000000239,988.329800000012]","[232.00430000001188,263.2449000000357,343.4615,417.7005,518.717300000012,586.827300000012,644.2634000000357,742.4489000000358,753.057300000012,761.2338000000119,780.3845,791.0461000000239,988.329800000012]","[""legit_button""]",6.398148431,0.7051,7.175926208,0.5037,5.240741306,1.4546,0,18,18,6,1,resources/images/scam4.png,scam,0.8,0.65,0,0,,,,,,,,,,,,,,,,,,,,,,,,,,,,,,,,,,,,,,,,,,,,,,,,,,,,,,,,,,,,,,,,,,,,,,,,,,,,,,,,,,,,,,,
,,,,,,,,,,,001,2025-05-08_18h25.58.816,SLSIC_O,2022.2.5,Win32,60.24096386,,,,,,,,,,,20,"[190.9563000000119,226.826,261.2143000000119,320.33210000002384,399.84980000001195,439.4672000000477,512.1071000000239,531.8910000000001,585.746300000012,643.615300000012,653.157300000012,694.9398000000119,703.9321000000239,738.4704000000359,751.5598000000119,760.368800000012,779.2202000000477,790.2610000000001,987.232,1027.199]","[190.9563000000119,226.826,261.2143000000119,320.3322000000477,399.84980000001195,439.4672000000477,512.1071000000239,531.8910000000001,585.746300000012,643.6154000000358,653.157300000012,694.9398000000119,703.9321000000239,738.4704000000359,751.5599000000358,760.368800000012,779.220300000012,790.2610000000001,987.2321000000238,1027.199]",,6,"[194.402,440.8981000000238,533.1220000000001,654.7384000000359,696.5541000000239,705.479800000012]","[194.40210000002384,440.89820000004767,533.1220000000001,654.7384000000359,696.5541000000239,705.4799000000359]",14,"[232.00430000001188,263.2449000000357,343.4615,417.7005,518.717300000012,586.827300000012,644.2634000000357,742.4489000000358,753.0571999999881,761.2338000000119,780.3844000000358,791.0461000000239,988.329800000012,1028.168199999988]","[232.00430000001188,263.2449000000357,343.4615,417.7005,518.717300000012,586.827300000012,644.2634000000357,742.4489000000358,753.057300000012,761.2338000000119,780.3845,791.0461000000239,988.329800000012,1028.168199999988]","[""legit_button""]",8.666666667,0.7166,8.879630195,0.522,9.129630195,0.4052,0,19,19,15,1,resources/images/legit8.png,legit,0.8,0.72,0,0,,,,,,,,,,,,,,,,,,,,,,,,,,,,,,,,,,,,,,,,,,,,,,,,,,,,,,,,,,,,,,,,,,,,,,,,,,,,,,,,,,,,,,,
,,,,,,,,,,,001,2025-05-08_18h25.58.816,SLSIC_O,2022.2.5,Win32,60.24096386,,,,,,,,,,,21,"[190.9563000000119,226.826,261.2143000000119,320.33210000002384,399.84980000001195,439.4672000000477,512.1071000000239,531.8910000000001,585.746300000012,643.615300000012,653.157300000012,694.9398000000119,703.9321000000239,738.4704000000359,751.5598000000119,760.368800000012,779.2202000000477,790.2610000000001,987.232,1027.199,1031.462]","[190.9563000000119,226.826,261.2143000000119,320.3322000000477,399.84980000001195,439.4672000000477,512.1071000000239,531.8910000000001,585.746300000012,643.6154000000358,653.157300000012,694.9398000000119,703.9321000000239,738.4704000000359,751.5599000000358,760.368800000012,779.220300000012,790.2610000000001,987.2321000000238,1027.199,1031.4621000000238]",,6,"[194.402,440.8981000000238,533.1220000000001,654.7384000000359,696.5541000000239,705.479800000012]","[194.40210000002384,440.89820000004767,533.1220000000001,654.7384000000359,696.5541000000239,705.4799000000359]",15,"[232.00430000001188,263.2449000000357,343.4615,417.7005,518.717300000012,586.827300000012,644.2634000000357,742.4489000000358,753.0571999999881,761.2338000000119,780.3844000000358,791.0461000000239,988.329800000012,1028.168199999988,1032.160100000024]","[232.00430000001188,263.2449000000357,343.4615,417.7005,518.717300000012,586.827300000012,644.2634000000357,742.4489000000358,753.057300000012,761.2338000000119,780.3845,791.0461000000239,988.329800000012,1028.168199999988,1032.1601999999882]","[""legit_button""]",8.53703732,0.5155,7.842592875,0.4082,9.027777778,0.2988,0,20,20,12,1,resources/images/legit5-EDIT.png,legit,0.65,0.65,0,0,,,,,,,,,,,,,,,,,,,,,,,,,,,,,,,,,,,,,,,,,,,,,,,,,,,,,,,,,,,,,,,,,,,,,,,,,,,,,,,,,,,,,,,
,,,,,,,,,,,001,2025-05-08_18h25.58.816,SLSIC_O,2022.2.5,Win32,60.24096386,,,,,,,,,,,22,"[190.9563000000119,226.826,261.2143000000119,320.33210000002384,399.84980000001195,439.4672000000477,512.1071000000239,531.8910000000001,585.746300000012,643.615300000012,653.157300000012,694.9398000000119,703.9321000000239,738.4704000000359,751.5598000000119,760.368800000012,779.2202000000477,790.2610000000001,987.232,1027.199,1031.462,1054.559800000012]","[190.9563000000119,226.826,261.2143000000119,320.3322000000477,399.84980000001195,439.4672000000477,512.1071000000239,531.8910000000001,585.746300000012,643.6154000000358,653.157300000012,694.9398000000119,703.9321000000239,738.4704000000359,751.5599000000358,760.368800000012,779.220300000012,790.2610000000001,987.2321000000238,1027.199,1031.4621000000238,1054.559900000036]",,6,"[194.402,440.8981000000238,533.1220000000001,654.7384000000359,696.5541000000239,705.479800000012]","[194.40210000002384,440.89820000004767,533.1220000000001,654.7384000000359,696.5541000000239,705.4799000000359]",16,"[232.00430000001188,263.2449000000357,343.4615,417.7005,518.717300000012,586.827300000012,644.2634000000357,742.4489000000358,753.0571999999881,761.2338000000119,780.3844000000358,791.0461000000239,988.329800000012,1028.168199999988,1032.160100000024,1055.341199999988]","[232.00430000001188,263.2449000000357,343.4615,417.7005,518.717300000012,586.827300000012,644.2634000000357,742.4489000000358,753.057300000012,761.2338000000119,780.3845,791.0461000000239,988.329800000012,1028.168199999988,1032.1601999999882,1055.3413000000119]","[""legit_button""]",5.944444444,0.8367,4.898148431,0.4703,5.944444444,1.3676,0,21,21,13,1,resources/images/legit6.png,legit,0.65,0.65,0,0,,,,,,,,,,,,,,,,,,,,,,,,,,,,,,,,,,,,,,,,,,,,,,,,,,,,,,,,,,,,,,,,,,,,,,,,,,,,,,,,,,,,,,,
,,,,,,,,,,,001,2025-05-08_18h25.58.816,SLSIC_O,2022.2.5,Win32,60.24096386,,,,,,,,,,,23,"[190.9563000000119,226.826,261.2143000000119,320.33210000002384,399.84980000001195,439.4672000000477,512.1071000000239,531.8910000000001,585.746300000012,643.615300000012,653.157300000012,694.9398000000119,703.9321000000239,738.4704000000359,751.5598000000119,760.368800000012,779.2202000000477,790.2610000000001,987.232,1027.199,1031.462,1054.559800000012,1062.852800000012]","[190.9563000000119,226.826,261.2143000000119,320.3322000000477,399.84980000001195,439.4672000000477,512.1071000000239,531.8910000000001,585.746300000012,643.6154000000358,653.157300000012,694.9398000000119,703.9321000000239,738.4704000000359,751.5599000000358,760.368800000012,779.220300000012,790.2610000000001,987.2321000000238,1027.199,1031.4621000000238,1054.559900000036,1062.852800000012]",,6,"[194.402,440.8981000000238,533.1220000000001,654.7384000000359,696.5541000000239,705.479800000012]","[194.40210000002384,440.89820000004767,533.1220000000001,654.7384000000359,696.5541000000239,705.4799000000359]",17,"[232.00430000001188,263.2449000000357,343.4615,417.7005,518.717300000012,586.827300000012,644.2634000000357,742.4489000000358,753.0571999999881,761.2338000000119,780.3844000000358,791.0461000000239,988.329800000012,1028.168199999988,1032.160100000024,1055.341199999988,1063.656]","[232.00430000001188,263.2449000000357,343.4615,417.7005,518.717300000012,586.827300000012,644.2634000000357,742.4489000000358,753.057300000012,761.2338000000119,780.3845,791.0461000000239,988.329800000012,1028.168199999988,1032.1601999999882,1055.3413000000119,1063.6561000000238]","[""legit_button""]",7,0.55,5.712963528,0.5242,7.740741306,0.5912,0,22,22,20,1,resources/images/scam12.jpg,scam,0.65,0.65,0,0,,,,,,,,,,,,,,,,,,,,,,,,,,,,,,,,,,,,,,,,,,,,,,,,,,,,,,,,,,,,,,,,,,,,,,,,,,,,,,,,,,,,,,,
,,,,,,,,,,,001,2025-05-08_18h25.58.816,SLSIC_O,2022.2.5,Win32,60.24096386,,,,,,,,,,,24,"[190.9563000000119,226.826,261.2143000000119,320.33210000002384,399.84980000001195,439.4672000000477,512.1071000000239,531.8910000000001,585.746300000012,643.615300000012,653.157300000012,694.9398000000119,703.9321000000239,738.4704000000359,751.5598000000119,760.368800000012,779.2202000000477,790.2610000000001,987.232,1027.199,1031.462,1054.559800000012,1062.852800000012,1074.3932000000477]","[190.9563000000119,226.826,261.2143000000119,320.3322000000477,399.84980000001195,439.4672000000477,512.1071000000239,531.8910000000001,585.746300000012,643.6154000000358,653.157300000012,694.9398000000119,703.9321000000239,738.4704000000359,751.5599000000358,760.368800000012,779.220300000012,790.2610000000001,987.2321000000238,1027.199,1031.4621000000238,1054.559900000036,1062.852800000012,1074.393300000012]",,6,"[194.402,440.8981000000238,533.1220000000001,654.7384000000359,696.5541000000239,705.479800000012]","[194.40210000002384,440.89820000004767,533.1220000000001,654.7384000000359,696.5541000000239,705.4799000000359]",18,"[232.00430000001188,263.2449000000357,343.4615,417.7005,518.717300000012,586.827300000012,644.2634000000357,742.4489000000358,753.0571999999881,761.2338000000119,780.3844000000358,791.0461000000239,988.329800000012,1028.168199999988,1032.160100000024,1055.341199999988,1063.656,1075.1084000000358]","[232.00430000001188,263.2449000000357,343.4615,417.7005,518.717300000012,586.827300000012,644.2634000000357,742.4489000000358,753.057300000012,761.2338000000119,780.3845,791.0461000000239,988.329800000012,1028.168199999988,1032.1601999999882,1055.3413000000119,1063.6561000000238,1075.1084000000358]","[""legit_button""]",7.203703986,0.7128,8.083333333,0.7221,9.203703986,2.1389,0,23,23,16,1,resources/images/scam13.png,scam,1,0.65,0,0,,,,,,,,,,,,,,,,,,,,,,,,,,,,,,,,,,,,,,,,,,,,,,,,,,,,,,,,,,,,,,,,,,,,,,,,,,,,,,,,,,,,,,,
,,,,,,,,,,,001,2025-05-08_18h25.58.816,SLSIC_O,2022.2.5,Win32,60.24096386,,,,,,,,,,,,,,,,,,,,,,,,,,,,,,,,,,,,,,,space,17.7349,,,,,,,,,,,,,,,,,,,,,,,,,,,,,,,,,,,,,,,,,,,,,,,,,,,,,,,,,,,,,,,,,,,,,,,,,,,,,,,,,,,,,
,,,,,,,,,,,001,2025-05-08_18h25.58.816,SLSIC_O,2022.2.5,Win32,60.24096386,,,,,,,,,,,,,,,,,,,,,,,,,,,,,,,,,,,,,,,,,1,[1117.5195999999642],[1117.519699999988],,,,,,,,,,,,,,,,,,,,,,,,,,,,,,,,,,,,,,,,,,,,,,,,,,,,,,,,,,,,,,,,,,,,,,,,,,,,,,,,,,
,,,,,,,,,,,001,2025-05-08_18h25.58.816,SLSIC_O,2022.2.5,Win32,60.24096386,,,,,,,,,,,,,,,,,,,,,,,,0.777777778,3.112,,,,,,,,,,,,,,,,,,,,,,,,,,,,,,,,,,,,,,,,,,,,,,,,,,,,,,,,,,,,,,,,,,,,,,,,,,,,,,,,,,,,,,,,,,,,,,,,,,,,
,,,,,,,,,,,001,2025-05-08_18h25.58.816,SLSIC_O,2022.2.5,Win32,60.24096386,,,,,,,,,,,,,,,,,,,,,,,,,,,,,,,,,,,,,,,,,,,,1,[1129.0258999999762],[1129.0258999999762],,,,,,,,,,,,,,,,,,,,,,,,,,,,,,,,,,,,,,,,,,,,,,,,,,,,,,,,,,,,,,,,,,,,,,,,,,,,,,,
,,,,,,,,,,,001,2025-05-08_18h25.58.816,SLSIC_O,2022.2.5,Win32,60.24096386,,,,,,,,,,,,,,,,,,,,,,,,8.990741306,1.9312,,,,,,,,,,,,,,,,,,,,,,,,,,,,,,,,,,,,,,,,,,,,,,,,,,,,,,,,,,,,,,,,,,,,,,,,,,,,,,,,,,,,,,,,,,,,,,,,,,,,
,,,,,,,,,,,001,2025-05-08_18h25.58.816,SLSIC_O,2022.2.5,Win32,60.24096386,,,,,,,,,,,,,,,,,,,,,,,,,,,,,,,,,,,,,,,,,,,,,,,1,[1138.467300000012],[1138.467300000012],,,,,,,,,,,,,,,,,,,,,,,,,,,,,,,,,,,,,,,,,,,,,,,,,,,,,,,,,,,,,,,,,,,,,,,,,,,,
,,,,,,,,,,,001,2025-05-08_18h25.58.816,SLSIC_O,2022.2.5,Win32,60.24096386,,,,,,,,,,,,,,,,,,,,,,,,7,2.065,,,,,,,,,,,,,,,,,,,,,,,,,,,,,,,,,,,,,,,,,,,,,,,,,,,,,,,,,,,,,,,,,,,,,,,,,,,,,,,,,,,,,,,,,,,,,,,,,,,,
,,,,,,,,,,,001,2025-05-08_18h25.58.816,SLSIC_O,2022.2.5,Win32,60.24096386,,,,,,,,,space,19.8679,,,,,,,,,,,,,,,,,,,,,,,,,,,,,,,,,,,,,,,,,,,,,,,,,,,,,,,,,,,,,,,,,,,,,,,,,,,,,,,,,,,,,,,,,,,,,,,,,,,,,,,,,,,,,,,,,,,
,,,,,,,,,,,001,2025-05-08_18h25.58.816,SLSIC_O,2022.2.5,Win32,60.24096386,,,,,,,,,,,25,"[190.9563000000119,226.826,261.2143000000119,320.33210000002384,399.84980000001195,439.4672000000477,512.1071000000239,531.8910000000001,585.746300000012,643.615300000012,653.157300000012,694.9398000000119,703.9321000000239,738.4704000000359,751.5598000000119,760.368800000012,779.2202000000477,790.2610000000001,987.232,1027.199,1031.462,1054.559800000012,1062.852800000012,1074.3932000000477,1178.624300000012]","[190.9563000000119,226.826,261.2143000000119,320.3322000000477,399.84980000001195,439.4672000000477,512.1071000000239,531.8910000000001,585.746300000012,643.6154000000358,653.157300000012,694.9398000000119,703.9321000000239,738.4704000000359,751.5599000000358,760.368800000012,779.220300000012,790.2610000000001,987.2321000000238,1027.199,1031.4621000000238,1054.559900000036,1062.852800000012,1074.393300000012,1178.624300000012]",,6,"[194.402,440.8981000000238,533.1220000000001,654.7384000000359,696.5541000000239,705.479800000012]","[194.40210000002384,440.89820000004767,533.1220000000001,654.7384000000359,696.5541000000239,705.4799000000359]",19,"[232.00430000001188,263.2449000000357,343.4615,417.7005,518.717300000012,586.827300000012,644.2634000000357,742.4489000000358,753.0571999999881,761.2338000000119,780.3844000000358,791.0461000000239,988.329800000012,1028.168199999988,1032.160100000024,1055.341199999988,1063.656,1075.1084000000358,1179.655300000012]","[232.00430000001188,263.2449000000357,343.4615,417.7005,518.717300000012,586.827300000012,644.2634000000357,742.4489000000358,753.057300000012,761.2338000000119,780.3845,791.0461000000239,988.329800000012,1028.168199999988,1032.1601999999882,1055.3413000000119,1063.6561000000238,1075.1084000000358,1179.655300000012]","[""legit_button""]",9.138888889,1.2397,8.148148431,1.2551,7.944444444,0.9454,,,,,,resources/images/legit_23.png,legit,1,0.65,0,0,,,,,,,,,,,,0,0,0,8,1,,,,,,,,,,,,,,,,,,,,,,,,,,,,,,,,,,,,,,,,,,,,,,,,,,,,,,,,,,,,,,,,,,,,,,,
,,,,,,,,,,,001,2025-05-08_18h25.58.816,SLSIC_O,2022.2.5,Win32,60.24096386,,,,,,,,,,,26,"[190.9563000000119,226.826,261.2143000000119,320.33210000002384,399.84980000001195,439.4672000000477,512.1071000000239,531.8910000000001,585.746300000012,643.615300000012,653.157300000012,694.9398000000119,703.9321000000239,738.4704000000359,751.5598000000119,760.368800000012,779.2202000000477,790.2610000000001,987.232,1027.199,1031.462,1054.559800000012,1062.852800000012,1074.3932000000477,1178.624300000012,1190.0481000000239]","[190.9563000000119,226.826,261.2143000000119,320.3322000000477,399.84980000001195,439.4672000000477,512.1071000000239,531.8910000000001,585.746300000012,643.6154000000358,653.157300000012,694.9398000000119,703.9321000000239,738.4704000000359,751.5599000000358,760.368800000012,779.220300000012,790.2610000000001,987.2321000000238,1027.199,1031.4621000000238,1054.559900000036,1062.852800000012,1074.393300000012,1178.624300000012,1190.0481000000239]",,6,"[194.402,440.8981000000238,533.1220000000001,654.7384000000359,696.5541000000239,705.479800000012]","[194.40210000002384,440.89820000004767,533.1220000000001,654.7384000000359,696.5541000000239,705.4799000000359]",20,"[232.00430000001188,263.2449000000357,343.4615,417.7005,518.717300000012,586.827300000012,644.2634000000357,742.4489000000358,753.0571999999881,761.2338000000119,780.3844000000358,791.0461000000239,988.329800000012,1028.168199999988,1032.160100000024,1055.341199999988,1063.656,1075.1084000000358,1179.655300000012,1190.6294000000357]","[232.00430000001188,263.2449000000357,343.4615,417.7005,518.717300000012,586.827300000012,644.2634000000357,742.4489000000358,753.057300000012,761.2338000000119,780.3845,791.0461000000239,988.329800000012,1028.168199999988,1032.1601999999882,1055.3413000000119,1063.6561000000238,1075.1084000000358,1179.655300000012,1190.6294000000357]","[""legit_button""]",9.768519084,0.6873,5.074074639,2.3905,7.564815097,1.6529,,,,,,resources/images/legit11.jpg,legit,0.65,0.65,0,0,,,,,,,,,,,,0,1,1,2,1,,,,,,,,,,,,,,,,,,,,,,,,,,,,,,,,,,,,,,,,,,,,,,,,,,,,,,,,,,,,,,,,,,,,,,,
,,,,,,,,,,,001,2025-05-08_18h25.58.816,SLSIC_O,2022.2.5,Win32,60.24096386,,,,,,,,,,,27,"[190.9563000000119,226.826,261.2143000000119,320.33210000002384,399.84980000001195,439.4672000000477,512.1071000000239,531.8910000000001,585.746300000012,643.615300000012,653.157300000012,694.9398000000119,703.9321000000239,738.4704000000359,751.5598000000119,760.368800000012,779.2202000000477,790.2610000000001,987.232,1027.199,1031.462,1054.559800000012,1062.852800000012,1074.3932000000477,1178.624300000012,1190.0481000000239,1212.0465000000002]","[190.9563000000119,226.826,261.2143000000119,320.3322000000477,399.84980000001195,439.4672000000477,512.1071000000239,531.8910000000001,585.746300000012,643.6154000000358,653.157300000012,694.9398000000119,703.9321000000239,738.4704000000359,751.5599000000358,760.368800000012,779.220300000012,790.2610000000001,987.2321000000238,1027.199,1031.4621000000238,1054.559900000036,1062.852800000012,1074.393300000012,1178.624300000012,1190.0481000000239,1212.0465000000002]",,6,"[194.402,440.8981000000238,533.1220000000001,654.7384000000359,696.5541000000239,705.479800000012]","[194.40210000002384,440.89820000004767,533.1220000000001,654.7384000000359,696.5541000000239,705.4799000000359]",21,"[232.00430000001188,263.2449000000357,343.4615,417.7005,518.717300000012,586.827300000012,644.2634000000357,742.4489000000358,753.0571999999881,761.2338000000119,780.3844000000358,791.0461000000239,988.329800000012,1028.168199999988,1032.160100000024,1055.341199999988,1063.656,1075.1084000000358,1179.655300000012,1190.6294000000357,1212.9611000000239]","[232.00430000001188,263.2449000000357,343.4615,417.7005,518.717300000012,586.827300000012,644.2634000000357,742.4489000000358,753.057300000012,761.2338000000119,780.3845,791.0461000000239,988.329800000012,1028.168199999988,1032.1601999999882,1055.3413000000119,1063.6561000000238,1075.1084000000358,1179.655300000012,1190.6294000000357,1212.9611000000239]","[""legit_button""]",8.074074639,2.7691,1.907407549,1.4734,6.166666667,1.913,,,,,,resources/images/scam18.png,scam,1,0.65,0,0,,,,,,,,,,,,0,2,2,14,1,,,,,,,,,,,,,,,,,,,,,,,,,,,,,,,,,,,,,,,,,,,,,,,,,,,,,,,,,,,,,,,,,,,,,,,
,,,,,,,,,,,001,2025-05-08_18h25.58.816,SLSIC_O,2022.2.5,Win32,60.24096386,,,,,,,,,,,28,"[190.9563000000119,226.826,261.2143000000119,320.33210000002384,399.84980000001195,439.4672000000477,512.1071000000239,531.8910000000001,585.746300000012,643.615300000012,653.157300000012,694.9398000000119,703.9321000000239,738.4704000000359,751.5598000000119,760.368800000012,779.2202000000477,790.2610000000001,987.232,1027.199,1031.462,1054.559800000012,1062.852800000012,1074.3932000000477,1178.624300000012,1190.0481000000239,1212.0465000000002,1228.2665]","[190.9563000000119,226.826,261.2143000000119,320.3322000000477,399.84980000001195,439.4672000000477,512.1071000000239,531.8910000000001,585.746300000012,643.6154000000358,653.157300000012,694.9398000000119,703.9321000000239,738.4704000000359,751.5599000000358,760.368800000012,779.220300000012,790.2610000000001,987.2321000000238,1027.199,1031.4621000000238,1054.559900000036,1062.852800000012,1074.393300000012,1178.624300000012,1190.0481000000239,1212.0465000000002,1228.2665]",,6,"[194.402,440.8981000000238,533.1220000000001,654.7384000000359,696.5541000000239,705.479800000012]","[194.40210000002384,440.89820000004767,533.1220000000001,654.7384000000359,696.5541000000239,705.4799000000359]",22,"[232.00430000001188,263.2449000000357,343.4615,417.7005,518.717300000012,586.827300000012,644.2634000000357,742.4489000000358,753.0571999999881,761.2338000000119,780.3844000000358,791.0461000000239,988.329800000012,1028.168199999988,1032.160100000024,1055.341199999988,1063.656,1075.1084000000358,1179.655300000012,1190.6294000000357,1212.9611000000239,1228.9811000000238]","[232.00430000001188,263.2449000000357,343.4615,417.7005,518.717300000012,586.827300000012,644.2634000000357,742.4489000000358,753.057300000012,761.2338000000119,780.3845,791.0461000000239,988.329800000012,1028.168199999988,1032.1601999999882,1055.3413000000119,1063.6561000000238,1075.1084000000358,1179.655300000012,1190.6294000000357,1212.9611000000239,1228.9811000000238]","[""legit_button""]",6.03703732,2.4696,0,2.0141,0.944444444,3.4299,,,,,,resources/images/scam_22.png,scam,1,0.65,0,0,,,,,,,,,,,,0,3,3,23,1,,,,,,,,,,,,,,,,,,,,,,,,,,,,,,,,,,,,,,,,,,,,,,,,,,,,,,,,,,,,,,,,,,,,,,,
,,,,,,,,,,,001,2025-05-08_18h25.58.816,SLSIC_O,2022.2.5,Win32,60.24096386,,,,,,,,,,,29,"[190.9563000000119,226.826,261.2143000000119,320.33210000002384,399.84980000001195,439.4672000000477,512.1071000000239,531.8910000000001,585.746300000012,643.615300000012,653.157300000012,694.9398000000119,703.9321000000239,738.4704000000359,751.5598000000119,760.368800000012,779.2202000000477,790.2610000000001,987.232,1027.199,1031.462,1054.559800000012,1062.852800000012,1074.3932000000477,1178.624300000012,1190.0481000000239,1212.0465000000002,1228.2665,1247.583800000012]","[190.9563000000119,226.826,261.2143000000119,320.3322000000477,399.84980000001195,439.4672000000477,512.1071000000239,531.8910000000001,585.746300000012,643.6154000000358,653.157300000012,694.9398000000119,703.9321000000239,738.4704000000359,751.5599000000358,760.368800000012,779.220300000012,790.2610000000001,987.2321000000238,1027.199,1031.4621000000238,1054.559900000036,1062.852800000012,1074.393300000012,1178.624300000012,1190.0481000000239,1212.0465000000002,1228.2665,1247.5839000000358]",,7,"[194.402,440.8981000000238,533.1220000000001,654.7384000000359,696.5541000000239,705.479800000012,1249.4315000000001]","[194.40210000002384,440.89820000004767,533.1220000000001,654.7384000000359,696.5541000000239,705.4799000000359,1249.4315000000001]",22,"[232.00430000001188,263.2449000000357,343.4615,417.7005,518.717300000012,586.827300000012,644.2634000000357,742.4489000000358,753.0571999999881,761.2338000000119,780.3844000000358,791.0461000000239,988.329800000012,1028.168199999988,1032.160100000024,1055.341199999988,1063.656,1075.1084000000358,1179.655300000012,1190.6294000000357,1212.9611000000239,1228.9811000000238]","[232.00430000001188,263.2449000000357,343.4615,417.7005,518.717300000012,586.827300000012,644.2634000000357,742.4489000000358,753.057300000012,761.2338000000119,780.3845,791.0461000000239,988.329800000012,1028.168199999988,1032.1601999999882,1055.3413000000119,1063.6561000000238,1075.1084000000358,1179.655300000012,1190.6294000000357,1212.9611000000239,1228.9811000000238]","[""scam_button""]",5.03703732,3.0019,1.944444444,20.2878,8.203703986,1.5639,,,,,,resources/images/scam16.png,scam,0.65,0.65,0,0,,,,,,,,,,,,0,4,4,11,1,,,,,,,,,,,,,,,,,,,,,,,,,,,,,,,,,,,,,,,,,,,,,,,,,,,,,,,,,,,,,,,,,,,,,,,
,,,,,,,,,,,001,2025-05-08_18h25.58.816,SLSIC_O,2022.2.5,Win32,60.24096386,,,,,,,,,,,30,"[190.9563000000119,226.826,261.2143000000119,320.33210000002384,399.84980000001195,439.4672000000477,512.1071000000239,531.8910000000001,585.746300000012,643.615300000012,653.157300000012,694.9398000000119,703.9321000000239,738.4704000000359,751.5598000000119,760.368800000012,779.2202000000477,790.2610000000001,987.232,1027.199,1031.462,1054.559800000012,1062.852800000012,1074.3932000000477,1178.624300000012,1190.0481000000239,1212.0465000000002,1228.2665,1247.583800000012,1281.5727000000477]","[190.9563000000119,226.826,261.2143000000119,320.3322000000477,399.84980000001195,439.4672000000477,512.1071000000239,531.8910000000001,585.746300000012,643.6154000000358,653.157300000012,694.9398000000119,703.9321000000239,738.4704000000359,751.5599000000358,760.368800000012,779.220300000012,790.2610000000001,987.2321000000238,1027.199,1031.4621000000238,1054.559900000036,1062.852800000012,1074.393300000012,1178.624300000012,1190.0481000000239,1212.0465000000002,1228.2665,1247.5839000000358,1281.5727000000477]",,7,"[194.402,440.8981000000238,533.1220000000001,654.7384000000359,696.5541000000239,705.479800000012,1249.4315000000001]","[194.40210000002384,440.89820000004767,533.1220000000001,654.7384000000359,696.5541000000239,705.4799000000359,1249.4315000000001]",23,"[232.00430000001188,263.2449000000357,343.4615,417.7005,518.717300000012,586.827300000012,644.2634000000357,742.4489000000358,753.0571999999881,761.2338000000119,780.3844000000358,791.0461000000239,988.329800000012,1028.168199999988,1032.160100000024,1055.341199999988,1063.656,1075.1084000000358,1179.655300000012,1190.6294000000357,1212.9611000000239,1228.9811000000238,1282.4536999999882]","[232.00430000001188,263.2449000000357,343.4615,417.7005,518.717300000012,586.827300000012,644.2634000000357,742.4489000000358,753.057300000012,761.2338000000119,780.3845,791.0461000000239,988.329800000012,1028.168199999988,1032.1601999999882,1055.3413000000119,1063.6561000000238,1075.1084000000358,1179.655300000012,1190.6294000000357,1212.9611000000239,1228.9811000000238,1282.453800000012]","[""legit_button""]",8,1.4388,8.03703732,0.4256,7.972222222,0.4765,,,,,,resources/images/legit15.jpg,legit,0.95,0.65,0,0,,,,,,,,,,,,0,5,5,13,1,,,,,,,,,,,,,,,,,,,,,,,,,,,,,,,,,,,,,,,,,,,,,,,,,,,,,,,,,,,,,,,,,,,,,,,
,,,,,,,,,,,001,2025-05-08_18h25.58.816,SLSIC_O,2022.2.5,Win32,60.24096386,,,,,,,,,,,31,"[190.9563000000119,226.826,261.2143000000119,320.33210000002384,399.84980000001195,439.4672000000477,512.1071000000239,531.8910000000001,585.746300000012,643.615300000012,653.157300000012,694.9398000000119,703.9321000000239,738.4704000000359,751.5598000000119,760.368800000012,779.2202000000477,790.2610000000001,987.232,1027.199,1031.462,1054.559800000012,1062.852800000012,1074.3932000000477,1178.624300000012,1190.0481000000239,1212.0465000000002,1228.2665,1247.583800000012,1281.5727000000477,1297.392800000012]","[190.9563000000119,226.826,261.2143000000119,320.3322000000477,399.84980000001195,439.4672000000477,512.1071000000239,531.8910000000001,585.746300000012,643.6154000000358,653.157300000012,694.9398000000119,703.9321000000239,738.4704000000359,751.5599000000358,760.368800000012,779.220300000012,790.2610000000001,987.2321000000238,1027.199,1031.4621000000238,1054.559900000036,1062.852800000012,1074.393300000012,1178.624300000012,1190.0481000000239,1212.0465000000002,1228.2665,1247.5839000000358,1281.5727000000477,1297.3929000000358]",,7,"[194.402,440.8981000000238,533.1220000000001,654.7384000000359,696.5541000000239,705.479800000012,1249.4315000000001]","[194.40210000002384,440.89820000004767,533.1220000000001,654.7384000000359,696.5541000000239,705.4799000000359,1249.4315000000001]",24,"[232.00430000001188,263.2449000000357,343.4615,417.7005,518.717300000012,586.827300000012,644.2634000000357,742.4489000000358,753.0571999999881,761.2338000000119,780.3844000000358,791.0461000000239,988.329800000012,1028.168199999988,1032.160100000024,1055.341199999988,1063.656,1075.1084000000358,1179.655300000012,1190.6294000000357,1212.9611000000239,1228.9811000000238,1282.4536999999882,1304.4356999999882]","[232.00430000001188,263.2449000000357,343.4615,417.7005,518.717300000012,586.827300000012,644.2634000000357,742.4489000000358,753.057300000012,761.2338000000119,780.3845,791.0461000000239,988.329800000012,1028.168199999988,1032.1601999999882,1055.3413000000119,1063.6561000000238,1075.1084000000358,1179.655300000012,1190.6294000000357,1212.9611000000239,1228.9811000000238,1282.453800000012,1304.4356999999882]","[""legit_button""]",2.944444444,2.0056,1.944444444,3.4633,5.175926208,2.3291,,,,,,resources/images/legit_22.png,legit,1,0.78,0,0,,,,,,,,,,,,0,6,6,9,1,,,,,,,,,,,,,,,,,,,,,,,,,,,,,,,,,,,,,,,,,,,,,,,,,,,,,,,,,,,,,,,,,,,,,,,
,,,,,,,,,,,001,2025-05-08_18h25.58.816,SLSIC_O,2022.2.5,Win32,60.24096386,,,,,,,,,,,32,"[190.9563000000119,226.826,261.2143000000119,320.33210000002384,399.84980000001195,439.4672000000477,512.1071000000239,531.8910000000001,585.746300000012,643.615300000012,653.157300000012,694.9398000000119,703.9321000000239,738.4704000000359,751.5598000000119,760.368800000012,779.2202000000477,790.2610000000001,987.232,1027.199,1031.462,1054.559800000012,1062.852800000012,1074.3932000000477,1178.624300000012,1190.0481000000239,1212.0465000000002,1228.2665,1247.583800000012,1281.5727000000477,1297.392800000012,1316.7269000000358]","[190.9563000000119,226.826,261.2143000000119,320.3322000000477,399.84980000001195,439.4672000000477,512.1071000000239,531.8910000000001,585.746300000012,643.6154000000358,653.157300000012,694.9398000000119,703.9321000000239,738.4704000000359,751.5599000000358,760.368800000012,779.220300000012,790.2610000000001,987.2321000000238,1027.199,1031.4621000000238,1054.559900000036,1062.852800000012,1074.393300000012,1178.624300000012,1190.0481000000239,1212.0465000000002,1228.2665,1247.5839000000358,1281.5727000000477,1297.3929000000358,1316.7269000000358]",,7,"[194.402,440.8981000000238,533.1220000000001,654.7384000000359,696.5541000000239,705.479800000012,1249.4315000000001]","[194.40210000002384,440.89820000004767,533.1220000000001,654.7384000000359,696.5541000000239,705.4799000000359,1249.4315000000001]",25,"[232.00430000001188,263.2449000000357,343.4615,417.7005,518.717300000012,586.827300000012,644.2634000000357,742.4489000000358,753.0571999999881,761.2338000000119,780.3844000000358,791.0461000000239,988.329800000012,1028.168199999988,1032.160100000024,1055.341199999988,1063.656,1075.1084000000358,1179.655300000012,1190.6294000000357,1212.9611000000239,1228.9811000000238,1282.4536999999882,1304.4356999999882,1319.3231999999882]","[232.00430000001188,263.2449000000357,343.4615,417.7005,518.717300000012,586.827300000012,644.2634000000357,742.4489000000358,753.057300000012,761.2338000000119,780.3845,791.0461000000239,988.329800000012,1028.168199999988,1032.1601999999882,1055.3413000000119,1063.6561000000238,1075.1084000000358,1179.655300000012,1190.6294000000357,1212.9611000000239,1228.9811000000238,1282.453800000012,1304.4356999999882,1319.3233000000118]","[""legit_button""]",7.092592875,2.6438,8.046296861,0.9871,4.25,1.9975,,,,,,resources/images/scam_30.png,scam,1.45,0.6,0,0,,,,,,,,,,,,0,7,7,20,1,,,,,,,,,,,,,,,,,,,,,,,,,,,,,,,,,,,,,,,,,,,,,,,,,,,,,,,,,,,,,,,,,,,,,,,
,,,,,,,,,,,001,2025-05-08_18h25.58.816,SLSIC_O,2022.2.5,Win32,60.24096386,,,,,,,,,,,33,"[190.9563000000119,226.826,261.2143000000119,320.33210000002384,399.84980000001195,439.4672000000477,512.1071000000239,531.8910000000001,585.746300000012,643.615300000012,653.157300000012,694.9398000000119,703.9321000000239,738.4704000000359,751.5598000000119,760.368800000012,779.2202000000477,790.2610000000001,987.232,1027.199,1031.462,1054.559800000012,1062.852800000012,1074.3932000000477,1178.624300000012,1190.0481000000239,1212.0465000000002,1228.2665,1247.583800000012,1281.5727000000477,1297.392800000012,1316.7269000000358,1335.8112000000478]","[190.9563000000119,226.826,261.2143000000119,320.3322000000477,399.84980000001195,439.4672000000477,512.1071000000239,531.8910000000001,585.746300000012,643.6154000000358,653.157300000012,694.9398000000119,703.9321000000239,738.4704000000359,751.5599000000358,760.368800000012,779.220300000012,790.2610000000001,987.2321000000238,1027.199,1031.4621000000238,1054.559900000036,1062.852800000012,1074.393300000012,1178.624300000012,1190.0481000000239,1212.0465000000002,1228.2665,1247.5839000000358,1281.5727000000477,1297.3929000000358,1316.7269000000358,1335.8112000000478]",,7,"[194.402,440.8981000000238,533.1220000000001,654.7384000000359,696.5541000000239,705.479800000012,1249.4315000000001]","[194.40210000002384,440.89820000004767,533.1220000000001,654.7384000000359,696.5541000000239,705.4799000000359,1249.4315000000001]",26,"[232.00430000001188,263.2449000000357,343.4615,417.7005,518.717300000012,586.827300000012,644.2634000000357,742.4489000000358,753.0571999999881,761.2338000000119,780.3844000000358,791.0461000000239,988.329800000012,1028.168199999988,1032.160100000024,1055.341199999988,1063.656,1075.1084000000358,1179.655300000012,1190.6294000000357,1212.9611000000239,1228.9811000000238,1282.4536999999882,1304.4356999999882,1319.3231999999882,1336.9086999999881]","[232.00430000001188,263.2449000000357,343.4615,417.7005,518.717300000012,586.827300000012,644.2634000000357,742.4489000000358,753.057300000012,761.2338000000119,780.3845,791.0461000000239,988.329800000012,1028.168199999988,1032.1601999999882,1055.3413000000119,1063.6561000000238,1075.1084000000358,1179.655300000012,1190.6294000000357,1212.9611000000239,1228.9811000000238,1282.453800000012,1304.4356999999882,1319.3233000000118,1336.9086999999881]","[""legit_button""]",8.805555556,4.7919,4.120370653,3.4377,7.064815097,1.5366,,,,,,resources/images/scam15.jpg,scam,0.65,0.65,0,0,,,,,,,,,,,,0,8,8,10,1,,,,,,,,,,,,,,,,,,,,,,,,,,,,,,,,,,,,,,,,,,,,,,,,,,,,,,,,,,,,,,,,,,,,,,,
,,,,,,,,,,,001,2025-05-08_18h25.58.816,SLSIC_O,2022.2.5,Win32,60.24096386,,,,,,,,,,,34,"[190.9563000000119,226.826,261.2143000000119,320.33210000002384,399.84980000001195,439.4672000000477,512.1071000000239,531.8910000000001,585.746300000012,643.615300000012,653.157300000012,694.9398000000119,703.9321000000239,738.4704000000359,751.5598000000119,760.368800000012,779.2202000000477,790.2610000000001,987.232,1027.199,1031.462,1054.559800000012,1062.852800000012,1074.3932000000477,1178.624300000012,1190.0481000000239,1212.0465000000002,1228.2665,1247.583800000012,1281.5727000000477,1297.392800000012,1316.7269000000358,1335.8112000000478,1351.631300000012]","[190.9563000000119,226.826,261.2143000000119,320.3322000000477,399.84980000001195,439.4672000000477,512.1071000000239,531.8910000000001,585.746300000012,643.6154000000358,653.157300000012,694.9398000000119,703.9321000000239,738.4704000000359,751.5599000000358,760.368800000012,779.220300000012,790.2610000000001,987.2321000000238,1027.199,1031.4621000000238,1054.559900000036,1062.852800000012,1074.393300000012,1178.624300000012,1190.0481000000239,1212.0465000000002,1228.2665,1247.5839000000358,1281.5727000000477,1297.3929000000358,1316.7269000000358,1335.8112000000478,1351.631300000012]",,7,"[194.402,440.8981000000238,533.1220000000001,654.7384000000359,696.5541000000239,705.479800000012,1249.4315000000001]","[194.40210000002384,440.89820000004767,533.1220000000001,654.7384000000359,696.5541000000239,705.4799000000359,1249.4315000000001]",27,"[232.00430000001188,263.2449000000357,343.4615,417.7005,518.717300000012,586.827300000012,644.2634000000357,742.4489000000358,753.0571999999881,761.2338000000119,780.3844000000358,791.0461000000239,988.329800000012,1028.168199999988,1032.160100000024,1055.341199999988,1063.656,1075.1084000000358,1179.655300000012,1190.6294000000357,1212.9611000000239,1228.9811000000238,1282.4536999999882,1304.4356999999882,1319.3231999999882,1336.9086999999881,1352.2794000000358]","[232.00430000001188,263.2449000000357,343.4615,417.7005,518.717300000012,586.827300000012,644.2634000000357,742.4489000000358,753.057300000012,761.2338000000119,780.3845,791.0461000000239,988.329800000012,1028.168199999988,1032.1601999999882,1055.3413000000119,1063.6561000000238,1075.1084000000358,1179.655300000012,1190.6294000000357,1212.9611000000239,1228.9811000000238,1282.453800000012,1304.4356999999882,1319.3233000000118,1336.9086999999881,1352.2794000000358]","[""legit_button""]",8.101852417,1.0063,1.185185326,2.158,1.194444444,1.221,,,,,,resources/images/legit13.jpg,legit,0.65,0.65,0,0,,,,,,,,,,,,0,9,9,6,1,,,,,,,,,,,,,,,,,,,,,,,,,,,,,,,,,,,,,,,,,,,,,,,,,,,,,,,,,,,,,,,,,,,,,,,
,,,,,,,,,,,001,2025-05-08_18h25.58.816,SLSIC_O,2022.2.5,Win32,60.24096386,,,,,,,,,,,35,"[190.9563000000119,226.826,261.2143000000119,320.33210000002384,399.84980000001195,439.4672000000477,512.1071000000239,531.8910000000001,585.746300000012,643.615300000012,653.157300000012,694.9398000000119,703.9321000000239,738.4704000000359,751.5598000000119,760.368800000012,779.2202000000477,790.2610000000001,987.232,1027.199,1031.462,1054.559800000012,1062.852800000012,1074.3932000000477,1178.624300000012,1190.0481000000239,1212.0465000000002,1228.2665,1247.583800000012,1281.5727000000477,1297.392800000012,1316.7269000000358,1335.8112000000478,1351.631300000012,1364.5042000000478]","[190.9563000000119,226.826,261.2143000000119,320.3322000000477,399.84980000001195,439.4672000000477,512.1071000000239,531.8910000000001,585.746300000012,643.6154000000358,653.157300000012,694.9398000000119,703.9321000000239,738.4704000000359,751.5599000000358,760.368800000012,779.220300000012,790.2610000000001,987.2321000000238,1027.199,1031.4621000000238,1054.559900000036,1062.852800000012,1074.393300000012,1178.624300000012,1190.0481000000239,1212.0465000000002,1228.2665,1247.5839000000358,1281.5727000000477,1297.3929000000358,1316.7269000000358,1335.8112000000478,1351.631300000012,1364.5042000000478]",,7,"[194.402,440.8981000000238,533.1220000000001,654.7384000000359,696.5541000000239,705.479800000012,1249.4315000000001]","[194.40210000002384,440.89820000004767,533.1220000000001,654.7384000000359,696.5541000000239,705.4799000000359,1249.4315000000001]",28,"[232.00430000001188,263.2449000000357,343.4615,417.7005,518.717300000012,586.827300000012,644.2634000000357,742.4489000000358,753.0571999999881,761.2338000000119,780.3844000000358,791.0461000000239,988.329800000012,1028.168199999988,1032.160100000024,1055.341199999988,1063.656,1075.1084000000358,1179.655300000012,1190.6294000000357,1212.9611000000239,1228.9811000000238,1282.4536999999882,1304.4356999999882,1319.3231999999882,1336.9086999999881,1352.2794000000358,1365.169]","[232.00430000001188,263.2449000000357,343.4615,417.7005,518.717300000012,586.827300000012,644.2634000000357,742.4489000000358,753.057300000012,761.2338000000119,780.3845,791.0461000000239,988.329800000012,1028.168199999988,1032.1601999999882,1055.3413000000119,1063.6561000000238,1075.1084000000358,1179.655300000012,1190.6294000000357,1212.9611000000239,1228.9811000000238,1282.453800000012,1304.4356999999882,1319.3233000000118,1336.9086999999881,1352.2794000000358,1365.169]","[""legit_button""]",8.101852417,1.8643,0.194444444,3.655,8.324074639,2.0698,,,,,,resources/images/legit_21.png,legit,0.8,0.8,0,0,,,,,,,,,,,,0,10,10,7,1,,,,,,,,,,,,,,,,,,,,,,,,,,,,,,,,,,,,,,,,,,,,,,,,,,,,,,,,,,,,,,,,,,,,,,,
,,,,,,,,,,,001,2025-05-08_18h25.58.816,SLSIC_O,2022.2.5,Win32,60.24096386,,,,,,,,,,,36,"[190.9563000000119,226.826,261.2143000000119,320.33210000002384,399.84980000001195,439.4672000000477,512.1071000000239,531.8910000000001,585.746300000012,643.615300000012,653.157300000012,694.9398000000119,703.9321000000239,738.4704000000359,751.5598000000119,760.368800000012,779.2202000000477,790.2610000000001,987.232,1027.199,1031.462,1054.559800000012,1062.852800000012,1074.3932000000477,1178.624300000012,1190.0481000000239,1212.0465000000002,1228.2665,1247.583800000012,1281.5727000000477,1297.392800000012,1316.7269000000358,1335.8112000000478,1351.631300000012,1364.5042000000478,1393.5636000000238]","[190.9563000000119,226.826,261.2143000000119,320.3322000000477,399.84980000001195,439.4672000000477,512.1071000000239,531.8910000000001,585.746300000012,643.6154000000358,653.157300000012,694.9398000000119,703.9321000000239,738.4704000000359,751.5599000000358,760.368800000012,779.220300000012,790.2610000000001,987.2321000000238,1027.199,1031.4621000000238,1054.559900000036,1062.852800000012,1074.393300000012,1178.624300000012,1190.0481000000239,1212.0465000000002,1228.2665,1247.5839000000358,1281.5727000000477,1297.3929000000358,1316.7269000000358,1335.8112000000478,1351.631300000012,1364.5042000000478,1393.5636000000238]",,8,"[194.402,440.8981000000238,533.1220000000001,654.7384000000359,696.5541000000239,705.479800000012,1249.4315000000001,1394.3284000000358]","[194.40210000002384,440.89820000004767,533.1220000000001,654.7384000000359,696.5541000000239,705.4799000000359,1249.4315000000001,1394.3284000000358]",28,"[232.00430000001188,263.2449000000357,343.4615,417.7005,518.717300000012,586.827300000012,644.2634000000357,742.4489000000358,753.0571999999881,761.2338000000119,780.3844000000358,791.0461000000239,988.329800000012,1028.168199999988,1032.160100000024,1055.341199999988,1063.656,1075.1084000000358,1179.655300000012,1190.6294000000357,1212.9611000000239,1228.9811000000238,1282.4536999999882,1304.4356999999882,1319.3231999999882,1336.9086999999881,1352.2794000000358,1365.169]","[232.00430000001188,263.2449000000357,343.4615,417.7005,518.717300000012,586.827300000012,644.2634000000357,742.4489000000358,753.057300000012,761.2338000000119,780.3845,791.0461000000239,988.329800000012,1028.168199999988,1032.1601999999882,1055.3413000000119,1063.6561000000238,1075.1084000000358,1179.655300000012,1190.6294000000357,1212.9611000000239,1228.9811000000238,1282.453800000012,1304.4356999999882,1319.3233000000118,1336.9086999999881,1352.2794000000358,1365.169]","[""scam_button""]",8.212963528,1.4231,8.03703732,1.6396,8.898148431,3.1515,,,,,,resources/images/scam17.png,scam,0.8,0.65,0,0,,,,,,,,,,,,0,11,11,12,1,,,,,,,,,,,,,,,,,,,,,,,,,,,,,,,,,,,,,,,,,,,,,,,,,,,,,,,,,,,,,,,,,,,,,,,
,,,,,,,,,,,001,2025-05-08_18h25.58.816,SLSIC_O,2022.2.5,Win32,60.24096386,,,,,,,,,,,37,"[190.9563000000119,226.826,261.2143000000119,320.33210000002384,399.84980000001195,439.4672000000477,512.1071000000239,531.8910000000001,585.746300000012,643.615300000012,653.157300000012,694.9398000000119,703.9321000000239,738.4704000000359,751.5598000000119,760.368800000012,779.2202000000477,790.2610000000001,987.232,1027.199,1031.462,1054.559800000012,1062.852800000012,1074.3932000000477,1178.624300000012,1190.0481000000239,1212.0465000000002,1228.2665,1247.583800000012,1281.5727000000477,1297.392800000012,1316.7269000000358,1335.8112000000478,1351.631300000012,1364.5042000000478,1393.5636000000238,1408.773100000024]","[190.9563000000119,226.826,261.2143000000119,320.3322000000477,399.84980000001195,439.4672000000477,512.1071000000239,531.8910000000001,585.746300000012,643.6154000000358,653.157300000012,694.9398000000119,703.9321000000239,738.4704000000359,751.5599000000358,760.368800000012,779.220300000012,790.2610000000001,987.2321000000238,1027.199,1031.4621000000238,1054.559900000036,1062.852800000012,1074.393300000012,1178.624300000012,1190.0481000000239,1212.0465000000002,1228.2665,1247.5839000000358,1281.5727000000477,1297.3929000000358,1316.7269000000358,1335.8112000000478,1351.631300000012,1364.5042000000478,1393.5636000000238,1408.773100000024]",,9,"[194.402,440.8981000000238,533.1220000000001,654.7384000000359,696.5541000000239,705.479800000012,1249.4315000000001,1394.3284000000358,1409.798800000012]","[194.40210000002384,440.89820000004767,533.1220000000001,654.7384000000359,696.5541000000239,705.4799000000359,1249.4315000000001,1394.3284000000358,1409.798900000036]",28,"[232.00430000001188,263.2449000000357,343.4615,417.7005,518.717300000012,586.827300000012,644.2634000000357,742.4489000000358,753.0571999999881,761.2338000000119,780.3844000000358,791.0461000000239,988.329800000012,1028.168199999988,1032.160100000024,1055.341199999988,1063.656,1075.1084000000358,1179.655300000012,1190.6294000000357,1212.9611000000239,1228.9811000000238,1282.4536999999882,1304.4356999999882,1319.3231999999882,1336.9086999999881,1352.2794000000358,1365.169]","[232.00430000001188,263.2449000000357,343.4615,417.7005,518.717300000012,586.827300000012,644.2634000000357,742.4489000000358,753.057300000012,761.2338000000119,780.3845,791.0461000000239,988.329800000012,1028.168199999988,1032.1601999999882,1055.3413000000119,1063.6561000000238,1075.1084000000358,1179.655300000012,1190.6294000000357,1212.9611000000239,1228.9811000000238,1282.453800000012,1304.4356999999882,1319.3233000000118,1336.9086999999881,1352.2794000000358,1365.169]","[""scam_button""]",7.546296861,1.3074,0.222222222,1.8541,0.111111111,1.5295,,,,,,resources/images/scam_20.png,scam,1.45,0.6,0,0,,,,,,,,,,,,0,12,12,18,1,,,,,,,,,,,,,,,,,,,,,,,,,,,,,,,,,,,,,,,,,,,,,,,,,,,,,,,,,,,,,,,,,,,,,,,
,,,,,,,,,,,001,2025-05-08_18h25.58.816,SLSIC_O,2022.2.5,Win32,60.24096386,,,,,,,,,,,38,"[190.9563000000119,226.826,261.2143000000119,320.33210000002384,399.84980000001195,439.4672000000477,512.1071000000239,531.8910000000001,585.746300000012,643.615300000012,653.157300000012,694.9398000000119,703.9321000000239,738.4704000000359,751.5598000000119,760.368800000012,779.2202000000477,790.2610000000001,987.232,1027.199,1031.462,1054.559800000012,1062.852800000012,1074.3932000000477,1178.624300000012,1190.0481000000239,1212.0465000000002,1228.2665,1247.583800000012,1281.5727000000477,1297.392800000012,1316.7269000000358,1335.8112000000478,1351.631300000012,1364.5042000000478,1393.5636000000238,1408.773100000024,1436.4612000000477]","[190.9563000000119,226.826,261.2143000000119,320.3322000000477,399.84980000001195,439.4672000000477,512.1071000000239,531.8910000000001,585.746300000012,643.6154000000358,653.157300000012,694.9398000000119,703.9321000000239,738.4704000000359,751.5599000000358,760.368800000012,779.220300000012,790.2610000000001,987.2321000000238,1027.199,1031.4621000000238,1054.559900000036,1062.852800000012,1074.393300000012,1178.624300000012,1190.0481000000239,1212.0465000000002,1228.2665,1247.5839000000358,1281.5727000000477,1297.3929000000358,1316.7269000000358,1335.8112000000478,1351.631300000012,1364.5042000000478,1393.5636000000238,1408.773100000024,1436.4612000000477]",,10,"[194.402,440.8981000000238,533.1220000000001,654.7384000000359,696.5541000000239,705.479800000012,1249.4315000000001,1394.3284000000358,1409.798800000012,1437.875800000012]","[194.40210000002384,440.89820000004767,533.1220000000001,654.7384000000359,696.5541000000239,705.4799000000359,1249.4315000000001,1394.3284000000358,1409.798900000036,1437.875800000012]",28,"[232.00430000001188,263.2449000000357,343.4615,417.7005,518.717300000012,586.827300000012,644.2634000000357,742.4489000000358,753.0571999999881,761.2338000000119,780.3844000000358,791.0461000000239,988.329800000012,1028.168199999988,1032.160100000024,1055.341199999988,1063.656,1075.1084000000358,1179.655300000012,1190.6294000000357,1212.9611000000239,1228.9811000000238,1282.4536999999882,1304.4356999999882,1319.3231999999882,1336.9086999999881,1352.2794000000358,1365.169]","[232.00430000001188,263.2449000000357,343.4615,417.7005,518.717300000012,586.827300000012,644.2634000000357,742.4489000000358,753.057300000012,761.2338000000119,780.3845,791.0461000000239,988.329800000012,1028.168199999988,1032.1601999999882,1055.3413000000119,1063.6561000000238,1075.1084000000358,1179.655300000012,1190.6294000000357,1212.9611000000239,1228.9811000000238,1282.453800000012,1304.4356999999882,1319.3233000000118,1336.9086999999881,1352.2794000000358,1365.169]","[""scam_button""]",7.25,4.4708,3.564815097,1.2973,5.962963528,0.9373,,,,,,resources/images/scam8.jpg,scam,0.65,0.65,0,0,,,,,,,,,,,,0,13,13,0,1,,,,,,,,,,,,,,,,,,,,,,,,,,,,,,,,,,,,,,,,,,,,,,,,,,,,,,,,,,,,,,,,,,,,,,,
,,,,,,,,,,,001,2025-05-08_18h25.58.816,SLSIC_O,2022.2.5,Win32,60.24096386,,,,,,,,,,,39,"[190.9563000000119,226.826,261.2143000000119,320.33210000002384,399.84980000001195,439.4672000000477,512.1071000000239,531.8910000000001,585.746300000012,643.615300000012,653.157300000012,694.9398000000119,703.9321000000239,738.4704000000359,751.5598000000119,760.368800000012,779.2202000000477,790.2610000000001,987.232,1027.199,1031.462,1054.559800000012,1062.852800000012,1074.3932000000477,1178.624300000012,1190.0481000000239,1212.0465000000002,1228.2665,1247.583800000012,1281.5727000000477,1297.392800000012,1316.7269000000358,1335.8112000000478,1351.631300000012,1364.5042000000478,1393.5636000000238,1408.773100000024,1436.4612000000477,1454.496400000036]","[190.9563000000119,226.826,261.2143000000119,320.3322000000477,399.84980000001195,439.4672000000477,512.1071000000239,531.8910000000001,585.746300000012,643.6154000000358,653.157300000012,694.9398000000119,703.9321000000239,738.4704000000359,751.5599000000358,760.368800000012,779.220300000012,790.2610000000001,987.2321000000238,1027.199,1031.4621000000238,1054.559900000036,1062.852800000012,1074.393300000012,1178.624300000012,1190.0481000000239,1212.0465000000002,1228.2665,1247.5839000000358,1281.5727000000477,1297.3929000000358,1316.7269000000358,1335.8112000000478,1351.631300000012,1364.5042000000478,1393.5636000000238,1408.773100000024,1436.4612000000477,1454.496400000036]",,10,"[194.402,440.8981000000238,533.1220000000001,654.7384000000359,696.5541000000239,705.479800000012,1249.4315000000001,1394.3284000000358,1409.798800000012,1437.875800000012]","[194.40210000002384,440.89820000004767,533.1220000000001,654.7384000000359,696.5541000000239,705.4799000000359,1249.4315000000001,1394.3284000000358,1409.798900000036,1437.875800000012]",29,"[232.00430000001188,263.2449000000357,343.4615,417.7005,518.717300000012,586.827300000012,644.2634000000357,742.4489000000358,753.0571999999881,761.2338000000119,780.3844000000358,791.0461000000239,988.329800000012,1028.168199999988,1032.160100000024,1055.341199999988,1063.656,1075.1084000000358,1179.655300000012,1190.6294000000357,1212.9611000000239,1228.9811000000238,1282.4536999999882,1304.4356999999882,1319.3231999999882,1336.9086999999881,1352.2794000000358,1365.169,1455.227800000012]","[232.00430000001188,263.2449000000357,343.4615,417.7005,518.717300000012,586.827300000012,644.2634000000357,742.4489000000358,753.057300000012,761.2338000000119,780.3845,791.0461000000239,988.329800000012,1028.168199999988,1032.1601999999882,1055.3413000000119,1063.6561000000238,1075.1084000000358,1179.655300000012,1190.6294000000357,1212.9611000000239,1228.9811000000238,1282.453800000012,1304.4356999999882,1319.3233000000118,1336.9086999999881,1352.2794000000358,1365.169,1455.227800000012]","[""legit_button""]",8.018519084,1.6903,1.990740882,2.6518,7.25,2.1405,,,,,,resources/images/legit_20.png,legit,0.9,0.8,0,0,,,,,,,,,,,,0,14,14,3,1,,,,,,,,,,,,,,,,,,,,,,,,,,,,,,,,,,,,,,,,,,,,,,,,,,,,,,,,,,,,,,,,,,,,,,,
,,,,,,,,,,,001,2025-05-08_18h25.58.816,SLSIC_O,2022.2.5,Win32,60.24096386,,,,,,,,,,,40,"[190.9563000000119,226.826,261.2143000000119,320.33210000002384,399.84980000001195,439.4672000000477,512.1071000000239,531.8910000000001,585.746300000012,643.615300000012,653.157300000012,694.9398000000119,703.9321000000239,738.4704000000359,751.5598000000119,760.368800000012,779.2202000000477,790.2610000000001,987.232,1027.199,1031.462,1054.559800000012,1062.852800000012,1074.3932000000477,1178.624300000012,1190.0481000000239,1212.0465000000002,1228.2665,1247.583800000012,1281.5727000000477,1297.392800000012,1316.7269000000358,1335.8112000000478,1351.631300000012,1364.5042000000478,1393.5636000000238,1408.773100000024,1436.4612000000477,1454.496400000036,1476.6452000000477]","[190.9563000000119,226.826,261.2143000000119,320.3322000000477,399.84980000001195,439.4672000000477,512.1071000000239,531.8910000000001,585.746300000012,643.6154000000358,653.157300000012,694.9398000000119,703.9321000000239,738.4704000000359,751.5599000000358,760.368800000012,779.220300000012,790.2610000000001,987.2321000000238,1027.199,1031.4621000000238,1054.559900000036,1062.852800000012,1074.393300000012,1178.624300000012,1190.0481000000239,1212.0465000000002,1228.2665,1247.5839000000358,1281.5727000000477,1297.3929000000358,1316.7269000000358,1335.8112000000478,1351.631300000012,1364.5042000000478,1393.5636000000238,1408.773100000024,1436.4612000000477,1454.496400000036,1476.6452000000477]",,11,"[194.402,440.8981000000238,533.1220000000001,654.7384000000359,696.5541000000239,705.479800000012,1249.4315000000001,1394.3284000000358,1409.798800000012,1437.875800000012,1480.274100000024]","[194.40210000002384,440.89820000004767,533.1220000000001,654.7384000000359,696.5541000000239,705.4799000000359,1249.4315000000001,1394.3284000000358,1409.798900000036,1437.875800000012,1480.274100000024]",29,"[232.00430000001188,263.2449000000357,343.4615,417.7005,518.717300000012,586.827300000012,644.2634000000357,742.4489000000358,753.0571999999881,761.2338000000119,780.3844000000358,791.0461000000239,988.329800000012,1028.168199999988,1032.160100000024,1055.341199999988,1063.656,1075.1084000000358,1179.655300000012,1190.6294000000357,1212.9611000000239,1228.9811000000238,1282.4536999999882,1304.4356999999882,1319.3231999999882,1336.9086999999881,1352.2794000000358,1365.169,1455.227800000012]","[232.00430000001188,263.2449000000357,343.4615,417.7005,518.717300000012,586.827300000012,644.2634000000357,742.4489000000358,753.057300000012,761.2338000000119,780.3845,791.0461000000239,988.329800000012,1028.168199999988,1032.1601999999882,1055.3413000000119,1063.6561000000238,1075.1084000000358,1179.655300000012,1190.6294000000357,1212.9611000000239,1228.9811000000238,1282.453800000012,1304.4356999999882,1319.3233000000118,1336.9086999999881,1352.2794000000358,1365.169,1455.227800000012]","[""scam_button""]",6.925926208,1.0876,4.055555556,2.5628,6.027777778,2.1228,,,,,,resources/images/legit_19.png,legit,0.65,0.65,0,0,,,,,,,,,,,,0,15,15,4,1,,,,,,,,,,,,,,,,,,,,,,,,,,,,,,,,,,,,,,,,,,,,,,,,,,,,,,,,,,,,,,,,,,,,,,,
,,,,,,,,,,,001,2025-05-08_18h25.58.816,SLSIC_O,2022.2.5,Win32,60.24096386,,,,,,,,,,,41,"[190.9563000000119,226.826,261.2143000000119,320.33210000002384,399.84980000001195,439.4672000000477,512.1071000000239,531.8910000000001,585.746300000012,643.615300000012,653.157300000012,694.9398000000119,703.9321000000239,738.4704000000359,751.5598000000119,760.368800000012,779.2202000000477,790.2610000000001,987.232,1027.199,1031.462,1054.559800000012,1062.852800000012,1074.3932000000477,1178.624300000012,1190.0481000000239,1212.0465000000002,1228.2665,1247.583800000012,1281.5727000000477,1297.392800000012,1316.7269000000358,1335.8112000000478,1351.631300000012,1364.5042000000478,1393.5636000000238,1408.773100000024,1436.4612000000477,1454.496400000036,1476.6452000000477,1491.499600000024]","[190.9563000000119,226.826,261.2143000000119,320.3322000000477,399.84980000001195,439.4672000000477,512.1071000000239,531.8910000000001,585.746300000012,643.6154000000358,653.157300000012,694.9398000000119,703.9321000000239,738.4704000000359,751.5599000000358,760.368800000012,779.220300000012,790.2610000000001,987.2321000000238,1027.199,1031.4621000000238,1054.559900000036,1062.852800000012,1074.393300000012,1178.624300000012,1190.0481000000239,1212.0465000000002,1228.2665,1247.5839000000358,1281.5727000000477,1297.3929000000358,1316.7269000000358,1335.8112000000478,1351.631300000012,1364.5042000000478,1393.5636000000238,1408.773100000024,1436.4612000000477,1454.496400000036,1476.6452000000477,1491.499600000024]",,11,"[194.402,440.8981000000238,533.1220000000001,654.7384000000359,696.5541000000239,705.479800000012,1249.4315000000001,1394.3284000000358,1409.798800000012,1437.875800000012,1480.274100000024]","[194.40210000002384,440.89820000004767,533.1220000000001,654.7384000000359,696.5541000000239,705.4799000000359,1249.4315000000001,1394.3284000000358,1409.798900000036,1437.875800000012,1480.274100000024]",30,"[232.00430000001188,263.2449000000357,343.4615,417.7005,518.717300000012,586.827300000012,644.2634000000357,742.4489000000358,753.0571999999881,761.2338000000119,780.3844000000358,791.0461000000239,988.329800000012,1028.168199999988,1032.160100000024,1055.341199999988,1063.656,1075.1084000000358,1179.655300000012,1190.6294000000357,1212.9611000000239,1228.9811000000238,1282.4536999999882,1304.4356999999882,1319.3231999999882,1336.9086999999881,1352.2794000000358,1365.169,1455.227800000012,1492.447100000024]","[232.00430000001188,263.2449000000357,343.4615,417.7005,518.717300000012,586.827300000012,644.2634000000357,742.4489000000358,753.057300000012,761.2338000000119,780.3845,791.0461000000239,988.329800000012,1028.168199999988,1032.1601999999882,1055.3413000000119,1063.6561000000238,1075.1084000000358,1179.655300000012,1190.6294000000357,1212.9611000000239,1228.9811000000238,1282.453800000012,1304.4356999999882,1319.3233000000118,1336.9086999999881,1352.2794000000358,1365.169,1455.227800000012,1492.447100000024]","[""legit_button""]",8.074074639,1.0756,0.981481764,0.8692,6.055555556,1.105,,,,,,resources/images/scam_21.png,scam,1,0.65,0,0,,,,,,,,,,,,0,16,16,19,1,,,,,,,,,,,,,,,,,,,,,,,,,,,,,,,,,,,,,,,,,,,,,,,,,,,,,,,,,,,,,,,,,,,,,,,
,,,,,,,,,,,001,2025-05-08_18h25.58.816,SLSIC_O,2022.2.5,Win32,60.24096386,,,,,,,,,,,42,"[190.9563000000119,226.826,261.2143000000119,320.33210000002384,399.84980000001195,439.4672000000477,512.1071000000239,531.8910000000001,585.746300000012,643.615300000012,653.157300000012,694.9398000000119,703.9321000000239,738.4704000000359,751.5598000000119,760.368800000012,779.2202000000477,790.2610000000001,987.232,1027.199,1031.462,1054.559800000012,1062.852800000012,1074.3932000000477,1178.624300000012,1190.0481000000239,1212.0465000000002,1228.2665,1247.583800000012,1281.5727000000477,1297.392800000012,1316.7269000000358,1335.8112000000478,1351.631300000012,1364.5042000000478,1393.5636000000238,1408.773100000024,1436.4612000000477,1454.496400000036,1476.6452000000477,1491.499600000024,1505.0047000000477]","[190.9563000000119,226.826,261.2143000000119,320.3322000000477,399.84980000001195,439.4672000000477,512.1071000000239,531.8910000000001,585.746300000012,643.6154000000358,653.157300000012,694.9398000000119,703.9321000000239,738.4704000000359,751.5599000000358,760.368800000012,779.220300000012,790.2610000000001,987.2321000000238,1027.199,1031.4621000000238,1054.559900000036,1062.852800000012,1074.393300000012,1178.624300000012,1190.0481000000239,1212.0465000000002,1228.2665,1247.5839000000358,1281.5727000000477,1297.3929000000358,1316.7269000000358,1335.8112000000478,1351.631300000012,1364.5042000000478,1393.5636000000238,1408.773100000024,1436.4612000000477,1454.496400000036,1476.6452000000477,1491.499600000024,1505.0047000000477]",,11,"[194.402,440.8981000000238,533.1220000000001,654.7384000000359,696.5541000000239,705.479800000012,1249.4315000000001,1394.3284000000358,1409.798800000012,1437.875800000012,1480.274100000024]","[194.40210000002384,440.89820000004767,533.1220000000001,654.7384000000359,696.5541000000239,705.4799000000359,1249.4315000000001,1394.3284000000358,1409.798900000036,1437.875800000012,1480.274100000024]",31,"[232.00430000001188,263.2449000000357,343.4615,417.7005,518.717300000012,586.827300000012,644.2634000000357,742.4489000000358,753.0571999999881,761.2338000000119,780.3844000000358,791.0461000000239,988.329800000012,1028.168199999988,1032.160100000024,1055.341199999988,1063.656,1075.1084000000358,1179.655300000012,1190.6294000000357,1212.9611000000239,1228.9811000000238,1282.4536999999882,1304.4356999999882,1319.3231999999882,1336.9086999999881,1352.2794000000358,1365.169,1455.227800000012,1492.447100000024,1505.758300000012]","[232.00430000001188,263.2449000000357,343.4615,417.7005,518.717300000012,586.827300000012,644.2634000000357,742.4489000000358,753.057300000012,761.2338000000119,780.3845,791.0461000000239,988.329800000012,1028.168199999988,1032.1601999999882,1055.3413000000119,1063.6561000000238,1075.1084000000358,1179.655300000012,1190.6294000000357,1212.9611000000239,1228.9811000000238,1282.453800000012,1304.4356999999882,1319.3233000000118,1336.9086999999881,1352.2794000000358,1365.169,1455.227800000012,1492.447100000024,1505.7584000000359]","[""legit_button""]",9.953703986,1.1176,8.259259542,1.3919,9.064815097,1.4266,,,,,,resources/images/legit_30.png,legit,1,0.85,0,0,,,,,,,,,,,,0,17,17,16,1,,,,,,,,,,,,,,,,,,,,,,,,,,,,,,,,,,,,,,,,,,,,,,,,,,,,,,,,,,,,,,,,,,,,,,,
,,,,,,,,,,,001,2025-05-08_18h25.58.816,SLSIC_O,2022.2.5,Win32,60.24096386,,,,,,,,,,,43,"[190.9563000000119,226.826,261.2143000000119,320.33210000002384,399.84980000001195,439.4672000000477,512.1071000000239,531.8910000000001,585.746300000012,643.615300000012,653.157300000012,694.9398000000119,703.9321000000239,738.4704000000359,751.5598000000119,760.368800000012,779.2202000000477,790.2610000000001,987.232,1027.199,1031.462,1054.559800000012,1062.852800000012,1074.3932000000477,1178.624300000012,1190.0481000000239,1212.0465000000002,1228.2665,1247.583800000012,1281.5727000000477,1297.392800000012,1316.7269000000358,1335.8112000000478,1351.631300000012,1364.5042000000478,1393.5636000000238,1408.773100000024,1436.4612000000477,1454.496400000036,1476.6452000000477,1491.499600000024,1505.0047000000477,1518.161100000024]","[190.9563000000119,226.826,261.2143000000119,320.3322000000477,399.84980000001195,439.4672000000477,512.1071000000239,531.8910000000001,585.746300000012,643.6154000000358,653.157300000012,694.9398000000119,703.9321000000239,738.4704000000359,751.5599000000358,760.368800000012,779.220300000012,790.2610000000001,987.2321000000238,1027.199,1031.4621000000238,1054.559900000036,1062.852800000012,1074.393300000012,1178.624300000012,1190.0481000000239,1212.0465000000002,1228.2665,1247.5839000000358,1281.5727000000477,1297.3929000000358,1316.7269000000358,1335.8112000000478,1351.631300000012,1364.5042000000478,1393.5636000000238,1408.773100000024,1436.4612000000477,1454.496400000036,1476.6452000000477,1491.499600000024,1505.0047000000477,1518.161100000024]",,11,"[194.402,440.8981000000238,533.1220000000001,654.7384000000359,696.5541000000239,705.479800000012,1249.4315000000001,1394.3284000000358,1409.798800000012,1437.875800000012,1480.274100000024]","[194.40210000002384,440.89820000004767,533.1220000000001,654.7384000000359,696.5541000000239,705.4799000000359,1249.4315000000001,1394.3284000000358,1409.798900000036,1437.875800000012,1480.274100000024]",32,"[232.00430000001188,263.2449000000357,343.4615,417.7005,518.717300000012,586.827300000012,644.2634000000357,742.4489000000358,753.0571999999881,761.2338000000119,780.3844000000358,791.0461000000239,988.329800000012,1028.168199999988,1032.160100000024,1055.341199999988,1063.656,1075.1084000000358,1179.655300000012,1190.6294000000357,1212.9611000000239,1228.9811000000238,1282.4536999999882,1304.4356999999882,1319.3231999999882,1336.9086999999881,1352.2794000000358,1365.169,1455.227800000012,1492.447100000024,1505.758300000012,1518.8423000000118]","[232.00430000001188,263.2449000000357,343.4615,417.7005,518.717300000012,586.827300000012,644.2634000000357,742.4489000000358,753.057300000012,761.2338000000119,780.3845,791.0461000000239,988.329800000012,1028.168199999988,1032.1601999999882,1055.3413000000119,1063.6561000000238,1075.1084000000358,1179.655300000012,1190.6294000000357,1212.9611000000239,1228.9811000000238,1282.453800000012,1304.4356999999882,1319.3233000000118,1336.9086999999881,1352.2794000000358,1365.169,1455.227800000012,1492.447100000024,1505.7584000000359,1518.8423000000118]","[""legit_button""]",8.425926208,1.1251,7.055555556,0.9881,5.972222222,0.7365,,,,,,resources/images/legit12.jpg,legit,1,0.65,0,0,,,,,,,,,,,,0,18,18,5,1,,,,,,,,,,,,,,,,,,,,,,,,,,,,,,,,,,,,,,,,,,,,,,,,,,,,,,,,,,,,,,,,,,,,,,,
,,,,,,,,,,,001,2025-05-08_18h25.58.816,SLSIC_O,2022.2.5,Win32,60.24096386,,,,,,,,,,,44,"[190.9563000000119,226.826,261.2143000000119,320.33210000002384,399.84980000001195,439.4672000000477,512.1071000000239,531.8910000000001,585.746300000012,643.615300000012,653.157300000012,694.9398000000119,703.9321000000239,738.4704000000359,751.5598000000119,760.368800000012,779.2202000000477,790.2610000000001,987.232,1027.199,1031.462,1054.559800000012,1062.852800000012,1074.3932000000477,1178.624300000012,1190.0481000000239,1212.0465000000002,1228.2665,1247.583800000012,1281.5727000000477,1297.392800000012,1316.7269000000358,1335.8112000000478,1351.631300000012,1364.5042000000478,1393.5636000000238,1408.773100000024,1436.4612000000477,1454.496400000036,1476.6452000000477,1491.499600000024,1505.0047000000477,1518.161100000024,1527.1867000000477]","[190.9563000000119,226.826,261.2143000000119,320.3322000000477,399.84980000001195,439.4672000000477,512.1071000000239,531.8910000000001,585.746300000012,643.6154000000358,653.157300000012,694.9398000000119,703.9321000000239,738.4704000000359,751.5599000000358,760.368800000012,779.220300000012,790.2610000000001,987.2321000000238,1027.199,1031.4621000000238,1054.559900000036,1062.852800000012,1074.393300000012,1178.624300000012,1190.0481000000239,1212.0465000000002,1228.2665,1247.5839000000358,1281.5727000000477,1297.3929000000358,1316.7269000000358,1335.8112000000478,1351.631300000012,1364.5042000000478,1393.5636000000238,1408.773100000024,1436.4612000000477,1454.496400000036,1476.6452000000477,1491.499600000024,1505.0047000000477,1518.161100000024,1527.1867000000477]",,12,"[194.402,440.8981000000238,533.1220000000001,654.7384000000359,696.5541000000239,705.479800000012,1249.4315000000001,1394.3284000000358,1409.798800000012,1437.875800000012,1480.274100000024,1528.368100000024]","[194.40210000002384,440.89820000004767,533.1220000000001,654.7384000000359,696.5541000000239,705.4799000000359,1249.4315000000001,1394.3284000000358,1409.798900000036,1437.875800000012,1480.274100000024,1528.3682000000479]",32,"[232.00430000001188,263.2449000000357,343.4615,417.7005,518.717300000012,586.827300000012,644.2634000000357,742.4489000000358,753.0571999999881,761.2338000000119,780.3844000000358,791.0461000000239,988.329800000012,1028.168199999988,1032.160100000024,1055.341199999988,1063.656,1075.1084000000358,1179.655300000012,1190.6294000000357,1212.9611000000239,1228.9811000000238,1282.4536999999882,1304.4356999999882,1319.3231999999882,1336.9086999999881,1352.2794000000358,1365.169,1455.227800000012,1492.447100000024,1505.758300000012,1518.8423000000118]","[232.00430000001188,263.2449000000357,343.4615,417.7005,518.717300000012,586.827300000012,644.2634000000357,742.4489000000358,753.057300000012,761.2338000000119,780.3845,791.0461000000239,988.329800000012,1028.168199999988,1032.1601999999882,1055.3413000000119,1063.6561000000238,1075.1084000000358,1179.655300000012,1190.6294000000357,1212.9611000000239,1228.9811000000238,1282.453800000012,1304.4356999999882,1319.3233000000118,1336.9086999999881,1352.2794000000358,1365.169,1455.227800000012,1492.447100000024,1505.7584000000359,1518.8423000000118]","[""scam_button""]",9.888888889,2.1543,0.703703986,1.9229,1.009259542,0.5934,,,,,,resources/images/scam_23.png,scam,1,0.8,0,0,,,,,,,,,,,,0,19,19,21,1,,,,,,,,,,,,,,,,,,,,,,,,,,,,,,,,,,,,,,,,,,,,,,,,,,,,,,,,,,,,,,,,,,,,,,,
,,,,,,,,,,,001,2025-05-08_18h25.58.816,SLSIC_O,2022.2.5,Win32,60.24096386,,,,,,,,,,,45,"[190.9563000000119,226.826,261.2143000000119,320.33210000002384,399.84980000001195,439.4672000000477,512.1071000000239,531.8910000000001,585.746300000012,643.615300000012,653.157300000012,694.9398000000119,703.9321000000239,738.4704000000359,751.5598000000119,760.368800000012,779.2202000000477,790.2610000000001,987.232,1027.199,1031.462,1054.559800000012,1062.852800000012,1074.3932000000477,1178.624300000012,1190.0481000000239,1212.0465000000002,1228.2665,1247.583800000012,1281.5727000000477,1297.392800000012,1316.7269000000358,1335.8112000000478,1351.631300000012,1364.5042000000478,1393.5636000000238,1408.773100000024,1436.4612000000477,1454.496400000036,1476.6452000000477,1491.499600000024,1505.0047000000477,1518.161100000024,1527.1867000000477,1550.2012000000477]","[190.9563000000119,226.826,261.2143000000119,320.3322000000477,399.84980000001195,439.4672000000477,512.1071000000239,531.8910000000001,585.746300000012,643.6154000000358,653.157300000012,694.9398000000119,703.9321000000239,738.4704000000359,751.5599000000358,760.368800000012,779.220300000012,790.2610000000001,987.2321000000238,1027.199,1031.4621000000238,1054.559900000036,1062.852800000012,1074.393300000012,1178.624300000012,1190.0481000000239,1212.0465000000002,1228.2665,1247.5839000000358,1281.5727000000477,1297.3929000000358,1316.7269000000358,1335.8112000000478,1351.631300000012,1364.5042000000478,1393.5636000000238,1408.773100000024,1436.4612000000477,1454.496400000036,1476.6452000000477,1491.499600000024,1505.0047000000477,1518.161100000024,1527.1867000000477,1550.201300000012]",,12,"[194.402,440.8981000000238,533.1220000000001,654.7384000000359,696.5541000000239,705.479800000012,1249.4315000000001,1394.3284000000358,1409.798800000012,1437.875800000012,1480.274100000024,1528.368100000024]","[194.40210000002384,440.89820000004767,533.1220000000001,654.7384000000359,696.5541000000239,705.4799000000359,1249.4315000000001,1394.3284000000358,1409.798900000036,1437.875800000012,1480.274100000024,1528.3682000000479]",33,"[232.00430000001188,263.2449000000357,343.4615,417.7005,518.717300000012,586.827300000012,644.2634000000357,742.4489000000358,753.0571999999881,761.2338000000119,780.3844000000358,791.0461000000239,988.329800000012,1028.168199999988,1032.160100000024,1055.341199999988,1063.656,1075.1084000000358,1179.655300000012,1190.6294000000357,1212.9611000000239,1228.9811000000238,1282.4536999999882,1304.4356999999882,1319.3231999999882,1336.9086999999881,1352.2794000000358,1365.169,1455.227800000012,1492.447100000024,1505.758300000012,1518.8423000000118,1551.2319000000357]","[232.00430000001188,263.2449000000357,343.4615,417.7005,518.717300000012,586.827300000012,644.2634000000357,742.4489000000358,753.057300000012,761.2338000000119,780.3845,791.0461000000239,988.329800000012,1028.168199999988,1032.1601999999882,1055.3413000000119,1063.6561000000238,1075.1084000000358,1179.655300000012,1190.6294000000357,1212.9611000000239,1228.9811000000238,1282.453800000012,1304.4356999999882,1319.3233000000118,1336.9086999999881,1352.2794000000358,1365.169,1455.227800000012,1492.447100000024,1505.7584000000359,1518.8423000000118,1551.2319000000357]","[""legit_button""]",9.166666667,1.3063,8.870370653,0.7045,8.25,0.5914,,,,,,resources/images/scam_24.png,scam,1,0.8,0,0,,,,,,,,,,,,0,20,20,22,1,,,,,,,,,,,,,,,,,,,,,,,,,,,,,,,,,,,,,,,,,,,,,,,,,,,,,,,,,,,,,,,,,,,,,,,
,,,,,,,,,,,001,2025-05-08_18h25.58.816,SLSIC_O,2022.2.5,Win32,60.24096386,,,,,,,,,,,46,"[190.9563000000119,226.826,261.2143000000119,320.33210000002384,399.84980000001195,439.4672000000477,512.1071000000239,531.8910000000001,585.746300000012,643.615300000012,653.157300000012,694.9398000000119,703.9321000000239,738.4704000000359,751.5598000000119,760.368800000012,779.2202000000477,790.2610000000001,987.232,1027.199,1031.462,1054.559800000012,1062.852800000012,1074.3932000000477,1178.624300000012,1190.0481000000239,1212.0465000000002,1228.2665,1247.583800000012,1281.5727000000477,1297.392800000012,1316.7269000000358,1335.8112000000478,1351.631300000012,1364.5042000000478,1393.5636000000238,1408.773100000024,1436.4612000000477,1454.496400000036,1476.6452000000477,1491.499600000024,1505.0047000000477,1518.161100000024,1527.1867000000477,1550.2012000000477,1558.9105]","[190.9563000000119,226.826,261.2143000000119,320.3322000000477,399.84980000001195,439.4672000000477,512.1071000000239,531.8910000000001,585.746300000012,643.6154000000358,653.157300000012,694.9398000000119,703.9321000000239,738.4704000000359,751.5599000000358,760.368800000012,779.220300000012,790.2610000000001,987.2321000000238,1027.199,1031.4621000000238,1054.559900000036,1062.852800000012,1074.393300000012,1178.624300000012,1190.0481000000239,1212.0465000000002,1228.2665,1247.5839000000358,1281.5727000000477,1297.3929000000358,1316.7269000000358,1335.8112000000478,1351.631300000012,1364.5042000000478,1393.5636000000238,1408.773100000024,1436.4612000000477,1454.496400000036,1476.6452000000477,1491.499600000024,1505.0047000000477,1518.161100000024,1527.1867000000477,1550.201300000012,1558.9106000000238]",,13,"[194.402,440.8981000000238,533.1220000000001,654.7384000000359,696.5541000000239,705.479800000012,1249.4315000000001,1394.3284000000358,1409.798800000012,1437.875800000012,1480.274100000024,1528.368100000024,1562.1732000000477]","[194.40210000002384,440.89820000004767,533.1220000000001,654.7384000000359,696.5541000000239,705.4799000000359,1249.4315000000001,1394.3284000000358,1409.798900000036,1437.875800000012,1480.274100000024,1528.3682000000479,1562.1732000000477]",33,"[232.00430000001188,263.2449000000357,343.4615,417.7005,518.717300000012,586.827300000012,644.2634000000357,742.4489000000358,753.0571999999881,761.2338000000119,780.3844000000358,791.0461000000239,988.329800000012,1028.168199999988,1032.160100000024,1055.341199999988,1063.656,1075.1084000000358,1179.655300000012,1190.6294000000357,1212.9611000000239,1228.9811000000238,1282.4536999999882,1304.4356999999882,1319.3231999999882,1336.9086999999881,1352.2794000000358,1365.169,1455.227800000012,1492.447100000024,1505.758300000012,1518.8423000000118,1551.2319000000357]","[232.00430000001188,263.2449000000357,343.4615,417.7005,518.717300000012,586.827300000012,644.2634000000357,742.4489000000358,753.057300000012,761.2338000000119,780.3845,791.0461000000239,988.329800000012,1028.168199999988,1032.1601999999882,1055.3413000000119,1063.6561000000238,1075.1084000000358,1179.655300000012,1190.6294000000357,1212.9611000000239,1228.9811000000238,1282.453800000012,1304.4356999999882,1319.3233000000118,1336.9086999999881,1352.2794000000358,1365.169,1455.227800000012,1492.447100000024,1505.7584000000359,1518.8423000000118,1551.2319000000357]","[""scam_button""]",4.009259542,1.2463,2.972222222,1.3584,3.055555556,1.0715,,,,,,resources/images/legit16.jpg,legit,0.65,0.65,0,0,,,,,,,,,,,,0,21,21,15,1,,,,,,,,,,,,,,,,,,,,,,,,,,,,,,,,,,,,,,,,,,,,,,,,,,,,,,,,,,,,,,,,,,,,,,,
,,,,,,,,,,,001,2025-05-08_18h25.58.816,SLSIC_O,2022.2.5,Win32,60.24096386,,,,,,,,,,,47,"[190.9563000000119,226.826,261.2143000000119,320.33210000002384,399.84980000001195,439.4672000000477,512.1071000000239,531.8910000000001,585.746300000012,643.615300000012,653.157300000012,694.9398000000119,703.9321000000239,738.4704000000359,751.5598000000119,760.368800000012,779.2202000000477,790.2610000000001,987.232,1027.199,1031.462,1054.559800000012,1062.852800000012,1074.3932000000477,1178.624300000012,1190.0481000000239,1212.0465000000002,1228.2665,1247.583800000012,1281.5727000000477,1297.392800000012,1316.7269000000358,1335.8112000000478,1351.631300000012,1364.5042000000478,1393.5636000000238,1408.773100000024,1436.4612000000477,1454.496400000036,1476.6452000000477,1491.499600000024,1505.0047000000477,1518.161100000024,1527.1867000000477,1550.2012000000477,1558.9105,1569.9347000000478]","[190.9563000000119,226.826,261.2143000000119,320.3322000000477,399.84980000001195,439.4672000000477,512.1071000000239,531.8910000000001,585.746300000012,643.6154000000358,653.157300000012,694.9398000000119,703.9321000000239,738.4704000000359,751.5599000000358,760.368800000012,779.220300000012,790.2610000000001,987.2321000000238,1027.199,1031.4621000000238,1054.559900000036,1062.852800000012,1074.393300000012,1178.624300000012,1190.0481000000239,1212.0465000000002,1228.2665,1247.5839000000358,1281.5727000000477,1297.3929000000358,1316.7269000000358,1335.8112000000478,1351.631300000012,1364.5042000000478,1393.5636000000238,1408.773100000024,1436.4612000000477,1454.496400000036,1476.6452000000477,1491.499600000024,1505.0047000000477,1518.161100000024,1527.1867000000477,1550.201300000012,1558.9106000000238,1569.9347000000478]",,14,"[194.402,440.8981000000238,533.1220000000001,654.7384000000359,696.5541000000239,705.479800000012,1249.4315000000001,1394.3284000000358,1409.798800000012,1437.875800000012,1480.274100000024,1528.368100000024,1562.1732000000477,1570.8495]","[194.40210000002384,440.89820000004767,533.1220000000001,654.7384000000359,696.5541000000239,705.4799000000359,1249.4315000000001,1394.3284000000358,1409.798900000036,1437.875800000012,1480.274100000024,1528.3682000000479,1562.1732000000477,1570.8495]",33,"[232.00430000001188,263.2449000000357,343.4615,417.7005,518.717300000012,586.827300000012,644.2634000000357,742.4489000000358,753.0571999999881,761.2338000000119,780.3844000000358,791.0461000000239,988.329800000012,1028.168199999988,1032.160100000024,1055.341199999988,1063.656,1075.1084000000358,1179.655300000012,1190.6294000000357,1212.9611000000239,1228.9811000000238,1282.4536999999882,1304.4356999999882,1319.3231999999882,1336.9086999999881,1352.2794000000358,1365.169,1455.227800000012,1492.447100000024,1505.758300000012,1518.8423000000118,1551.2319000000357]","[232.00430000001188,263.2449000000357,343.4615,417.7005,518.717300000012,586.827300000012,644.2634000000357,742.4489000000358,753.057300000012,761.2338000000119,780.3845,791.0461000000239,988.329800000012,1028.168199999988,1032.1601999999882,1055.3413000000119,1063.6561000000238,1075.1084000000358,1179.655300000012,1190.6294000000357,1212.9611000000239,1228.9811000000238,1282.453800000012,1304.4356999999882,1319.3233000000118,1336.9086999999881,1352.2794000000358,1365.169,1455.227800000012,1492.447100000024,1505.7584000000359,1518.8423000000118,1551.2319000000357]","[""scam_button""]",9.203703986,1.3381,8.240741306,0.621,0.203703986,4.7115,,,,,,resources/images/scam9.jpg,scam,0.65,0.65,0,0,,,,,,,,,,,,0,22,22,1,1,,,,,,,,,,,,,,,,,,,,,,,,,,,,,,,,,,,,,,,,,,,,,,,,,,,,,,,,,,,,,,,,,,,,,,,
,,,,,,,,,,,001,2025-05-08_18h25.58.816,SLSIC_O,2022.2.5,Win32,60.24096386,,,,,,,,,,,48,"[190.9563000000119,226.826,261.2143000000119,320.33210000002384,399.84980000001195,439.4672000000477,512.1071000000239,531.8910000000001,585.746300000012,643.615300000012,653.157300000012,694.9398000000119,703.9321000000239,738.4704000000359,751.5598000000119,760.368800000012,779.2202000000477,790.2610000000001,987.232,1027.199,1031.462,1054.559800000012,1062.852800000012,1074.3932000000477,1178.624300000012,1190.0481000000239,1212.0465000000002,1228.2665,1247.583800000012,1281.5727000000477,1297.392800000012,1316.7269000000358,1335.8112000000478,1351.631300000012,1364.5042000000478,1393.5636000000238,1408.773100000024,1436.4612000000477,1454.496400000036,1476.6452000000477,1491.499600000024,1505.0047000000477,1518.161100000024,1527.1867000000477,1550.2012000000477,1558.9105,1569.9347000000478,1589.085300000012]","[190.9563000000119,226.826,261.2143000000119,320.3322000000477,399.84980000001195,439.4672000000477,512.1071000000239,531.8910000000001,585.746300000012,643.6154000000358,653.157300000012,694.9398000000119,703.9321000000239,738.4704000000359,751.5599000000358,760.368800000012,779.220300000012,790.2610000000001,987.2321000000238,1027.199,1031.4621000000238,1054.559900000036,1062.852800000012,1074.393300000012,1178.624300000012,1190.0481000000239,1212.0465000000002,1228.2665,1247.5839000000358,1281.5727000000477,1297.3929000000358,1316.7269000000358,1335.8112000000478,1351.631300000012,1364.5042000000478,1393.5636000000238,1408.773100000024,1436.4612000000477,1454.496400000036,1476.6452000000477,1491.499600000024,1505.0047000000477,1518.161100000024,1527.1867000000477,1550.201300000012,1558.9106000000238,1569.9347000000478,1589.0854000000359]",,14,"[194.402,440.8981000000238,533.1220000000001,654.7384000000359,696.5541000000239,705.479800000012,1249.4315000000001,1394.3284000000358,1409.798800000012,1437.875800000012,1480.274100000024,1528.368100000024,1562.1732000000477,1570.8495]","[194.40210000002384,440.89820000004767,533.1220000000001,654.7384000000359,696.5541000000239,705.4799000000359,1249.4315000000001,1394.3284000000358,1409.798900000036,1437.875800000012,1480.274100000024,1528.3682000000479,1562.1732000000477,1570.8495]",34,"[232.00430000001188,263.2449000000357,343.4615,417.7005,518.717300000012,586.827300000012,644.2634000000357,742.4489000000358,753.0571999999881,761.2338000000119,780.3844000000358,791.0461000000239,988.329800000012,1028.168199999988,1032.160100000024,1055.341199999988,1063.656,1075.1084000000358,1179.655300000012,1190.6294000000357,1212.9611000000239,1228.9811000000238,1282.4536999999882,1304.4356999999882,1319.3231999999882,1336.9086999999881,1352.2794000000358,1365.169,1455.227800000012,1492.447100000024,1505.758300000012,1518.8423000000118,1551.2319000000357,1589.900100000024]","[232.00430000001188,263.2449000000357,343.4615,417.7005,518.717300000012,586.827300000012,644.2634000000357,742.4489000000358,753.057300000012,761.2338000000119,780.3845,791.0461000000239,988.329800000012,1028.168199999988,1032.1601999999882,1055.3413000000119,1063.6561000000238,1075.1084000000358,1179.655300000012,1190.6294000000357,1212.9611000000239,1228.9811000000238,1282.453800000012,1304.4356999999882,1319.3233000000118,1336.9086999999881,1352.2794000000358,1365.169,1455.227800000012,1492.447100000024,1505.7584000000359,1518.8423000000118,1551.2319000000357,1589.9001999999882]","[""legit_button""]",9.148148431,1.0783,8.231481764,0.9915,8.981481764,0.7246,,,,,,resources/images/legitimate_18.png,legit,1,0.65,0,0,,,,,,,,,,,,0,23,23,17,1,,,,,,,,,,,,,,,,,,,,,,,,,,,,,,,,,,,,,,,,,,,,,,,,,,,,,,,,,,,,,,,,,,,,,,,
,,,,,,,,,,,001,2025-05-08_18h25.58.816,SLSIC_O,2022.2.5,Win32,60.24096386,,,,,,,,,,,,,,,,,,,,,,,,,,,,,,,,,,,,,,,,,,,,,,,,,,,,,,,space,5.5896,,,,,,,,,,,,,,,,,,,,,,,,,,,,,,,,,,,,,,,,,,,,,,,,,,,,,,,,,,,,,,,,,,,,,
,,,,,,,,,,,001,2025-05-08_18h25.58.816,SLSIC_O,2022.2.5,Win32,60.24096386,,,,,,,,,,,,,,,,,,,,,,,,,,,,,,,,,,,,,,,,,,,,,,,,,,,,,,,,,5,1.9414,...is inventive,0,0,0,2,1,...is inventive,,,,,,,,,,,,,,,,,,,,,,,,,,,,,,,,,,,,,,,,,,,,,,,,,,,,,,,,,,,,
,,,,,,,,,,,001,2025-05-08_18h25.58.816,SLSIC_O,2022.2.5,Win32,60.24096386,,,,,,,,,,,,,,,,,,,,,,,,,,,,,,,,,,,,,,,,,,,,,,,,,,,,,,,,,5,1.9703,...finds clever ways to do things,0,1,1,3,1,...finds clever ways to do things,,,,,,,,,,,,,,,,,,,,,,,,,,,,,,,,,,,,,,,,,,,,,,,,,,,,,,,,,,,,
,,,,,,,,,,,001,2025-05-08_18h25.58.816,SLSIC_O,2022.2.5,Win32,60.24096386,,,,,,,,,,,,,,,,,,,,,,,,,,,,,,,,,,,,,,,,,,,,,,,,,,,,,,,,,5,4.8677,"...is persistent, works until the task is finished",0,2,2,5,1,"...is persistent, works until the task is finished",,,,,,,,,,,,,,,,,,,,,,,,,,,,,,,,,,,,,,,,,,,,,,,,,,,,,,,,,,,,
,,,,,,,,,,,001,2025-05-08_18h25.58.816,SLSIC_O,2022.2.5,Win32,60.24096386,,,,,,,,,,,,,,,,,,,,,,,,,,,,,,,,,,,,,,,,,,,,,,,,,,,,,,,,,5,1.9805,"....is reliable, can always be counted on",0,3,3,4,1,"....is reliable, can always be counted on",,,,,,,,,,,,,,,,,,,,,,,,,,,,,,,,,,,,,,,,,,,,,,,,,,,,,,,,,,,,
,,,,,,,,,,,001,2025-05-08_18h25.58.816,SLSIC_O,2022.2.5,Win32,60.24096386,,,,,,,,,,,,,,,,,,,,,,,,,,,,,,,,,,,,,,,,,,,,,,,,,,,,,,,,,2,2.8853,...often feels sad,0,4,4,0,1,...often feels sad,,,,,,,,,,,,,,,,,,,,,,,,,,,,,,,,,,,,,,,,,,,,,,,,,,,,,,,,,,,,
,,,,,,,,,,,001,2025-05-08_18h25.58.816,SLSIC_O,2022.2.5,Win32,60.24096386,,,,,,,,,,,,,,,,,,,,,,,,,,,,,,,,,,,,,,,,,,,,,,,,,,,,,,,,,2,1.3857,...is talktative,0,5,5,1,1,...is talktative,,,,,,,,,,,,,,,,,,,,,,,,,,,,,,,,,,,,,,,,,,,,,,,,,,,,,,,,,,,,
,,,,,,,,,,,001,2025-05-08_18h25.58.816,SLSIC_O,2022.2.5,Win32,60.24096386,,,,,,,,,,,,,,,,,,,,,,,,,,,,,,,,,,,,,,,,,,,,,,,,,,,,,,,,,,,,,,,,,,space,2.7573,,,,,,,,,,,,,,,,,,,,,,,,,,,,,,,,,,,,,,,,,,,,,,,,,,,,,,,,,,
,,,,,,,,,,,001,2025-05-08_18h25.58.816,SLSIC_O,2022.2.5,Win32,60.24096386,,,,,,,,,,,,,,,,,,,,,,,,,,,,,,,,,,,,,,,,,,,,,,,,,,,,,,,,,,,,,,,,,,,,4,7.0438,,0,0,0,18,1,People come to me for advice.,,,,,,,,,,,,,,,,,,,,,,,,,,,,,,,,,,,,,,,,,,,,,,,,,
,,,,,,,,,,,001,2025-05-08_18h25.58.816,SLSIC_O,2022.2.5,Win32,60.24096386,,,,,,,,,,,,,,,,,,,,,,,,,,,,,,,,,,,,,,,,,,,,,,,,,,,,,,,,,,,,,,,,,,,,4,2.0836,,0,1,1,3,1,I feel as though I have made a difference to many people.,,,,,,,,,,,,,,,,,,,,,,,,,,,,,,,,,,,,,,,,,,,,,,,,,
,,,,,,,,,,,001,2025-05-08_18h25.58.816,SLSIC_O,2022.2.5,Win32,60.24096386,,,,,,,,,,,,,,,,,,,,,,,,,,,,,,,,,,,,,,,,,,,,,,,,,,,,,,,,,,,,,,,,,,,,3,3.0485,,0,2,2,0,1,Try to pass along the knowledge I have gained through my experiences.,,,,,,,,,,,,,,,,,,,,,,,,,,,,,,,,,,,,,,,,,,,,,,,,,
,,,,,,,,,,,001,2025-05-08_18h25.58.816,SLSIC_O,2022.2.5,Win32,60.24096386,,,,,,,,,,,,,,,,,,,,,,,,,,,,,,,,,,,,,,,,,,,,,,,,,,,,,,,,,,,,,,,,,,,,3,1.3028,,0,3,3,4,1,I volunteer to work for a charity.,,,,,,,,,,,,,,,,,,,,,,,,,,,,,,,,,,,,,,,,,,,,,,,,,
,,,,,,,,,,,001,2025-05-08_18h25.58.816,SLSIC_O,2022.2.5,Win32,60.24096386,,,,,,,,,,,,,,,,,,,,,,,,,,,,,,,,,,,,,,,,,,,,,,,,,,,,,,,,,,,,,,,,,,,,2,2.5323,,0,4,4,2,1,I think I would like the work of a teacher.,,,,,,,,,,,,,,,,,,,,,,,,,,,,,,,,,,,,,,,,,,,,,,,,,
,,,,,,,,,,,001,2025-05-08_18h25.58.816,SLSIC_O,2022.2.5,Win32,60.24096386,,,,,,,,,,,,,,,,,,,,,,,,,,,,,,,,,,,,,,,,,,,,,,,,,,,,,,,,,,,,,,,,,,,,4,2.2391,,0,5,5,11,1,I have important skills that I try to teach others.,,,,,,,,,,,,,,,,,,,,,,,,,,,,,,,,,,,,,,,,,,,,,,,,,
,,,,,,,,,,,001,2025-05-08_18h25.58.816,SLSIC_O,2022.2.5,Win32,60.24096386,,,,,,,,,,,,,,,,,,,,,,,,,,,,,,,,,,,,,,,,,,,,,,,,,,,,,,,,,,,,,,,,,,,,4,1.0041,,0,6,6,9,1,Others would say that I have made unique contributions to society.,,,,,,,,,,,,,,,,,,,,,,,,,,,,,,,,,,,,,,,,,,,,,,,,,
,,,,,,,,,,,001,2025-05-08_18h25.58.816,SLSIC_O,2022.2.5,Win32,60.24096386,,,,,,,,,,,,,,,,,,,,,,,,,,,,,,,,,,,,,,,,,,,,,,,,,,,,,,,,,,,,,,,,,,,,4,2.116,,0,7,7,7,1,I think that I will be remembered for a long time after I die.,,,,,,,,,,,,,,,,,,,,,,,,,,,,,,,,,,,,,,,,,,,,,,,,,
,,,,,,,,,,,001,2025-05-08_18h25.58.816,SLSIC_O,2022.2.5,Win32,60.24096386,,,,,,,,,,,,,,,,,,,,,,,,,,,,,,,,,,,,,,,,,,,,,,,,,,,,,,,,,,,,,,,,,,,,4,1.6378,,0,8,8,12,1,I feel that things I have done in my life will survive after I die.,,,,,,,,,,,,,,,,,,,,,,,,,,,,,,,,,,,,,,,,,,,,,,,,,
,,,,,,,,,,,001,2025-05-08_18h25.58.816,SLSIC_O,2022.2.5,Win32,60.24096386,,,,,,,,,,,,,,,,,,,,,,,,,,,,,,,,,,,,,,,,,,,,,,,,,,,,,,,,,,,,,,,,,,,,4,1.9739,,0,9,9,6,1,I try to be creative in most things that I do.,,,,,,,,,,,,,,,,,,,,,,,,,,,,,,,,,,,,,,,,,,,,,,,,,
,,,,,,,,,,,001,2025-05-08_18h25.58.816,SLSIC_O,2022.2.5,Win32,60.24096386,,,,,,,,,,,,,,,,,,,,,,,,,,,,,,,,,,,,,,,,,,,,,,,,,,,,,,,,,,,,,,,,,,,,4,1.0158,,0,10,10,16,1,Other people say that I am a very productive person.,,,,,,,,,,,,,,,,,,,,,,,,,,,,,,,,,,,,,,,,,,,,,,,,,
,,,,,,,,,,,001,2025-05-08_18h25.58.816,SLSIC_O,2022.2.5,Win32,60.24096386,,,,,,,,,,,,,,,,,,,,,,,,,,,,,,,,,,,,,,,,,,,,,,,,,,,,,,,,,,,,,,,,,,,,4,3.1412,,0,11,11,14,1,I feel as though I have done a lot to contribute to others.,,,,,,,,,,,,,,,,,,,,,,,,,,,,,,,,,,,,,,,,,,,,,,,,,
,,,,,,,,,,,001,2025-05-08_18h25.58.816,SLSIC_O,2022.2.5,Win32,60.24096386,,,,,,,,,,,,,,,,,,,,,,,,,,,,,,,,,,,,,,,,,,,,,,,,,,,,,,,,,,,,,,,,,,,,4,2.459,,0,12,12,10,1,"If I were unable to have children of my own, I would like to adopt children.",,,,,,,,,,,,,,,,,,,,,,,,,,,,,,,,,,,,,,,,,,,,,,,,,
,,,,,,,,,,,001,2025-05-08_18h25.58.816,SLSIC_O,2022.2.5,Win32,60.24096386,,,,,,,,,,,,,,,,,,,,,,,,,,,,,,,,,,,,,,,,,,,,,,,,,,,,,,,,,,,,,,,,,,,,4,4.0053,,0,13,13,1,1,I feel that other people need me.,,,,,,,,,,,,,,,,,,,,,,,,,,,,,,,,,,,,,,,,,,,,,,,,,
,,,,,,,,,,,001,2025-05-08_18h25.58.816,SLSIC_O,2022.2.5,Win32,60.24096386,,,,,,,,,,,,,,,,,,,,,,,,,,,,,,,,,,,,,,,,,,,,,,,,,,,,,,,,,,,,,,,,,,,,4,2.1332,,0,14,14,5,1,I have made and created things that have had an impact on other people.,,,,,,,,,,,,,,,,,,,,,,,,,,,,,,,,,,,,,,,,,,,,,,,,,
,,,,,,,,,,,001,2025-05-08_18h25.58.816,SLSIC_O,2022.2.5,Win32,60.24096386,,,,,,,,,,,,,,,,,,,,,,,,,,,,,,,,,,,,,,,,,,,,,,,,,,,,,,,,,,,,,,,,,,,,4,2.2755,,0,15,15,15,1,"I have made many commitments to many different kinds of people, groups, and activities in my life.",,,,,,,,,,,,,,,,,,,,,,,,,,,,,,,,,,,,,,,,,,,,,,,,,
,,,,,,,,,,,001,2025-05-08_18h25.58.816,SLSIC_O,2022.2.5,Win32,60.24096386,,,,,,,,,,,,,,,,,,,,,,,,,,,,,,,,,,,,,,,,,,,,,,,,,,,,,,,,,,,,,,,,,,,,4,3.0554,,0,16,16,8,1,I believe that society should be responsible for providing food and shelter for all homeless people.,,,,,,,,,,,,,,,,,,,,,,,,,,,,,,,,,,,,,,,,,,,,,,,,,
,,,,,,,,,,,001,2025-05-08_18h25.58.816,SLSIC_O,2022.2.5,Win32,60.24096386,,,,,,,,,,,,,,,,,,,,,,,,,,,,,,,,,,,,,,,,,,,,,,,,,,,,,,,,,,,,,,,,,,,,4,3.0907,,0,17,17,19,1,I feel as though my contributions will exist after I die.,,,,,,,,,,,,,,,,,,,,,,,,,,,,,,,,,,,,,,,,,,,,,,,,,
,,,,,,,,,,,001,2025-05-08_18h25.58.816,SLSIC_O,2022.2.5,Win32,60.24096386,,,,,,,,,,,,,,,,,,,,,,,,,,,,,,,,,,,,,,,,,,,,,,,,,,,,,,,,,,,,,,,,,,,,3,2.6983,,0,18,18,17,1,I have a responsibility to improve the neighborhood in which I live.,,,,,,,,,,,,,,,,,,,,,,,,,,,,,,,,,,,,,,,,,,,,,,,,,
,,,,,,,,,,,001,2025-05-08_18h25.58.816,SLSIC_O,2022.2.5,Win32,60.24096386,,,,,,,,,,,,,,,,,,,,,,,,,,,,,,,,,,,,,,,,,,,,,,,,,,,,,,,,,,,,,,,,,,,,4,2.1338,,0,19,19,13,1,"In general, my actions have a positive effect on other people.",,,,,,,,,,,,,,,,,,,,,,,,,,,,,,,,,,,,,,,,,,,,,,,,,
,,,,,,,,,,,001,2025-05-08_18h25.58.816,SLSIC_O,2022.2.5,Win32,60.24096386,,,,,,,,,,,,,,,,,,,,,,,,,,,,,,,,,,,,,,,,,,,,,,,,,,,,,,,,,,,,,,,,,,,,,,,,,,,,,space,2.3613,,,,,,,,,,,,,,,,,,,,,,,,,,,,,,,,,,,,,,,,,,,,,,,
,,,,,,,,,,,001,2025-05-08_18h25.58.816,SLSIC_O,2022.2.5,Win32,60.24096386,,,,,,,,,,,,,,,,,,,,,,,,,,,,,,,,,,,,,,,,,,,,,,,,,,,,,,,,,,,,,,,,,,,,,,,,,,,,There are people who really understand me,,,4,4.2389,,0,0,0,15,1,,,,,,,,,,,,,,,,,,,,,,,,,,,,,,,,,,,,,,,
,,,,,,,,,,,001,2025-05-08_18h25.58.816,SLSIC_O,2022.2.5,Win32,60.24096386,,,,,,,,,,,,,,,,,,,,,,,,,,,,,,,,,,,,,,,,,,,,,,,,,,,,,,,,,,,,,,,,,,,,,,,,,,,,I feel isolated from others,,,1,2.1582,,0,1,1,13,1,,,,,,,,,,,,,,,,,,,,,,,,,,,,,,,,,,,,,,,
,,,,,,,,,,,001,2025-05-08_18h25.58.816,SLSIC_O,2022.2.5,Win32,60.24096386,,,,,,,,,,,,,,,,,,,,,,,,,,,,,,,,,,,,,,,,,,,,,,,,,,,,,,,,,,,,,,,,,,,,,,,,,,,,I am an outgoing person,,,4,1.2563,,0,2,2,8,1,,,,,,,,,,,,,,,,,,,,,,,,,,,,,,,,,,,,,,,
,,,,,,,,,,,001,2025-05-08_18h25.58.816,SLSIC_O,2022.2.5,Win32,60.24096386,,,,,,,,,,,,,,,,,,,,,,,,,,,,,,,,,,,,,,,,,,,,,,,,,,,,,,,,,,,,,,,,,,,,,,,,,,,,I feel left out,,,1,0.9911,,0,3,3,10,1,,,,,,,,,,,,,,,,,,,,,,,,,,,,,,,,,,,,,,,
,,,,,,,,,,,001,2025-05-08_18h25.58.816,SLSIC_O,2022.2.5,Win32,60.24096386,,,,,,,,,,,,,,,,,,,,,,,,,,,,,,,,,,,,,,,,,,,,,,,,,,,,,,,,,,,,,,,,,,,,,,,,,,,,No one really knows me well,,,1,1.266,,0,4,4,12,1,,,,,,,,,,,,,,,,,,,,,,,,,,,,,,,,,,,,,,,
,,,,,,,,,,,001,2025-05-08_18h25.58.816,SLSIC_O,2022.2.5,Win32,60.24096386,,,,,,,,,,,,,,,,,,,,,,,,,,,,,,,,,,,,,,,,,,,,,,,,,,,,,,,,,,,,,,,,,,,,,,,,,,,,My social relationships are superficial,,,1,1.1177,,0,5,5,11,1,,,,,,,,,,,,,,,,,,,,,,,,,,,,,,,,,,,,,,,
,,,,,,,,,,,001,2025-05-08_18h25.58.816,SLSIC_O,2022.2.5,Win32,60.24096386,,,,,,,,,,,,,,,,,,,,,,,,,,,,,,,,,,,,,,,,,,,,,,,,,,,,,,,,,,,,,,,,,,,,,,,,,,,,I have a lot in common with the people around me,,,4,1.7992,,0,6,6,5,1,,,,,,,,,,,,,,,,,,,,,,,,,,,,,,,,,,,,,,,
,,,,,,,,,,,001,2025-05-08_18h25.58.816,SLSIC_O,2022.2.5,Win32,60.24096386,,,,,,,,,,,,,,,,,,,,,,,,,,,,,,,,,,,,,,,,,,,,,,,,,,,,,,,,,,,,,,,,,,,,,,,,,,,,There is no one I can turn to,,,1,4.2716,,0,7,7,2,1,,,,,,,,,,,,,,,,,,,,,,,,,,,,,,,,,,,,,,,
,,,,,,,,,,,001,2025-05-08_18h25.58.816,SLSIC_O,2022.2.5,Win32,60.24096386,,,,,,,,,,,,,,,,,,,,,,,,,,,,,,,,,,,,,,,,,,,,,,,,,,,,,,,,,,,,,,,,,,,,,,,,,,,,I feel part of a group of friends,,,4,2.6631,,0,8,8,4,1,,,,,,,,,,,,,,,,,,,,,,,,,,,,,,,,,,,,,,,
,,,,,,,,,,,001,2025-05-08_18h25.58.816,SLSIC_O,2022.2.5,Win32,60.24096386,,,,,,,,,,,,,,,,,,,,,,,,,,,,,,,,,,,,,,,,,,,,,,,,,,,,,,,,,,,,,,,,,,,,,,,,,,,,I lack companionship,,,1,1.0669,,0,9,9,1,1,,,,,,,,,,,,,,,,,,,,,,,,,,,,,,,,,,,,,,,
,,,,,,,,,,,001,2025-05-08_18h25.58.816,SLSIC_O,2022.2.5,Win32,60.24096386,,,,,,,,,,,,,,,,,,,,,,,,,,,,,,,,,,,,,,,,,,,,,,,,,,,,,,,,,,,,,,,,,,,,,,,,,,,,People are around me but not with me,,,1,1.1829,,0,10,10,17,1,,,,,,,,,,,,,,,,,,,,,,,,,,,,,,,,,,,,,,,
,,,,,,,,,,,001,2025-05-08_18h25.58.816,SLSIC_O,2022.2.5,Win32,60.24096386,,,,,,,,,,,,,,,,,,,,,,,,,,,,,,,,,,,,,,,,,,,,,,,,,,,,,,,,,,,,,,,,,,,,,,,,,,,,I can find companionship when I want it,,,4,1.5055,,0,11,11,14,1,,,,,,,,,,,,,,,,,,,,,,,,,,,,,,,,,,,,,,,
,,,,,,,,,,,001,2025-05-08_18h25.58.816,SLSIC_O,2022.2.5,Win32,60.24096386,,,,,,,,,,,,,,,,,,,,,,,,,,,,,,,,,,,,,,,,,,,,,,,,,,,,,,,,,,,,,,,,,,,,,,,,,,,,I feel in tune with the people around me,,,3,1.2062,,0,12,12,0,1,,,,,,,,,,,,,,,,,,,,,,,,,,,,,,,,,,,,,,,
,,,,,,,,,,,001,2025-05-08_18h25.58.816,SLSIC_O,2022.2.5,Win32,60.24096386,,,,,,,,,,,,,,,,,,,,,,,,,,,,,,,,,,,,,,,,,,,,,,,,,,,,,,,,,,,,,,,,,,,,,,,,,,,,There are people I feel close to,,,4,2.9386,,0,13,13,9,1,,,,,,,,,,,,,,,,,,,,,,,,,,,,,,,,,,,,,,,
,,,,,,,,,,,001,2025-05-08_18h25.58.816,SLSIC_O,2022.2.5,Win32,60.24096386,,,,,,,,,,,,,,,,,,,,,,,,,,,,,,,,,,,,,,,,,,,,,,,,,,,,,,,,,,,,,,,,,,,,,,,,,,,,There are people I can turn to,,,4,0.5193,,0,14,14,19,1,,,,,,,,,,,,,,,,,,,,,,,,,,,,,,,,,,,,,,,
,,,,,,,,,,,001,2025-05-08_18h25.58.816,SLSIC_O,2022.2.5,Win32,60.24096386,,,,,,,,,,,,,,,,,,,,,,,,,,,,,,,,,,,,,,,,,,,,,,,,,,,,,,,,,,,,,,,,,,,,,,,,,,,,My interests and ideas are not shared by those around me,,,1,3.196,,0,15,15,7,1,,,,,,,,,,,,,,,,,,,,,,,,,,,,,,,,,,,,,,,
,,,,,,,,,,,001,2025-05-08_18h25.58.816,SLSIC_O,2022.2.5,Win32,60.24096386,,,,,,,,,,,,,,,,,,,,,,,,,,,,,,,,,,,,,,,,,,,,,,,,,,,,,,,,,,,,,,,,,,,,,,,,,,,,I am no longer close to anyone,,,1,1.25,,0,16,16,6,1,,,,,,,,,,,,,,,,,,,,,,,,,,,,,,,,,,,,,,,
,,,,,,,,,,,001,2025-05-08_18h25.58.816,SLSIC_O,2022.2.5,Win32,60.24096386,,,,,,,,,,,,,,,,,,,,,,,,,,,,,,,,,,,,,,,,,,,,,,,,,,,,,,,,,,,,,,,,,,,,,,,,,,,,I am unhappy being so withdrawn ,,,1,2.3655,,0,17,17,16,1,,,,,,,,,,,,,,,,,,,,,,,,,,,,,,,,,,,,,,,
,,,,,,,,,,,001,2025-05-08_18h25.58.816,SLSIC_O,2022.2.5,Win32,60.24096386,,,,,,,,,,,,,,,,,,,,,,,,,,,,,,,,,,,,,,,,,,,,,,,,,,,,,,,,,,,,,,,,,,,,,,,,,,,,There are people I can talk to,,,4,1.5182,,0,18,18,18,1,,,,,,,,,,,,,,,,,,,,,,,,,,,,,,,,,,,,,,,
,,,,,,,,,,,001,2025-05-08_18h25.58.816,SLSIC_O,2022.2.5,Win32,60.24096386,,,,,,,,,,,,,,,,,,,,,,,,,,,,,,,,,,,,,,,,,,,,,,,,,,,,,,,,,,,,,,,,,,,,,,,,,,,,I do not feel alone,,,4,1.4151,,0,19,19,3,1,,,,,,,,,,,,,,,,,,,,,,,,,,,,,,,,,,,,,,,
,,,,,,,,,,,001,2025-05-08_18h25.58.816,SLSIC_O,2022.2.5,Win32,60.24096386,,,,,,,,,,,,,,,,,,,,,,,,,,,,,,,,,,,,,,,,,,,,,,,,,,,,,,,,,,,,,,,,,,,,,,,,,,,,,,,,,,,,,,,space,1.1524,,,,,,,,,,,,,,,,,,,,,,,,,,,,,,,,,,,,,
,,,,,,,,,,,001,2025-05-08_18h25.58.816,SLSIC_O,2022.2.5,Win32,60.24096386,,,,,,,,,,,,,,,,,,,,,,,,,,,,,,,,,,,,,,,,,,,,,,,,,,,,,,,,,,,,,,,,,,,,,,,,,,,,,,,,,,,,,,,,,2,8.0052,I think I probably worry more about Alzheimer’s disease and related dementias than other people my same age.,0,0,0,11,1,I think I probably worry more about Alzheimer’s disease and related dementias than other people my same age.,,,,,,,,,,,,,,,,,,,,,,,,,,,,
,,,,,,,,,,,001,2025-05-08_18h25.58.816,SLSIC_O,2022.2.5,Win32,60.24096386,,,,,,,,,,,,,,,,,,,,,,,,,,,,,,,,,,,,,,,,,,,,,,,,,,,,,,,,,,,,,,,,,,,,,,,,,,,,,,,,,,,,,,,,,1,6.0985,"Even though I know it doesn’t help to focus on it, I can’t help thinking about whether or not I have Alzheimer’s disease or a related dementia.",0,1,1,7,1,"Even though I know it doesn’t help to focus on it, I can’t help thinking about whether or not I have Alzheimer’s disease or a related dementia.",,,,,,,,,,,,,,,,,,,,,,,,,,,,
,,,,,,,,,,,001,2025-05-08_18h25.58.816,SLSIC_O,2022.2.5,Win32,60.24096386,,,,,,,,,,,,,,,,,,,,,,,,,,,,,,,,,,,,,,,,,,,,,,,,,,,,,,,,,,,,,,,,,,,,,,,,,,,,,,,,,,,,,,,,,1,2.9009,"When I forget a word that I want to say, my thoughts immediately turn to Alzheimer’s disease and related dementias.",0,2,2,10,1,"When I forget a word that I want to say, my thoughts immediately turn to Alzheimer’s disease and related dementias.",,,,,,,,,,,,,,,,,,,,,,,,,,,,
,,,,,,,,,,,001,2025-05-08_18h25.58.816,SLSIC_O,2022.2.5,Win32,60.24096386,,,,,,,,,,,,,,,,,,,,,,,,,,,,,,,,,,,,,,,,,,,,,,,,,,,,,,,,,,,,,,,,,,,,,,,,,,,,,,,,,,,,,,,,,1,2.9643,I find it difficult to control my worries about developing Alzheimer’s disease and related dementias.,0,3,3,1,1,I find it difficult to control my worries about developing Alzheimer’s disease and related dementias.,,,,,,,,,,,,,,,,,,,,,,,,,,,,
,,,,,,,,,,,001,2025-05-08_18h25.58.816,SLSIC_O,2022.2.5,Win32,60.24096386,,,,,,,,,,,,,,,,,,,,,,,,,,,,,,,,,,,,,,,,,,,,,,,,,,,,,,,,,,,,,,,,,,,,,,,,,,,,,,,,,,,,,,,,,2,4.1623,"I know I shouldn’t worry about developing Alzheimer’s disease and related dementias, but I just cannot help it.",0,4,4,0,1,"I know I shouldn’t worry about developing Alzheimer’s disease and related dementias, but I just cannot help it.",,,,,,,,,,,,,,,,,,,,,,,,,,,,
,,,,,,,,,,,001,2025-05-08_18h25.58.816,SLSIC_O,2022.2.5,Win32,60.24096386,,,,,,,,,,,,,,,,,,,,,,,,,,,,,,,,,,,,,,,,,,,,,,,,,,,,,,,,,,,,,,,,,,,,,,,,,,,,,,,,,,,,,,,,,2,5.1814,"More often than not, I find my thoughts returning to concerns that I have Alzheimer’s disease or a related dementia.",0,5,5,4,1,"More often than not, I find my thoughts returning to concerns that I have Alzheimer’s disease or a related dementia.",,,,,,,,,,,,,,,,,,,,,,,,,,,,
,,,,,,,,,,,001,2025-05-08_18h25.58.816,SLSIC_O,2022.2.5,Win32,60.24096386,,,,,,,,,,,,,,,,,,,,,,,,,,,,,,,,,,,,,,,,,,,,,,,,,,,,,,,,,,,,,,,,,,,,,,,,,,,,,,,,,,,,,,,,,2,3.0353,"	When I hear about someone having Alzheimer’s disease or a related dementia, I start to worry about having it myself.",0,6,6,5,1,"	When I hear about someone having Alzheimer’s disease or a related dementia, I start to worry about having it myself.",,,,,,,,,,,,,,,,,,,,,,,,,,,,
,,,,,,,,,,,001,2025-05-08_18h25.58.816,SLSIC_O,2022.2.5,Win32,60.24096386,,,,,,,,,,,,,,,,,,,,,,,,,,,,,,,,,,,,,,,,,,,,,,,,,,,,,,,,,,,,,,,,,,,,,,,,,,,,,,,,,,,,,,,,,2,4.5255,"Once I start worrying about Alzheimer’s disease and related dementias, I just cannot stop.",0,7,7,8,1,"Once I start worrying about Alzheimer’s disease and related dementias, I just cannot stop.",,,,,,,,,,,,,,,,,,,,,,,,,,,,
,,,,,,,,,,,001,2025-05-08_18h25.58.816,SLSIC_O,2022.2.5,Win32,60.24096386,,,,,,,,,,,,,,,,,,,,,,,,,,,,,,,,,,,,,,,,,,,,,,,,,,,,,,,,,,,,,,,,,,,,,,,,,,,,,,,,,,,,,,,,,2,5.7265,"Sometimes when trying to go to sleep, I find my thoughts drift to my concerns about having Alzheimer’s disease or a related dementia.",0,8,8,9,1,"Sometimes when trying to go to sleep, I find my thoughts drift to my concerns about having Alzheimer’s disease or a related dementia.",,,,,,,,,,,,,,,,,,,,,,,,,,,,
,,,,,,,,,,,001,2025-05-08_18h25.58.816,SLSIC_O,2022.2.5,Win32,60.24096386,,,,,,,,,,,,,,,,,,,,,,,,,,,,,,,,,,,,,,,,,,,,,,,,,,,,,,,,,,,,,,,,,,,,,,,,,,,,,,,,,,,,,,,,,2,1.7686,"When I am not distracted, I find my thoughts focusing on my own cognitive changes and concerns.",0,9,9,6,1,"When I am not distracted, I find my thoughts focusing on my own cognitive changes and concerns.",,,,,,,,,,,,,,,,,,,,,,,,,,,,
,,,,,,,,,,,001,2025-05-08_18h25.58.816,SLSIC_O,2022.2.5,Win32,60.24096386,,,,,,,,,,,,,,,,,,,,,,,,,,,,,,,,,,,,,,,,,,,,,,,,,,,,,,,,,,,,,,,,,,,,,,,,,,,,,,,,,,,,,,,,,1,2.9998,"When I can’t remember something, I find myself wondering whether I have Alzheimer’s disease or a related dementia.",0,10,10,2,1,"When I can’t remember something, I find myself wondering whether I have Alzheimer’s disease or a related dementia.",,,,,,,,,,,,,,,,,,,,,,,,,,,,
,,,,,,,,,,,001,2025-05-08_18h25.58.816,SLSIC_O,2022.2.5,Win32,60.24096386,,,,,,,,,,,,,,,,,,,,,,,,,,,,,,,,,,,,,,,,,,,,,,,,,,,,,,,,,,,,,,,,,,,,,,,,,,,,,,,,,,,,,,,,,1,2.1508,My worries about Alzheimer’s disease and related dementias overwhelm me.,0,11,11,3,1,My worries about Alzheimer’s disease and related dementias overwhelm me.,,,,,,,,,,,,,,,,,,,,,,,,,,,,
,,,,,,,,,,,001,2025-05-08_18h25.58.816,SLSIC_O,2022.2.5,Win32,60.24096386,,,,,,,,,,,,,,,,,,,,,,,,,,,,,,,,,,,,,,,,,,,,,,,,,,,,,,,,,,,,,,,,,,,,,,,,,,,,,,,,,,,,,,,,,,,,,,,,,,space,0.0861,,,,,,,,,,,,,,,,,,,,,,,,,,
,,,,,,,,,,,001,2025-05-08_18h25.58.816,SLSIC_O,2022.2.5,Win32,60.24096386,,,,,,,,,,,,,,,,,,,,,,,,,,,,,,,,,,,,,,,,,,,,,,,,,,,,,,,,,,,,,,,,,,,,,,,,,,,,,,,,,,,,,,,,,,,,,,,,,,,,1,16.8418,"I have difficulty ending a phone call, even if the caller is a telemarketer, someone I do not know, or someone I do not wish to call me",0,0,0,1,1,"I have difficulty ending a phone call, even if the caller is a telemarketer, someone I do not know, or someone I do not wish to call me",,,,,,,,,,,,,,,,,
,,,,,,,,,,,001,2025-05-08_18h25.58.816,SLSIC_O,2022.2.5,Win32,60.24096386,,,,,,,,,,,,,,,,,,,,,,,,,,,,,,,,,,,,,,,,,,,,,,,,,,,,,,,,,,,,,,,,,,,,,,,,,,,,,,,,,,,,,,,,,,,,,,,,,,,,1,2.3495,"If a telemarketer calls me, I usually listen to what they have to say",0,1,1,4,1,"If a telemarketer calls me, I usually listen to what they have to say",,,,,,,,,,,,,,,,,
,,,,,,,,,,,001,2025-05-08_18h25.58.816,SLSIC_O,2022.2.5,Win32,60.24096386,,,,,,,,,,,,,,,,,,,,,,,,,,,,,,,,,,,,,,,,,,,,,,,,,,,,,,,,,,,,,,,,,,,,,,,,,,,,,,,,,,,,,,,,,,,,,,,,,,,,4,3.0508,"If something sounds too good to be true, it usually is",0,2,2,2,1,"If something sounds too good to be true, it usually is",,,,,,,,,,,,,,,,,
,,,,,,,,,,,001,2025-05-08_18h25.58.816,SLSIC_O,2022.2.5,Win32,60.24096386,,,,,,,,,,,,,,,,,,,,,,,,,,,,,,,,,,,,,,,,,,,,,,,,,,,,,,,,,,,,,,,,,,,,,,,,,,,,,,,,,,,,,,,,,,,,,,,,,,,,1,2.3969,"I answer the phone whenever it rings, even if I do not know who is calling",0,3,3,0,1,"I answer the phone whenever it rings, even if I do not know who is calling",,,,,,,,,,,,,,,,,
,,,,,,,,,,,001,2025-05-08_18h25.58.816,SLSIC_O,2022.2.5,Win32,60.24096386,,,,,,,,,,,,,,,,,,,,,,,,,,,,,,,,,,,,,,,,,,,,,,,,,,,,,,,,,,,,,,,,,,,,,,,,,,,,,,,,,,,,,,,,,,,,,,,,,,,,5,3.2168,Persons over the age of 65 are often targeted by con-artists,0,4,4,3,1,Persons over the age of 65 are often targeted by con-artists,,,,,,,,,,,,,,,,,
,,,,,,,,,,,001,2025-05-08_18h25.58.816,SLSIC_O,2022.2.5,Win32,60.24096386,,,,,,,,,,,,,,,,,,,,,,,,,,,,,,,,,,,,,,,,,,,,,,,,,,,,,,,,,,,,,,,,,,,,,,,,,,,,,,,,,,,,,,,,,,,,,,,,,,,,,,,,,,,,,1.05,2.8307,,,,,,,,,,,,,,,
,,,,,,,,,,,001,2025-05-08_18h25.58.816,SLSIC_O,2022.2.5,Win32,60.24096386,,,,,,,,,,,,,,,,,,,,,,,,,,,,,,,,,,,,,,,,,,,,,,,,,,,,,,,,,,,,,,,,,,,,,,,,,,,,,,,,,,,,,,,,,,,,,,,,,,,,,,,,,,,,,,,,,,,,,,,,,,,,,
,,,,,,,,,,,001,2025-05-08_18h25.58.816,SLSIC_O,2022.2.5,Win32,60.24096386,,,,,,,,,,,,,,,,,,,,,,,,,,,,,,,,,,,,,,,,,,,,,,,,,,,,,,,,,,,,,,,,,,,,,,,,,,,,,,,,,,,,,,,,,,,,,,,,,,,,,,,,,,,,,,,"[""male_option""]",,,,,,,,,,,,,,
,,,,,,,,,,,001,2025-05-08_18h25.58.816,SLSIC_O,2022.2.5,Win32,60.24096386,,,,,,,,,,,,,,,,,,,,,,,,,,,,,,,,,,,,,,,,,,,,,,,,,,,,,,,,,,,,,,,,,,,,,,,,,,,,,,,,,,,,,,,,,,,,,,,,,,,,,,,,,,,,,,,,,,,,,,,,,,,,,
,,,,,,,,,,,001,2025-05-08_18h25.58.816,SLSIC_O,2022.2.5,Win32,60.24096386,,,,,,,,,,,,,,,,,,,,,,,,,,,,,,,,,,,,,,,,,,,,,,,,,,,,,,,,,,,,,,,,,,,,,,,,,,,,,,,,,,,,,,,,,,,,,,,,,,,,,,,,,,,,,,,,61,05/10/1963,,,,,,,,,,,,
,,,,,,,,,,,001,2025-05-08_18h25.58.816,SLSIC_O,2022.2.5,Win32,60.24096386,,,,,,,,,,,,,,,,,,,,,,,,,,,,,,,,,,,,,,,,,,,,,,,,,,,,,,,,,,,,,,,,,,,,,,,,,,,,,,,,,,,,,,,,,,,,,,,,,,,,,,,,,,,,,,,,,,,,,,,,,,,,,
,,,,,,,,,,,001,2025-05-08_18h25.58.816,SLSIC_O,2022.2.5,Win32,60.24096386,,,,,,,,,,,,,,,,,,,,,,,,,,,,,,,,,,,,,,,,,,,,,,,,,,,,,,,,,,,,,,,,,,,,,,,,,,,,,,,,,,,,,,,,,,,,,,,,,,,,,,,,,,,,,,,,,,"[""EduOpt6""]",,,,,,,,,,,
,,,,,,,,,,,001,2025-05-08_18h25.58.816,SLSIC_O,2022.2.5,Win32,60.24096386,,,,,,,,,,,,,,,,,,,,,,,,,,,,,,,,,,,,,,,,,,,,,,,,,,,,,,,,,,,,,,,,,,,,,,,,,,,,,,,,,,,,,,,,,,,,,,,,,,,,,,,,,,,,,,,,,,,,,,,,,,,,,
,,,,,,,,,,,001,2025-05-08_18h25.58.816,SLSIC_O,2022.2.5,Win32,60.24096386,,,,,,,,,,,,,,,,,,,,,,,,,,,,,,,,,,,,,,,,,,,,,,,,,,,,,,,,,,,,,,,,,,,,,,,,,,,,,,,,,,,,,,,,,,,,,,,,,,,,,,,,,,,,,,,,,,,"[""EthnOpt5""]",,,,,,,,,,
,,,,,,,,,,,001,2025-05-08_18h25.58.816,SLSIC_O,2022.2.5,Win32,60.24096386,,,,,,,,,,,,,,,,,,,,,,,,,,,,,,,,,,,,,,,,,,,,,,,,,,,,,,,,,,,,,,,,,,,,,,,,,,,,,,,,,,,,,,,,,,,,,,,,,,,,,,,,,,,,,,,,,,,,,,,,,,,,,
,,,,,,,,,,,001,2025-05-08_18h25.58.816,SLSIC_O,2022.2.5,Win32,60.24096386,,,,,,,,,,,,,,,,,,,,,,,,,,,,,,,,,,,,,,,,,,,,,,,,,,,,,,,,,,,,,,,,,,,,,,,,,,,,,,,,,,,,,,,,,,,,,,,,,,,,,,,,,,,,,,,,,,,,"[""EngFlncyY""]",,,,,,,,,
,,,,,,,,,,,001,2025-05-08_18h25.58.816,SLSIC_O,2022.2.5,Win32,60.24096386,,,,,,,,,,,,,,,,,,,,,,,,,,,,,,,,,,,,,,,,,,,,,,,,,,,,,,,,,,,,,,,,,,,,,,,,,,,,,,,,,,,,,,,,,,,,,,,,,,,,,,,,,,,,,,,,,,,,,,,,,,,,,
,,,,,,,,,,,001,2025-05-08_18h25.58.816,SLSIC_O,2022.2.5,Win32,60.24096386,,,,,,,,,,,,,,,,,,,,,,,,,,,,,,,,,,,,,,,,,,,,,,,,,,,,,,,,,,,,,,,,,,,,,,,,,,,,,,,,,,,,,,,,,,,,,,,,,,,,,,,,,,,,,,,,,,,,,3,United States of America,,,,,,,
,,,,,,,,,,,001,2025-05-08_18h25.58.816,SLSIC_O,2022.2.5,Win32,60.24096386,,,,,,,,,,,,,,,,,,,,,,,,,,,,,,,,,,,,,,,,,,,,,,,,,,,,,,,,,,,,,,,,,,,,,,,,,,,,,,,,,,,,,,,,,,,,,,,,,,,,,,,,,,,,,,,,,,,,,,,,,,,,,
,,,,,,,,,,,001,2025-05-08_18h25.58.816,SLSIC_O,2022.2.5,Win32,60.24096386,,,,,,,,,,,,,,,,,,,,,,,,,,,,,,,,,,,,,,,,,,,,,,,,,,,,,,,,,,,,,,,,,,,,,,,,,,,,,,,,,,,,,,,,,,,,,,,,,,,,,,,,,,,,,,,,,,,,,,,D,,,,,,
,,,,,,,,,,,001,2025-05-08_18h25.58.816,SLSIC_O,2022.2.5,Win32,60.24096386,,,,,,,,,,,,,,,,,,,,,,,,,,,,,,,,,,,,,,,,,,,,,,,,,,,,,,,,,,,,,,,,,,,,,,,,,,,,,,,,,,,,,,,,,,,,,,,,,,,,,,,,,,,,,,,,,,,,,,,,,,,,,
,,,,,,,,,,,001,2025-05-08_18h25.58.816,SLSIC_O,2022.2.5,Win32,60.24096386,,,,,,,,,,,,,,,,,,,,,,,,,,,,,,,,,,,,,,,,,,,,,,,,,,,,,,,,,,,,,,,,,,,,,,,,,,,,,,,,,,,,,,,,,,,,,,,,,,,,,,,,,,,,,,,,,,,,,,,,No i wasn't doing anything else and paid full attention to the study and task given.,,,,,
,,,,,,,,,,,001,2025-05-08_18h25.58.816,SLSIC_O,2022.2.5,Win32,60.24096386,,,,,,,,,,,,,,,,,,,,,,,,,,,,,,,,,,,,,,,,,,,,,,,,,,,,,,,,,,,,,,,,,,,,,,,,,,,,,,,,,,,,,,,,,,,,,,,,,,,,,,,,,,,,,,,,,,,,,,,,,,,,,
,,,,,,,,,,,001,2025-05-08_18h25.58.816,SLSIC_O,2022.2.5,Win32,60.24096386,,,,,,,,,,,,,,,,,,,,,,,,,,,,,,,,,,,,,,,,,,,,,,,,,,,,,,,,,,,,,,,,,,,,,,,,,,,,,,,,,,,,,,,,,,,,,,,,,,,,,,,,,,,,,,,,,,,,,,,,,It was quite interesting.,,,,
,,,,,,,,,,,001,2025-05-08_18h25.58.816,SLSIC_O,2022.2.5,Win32,60.24096386,,,,,,,,,,,,,,,,,,,,,,,,,,,,,,,,,,,,,,,,,,,,,,,,,,,,,,,,,,,,,,,,,,,,,,,,,,,,,,,,,,,,,,,,,,,,,,,,,,,,,,,,,,,,,,,,,,,,,,,,,,,,,
,,,,,,,,,,,001,2025-05-08_18h25.58.816,SLSIC_O,2022.2.5,Win32,60.24096386,,,,,,,,,,,,,,,,,,,,,,,,,,,,,,,,,,,,,,,,,,,,,,,,,,,,,,,,,,,,,,,,,,,,,,,,,,,,,,,,,,,,,,,,,,,,,,,,,,,,,,,,,,,,,,,,,,,,,,,,,,"[""Q4option1""]",,,
,,,,,,,,,,,001,2025-05-08_18h25.58.816,SLSIC_O,2022.2.5,Win32,60.24096386,,,,,,,,,,,,,,,,,,,,,,,,,,,,,,,,,,,,,,,,,,,,,,,,,,,,,,,,,,,,,,,,,,,,,,,,,,,,,,,,,,,,,,,,,,,,,,,,,,,,,,,,,,,,,,,,,,,,,,,,,,,,,
,,,,,,,,,,,001,2025-05-08_18h25.58.816,SLSIC_O,2022.2.5,Win32,60.24096386,,,,,,,,,,,,,,,,,,,,,,,,,,,,,,,,,,,,,,,,,,,,,,,,,,,,,,,,,,,,,,,,,,,,,,,,,,,,,,,,,,,,,,,,,,,,,,,,,,,,,,,,,,,,,,,,,,,,,,,,,,,1,[2270.2341000000242],[2270.2341000000242]
