bruinID.text,button.numClicks,button.timesOn,button.timesOff,mouseLogIn.x,mouseLogIn.y,mouseLogIn.leftButton,mouseLogIn.midButton,mouseLogIn.rightButton,mouseLogIn.time,mouseLogIn.clicked_name,session,date,expName,psychopyVersion,OS,frameRate,key_resp_6.keys,key_resp_6.rt,key_resp_5.keys,key_resp_5.rt,subjage_slider.response,subjage_slider.rt,confidence_scale.response,confidence_scale.rt,key_resp_7.keys,key_resp_7.rt,button_2.numClicks,button_2.timesOn,button_2.timesOff,email_type,scam_button.numClicks,scam_button.timesOn,scam_button.timesOff,legit_button.numClicks,legit_button.timesOn,legit_button.timesOff,button_selections_1,confidence_scale_email.response,confidence_scale_email.rt,personal_rel_scale.response,personal_rel_scale.rt,curiosity_scale.response,curiosity_scale.rt,email_loop.thisRepN,email_loop.thisTrialN,email_loop.thisN,email_loop.thisIndex,email_loop.ran,emails,type,xsize,ysize,xpos,ypos,key_resp_8.keys,key_resp_8.rt,button_3.numClicks,button_3.timesOn,button_3.timesOff,button_4.numClicks,button_4.timesOn,button_4.timesOff,button_5.numClicks,button_5.timesOn,button_5.timesOff,email_loops2.thisRepN,email_loops2.thisTrialN,email_loops2.thisN,email_loops2.thisIndex,email_loops2.ran,key_resp_3.keys,key_resp_3.rt,slider1_2.response,slider1_2.rt,trust_question,loop_GT.thisRepN,loop_GT.thisTrialN,loop_GT.thisN,loop_GT.thisIndex,loop_GT.ran,Phrases,instructionresp_2.keys,instructionresp_2.rt,key_resp_13.keys,key_resp_13.rt,gen_question,loop_G.thisRepN,loop_G.thisTrialN,loop_G.thisN,loop_G.thisIndex,loop_G.ran,Questions,instructionresp.keys,instructionresp.rt,key_resp_2.keys,key_resp_2.rt,lonely_question,loop_LS.thisRepN,loop_LS.thisTrialN,loop_LS.thisN,loop_LS.thisIndex,loop_LS.ran,key_resp_4.keys,key_resp_4.rt,rating.response,rating.rt,dementia_question,loop_dm.thisRepN,loop_dm.thisTrialN,loop_dm.thisN,loop_dm.thisIndex,loop_dm.ran,Items,key_resp.keys,key_resp.rt,slider1.response,slider1.rt,ss_question,loop_SS.thisRepN,loop_SS.thisTrialN,loop_SS.thisN,loop_SS.thisIndex,loop_SS.ran,Statements,slider.response,slider.rt,Gender,textboxAge.text,textboxBirthday.text,Education Level,Ethnicity,English Fluency,textboxAge_2.text,textboxCountry.text,FQ1textbox.text,textboxQuestion2.text,textboxQuestion3.text,FQ4 selection,Finish.numClicks,Finish.timesOn,Finish.timesOff
67d87fa5f2beefdc110fb4b2,1,[33.021],[33.021],0.067545305,-0.061779242,1,0,0,20.3399,button,001,2025-05-08_18h29.15.118,SLSIC_O,2022.2.5,Win32,59.52380952,,,,,,,,,,,,,,,,,,,,,,,,,,,,,,,,,,,,,,,,,,,,,,,,,,,,,,,,,,,,,,,,,,,,,,,,,,,,,,,,,,,,,,,,,,,,,,,,,,,,,,,,,,,,,,,,,,,,,,,,,,,,,
,,,,,,,,,,,001,2025-05-08_18h29.15.118,SLSIC_O,2022.2.5,Win32,59.52380952,space,15.3127,,,,,,,,,,,,,,,,,,,,,,,,,,,,,,,,,,,,,,,,,,,,,,,,,,,,,,,,,,,,,,,,,,,,,,,,,,,,,,,,,,,,,,,,,,,,,,,,,,,,,,,,,,,,,,,,,,,,,,,,,,,
,,,,,,,,,,,001,2025-05-08_18h29.15.118,SLSIC_O,2022.2.5,Win32,59.52380952,,,space,11.6883,,,,,,,,,,,,,,,,,,,,,,,,,,,,,,,,,,,,,,,,,,,,,,,,,,,,,,,,,,,,,,,,,,,,,,,,,,,,,,,,,,,,,,,,,,,,,,,,,,,,,,,,,,,,,,,,,,,,,,,,,
,,,,,,,,,,,001,2025-05-08_18h29.15.118,SLSIC_O,2022.2.5,Win32,59.52380952,,,,,63.9538715,10.0825,,,,,,,,,,,,,,,,,,,,,,,,,,,,,,,,,,,,,,,,,,,,,,,,,,,,,,,,,,,,,,,,,,,,,,,,,,,,,,,,,,,,,,,,,,,,,,,,,,,,,,,,,,,,,,,,,,,,,,,
,,,,,,,,,,,001,2025-05-08_18h29.15.118,SLSIC_O,2022.2.5,Win32,59.52380952,,,,,,,9.991762768,16.2675,,,,,,,,,,,,,,,,,,,,,,,,,,,,,,,,,,,,,,,,,,,,,,,,,,,,,,,,,,,,,,,,,,,,,,,,,,,,,,,,,,,,,,,,,,,,,,,,,,,,,,,,,,,,,,,,,,,,,
,,,,,,,,,,,001,2025-05-08_18h29.15.118,SLSIC_O,2022.2.5,Win32,59.52380952,,,,,,,,,space,17.7496,,,,,,,,,,,,,,,,,,,,,,,,,,,,,,,,,,,,,,,,,,,,,,,,,,,,,,,,,,,,,,,,,,,,,,,,,,,,,,,,,,,,,,,,,,,,,,,,,,,,,,,,,,,,,,,,,,,
,,,,,,,,,,,001,2025-05-08_18h29.15.118,SLSIC_O,2022.2.5,Win32,59.52380952,,,,,,,,,,,1,[148.20029999999701],[148.20040000000597],,1,[164.19129999999703],[164.1915],0,[],[],"[""scam_button""]",9.942339374,5.283,0.041186161,11.9718,0.008237232,9.3967,0,0,0,4,1,resources/images/legit2.jpg,legit,1,0.65,0,0,,,,,,,,,,,,,,,,,,,,,,,,,,,,,,,,,,,,,,,,,,,,,,,,,,,,,,,,,,,,,,,,,,,,,,,,,,,,,,,,,,,,,,,
,,,,,,,,,,,001,2025-05-08_18h29.15.118,SLSIC_O,2022.2.5,Win32,59.52380952,,,,,,,,,,,2,"[148.20029999999701,209.599200000003]","[148.20040000000597,209.599200000003]",,1,[164.19129999999703],[164.1915],1,[211.70129999999702],[211.70129999999702],"[""legit_button""]",9.942339374,4.8049,5.016474465,8.5449,8.970345964,5.7359,0,1,1,22,1,resources/images/legit17-EDIT.png,legit,0.65,0.65,0,0,,,,,,,,,,,,,,,,,,,,,,,,,,,,,,,,,,,,,,,,,,,,,,,,,,,,,,,,,,,,,,,,,,,,,,,,,,,,,,,,,,,,,,,
,,,,,,,,,,,001,2025-05-08_18h29.15.118,SLSIC_O,2022.2.5,Win32,59.52380952,,,,,,,,,,,3,"[148.20029999999701,209.599200000003,263.344799999997]","[148.20040000000597,209.599200000003,263.34490000000596]",,1,[164.19129999999703],[164.1915],2,"[211.70129999999702,264.929]","[211.70129999999702,264.929]","[""legit_button""]",9.975288303,3.5657,9.942339374,4.5204,9.958813839,4.8204,0,2,2,21,1,resources/images/legit14-EDIT.jpg,legit,1,0.65,0,0,,,,,,,,,,,,,,,,,,,,,,,,,,,,,,,,,,,,,,,,,,,,,,,,,,,,,,,,,,,,,,,,,,,,,,,,,,,,,,,,,,,,,,,
,,,,,,,,,,,001,2025-05-08_18h29.15.118,SLSIC_O,2022.2.5,Win32,59.52380952,,,,,,,,,,,4,"[148.20029999999701,209.599200000003,263.344799999997,333.568700000003]","[148.20040000000597,209.599200000003,263.34490000000596,333.568700000003]",,1,[164.19129999999703],[164.1915],3,"[211.70129999999702,264.929,335.721]","[211.70129999999702,264.929,335.721]","[""legit_button""]",8.047775947,59.9107,4.950576606,3.6251,9.003294893,3.1722,0,3,3,20,1,resources/images/scam12.jpg,scam,0.65,0.65,0,0,,,,,,,,,,,,,,,,,,,,,,,,,,,,,,,,,,,,,,,,,,,,,,,,,,,,,,,,,,,,,,,,,,,,,,,,,,,,,,,,,,,,,,,
,,,,,,,,,,,001,2025-05-08_18h29.15.118,SLSIC_O,2022.2.5,Win32,59.52380952,,,,,,,,,,,5,"[148.20029999999701,209.599200000003,263.344799999997,333.568700000003,421.875099999994]","[148.20040000000597,209.599200000003,263.34490000000596,333.568700000003,421.875099999994]",,1,[164.19129999999703],[164.1915],4,"[211.70129999999702,264.929,335.721,424.61229999999705]","[211.70129999999702,264.929,335.721,424.612400000006]","[""legit_button""]",9.909390445,3.2888,8.970345964,7.1264,9.942339374,3.3698,0,4,4,14,1,resources/images/legit7-EDIT.png,legit,0.65,0.65,0,0,,,,,,,,,,,,,,,,,,,,,,,,,,,,,,,,,,,,,,,,,,,,,,,,,,,,,,,,,,,,,,,,,,,,,,,,,,,,,,,,,,,,,,,
,,,,,,,,,,,001,2025-05-08_18h29.15.118,SLSIC_O,2022.2.5,Win32,59.52380952,,,,,,,,,,,6,"[148.20029999999701,209.599200000003,263.344799999997,333.568700000003,421.875099999994,459.460200000003]","[148.20040000000597,209.599200000003,263.34490000000596,333.568700000003,421.875099999994,459.460200000003]",,1,[164.19129999999703],[164.1915],5,"[211.70129999999702,264.929,335.721,424.61229999999705,461.51220000000296]","[211.70129999999702,264.929,335.721,424.612400000006,461.51220000000296]","[""legit_button""]",8.953871499,3.3575,8.986820428,1.8804,8.986820428,1.7983,0,5,5,3,1,resources/images/legit1.png,legit,1,0.72,0,0,,,,,,,,,,,,,,,,,,,,,,,,,,,,,,,,,,,,,,,,,,,,,,,,,,,,,,,,,,,,,,,,,,,,,,,,,,,,,,,,,,,,,,,
,,,,,,,,,,,001,2025-05-08_18h29.15.118,SLSIC_O,2022.2.5,Win32,59.52380952,,,,,,,,,,,7,"[148.20029999999701,209.599200000003,263.344799999997,333.568700000003,421.875099999994,459.460200000003,502.82770000000295]","[148.20040000000597,209.599200000003,263.34490000000596,333.568700000003,421.875099999994,459.460200000003,502.82770000000295]",,2,"[164.19129999999703,504.16219999998816]","[164.1915,504.162299999997]",5,"[211.70129999999702,264.929,335.721,424.61229999999705,461.51220000000296]","[211.70129999999702,264.929,335.721,424.612400000006,461.51220000000296]","[""scam_button""]",7.981878089,3.1537,5,1.3005,4.934102142,1.4085,0,6,6,9,1,resources/images/scam6.jpg,scam,1,0.65,0,0,,,,,,,,,,,,,,,,,,,,,,,,,,,,,,,,,,,,,,,,,,,,,,,,,,,,,,,,,,,,,,,,,,,,,,,,,,,,,,,,,,,,,,,
,,,,,,,,,,,001,2025-05-08_18h29.15.118,SLSIC_O,2022.2.5,Win32,59.52380952,,,,,,,,,,,8,"[148.20029999999701,209.599200000003,263.344799999997,333.568700000003,421.875099999994,459.460200000003,502.82770000000295,524.5872000000029]","[148.20040000000597,209.599200000003,263.34490000000596,333.568700000003,421.875099999994,459.460200000003,502.82770000000295,524.587400000006]",,2,"[164.19129999999703,504.16219999998816]","[164.1915,504.162299999997]",6,"[211.70129999999702,264.929,335.721,424.61229999999705,461.51220000000296,525.7530999999941]","[211.70129999999702,264.929,335.721,424.612400000006,461.51220000000296,525.7530999999941]","[""legit_button""]",9.925864909,37.3971,5.016474465,5.4108,8.871499176,3.7076,0,7,7,11,1,resources/images/legit4-EDIT.png,legit,0.65,0.65,0,0,,,,,,,,,,,,,,,,,,,,,,,,,,,,,,,,,,,,,,,,,,,,,,,,,,,,,,,,,,,,,,,,,,,,,,,,,,,,,,,,,,,,,,,
,,,,,,,,,,,001,2025-05-08_18h29.15.118,SLSIC_O,2022.2.5,Win32,59.52380952,,,,,,,,,,,9,"[148.20029999999701,209.599200000003,263.344799999997,333.568700000003,421.875099999994,459.460200000003,502.82770000000295,524.5872000000029,626.3982999999971]","[148.20040000000597,209.599200000003,263.34490000000596,333.568700000003,421.875099999994,459.460200000003,502.82770000000295,524.587400000006,626.3982999999971]",,2,"[164.19129999999703,504.16219999998816]","[164.1915,504.162299999997]",7,"[211.70129999999702,264.929,335.721,424.61229999999705,461.51220000000296,525.7530999999941,627.579200000003]","[211.70129999999702,264.929,335.721,424.612400000006,461.51220000000296,525.7530999999941,627.579299999997]","[""legit_button""]",9.925864909,1.68,9.036243822,3.0365,9.975288303,3.8993,0,8,8,12,1,resources/images/legit5-EDIT.png,legit,0.65,0.65,0,0,,,,,,,,,,,,,,,,,,,,,,,,,,,,,,,,,,,,,,,,,,,,,,,,,,,,,,,,,,,,,,,,,,,,,,,,,,,,,,,,,,,,,,,
,,,,,,,,,,,001,2025-05-08_18h29.15.118,SLSIC_O,2022.2.5,Win32,59.52380952,,,,,,,,,,,10,"[148.20029999999701,209.599200000003,263.344799999997,333.568700000003,421.875099999994,459.460200000003,502.82770000000295,524.5872000000029,626.3982999999971,708.502099999994]","[148.20040000000597,209.599200000003,263.34490000000596,333.568700000003,421.875099999994,459.460200000003,502.82770000000295,524.587400000006,626.3982999999971,708.5022000000031]",,3,"[164.19129999999703,504.16219999998816,709.770099999994]","[164.1915,504.162299999997,709.770099999994]",7,"[211.70129999999702,264.929,335.721,424.61229999999705,461.51220000000296,525.7530999999941,627.579200000003]","[211.70129999999702,264.929,335.721,424.612400000006,461.51220000000296,525.7530999999941,627.579299999997]","[""scam_button""]",8.887973641,3.8343,4.934102142,1.4636,0.008237232,1.7321,0,9,9,17,1,resources/images/scam10.jpg,scam,1,0.65,0,0,,,,,,,,,,,,,,,,,,,,,,,,,,,,,,,,,,,,,,,,,,,,,,,,,,,,,,,,,,,,,,,,,,,,,,,,,,,,,,,,,,,,,,,
,,,,,,,,,,,001,2025-05-08_18h29.15.118,SLSIC_O,2022.2.5,Win32,59.52380952,,,,,,,,,,,11,"[148.20029999999701,209.599200000003,263.344799999997,333.568700000003,421.875099999994,459.460200000003,502.82770000000295,524.5872000000029,626.3982999999971,708.502099999994,739.8537999999969]","[148.20040000000597,209.599200000003,263.34490000000596,333.568700000003,421.875099999994,459.460200000003,502.82770000000295,524.587400000006,626.3982999999971,708.5022000000031,739.853900000006]",,4,"[164.19129999999703,504.16219999998816,709.770099999994,741.3555999999941]","[164.1915,504.162299999997,709.770099999994,741.3555999999941]",7,"[211.70129999999702,264.929,335.721,424.61229999999705,461.51220000000296,525.7530999999941,627.579200000003]","[211.70129999999702,264.929,335.721,424.612400000006,461.51220000000296,525.7530999999941,627.579299999997]","[""scam_button""]",8.031301483,2.4708,4.934102142,2.2279,0.996705107,1.7926,0,10,10,18,1,resources/images/legit10-EDIT.png,legit,1,0.65,0,0,,,,,,,,,,,,,,,,,,,,,,,,,,,,,,,,,,,,,,,,,,,,,,,,,,,,,,,,,,,,,,,,,,,,,,,,,,,,,,,,,,,,,,,
,,,,,,,,,,,001,2025-05-08_18h29.15.118,SLSIC_O,2022.2.5,Win32,59.52380952,,,,,,,,,,,12,"[148.20029999999701,209.599200000003,263.344799999997,333.568700000003,421.875099999994,459.460200000003,502.82770000000295,524.5872000000029,626.3982999999971,708.502099999994,739.8537999999969,757.668900000006]","[148.20040000000597,209.599200000003,263.34490000000596,333.568700000003,421.875099999994,459.460200000003,502.82770000000295,524.587400000006,626.3982999999971,708.5022000000031,739.853900000006,757.6690000000001]",,4,"[164.19129999999703,504.16219999998816,709.770099999994,741.3555999999941]","[164.1915,504.162299999997,709.770099999994,741.3555999999941]",8,"[211.70129999999702,264.929,335.721,424.61229999999705,461.51220000000296,525.7530999999941,627.579200000003,758.8855]","[211.70129999999702,264.929,335.721,424.612400000006,461.51220000000296,525.7530999999941,627.579299999997,758.885599999994]","[""legit_button""]",9.942339374,1.5662,9.991762768,3.5145,9.991762768,0.8336,0,11,11,16,1,resources/images/scam13.png,scam,1,0.65,0,0,,,,,,,,,,,,,,,,,,,,,,,,,,,,,,,,,,,,,,,,,,,,,,,,,,,,,,,,,,,,,,,,,,,,,,,,,,,,,,,,,,,,,,,
,,,,,,,,,,,001,2025-05-08_18h29.15.118,SLSIC_O,2022.2.5,Win32,59.52380952,,,,,,,,,,,13,"[148.20029999999701,209.599200000003,263.344799999997,333.568700000003,421.875099999994,459.460200000003,502.82770000000295,524.5872000000029,626.3982999999971,708.502099999994,739.8537999999969,757.668900000006,818.133]","[148.20040000000597,209.599200000003,263.34490000000596,333.568700000003,421.875099999994,459.460200000003,502.82770000000295,524.587400000006,626.3982999999971,708.5022000000031,739.853900000006,757.6690000000001,818.133]",,5,"[164.19129999999703,504.16219999998816,709.770099999994,741.3555999999941,819.935299999997]","[164.1915,504.162299999997,709.770099999994,741.3555999999941,819.9353999999911]",8,"[211.70129999999702,264.929,335.721,424.61229999999705,461.51220000000296,525.7530999999941,627.579200000003,758.8855]","[211.70129999999702,264.929,335.721,424.612400000006,461.51220000000296,525.7530999999941,627.579299999997,758.885599999994]","[""scam_button""]",9.958813839,2.1222,5.032948929,5.3342,1.013179572,9.186,0,12,12,10,1,resources/images/scam7.png,scam,0.65,0.65,0,0,,,,,,,,,,,,,,,,,,,,,,,,,,,,,,,,,,,,,,,,,,,,,,,,,,,,,,,,,,,,,,,,,,,,,,,,,,,,,,,,,,,,,,,
,,,,,,,,,,,001,2025-05-08_18h29.15.118,SLSIC_O,2022.2.5,Win32,59.52380952,,,,,,,,,,,14,"[148.20029999999701,209.599200000003,263.344799999997,333.568700000003,421.875099999994,459.460200000003,502.82770000000295,524.5872000000029,626.3982999999971,708.502099999994,739.8537999999969,757.668900000006,818.133,882.759599999994]","[148.20040000000597,209.599200000003,263.34490000000596,333.568700000003,421.875099999994,459.460200000003,502.82770000000295,524.587400000006,626.3982999999971,708.5022000000031,739.853900000006,757.6690000000001,818.133,882.759700000003]",,6,"[164.19129999999703,504.16219999998816,709.770099999994,741.3555999999941,819.935299999997,887.368299999997]","[164.1915,504.162299999997,709.770099999994,741.3555999999941,819.9353999999911,887.3683999999911]",8,"[211.70129999999702,264.929,335.721,424.61229999999705,461.51220000000296,525.7530999999941,627.579200000003,758.8855]","[211.70129999999702,264.929,335.721,424.612400000006,461.51220000000296,525.7530999999941,627.579299999997,758.885599999994]","[""scam_button""]",8.13014827,2.2935,4.060955519,2.8127,0.057660626,2.9168,0,13,13,7,1,resources/images/scam5.jpg,scam,0.7,0.65,0,0,,,,,,,,,,,,,,,,,,,,,,,,,,,,,,,,,,,,,,,,,,,,,,,,,,,,,,,,,,,,,,,,,,,,,,,,,,,,,,,,,,,,,,,
,,,,,,,,,,,001,2025-05-08_18h29.15.118,SLSIC_O,2022.2.5,Win32,59.52380952,,,,,,,,,,,15,"[148.20029999999701,209.599200000003,263.344799999997,333.568700000003,421.875099999994,459.460200000003,502.82770000000295,524.5872000000029,626.3982999999971,708.502099999994,739.8537999999969,757.668900000006,818.133,882.759599999994,922.7165]","[148.20040000000597,209.599200000003,263.34490000000596,333.568700000003,421.875099999994,459.460200000003,502.82770000000295,524.587400000006,626.3982999999971,708.5022000000031,739.853900000006,757.6690000000001,818.133,882.759700000003,922.7165999999941]",,6,"[164.19129999999703,504.16219999998816,709.770099999994,741.3555999999941,819.935299999997,887.368299999997]","[164.1915,504.162299999997,709.770099999994,741.3555999999941,819.9353999999911,887.3683999999911]",9,"[211.70129999999702,264.929,335.721,424.61229999999705,461.51220000000296,525.7530999999941,627.579200000003,758.8855,924.417700000003]","[211.70129999999702,264.929,335.721,424.612400000006,461.51220000000296,525.7530999999941,627.579299999997,758.885599999994,924.417700000003]","[""legit_button""]",9.085667216,3.9725,7.998352554,1.8375,8.904448105,1.8779,0,14,14,5,1,resources/images/legit3.jpg,legit,1,0.73,0,0,,,,,,,,,,,,,,,,,,,,,,,,,,,,,,,,,,,,,,,,,,,,,,,,,,,,,,,,,,,,,,,,,,,,,,,,,,,,,,,,,,,,,,,
,,,,,,,,,,,001,2025-05-08_18h29.15.118,SLSIC_O,2022.2.5,Win32,59.52380952,,,,,,,,,,,16,"[148.20029999999701,209.599200000003,263.344799999997,333.568700000003,421.875099999994,459.460200000003,502.82770000000295,524.5872000000029,626.3982999999971,708.502099999994,739.8537999999969,757.668900000006,818.133,882.759599999994,922.7165,960.0677999999973]","[148.20040000000597,209.599200000003,263.34490000000596,333.568700000003,421.875099999994,459.460200000003,502.82770000000295,524.587400000006,626.3982999999971,708.5022000000031,739.853900000006,757.6690000000001,818.133,882.759700000003,922.7165999999941,960.0679000000061]",,7,"[164.19129999999703,504.16219999998816,709.770099999994,741.3555999999941,819.935299999997,887.368299999997,963.1906999999883]","[164.1915,504.162299999997,709.770099999994,741.3555999999941,819.9353999999911,887.3683999999911,963.1907999999971]",9,"[211.70129999999702,264.929,335.721,424.61229999999705,461.51220000000296,525.7530999999941,627.579200000003,758.8855,924.417700000003]","[211.70129999999702,264.929,335.721,424.612400000006,461.51220000000296,525.7530999999941,627.579299999997,758.885599999994,924.417700000003]","[""scam_button""]",8.953871499,3.0284,8.953871499,2.1441,0.140032949,5.3876,0,15,15,2,1,resources/images/scam3.png,scam,1.2,0.65,0,0,,,,,,,,,,,,,,,,,,,,,,,,,,,,,,,,,,,,,,,,,,,,,,,,,,,,,,,,,,,,,,,,,,,,,,,,,,,,,,,,,,,,,,,
,,,,,,,,,,,001,2025-05-08_18h29.15.118,SLSIC_O,2022.2.5,Win32,59.52380952,,,,,,,,,,,17,"[148.20029999999701,209.599200000003,263.344799999997,333.568700000003,421.875099999994,459.460200000003,502.82770000000295,524.5872000000029,626.3982999999971,708.502099999994,739.8537999999969,757.668900000006,818.133,882.759599999994,922.7165,960.0677999999973,984.5175000000002]","[148.20040000000597,209.599200000003,263.34490000000596,333.568700000003,421.875099999994,459.460200000003,502.82770000000295,524.587400000006,626.3982999999971,708.5022000000031,739.853900000006,757.6690000000001,818.133,882.759700000003,922.7165999999941,960.0679000000061,984.5175000000002]",,8,"[164.19129999999703,504.16219999998816,709.770099999994,741.3555999999941,819.935299999997,887.368299999997,963.1906999999883,985.7181999999882]","[164.1915,504.162299999997,709.770099999994,741.3555999999941,819.9353999999911,887.3683999999911,963.1907999999971,985.7182999999973]",9,"[211.70129999999702,264.929,335.721,424.61229999999705,461.51220000000296,525.7530999999941,627.579200000003,758.8855,924.417700000003]","[211.70129999999702,264.929,335.721,424.612400000006,461.51220000000296,525.7530999999941,627.579299999997,758.885599999994,924.417700000003]","[""scam_button""]",9.909390445,3.7553,4.934102142,1.7768,0.008237232,3.3363,0,16,16,1,1,resources/images/scam_2.png,scam,0.9,0.65,0,0,,,,,,,,,,,,,,,,,,,,,,,,,,,,,,,,,,,,,,,,,,,,,,,,,,,,,,,,,,,,,,,,,,,,,,,,,,,,,,,,,,,,,,,
,,,,,,,,,,,001,2025-05-08_18h29.15.118,SLSIC_O,2022.2.5,Win32,59.52380952,,,,,,,,,,,18,"[148.20029999999701,209.599200000003,263.344799999997,333.568700000003,421.875099999994,459.460200000003,502.82770000000295,524.5872000000029,626.3982999999971,708.502099999994,739.8537999999969,757.668900000006,818.133,882.759599999994,922.7165,960.0677999999973,984.5175000000002,1006.4605000000001]","[148.20040000000597,209.599200000003,263.34490000000596,333.568700000003,421.875099999994,459.460200000003,502.82770000000295,524.587400000006,626.3982999999971,708.5022000000031,739.853900000006,757.6690000000001,818.133,882.759700000003,922.7165999999941,960.0679000000061,984.5175000000002,1006.4605000000001]",,9,"[164.19129999999703,504.16219999998816,709.770099999994,741.3555999999941,819.935299999997,887.368299999997,963.1906999999883,985.7181999999882,1008.0121999999883]","[164.1915,504.162299999997,709.770099999994,741.3555999999941,819.9353999999911,887.3683999999911,963.1907999999971,985.7182999999973,1008.0121999999883]",9,"[211.70129999999702,264.929,335.721,424.61229999999705,461.51220000000296,525.7530999999941,627.579200000003,758.8855,924.417700000003]","[211.70129999999702,264.929,335.721,424.612400000006,461.51220000000296,525.7530999999941,627.579299999997,758.885599999994,924.417700000003]","[""scam_button""]",9.958813839,28.6696,4.81878089,1.578,0.172981878,4.5826,0,17,17,0,1,resources/images/scam_1.png,scam,1,0.65,0,0,,,,,,,,,,,,,,,,,,,,,,,,,,,,,,,,,,,,,,,,,,,,,,,,,,,,,,,,,,,,,,,,,,,,,,,,,,,,,,,,,,,,,,,
,,,,,,,,,,,001,2025-05-08_18h29.15.118,SLSIC_O,2022.2.5,Win32,59.52380952,,,,,,,,,,,19,"[148.20029999999701,209.599200000003,263.344799999997,333.568700000003,421.875099999994,459.460200000003,502.82770000000295,524.5872000000029,626.3982999999971,708.502099999994,739.8537999999969,757.668900000006,818.133,882.759599999994,922.7165,960.0677999999973,984.5175000000002,1006.4605000000001,1080.176900000006]","[148.20040000000597,209.599200000003,263.34490000000596,333.568700000003,421.875099999994,459.460200000003,502.82770000000295,524.587400000006,626.3982999999971,708.5022000000031,739.853900000006,757.6690000000001,818.133,882.759700000003,922.7165999999941,960.0679000000061,984.5175000000002,1006.4605000000001,1080.1770000000001]",,9,"[164.19129999999703,504.16219999998816,709.770099999994,741.3555999999941,819.935299999997,887.368299999997,963.1906999999883,985.7181999999882,1008.0121999999883]","[164.1915,504.162299999997,709.770099999994,741.3555999999941,819.9353999999911,887.3683999999911,963.1907999999971,985.7182999999973,1008.0121999999883]",10,"[211.70129999999702,264.929,335.721,424.61229999999705,461.51220000000296,525.7530999999941,627.579200000003,758.8855,924.417700000003,1081.326700000003]","[211.70129999999702,264.929,335.721,424.612400000006,461.51220000000296,525.7530999999941,627.579299999997,758.885599999994,924.417700000003,1081.326700000003]","[""legit_button""]",7.932454695,2.3779,7.998352554,2.0307,7.981878089,3.1305,0,18,18,6,1,resources/images/scam4.png,scam,0.8,0.65,0,0,,,,,,,,,,,,,,,,,,,,,,,,,,,,,,,,,,,,,,,,,,,,,,,,,,,,,,,,,,,,,,,,,,,,,,,,,,,,,,,,,,,,,,,
,,,,,,,,,,,001,2025-05-08_18h29.15.118,SLSIC_O,2022.2.5,Win32,59.52380952,,,,,,,,,,,20,"[148.20029999999701,209.599200000003,263.344799999997,333.568700000003,421.875099999994,459.460200000003,502.82770000000295,524.5872000000029,626.3982999999971,708.502099999994,739.8537999999969,757.668900000006,818.133,882.759599999994,922.7165,960.0677999999973,984.5175000000002,1006.4605000000001,1080.176900000006,1188.5545000000002]","[148.20040000000597,209.599200000003,263.34490000000596,333.568700000003,421.875099999994,459.460200000003,502.82770000000295,524.587400000006,626.3982999999971,708.5022000000031,739.853900000006,757.6690000000001,818.133,882.759700000003,922.7165999999941,960.0679000000061,984.5175000000002,1006.4605000000001,1080.1770000000001,1188.5545999999943]",,10,"[164.19129999999703,504.16219999998816,709.770099999994,741.3555999999941,819.935299999997,887.368299999997,963.1906999999883,985.7181999999882,1008.0121999999883,1189.8220000000001]","[164.1915,504.162299999997,709.770099999994,741.3555999999941,819.9353999999911,887.3683999999911,963.1907999999971,985.7182999999973,1008.0121999999883,1189.8220000000001]",10,"[211.70129999999702,264.929,335.721,424.61229999999705,461.51220000000296,525.7530999999941,627.579200000003,758.8855,924.417700000003,1081.326700000003]","[211.70129999999702,264.929,335.721,424.612400000006,461.51220000000296,525.7530999999941,627.579299999997,758.885599999994,924.417700000003,1081.326700000003]","[""scam_button""]",8.014827018,2.0637,7.042833608,1.2338,3.830313015,3.214,0,19,19,23,1,resources/images/scam14-EDIT.png,scam,1,0.65,0,0,,,,,,,,,,,,,,,,,,,,,,,,,,,,,,,,,,,,,,,,,,,,,,,,,,,,,,,,,,,,,,,,,,,,,,,,,,,,,,,,,,,,,,,
,,,,,,,,,,,001,2025-05-08_18h29.15.118,SLSIC_O,2022.2.5,Win32,59.52380952,,,,,,,,,,,21,"[148.20029999999701,209.599200000003,263.344799999997,333.568700000003,421.875099999994,459.460200000003,502.82770000000295,524.5872000000029,626.3982999999971,708.502099999994,739.8537999999969,757.668900000006,818.133,882.759599999994,922.7165,960.0677999999973,984.5175000000002,1006.4605000000001,1080.176900000006,1188.5545000000002,1204.447299999997]","[148.20040000000597,209.599200000003,263.34490000000596,333.568700000003,421.875099999994,459.460200000003,502.82770000000295,524.587400000006,626.3982999999971,708.5022000000031,739.853900000006,757.6690000000001,818.133,882.759700000003,922.7165999999941,960.0679000000061,984.5175000000002,1006.4605000000001,1080.1770000000001,1188.5545999999943,1204.4474000000062]",,10,"[164.19129999999703,504.16219999998816,709.770099999994,741.3555999999941,819.935299999997,887.368299999997,963.1906999999883,985.7181999999882,1008.0121999999883,1189.8220000000001]","[164.1915,504.162299999997,709.770099999994,741.3555999999941,819.9353999999911,887.3683999999911,963.1907999999971,985.7182999999973,1008.0121999999883,1189.8220000000001]",11,"[211.70129999999702,264.929,335.721,424.61229999999705,461.51220000000296,525.7530999999941,627.579200000003,758.8855,924.417700000003,1081.326700000003,1205.697200000003]","[211.70129999999702,264.929,335.721,424.612400000006,461.51220000000296,525.7530999999941,627.579299999997,758.885599999994,924.417700000003,1081.326700000003,1205.697299999997]","[""legit_button""]",9.925864909,2.0602,7.883031301,4.6278,9.118616145,1.1488,0,20,20,15,1,resources/images/legit8.png,legit,0.8,0.72,0,0,,,,,,,,,,,,,,,,,,,,,,,,,,,,,,,,,,,,,,,,,,,,,,,,,,,,,,,,,,,,,,,,,,,,,,,,,,,,,,,,,,,,,,,
,,,,,,,,,,,001,2025-05-08_18h29.15.118,SLSIC_O,2022.2.5,Win32,59.52380952,,,,,,,,,,,22,"[148.20029999999701,209.599200000003,263.344799999997,333.568700000003,421.875099999994,459.460200000003,502.82770000000295,524.5872000000029,626.3982999999971,708.502099999994,739.8537999999969,757.668900000006,818.133,882.759599999994,922.7165,960.0677999999973,984.5175000000002,1006.4605000000001,1080.176900000006,1188.5545000000002,1204.447299999997,1235.264299999997]","[148.20040000000597,209.599200000003,263.34490000000596,333.568700000003,421.875099999994,459.460200000003,502.82770000000295,524.587400000006,626.3982999999971,708.5022000000031,739.853900000006,757.6690000000001,818.133,882.759700000003,922.7165999999941,960.0679000000061,984.5175000000002,1006.4605000000001,1080.1770000000001,1188.5545999999943,1204.4474000000062,1235.2644000000062]",,10,"[164.19129999999703,504.16219999998816,709.770099999994,741.3555999999941,819.935299999997,887.368299999997,963.1906999999883,985.7181999999882,1008.0121999999883,1189.8220000000001]","[164.1915,504.162299999997,709.770099999994,741.3555999999941,819.9353999999911,887.3683999999911,963.1907999999971,985.7182999999973,1008.0121999999883,1189.8220000000001]",12,"[211.70129999999702,264.929,335.721,424.61229999999705,461.51220000000296,525.7530999999941,627.579200000003,758.8855,924.417700000003,1081.326700000003,1205.697200000003,1241.2102999999972]","[211.70129999999702,264.929,335.721,424.612400000006,461.51220000000296,525.7530999999941,627.579299999997,758.885599999994,924.417700000003,1081.326700000003,1205.697299999997,1241.2102999999972]","[""legit_button""]",9.942339374,3.1558,8.92092257,3.8513,9.942339374,2.6774,0,21,21,19,1,resources/images/scam_11.png,scam,1,0.65,0,0,,,,,,,,,,,,,,,,,,,,,,,,,,,,,,,,,,,,,,,,,,,,,,,,,,,,,,,,,,,,,,,,,,,,,,,,,,,,,,,,,,,,,,,
,,,,,,,,,,,001,2025-05-08_18h29.15.118,SLSIC_O,2022.2.5,Win32,59.52380952,,,,,,,,,,,23,"[148.20029999999701,209.599200000003,263.344799999997,333.568700000003,421.875099999994,459.460200000003,502.82770000000295,524.5872000000029,626.3982999999971,708.502099999994,739.8537999999969,757.668900000006,818.133,882.759599999994,922.7165,960.0677999999973,984.5175000000002,1006.4605000000001,1080.176900000006,1188.5545000000002,1204.447299999997,1235.264299999997,1270.3930000000003]","[148.20040000000597,209.599200000003,263.34490000000596,333.568700000003,421.875099999994,459.460200000003,502.82770000000295,524.587400000006,626.3982999999971,708.5022000000031,739.853900000006,757.6690000000001,818.133,882.759700000003,922.7165999999941,960.0679000000061,984.5175000000002,1006.4605000000001,1080.1770000000001,1188.5545999999943,1204.4474000000062,1235.2644000000062,1270.3930000000003]",,10,"[164.19129999999703,504.16219999998816,709.770099999994,741.3555999999941,819.935299999997,887.368299999997,963.1906999999883,985.7181999999882,1008.0121999999883,1189.8220000000001]","[164.1915,504.162299999997,709.770099999994,741.3555999999941,819.9353999999911,887.3683999999911,963.1907999999971,985.7182999999973,1008.0121999999883,1189.8220000000001]",13,"[211.70129999999702,264.929,335.721,424.61229999999705,461.51220000000296,525.7530999999941,627.579200000003,758.8855,924.417700000003,1081.326700000003,1205.697200000003,1241.2102999999972,1271.609200000003]","[211.70129999999702,264.929,335.721,424.612400000006,461.51220000000296,525.7530999999941,627.579299999997,758.885599999994,924.417700000003,1081.326700000003,1205.697299999997,1241.2102999999972,1271.6092999999971]","[""legit_button""]",9.975288303,3.1817,9.975288303,0.6421,9.975288303,0.9649,0,22,22,8,1,resources/images/legit9-EDIT.png,legit,1,0.65,0,0,,,,,,,,,,,,,,,,,,,,,,,,,,,,,,,,,,,,,,,,,,,,,,,,,,,,,,,,,,,,,,,,,,,,,,,,,,,,,,,,,,,,,,,
,,,,,,,,,,,001,2025-05-08_18h29.15.118,SLSIC_O,2022.2.5,Win32,59.52380952,,,,,,,,,,,24,"[148.20029999999701,209.599200000003,263.344799999997,333.568700000003,421.875099999994,459.460200000003,502.82770000000295,524.5872000000029,626.3982999999971,708.502099999994,739.8537999999969,757.668900000006,818.133,882.759599999994,922.7165,960.0677999999973,984.5175000000002,1006.4605000000001,1080.176900000006,1188.5545000000002,1204.447299999997,1235.264299999997,1270.3930000000003,1309.5825000000002]","[148.20040000000597,209.599200000003,263.34490000000596,333.568700000003,421.875099999994,459.460200000003,502.82770000000295,524.587400000006,626.3982999999971,708.5022000000031,739.853900000006,757.6690000000001,818.133,882.759700000003,922.7165999999941,960.0679000000061,984.5175000000002,1006.4605000000001,1080.1770000000001,1188.5545999999943,1204.4474000000062,1235.2644000000062,1270.3930000000003,1309.5825999999943]",,10,"[164.19129999999703,504.16219999998816,709.770099999994,741.3555999999941,819.935299999997,887.368299999997,963.1906999999883,985.7181999999882,1008.0121999999883,1189.8220000000001]","[164.1915,504.162299999997,709.770099999994,741.3555999999941,819.9353999999911,887.3683999999911,963.1907999999971,985.7182999999973,1008.0121999999883,1189.8220000000001]",14,"[211.70129999999702,264.929,335.721,424.61229999999705,461.51220000000296,525.7530999999941,627.579200000003,758.8855,924.417700000003,1081.326700000003,1205.697200000003,1241.2102999999972,1271.609200000003,1310.7154000000062]","[211.70129999999702,264.929,335.721,424.612400000006,461.51220000000296,525.7530999999941,627.579299999997,758.885599999994,924.417700000003,1081.326700000003,1205.697299999997,1241.2102999999972,1271.6092999999971,1310.7155000000002]","[""legit_button""]",7.965403624,2.0637,4.884678748,1.4491,8.031301483,2.1182,0,23,23,13,1,resources/images/legit6.png,legit,0.65,0.65,0,0,,,,,,,,,,,,,,,,,,,,,,,,,,,,,,,,,,,,,,,,,,,,,,,,,,,,,,,,,,,,,,,,,,,,,,,,,,,,,,,,,,,,,,,
,,,,,,,,,,,001,2025-05-08_18h29.15.118,SLSIC_O,2022.2.5,Win32,59.52380952,,,,,,,,,,,,,,,,,,,,,,,,,,,,,,,,,,,,,,,space,6.05,,,,,,,,,,,,,,,,,,,,,,,,,,,,,,,,,,,,,,,,,,,,,,,,,,,,,,,,,,,,,,,,,,,,,,,,,,,,,,,,,,,,,
,,,,,,,,,,,001,2025-05-08_18h29.15.118,SLSIC_O,2022.2.5,Win32,59.52380952,,,,,,,,,,,,,,,,,,,,,,,,,,,,,,,,,,,,,,,,,1,[1358.128099999994],[1358.128099999994],,,,,,,,,,,,,,,,,,,,,,,,,,,,,,,,,,,,,,,,,,,,,,,,,,,,,,,,,,,,,,,,,,,,,,,,,,,,,,,,,,
,,,,,,,,,,,001,2025-05-08_18h29.15.118,SLSIC_O,2022.2.5,Win32,59.52380952,,,,,,,,,,,,,,,,,,,,,,,,8.014827018,7.7031,,,,,,,,,,,,,,,,,,,,,,,,,,,,,,,,,,,,,,,,,,,,,,,,,,,,,,,,,,,,,,,,,,,,,,,,,,,,,,,,,,,,,,,,,,,,,,,,,,,,
,,,,,,,,,,,001,2025-05-08_18h29.15.118,SLSIC_O,2022.2.5,Win32,59.52380952,,,,,,,,,,,,,,,,,,,,,,,,,,,,,,,,,,,,,,,,,,,,1,[1481.711100000009],[1481.7112999999972],,,,,,,,,,,,,,,,,,,,,,,,,,,,,,,,,,,,,,,,,,,,,,,,,,,,,,,,,,,,,,,,,,,,,,,,,,,,,,,
,,,,,,,,,,,001,2025-05-08_18h29.15.118,SLSIC_O,2022.2.5,Win32,59.52380952,,,,,,,,,,,,,,,,,,,,,,,,9.975288303,2.0435,,,,,,,,,,,,,,,,,,,,,,,,,,,,,,,,,,,,,,,,,,,,,,,,,,,,,,,,,,,,,,,,,,,,,,,,,,,,,,,,,,,,,,,,,,,,,,,,,,,,
,,,,,,,,,,,001,2025-05-08_18h29.15.118,SLSIC_O,2022.2.5,Win32,59.52380952,,,,,,,,,,,,,,,,,,,,,,,,,,,,,,,,,,,,,,,,,,,,,,,1,[1491.9530000000002],[1491.9530000000002],,,,,,,,,,,,,,,,,,,,,,,,,,,,,,,,,,,,,,,,,,,,,,,,,,,,,,,,,,,,,,,,,,,,,,,,,,,,
,,,,,,,,,,,001,2025-05-08_18h29.15.118,SLSIC_O,2022.2.5,Win32,59.52380952,,,,,,,,,,,,,,,,,,,,,,,,9.925864909,3.588,,,,,,,,,,,,,,,,,,,,,,,,,,,,,,,,,,,,,,,,,,,,,,,,,,,,,,,,,,,,,,,,,,,,,,,,,,,,,,,,,,,,,,,,,,,,,,,,,,,,
,,,,,,,,,,,001,2025-05-08_18h29.15.118,SLSIC_O,2022.2.5,Win32,59.52380952,,,,,,,,,space,16.6424,,,,,,,,,,,,,,,,,,,,,,,,,,,,,,,,,,,,,,,,,,,,,,,,,,,,,,,,,,,,,,,,,,,,,,,,,,,,,,,,,,,,,,,,,,,,,,,,,,,,,,,,,,,,,,,,,,,
,,,,,,,,,,,001,2025-05-08_18h29.15.118,SLSIC_O,2022.2.5,Win32,59.52380952,,,,,,,,,,,25,"[148.20029999999701,209.599200000003,263.344799999997,333.568700000003,421.875099999994,459.460200000003,502.82770000000295,524.5872000000029,626.3982999999971,708.502099999994,739.8537999999969,757.668900000006,818.133,882.759599999994,922.7165,960.0677999999973,984.5175000000002,1006.4605000000001,1080.176900000006,1188.5545000000002,1204.447299999997,1235.264299999997,1270.3930000000003,1309.5825000000002,1528.7267999999972]","[148.20040000000597,209.599200000003,263.34490000000596,333.568700000003,421.875099999994,459.460200000003,502.82770000000295,524.587400000006,626.3982999999971,708.5022000000031,739.853900000006,757.6690000000001,818.133,882.759700000003,922.7165999999941,960.0679000000061,984.5175000000002,1006.4605000000001,1080.1770000000001,1188.5545999999943,1204.4474000000062,1235.2644000000062,1270.3930000000003,1309.5825999999943,1528.726900000006]",,10,"[164.19129999999703,504.16219999998816,709.770099999994,741.3555999999941,819.935299999997,887.368299999997,963.1906999999883,985.7181999999882,1008.0121999999883,1189.8220000000001]","[164.1915,504.162299999997,709.770099999994,741.3555999999941,819.9353999999911,887.3683999999911,963.1907999999971,985.7182999999973,1008.0121999999883,1189.8220000000001]",15,"[211.70129999999702,264.929,335.721,424.61229999999705,461.51220000000296,525.7530999999941,627.579200000003,758.8855,924.417700000003,1081.326700000003,1205.697200000003,1241.2102999999972,1271.609200000003,1310.7154000000062,1530.3110000000001]","[211.70129999999702,264.929,335.721,424.612400000006,461.51220000000296,525.7530999999941,627.579299999997,758.885599999994,924.417700000003,1081.326700000003,1205.697299999997,1241.2102999999972,1271.6092999999971,1310.7155000000002,1530.3110000000001]","[""legit_button""]",9.942339374,2.445,9.942339374,0.933,9.942339374,1.8584,,,,,,resources/images/scam_21.png,scam,1,0.65,0,0,,,,,,,,,,,,0,0,0,19,1,,,,,,,,,,,,,,,,,,,,,,,,,,,,,,,,,,,,,,,,,,,,,,,,,,,,,,,,,,,,,,,,,,,,,,,
,,,,,,,,,,,001,2025-05-08_18h29.15.118,SLSIC_O,2022.2.5,Win32,59.52380952,,,,,,,,,,,26,"[148.20029999999701,209.599200000003,263.344799999997,333.568700000003,421.875099999994,459.460200000003,502.82770000000295,524.5872000000029,626.3982999999971,708.502099999994,739.8537999999969,757.668900000006,818.133,882.759599999994,922.7165,960.0677999999973,984.5175000000002,1006.4605000000001,1080.176900000006,1188.5545000000002,1204.447299999997,1235.264299999997,1270.3930000000003,1309.5825000000002,1528.7267999999972,1547.3940999999943]","[148.20040000000597,209.599200000003,263.34490000000596,333.568700000003,421.875099999994,459.460200000003,502.82770000000295,524.587400000006,626.3982999999971,708.5022000000031,739.853900000006,757.6690000000001,818.133,882.759700000003,922.7165999999941,960.0679000000061,984.5175000000002,1006.4605000000001,1080.1770000000001,1188.5545999999943,1204.4474000000062,1235.2644000000062,1270.3930000000003,1309.5825999999943,1528.726900000006,1547.3942000000031]",,11,"[164.19129999999703,504.16219999998816,709.770099999994,741.3555999999941,819.935299999997,887.368299999997,963.1906999999883,985.7181999999882,1008.0121999999883,1189.8220000000001,1550.5670000000002]","[164.1915,504.162299999997,709.770099999994,741.3555999999941,819.9353999999911,887.3683999999911,963.1907999999971,985.7182999999973,1008.0121999999883,1189.8220000000001,1550.567099999994]",15,"[211.70129999999702,264.929,335.721,424.61229999999705,461.51220000000296,525.7530999999941,627.579200000003,758.8855,924.417700000003,1081.326700000003,1205.697200000003,1241.2102999999972,1271.609200000003,1310.7154000000062,1530.3110000000001]","[211.70129999999702,264.929,335.721,424.612400000006,461.51220000000296,525.7530999999941,627.579299999997,758.885599999994,924.417700000003,1081.326700000003,1205.697299999997,1241.2102999999972,1271.6092999999971,1310.7155000000002,1530.3110000000001]","[""scam_button""]",9.991762768,3.835,0.041186161,4.5526,0.041186161,1.4766,,,,,,resources/images/scam8.jpg,scam,0.65,0.65,0,0,,,,,,,,,,,,0,1,1,0,1,,,,,,,,,,,,,,,,,,,,,,,,,,,,,,,,,,,,,,,,,,,,,,,,,,,,,,,,,,,,,,,,,,,,,,,
,,,,,,,,,,,001,2025-05-08_18h29.15.118,SLSIC_O,2022.2.5,Win32,59.52380952,,,,,,,,,,,27,"[148.20029999999701,209.599200000003,263.344799999997,333.568700000003,421.875099999994,459.460200000003,502.82770000000295,524.5872000000029,626.3982999999971,708.502099999994,739.8537999999969,757.668900000006,818.133,882.759599999994,922.7165,960.0677999999973,984.5175000000002,1006.4605000000001,1080.176900000006,1188.5545000000002,1204.447299999997,1235.264299999997,1270.3930000000003,1309.5825000000002,1528.7267999999972,1547.3940999999943,1567.8830000000003]","[148.20040000000597,209.599200000003,263.34490000000596,333.568700000003,421.875099999994,459.460200000003,502.82770000000295,524.587400000006,626.3982999999971,708.5022000000031,739.853900000006,757.6690000000001,818.133,882.759700000003,922.7165999999941,960.0679000000061,984.5175000000002,1006.4605000000001,1080.1770000000001,1188.5545999999943,1204.4474000000062,1235.2644000000062,1270.3930000000003,1309.5825999999943,1528.726900000006,1547.3942000000031,1567.8830000000003]",,12,"[164.19129999999703,504.16219999998816,709.770099999994,741.3555999999941,819.935299999997,887.368299999997,963.1906999999883,985.7181999999882,1008.0121999999883,1189.8220000000001,1550.5670000000002,1569.769099999994]","[164.1915,504.162299999997,709.770099999994,741.3555999999941,819.9353999999911,887.3683999999911,963.1907999999971,985.7182999999973,1008.0121999999883,1189.8220000000001,1550.567099999994,1569.769099999994]",15,"[211.70129999999702,264.929,335.721,424.61229999999705,461.51220000000296,525.7530999999941,627.579200000003,758.8855,924.417700000003,1081.326700000003,1205.697200000003,1241.2102999999972,1271.609200000003,1310.7154000000062,1530.3110000000001]","[211.70129999999702,264.929,335.721,424.612400000006,461.51220000000296,525.7530999999941,627.579299999997,758.885599999994,924.417700000003,1081.326700000003,1205.697299999997,1241.2102999999972,1271.6092999999971,1310.7155000000002,1530.3110000000001]","[""scam_button""]",9.909390445,2.4933,0.024711697,3.3018,0.024711697,1.2631,,,,,,resources/images/scam9.jpg,scam,0.65,0.65,0,0,,,,,,,,,,,,0,2,2,1,1,,,,,,,,,,,,,,,,,,,,,,,,,,,,,,,,,,,,,,,,,,,,,,,,,,,,,,,,,,,,,,,,,,,,,,,
,,,,,,,,,,,001,2025-05-08_18h29.15.118,SLSIC_O,2022.2.5,Win32,59.52380952,,,,,,,,,,,28,"[148.20029999999701,209.599200000003,263.344799999997,333.568700000003,421.875099999994,459.460200000003,502.82770000000295,524.5872000000029,626.3982999999971,708.502099999994,739.8537999999969,757.668900000006,818.133,882.759599999994,922.7165,960.0677999999973,984.5175000000002,1006.4605000000001,1080.176900000006,1188.5545000000002,1204.447299999997,1235.264299999997,1270.3930000000003,1309.5825000000002,1528.7267999999972,1547.3940999999943,1567.8830000000003,1597.5970000000002]","[148.20040000000597,209.599200000003,263.34490000000596,333.568700000003,421.875099999994,459.460200000003,502.82770000000295,524.587400000006,626.3982999999971,708.5022000000031,739.853900000006,757.6690000000001,818.133,882.759700000003,922.7165999999941,960.0679000000061,984.5175000000002,1006.4605000000001,1080.1770000000001,1188.5545999999943,1204.4474000000062,1235.2644000000062,1270.3930000000003,1309.5825999999943,1528.726900000006,1547.3942000000031,1567.8830000000003,1597.5970000000002]",,12,"[164.19129999999703,504.16219999998816,709.770099999994,741.3555999999941,819.935299999997,887.368299999997,963.1906999999883,985.7181999999882,1008.0121999999883,1189.8220000000001,1550.5670000000002,1569.769099999994]","[164.1915,504.162299999997,709.770099999994,741.3555999999941,819.9353999999911,887.3683999999911,963.1907999999971,985.7182999999973,1008.0121999999883,1189.8220000000001,1550.567099999994,1569.769099999994]",16,"[211.70129999999702,264.929,335.721,424.61229999999705,461.51220000000296,525.7530999999941,627.579200000003,758.8855,924.417700000003,1081.326700000003,1205.697200000003,1241.2102999999972,1271.609200000003,1310.7154000000062,1530.3110000000001,1598.913700000003]","[211.70129999999702,264.929,335.721,424.612400000006,461.51220000000296,525.7530999999941,627.579299999997,758.885599999994,924.417700000003,1081.326700000003,1205.697299999997,1241.2102999999972,1271.6092999999971,1310.7155000000002,1530.3110000000001,1598.913799999997]","[""legit_button""]",9.859967051,1.8853,4.044481054,2.5329,5.922570016,3.2624,,,,,,resources/images/legit_22.png,legit,1,0.78,0,0,,,,,,,,,,,,0,3,3,9,1,,,,,,,,,,,,,,,,,,,,,,,,,,,,,,,,,,,,,,,,,,,,,,,,,,,,,,,,,,,,,,,,,,,,,,,
,,,,,,,,,,,001,2025-05-08_18h29.15.118,SLSIC_O,2022.2.5,Win32,59.52380952,,,,,,,,,,,29,"[148.20029999999701,209.599200000003,263.344799999997,333.568700000003,421.875099999994,459.460200000003,502.82770000000295,524.5872000000029,626.3982999999971,708.502099999994,739.8537999999969,757.668900000006,818.133,882.759599999994,922.7165,960.0677999999973,984.5175000000002,1006.4605000000001,1080.176900000006,1188.5545000000002,1204.447299999997,1235.264299999997,1270.3930000000003,1309.5825000000002,1528.7267999999972,1547.3940999999943,1567.8830000000003,1597.5970000000002,1694.0250999999942]","[148.20040000000597,209.599200000003,263.34490000000596,333.568700000003,421.875099999994,459.460200000003,502.82770000000295,524.587400000006,626.3982999999971,708.5022000000031,739.853900000006,757.6690000000001,818.133,882.759700000003,922.7165999999941,960.0679000000061,984.5175000000002,1006.4605000000001,1080.1770000000001,1188.5545999999943,1204.4474000000062,1235.2644000000062,1270.3930000000003,1309.5825999999943,1528.726900000006,1547.3942000000031,1567.8830000000003,1597.5970000000002,1694.0252999999973]",,12,"[164.19129999999703,504.16219999998816,709.770099999994,741.3555999999941,819.935299999997,887.368299999997,963.1906999999883,985.7181999999882,1008.0121999999883,1189.8220000000001,1550.5670000000002,1569.769099999994]","[164.1915,504.162299999997,709.770099999994,741.3555999999941,819.9353999999911,887.3683999999911,963.1907999999971,985.7182999999973,1008.0121999999883,1189.8220000000001,1550.567099999994,1569.769099999994]",17,"[211.70129999999702,264.929,335.721,424.61229999999705,461.51220000000296,525.7530999999941,627.579200000003,758.8855,924.417700000003,1081.326700000003,1205.697200000003,1241.2102999999972,1271.609200000003,1310.7154000000062,1530.3110000000001,1598.913700000003,1695.2250999999942]","[211.70129999999702,264.929,335.721,424.612400000006,461.51220000000296,525.7530999999941,627.579299999997,758.885599999994,924.417700000003,1081.326700000003,1205.697299999997,1241.2102999999972,1271.6092999999971,1310.7155000000002,1530.3110000000001,1598.913799999997,1695.225200000003]","[""legit_button""]",9.89291598,3.7178,9.89291598,0.7221,9.89291598,2.3985,,,,,,resources/images/legit13.jpg,legit,0.65,0.65,0,0,,,,,,,,,,,,0,4,4,6,1,,,,,,,,,,,,,,,,,,,,,,,,,,,,,,,,,,,,,,,,,,,,,,,,,,,,,,,,,,,,,,,,,,,,,,,
,,,,,,,,,,,001,2025-05-08_18h29.15.118,SLSIC_O,2022.2.5,Win32,59.52380952,,,,,,,,,,,30,"[148.20029999999701,209.599200000003,263.344799999997,333.568700000003,421.875099999994,459.460200000003,502.82770000000295,524.5872000000029,626.3982999999971,708.502099999994,739.8537999999969,757.668900000006,818.133,882.759599999994,922.7165,960.0677999999973,984.5175000000002,1006.4605000000001,1080.176900000006,1188.5545000000002,1204.447299999997,1235.264299999997,1270.3930000000003,1309.5825000000002,1528.7267999999972,1547.3940999999943,1567.8830000000003,1597.5970000000002,1694.0250999999942,1709.0659000000062]","[148.20040000000597,209.599200000003,263.34490000000596,333.568700000003,421.875099999994,459.460200000003,502.82770000000295,524.587400000006,626.3982999999971,708.5022000000031,739.853900000006,757.6690000000001,818.133,882.759700000003,922.7165999999941,960.0679000000061,984.5175000000002,1006.4605000000001,1080.1770000000001,1188.5545999999943,1204.4474000000062,1235.2644000000062,1270.3930000000003,1309.5825999999943,1528.726900000006,1547.3942000000031,1567.8830000000003,1597.5970000000002,1694.0252999999973,1709.0660000000003]",,12,"[164.19129999999703,504.16219999998816,709.770099999994,741.3555999999941,819.935299999997,887.368299999997,963.1906999999883,985.7181999999882,1008.0121999999883,1189.8220000000001,1550.5670000000002,1569.769099999994]","[164.1915,504.162299999997,709.770099999994,741.3555999999941,819.9353999999911,887.3683999999911,963.1907999999971,985.7182999999973,1008.0121999999883,1189.8220000000001,1550.567099999994,1569.769099999994]",18,"[211.70129999999702,264.929,335.721,424.61229999999705,461.51220000000296,525.7530999999941,627.579200000003,758.8855,924.417700000003,1081.326700000003,1205.697200000003,1241.2102999999972,1271.609200000003,1310.7154000000062,1530.3110000000001,1598.913700000003,1695.2250999999942,1710.4497999999971]","[211.70129999999702,264.929,335.721,424.612400000006,461.51220000000296,525.7530999999941,627.579299999997,758.885599999994,924.417700000003,1081.326700000003,1205.697299999997,1241.2102999999972,1271.6092999999971,1310.7155000000002,1530.3110000000001,1598.913799999997,1695.225200000003,1710.4497999999971]","[""legit_button""]",9.991762768,1.6088,4.835255354,1.4313,2.001647446,2.566,,,,,,resources/images/legitimate_18.png,legit,1,0.65,0,0,,,,,,,,,,,,0,5,5,17,1,,,,,,,,,,,,,,,,,,,,,,,,,,,,,,,,,,,,,,,,,,,,,,,,,,,,,,,,,,,,,,,,,,,,,,,
,,,,,,,,,,,001,2025-05-08_18h29.15.118,SLSIC_O,2022.2.5,Win32,59.52380952,,,,,,,,,,,31,"[148.20029999999701,209.599200000003,263.344799999997,333.568700000003,421.875099999994,459.460200000003,502.82770000000295,524.5872000000029,626.3982999999971,708.502099999994,739.8537999999969,757.668900000006,818.133,882.759599999994,922.7165,960.0677999999973,984.5175000000002,1006.4605000000001,1080.176900000006,1188.5545000000002,1204.447299999997,1235.264299999997,1270.3930000000003,1309.5825000000002,1528.7267999999972,1547.3940999999943,1567.8830000000003,1597.5970000000002,1694.0250999999942,1709.0659000000062,1727.3657000000032]","[148.20040000000597,209.599200000003,263.34490000000596,333.568700000003,421.875099999994,459.460200000003,502.82770000000295,524.587400000006,626.3982999999971,708.5022000000031,739.853900000006,757.6690000000001,818.133,882.759700000003,922.7165999999941,960.0679000000061,984.5175000000002,1006.4605000000001,1080.1770000000001,1188.5545999999943,1204.4474000000062,1235.2644000000062,1270.3930000000003,1309.5825999999943,1528.726900000006,1547.3942000000031,1567.8830000000003,1597.5970000000002,1694.0252999999973,1709.0660000000003,1727.365799999997]",,12,"[164.19129999999703,504.16219999998816,709.770099999994,741.3555999999941,819.935299999997,887.368299999997,963.1906999999883,985.7181999999882,1008.0121999999883,1189.8220000000001,1550.5670000000002,1569.769099999994]","[164.1915,504.162299999997,709.770099999994,741.3555999999941,819.9353999999911,887.3683999999911,963.1907999999971,985.7182999999973,1008.0121999999883,1189.8220000000001,1550.567099999994,1569.769099999994]",19,"[211.70129999999702,264.929,335.721,424.61229999999705,461.51220000000296,525.7530999999941,627.579200000003,758.8855,924.417700000003,1081.326700000003,1205.697200000003,1241.2102999999972,1271.609200000003,1310.7154000000062,1530.3110000000001,1598.913700000003,1695.2250999999942,1710.4497999999971,1728.6322000000032]","[211.70129999999702,264.929,335.721,424.612400000006,461.51220000000296,525.7530999999941,627.579299999997,758.885599999994,924.417700000003,1081.326700000003,1205.697299999997,1241.2102999999972,1271.6092999999971,1310.7155000000002,1530.3110000000001,1598.913799999997,1695.225200000003,1710.4497999999971,1728.6322000000032]","[""legit_button""]",9.052718287,2.4101,4.02800659,1.7931,4.02800659,1.5241,,,,,,resources/images/legit_30.png,legit,1,0.85,0,0,,,,,,,,,,,,0,6,6,16,1,,,,,,,,,,,,,,,,,,,,,,,,,,,,,,,,,,,,,,,,,,,,,,,,,,,,,,,,,,,,,,,,,,,,,,,
,,,,,,,,,,,001,2025-05-08_18h29.15.118,SLSIC_O,2022.2.5,Win32,59.52380952,,,,,,,,,,,32,"[148.20029999999701,209.599200000003,263.344799999997,333.568700000003,421.875099999994,459.460200000003,502.82770000000295,524.5872000000029,626.3982999999971,708.502099999994,739.8537999999969,757.668900000006,818.133,882.759599999994,922.7165,960.0677999999973,984.5175000000002,1006.4605000000001,1080.176900000006,1188.5545000000002,1204.447299999997,1235.264299999997,1270.3930000000003,1309.5825000000002,1528.7267999999972,1547.3940999999943,1567.8830000000003,1597.5970000000002,1694.0250999999942,1709.0659000000062,1727.3657000000032,1746.8017000000032]","[148.20040000000597,209.599200000003,263.34490000000596,333.568700000003,421.875099999994,459.460200000003,502.82770000000295,524.587400000006,626.3982999999971,708.5022000000031,739.853900000006,757.6690000000001,818.133,882.759700000003,922.7165999999941,960.0679000000061,984.5175000000002,1006.4605000000001,1080.1770000000001,1188.5545999999943,1204.4474000000062,1235.2644000000062,1270.3930000000003,1309.5825999999943,1528.726900000006,1547.3942000000031,1567.8830000000003,1597.5970000000002,1694.0252999999973,1709.0660000000003,1727.365799999997,1746.8017999999972]",,12,"[164.19129999999703,504.16219999998816,709.770099999994,741.3555999999941,819.935299999997,887.368299999997,963.1906999999883,985.7181999999882,1008.0121999999883,1189.8220000000001,1550.5670000000002,1569.769099999994]","[164.1915,504.162299999997,709.770099999994,741.3555999999941,819.9353999999911,887.3683999999911,963.1907999999971,985.7182999999973,1008.0121999999883,1189.8220000000001,1550.567099999994,1569.769099999994]",20,"[211.70129999999702,264.929,335.721,424.61229999999705,461.51220000000296,525.7530999999941,627.579200000003,758.8855,924.417700000003,1081.326700000003,1205.697200000003,1241.2102999999972,1271.609200000003,1310.7154000000062,1530.3110000000001,1598.913700000003,1695.2250999999942,1710.4497999999971,1728.6322000000032,1748.069400000006]","[211.70129999999702,264.929,335.721,424.612400000006,461.51220000000296,525.7530999999941,627.579299999997,758.885599999994,924.417700000003,1081.326700000003,1205.697299999997,1241.2102999999972,1271.6092999999971,1310.7155000000002,1530.3110000000001,1598.913799999997,1695.225200000003,1710.4497999999971,1728.6322000000032,1748.0695]","[""legit_button""]",9.909390445,3.2156,8.838550247,1.4648,8.838550247,0.8504,,,,,,resources/images/legit16.jpg,legit,0.65,0.65,0,0,,,,,,,,,,,,0,7,7,15,1,,,,,,,,,,,,,,,,,,,,,,,,,,,,,,,,,,,,,,,,,,,,,,,,,,,,,,,,,,,,,,,,,,,,,,,
,,,,,,,,,,,001,2025-05-08_18h29.15.118,SLSIC_O,2022.2.5,Win32,59.52380952,,,,,,,,,,,33,"[148.20029999999701,209.599200000003,263.344799999997,333.568700000003,421.875099999994,459.460200000003,502.82770000000295,524.5872000000029,626.3982999999971,708.502099999994,739.8537999999969,757.668900000006,818.133,882.759599999994,922.7165,960.0677999999973,984.5175000000002,1006.4605000000001,1080.176900000006,1188.5545000000002,1204.447299999997,1235.264299999997,1270.3930000000003,1309.5825000000002,1528.7267999999972,1547.3940999999943,1567.8830000000003,1597.5970000000002,1694.0250999999942,1709.0659000000062,1727.3657000000032,1746.8017000000032,1763.9482000000032]","[148.20040000000597,209.599200000003,263.34490000000596,333.568700000003,421.875099999994,459.460200000003,502.82770000000295,524.587400000006,626.3982999999971,708.5022000000031,739.853900000006,757.6690000000001,818.133,882.759700000003,922.7165999999941,960.0679000000061,984.5175000000002,1006.4605000000001,1080.1770000000001,1188.5545999999943,1204.4474000000062,1235.2644000000062,1270.3930000000003,1309.5825999999943,1528.726900000006,1547.3942000000031,1567.8830000000003,1597.5970000000002,1694.0252999999973,1709.0660000000003,1727.365799999997,1746.8017999999972,1763.9482000000032]",,12,"[164.19129999999703,504.16219999998816,709.770099999994,741.3555999999941,819.935299999997,887.368299999997,963.1906999999883,985.7181999999882,1008.0121999999883,1189.8220000000001,1550.5670000000002,1569.769099999994]","[164.1915,504.162299999997,709.770099999994,741.3555999999941,819.9353999999911,887.3683999999911,963.1907999999971,985.7182999999973,1008.0121999999883,1189.8220000000001,1550.567099999994,1569.769099999994]",21,"[211.70129999999702,264.929,335.721,424.61229999999705,461.51220000000296,525.7530999999941,627.579200000003,758.8855,924.417700000003,1081.326700000003,1205.697200000003,1241.2102999999972,1271.609200000003,1310.7154000000062,1530.3110000000001,1598.913700000003,1695.2250999999942,1710.4497999999971,1728.6322000000032,1748.069400000006,1765.2815999999941]","[211.70129999999702,264.929,335.721,424.612400000006,461.51220000000296,525.7530999999941,627.579299999997,758.885599999994,924.417700000003,1081.326700000003,1205.697299999997,1241.2102999999972,1271.6092999999971,1310.7155000000002,1530.3110000000001,1598.913799999997,1695.225200000003,1710.4497999999971,1728.6322000000032,1748.0695,1765.2817000000032]","[""legit_button""]",9.942339374,3.0839,9.942339374,0.9148,9.942339374,1.1121,,,,,,resources/images/legit15.jpg,legit,0.95,0.65,0,0,,,,,,,,,,,,0,8,8,13,1,,,,,,,,,,,,,,,,,,,,,,,,,,,,,,,,,,,,,,,,,,,,,,,,,,,,,,,,,,,,,,,,,,,,,,,
,,,,,,,,,,,001,2025-05-08_18h29.15.118,SLSIC_O,2022.2.5,Win32,59.52380952,,,,,,,,,,,34,"[148.20029999999701,209.599200000003,263.344799999997,333.568700000003,421.875099999994,459.460200000003,502.82770000000295,524.5872000000029,626.3982999999971,708.502099999994,739.8537999999969,757.668900000006,818.133,882.759599999994,922.7165,960.0677999999973,984.5175000000002,1006.4605000000001,1080.176900000006,1188.5545000000002,1204.447299999997,1235.264299999997,1270.3930000000003,1309.5825000000002,1528.7267999999972,1547.3940999999943,1567.8830000000003,1597.5970000000002,1694.0250999999942,1709.0659000000062,1727.3657000000032,1746.8017000000032,1763.9482000000032,1775.5797999999972]","[148.20040000000597,209.599200000003,263.34490000000596,333.568700000003,421.875099999994,459.460200000003,502.82770000000295,524.587400000006,626.3982999999971,708.5022000000031,739.853900000006,757.6690000000001,818.133,882.759700000003,922.7165999999941,960.0679000000061,984.5175000000002,1006.4605000000001,1080.1770000000001,1188.5545999999943,1204.4474000000062,1235.2644000000062,1270.3930000000003,1309.5825999999943,1528.726900000006,1547.3942000000031,1567.8830000000003,1597.5970000000002,1694.0252999999973,1709.0660000000003,1727.365799999997,1746.8017999999972,1763.9482000000032,1775.579900000006]",,12,"[164.19129999999703,504.16219999998816,709.770099999994,741.3555999999941,819.935299999997,887.368299999997,963.1906999999883,985.7181999999882,1008.0121999999883,1189.8220000000001,1550.5670000000002,1569.769099999994]","[164.1915,504.162299999997,709.770099999994,741.3555999999941,819.9353999999911,887.3683999999911,963.1907999999971,985.7182999999973,1008.0121999999883,1189.8220000000001,1550.567099999994,1569.769099999994]",22,"[211.70129999999702,264.929,335.721,424.61229999999705,461.51220000000296,525.7530999999941,627.579200000003,758.8855,924.417700000003,1081.326700000003,1205.697200000003,1241.2102999999972,1271.609200000003,1310.7154000000062,1530.3110000000001,1598.913700000003,1695.2250999999942,1710.4497999999971,1728.6322000000032,1748.069400000006,1765.2815999999941,1777.1980999999942]","[211.70129999999702,264.929,335.721,424.612400000006,461.51220000000296,525.7530999999941,627.579299999997,758.885599999994,924.417700000003,1081.326700000003,1205.697299999997,1241.2102999999972,1271.6092999999971,1310.7155000000002,1530.3110000000001,1598.913799999997,1695.225200000003,1710.4497999999971,1728.6322000000032,1748.0695,1765.2817000000032,1777.1982000000032]","[""legit_button""]",9.859967051,2.3519,2.034596376,2.6318,0.008237232,2.9477,,,,,,resources/images/scam16.png,scam,0.65,0.65,0,0,,,,,,,,,,,,0,9,9,11,1,,,,,,,,,,,,,,,,,,,,,,,,,,,,,,,,,,,,,,,,,,,,,,,,,,,,,,,,,,,,,,,,,,,,,,,
,,,,,,,,,,,001,2025-05-08_18h29.15.118,SLSIC_O,2022.2.5,Win32,59.52380952,,,,,,,,,,,35,"[148.20029999999701,209.599200000003,263.344799999997,333.568700000003,421.875099999994,459.460200000003,502.82770000000295,524.5872000000029,626.3982999999971,708.502099999994,739.8537999999969,757.668900000006,818.133,882.759599999994,922.7165,960.0677999999973,984.5175000000002,1006.4605000000001,1080.176900000006,1188.5545000000002,1204.447299999997,1235.264299999997,1270.3930000000003,1309.5825000000002,1528.7267999999972,1547.3940999999943,1567.8830000000003,1597.5970000000002,1694.0250999999942,1709.0659000000062,1727.3657000000032,1746.8017000000032,1763.9482000000032,1775.5797999999972,1792.5925000000002]","[148.20040000000597,209.599200000003,263.34490000000596,333.568700000003,421.875099999994,459.460200000003,502.82770000000295,524.587400000006,626.3982999999971,708.5022000000031,739.853900000006,757.6690000000001,818.133,882.759700000003,922.7165999999941,960.0679000000061,984.5175000000002,1006.4605000000001,1080.1770000000001,1188.5545999999943,1204.4474000000062,1235.2644000000062,1270.3930000000003,1309.5825999999943,1528.726900000006,1547.3942000000031,1567.8830000000003,1597.5970000000002,1694.0252999999973,1709.0660000000003,1727.365799999997,1746.8017999999972,1763.9482000000032,1775.579900000006,1792.5925999999943]",,12,"[164.19129999999703,504.16219999998816,709.770099999994,741.3555999999941,819.935299999997,887.368299999997,963.1906999999883,985.7181999999882,1008.0121999999883,1189.8220000000001,1550.5670000000002,1569.769099999994]","[164.1915,504.162299999997,709.770099999994,741.3555999999941,819.9353999999911,887.3683999999911,963.1907999999971,985.7182999999973,1008.0121999999883,1189.8220000000001,1550.567099999994,1569.769099999994]",23,"[211.70129999999702,264.929,335.721,424.61229999999705,461.51220000000296,525.7530999999941,627.579200000003,758.8855,924.417700000003,1081.326700000003,1205.697200000003,1241.2102999999972,1271.609200000003,1310.7154000000062,1530.3110000000001,1598.913700000003,1695.2250999999942,1710.4497999999971,1728.6322000000032,1748.069400000006,1765.2815999999941,1777.1980999999942,1793.9425999999942]","[211.70129999999702,264.929,335.721,424.612400000006,461.51220000000296,525.7530999999941,627.579299999997,758.885599999994,924.417700000003,1081.326700000003,1205.697299999997,1241.2102999999972,1271.6092999999971,1310.7155000000002,1530.3110000000001,1598.913799999997,1695.225200000003,1710.4497999999971,1728.6322000000032,1748.0695,1765.2817000000032,1777.1982000000032,1793.942700000003]","[""legit_button""]",9.909390445,1.7603,9.909390445,1.6821,9.909390445,2.2279,,,,,,resources/images/legit_23.png,legit,1,0.65,0,0,,,,,,,,,,,,0,10,10,8,1,,,,,,,,,,,,,,,,,,,,,,,,,,,,,,,,,,,,,,,,,,,,,,,,,,,,,,,,,,,,,,,,,,,,,,,
,,,,,,,,,,,001,2025-05-08_18h29.15.118,SLSIC_O,2022.2.5,Win32,59.52380952,,,,,,,,,,,36,"[148.20029999999701,209.599200000003,263.344799999997,333.568700000003,421.875099999994,459.460200000003,502.82770000000295,524.5872000000029,626.3982999999971,708.502099999994,739.8537999999969,757.668900000006,818.133,882.759599999994,922.7165,960.0677999999973,984.5175000000002,1006.4605000000001,1080.176900000006,1188.5545000000002,1204.447299999997,1235.264299999997,1270.3930000000003,1309.5825000000002,1528.7267999999972,1547.3940999999943,1567.8830000000003,1597.5970000000002,1694.0250999999942,1709.0659000000062,1727.3657000000032,1746.8017000000032,1763.9482000000032,1775.5797999999972,1792.5925000000002,1807.315700000003]","[148.20040000000597,209.599200000003,263.34490000000596,333.568700000003,421.875099999994,459.460200000003,502.82770000000295,524.587400000006,626.3982999999971,708.5022000000031,739.853900000006,757.6690000000001,818.133,882.759700000003,922.7165999999941,960.0679000000061,984.5175000000002,1006.4605000000001,1080.1770000000001,1188.5545999999943,1204.4474000000062,1235.2644000000062,1270.3930000000003,1309.5825999999943,1528.726900000006,1547.3942000000031,1567.8830000000003,1597.5970000000002,1694.0252999999973,1709.0660000000003,1727.365799999997,1746.8017999999972,1763.9482000000032,1775.579900000006,1792.5925999999943,1807.315700000003]",,12,"[164.19129999999703,504.16219999998816,709.770099999994,741.3555999999941,819.935299999997,887.368299999997,963.1906999999883,985.7181999999882,1008.0121999999883,1189.8220000000001,1550.5670000000002,1569.769099999994]","[164.1915,504.162299999997,709.770099999994,741.3555999999941,819.9353999999911,887.3683999999911,963.1907999999971,985.7182999999973,1008.0121999999883,1189.8220000000001,1550.567099999994,1569.769099999994]",24,"[211.70129999999702,264.929,335.721,424.61229999999705,461.51220000000296,525.7530999999941,627.579200000003,758.8855,924.417700000003,1081.326700000003,1205.697200000003,1241.2102999999972,1271.609200000003,1310.7154000000062,1530.3110000000001,1598.913700000003,1695.2250999999942,1710.4497999999971,1728.6322000000032,1748.069400000006,1765.2815999999941,1777.1980999999942,1793.9425999999942,1808.699400000006]","[211.70129999999702,264.929,335.721,424.612400000006,461.51220000000296,525.7530999999941,627.579299999997,758.885599999994,924.417700000003,1081.326700000003,1205.697299999997,1241.2102999999972,1271.6092999999971,1310.7155000000002,1530.3110000000001,1598.913799999997,1695.225200000003,1710.4497999999971,1728.6322000000032,1748.0695,1765.2817000000032,1777.1982000000032,1793.942700000003,1808.699400000006]","[""legit_button""]",9.859967051,1.9994,8.937397035,1.3758,9.003294893,1.6916,,,,,,resources/images/scam_20.png,scam,1.45,0.6,0,0,,,,,,,,,,,,0,11,11,18,1,,,,,,,,,,,,,,,,,,,,,,,,,,,,,,,,,,,,,,,,,,,,,,,,,,,,,,,,,,,,,,,,,,,,,,,
,,,,,,,,,,,001,2025-05-08_18h29.15.118,SLSIC_O,2022.2.5,Win32,59.52380952,,,,,,,,,,,37,"[148.20029999999701,209.599200000003,263.344799999997,333.568700000003,421.875099999994,459.460200000003,502.82770000000295,524.5872000000029,626.3982999999971,708.502099999994,739.8537999999969,757.668900000006,818.133,882.759599999994,922.7165,960.0677999999973,984.5175000000002,1006.4605000000001,1080.176900000006,1188.5545000000002,1204.447299999997,1235.264299999997,1270.3930000000003,1309.5825000000002,1528.7267999999972,1547.3940999999943,1567.8830000000003,1597.5970000000002,1694.0250999999942,1709.0659000000062,1727.3657000000032,1746.8017000000032,1763.9482000000032,1775.5797999999972,1792.5925000000002,1807.315700000003,1842.2270999999942]","[148.20040000000597,209.599200000003,263.34490000000596,333.568700000003,421.875099999994,459.460200000003,502.82770000000295,524.587400000006,626.3982999999971,708.5022000000031,739.853900000006,757.6690000000001,818.133,882.759700000003,922.7165999999941,960.0679000000061,984.5175000000002,1006.4605000000001,1080.1770000000001,1188.5545999999943,1204.4474000000062,1235.2644000000062,1270.3930000000003,1309.5825999999943,1528.726900000006,1547.3942000000031,1567.8830000000003,1597.5970000000002,1694.0252999999973,1709.0660000000003,1727.365799999997,1746.8017999999972,1763.9482000000032,1775.579900000006,1792.5925999999943,1807.315700000003,1842.2272000000032]",,13,"[164.19129999999703,504.16219999998816,709.770099999994,741.3555999999941,819.935299999997,887.368299999997,963.1906999999883,985.7181999999882,1008.0121999999883,1189.8220000000001,1550.5670000000002,1569.769099999994,1843.5282999999972]","[164.1915,504.162299999997,709.770099999994,741.3555999999941,819.9353999999911,887.3683999999911,963.1907999999971,985.7182999999973,1008.0121999999883,1189.8220000000001,1550.567099999994,1569.769099999994,1843.5283999999913]",24,"[211.70129999999702,264.929,335.721,424.61229999999705,461.51220000000296,525.7530999999941,627.579200000003,758.8855,924.417700000003,1081.326700000003,1205.697200000003,1241.2102999999972,1271.609200000003,1310.7154000000062,1530.3110000000001,1598.913700000003,1695.2250999999942,1710.4497999999971,1728.6322000000032,1748.069400000006,1765.2815999999941,1777.1980999999942,1793.9425999999942,1808.699400000006]","[211.70129999999702,264.929,335.721,424.612400000006,461.51220000000296,525.7530999999941,627.579299999997,758.885599999994,924.417700000003,1081.326700000003,1205.697299999997,1241.2102999999972,1271.6092999999971,1310.7155000000002,1530.3110000000001,1598.913799999997,1695.225200000003,1710.4497999999971,1728.6322000000032,1748.0695,1765.2817000000032,1777.1982000000032,1793.942700000003,1808.699400000006]","[""scam_button""]",9.859967051,3.0385,0.156507414,8.5275,0.156507414,1.4801,,,,,,resources/images/scam17.png,scam,0.8,0.65,0,0,,,,,,,,,,,,0,12,12,12,1,,,,,,,,,,,,,,,,,,,,,,,,,,,,,,,,,,,,,,,,,,,,,,,,,,,,,,,,,,,,,,,,,,,,,,,
,,,,,,,,,,,001,2025-05-08_18h29.15.118,SLSIC_O,2022.2.5,Win32,59.52380952,,,,,,,,,,,38,"[148.20029999999701,209.599200000003,263.344799999997,333.568700000003,421.875099999994,459.460200000003,502.82770000000295,524.5872000000029,626.3982999999971,708.502099999994,739.8537999999969,757.668900000006,818.133,882.759599999994,922.7165,960.0677999999973,984.5175000000002,1006.4605000000001,1080.176900000006,1188.5545000000002,1204.447299999997,1235.264299999997,1270.3930000000003,1309.5825000000002,1528.7267999999972,1547.3940999999943,1567.8830000000003,1597.5970000000002,1694.0250999999942,1709.0659000000062,1727.3657000000032,1746.8017000000032,1763.9482000000032,1775.5797999999972,1792.5925000000002,1807.315700000003,1842.2270999999942,1871.7575000000002]","[148.20040000000597,209.599200000003,263.34490000000596,333.568700000003,421.875099999994,459.460200000003,502.82770000000295,524.587400000006,626.3982999999971,708.5022000000031,739.853900000006,757.6690000000001,818.133,882.759700000003,922.7165999999941,960.0679000000061,984.5175000000002,1006.4605000000001,1080.1770000000001,1188.5545999999943,1204.4474000000062,1235.2644000000062,1270.3930000000003,1309.5825999999943,1528.726900000006,1547.3942000000031,1567.8830000000003,1597.5970000000002,1694.0252999999973,1709.0660000000003,1727.365799999997,1746.8017999999972,1763.9482000000032,1775.579900000006,1792.5925999999943,1807.315700000003,1842.2272000000032,1871.7575999999942]",,13,"[164.19129999999703,504.16219999998816,709.770099999994,741.3555999999941,819.935299999997,887.368299999997,963.1906999999883,985.7181999999882,1008.0121999999883,1189.8220000000001,1550.5670000000002,1569.769099999994,1843.5282999999972]","[164.1915,504.162299999997,709.770099999994,741.3555999999941,819.9353999999911,887.3683999999911,963.1907999999971,985.7182999999973,1008.0121999999883,1189.8220000000001,1550.567099999994,1569.769099999994,1843.5283999999913]",25,"[211.70129999999702,264.929,335.721,424.61229999999705,461.51220000000296,525.7530999999941,627.579200000003,758.8855,924.417700000003,1081.326700000003,1205.697200000003,1241.2102999999972,1271.609200000003,1310.7154000000062,1530.3110000000001,1598.913700000003,1695.2250999999942,1710.4497999999971,1728.6322000000032,1748.069400000006,1765.2815999999941,1777.1980999999942,1793.9425999999942,1808.699400000006,1873.241799999997]","[211.70129999999702,264.929,335.721,424.612400000006,461.51220000000296,525.7530999999941,627.579299999997,758.885599999994,924.417700000003,1081.326700000003,1205.697299999997,1241.2102999999972,1271.6092999999971,1310.7155000000002,1530.3110000000001,1598.913799999997,1695.225200000003,1710.4497999999971,1728.6322000000032,1748.0695,1765.2817000000032,1777.1982000000032,1793.942700000003,1808.699400000006,1873.2419000000061]","[""legit_button""]",8.92092257,2.4371,7.866556837,2.0518,4.934102142,3.3726,,,,,,resources/images/legit11.jpg,legit,0.65,0.65,0,0,,,,,,,,,,,,0,13,13,2,1,,,,,,,,,,,,,,,,,,,,,,,,,,,,,,,,,,,,,,,,,,,,,,,,,,,,,,,,,,,,,,,,,,,,,,,
,,,,,,,,,,,001,2025-05-08_18h29.15.118,SLSIC_O,2022.2.5,Win32,59.52380952,,,,,,,,,,,39,"[148.20029999999701,209.599200000003,263.344799999997,333.568700000003,421.875099999994,459.460200000003,502.82770000000295,524.5872000000029,626.3982999999971,708.502099999994,739.8537999999969,757.668900000006,818.133,882.759599999994,922.7165,960.0677999999973,984.5175000000002,1006.4605000000001,1080.176900000006,1188.5545000000002,1204.447299999997,1235.264299999997,1270.3930000000003,1309.5825000000002,1528.7267999999972,1547.3940999999943,1567.8830000000003,1597.5970000000002,1694.0250999999942,1709.0659000000062,1727.3657000000032,1746.8017000000032,1763.9482000000032,1775.5797999999972,1792.5925000000002,1807.315700000003,1842.2270999999942,1871.7575000000002,1899.0310999999942]","[148.20040000000597,209.599200000003,263.34490000000596,333.568700000003,421.875099999994,459.460200000003,502.82770000000295,524.587400000006,626.3982999999971,708.5022000000031,739.853900000006,757.6690000000001,818.133,882.759700000003,922.7165999999941,960.0679000000061,984.5175000000002,1006.4605000000001,1080.1770000000001,1188.5545999999943,1204.4474000000062,1235.2644000000062,1270.3930000000003,1309.5825999999943,1528.726900000006,1547.3942000000031,1567.8830000000003,1597.5970000000002,1694.0252999999973,1709.0660000000003,1727.365799999997,1746.8017999999972,1763.9482000000032,1775.579900000006,1792.5925999999943,1807.315700000003,1842.2272000000032,1871.7575999999942,1899.0312999999971]",,13,"[164.19129999999703,504.16219999998816,709.770099999994,741.3555999999941,819.935299999997,887.368299999997,963.1906999999883,985.7181999999882,1008.0121999999883,1189.8220000000001,1550.5670000000002,1569.769099999994,1843.5282999999972]","[164.1915,504.162299999997,709.770099999994,741.3555999999941,819.9353999999911,887.3683999999911,963.1907999999971,985.7182999999973,1008.0121999999883,1189.8220000000001,1550.567099999994,1569.769099999994,1843.5283999999913]",26,"[211.70129999999702,264.929,335.721,424.61229999999705,461.51220000000296,525.7530999999941,627.579200000003,758.8855,924.417700000003,1081.326700000003,1205.697200000003,1241.2102999999972,1271.609200000003,1310.7154000000062,1530.3110000000001,1598.913700000003,1695.2250999999942,1710.4497999999971,1728.6322000000032,1748.069400000006,1765.2815999999941,1777.1980999999942,1793.9425999999942,1808.699400000006,1873.241799999997,1901.5680999999943]","[211.70129999999702,264.929,335.721,424.612400000006,461.51220000000296,525.7530999999941,627.579299999997,758.885599999994,924.417700000003,1081.326700000003,1205.697299999997,1241.2102999999972,1271.6092999999971,1310.7155000000002,1530.3110000000001,1598.913799999997,1695.225200000003,1710.4497999999971,1728.6322000000032,1748.0695,1765.2817000000032,1777.1982000000032,1793.942700000003,1808.699400000006,1873.2419000000061,1901.5680999999943]","[""legit_button""]",9.925864909,1.767,7.026359143,2.0294,6.878088962,2.412,,,,,,resources/images/scam_22.png,scam,1,0.65,0,0,,,,,,,,,,,,0,14,14,23,1,,,,,,,,,,,,,,,,,,,,,,,,,,,,,,,,,,,,,,,,,,,,,,,,,,,,,,,,,,,,,,,,,,,,,,,
,,,,,,,,,,,001,2025-05-08_18h29.15.118,SLSIC_O,2022.2.5,Win32,59.52380952,,,,,,,,,,,40,"[148.20029999999701,209.599200000003,263.344799999997,333.568700000003,421.875099999994,459.460200000003,502.82770000000295,524.5872000000029,626.3982999999971,708.502099999994,739.8537999999969,757.668900000006,818.133,882.759599999994,922.7165,960.0677999999973,984.5175000000002,1006.4605000000001,1080.176900000006,1188.5545000000002,1204.447299999997,1235.264299999997,1270.3930000000003,1309.5825000000002,1528.7267999999972,1547.3940999999943,1567.8830000000003,1597.5970000000002,1694.0250999999942,1709.0659000000062,1727.3657000000032,1746.8017000000032,1763.9482000000032,1775.5797999999972,1792.5925000000002,1807.315700000003,1842.2270999999942,1871.7575000000002,1899.0310999999942,1928.678299999997]","[148.20040000000597,209.599200000003,263.34490000000596,333.568700000003,421.875099999994,459.460200000003,502.82770000000295,524.587400000006,626.3982999999971,708.5022000000031,739.853900000006,757.6690000000001,818.133,882.759700000003,922.7165999999941,960.0679000000061,984.5175000000002,1006.4605000000001,1080.1770000000001,1188.5545999999943,1204.4474000000062,1235.2644000000062,1270.3930000000003,1309.5825999999943,1528.726900000006,1547.3942000000031,1567.8830000000003,1597.5970000000002,1694.0252999999973,1709.0660000000003,1727.365799999997,1746.8017999999972,1763.9482000000032,1775.579900000006,1792.5925999999943,1807.315700000003,1842.2272000000032,1871.7575999999942,1899.0312999999971,1928.6784000000061]",,13,"[164.19129999999703,504.16219999998816,709.770099999994,741.3555999999941,819.935299999997,887.368299999997,963.1906999999883,985.7181999999882,1008.0121999999883,1189.8220000000001,1550.5670000000002,1569.769099999994,1843.5282999999972]","[164.1915,504.162299999997,709.770099999994,741.3555999999941,819.9353999999911,887.3683999999911,963.1907999999971,985.7182999999973,1008.0121999999883,1189.8220000000001,1550.567099999994,1569.769099999994,1843.5283999999913]",27,"[211.70129999999702,264.929,335.721,424.61229999999705,461.51220000000296,525.7530999999941,627.579200000003,758.8855,924.417700000003,1081.326700000003,1205.697200000003,1241.2102999999972,1271.609200000003,1310.7154000000062,1530.3110000000001,1598.913700000003,1695.2250999999942,1710.4497999999971,1728.6322000000032,1748.069400000006,1765.2815999999941,1777.1980999999942,1793.9425999999942,1808.699400000006,1873.241799999997,1901.5680999999943,1929.961700000003]","[211.70129999999702,264.929,335.721,424.612400000006,461.51220000000296,525.7530999999941,627.579299999997,758.885599999994,924.417700000003,1081.326700000003,1205.697299999997,1241.2102999999972,1271.6092999999971,1310.7155000000002,1530.3110000000001,1598.913799999997,1695.225200000003,1710.4497999999971,1728.6322000000032,1748.0695,1765.2817000000032,1777.1982000000032,1793.942700000003,1808.699400000006,1873.2419000000061,1901.5680999999943,1929.961700000003]","[""legit_button""]",9.843492586,2.4333,9.118616145,1.0166,4.934102142,2.2537,,,,,,resources/images/scam18.png,scam,1,0.65,0,0,,,,,,,,,,,,0,15,15,14,1,,,,,,,,,,,,,,,,,,,,,,,,,,,,,,,,,,,,,,,,,,,,,,,,,,,,,,,,,,,,,,,,,,,,,,,
,,,,,,,,,,,001,2025-05-08_18h29.15.118,SLSIC_O,2022.2.5,Win32,59.52380952,,,,,,,,,,,41,"[148.20029999999701,209.599200000003,263.344799999997,333.568700000003,421.875099999994,459.460200000003,502.82770000000295,524.5872000000029,626.3982999999971,708.502099999994,739.8537999999969,757.668900000006,818.133,882.759599999994,922.7165,960.0677999999973,984.5175000000002,1006.4605000000001,1080.176900000006,1188.5545000000002,1204.447299999997,1235.264299999997,1270.3930000000003,1309.5825000000002,1528.7267999999972,1547.3940999999943,1567.8830000000003,1597.5970000000002,1694.0250999999942,1709.0659000000062,1727.3657000000032,1746.8017000000032,1763.9482000000032,1775.5797999999972,1792.5925000000002,1807.315700000003,1842.2270999999942,1871.7575000000002,1899.0310999999942,1928.678299999997,1953.796400000006]","[148.20040000000597,209.599200000003,263.34490000000596,333.568700000003,421.875099999994,459.460200000003,502.82770000000295,524.587400000006,626.3982999999971,708.5022000000031,739.853900000006,757.6690000000001,818.133,882.759700000003,922.7165999999941,960.0679000000061,984.5175000000002,1006.4605000000001,1080.1770000000001,1188.5545999999943,1204.4474000000062,1235.2644000000062,1270.3930000000003,1309.5825999999943,1528.726900000006,1547.3942000000031,1567.8830000000003,1597.5970000000002,1694.0252999999973,1709.0660000000003,1727.365799999997,1746.8017999999972,1763.9482000000032,1775.579900000006,1792.5925999999943,1807.315700000003,1842.2272000000032,1871.7575999999942,1899.0312999999971,1928.6784000000061,1953.7965000000002]",,13,"[164.19129999999703,504.16219999998816,709.770099999994,741.3555999999941,819.935299999997,887.368299999997,963.1906999999883,985.7181999999882,1008.0121999999883,1189.8220000000001,1550.5670000000002,1569.769099999994,1843.5282999999972]","[164.1915,504.162299999997,709.770099999994,741.3555999999941,819.9353999999911,887.3683999999911,963.1907999999971,985.7182999999973,1008.0121999999883,1189.8220000000001,1550.567099999994,1569.769099999994,1843.5283999999913]",28,"[211.70129999999702,264.929,335.721,424.61229999999705,461.51220000000296,525.7530999999941,627.579200000003,758.8855,924.417700000003,1081.326700000003,1205.697200000003,1241.2102999999972,1271.609200000003,1310.7154000000062,1530.3110000000001,1598.913700000003,1695.2250999999942,1710.4497999999971,1728.6322000000032,1748.069400000006,1765.2815999999941,1777.1980999999942,1793.9425999999942,1808.699400000006,1873.241799999997,1901.5680999999943,1929.961700000003,1955.2802000000033]","[211.70129999999702,264.929,335.721,424.612400000006,461.51220000000296,525.7530999999941,627.579299999997,758.885599999994,924.417700000003,1081.326700000003,1205.697299999997,1241.2102999999972,1271.6092999999971,1310.7155000000002,1530.3110000000001,1598.913799999997,1695.225200000003,1710.4497999999971,1728.6322000000032,1748.0695,1765.2817000000032,1777.1982000000032,1793.942700000003,1808.699400000006,1873.2419000000061,1901.5680999999943,1929.961700000003,1955.2802000000033]","[""legit_button""]",9.069192751,2.4786,9.069192751,0.513,9.069192751,1.2784,,,,,,resources/images/scam_24.png,scam,1,0.8,0,0,,,,,,,,,,,,0,16,16,22,1,,,,,,,,,,,,,,,,,,,,,,,,,,,,,,,,,,,,,,,,,,,,,,,,,,,,,,,,,,,,,,,,,,,,,,,
,,,,,,,,,,,001,2025-05-08_18h29.15.118,SLSIC_O,2022.2.5,Win32,59.52380952,,,,,,,,,,,42,"[148.20029999999701,209.599200000003,263.344799999997,333.568700000003,421.875099999994,459.460200000003,502.82770000000295,524.5872000000029,626.3982999999971,708.502099999994,739.8537999999969,757.668900000006,818.133,882.759599999994,922.7165,960.0677999999973,984.5175000000002,1006.4605000000001,1080.176900000006,1188.5545000000002,1204.447299999997,1235.264299999997,1270.3930000000003,1309.5825000000002,1528.7267999999972,1547.3940999999943,1567.8830000000003,1597.5970000000002,1694.0250999999942,1709.0659000000062,1727.3657000000032,1746.8017000000032,1763.9482000000032,1775.5797999999972,1792.5925000000002,1807.315700000003,1842.2270999999942,1871.7575000000002,1899.0310999999942,1928.678299999997,1953.796400000006,2075.610200000003]","[148.20040000000597,209.599200000003,263.34490000000596,333.568700000003,421.875099999994,459.460200000003,502.82770000000295,524.587400000006,626.3982999999971,708.5022000000031,739.853900000006,757.6690000000001,818.133,882.759700000003,922.7165999999941,960.0679000000061,984.5175000000002,1006.4605000000001,1080.1770000000001,1188.5545999999943,1204.4474000000062,1235.2644000000062,1270.3930000000003,1309.5825999999943,1528.726900000006,1547.3942000000031,1567.8830000000003,1597.5970000000002,1694.0252999999973,1709.0660000000003,1727.365799999997,1746.8017999999972,1763.9482000000032,1775.579900000006,1792.5925999999943,1807.315700000003,1842.2272000000032,1871.7575999999942,1899.0312999999971,1928.6784000000061,1953.7965000000002,2075.610400000006]",,13,"[164.19129999999703,504.16219999998816,709.770099999994,741.3555999999941,819.935299999997,887.368299999997,963.1906999999883,985.7181999999882,1008.0121999999883,1189.8220000000001,1550.5670000000002,1569.769099999994,1843.5282999999972]","[164.1915,504.162299999997,709.770099999994,741.3555999999941,819.9353999999911,887.3683999999911,963.1907999999971,985.7182999999973,1008.0121999999883,1189.8220000000001,1550.567099999994,1569.769099999994,1843.5283999999913]",29,"[211.70129999999702,264.929,335.721,424.61229999999705,461.51220000000296,525.7530999999941,627.579200000003,758.8855,924.417700000003,1081.326700000003,1205.697200000003,1241.2102999999972,1271.609200000003,1310.7154000000062,1530.3110000000001,1598.913700000003,1695.2250999999942,1710.4497999999971,1728.6322000000032,1748.069400000006,1765.2815999999941,1777.1980999999942,1793.9425999999942,1808.699400000006,1873.241799999997,1901.5680999999943,1929.961700000003,1955.2802000000033,2077.027200000003]","[211.70129999999702,264.929,335.721,424.612400000006,461.51220000000296,525.7530999999941,627.579299999997,758.885599999994,924.417700000003,1081.326700000003,1205.697299999997,1241.2102999999972,1271.6092999999971,1310.7155000000002,1530.3110000000001,1598.913799999997,1695.225200000003,1710.4497999999971,1728.6322000000032,1748.0695,1765.2817000000032,1777.1982000000032,1793.942700000003,1808.699400000006,1873.2419000000061,1901.5680999999943,1929.961700000003,1955.2802000000033,2077.027200000003]","[""legit_button""]",9.942339374,2.2011,9.909390445,2.3615,4.901153213,22.4653,,,,,,resources/images/legit_20.png,legit,0.9,0.8,0,0,,,,,,,,,,,,0,17,17,3,1,,,,,,,,,,,,,,,,,,,,,,,,,,,,,,,,,,,,,,,,,,,,,,,,,,,,,,,,,,,,,,,,,,,,,,,
,,,,,,,,,,,001,2025-05-08_18h29.15.118,SLSIC_O,2022.2.5,Win32,59.52380952,,,,,,,,,,,43,"[148.20029999999701,209.599200000003,263.344799999997,333.568700000003,421.875099999994,459.460200000003,502.82770000000295,524.5872000000029,626.3982999999971,708.502099999994,739.8537999999969,757.668900000006,818.133,882.759599999994,922.7165,960.0677999999973,984.5175000000002,1006.4605000000001,1080.176900000006,1188.5545000000002,1204.447299999997,1235.264299999997,1270.3930000000003,1309.5825000000002,1528.7267999999972,1547.3940999999943,1567.8830000000003,1597.5970000000002,1694.0250999999942,1709.0659000000062,1727.3657000000032,1746.8017000000032,1763.9482000000032,1775.5797999999972,1792.5925000000002,1807.315700000003,1842.2270999999942,1871.7575000000002,1899.0310999999942,1928.678299999997,1953.796400000006,2075.610200000003,2123.356400000006]","[148.20040000000597,209.599200000003,263.34490000000596,333.568700000003,421.875099999994,459.460200000003,502.82770000000295,524.587400000006,626.3982999999971,708.5022000000031,739.853900000006,757.6690000000001,818.133,882.759700000003,922.7165999999941,960.0679000000061,984.5175000000002,1006.4605000000001,1080.1770000000001,1188.5545999999943,1204.4474000000062,1235.2644000000062,1270.3930000000003,1309.5825999999943,1528.726900000006,1547.3942000000031,1567.8830000000003,1597.5970000000002,1694.0252999999973,1709.0660000000003,1727.365799999997,1746.8017999999972,1763.9482000000032,1775.579900000006,1792.5925999999943,1807.315700000003,1842.2272000000032,1871.7575999999942,1899.0312999999971,1928.6784000000061,1953.7965000000002,2075.610400000006,2123.3565]",,13,"[164.19129999999703,504.16219999998816,709.770099999994,741.3555999999941,819.935299999997,887.368299999997,963.1906999999883,985.7181999999882,1008.0121999999883,1189.8220000000001,1550.5670000000002,1569.769099999994,1843.5282999999972]","[164.1915,504.162299999997,709.770099999994,741.3555999999941,819.9353999999911,887.3683999999911,963.1907999999971,985.7182999999973,1008.0121999999883,1189.8220000000001,1550.567099999994,1569.769099999994,1843.5283999999913]",30,"[211.70129999999702,264.929,335.721,424.61229999999705,461.51220000000296,525.7530999999941,627.579200000003,758.8855,924.417700000003,1081.326700000003,1205.697200000003,1241.2102999999972,1271.609200000003,1310.7154000000062,1530.3110000000001,1598.913700000003,1695.2250999999942,1710.4497999999971,1728.6322000000032,1748.069400000006,1765.2815999999941,1777.1980999999942,1793.9425999999942,1808.699400000006,1873.241799999997,1901.5680999999943,1929.961700000003,1955.2802000000033,2077.027200000003,2124.9072000000033]","[211.70129999999702,264.929,335.721,424.612400000006,461.51220000000296,525.7530999999941,627.579299999997,758.885599999994,924.417700000003,1081.326700000003,1205.697299999997,1241.2102999999972,1271.6092999999971,1310.7155000000002,1530.3110000000001,1598.913799999997,1695.225200000003,1710.4497999999971,1728.6322000000032,1748.0695,1765.2817000000032,1777.1982000000032,1793.942700000003,1808.699400000006,1873.2419000000061,1901.5680999999943,1929.961700000003,1955.2802000000033,2077.027200000003,2124.907299999997]","[""legit_button""]",9.052718287,2.4951,7.817133443,2.2353,7.981878089,1.0844,,,,,,resources/images/legit_21.png,legit,0.8,0.8,0,0,,,,,,,,,,,,0,18,18,7,1,,,,,,,,,,,,,,,,,,,,,,,,,,,,,,,,,,,,,,,,,,,,,,,,,,,,,,,,,,,,,,,,,,,,,,,
,,,,,,,,,,,001,2025-05-08_18h29.15.118,SLSIC_O,2022.2.5,Win32,59.52380952,,,,,,,,,,,44,"[148.20029999999701,209.599200000003,263.344799999997,333.568700000003,421.875099999994,459.460200000003,502.82770000000295,524.5872000000029,626.3982999999971,708.502099999994,739.8537999999969,757.668900000006,818.133,882.759599999994,922.7165,960.0677999999973,984.5175000000002,1006.4605000000001,1080.176900000006,1188.5545000000002,1204.447299999997,1235.264299999997,1270.3930000000003,1309.5825000000002,1528.7267999999972,1547.3940999999943,1567.8830000000003,1597.5970000000002,1694.0250999999942,1709.0659000000062,1727.3657000000032,1746.8017000000032,1763.9482000000032,1775.5797999999972,1792.5925000000002,1807.315700000003,1842.2270999999942,1871.7575000000002,1899.0310999999942,1928.678299999997,1953.796400000006,2075.610200000003,2123.356400000006,2150.981099999994]","[148.20040000000597,209.599200000003,263.34490000000596,333.568700000003,421.875099999994,459.460200000003,502.82770000000295,524.587400000006,626.3982999999971,708.5022000000031,739.853900000006,757.6690000000001,818.133,882.759700000003,922.7165999999941,960.0679000000061,984.5175000000002,1006.4605000000001,1080.1770000000001,1188.5545999999943,1204.4474000000062,1235.2644000000062,1270.3930000000003,1309.5825999999943,1528.726900000006,1547.3942000000031,1567.8830000000003,1597.5970000000002,1694.0252999999973,1709.0660000000003,1727.365799999997,1746.8017999999972,1763.9482000000032,1775.579900000006,1792.5925999999943,1807.315700000003,1842.2272000000032,1871.7575999999942,1899.0312999999971,1928.6784000000061,1953.7965000000002,2075.610400000006,2123.3565,2150.981299999997]",,13,"[164.19129999999703,504.16219999998816,709.770099999994,741.3555999999941,819.935299999997,887.368299999997,963.1906999999883,985.7181999999882,1008.0121999999883,1189.8220000000001,1550.5670000000002,1569.769099999994,1843.5282999999972]","[164.1915,504.162299999997,709.770099999994,741.3555999999941,819.9353999999911,887.3683999999911,963.1907999999971,985.7182999999973,1008.0121999999883,1189.8220000000001,1550.567099999994,1569.769099999994,1843.5283999999913]",31,"[211.70129999999702,264.929,335.721,424.61229999999705,461.51220000000296,525.7530999999941,627.579200000003,758.8855,924.417700000003,1081.326700000003,1205.697200000003,1241.2102999999972,1271.609200000003,1310.7154000000062,1530.3110000000001,1598.913700000003,1695.2250999999942,1710.4497999999971,1728.6322000000032,1748.069400000006,1765.2815999999941,1777.1980999999942,1793.9425999999942,1808.699400000006,1873.241799999997,1901.5680999999943,1929.961700000003,1955.2802000000033,2077.027200000003,2124.9072000000033,2155.322799999997]","[211.70129999999702,264.929,335.721,424.612400000006,461.51220000000296,525.7530999999941,627.579299999997,758.885599999994,924.417700000003,1081.326700000003,1205.697299999997,1241.2102999999972,1271.6092999999971,1310.7155000000002,1530.3110000000001,1598.913799999997,1695.225200000003,1710.4497999999971,1728.6322000000032,1748.0695,1765.2817000000032,1777.1982000000032,1793.942700000003,1808.699400000006,1873.2419000000061,1901.5680999999943,1929.961700000003,1955.2802000000033,2077.027200000003,2124.907299999997,2155.322799999997]","[""legit_button""]",7.94892916,2.2313,4.950576606,2.0923,0.008237232,3.607,,,,,,resources/images/scam_23.png,scam,1,0.8,0,0,,,,,,,,,,,,0,19,19,21,1,,,,,,,,,,,,,,,,,,,,,,,,,,,,,,,,,,,,,,,,,,,,,,,,,,,,,,,,,,,,,,,,,,,,,,,
,,,,,,,,,,,001,2025-05-08_18h29.15.118,SLSIC_O,2022.2.5,Win32,59.52380952,,,,,,,,,,,45,"[148.20029999999701,209.599200000003,263.344799999997,333.568700000003,421.875099999994,459.460200000003,502.82770000000295,524.5872000000029,626.3982999999971,708.502099999994,739.8537999999969,757.668900000006,818.133,882.759599999994,922.7165,960.0677999999973,984.5175000000002,1006.4605000000001,1080.176900000006,1188.5545000000002,1204.447299999997,1235.264299999997,1270.3930000000003,1309.5825000000002,1528.7267999999972,1547.3940999999943,1567.8830000000003,1597.5970000000002,1694.0250999999942,1709.0659000000062,1727.3657000000032,1746.8017000000032,1763.9482000000032,1775.5797999999972,1792.5925000000002,1807.315700000003,1842.2270999999942,1871.7575000000002,1899.0310999999942,1928.678299999997,1953.796400000006,2075.610200000003,2123.356400000006,2150.981099999994,2172.4895]","[148.20040000000597,209.599200000003,263.34490000000596,333.568700000003,421.875099999994,459.460200000003,502.82770000000295,524.587400000006,626.3982999999971,708.5022000000031,739.853900000006,757.6690000000001,818.133,882.759700000003,922.7165999999941,960.0679000000061,984.5175000000002,1006.4605000000001,1080.1770000000001,1188.5545999999943,1204.4474000000062,1235.2644000000062,1270.3930000000003,1309.5825999999943,1528.726900000006,1547.3942000000031,1567.8830000000003,1597.5970000000002,1694.0252999999973,1709.0660000000003,1727.365799999997,1746.8017999999972,1763.9482000000032,1775.579900000006,1792.5925999999943,1807.315700000003,1842.2272000000032,1871.7575999999942,1899.0312999999971,1928.6784000000061,1953.7965000000002,2075.610400000006,2123.3565,2150.981299999997,2172.4895]",,13,"[164.19129999999703,504.16219999998816,709.770099999994,741.3555999999941,819.935299999997,887.368299999997,963.1906999999883,985.7181999999882,1008.0121999999883,1189.8220000000001,1550.5670000000002,1569.769099999994,1843.5282999999972]","[164.1915,504.162299999997,709.770099999994,741.3555999999941,819.9353999999911,887.3683999999911,963.1907999999971,985.7182999999973,1008.0121999999883,1189.8220000000001,1550.567099999994,1569.769099999994,1843.5283999999913]",32,"[211.70129999999702,264.929,335.721,424.61229999999705,461.51220000000296,525.7530999999941,627.579200000003,758.8855,924.417700000003,1081.326700000003,1205.697200000003,1241.2102999999972,1271.609200000003,1310.7154000000062,1530.3110000000001,1598.913700000003,1695.2250999999942,1710.4497999999971,1728.6322000000032,1748.069400000006,1765.2815999999941,1777.1980999999942,1793.9425999999942,1808.699400000006,1873.241799999997,1901.5680999999943,1929.961700000003,1955.2802000000033,2077.027200000003,2124.9072000000033,2155.322799999997,2173.7395]","[211.70129999999702,264.929,335.721,424.612400000006,461.51220000000296,525.7530999999941,627.579299999997,758.885599999994,924.417700000003,1081.326700000003,1205.697299999997,1241.2102999999972,1271.6092999999971,1310.7155000000002,1530.3110000000001,1598.913799999997,1695.225200000003,1710.4497999999971,1728.6322000000032,1748.0695,1765.2817000000032,1777.1982000000032,1793.942700000003,1808.699400000006,1873.2419000000061,1901.5680999999943,1929.961700000003,1955.2802000000033,2077.027200000003,2124.907299999997,2155.322799999997,2173.7395]","[""legit_button""]",9.036243822,2.1997,8.772652389,4.9675,6.878088962,1.3694,,,,,,resources/images/legit12.jpg,legit,1,0.65,0,0,,,,,,,,,,,,0,20,20,5,1,,,,,,,,,,,,,,,,,,,,,,,,,,,,,,,,,,,,,,,,,,,,,,,,,,,,,,,,,,,,,,,,,,,,,,,
,,,,,,,,,,,001,2025-05-08_18h29.15.118,SLSIC_O,2022.2.5,Win32,59.52380952,,,,,,,,,,,46,"[148.20029999999701,209.599200000003,263.344799999997,333.568700000003,421.875099999994,459.460200000003,502.82770000000295,524.5872000000029,626.3982999999971,708.502099999994,739.8537999999969,757.668900000006,818.133,882.759599999994,922.7165,960.0677999999973,984.5175000000002,1006.4605000000001,1080.176900000006,1188.5545000000002,1204.447299999997,1235.264299999997,1270.3930000000003,1309.5825000000002,1528.7267999999972,1547.3940999999943,1567.8830000000003,1597.5970000000002,1694.0250999999942,1709.0659000000062,1727.3657000000032,1746.8017000000032,1763.9482000000032,1775.5797999999972,1792.5925000000002,1807.315700000003,1842.2270999999942,1871.7575000000002,1899.0310999999942,1928.678299999997,1953.796400000006,2075.610200000003,2123.356400000006,2150.981099999994,2172.4895,2189.335400000006]","[148.20040000000597,209.599200000003,263.34490000000596,333.568700000003,421.875099999994,459.460200000003,502.82770000000295,524.587400000006,626.3982999999971,708.5022000000031,739.853900000006,757.6690000000001,818.133,882.759700000003,922.7165999999941,960.0679000000061,984.5175000000002,1006.4605000000001,1080.1770000000001,1188.5545999999943,1204.4474000000062,1235.2644000000062,1270.3930000000003,1309.5825999999943,1528.726900000006,1547.3942000000031,1567.8830000000003,1597.5970000000002,1694.0252999999973,1709.0660000000003,1727.365799999997,1746.8017999999972,1763.9482000000032,1775.579900000006,1792.5925999999943,1807.315700000003,1842.2272000000032,1871.7575999999942,1899.0312999999971,1928.6784000000061,1953.7965000000002,2075.610400000006,2123.3565,2150.981299999997,2172.4895,2189.335400000006]",,13,"[164.19129999999703,504.16219999998816,709.770099999994,741.3555999999941,819.935299999997,887.368299999997,963.1906999999883,985.7181999999882,1008.0121999999883,1189.8220000000001,1550.5670000000002,1569.769099999994,1843.5282999999972]","[164.1915,504.162299999997,709.770099999994,741.3555999999941,819.9353999999911,887.3683999999911,963.1907999999971,985.7182999999973,1008.0121999999883,1189.8220000000001,1550.567099999994,1569.769099999994,1843.5283999999913]",33,"[211.70129999999702,264.929,335.721,424.61229999999705,461.51220000000296,525.7530999999941,627.579200000003,758.8855,924.417700000003,1081.326700000003,1205.697200000003,1241.2102999999972,1271.609200000003,1310.7154000000062,1530.3110000000001,1598.913700000003,1695.2250999999942,1710.4497999999971,1728.6322000000032,1748.069400000006,1765.2815999999941,1777.1980999999942,1793.9425999999942,1808.699400000006,1873.241799999997,1901.5680999999943,1929.961700000003,1955.2802000000033,2077.027200000003,2124.9072000000033,2155.322799999997,2173.7395,2190.7877999999973]","[211.70129999999702,264.929,335.721,424.612400000006,461.51220000000296,525.7530999999941,627.579299999997,758.885599999994,924.417700000003,1081.326700000003,1205.697299999997,1241.2102999999972,1271.6092999999971,1310.7155000000002,1530.3110000000001,1598.913799999997,1695.225200000003,1710.4497999999971,1728.6322000000032,1748.0695,1765.2817000000032,1777.1982000000032,1793.942700000003,1808.699400000006,1873.2419000000061,1901.5680999999943,1929.961700000003,1955.2802000000033,2077.027200000003,2124.907299999997,2155.322799999997,2173.7395,2190.7877999999973]","[""legit_button""]",9.744645799,2.1076,9.069192751,1.3689,9.069192751,0.8955,,,,,,resources/images/scam15.jpg,scam,0.65,0.65,0,0,,,,,,,,,,,,0,21,21,10,1,,,,,,,,,,,,,,,,,,,,,,,,,,,,,,,,,,,,,,,,,,,,,,,,,,,,,,,,,,,,,,,,,,,,,,,
,,,,,,,,,,,001,2025-05-08_18h29.15.118,SLSIC_O,2022.2.5,Win32,59.52380952,,,,,,,,,,,47,"[148.20029999999701,209.599200000003,263.344799999997,333.568700000003,421.875099999994,459.460200000003,502.82770000000295,524.5872000000029,626.3982999999971,708.502099999994,739.8537999999969,757.668900000006,818.133,882.759599999994,922.7165,960.0677999999973,984.5175000000002,1006.4605000000001,1080.176900000006,1188.5545000000002,1204.447299999997,1235.264299999997,1270.3930000000003,1309.5825000000002,1528.7267999999972,1547.3940999999943,1567.8830000000003,1597.5970000000002,1694.0250999999942,1709.0659000000062,1727.3657000000032,1746.8017000000032,1763.9482000000032,1775.5797999999972,1792.5925000000002,1807.315700000003,1842.2270999999942,1871.7575000000002,1899.0310999999942,1928.678299999997,1953.796400000006,2075.610200000003,2123.356400000006,2150.981099999994,2172.4895,2189.335400000006,2206.481700000003]","[148.20040000000597,209.599200000003,263.34490000000596,333.568700000003,421.875099999994,459.460200000003,502.82770000000295,524.587400000006,626.3982999999971,708.5022000000031,739.853900000006,757.6690000000001,818.133,882.759700000003,922.7165999999941,960.0679000000061,984.5175000000002,1006.4605000000001,1080.1770000000001,1188.5545999999943,1204.4474000000062,1235.2644000000062,1270.3930000000003,1309.5825999999943,1528.726900000006,1547.3942000000031,1567.8830000000003,1597.5970000000002,1694.0252999999973,1709.0660000000003,1727.365799999997,1746.8017999999972,1763.9482000000032,1775.579900000006,1792.5925999999943,1807.315700000003,1842.2272000000032,1871.7575999999942,1899.0312999999971,1928.6784000000061,1953.7965000000002,2075.610400000006,2123.3565,2150.981299999997,2172.4895,2189.335400000006,2206.481700000003]",,13,"[164.19129999999703,504.16219999998816,709.770099999994,741.3555999999941,819.935299999997,887.368299999997,963.1906999999883,985.7181999999882,1008.0121999999883,1189.8220000000001,1550.5670000000002,1569.769099999994,1843.5282999999972]","[164.1915,504.162299999997,709.770099999994,741.3555999999941,819.9353999999911,887.3683999999911,963.1907999999971,985.7182999999973,1008.0121999999883,1189.8220000000001,1550.567099999994,1569.769099999994,1843.5283999999913]",34,"[211.70129999999702,264.929,335.721,424.61229999999705,461.51220000000296,525.7530999999941,627.579200000003,758.8855,924.417700000003,1081.326700000003,1205.697200000003,1241.2102999999972,1271.609200000003,1310.7154000000062,1530.3110000000001,1598.913700000003,1695.2250999999942,1710.4497999999971,1728.6322000000032,1748.069400000006,1765.2815999999941,1777.1980999999942,1793.9425999999942,1808.699400000006,1873.241799999997,1901.5680999999943,1929.961700000003,1955.2802000000033,2077.027200000003,2124.9072000000033,2155.322799999997,2173.7395,2190.7877999999973,2208.717799999997]","[211.70129999999702,264.929,335.721,424.612400000006,461.51220000000296,525.7530999999941,627.579299999997,758.885599999994,924.417700000003,1081.326700000003,1205.697299999997,1241.2102999999972,1271.6092999999971,1310.7155000000002,1530.3110000000001,1598.913799999997,1695.225200000003,1710.4497999999971,1728.6322000000032,1748.0695,1765.2817000000032,1777.1982000000032,1793.942700000003,1808.699400000006,1873.2419000000061,1901.5680999999943,1929.961700000003,1955.2802000000033,2077.027200000003,2124.907299999997,2155.322799999997,2173.7395,2190.7877999999973,2208.717799999997]","[""legit_button""]",8.92092257,2.2429,3.05601318,3.765,2.924217463,1.8672,,,,,,resources/images/legit_19.png,legit,0.65,0.65,0,0,,,,,,,,,,,,0,22,22,4,1,,,,,,,,,,,,,,,,,,,,,,,,,,,,,,,,,,,,,,,,,,,,,,,,,,,,,,,,,,,,,,,,,,,,,,,
,,,,,,,,,,,001,2025-05-08_18h29.15.118,SLSIC_O,2022.2.5,Win32,59.52380952,,,,,,,,,,,48,"[148.20029999999701,209.599200000003,263.344799999997,333.568700000003,421.875099999994,459.460200000003,502.82770000000295,524.5872000000029,626.3982999999971,708.502099999994,739.8537999999969,757.668900000006,818.133,882.759599999994,922.7165,960.0677999999973,984.5175000000002,1006.4605000000001,1080.176900000006,1188.5545000000002,1204.447299999997,1235.264299999997,1270.3930000000003,1309.5825000000002,1528.7267999999972,1547.3940999999943,1567.8830000000003,1597.5970000000002,1694.0250999999942,1709.0659000000062,1727.3657000000032,1746.8017000000032,1763.9482000000032,1775.5797999999972,1792.5925000000002,1807.315700000003,1842.2270999999942,1871.7575000000002,1899.0310999999942,1928.678299999997,1953.796400000006,2075.610200000003,2123.356400000006,2150.981099999994,2172.4895,2189.335400000006,2206.481700000003,2221.405599999994]","[148.20040000000597,209.599200000003,263.34490000000596,333.568700000003,421.875099999994,459.460200000003,502.82770000000295,524.587400000006,626.3982999999971,708.5022000000031,739.853900000006,757.6690000000001,818.133,882.759700000003,922.7165999999941,960.0679000000061,984.5175000000002,1006.4605000000001,1080.1770000000001,1188.5545999999943,1204.4474000000062,1235.2644000000062,1270.3930000000003,1309.5825999999943,1528.726900000006,1547.3942000000031,1567.8830000000003,1597.5970000000002,1694.0252999999973,1709.0660000000003,1727.365799999997,1746.8017999999972,1763.9482000000032,1775.579900000006,1792.5925999999943,1807.315700000003,1842.2272000000032,1871.7575999999942,1899.0312999999971,1928.6784000000061,1953.7965000000002,2075.610400000006,2123.3565,2150.981299999997,2172.4895,2189.335400000006,2206.481700000003,2221.405799999997]",,13,"[164.19129999999703,504.16219999998816,709.770099999994,741.3555999999941,819.935299999997,887.368299999997,963.1906999999883,985.7181999999882,1008.0121999999883,1189.8220000000001,1550.5670000000002,1569.769099999994,1843.5282999999972]","[164.1915,504.162299999997,709.770099999994,741.3555999999941,819.9353999999911,887.3683999999911,963.1907999999971,985.7182999999973,1008.0121999999883,1189.8220000000001,1550.567099999994,1569.769099999994,1843.5283999999913]",35,"[211.70129999999702,264.929,335.721,424.61229999999705,461.51220000000296,525.7530999999941,627.579200000003,758.8855,924.417700000003,1081.326700000003,1205.697200000003,1241.2102999999972,1271.609200000003,1310.7154000000062,1530.3110000000001,1598.913700000003,1695.2250999999942,1710.4497999999971,1728.6322000000032,1748.069400000006,1765.2815999999941,1777.1980999999942,1793.9425999999942,1808.699400000006,1873.241799999997,1901.5680999999943,1929.961700000003,1955.2802000000033,2077.027200000003,2124.9072000000033,2155.322799999997,2173.7395,2190.7877999999973,2208.717799999997,2222.638700000003]","[211.70129999999702,264.929,335.721,424.612400000006,461.51220000000296,525.7530999999941,627.579299999997,758.885599999994,924.417700000003,1081.326700000003,1205.697299999997,1241.2102999999972,1271.6092999999971,1310.7155000000002,1530.3110000000001,1598.913799999997,1695.225200000003,1710.4497999999971,1728.6322000000032,1748.0695,1765.2817000000032,1777.1982000000032,1793.942700000003,1808.699400000006,1873.2419000000061,1901.5680999999943,1929.961700000003,1955.2802000000033,2077.027200000003,2124.907299999997,2155.322799999997,2173.7395,2190.7877999999973,2208.717799999997,2222.638799999997]","[""legit_button""]",9.827018122,1.9271,9.019769357,1.3931,9.019769357,0.8603,,,,,,resources/images/scam_30.png,scam,1.45,0.6,0,0,,,,,,,,,,,,0,23,23,20,1,,,,,,,,,,,,,,,,,,,,,,,,,,,,,,,,,,,,,,,,,,,,,,,,,,,,,,,,,,,,,,,,,,,,,,,
,,,,,,,,,,,001,2025-05-08_18h29.15.118,SLSIC_O,2022.2.5,Win32,59.52380952,,,,,,,,,,,,,,,,,,,,,,,,,,,,,,,,,,,,,,,,,,,,,,,,,,,,,,,space,13.193,,,,,,,,,,,,,,,,,,,,,,,,,,,,,,,,,,,,,,,,,,,,,,,,,,,,,,,,,,,,,,,,,,,,,
,,,,,,,,,,,001,2025-05-08_18h29.15.118,SLSIC_O,2022.2.5,Win32,59.52380952,,,,,,,,,,,,,,,,,,,,,,,,,,,,,,,,,,,,,,,,,,,,,,,,,,,,,,,,,5,9.7792,"...is persistent, works until the task is finished",0,0,0,5,1,"...is persistent, works until the task is finished",,,,,,,,,,,,,,,,,,,,,,,,,,,,,,,,,,,,,,,,,,,,,,,,,,,,,,,,,,,,
,,,,,,,,,,,001,2025-05-08_18h29.15.118,SLSIC_O,2022.2.5,Win32,59.52380952,,,,,,,,,,,,,,,,,,,,,,,,,,,,,,,,,,,,,,,,,,,,,,,,,,,,,,,,,1,5.3086,...often feels sad,0,1,1,0,1,...often feels sad,,,,,,,,,,,,,,,,,,,,,,,,,,,,,,,,,,,,,,,,,,,,,,,,,,,,,,,,,,,,
,,,,,,,,,,,001,2025-05-08_18h29.15.118,SLSIC_O,2022.2.5,Win32,59.52380952,,,,,,,,,,,,,,,,,,,,,,,,,,,,,,,,,,,,,,,,,,,,,,,,,,,,,,,,,1,2.3201,...is talktative,0,2,2,1,1,...is talktative,,,,,,,,,,,,,,,,,,,,,,,,,,,,,,,,,,,,,,,,,,,,,,,,,,,,,,,,,,,,
,,,,,,,,,,,001,2025-05-08_18h29.15.118,SLSIC_O,2022.2.5,Win32,59.52380952,,,,,,,,,,,,,,,,,,,,,,,,,,,,,,,,,,,,,,,,,,,,,,,,,,,,,,,,,5,3.6788,"....is reliable, can always be counted on",0,3,3,4,1,"....is reliable, can always be counted on",,,,,,,,,,,,,,,,,,,,,,,,,,,,,,,,,,,,,,,,,,,,,,,,,,,,,,,,,,,,
,,,,,,,,,,,001,2025-05-08_18h29.15.118,SLSIC_O,2022.2.5,Win32,59.52380952,,,,,,,,,,,,,,,,,,,,,,,,,,,,,,,,,,,,,,,,,,,,,,,,,,,,,,,,,5,3.6683,...finds clever ways to do things,0,4,4,3,1,...finds clever ways to do things,,,,,,,,,,,,,,,,,,,,,,,,,,,,,,,,,,,,,,,,,,,,,,,,,,,,,,,,,,,,
,,,,,,,,,,,001,2025-05-08_18h29.15.118,SLSIC_O,2022.2.5,Win32,59.52380952,,,,,,,,,,,,,,,,,,,,,,,,,,,,,,,,,,,,,,,,,,,,,,,,,,,,,,,,,5,4.4325,...is inventive,0,5,5,2,1,...is inventive,,,,,,,,,,,,,,,,,,,,,,,,,,,,,,,,,,,,,,,,,,,,,,,,,,,,,,,,,,,,
,,,,,,,,,,,001,2025-05-08_18h29.15.118,SLSIC_O,2022.2.5,Win32,59.52380952,,,,,,,,,,,,,,,,,,,,,,,,,,,,,,,,,,,,,,,,,,,,,,,,,,,,,,,,,,,,,,,,,,space,12.2728,,,,,,,,,,,,,,,,,,,,,,,,,,,,,,,,,,,,,,,,,,,,,,,,,,,,,,,,,,
,,,,,,,,,,,001,2025-05-08_18h29.15.118,SLSIC_O,2022.2.5,Win32,59.52380952,,,,,,,,,,,,,,,,,,,,,,,,,,,,,,,,,,,,,,,,,,,,,,,,,,,,,,,,,,,,,,,,,,,,4,25.7035,,0,0,0,6,1,I try to be creative in most things that I do.,,,,,,,,,,,,,,,,,,,,,,,,,,,,,,,,,,,,,,,,,,,,,,,,,
,,,,,,,,,,,001,2025-05-08_18h29.15.118,SLSIC_O,2022.2.5,Win32,59.52380952,,,,,,,,,,,,,,,,,,,,,,,,,,,,,,,,,,,,,,,,,,,,,,,,,,,,,,,,,,,,,,,,,,,,4,9.188,,0,1,1,14,1,I feel as though I have done a lot to contribute to others.,,,,,,,,,,,,,,,,,,,,,,,,,,,,,,,,,,,,,,,,,,,,,,,,,
,,,,,,,,,,,001,2025-05-08_18h29.15.118,SLSIC_O,2022.2.5,Win32,59.52380952,,,,,,,,,,,,,,,,,,,,,,,,,,,,,,,,,,,,,,,,,,,,,,,,,,,,,,,,,,,,,,,,,,,,4,3.6536,,0,2,2,1,1,I feel that other people need me.,,,,,,,,,,,,,,,,,,,,,,,,,,,,,,,,,,,,,,,,,,,,,,,,,
,,,,,,,,,,,001,2025-05-08_18h29.15.118,SLSIC_O,2022.2.5,Win32,59.52380952,,,,,,,,,,,,,,,,,,,,,,,,,,,,,,,,,,,,,,,,,,,,,,,,,,,,,,,,,,,,,,,,,,,,4,4.2216,,0,3,3,0,1,Try to pass along the knowledge I have gained through my experiences.,,,,,,,,,,,,,,,,,,,,,,,,,,,,,,,,,,,,,,,,,,,,,,,,,
,,,,,,,,,,,001,2025-05-08_18h29.15.118,SLSIC_O,2022.2.5,Win32,59.52380952,,,,,,,,,,,,,,,,,,,,,,,,,,,,,,,,,,,,,,,,,,,,,,,,,,,,,,,,,,,,,,,,,,,,3,7.9957,,0,4,4,2,1,I think I would like the work of a teacher.,,,,,,,,,,,,,,,,,,,,,,,,,,,,,,,,,,,,,,,,,,,,,,,,,
,,,,,,,,,,,001,2025-05-08_18h29.15.118,SLSIC_O,2022.2.5,Win32,59.52380952,,,,,,,,,,,,,,,,,,,,,,,,,,,,,,,,,,,,,,,,,,,,,,,,,,,,,,,,,,,,,,,,,,,,4,3.2102,,0,5,5,16,1,Other people say that I am a very productive person.,,,,,,,,,,,,,,,,,,,,,,,,,,,,,,,,,,,,,,,,,,,,,,,,,
,,,,,,,,,,,001,2025-05-08_18h29.15.118,SLSIC_O,2022.2.5,Win32,59.52380952,,,,,,,,,,,,,,,,,,,,,,,,,,,,,,,,,,,,,,,,,,,,,,,,,,,,,,,,,,,,,,,,,,,,4,3.5005,,0,6,6,9,1,Others would say that I have made unique contributions to society.,,,,,,,,,,,,,,,,,,,,,,,,,,,,,,,,,,,,,,,,,,,,,,,,,
,,,,,,,,,,,001,2025-05-08_18h29.15.118,SLSIC_O,2022.2.5,Win32,59.52380952,,,,,,,,,,,,,,,,,,,,,,,,,,,,,,,,,,,,,,,,,,,,,,,,,,,,,,,,,,,,,,,,,,,,4,4.3814,,0,7,7,15,1,"I have made many commitments to many different kinds of people, groups, and activities in my life.",,,,,,,,,,,,,,,,,,,,,,,,,,,,,,,,,,,,,,,,,,,,,,,,,
,,,,,,,,,,,001,2025-05-08_18h29.15.118,SLSIC_O,2022.2.5,Win32,59.52380952,,,,,,,,,,,,,,,,,,,,,,,,,,,,,,,,,,,,,,,,,,,,,,,,,,,,,,,,,,,,,,,,,,,,4,2.5672,,0,8,8,7,1,I think that I will be remembered for a long time after I die.,,,,,,,,,,,,,,,,,,,,,,,,,,,,,,,,,,,,,,,,,,,,,,,,,
,,,,,,,,,,,001,2025-05-08_18h29.15.118,SLSIC_O,2022.2.5,Win32,59.52380952,,,,,,,,,,,,,,,,,,,,,,,,,,,,,,,,,,,,,,,,,,,,,,,,,,,,,,,,,,,,,,,,,,,,4,6.6367,,0,9,9,19,1,I feel as though my contributions will exist after I die.,,,,,,,,,,,,,,,,,,,,,,,,,,,,,,,,,,,,,,,,,,,,,,,,,
,,,,,,,,,,,001,2025-05-08_18h29.15.118,SLSIC_O,2022.2.5,Win32,59.52380952,,,,,,,,,,,,,,,,,,,,,,,,,,,,,,,,,,,,,,,,,,,,,,,,,,,,,,,,,,,,,,,,,,,,4,2.2995,,0,10,10,11,1,I have important skills that I try to teach others.,,,,,,,,,,,,,,,,,,,,,,,,,,,,,,,,,,,,,,,,,,,,,,,,,
,,,,,,,,,,,001,2025-05-08_18h29.15.118,SLSIC_O,2022.2.5,Win32,59.52380952,,,,,,,,,,,,,,,,,,,,,,,,,,,,,,,,,,,,,,,,,,,,,,,,,,,,,,,,,,,,,,,,,,,,4,7.558,,0,11,11,10,1,"If I were unable to have children of my own, I would like to adopt children.",,,,,,,,,,,,,,,,,,,,,,,,,,,,,,,,,,,,,,,,,,,,,,,,,
,,,,,,,,,,,001,2025-05-08_18h29.15.118,SLSIC_O,2022.2.5,Win32,59.52380952,,,,,,,,,,,,,,,,,,,,,,,,,,,,,,,,,,,,,,,,,,,,,,,,,,,,,,,,,,,,,,,,,,,,4,3.1646,,0,12,12,5,1,I have made and created things that have had an impact on other people.,,,,,,,,,,,,,,,,,,,,,,,,,,,,,,,,,,,,,,,,,,,,,,,,,
,,,,,,,,,,,001,2025-05-08_18h29.15.118,SLSIC_O,2022.2.5,Win32,59.52380952,,,,,,,,,,,,,,,,,,,,,,,,,,,,,,,,,,,,,,,,,,,,,,,,,,,,,,,,,,,,,,,,,,,,4,1.6293,,0,13,13,18,1,People come to me for advice.,,,,,,,,,,,,,,,,,,,,,,,,,,,,,,,,,,,,,,,,,,,,,,,,,
,,,,,,,,,,,001,2025-05-08_18h29.15.118,SLSIC_O,2022.2.5,Win32,59.52380952,,,,,,,,,,,,,,,,,,,,,,,,,,,,,,,,,,,,,,,,,,,,,,,,,,,,,,,,,,,,,,,,,,,,4,4.6001,,0,14,14,8,1,I believe that society should be responsible for providing food and shelter for all homeless people.,,,,,,,,,,,,,,,,,,,,,,,,,,,,,,,,,,,,,,,,,,,,,,,,,
,,,,,,,,,,,001,2025-05-08_18h29.15.118,SLSIC_O,2022.2.5,Win32,59.52380952,,,,,,,,,,,,,,,,,,,,,,,,,,,,,,,,,,,,,,,,,,,,,,,,,,,,,,,,,,,,,,,,,,,,4,2.3737,,0,15,15,13,1,"In general, my actions have a positive effect on other people.",,,,,,,,,,,,,,,,,,,,,,,,,,,,,,,,,,,,,,,,,,,,,,,,,
,,,,,,,,,,,001,2025-05-08_18h29.15.118,SLSIC_O,2022.2.5,Win32,59.52380952,,,,,,,,,,,,,,,,,,,,,,,,,,,,,,,,,,,,,,,,,,,,,,,,,,,,,,,,,,,,,,,,,,,,4,2.718,,0,16,16,17,1,I have a responsibility to improve the neighborhood in which I live.,,,,,,,,,,,,,,,,,,,,,,,,,,,,,,,,,,,,,,,,,,,,,,,,,
,,,,,,,,,,,001,2025-05-08_18h29.15.118,SLSIC_O,2022.2.5,Win32,59.52380952,,,,,,,,,,,,,,,,,,,,,,,,,,,,,,,,,,,,,,,,,,,,,,,,,,,,,,,,,,,,,,,,,,,,4,4.1967,,0,17,17,3,1,I feel as though I have made a difference to many people.,,,,,,,,,,,,,,,,,,,,,,,,,,,,,,,,,,,,,,,,,,,,,,,,,
,,,,,,,,,,,001,2025-05-08_18h29.15.118,SLSIC_O,2022.2.5,Win32,59.52380952,,,,,,,,,,,,,,,,,,,,,,,,,,,,,,,,,,,,,,,,,,,,,,,,,,,,,,,,,,,,,,,,,,,,4,2.5295,,0,18,18,4,1,I volunteer to work for a charity.,,,,,,,,,,,,,,,,,,,,,,,,,,,,,,,,,,,,,,,,,,,,,,,,,
,,,,,,,,,,,001,2025-05-08_18h29.15.118,SLSIC_O,2022.2.5,Win32,59.52380952,,,,,,,,,,,,,,,,,,,,,,,,,,,,,,,,,,,,,,,,,,,,,,,,,,,,,,,,,,,,,,,,,,,,4,2.9051,,0,19,19,12,1,I feel that things I have done in my life will survive after I die.,,,,,,,,,,,,,,,,,,,,,,,,,,,,,,,,,,,,,,,,,,,,,,,,,
,,,,,,,,,,,001,2025-05-08_18h29.15.118,SLSIC_O,2022.2.5,Win32,59.52380952,,,,,,,,,,,,,,,,,,,,,,,,,,,,,,,,,,,,,,,,,,,,,,,,,,,,,,,,,,,,,,,,,,,,,,,,,,,,,space,7.7982,,,,,,,,,,,,,,,,,,,,,,,,,,,,,,,,,,,,,,,,,,,,,,,
,,,,,,,,,,,001,2025-05-08_18h29.15.118,SLSIC_O,2022.2.5,Win32,59.52380952,,,,,,,,,,,,,,,,,,,,,,,,,,,,,,,,,,,,,,,,,,,,,,,,,,,,,,,,,,,,,,,,,,,,,,,,,,,,There are people who really understand me,,,4,3.3842,,0,0,0,15,1,,,,,,,,,,,,,,,,,,,,,,,,,,,,,,,,,,,,,,,
,,,,,,,,,,,001,2025-05-08_18h29.15.118,SLSIC_O,2022.2.5,Win32,59.52380952,,,,,,,,,,,,,,,,,,,,,,,,,,,,,,,,,,,,,,,,,,,,,,,,,,,,,,,,,,,,,,,,,,,,,,,,,,,,I am an outgoing person,,,4,1.5062,,0,1,1,8,1,,,,,,,,,,,,,,,,,,,,,,,,,,,,,,,,,,,,,,,
,,,,,,,,,,,001,2025-05-08_18h29.15.118,SLSIC_O,2022.2.5,Win32,59.52380952,,,,,,,,,,,,,,,,,,,,,,,,,,,,,,,,,,,,,,,,,,,,,,,,,,,,,,,,,,,,,,,,,,,,,,,,,,,,I lack companionship,,,3,3.7229,,0,2,2,1,1,,,,,,,,,,,,,,,,,,,,,,,,,,,,,,,,,,,,,,,
,,,,,,,,,,,001,2025-05-08_18h29.15.118,SLSIC_O,2022.2.5,Win32,59.52380952,,,,,,,,,,,,,,,,,,,,,,,,,,,,,,,,,,,,,,,,,,,,,,,,,,,,,,,,,,,,,,,,,,,,,,,,,,,,There is no one I can turn to,,,2,5.2836,,0,3,3,2,1,,,,,,,,,,,,,,,,,,,,,,,,,,,,,,,,,,,,,,,
,,,,,,,,,,,001,2025-05-08_18h29.15.118,SLSIC_O,2022.2.5,Win32,59.52380952,,,,,,,,,,,,,,,,,,,,,,,,,,,,,,,,,,,,,,,,,,,,,,,,,,,,,,,,,,,,,,,,,,,,,,,,,,,,People are around me but not with me,,,2,4.038,,0,4,4,17,1,,,,,,,,,,,,,,,,,,,,,,,,,,,,,,,,,,,,,,,
,,,,,,,,,,,001,2025-05-08_18h29.15.118,SLSIC_O,2022.2.5,Win32,59.52380952,,,,,,,,,,,,,,,,,,,,,,,,,,,,,,,,,,,,,,,,,,,,,,,,,,,,,,,,,,,,,,,,,,,,,,,,,,,,My social relationships are superficial,,,2,5.57,,0,5,5,11,1,,,,,,,,,,,,,,,,,,,,,,,,,,,,,,,,,,,,,,,
,,,,,,,,,,,001,2025-05-08_18h29.15.118,SLSIC_O,2022.2.5,Win32,59.52380952,,,,,,,,,,,,,,,,,,,,,,,,,,,,,,,,,,,,,,,,,,,,,,,,,,,,,,,,,,,,,,,,,,,,,,,,,,,,No one really knows me well,,,2,5.9517,,0,6,6,12,1,,,,,,,,,,,,,,,,,,,,,,,,,,,,,,,,,,,,,,,
,,,,,,,,,,,001,2025-05-08_18h29.15.118,SLSIC_O,2022.2.5,Win32,59.52380952,,,,,,,,,,,,,,,,,,,,,,,,,,,,,,,,,,,,,,,,,,,,,,,,,,,,,,,,,,,,,,,,,,,,,,,,,,,,My interests and ideas are not shared by those around me,,,2,5.6169,,0,7,7,7,1,,,,,,,,,,,,,,,,,,,,,,,,,,,,,,,,,,,,,,,
,,,,,,,,,,,001,2025-05-08_18h29.15.118,SLSIC_O,2022.2.5,Win32,59.52380952,,,,,,,,,,,,,,,,,,,,,,,,,,,,,,,,,,,,,,,,,,,,,,,,,,,,,,,,,,,,,,,,,,,,,,,,,,,,I do not feel alone,,,4,5.9351,,0,8,8,3,1,,,,,,,,,,,,,,,,,,,,,,,,,,,,,,,,,,,,,,,
,,,,,,,,,,,001,2025-05-08_18h29.15.118,SLSIC_O,2022.2.5,Win32,59.52380952,,,,,,,,,,,,,,,,,,,,,,,,,,,,,,,,,,,,,,,,,,,,,,,,,,,,,,,,,,,,,,,,,,,,,,,,,,,,I can find companionship when I want it,,,4,3.5821,,0,9,9,14,1,,,,,,,,,,,,,,,,,,,,,,,,,,,,,,,,,,,,,,,
,,,,,,,,,,,001,2025-05-08_18h29.15.118,SLSIC_O,2022.2.5,Win32,59.52380952,,,,,,,,,,,,,,,,,,,,,,,,,,,,,,,,,,,,,,,,,,,,,,,,,,,,,,,,,,,,,,,,,,,,,,,,,,,,I feel part of a group of friends,,,4,1.6825,,0,10,10,4,1,,,,,,,,,,,,,,,,,,,,,,,,,,,,,,,,,,,,,,,
,,,,,,,,,,,001,2025-05-08_18h29.15.118,SLSIC_O,2022.2.5,Win32,59.52380952,,,,,,,,,,,,,,,,,,,,,,,,,,,,,,,,,,,,,,,,,,,,,,,,,,,,,,,,,,,,,,,,,,,,,,,,,,,,I feel isolated from others,,,2,2.0238,,0,11,11,13,1,,,,,,,,,,,,,,,,,,,,,,,,,,,,,,,,,,,,,,,
,,,,,,,,,,,001,2025-05-08_18h29.15.118,SLSIC_O,2022.2.5,Win32,59.52380952,,,,,,,,,,,,,,,,,,,,,,,,,,,,,,,,,,,,,,,,,,,,,,,,,,,,,,,,,,,,,,,,,,,,,,,,,,,,I feel in tune with the people around me,,,4,3.1442,,0,12,12,0,1,,,,,,,,,,,,,,,,,,,,,,,,,,,,,,,,,,,,,,,
,,,,,,,,,,,001,2025-05-08_18h29.15.118,SLSIC_O,2022.2.5,Win32,59.52380952,,,,,,,,,,,,,,,,,,,,,,,,,,,,,,,,,,,,,,,,,,,,,,,,,,,,,,,,,,,,,,,,,,,,,,,,,,,,I am unhappy being so withdrawn ,,,2,2.0911,,0,13,13,16,1,,,,,,,,,,,,,,,,,,,,,,,,,,,,,,,,,,,,,,,
,,,,,,,,,,,001,2025-05-08_18h29.15.118,SLSIC_O,2022.2.5,Win32,59.52380952,,,,,,,,,,,,,,,,,,,,,,,,,,,,,,,,,,,,,,,,,,,,,,,,,,,,,,,,,,,,,,,,,,,,,,,,,,,,There are people I can turn to,,,4,1.8072,,0,14,14,19,1,,,,,,,,,,,,,,,,,,,,,,,,,,,,,,,,,,,,,,,
,,,,,,,,,,,001,2025-05-08_18h29.15.118,SLSIC_O,2022.2.5,Win32,59.52380952,,,,,,,,,,,,,,,,,,,,,,,,,,,,,,,,,,,,,,,,,,,,,,,,,,,,,,,,,,,,,,,,,,,,,,,,,,,,There are people I feel close to,,,4,2.6974,,0,15,15,9,1,,,,,,,,,,,,,,,,,,,,,,,,,,,,,,,,,,,,,,,
,,,,,,,,,,,001,2025-05-08_18h29.15.118,SLSIC_O,2022.2.5,Win32,59.52380952,,,,,,,,,,,,,,,,,,,,,,,,,,,,,,,,,,,,,,,,,,,,,,,,,,,,,,,,,,,,,,,,,,,,,,,,,,,,I am no longer close to anyone,,,2,2.2595,,0,16,16,6,1,,,,,,,,,,,,,,,,,,,,,,,,,,,,,,,,,,,,,,,
,,,,,,,,,,,001,2025-05-08_18h29.15.118,SLSIC_O,2022.2.5,Win32,59.52380952,,,,,,,,,,,,,,,,,,,,,,,,,,,,,,,,,,,,,,,,,,,,,,,,,,,,,,,,,,,,,,,,,,,,,,,,,,,,I have a lot in common with the people around me,,,4,2.9601,,0,17,17,5,1,,,,,,,,,,,,,,,,,,,,,,,,,,,,,,,,,,,,,,,
,,,,,,,,,,,001,2025-05-08_18h29.15.118,SLSIC_O,2022.2.5,Win32,59.52380952,,,,,,,,,,,,,,,,,,,,,,,,,,,,,,,,,,,,,,,,,,,,,,,,,,,,,,,,,,,,,,,,,,,,,,,,,,,,There are people I can talk to,,,4,1.5825,,0,18,18,18,1,,,,,,,,,,,,,,,,,,,,,,,,,,,,,,,,,,,,,,,
,,,,,,,,,,,001,2025-05-08_18h29.15.118,SLSIC_O,2022.2.5,Win32,59.52380952,,,,,,,,,,,,,,,,,,,,,,,,,,,,,,,,,,,,,,,,,,,,,,,,,,,,,,,,,,,,,,,,,,,,,,,,,,,,I feel left out,,,2,1.6217,,0,19,19,10,1,,,,,,,,,,,,,,,,,,,,,,,,,,,,,,,,,,,,,,,
,,,,,,,,,,,001,2025-05-08_18h29.15.118,SLSIC_O,2022.2.5,Win32,59.52380952,,,,,,,,,,,,,,,,,,,,,,,,,,,,,,,,,,,,,,,,,,,,,,,,,,,,,,,,,,,,,,,,,,,,,,,,,,,,,,,,,,,,,,,space,18.2167,,,,,,,,,,,,,,,,,,,,,,,,,,,,,,,,,,,,,
,,,,,,,,,,,001,2025-05-08_18h29.15.118,SLSIC_O,2022.2.5,Win32,59.52380952,,,,,,,,,,,,,,,,,,,,,,,,,,,,,,,,,,,,,,,,,,,,,,,,,,,,,,,,,,,,,,,,,,,,,,,,,,,,,,,,,,,,,,,,,1,17.5603,My worries about Alzheimer’s disease and related dementias overwhelm me.,0,0,0,3,1,My worries about Alzheimer’s disease and related dementias overwhelm me.,,,,,,,,,,,,,,,,,,,,,,,,,,,,
,,,,,,,,,,,001,2025-05-08_18h29.15.118,SLSIC_O,2022.2.5,Win32,59.52380952,,,,,,,,,,,,,,,,,,,,,,,,,,,,,,,,,,,,,,,,,,,,,,,,,,,,,,,,,,,,,,,,,,,,,,,,,,,,,,,,,,,,,,,,,1,7.9487,"More often than not, I find my thoughts returning to concerns that I have Alzheimer’s disease or a related dementia.",0,1,1,4,1,"More often than not, I find my thoughts returning to concerns that I have Alzheimer’s disease or a related dementia.",,,,,,,,,,,,,,,,,,,,,,,,,,,,
,,,,,,,,,,,001,2025-05-08_18h29.15.118,SLSIC_O,2022.2.5,Win32,59.52380952,,,,,,,,,,,,,,,,,,,,,,,,,,,,,,,,,,,,,,,,,,,,,,,,,,,,,,,,,,,,,,,,,,,,,,,,,,,,,,,,,,,,,,,,,1,5.1743,"Even though I know it doesn’t help to focus on it, I can’t help thinking about whether or not I have Alzheimer’s disease or a related dementia.",0,2,2,7,1,"Even though I know it doesn’t help to focus on it, I can’t help thinking about whether or not I have Alzheimer’s disease or a related dementia.",,,,,,,,,,,,,,,,,,,,,,,,,,,,
,,,,,,,,,,,001,2025-05-08_18h29.15.118,SLSIC_O,2022.2.5,Win32,59.52380952,,,,,,,,,,,,,,,,,,,,,,,,,,,,,,,,,,,,,,,,,,,,,,,,,,,,,,,,,,,,,,,,,,,,,,,,,,,,,,,,,,,,,,,,,1,3.42,"When I can’t remember something, I find myself wondering whether I have Alzheimer’s disease or a related dementia.",0,3,3,2,1,"When I can’t remember something, I find myself wondering whether I have Alzheimer’s disease or a related dementia.",,,,,,,,,,,,,,,,,,,,,,,,,,,,
,,,,,,,,,,,001,2025-05-08_18h29.15.118,SLSIC_O,2022.2.5,Win32,59.52380952,,,,,,,,,,,,,,,,,,,,,,,,,,,,,,,,,,,,,,,,,,,,,,,,,,,,,,,,,,,,,,,,,,,,,,,,,,,,,,,,,,,,,,,,,1,4.6803,"Once I start worrying about Alzheimer’s disease and related dementias, I just cannot stop.",0,4,4,8,1,"Once I start worrying about Alzheimer’s disease and related dementias, I just cannot stop.",,,,,,,,,,,,,,,,,,,,,,,,,,,,
,,,,,,,,,,,001,2025-05-08_18h29.15.118,SLSIC_O,2022.2.5,Win32,59.52380952,,,,,,,,,,,,,,,,,,,,,,,,,,,,,,,,,,,,,,,,,,,,,,,,,,,,,,,,,,,,,,,,,,,,,,,,,,,,,,,,,,,,,,,,,1,5.1152,"	When I hear about someone having Alzheimer’s disease or a related dementia, I start to worry about having it myself.",0,5,5,5,1,"	When I hear about someone having Alzheimer’s disease or a related dementia, I start to worry about having it myself.",,,,,,,,,,,,,,,,,,,,,,,,,,,,
,,,,,,,,,,,001,2025-05-08_18h29.15.118,SLSIC_O,2022.2.5,Win32,59.52380952,,,,,,,,,,,,,,,,,,,,,,,,,,,,,,,,,,,,,,,,,,,,,,,,,,,,,,,,,,,,,,,,,,,,,,,,,,,,,,,,,,,,,,,,,1,6.0005,"Sometimes when trying to go to sleep, I find my thoughts drift to my concerns about having Alzheimer’s disease or a related dementia.",0,6,6,9,1,"Sometimes when trying to go to sleep, I find my thoughts drift to my concerns about having Alzheimer’s disease or a related dementia.",,,,,,,,,,,,,,,,,,,,,,,,,,,,
,,,,,,,,,,,001,2025-05-08_18h29.15.118,SLSIC_O,2022.2.5,Win32,59.52380952,,,,,,,,,,,,,,,,,,,,,,,,,,,,,,,,,,,,,,,,,,,,,,,,,,,,,,,,,,,,,,,,,,,,,,,,,,,,,,,,,,,,,,,,,1,3.8726,I think I probably worry more about Alzheimer’s disease and related dementias than other people my same age.,0,7,7,11,1,I think I probably worry more about Alzheimer’s disease and related dementias than other people my same age.,,,,,,,,,,,,,,,,,,,,,,,,,,,,
,,,,,,,,,,,001,2025-05-08_18h29.15.118,SLSIC_O,2022.2.5,Win32,59.52380952,,,,,,,,,,,,,,,,,,,,,,,,,,,,,,,,,,,,,,,,,,,,,,,,,,,,,,,,,,,,,,,,,,,,,,,,,,,,,,,,,,,,,,,,,1,3.062,I find it difficult to control my worries about developing Alzheimer’s disease and related dementias.,0,8,8,1,1,I find it difficult to control my worries about developing Alzheimer’s disease and related dementias.,,,,,,,,,,,,,,,,,,,,,,,,,,,,
,,,,,,,,,,,001,2025-05-08_18h29.15.118,SLSIC_O,2022.2.5,Win32,59.52380952,,,,,,,,,,,,,,,,,,,,,,,,,,,,,,,,,,,,,,,,,,,,,,,,,,,,,,,,,,,,,,,,,,,,,,,,,,,,,,,,,,,,,,,,,5,8.96,"When I am not distracted, I find my thoughts focusing on my own cognitive changes and concerns.",0,9,9,6,1,"When I am not distracted, I find my thoughts focusing on my own cognitive changes and concerns.",,,,,,,,,,,,,,,,,,,,,,,,,,,,
,,,,,,,,,,,001,2025-05-08_18h29.15.118,SLSIC_O,2022.2.5,Win32,59.52380952,,,,,,,,,,,,,,,,,,,,,,,,,,,,,,,,,,,,,,,,,,,,,,,,,,,,,,,,,,,,,,,,,,,,,,,,,,,,,,,,,,,,,,,,,1,7.5734,"When I forget a word that I want to say, my thoughts immediately turn to Alzheimer’s disease and related dementias.",0,10,10,10,1,"When I forget a word that I want to say, my thoughts immediately turn to Alzheimer’s disease and related dementias.",,,,,,,,,,,,,,,,,,,,,,,,,,,,
,,,,,,,,,,,001,2025-05-08_18h29.15.118,SLSIC_O,2022.2.5,Win32,59.52380952,,,,,,,,,,,,,,,,,,,,,,,,,,,,,,,,,,,,,,,,,,,,,,,,,,,,,,,,,,,,,,,,,,,,,,,,,,,,,,,,,,,,,,,,,1,4.6892,"I know I shouldn’t worry about developing Alzheimer’s disease and related dementias, but I just cannot help it.",0,11,11,0,1,"I know I shouldn’t worry about developing Alzheimer’s disease and related dementias, but I just cannot help it.",,,,,,,,,,,,,,,,,,,,,,,,,,,,
,,,,,,,,,,,001,2025-05-08_18h29.15.118,SLSIC_O,2022.2.5,Win32,59.52380952,,,,,,,,,,,,,,,,,,,,,,,,,,,,,,,,,,,,,,,,,,,,,,,,,,,,,,,,,,,,,,,,,,,,,,,,,,,,,,,,,,,,,,,,,,,,,,,,,,space,4.6149,,,,,,,,,,,,,,,,,,,,,,,,,,
,,,,,,,,,,,001,2025-05-08_18h29.15.118,SLSIC_O,2022.2.5,Win32,59.52380952,,,,,,,,,,,,,,,,,,,,,,,,,,,,,,,,,,,,,,,,,,,,,,,,,,,,,,,,,,,,,,,,,,,,,,,,,,,,,,,,,,,,,,,,,,,,,,,,,,,,5,8.38,"If a telemarketer calls me, I usually listen to what they have to say",0,0,0,4,1,"If a telemarketer calls me, I usually listen to what they have to say",,,,,,,,,,,,,,,,,
,,,,,,,,,,,001,2025-05-08_18h29.15.118,SLSIC_O,2022.2.5,Win32,59.52380952,,,,,,,,,,,,,,,,,,,,,,,,,,,,,,,,,,,,,,,,,,,,,,,,,,,,,,,,,,,,,,,,,,,,,,,,,,,,,,,,,,,,,,,,,,,,,,,,,,,,3,11.3051,"I answer the phone whenever it rings, even if I do not know who is calling",0,1,1,0,1,"I answer the phone whenever it rings, even if I do not know who is calling",,,,,,,,,,,,,,,,,
,,,,,,,,,,,001,2025-05-08_18h29.15.118,SLSIC_O,2022.2.5,Win32,59.52380952,,,,,,,,,,,,,,,,,,,,,,,,,,,,,,,,,,,,,,,,,,,,,,,,,,,,,,,,,,,,,,,,,,,,,,,,,,,,,,,,,,,,,,,,,,,,,,,,,,,,5,5.8516,Persons over the age of 65 are often targeted by con-artists,0,2,2,3,1,Persons over the age of 65 are often targeted by con-artists,,,,,,,,,,,,,,,,,
,,,,,,,,,,,001,2025-05-08_18h29.15.118,SLSIC_O,2022.2.5,Win32,59.52380952,,,,,,,,,,,,,,,,,,,,,,,,,,,,,,,,,,,,,,,,,,,,,,,,,,,,,,,,,,,,,,,,,,,,,,,,,,,,,,,,,,,,,,,,,,,,,,,,,,,,1,10.0287,"I have difficulty ending a phone call, even if the caller is a telemarketer, someone I do not know, or someone I do not wish to call me",0,3,3,1,1,"I have difficulty ending a phone call, even if the caller is a telemarketer, someone I do not know, or someone I do not wish to call me",,,,,,,,,,,,,,,,,
,,,,,,,,,,,001,2025-05-08_18h29.15.118,SLSIC_O,2022.2.5,Win32,59.52380952,,,,,,,,,,,,,,,,,,,,,,,,,,,,,,,,,,,,,,,,,,,,,,,,,,,,,,,,,,,,,,,,,,,,,,,,,,,,,,,,,,,,,,,,,,,,,,,,,,,,5,5.7853,"If something sounds too good to be true, it usually is",0,4,4,2,1,"If something sounds too good to be true, it usually is",,,,,,,,,,,,,,,,,
,,,,,,,,,,,001,2025-05-08_18h29.15.118,SLSIC_O,2022.2.5,Win32,59.52380952,,,,,,,,,,,,,,,,,,,,,,,,,,,,,,,,,,,,,,,,,,,,,,,,,,,,,,,,,,,,,,,,,,,,,,,,,,,,,,,,,,,,,,,,,,,,,,,,,,,,,,,,,,,,,1.996705107,4.6613,,,,,,,,,,,,,,,
,,,,,,,,,,,001,2025-05-08_18h29.15.118,SLSIC_O,2022.2.5,Win32,59.52380952,,,,,,,,,,,,,,,,,,,,,,,,,,,,,,,,,,,,,,,,,,,,,,,,,,,,,,,,,,,,,,,,,,,,,,,,,,,,,,,,,,,,,,,,,,,,,,,,,,,,,,,,,,,,,,,,,,,,,,,,,,,,,
,,,,,,,,,,,001,2025-05-08_18h29.15.118,SLSIC_O,2022.2.5,Win32,59.52380952,,,,,,,,,,,,,,,,,,,,,,,,,,,,,,,,,,,,,,,,,,,,,,,,,,,,,,,,,,,,,,,,,,,,,,,,,,,,,,,,,,,,,,,,,,,,,,,,,,,,,,,,,,,,,,,"[""female_option""]",,,,,,,,,,,,,,
,,,,,,,,,,,001,2025-05-08_18h29.15.118,SLSIC_O,2022.2.5,Win32,59.52380952,,,,,,,,,,,,,,,,,,,,,,,,,,,,,,,,,,,,,,,,,,,,,,,,,,,,,,,,,,,,,,,,,,,,,,,,,,,,,,,,,,,,,,,,,,,,,,,,,,,,,,,,,,,,,,,,,,,,,,,,,,,,,
,,,,,,,,,,,001,2025-05-08_18h29.15.118,SLSIC_O,2022.2.5,Win32,59.52380952,,,,,,,,,,,,,,,,,,,,,,,,,,,,,,,,,,,,,,,,,,,,,,,,,,,,,,,,,,,,,,,,,,,,,,,,,,,,,,,,,,,,,,,,,,,,,,,,,,,,,,,,,,,,,,,,67,01/05/1957,,,,,,,,,,,,
,,,,,,,,,,,001,2025-05-08_18h29.15.118,SLSIC_O,2022.2.5,Win32,59.52380952,,,,,,,,,,,,,,,,,,,,,,,,,,,,,,,,,,,,,,,,,,,,,,,,,,,,,,,,,,,,,,,,,,,,,,,,,,,,,,,,,,,,,,,,,,,,,,,,,,,,,,,,,,,,,,,,,,,,,,,,,,,,,
,,,,,,,,,,,001,2025-05-08_18h29.15.118,SLSIC_O,2022.2.5,Win32,59.52380952,,,,,,,,,,,,,,,,,,,,,,,,,,,,,,,,,,,,,,,,,,,,,,,,,,,,,,,,,,,,,,,,,,,,,,,,,,,,,,,,,,,,,,,,,,,,,,,,,,,,,,,,,,,,,,,,,,"[""EduOpt6""]",,,,,,,,,,,
,,,,,,,,,,,001,2025-05-08_18h29.15.118,SLSIC_O,2022.2.5,Win32,59.52380952,,,,,,,,,,,,,,,,,,,,,,,,,,,,,,,,,,,,,,,,,,,,,,,,,,,,,,,,,,,,,,,,,,,,,,,,,,,,,,,,,,,,,,,,,,,,,,,,,,,,,,,,,,,,,,,,,,,,,,,,,,,,,
,,,,,,,,,,,001,2025-05-08_18h29.15.118,SLSIC_O,2022.2.5,Win32,59.52380952,,,,,,,,,,,,,,,,,,,,,,,,,,,,,,,,,,,,,,,,,,,,,,,,,,,,,,,,,,,,,,,,,,,,,,,,,,,,,,,,,,,,,,,,,,,,,,,,,,,,,,,,,,,,,,,,,,,"[""EthnOpt5""]",,,,,,,,,,
,,,,,,,,,,,001,2025-05-08_18h29.15.118,SLSIC_O,2022.2.5,Win32,59.52380952,,,,,,,,,,,,,,,,,,,,,,,,,,,,,,,,,,,,,,,,,,,,,,,,,,,,,,,,,,,,,,,,,,,,,,,,,,,,,,,,,,,,,,,,,,,,,,,,,,,,,,,,,,,,,,,,,,,,,,,,,,,,,
,,,,,,,,,,,001,2025-05-08_18h29.15.118,SLSIC_O,2022.2.5,Win32,59.52380952,,,,,,,,,,,,,,,,,,,,,,,,,,,,,,,,,,,,,,,,,,,,,,,,,,,,,,,,,,,,,,,,,,,,,,,,,,,,,,,,,,,,,,,,,,,,,,,,,,,,,,,,,,,,,,,,,,,,"[""EngFlncyY""]",,,,,,,,,
,,,,,,,,,,,001,2025-05-08_18h29.15.118,SLSIC_O,2022.2.5,Win32,59.52380952,,,,,,,,,,,,,,,,,,,,,,,,,,,,,,,,,,,,,,,,,,,,,,,,,,,,,,,,,,,,,,,,,,,,,,,,,,,,,,,,,,,,,,,,,,,,,,,,,,,,,,,,,,,,,,,,,,,,,,,,,,,,,
,,,,,,,,,,,001,2025-05-08_18h29.15.118,SLSIC_O,2022.2.5,Win32,59.52380952,,,,,,,,,,,,,,,,,,,,,,,,,,,,,,,,,,,,,,,,,,,,,,,,,,,,,,,,,,,,,,,,,,,,,,,,,,,,,,,,,,,,,,,,,,,,,,,,,,,,,,,,,,,,,,,,,,,,,0,USA,,,,,,,
,,,,,,,,,,,001,2025-05-08_18h29.15.118,SLSIC_O,2022.2.5,Win32,59.52380952,,,,,,,,,,,,,,,,,,,,,,,,,,,,,,,,,,,,,,,,,,,,,,,,,,,,,,,,,,,,,,,,,,,,,,,,,,,,,,,,,,,,,,,,,,,,,,,,,,,,,,,,,,,,,,,,,,,,,,,,,,,,,
,,,,,,,,,,,001,2025-05-08_18h29.15.118,SLSIC_O,2022.2.5,Win32,59.52380952,,,,,,,,,,,,,,,,,,,,,,,,,,,,,,,,,,,,,,,,,,,,,,,,,,,,,,,,,,,,,,,,,,,,,,,,,,,,,,,,,,,,,,,,,,,,,,,,,,,,,,,,,,,,,,,,,,,,,,,EVERYTHING RAN SMOOTHLY,,,,,,
,,,,,,,,,,,001,2025-05-08_18h29.15.118,SLSIC_O,2022.2.5,Win32,59.52380952,,,,,,,,,,,,,,,,,,,,,,,,,,,,,,,,,,,,,,,,,,,,,,,,,,,,,,,,,,,,,,,,,,,,,,,,,,,,,,,,,,,,,,,,,,,,,,,,,,,,,,,,,,,,,,,,,,,,,,,,,,,,,
,,,,,,,,,,,001,2025-05-08_18h29.15.118,SLSIC_O,2022.2.5,Win32,59.52380952,,,,,,,,,,,,,,,,,,,,,,,,,,,,,,,,,,,,,,,,,,,,,,,,,,,,,,,,,,,,,,,,,,,,,,,,,,,,,,,,,,,,,,,,,,,,,,,,,,,,,,,,,,,,,,,,,,,,,,,,NO,,,,,
,,,,,,,,,,,001,2025-05-08_18h29.15.118,SLSIC_O,2022.2.5,Win32,59.52380952,,,,,,,,,,,,,,,,,,,,,,,,,,,,,,,,,,,,,,,,,,,,,,,,,,,,,,,,,,,,,,,,,,,,,,,,,,,,,,,,,,,,,,,,,,,,,,,,,,,,,,,,,,,,,,,,,,,,,,,,,,,,,
,,,,,,,,,,,001,2025-05-08_18h29.15.118,SLSIC_O,2022.2.5,Win32,59.52380952,,,,,,,,,,,,,,,,,,,,,,,,,,,,,,,,,,,,,,,,,,,,,,,,,,,,,,,,,,,,,,,,,,,,,,,,,,,,,,,,,,,,,,,,,,,,,,,,,,,,,,,,,,,,,,,,,,,,,,,,,NO,,,,
,,,,,,,,,,,001,2025-05-08_18h29.15.118,SLSIC_O,2022.2.5,Win32,59.52380952,,,,,,,,,,,,,,,,,,,,,,,,,,,,,,,,,,,,,,,,,,,,,,,,,,,,,,,,,,,,,,,,,,,,,,,,,,,,,,,,,,,,,,,,,,,,,,,,,,,,,,,,,,,,,,,,,,,,,,,,,,,,,
,,,,,,,,,,,001,2025-05-08_18h29.15.118,SLSIC_O,2022.2.5,Win32,59.52380952,,,,,,,,,,,,,,,,,,,,,,,,,,,,,,,,,,,,,,,,,,,,,,,,,,,,,,,,,,,,,,,,,,,,,,,,,,,,,,,,,,,,,,,,,,,,,,,,,,,,,,,,,,,,,,,,,,,,,,,,,,"[""Q4option1""]",,,
,,,,,,,,,,,001,2025-05-08_18h29.15.118,SLSIC_O,2022.2.5,Win32,59.52380952,,,,,,,,,,,,,,,,,,,,,,,,,,,,,,,,,,,,,,,,,,,,,,,,,,,,,,,,,,,,,,,,,,,,,,,,,,,,,,,,,,,,,,,,,,,,,,,,,,,,,,,,,,,,,,,,,,,,,,,,,,,,,
,,,,,,,,,,,001,2025-05-08_18h29.15.118,SLSIC_O,2022.2.5,Win32,59.52380952,,,,,,,,,,,,,,,,,,,,,,,,,,,,,,,,,,,,,,,,,,,,,,,,,,,,,,,,,,,,,,,,,,,,,,,,,,,,,,,,,,,,,,,,,,,,,,,,,,,,,,,,,,,,,,,,,,,,,,,,,,,1,[2985.605799999997],[2985.6058999999914]
