bruinID.text,button.numClicks,button.timesOn,button.timesOff,mouseLogIn.x,mouseLogIn.y,mouseLogIn.leftButton,mouseLogIn.midButton,mouseLogIn.rightButton,mouseLogIn.time,mouseLogIn.clicked_name,participant,date,expName,psychopyVersion,OS,frameRate,key_resp_6.keys,key_resp_6.rt,key_resp_5.keys,key_resp_5.rt,subjage_slider.response,subjage_slider.rt,confidence_scale.response,confidence_scale.rt,key_resp_7.keys,key_resp_7.rt,button_2.numClicks,button_2.timesOn,button_2.timesOff,email_type,scam_button.numClicks,scam_button.timesOn,scam_button.timesOff,legit_button.numClicks,legit_button.timesOn,legit_button.timesOff,button_selections_1,confidence_scale_email.response,confidence_scale_email.rt,personal_rel_scale.response,personal_rel_scale.rt,curiosity_scale.response,curiosity_scale.rt,email_loop.thisRepN,email_loop.thisTrialN,email_loop.thisN,email_loop.thisIndex,email_loop.ran,emails,type,xsize,ysize,xpos,ypos,key_resp_11.keys,key_resp_11.rt,key_resp_9.keys,key_resp_9.rt,key_resp_10.keys,key_resp_10.rt,textbox.text,next_button.numClicks,next_button.timesOn,next_button.timesOff,key_resp_8.keys,key_resp_8.rt,mouse.x,mouse.y,mouse.leftButton,mouse.midButton,mouse.rightButton,mouse.time,key_resp_12.keys,key_resp_12.rt,button_3.numClicks,button_3.timesOn,button_3.timesOff,mouse_2.x,mouse_2.y,mouse_2.leftButton,mouse_2.midButton,mouse_2.rightButton,mouse_2.time,button_4.numClicks,button_4.timesOn,button_4.timesOff,mouse_3.x,mouse_3.y,mouse_3.leftButton,mouse_3.midButton,mouse_3.rightButton,mouse_3.time,button_5.numClicks,button_5.timesOn,button_5.timesOff,email_loops2.thisRepN,email_loops2.thisTrialN,email_loops2.thisN,email_loops2.thisIndex,email_loops2.ran,key_resp_3.keys,key_resp_3.rt,slider1_2.response,slider1_2.rt,trust_question,loop_GT.thisRepN,loop_GT.thisTrialN,loop_GT.thisN,loop_GT.thisIndex,loop_GT.ran,Phrases,instructionresp_2.keys,instructionresp_2.rt,key_resp_13.keys,key_resp_13.rt,gen_question,loop_G.thisRepN,loop_G.thisTrialN,loop_G.thisN,loop_G.thisIndex,loop_G.ran,Questions,instructionresp.keys,instructionresp.rt,key_resp_2.keys,key_resp_2.rt,lonely_question,loop_LS.thisRepN,loop_LS.thisTrialN,loop_LS.thisN,loop_LS.thisIndex,loop_LS.ran,key_resp_4.keys,key_resp_4.rt,rating.response,rating.rt,dementia_question,loop_dm.thisRepN,loop_dm.thisTrialN,loop_dm.thisN,loop_dm.thisIndex,loop_dm.ran,Items,key_resp.keys,key_resp.rt,slider1.response,slider1.rt,ss_question,loop_SS.thisRepN,loop_SS.thisTrialN,loop_SS.thisN,loop_SS.thisIndex,loop_SS.ran,Statements,slider.response,slider.rt,Gender,textboxAge.text,textboxBirthday.text,Education Level,Ethnicity,English Fluency,textboxAge_2.text,textboxCountry.text,FQ1textbox.text,textboxQuestion2.text,textboxQuestion3.text,FQ4 selection,Finish.numClicks,Finish.timesOn,Finish.timesOff
67de56006ee9e8080172cf63,1,[10.514399999856948],[10.514499999999998],0.3203125,-0.080729167,1,0,0,10.2225,button,001,2025-05-08_19h20.45.832,SLSI_O,2022.2.5,Win32,59.88023952,,,,,,,,,,,,,,,,,,,,,,,,,,,,,,,,,,,,,,,,,,,,,,,,,,,,,,,,,,,,,,,,,,,,,,,,,,,,,,,,,,,,,,,,,,,,,,,,,,,,,,,,,,,,,,,,,,,,,,,,,,,,,,,,,,,,,,,,,,,,,,,,,,,,,,,,,,,
,,,,,,,,,,,001,2025-05-08_19h20.45.832,SLSI_O,2022.2.5,Win32,59.88023952,space,183.9954,,,,,,,,,,,,,,,,,,,,,,,,,,,,,,,,,,,,,,,,,,,,,,,,,,,,,,,,,,,,,,,,,,,,,,,,,,,,,,,,,,,,,,,,,,,,,,,,,,,,,,,,,,,,,,,,,,,,,,,,,,,,,,,,,,,,,,,,,,,,,,,,,,,,,,,,,
,,,,,,,,,,,001,2025-05-08_19h20.45.832,SLSI_O,2022.2.5,Win32,59.88023952,,,space,37.462,,,,,,,,,,,,,,,,,,,,,,,,,,,,,,,,,,,,,,,,,,,,,,,,,,,,,,,,,,,,,,,,,,,,,,,,,,,,,,,,,,,,,,,,,,,,,,,,,,,,,,,,,,,,,,,,,,,,,,,,,,,,,,,,,,,,,,,,,,,,,,,,,,,,,,,
,,,,,,,,,,,001,2025-05-08_19h20.45.832,SLSI_O,2022.2.5,Win32,59.88023952,,,,,39.53125,7.38,,,,,,,,,,,,,,,,,,,,,,,,,,,,,,,,,,,,,,,,,,,,,,,,,,,,,,,,,,,,,,,,,,,,,,,,,,,,,,,,,,,,,,,,,,,,,,,,,,,,,,,,,,,,,,,,,,,,,,,,,,,,,,,,,,,,,,,,,,,,,,,,,,,,,
,,,,,,,,,,,001,2025-05-08_19h20.45.832,SLSI_O,2022.2.5,Win32,59.88023952,,,,,,,5.963541667,8.5403,,,,,,,,,,,,,,,,,,,,,,,,,,,,,,,,,,,,,,,,,,,,,,,,,,,,,,,,,,,,,,,,,,,,,,,,,,,,,,,,,,,,,,,,,,,,,,,,,,,,,,,,,,,,,,,,,,,,,,,,,,,,,,,,,,,,,,,,,,,,,,,,,,,
,,,,,,,,,,,001,2025-05-08_19h20.45.832,SLSI_O,2022.2.5,Win32,59.88023952,,,,,,,,,space,23.814,,,,,,,,,,,,,,,,,,,,,,,,,,,,,,,,,,,,,,,,,,,,,,,,,,,,,,,,,,,,,,,,,,,,,,,,,,,,,,,,,,,,,,,,,,,,,,,,,,,,,,,,,,,,,,,,,,,,,,,,,,,,,,,,,,,,,,,,,,,,,,,,,
,,,,,,,,,,,001,2025-05-08_19h20.45.832,SLSI_O,2022.2.5,Win32,59.88023952,,,,,,,,,,,1,[320.5860999999046],[320.5860999999046],,1,[326.4622999999523],[326.4625],0,[],[],"[""scam_button""]",4.947916667,3.6564,0.950520833,9.552,0.0390625,5.5843,0,0,0,20,1,resources/images/scam12.jpg,scam,0.65,0.65,0,0,,,,,,,,,,,,,,,,,,,,,,,,,,,,,,,,,,,,,,,,,,,,,,,,,,,,,,,,,,,,,,,,,,,,,,,,,,,,,,,,,,,,,,,,,,,,,,,,,,,,,,,,,,,,,,,,,,,,,
,,,,,,,,,,,001,2025-05-08_19h20.45.832,SLSI_O,2022.2.5,Win32,59.88023952,,,,,,,,,,,2,"[320.5860999999046,375.5635999999046]","[320.5860999999046,375.5637000000477]",,1,[326.4622999999523],[326.4625],1,[377.1760999999046],[377.1762999999523],"[""legit_button""]",7.916666667,7.6522,7.916666667,2.7787,9.036458333,3.2303,0,1,1,15,1,resources/images/legit8.png,legit,0.8,0.72,0,0,,,,,,,,,,,,,,,,,,,,,,,,,,,,,,,,,,,,,,,,,,,,,,,,,,,,,,,,,,,,,,,,,,,,,,,,,,,,,,,,,,,,,,,,,,,,,,,,,,,,,,,,,,,,,,,,,,,,,
,,,,,,,,,,,001,2025-05-08_19h20.45.832,SLSI_O,2022.2.5,Win32,59.88023952,,,,,,,,,,,3,"[320.5860999999046,375.5635999999046,416.00759999990464]","[320.5860999999046,375.5637000000477,416.0077000000477]",,2,"[326.4622999999523,417.7707999999523]","[326.4625,417.7707999999523]",1,[377.1760999999046],[377.1762999999523],"[""scam_button""]",6.028645833,2.4591,1.002604167,3.2506,1.002604167,1.8551,0,2,2,10,1,resources/images/scam7.png,scam,0.65,0.65,0,0,,,,,,,,,,,,,,,,,,,,,,,,,,,,,,,,,,,,,,,,,,,,,,,,,,,,,,,,,,,,,,,,,,,,,,,,,,,,,,,,,,,,,,,,,,,,,,,,,,,,,,,,,,,,,,,,,,,,,
,,,,,,,,,,,001,2025-05-08_19h20.45.832,SLSI_O,2022.2.5,Win32,59.88023952,,,,,,,,,,,4,"[320.5860999999046,375.5635999999046,416.00759999990464,436.87020000004765]","[320.5860999999046,375.5637000000477,416.0077000000477,436.87039999985694]",,2,"[326.4622999999523,417.7707999999523]","[326.4625,417.7707999999523]",2,"[377.1760999999046,438.04949999999997]","[377.1762999999523,438.04949999999997]","[""legit_button""]",7.044270833,1.9062,7.916666667,2.7411,9.127604167,1.7199,0,3,3,6,1,resources/images/scam4.png,scam,0.8,0.65,0,0,,,,,,,,,,,,,,,,,,,,,,,,,,,,,,,,,,,,,,,,,,,,,,,,,,,,,,,,,,,,,,,,,,,,,,,,,,,,,,,,,,,,,,,,,,,,,,,,,,,,,,,,,,,,,,,,,,,,,
,,,,,,,,,,,001,2025-05-08_19h20.45.832,SLSI_O,2022.2.5,Win32,59.88023952,,,,,,,,,,,5,"[320.5860999999046,375.5635999999046,416.00759999990464,436.87020000004765,480.64409999990465]","[320.5860999999046,375.5637000000477,416.0077000000477,436.87039999985694,480.64420000004776]",,3,"[326.4622999999523,417.7707999999523,495.4607999999523]","[326.4625,417.7707999999523,495.460899999857]",2,"[377.1760999999046,438.04949999999997]","[377.1762999999523,438.04949999999997]","[""scam_button""]",4.049479167,2.812,5.0390625,5.4824,1.966145833,2.2064,0,4,4,12,1,resources/images/legit5-EDIT.png,legit,0.65,0.65,0,0,,,,,,,,,,,,,,,,,,,,,,,,,,,,,,,,,,,,,,,,,,,,,,,,,,,,,,,,,,,,,,,,,,,,,,,,,,,,,,,,,,,,,,,,,,,,,,,,,,,,,,,,,,,,,,,,,,,,,
,,,,,,,,,,,001,2025-05-08_19h20.45.832,SLSI_O,2022.2.5,Win32,59.88023952,,,,,,,,,,,6,"[320.5860999999046,375.5635999999046,416.00759999990464,436.87020000004765,480.64409999990465,520.1887999999524]","[320.5860999999046,375.5637000000477,416.0077000000477,436.87039999985694,480.64420000004776,520.1888999998571]",,3,"[326.4622999999523,417.7707999999523,495.4607999999523]","[326.4625,417.7707999999523,495.460899999857]",3,"[377.1760999999046,438.04949999999997,521.5015999999047]","[377.1762999999523,438.04949999999997,521.5017999999524]","[""legit_button""]",6.940104167,3.4505,8.919270833,3.0916,8.020833333,2.1338,0,5,5,8,1,resources/images/legit9-EDIT.png,legit,1,0.65,0,0,,,,,,,,,,,,,,,,,,,,,,,,,,,,,,,,,,,,,,,,,,,,,,,,,,,,,,,,,,,,,,,,,,,,,,,,,,,,,,,,,,,,,,,,,,,,,,,,,,,,,,,,,,,,,,,,,,,,,
,,,,,,,,,,,001,2025-05-08_19h20.45.832,SLSI_O,2022.2.5,Win32,59.88023952,,,,,,,,,,,7,"[320.5860999999046,375.5635999999046,416.00759999990464,436.87020000004765,480.64409999990465,520.1887999999524,588.5220999999046]","[320.5860999999046,375.5637000000477,416.0077000000477,436.87039999985694,480.64420000004776,520.1888999998571,588.5222999999523]",,3,"[326.4622999999523,417.7707999999523,495.4607999999523]","[326.4625,417.7707999999523,495.460899999857]",4,"[377.1760999999046,438.04949999999997,521.5015999999047,589.6180999999046]","[377.1762999999523,438.04949999999997,521.5017999999524,589.6181999998093]","[""legit_button""]",6.953125,1.4055,7.083333333,3.3701,7.083333333,1.4742,0,6,6,17,1,resources/images/scam10.jpg,scam,1,0.65,0,0,,,,,,,,,,,,,,,,,,,,,,,,,,,,,,,,,,,,,,,,,,,,,,,,,,,,,,,,,,,,,,,,,,,,,,,,,,,,,,,,,,,,,,,,,,,,,,,,,,,,,,,,,,,,,,,,,,,,,
,,,,,,,,,,,001,2025-05-08_19h20.45.832,SLSI_O,2022.2.5,Win32,59.88023952,,,,,,,,,,,8,"[320.5860999999046,375.5635999999046,416.00759999990464,436.87020000004765,480.64409999990465,520.1887999999524,588.5220999999046,625.9522000000477]","[320.5860999999046,375.5637000000477,416.0077000000477,436.87039999985694,480.64420000004776,520.1888999998571,588.5222999999523,625.9522999999524]",,4,"[326.4622999999523,417.7707999999523,495.4607999999523,627.1652999999524]","[326.4625,417.7707999999523,495.460899999857,627.1652999999524]",4,"[377.1760999999046,438.04949999999997,521.5015999999047,589.6180999999046]","[377.1762999999523,438.04949999999997,521.5017999999524,589.6181999998093]","[""scam_button""]",5.052083333,1.9421,5.052083333,1.1879,3.880208333,2.6285,0,7,7,5,1,resources/images/legit3.jpg,legit,1,0.73,0,0,,,,,,,,,,,,,,,,,,,,,,,,,,,,,,,,,,,,,,,,,,,,,,,,,,,,,,,,,,,,,,,,,,,,,,,,,,,,,,,,,,,,,,,,,,,,,,,,,,,,,,,,,,,,,,,,,,,,,
,,,,,,,,,,,001,2025-05-08_19h20.45.832,SLSI_O,2022.2.5,Win32,59.88023952,,,,,,,,,,,9,"[320.5860999999046,375.5635999999046,416.00759999990464,436.87020000004765,480.64409999990465,520.1887999999524,588.5220999999046,625.9522000000477,643.2732000000478]","[320.5860999999046,375.5637000000477,416.0077000000477,436.87039999985694,480.64420000004776,520.1888999998571,588.5222999999523,625.9522999999524,643.2732000000478]",,5,"[326.4622999999523,417.7707999999523,495.4607999999523,627.1652999999524,644.2652999999524]","[326.4625,417.7707999999523,495.460899999857,627.1652999999524,644.265399999857]",4,"[377.1760999999046,438.04949999999997,521.5015999999047,589.6180999999046]","[377.1762999999523,438.04949999999997,521.5017999999524,589.6181999998093]","[""scam_button""]",4.934895833,1.4167,3.684895833,1.7749,3.919270833,1.8485,0,8,8,2,1,resources/images/scam3.png,scam,1.2,0.65,0,0,,,,,,,,,,,,,,,,,,,,,,,,,,,,,,,,,,,,,,,,,,,,,,,,,,,,,,,,,,,,,,,,,,,,,,,,,,,,,,,,,,,,,,,,,,,,,,,,,,,,,,,,,,,,,,,,,,,,,
,,,,,,,,,,,001,2025-05-08_19h20.45.832,SLSI_O,2022.2.5,Win32,59.88023952,,,,,,,,,,,10,"[320.5860999999046,375.5635999999046,416.00759999990464,436.87020000004765,480.64409999990465,520.1887999999524,588.5220999999046,625.9522000000477,643.2732000000478,658.1047999999523]","[320.5860999999046,375.5637000000477,416.0077000000477,436.87039999985694,480.64420000004776,520.1888999998571,588.5222999999523,625.9522999999524,643.2732000000478,658.1050999999047]",,5,"[326.4622999999523,417.7707999999523,495.4607999999523,627.1652999999524,644.2652999999524]","[326.4625,417.7707999999523,495.460899999857,627.1652999999524,644.265399999857]",5,"[377.1760999999046,438.04949999999997,521.5015999999047,589.6180999999046,659.2045]","[377.1762999999523,438.04949999999997,521.5017999999524,589.6181999998093,659.2045]","[""legit_button""]",7.018229167,2.2034,7.018229167,0.9165,7.018229167,0.8001,0,9,9,23,1,resources/images/scam14-EDIT.png,scam,1,0.65,0,0,,,,,,,,,,,,,,,,,,,,,,,,,,,,,,,,,,,,,,,,,,,,,,,,,,,,,,,,,,,,,,,,,,,,,,,,,,,,,,,,,,,,,,,,,,,,,,,,,,,,,,,,,,,,,,,,,,,,,
,,,,,,,,,,,001,2025-05-08_19h20.45.832,SLSI_O,2022.2.5,Win32,59.88023952,,,,,,,,,,,11,"[320.5860999999046,375.5635999999046,416.00759999990464,436.87020000004765,480.64409999990465,520.1887999999524,588.5220999999046,625.9522000000477,643.2732000000478,658.1047999999523,676.5245999999047]","[320.5860999999046,375.5637000000477,416.0077000000477,436.87039999985694,480.64420000004776,520.1888999998571,588.5222999999523,625.9522999999524,643.2732000000478,658.1050999999047,676.5245999999047]",,5,"[326.4622999999523,417.7707999999523,495.4607999999523,627.1652999999524,644.2652999999524]","[326.4625,417.7707999999523,495.460899999857,627.1652999999524,644.265399999857]",6,"[377.1760999999046,438.04949999999997,521.5015999999047,589.6180999999046,659.2045,677.4856999998093]","[377.1762999999523,438.04949999999997,521.5017999999524,589.6181999998093,659.2045,677.4857999999523]","[""legit_button""]",5.924479167,1.9326,5.924479167,1.0087,7.018229167,1.6262,0,10,10,18,1,resources/images/legit10-EDIT.png,legit,1,0.65,0,0,,,,,,,,,,,,,,,,,,,,,,,,,,,,,,,,,,,,,,,,,,,,,,,,,,,,,,,,,,,,,,,,,,,,,,,,,,,,,,,,,,,,,,,,,,,,,,,,,,,,,,,,,,,,,,,,,,,,,
,,,,,,,,,,,001,2025-05-08_19h20.45.832,SLSI_O,2022.2.5,Win32,59.88023952,,,,,,,,,,,12,"[320.5860999999046,375.5635999999046,416.00759999990464,436.87020000004765,480.64409999990465,520.1887999999524,588.5220999999046,625.9522000000477,643.2732000000478,658.1047999999523,676.5245999999047,697.6652000000477]","[320.5860999999046,375.5637000000477,416.0077000000477,436.87039999985694,480.64420000004776,520.1888999998571,588.5222999999523,625.9522999999524,643.2732000000478,658.1050999999047,676.5245999999047,697.6652999999524]",,6,"[326.4622999999523,417.7707999999523,495.4607999999523,627.1652999999524,644.2652999999524,698.8120999999047]","[326.4625,417.7707999999523,495.460899999857,627.1652999999524,644.265399999857,698.8122000000477]",6,"[377.1760999999046,438.04949999999997,521.5015999999047,589.6180999999046,659.2045,677.4856999998093]","[377.1762999999523,438.04949999999997,521.5017999999524,589.6181999998093,659.2045,677.4857999999523]","[""scam_button""]",4.921875,2.5335,4.921875,1.2061,3.854166667,1.5519,0,11,11,4,1,resources/images/legit2.jpg,legit,1,0.65,0,0,,,,,,,,,,,,,,,,,,,,,,,,,,,,,,,,,,,,,,,,,,,,,,,,,,,,,,,,,,,,,,,,,,,,,,,,,,,,,,,,,,,,,,,,,,,,,,,,,,,,,,,,,,,,,,,,,,,,,
,,,,,,,,,,,001,2025-05-08_19h20.45.832,SLSI_O,2022.2.5,Win32,59.88023952,,,,,,,,,,,13,"[320.5860999999046,375.5635999999046,416.00759999990464,436.87020000004765,480.64409999990465,520.1887999999524,588.5220999999046,625.9522000000477,643.2732000000478,658.1047999999523,676.5245999999047,697.6652000000477,710.8355999999046]","[320.5860999999046,375.5637000000477,416.0077000000477,436.87039999985694,480.64420000004776,520.1888999998571,588.5222999999523,625.9522999999524,643.2732000000478,658.1050999999047,676.5245999999047,697.6652999999524,710.8357999999523]",,6,"[326.4622999999523,417.7707999999523,495.4607999999523,627.1652999999524,644.2652999999524,698.8120999999047]","[326.4625,417.7707999999523,495.460899999857,627.1652999999524,644.265399999857,698.8122000000477]",7,"[377.1760999999046,438.04949999999997,521.5015999999047,589.6180999999046,659.2045,677.4856999998093,711.9320999999046]","[377.1762999999523,438.04949999999997,521.5017999999524,589.6181999998093,659.2045,677.4857999999523,711.9321999998093]","[""legit_button""]",6.888020833,1.952,8.046875,1.4873,6.9921875,1.2839,0,12,12,16,1,resources/images/scam13.png,scam,1,0.65,0,0,,,,,,,,,,,,,,,,,,,,,,,,,,,,,,,,,,,,,,,,,,,,,,,,,,,,,,,,,,,,,,,,,,,,,,,,,,,,,,,,,,,,,,,,,,,,,,,,,,,,,,,,,,,,,,,,,,,,,
,,,,,,,,,,,001,2025-05-08_19h20.45.832,SLSI_O,2022.2.5,Win32,59.88023952,,,,,,,,,,,14,"[320.5860999999046,375.5635999999046,416.00759999990464,436.87020000004765,480.64409999990465,520.1887999999524,588.5220999999046,625.9522000000477,643.2732000000478,658.1047999999523,676.5245999999047,697.6652000000477,710.8355999999046,743.72]","[320.5860999999046,375.5637000000477,416.0077000000477,436.87039999985694,480.64420000004776,520.1888999998571,588.5222999999523,625.9522999999524,643.2732000000478,658.1050999999047,676.5245999999047,697.6652999999524,710.8357999999523,743.72]",,6,"[326.4622999999523,417.7707999999523,495.4607999999523,627.1652999999524,644.2652999999524,698.8120999999047]","[326.4625,417.7707999999523,495.460899999857,627.1652999999524,644.265399999857,698.8122000000477]",8,"[377.1760999999046,438.04949999999997,521.5015999999047,589.6180999999046,659.2045,677.4856999998093,711.9320999999046,744.799399999857]","[377.1762999999523,438.04949999999997,521.5017999999524,589.6181999998093,659.2045,677.4857999999523,711.9321999998093,744.7995000000001]","[""legit_button""]",6.9140625,1.3262,7.916666667,4.3515,7.994791667,1.6849,0,13,13,21,1,resources/images/legit14-EDIT.jpg,legit,1,0.65,0,0,,,,,,,,,,,,,,,,,,,,,,,,,,,,,,,,,,,,,,,,,,,,,,,,,,,,,,,,,,,,,,,,,,,,,,,,,,,,,,,,,,,,,,,,,,,,,,,,,,,,,,,,,,,,,,,,,,,,,
,,,,,,,,,,,001,2025-05-08_19h20.45.832,SLSI_O,2022.2.5,Win32,59.88023952,,,,,,,,,,,15,"[320.5860999999046,375.5635999999046,416.00759999990464,436.87020000004765,480.64409999990465,520.1887999999524,588.5220999999046,625.9522000000477,643.2732000000478,658.1047999999523,676.5245999999047,697.6652000000477,710.8355999999046,743.72,773.5077999999523]","[320.5860999999046,375.5637000000477,416.0077000000477,436.87039999985694,480.64420000004776,520.1888999998571,588.5222999999523,625.9522999999524,643.2732000000478,658.1050999999047,676.5245999999047,697.6652999999524,710.8357999999523,743.72,773.507899999857]",,6,"[326.4622999999523,417.7707999999523,495.4607999999523,627.1652999999524,644.2652999999524,698.8120999999047]","[326.4625,417.7707999999523,495.460899999857,627.1652999999524,644.265399999857,698.8122000000477]",9,"[377.1760999999046,438.04949999999997,521.5015999999047,589.6180999999046,659.2045,677.4856999998093,711.9320999999046,744.799399999857,774.8871999998092]","[377.1762999999523,438.04949999999997,521.5017999999524,589.6181999998093,659.2045,677.4857999999523,711.9321999998093,744.7995000000001,774.8871999998092]","[""legit_button""]",6.940104167,1.7702,7.994791667,1.5393,8.125,1.8598,0,14,14,14,1,resources/images/legit7-EDIT.png,legit,0.65,0.65,0,0,,,,,,,,,,,,,,,,,,,,,,,,,,,,,,,,,,,,,,,,,,,,,,,,,,,,,,,,,,,,,,,,,,,,,,,,,,,,,,,,,,,,,,,,,,,,,,,,,,,,,,,,,,,,,,,,,,,,,
,,,,,,,,,,,001,2025-05-08_19h20.45.832,SLSI_O,2022.2.5,Win32,59.88023952,,,,,,,,,,,16,"[320.5860999999046,375.5635999999046,416.00759999990464,436.87020000004765,480.64409999990465,520.1887999999524,588.5220999999046,625.9522000000477,643.2732000000478,658.1047999999523,676.5245999999047,697.6652000000477,710.8355999999046,743.72,773.5077999999523,798.4725000000001]","[320.5860999999046,375.5637000000477,416.0077000000477,436.87039999985694,480.64420000004776,520.1888999998571,588.5222999999523,625.9522999999524,643.2732000000478,658.1050999999047,676.5245999999047,697.6652999999524,710.8357999999523,743.72,773.507899999857,798.4725999999048]",,7,"[326.4622999999523,417.7707999999523,495.4607999999523,627.1652999999524,644.2652999999524,698.8120999999047,799.996399999857]","[326.4625,417.7707999999523,495.460899999857,627.1652999999524,644.265399999857,698.8122000000477,799.9965000000001]",9,"[377.1760999999046,438.04949999999997,521.5015999999047,589.6180999999046,659.2045,677.4856999998093,711.9320999999046,744.799399999857,774.8871999998092]","[377.1762999999523,438.04949999999997,521.5017999999524,589.6181999998093,659.2045,677.4857999999523,711.9321999998093,744.7995000000001,774.8871999998092]","[""scam_button""]",4.8828125,1.5766,4.9609375,2.4213,4.921875,2.8052,0,15,15,3,1,resources/images/legit1.png,legit,1,0.72,0,0,,,,,,,,,,,,,,,,,,,,,,,,,,,,,,,,,,,,,,,,,,,,,,,,,,,,,,,,,,,,,,,,,,,,,,,,,,,,,,,,,,,,,,,,,,,,,,,,,,,,,,,,,,,,,,,,,,,,,
,,,,,,,,,,,001,2025-05-08_19h20.45.832,SLSI_O,2022.2.5,Win32,59.88023952,,,,,,,,,,,17,"[320.5860999999046,375.5635999999046,416.00759999990464,436.87020000004765,480.64409999990465,520.1887999999524,588.5220999999046,625.9522000000477,643.2732000000478,658.1047999999523,676.5245999999047,697.6652000000477,710.8355999999046,743.72,773.5077999999523,798.4725000000001,832.8050999999048]","[320.5860999999046,375.5637000000477,416.0077000000477,436.87039999985694,480.64420000004776,520.1888999998571,588.5222999999523,625.9522999999524,643.2732000000478,658.1050999999047,676.5245999999047,697.6652999999524,710.8357999999523,743.72,773.507899999857,798.4725999999048,832.8050999999048]",,7,"[326.4622999999523,417.7707999999523,495.4607999999523,627.1652999999524,644.2652999999524,698.8120999999047,799.996399999857]","[326.4625,417.7707999999523,495.460899999857,627.1652999999524,644.265399999857,698.8122000000477,799.9965000000001]",10,"[377.1760999999046,438.04949999999997,521.5015999999047,589.6180999999046,659.2045,677.4856999998093,711.9320999999046,744.799399999857,774.8871999998092,834.3465]","[377.1762999999523,438.04949999999997,521.5017999999524,589.6181999998093,659.2045,677.4857999999523,711.9321999998093,744.7995000000001,774.8871999998092,834.3466999998093]","[""legit_button""]",6.080729167,1.657,6.080729167,0.6592,6.080729167,0.5847,0,16,16,19,1,resources/images/scam_11.png,scam,1,0.65,0,0,,,,,,,,,,,,,,,,,,,,,,,,,,,,,,,,,,,,,,,,,,,,,,,,,,,,,,,,,,,,,,,,,,,,,,,,,,,,,,,,,,,,,,,,,,,,,,,,,,,,,,,,,,,,,,,,,,,,,
,,,,,,,,,,,001,2025-05-08_19h20.45.832,SLSI_O,2022.2.5,Win32,59.88023952,,,,,,,,,,,18,"[320.5860999999046,375.5635999999046,416.00759999990464,436.87020000004765,480.64409999990465,520.1887999999524,588.5220999999046,625.9522000000477,643.2732000000478,658.1047999999523,676.5245999999047,697.6652000000477,710.8355999999046,743.72,773.5077999999523,798.4725000000001,832.8050999999048,849.45]","[320.5860999999046,375.5637000000477,416.0077000000477,436.87039999985694,480.64420000004776,520.1888999998571,588.5222999999523,625.9522999999524,643.2732000000478,658.1050999999047,676.5245999999047,697.6652999999524,710.8357999999523,743.72,773.507899999857,798.4725999999048,832.8050999999048,849.4500999999048]",,8,"[326.4622999999523,417.7707999999523,495.4607999999523,627.1652999999524,644.2652999999524,698.8120999999047,799.996399999857,850.6970999999047]","[326.4625,417.7707999999523,495.460899999857,627.1652999999524,644.265399999857,698.8122000000477,799.9965000000001,850.6970999999047]",10,"[377.1760999999046,438.04949999999997,521.5015999999047,589.6180999999046,659.2045,677.4856999998093,711.9320999999046,744.799399999857,774.8871999998092,834.3465]","[377.1762999999523,438.04949999999997,521.5017999999524,589.6181999998093,659.2045,677.4857999999523,711.9321999998093,744.7995000000001,774.8871999998092,834.3466999998093]","[""scam_button""]",5.846354167,1.7484,4.8828125,1.5021,4.8828125,0.4247,0,17,17,22,1,resources/images/legit17-EDIT.png,legit,0.65,0.65,0,0,,,,,,,,,,,,,,,,,,,,,,,,,,,,,,,,,,,,,,,,,,,,,,,,,,,,,,,,,,,,,,,,,,,,,,,,,,,,,,,,,,,,,,,,,,,,,,,,,,,,,,,,,,,,,,,,,,,,,
,,,,,,,,,,,001,2025-05-08_19h20.45.832,SLSI_O,2022.2.5,Win32,59.88023952,,,,,,,,,,,19,"[320.5860999999046,375.5635999999046,416.00759999990464,436.87020000004765,480.64409999990465,520.1887999999524,588.5220999999046,625.9522000000477,643.2732000000478,658.1047999999523,676.5245999999047,697.6652000000477,710.8355999999046,743.72,773.5077999999523,798.4725000000001,832.8050999999048,849.45,860.5392999999524]","[320.5860999999046,375.5637000000477,416.0077000000477,436.87039999985694,480.64420000004776,520.1888999998571,588.5222999999523,625.9522999999524,643.2732000000478,658.1050999999047,676.5245999999047,697.6652999999524,710.8357999999523,743.72,773.507899999857,798.4725999999048,832.8050999999048,849.4500999999048,860.5393999998571]",,9,"[326.4622999999523,417.7707999999523,495.4607999999523,627.1652999999524,644.2652999999524,698.8120999999047,799.996399999857,850.6970999999047,863.9002999999524]","[326.4625,417.7707999999523,495.460899999857,627.1652999999524,644.265399999857,698.8122000000477,799.9965000000001,850.6970999999047,863.9002999999524]",10,"[377.1760999999046,438.04949999999997,521.5015999999047,589.6180999999046,659.2045,677.4856999998093,711.9320999999046,744.799399999857,774.8871999998092,834.3465]","[377.1762999999523,438.04949999999997,521.5017999999524,589.6181999998093,659.2045,677.4857999999523,711.9321999998093,744.7995000000001,774.8871999998092,834.3466999998093]","[""scam_button""]",6.041666667,1.8056,5.130208333,1.3537,5.130208333,0.5631,0,18,18,0,1,resources/images/scam_1.png,scam,1,0.65,0,0,,,,,,,,,,,,,,,,,,,,,,,,,,,,,,,,,,,,,,,,,,,,,,,,,,,,,,,,,,,,,,,,,,,,,,,,,,,,,,,,,,,,,,,,,,,,,,,,,,,,,,,,,,,,,,,,,,,,,
,,,,,,,,,,,001,2025-05-08_19h20.45.832,SLSI_O,2022.2.5,Win32,59.88023952,,,,,,,,,,,20,"[320.5860999999046,375.5635999999046,416.00759999990464,436.87020000004765,480.64409999990465,520.1887999999524,588.5220999999046,625.9522000000477,643.2732000000478,658.1047999999523,676.5245999999047,697.6652000000477,710.8355999999046,743.72,773.5077999999523,798.4725000000001,832.8050999999048,849.45,860.5392999999524,878.0557000000476]","[320.5860999999046,375.5637000000477,416.0077000000477,436.87039999985694,480.64420000004776,520.1888999998571,588.5222999999523,625.9522999999524,643.2732000000478,658.1050999999047,676.5245999999047,697.6652999999524,710.8357999999523,743.72,773.507899999857,798.4725999999048,832.8050999999048,849.4500999999048,860.5393999998571,878.0557000000476]",,10,"[326.4622999999523,417.7707999999523,495.4607999999523,627.1652999999524,644.2652999999524,698.8120999999047,799.996399999857,850.6970999999047,863.9002999999524,882.466399999857]","[326.4625,417.7707999999523,495.460899999857,627.1652999999524,644.265399999857,698.8122000000477,799.9965000000001,850.6970999999047,863.9002999999524,882.4665]",10,"[377.1760999999046,438.04949999999997,521.5015999999047,589.6180999999046,659.2045,677.4856999998093,711.9320999999046,744.799399999857,774.8871999998092,834.3465]","[377.1762999999523,438.04949999999997,521.5017999999524,589.6181999998093,659.2045,677.4857999999523,711.9321999998093,744.7995000000001,774.8871999998092,834.3466999998093]","[""scam_button""]",4.973958333,1.8205,4.973958333,0.4547,4.973958333,0.436,0,19,19,1,1,resources/images/scam_2.png,scam,0.9,0.65,0,0,,,,,,,,,,,,,,,,,,,,,,,,,,,,,,,,,,,,,,,,,,,,,,,,,,,,,,,,,,,,,,,,,,,,,,,,,,,,,,,,,,,,,,,,,,,,,,,,,,,,,,,,,,,,,,,,,,,,,
,,,,,,,,,,,001,2025-05-08_19h20.45.832,SLSI_O,2022.2.5,Win32,59.88023952,,,,,,,,,,,21,"[320.5860999999046,375.5635999999046,416.00759999990464,436.87020000004765,480.64409999990465,520.1887999999524,588.5220999999046,625.9522000000477,643.2732000000478,658.1047999999523,676.5245999999047,697.6652000000477,710.8355999999046,743.72,773.5077999999523,798.4725000000001,832.8050999999048,849.45,860.5392999999524,878.0557000000476,893.3237999999524]","[320.5860999999046,375.5637000000477,416.0077000000477,436.87039999985694,480.64420000004776,520.1888999998571,588.5222999999523,625.9522999999524,643.2732000000478,658.1050999999047,676.5245999999047,697.6652999999524,710.8357999999523,743.72,773.507899999857,798.4725999999048,832.8050999999048,849.4500999999048,860.5393999998571,878.0557000000476,893.3238999998571]",,10,"[326.4622999999523,417.7707999999523,495.4607999999523,627.1652999999524,644.2652999999524,698.8120999999047,799.996399999857,850.6970999999047,863.9002999999524,882.466399999857]","[326.4625,417.7707999999523,495.460899999857,627.1652999999524,644.265399999857,698.8122000000477,799.9965000000001,850.6970999999047,863.9002999999524,882.4665]",11,"[377.1760999999046,438.04949999999997,521.5015999999047,589.6180999999046,659.2045,677.4856999998093,711.9320999999046,744.799399999857,774.8871999998092,834.3465,894.5532999999524]","[377.1762999999523,438.04949999999997,521.5017999999524,589.6181999998093,659.2045,677.4857999999523,711.9321999998093,744.7995000000001,774.8871999998092,834.3466999998093,894.5532999999524]","[""legit_button""]",6.9140625,3.1531,6.9140625,0.5777,5.885416667,1.3774,0,20,20,7,1,resources/images/scam5.jpg,scam,0.7,0.65,0,0,,,,,,,,,,,,,,,,,,,,,,,,,,,,,,,,,,,,,,,,,,,,,,,,,,,,,,,,,,,,,,,,,,,,,,,,,,,,,,,,,,,,,,,,,,,,,,,,,,,,,,,,,,,,,,,,,,,,,
,,,,,,,,,,,001,2025-05-08_19h20.45.832,SLSI_O,2022.2.5,Win32,59.88023952,,,,,,,,,,,22,"[320.5860999999046,375.5635999999046,416.00759999990464,436.87020000004765,480.64409999990465,520.1887999999524,588.5220999999046,625.9522000000477,643.2732000000478,658.1047999999523,676.5245999999047,697.6652000000477,710.8355999999046,743.72,773.5077999999523,798.4725000000001,832.8050999999048,849.45,860.5392999999524,878.0557000000476,893.3237999999524,938.2305999999046]","[320.5860999999046,375.5637000000477,416.0077000000477,436.87039999985694,480.64420000004776,520.1888999998571,588.5222999999523,625.9522999999524,643.2732000000478,658.1050999999047,676.5245999999047,697.6652999999524,710.8357999999523,743.72,773.507899999857,798.4725999999048,832.8050999999048,849.4500999999048,860.5393999998571,878.0557000000476,893.3238999998571,938.230899999857]",,10,"[326.4622999999523,417.7707999999523,495.4607999999523,627.1652999999524,644.2652999999524,698.8120999999047,799.996399999857,850.6970999999047,863.9002999999524,882.466399999857]","[326.4625,417.7707999999523,495.460899999857,627.1652999999524,644.265399999857,698.8122000000477,799.9965000000001,850.6970999999047,863.9002999999524,882.4665]",12,"[377.1760999999046,438.04949999999997,521.5015999999047,589.6180999999046,659.2045,677.4856999998093,711.9320999999046,744.799399999857,774.8871999998092,834.3465,894.5532999999524,940.3251999998093]","[377.1762999999523,438.04949999999997,521.5017999999524,589.6181999998093,659.2045,677.4857999999523,711.9321999998093,744.7995000000001,774.8871999998092,834.3466999998093,894.5532999999524,940.3252999999523]","[""legit_button""]",5.911458333,1.2293,5.911458333,0.6211,4.973958333,0.9189,0,21,21,11,1,resources/images/legit4-EDIT.png,legit,0.65,0.65,0,0,,,,,,,,,,,,,,,,,,,,,,,,,,,,,,,,,,,,,,,,,,,,,,,,,,,,,,,,,,,,,,,,,,,,,,,,,,,,,,,,,,,,,,,,,,,,,,,,,,,,,,,,,,,,,,,,,,,,,
,,,,,,,,,,,001,2025-05-08_19h20.45.832,SLSI_O,2022.2.5,Win32,59.88023952,,,,,,,,,,,23,"[320.5860999999046,375.5635999999046,416.00759999990464,436.87020000004765,480.64409999990465,520.1887999999524,588.5220999999046,625.9522000000477,643.2732000000478,658.1047999999523,676.5245999999047,697.6652000000477,710.8355999999046,743.72,773.5077999999523,798.4725000000001,832.8050999999048,849.45,860.5392999999524,878.0557000000476,893.3237999999524,938.2305999999046,957.1782999999523]","[320.5860999999046,375.5637000000477,416.0077000000477,436.87039999985694,480.64420000004776,520.1888999998571,588.5222999999523,625.9522999999524,643.2732000000478,658.1050999999047,676.5245999999047,697.6652999999524,710.8357999999523,743.72,773.507899999857,798.4725999999048,832.8050999999048,849.4500999999048,860.5393999998571,878.0557000000476,893.3238999998571,938.230899999857,957.178399999857]",,11,"[326.4622999999523,417.7707999999523,495.4607999999523,627.1652999999524,644.2652999999524,698.8120999999047,799.996399999857,850.6970999999047,863.9002999999524,882.466399999857,958.4415]","[326.4625,417.7707999999523,495.460899999857,627.1652999999524,644.265399999857,698.8122000000477,799.9965000000001,850.6970999999047,863.9002999999524,882.4665,958.4415999999046]",12,"[377.1760999999046,438.04949999999997,521.5015999999047,589.6180999999046,659.2045,677.4856999998093,711.9320999999046,744.799399999857,774.8871999998092,834.3465,894.5532999999524,940.3251999998093]","[377.1762999999523,438.04949999999997,521.5017999999524,589.6181999998093,659.2045,677.4857999999523,711.9321999998093,744.7995000000001,774.8871999998092,834.3466999998093,894.5532999999524,940.3252999999523]","[""scam_button""]",5.013020833,1.8274,5.013020833,1.822,5.013020833,0.6955,0,22,22,13,1,resources/images/legit6.png,legit,0.65,0.65,0,0,,,,,,,,,,,,,,,,,,,,,,,,,,,,,,,,,,,,,,,,,,,,,,,,,,,,,,,,,,,,,,,,,,,,,,,,,,,,,,,,,,,,,,,,,,,,,,,,,,,,,,,,,,,,,,,,,,,,,
,,,,,,,,,,,001,2025-05-08_19h20.45.832,SLSI_O,2022.2.5,Win32,59.88023952,,,,,,,,,,,24,"[320.5860999999046,375.5635999999046,416.00759999990464,436.87020000004765,480.64409999990465,520.1887999999524,588.5220999999046,625.9522000000477,643.2732000000478,658.1047999999523,676.5245999999047,697.6652000000477,710.8355999999046,743.72,773.5077999999523,798.4725000000001,832.8050999999048,849.45,860.5392999999524,878.0557000000476,893.3237999999524,938.2305999999046,957.1782999999523,978.7737999999522]","[320.5860999999046,375.5637000000477,416.0077000000477,436.87039999985694,480.64420000004776,520.1888999998571,588.5222999999523,625.9522999999524,643.2732000000478,658.1050999999047,676.5245999999047,697.6652999999524,710.8357999999523,743.72,773.507899999857,798.4725999999048,832.8050999999048,849.4500999999048,860.5393999998571,878.0557000000476,893.3238999998571,938.230899999857,957.178399999857,978.7738999998569]",,12,"[326.4622999999523,417.7707999999523,495.4607999999523,627.1652999999524,644.2652999999524,698.8120999999047,799.996399999857,850.6970999999047,863.9002999999524,882.466399999857,958.4415,980.1868999998569]","[326.4625,417.7707999999523,495.460899999857,627.1652999999524,644.265399999857,698.8122000000477,799.9965000000001,850.6970999999047,863.9002999999524,882.4665,958.4415999999046,980.1870999999046]",12,"[377.1760999999046,438.04949999999997,521.5015999999047,589.6180999999046,659.2045,677.4856999998093,711.9320999999046,744.799399999857,774.8871999998092,834.3465,894.5532999999524,940.3251999998093]","[377.1762999999523,438.04949999999997,521.5017999999524,589.6181999998093,659.2045,677.4857999999523,711.9321999998093,744.7995000000001,774.8871999998092,834.3466999998093,894.5532999999524,940.3252999999523]","[""scam_button""]",5.0390625,2.9842,4.84375,2.9602,3.033854167,2.7356,0,23,23,9,1,resources/images/scam6.jpg,scam,1,0.65,0,0,,,,,,,,,,,,,,,,,,,,,,,,,,,,,,,,,,,,,,,,,,,,,,,,,,,,,,,,,,,,,,,,,,,,,,,,,,,,,,,,,,,,,,,,,,,,,,,,,,,,,,,,,,,,,,,,,,,,,
,,,,,,,,,,,001,2025-05-08_19h20.45.832,SLSI_O,2022.2.5,Win32,59.88023952,,,,,,,,,,,,,,,,,,,,,,,,,,,,,,,,,,,,,,,space,4.6492,,,,,,,,,,,,,,,,,,,,,,,,,,,,,,,,,,,,,,,,,,,,,,,,,,,,,,,,,,,,,,,,,,,,,,,,,,,,,,,,,,,,,,,,,,,,,,,,,,,,,,,,,,,,,,,,,,,
,,,,,,,,,,,001,2025-05-08_19h20.45.832,SLSI_O,2022.2.5,Win32,59.88023952,,,,,,,,,,,,,,,,,,,,,,,,,,,,,,,,,,,,,,,,,space,29.1762,,,,,,,,,,,,,,,,,,,,,,,,,,,,,,,,,,,,,,,,,,,,,,,,,,,,,,,,,,,,,,,,,,,,,,,,,,,,,,,,,,,,,,,,,,,,,,,,,,,,,,,,,,,,,,,,,
,,,,,,,,,,,001,2025-05-08_19h20.45.832,SLSI_O,2022.2.5,Win32,59.88023952,,,,,,,,,,,,,,,,,,,,,,,,,,,,,,,,,,,,,,,,,,,space,8.0173,,,,,,,,,,,,,,,,,,,,,,,,,,,,,,,,,,,,,,,,,,,,,,,,,,,,,,,,,,,,,,,,,,,,,,,,,,,,,,,,,,,,,,,,,,,,,,,,,,,,,,,,,,,,,,,
,,,,,,,,,,,001,2025-05-08_19h20.45.832,SLSI_O,2022.2.5,Win32,59.88023952,,,,,,,,,,,,,,,,,,,,,,,,,,,,,,,,,,,,,,,,,,,,,"it will ask to verify some personal or financial information, the domain of the sender is not the same as the address of the company, it has a sense of urgency",1,[1118.0988000001907],[1118.0992000000479],,,,,,,,,,,,,,,,,,,,,,,,,,,,,,,,,,,,,,,,,,,,,,,,,,,,,,,,,,,,,,,,,,,,,,,,,,,,,,,,,,,,,,,,,,,,,,,,,,,,,,,,,,,
,,,,,,,,,,,001,2025-05-08_19h20.45.832,SLSI_O,2022.2.5,Win32,59.88023952,,,,,,,,,,,,,,,,,,,,,,,,,,,,,,,,,,,,,,,,,,,,,,,,,space,8.5711,,,,,,,,,,,,,,,,,,,,,,,,,,,,,,,,,,,,,,,,,,,,,,,,,,,,,,,,,,,,,,,,,,,,,,,,,,,,,,,,,,,,,,,,,,,,,,,,,,,,,,,,,
,,,,,,,,,,,001,2025-05-08_19h20.45.832,SLSI_O,2022.2.5,Win32,59.88023952,,,,,,,,,,,,,,,,,,,,,,,,,,,,,,,,,,,,,,,,,,,,,,,,,,,"[-0.4127604166666667,-0.4427083333333333,-0.4453125,-0.4453125,-0.4557291666666667,-0.4557291666666667,-0.0013020833333333333,-0.3528645833333333]","[-0.0026041666666666665,-0.10416666666666667,-0.11588541666666667,-0.11588541666666667,-0.10677083333333333,-0.10677083333333333,-0.1484375,-0.15234375]","[1,1,1,0,1,0,1,1]","[0,0,0,0,0,0,0,0]","[0,0,0,1,0,1,0,0]","[9.260700000047791,18.15170000004764,19.650499999999965,21.748200000047746,23.04710000014302,23.52980000019079,24.645600000143077,29.89030000019079]",,,,,,,,,,,,,,,,,,,,,,,,,,,,,,,,,,,,,,,,,,,,,,,,,,,,,,,,,,,,,,,,,,,,,,,,,,,,,,,,,,,,,,,,,,,,,,,,,,,
,,,,,,,,,,,001,2025-05-08_19h20.45.832,SLSI_O,2022.2.5,Win32,59.88023952,,,,,,,,,,,,,,,,,,,,,,,,,,,,,,,,,,,,,,,,,,,,,,,,,,,,,,,,,space,4.761,,,,,,,,,,,,,,,,,,,,,,,,,,,,,,,,,,,,,,,,,,,,,,,,,,,,,,,,,,,,,,,,,,,,,,,,,,,,,,,,,,,,,,,,,,,,,,,,,
,,,,,,,,,,,001,2025-05-08_19h20.45.832,SLSI_O,2022.2.5,Win32,59.88023952,,,,,,,,,,,,,,,,,,,,,,,,,,,,,,,,,,,,,,,,,,,,,,,,,,,,,,,,,,,1,[1175.4137999999523],[1175.414],,,,,,,,,,,,,,,,,,,,,,,,,,,,,,,,,,,,,,,,,,,,,,,,,,,,,,,,,,,,,,,,,,,,,,,,,,,,,,,,,,,,,,,,,,,,,,
,,,,,,,,,,,001,2025-05-08_19h20.45.832,SLSI_O,2022.2.5,Win32,59.88023952,,,,,,,,,,,,,,,,,,,,,,,,,,,,,,,,,,,,,,,,,,,,,,,,,,,,,,,,,,,,,,"[-0.0390625,-0.05078125,0.08854166666666667,-0.053385416666666664,-0.061197916666666664,-0.061197916666666664,-0.061197916666666664,-0.015625,-0.12890625,-0.3958333333333333]","[0.11848958333333333,0.052083333333333336,0.014322916666666666,0.0390625,0.0390625,0.0390625,0.0390625,-0.09375,-0.23828125,0.4440104166666667]","[1,1,1,1,1,1,1,1,1,1]","[0,0,0,0,0,0,0,0,0,0]","[0,0,0,0,0,0,0,0,0,0]","[4.958099999904562,18.8277000000478,23.40659999990453,24.80529999995224,25.58759999990457,25.887500000000045,26.32029999995234,36.46029999995221,38.99150000000009,45.634900000095286]",,,,,,,,,,,,,,,,,,,,,,,,,,,,,,,,,,,,,,,,,,,,,,,,,,,,,,,,,,,,,,,,,,,,,,,,,,,,,,,,,,,,,,,,
,,,,,,,,,,,001,2025-05-08_19h20.45.832,SLSI_O,2022.2.5,Win32,59.88023952,,,,,,,,,,,,,,,,,,,,,,,,,,,,,,,,,,,,,,,,,,,,,,,,,,,,,,,,,space,3.3087,,,,,,,,,,,,,,,,,,,,,,,,,,,,,,,,,,,,,,,,,,,,,,,,,,,,,,,,,,,,,,,,,,,,,,,,,,,,,,,,,,,,,,,,,,,,,,,,,
,,,,,,,,,,,001,2025-05-08_19h20.45.832,SLSI_O,2022.2.5,Win32,59.88023952,,,,,,,,,,,,,,,,,,,,,,,,,,,,,,,,,,,,,,,,,,,,,,,,,,,,,,,,,,,,,,,,,,,,1,[1232.7165],[1232.7165999999047],,,,,,,,,,,,,,,,,,,,,,,,,,,,,,,,,,,,,,,,,,,,,,,,,,,,,,,,,,,,,,,,,,,,,,,,,,,,,,,,,,,,,
,,,,,,,,,,,001,2025-05-08_19h20.45.832,SLSI_O,2022.2.5,Win32,59.88023952,,,,,,,,,,,,,,,,,,,,,,,,,,,,,,,,,,,,,,,,,,,,,,,,,,,,,,,,,,,,,,,,,,,,,,,"[-0.1640625,-0.14192708333333334,-0.109375,-0.0625,-0.2109375,0.17447916666666666,0.17447916666666666,0.0625,0.3385416666666667,0.12890625,-0.03125]","[-0.18229166666666666,-0.13411458333333334,-0.14713541666666666,-0.375,-0.3385416666666667,0.09895833333333333,0.09895833333333333,0.09505208333333333,0.10677083333333333,0.18229166666666666,0.19661458333333334]","[1,1,1,1,1,1,0,1,1,1,1]","[0,0,0,0,0,0,0,0,0,0,0]","[0,0,0,0,0,0,1,0,0,0,0]","[12.634799999952293,35.52970000004757,36.5280999999045,45.06959999990454,46.56829999995216,48.81659999990461,49.51540000009527,50.580799999952205,52.146200000047656,53.94440000009536,55.19320000004768]",,,,,,,,,,,,,,,,,,,,,,,,,,,,,,,,,,,,,,,,,,,,,,,,,,,,,,,,,,,,,,,,,,,,,,,,,,,,,,,
,,,,,,,,,,,001,2025-05-08_19h20.45.832,SLSI_O,2022.2.5,Win32,59.88023952,,,,,,,,,,,,,,,,,,,,,,,,,,,,,,,,,,,,,,,,,,,,,,,,,,,,,,,,,space,2.7359,,,,,,,,,,,,,,,,,,,,,,,,,,,,,,,,,,,,,,,,,,,,,,,,,,,,,,,,,,,,,,,,,,,,,,,,,,,,,,,,,,,,,,,,,,,,,,,,,
,,,,,,,,,,,001,2025-05-08_19h20.45.832,SLSI_O,2022.2.5,Win32,59.88023952,,,,,,,,,,,,,,,,,,,,,,,,,,,,,,,,,,,,,,,,,,,,,,,,,,,,,,,,,,,,,,,,,,,,,,,,,,,,,1,[1297.4148000001908],[1297.4149000000955],,,,,,,,,,,,,,,,,,,,,,,,,,,,,,,,,,,,,,,,,,,,,,,,,,,,,,,,,,,,,,,,,,,,,,,,,,,,
,,,,,,,,,,,001,2025-05-08_19h20.45.832,SLSI_O,2022.2.5,Win32,59.88023952,,,,,,,,,space,7.5124,,,,,,,,,,,,,,,,,,,,,,,,,,,,,,,,,,,,,,,,,,,,,,,,,,,,,,,,,,,,,,,,,,,,,,,,,,,,,,,,,,,,,,,,,,,,,,,,,,,,,,,,,,,,,,,,,,,,,,,,,,,,,,,,,,,,,,,,,,,,,,,,,
,,,,,,,,,,,001,2025-05-08_19h20.45.832,SLSI_O,2022.2.5,Win32,59.88023952,,,,,,,,,,,25,"[320.5860999999046,375.5635999999046,416.00759999990464,436.87020000004765,480.64409999990465,520.1887999999524,588.5220999999046,625.9522000000477,643.2732000000478,658.1047999999523,676.5245999999047,697.6652000000477,710.8355999999046,743.72,773.5077999999523,798.4725000000001,832.8050999999048,849.45,860.5392999999524,878.0557000000476,893.3237999999524,938.2305999999046,957.1782999999523,978.7737999999522,1366.2777999999523]","[320.5860999999046,375.5637000000477,416.0077000000477,436.87039999985694,480.64420000004776,520.1888999998571,588.5222999999523,625.9522999999524,643.2732000000478,658.1050999999047,676.5245999999047,697.6652999999524,710.8357999999523,743.72,773.507899999857,798.4725999999048,832.8050999999048,849.4500999999048,860.5393999998571,878.0557000000476,893.3238999998571,938.230899999857,957.178399999857,978.7738999998569,1366.277899999857]",,13,"[326.4622999999523,417.7707999999523,495.4607999999523,627.1652999999524,644.2652999999524,698.8120999999047,799.996399999857,850.6970999999047,863.9002999999524,882.466399999857,958.4415,980.1868999998569,1368.307399999857]","[326.4625,417.7707999999523,495.460899999857,627.1652999999524,644.265399999857,698.8122000000477,799.9965000000001,850.6970999999047,863.9002999999524,882.4665,958.4415999999046,980.1870999999046,1368.3075000000001]",12,"[377.1760999999046,438.04949999999997,521.5015999999047,589.6180999999046,659.2045,677.4856999998093,711.9320999999046,744.799399999857,774.8871999998092,834.3465,894.5532999999524,940.3251999998093]","[377.1762999999523,438.04949999999997,521.5017999999524,589.6181999998093,659.2045,677.4857999999523,711.9321999998093,744.7995000000001,774.8871999998092,834.3466999998093,894.5532999999524,940.3252999999523]","[""scam_button""]",7.0703125,2.4641,1.015625,5.8708,0.143229167,2.8873,,,,,,resources/images/scam15.jpg,scam,0.65,0.65,0,0,,,,,,,,,,,,,,,,,,,,,,,,,,,,,,,,,,,,,,,,,,0,0,0,10,1,,,,,,,,,,,,,,,,,,,,,,,,,,,,,,,,,,,,,,,,,,,,,,,,,,,,,,,,,,,,,,,,,,,,,,,
,,,,,,,,,,,001,2025-05-08_19h20.45.832,SLSI_O,2022.2.5,Win32,59.88023952,,,,,,,,,,,26,"[320.5860999999046,375.5635999999046,416.00759999990464,436.87020000004765,480.64409999990465,520.1887999999524,588.5220999999046,625.9522000000477,643.2732000000478,658.1047999999523,676.5245999999047,697.6652000000477,710.8355999999046,743.72,773.5077999999523,798.4725000000001,832.8050999999048,849.45,860.5392999999524,878.0557000000476,893.3237999999524,938.2305999999046,957.1782999999523,978.7737999999522,1366.2777999999523,1399.5962999999524]","[320.5860999999046,375.5637000000477,416.0077000000477,436.87039999985694,480.64420000004776,520.1888999998571,588.5222999999523,625.9522999999524,643.2732000000478,658.1050999999047,676.5245999999047,697.6652999999524,710.8357999999523,743.72,773.507899999857,798.4725999999048,832.8050999999048,849.4500999999048,860.5393999998571,878.0557000000476,893.3238999998571,938.230899999857,957.178399999857,978.7738999998569,1366.277899999857,1399.5963999998569]",,13,"[326.4622999999523,417.7707999999523,495.4607999999523,627.1652999999524,644.2652999999524,698.8120999999047,799.996399999857,850.6970999999047,863.9002999999524,882.466399999857,958.4415,980.1868999998569,1368.307399999857]","[326.4625,417.7707999999523,495.460899999857,627.1652999999524,644.265399999857,698.8122000000477,799.9965000000001,850.6970999999047,863.9002999999524,882.4665,958.4415999999046,980.1870999999046,1368.3075000000001]",13,"[377.1760999999046,438.04949999999997,521.5015999999047,589.6180999999046,659.2045,677.4856999998093,711.9320999999046,744.799399999857,774.8871999998092,834.3465,894.5532999999524,940.3251999998093,1400.5753999998572]","[377.1762999999523,438.04949999999997,521.5017999999524,589.6181999998093,659.2045,677.4857999999523,711.9321999998093,744.7995000000001,774.8871999998092,834.3466999998093,894.5532999999524,940.3252999999523,1400.5753999998572]","[""legit_button""]",7.005208333,1.5519,7.044270833,1.3202,7.044270833,0.6252,,,,,,resources/images/legit_23.png,legit,1,0.65,0,0,,,,,,,,,,,,,,,,,,,,,,,,,,,,,,,,,,,,,,,,,,0,1,1,8,1,,,,,,,,,,,,,,,,,,,,,,,,,,,,,,,,,,,,,,,,,,,,,,,,,,,,,,,,,,,,,,,,,,,,,,,
,,,,,,,,,,,001,2025-05-08_19h20.45.832,SLSI_O,2022.2.5,Win32,59.88023952,,,,,,,,,,,27,"[320.5860999999046,375.5635999999046,416.00759999990464,436.87020000004765,480.64409999990465,520.1887999999524,588.5220999999046,625.9522000000477,643.2732000000478,658.1047999999523,676.5245999999047,697.6652000000477,710.8355999999046,743.72,773.5077999999523,798.4725000000001,832.8050999999048,849.45,860.5392999999524,878.0557000000476,893.3237999999524,938.2305999999046,957.1782999999523,978.7737999999522,1366.2777999999523,1399.5962999999524,1410.6847999999522]","[320.5860999999046,375.5637000000477,416.0077000000477,436.87039999985694,480.64420000004776,520.1888999998571,588.5222999999523,625.9522999999524,643.2732000000478,658.1050999999047,676.5245999999047,697.6652999999524,710.8357999999523,743.72,773.507899999857,798.4725999999048,832.8050999999048,849.4500999999048,860.5393999998571,878.0557000000476,893.3238999998571,938.230899999857,957.178399999857,978.7738999998569,1366.277899999857,1399.5963999998569,1410.684899999857]",,14,"[326.4622999999523,417.7707999999523,495.4607999999523,627.1652999999524,644.2652999999524,698.8120999999047,799.996399999857,850.6970999999047,863.9002999999524,882.466399999857,958.4415,980.1868999998569,1368.307399999857,1411.8482000000477]","[326.4625,417.7707999999523,495.460899999857,627.1652999999524,644.265399999857,698.8122000000477,799.9965000000001,850.6970999999047,863.9002999999524,882.4665,958.4415999999046,980.1870999999046,1368.3075000000001,1411.8482000000477]",13,"[377.1760999999046,438.04949999999997,521.5015999999047,589.6180999999046,659.2045,677.4856999998093,711.9320999999046,744.799399999857,774.8871999998092,834.3465,894.5532999999524,940.3251999998093,1400.5753999998572]","[377.1762999999523,438.04949999999997,521.5017999999524,589.6181999998093,659.2045,677.4857999999523,711.9321999998093,744.7995000000001,774.8871999998092,834.3466999998093,894.5532999999524,940.3252999999523,1400.5753999998572]","[""scam_button""]",8.971354167,2.0542,4.921875,1.824,0.989583333,1.722,,,,,,resources/images/legit_22.png,legit,1,0.78,0,0,,,,,,,,,,,,,,,,,,,,,,,,,,,,,,,,,,,,,,,,,,0,2,2,9,1,,,,,,,,,,,,,,,,,,,,,,,,,,,,,,,,,,,,,,,,,,,,,,,,,,,,,,,,,,,,,,,,,,,,,,,
,,,,,,,,,,,001,2025-05-08_19h20.45.832,SLSI_O,2022.2.5,Win32,59.88023952,,,,,,,,,,,28,"[320.5860999999046,375.5635999999046,416.00759999990464,436.87020000004765,480.64409999990465,520.1887999999524,588.5220999999046,625.9522000000477,643.2732000000478,658.1047999999523,676.5245999999047,697.6652000000477,710.8355999999046,743.72,773.5077999999523,798.4725000000001,832.8050999999048,849.45,860.5392999999524,878.0557000000476,893.3237999999524,938.2305999999046,957.1782999999523,978.7737999999522,1366.2777999999523,1399.5962999999524,1410.6847999999522,1431.4307999999523]","[320.5860999999046,375.5637000000477,416.0077000000477,436.87039999985694,480.64420000004776,520.1888999998571,588.5222999999523,625.9522999999524,643.2732000000478,658.1050999999047,676.5245999999047,697.6652999999524,710.8357999999523,743.72,773.507899999857,798.4725999999048,832.8050999999048,849.4500999999048,860.5393999998571,878.0557000000476,893.3238999998571,938.230899999857,957.178399999857,978.7738999998569,1366.277899999857,1399.5963999998569,1410.684899999857,1431.431]",,15,"[326.4622999999523,417.7707999999523,495.4607999999523,627.1652999999524,644.2652999999524,698.8120999999047,799.996399999857,850.6970999999047,863.9002999999524,882.466399999857,958.4415,980.1868999998569,1368.307399999857,1411.8482000000477,1432.4125000000001]","[326.4625,417.7707999999523,495.460899999857,627.1652999999524,644.265399999857,698.8122000000477,799.9965000000001,850.6970999999047,863.9002999999524,882.4665,958.4415999999046,980.1870999999046,1368.3075000000001,1411.8482000000477,1432.4127000000476]",13,"[377.1760999999046,438.04949999999997,521.5015999999047,589.6180999999046,659.2045,677.4856999998093,711.9320999999046,744.799399999857,774.8871999998092,834.3465,894.5532999999524,940.3251999998093,1400.5753999998572]","[377.1762999999523,438.04949999999997,521.5017999999524,589.6181999998093,659.2045,677.4857999999523,711.9321999998093,744.7995000000001,774.8871999998092,834.3466999998093,894.5532999999524,940.3252999999523,1400.5753999998572]","[""scam_button""]",9.895833333,2.9351,5.091145833,2.1954,0.989583333,1.5882,,,,,,resources/images/legit16.jpg,legit,0.65,0.65,0,0,,,,,,,,,,,,,,,,,,,,,,,,,,,,,,,,,,,,,,,,,,0,3,3,15,1,,,,,,,,,,,,,,,,,,,,,,,,,,,,,,,,,,,,,,,,,,,,,,,,,,,,,,,,,,,,,,,,,,,,,,,
,,,,,,,,,,,001,2025-05-08_19h20.45.832,SLSI_O,2022.2.5,Win32,59.88023952,,,,,,,,,,,29,"[320.5860999999046,375.5635999999046,416.00759999990464,436.87020000004765,480.64409999990465,520.1887999999524,588.5220999999046,625.9522000000477,643.2732000000478,658.1047999999523,676.5245999999047,697.6652000000477,710.8355999999046,743.72,773.5077999999523,798.4725000000001,832.8050999999048,849.45,860.5392999999524,878.0557000000476,893.3237999999524,938.2305999999046,957.1782999999523,978.7737999999522,1366.2777999999523,1399.5962999999524,1410.6847999999522,1431.4307999999523,1470.1263999998569]","[320.5860999999046,375.5637000000477,416.0077000000477,436.87039999985694,480.64420000004776,520.1888999998571,588.5222999999523,625.9522999999524,643.2732000000478,658.1050999999047,676.5245999999047,697.6652999999524,710.8357999999523,743.72,773.507899999857,798.4725999999048,832.8050999999048,849.4500999999048,860.5393999998571,878.0557000000476,893.3238999998571,938.230899999857,957.178399999857,978.7738999998569,1366.277899999857,1399.5963999998569,1410.684899999857,1431.431,1470.1263999998569]",,16,"[326.4622999999523,417.7707999999523,495.4607999999523,627.1652999999524,644.2652999999524,698.8120999999047,799.996399999857,850.6970999999047,863.9002999999524,882.466399999857,958.4415,980.1868999998569,1368.307399999857,1411.8482000000477,1432.4125000000001,1471.2567000000477]","[326.4625,417.7707999999523,495.460899999857,627.1652999999524,644.265399999857,698.8122000000477,799.9965000000001,850.6970999999047,863.9002999999524,882.4665,958.4415999999046,980.1870999999046,1368.3075000000001,1411.8482000000477,1432.4127000000476,1471.2567999999524]",13,"[377.1760999999046,438.04949999999997,521.5015999999047,589.6180999999046,659.2045,677.4856999998093,711.9320999999046,744.799399999857,774.8871999998092,834.3465,894.5532999999524,940.3251999998093,1400.5753999998572]","[377.1762999999523,438.04949999999997,521.5017999999524,589.6181999998093,659.2045,677.4857999999523,711.9321999998093,744.7995000000001,774.8871999998092,834.3466999998093,894.5532999999524,940.3252999999523,1400.5753999998572]","[""scam_button""]",7.890625,1.3188,4.036458333,1.9746,0.872395833,1.3613,,,,,,resources/images/scam8.jpg,scam,0.65,0.65,0,0,,,,,,,,,,,,,,,,,,,,,,,,,,,,,,,,,,,,,,,,,,0,4,4,0,1,,,,,,,,,,,,,,,,,,,,,,,,,,,,,,,,,,,,,,,,,,,,,,,,,,,,,,,,,,,,,,,,,,,,,,,
,,,,,,,,,,,001,2025-05-08_19h20.45.832,SLSI_O,2022.2.5,Win32,59.88023952,,,,,,,,,,,30,"[320.5860999999046,375.5635999999046,416.00759999990464,436.87020000004765,480.64409999990465,520.1887999999524,588.5220999999046,625.9522000000477,643.2732000000478,658.1047999999523,676.5245999999047,697.6652000000477,710.8355999999046,743.72,773.5077999999523,798.4725000000001,832.8050999999048,849.45,860.5392999999524,878.0557000000476,893.3237999999524,938.2305999999046,957.1782999999523,978.7737999999522,1366.2777999999523,1399.5962999999524,1410.6847999999522,1431.4307999999523,1470.1263999998569,1484.3330999999046]","[320.5860999999046,375.5637000000477,416.0077000000477,436.87039999985694,480.64420000004776,520.1888999998571,588.5222999999523,625.9522999999524,643.2732000000478,658.1050999999047,676.5245999999047,697.6652999999524,710.8357999999523,743.72,773.507899999857,798.4725999999048,832.8050999999048,849.4500999999048,860.5393999998571,878.0557000000476,893.3238999998571,938.230899999857,957.178399999857,978.7738999998569,1366.277899999857,1399.5963999998569,1410.684899999857,1431.431,1470.1263999998569,1484.3330999999046]",,17,"[326.4622999999523,417.7707999999523,495.4607999999523,627.1652999999524,644.2652999999524,698.8120999999047,799.996399999857,850.6970999999047,863.9002999999524,882.466399999857,958.4415,980.1868999998569,1368.307399999857,1411.8482000000477,1432.4125000000001,1471.2567000000477,1485.642899999857]","[326.4625,417.7707999999523,495.460899999857,627.1652999999524,644.265399999857,698.8122000000477,799.9965000000001,850.6970999999047,863.9002999999524,882.4665,958.4415999999046,980.1870999999046,1368.3075000000001,1411.8482000000477,1432.4127000000476,1471.2567999999524,1485.643]",13,"[377.1760999999046,438.04949999999997,521.5015999999047,589.6180999999046,659.2045,677.4856999998093,711.9320999999046,744.799399999857,774.8871999998092,834.3465,894.5532999999524,940.3251999998093,1400.5753999998572]","[377.1762999999523,438.04949999999997,521.5017999999524,589.6181999998093,659.2045,677.4857999999523,711.9321999998093,744.7995000000001,774.8871999998092,834.3466999998093,894.5532999999524,940.3252999999523,1400.5753999998572]","[""scam_button""]",8.138020833,2.1117,5,2.5399,0.9765625,1.2454,,,,,,resources/images/legit15.jpg,legit,0.95,0.65,0,0,,,,,,,,,,,,,,,,,,,,,,,,,,,,,,,,,,,,,,,,,,0,5,5,13,1,,,,,,,,,,,,,,,,,,,,,,,,,,,,,,,,,,,,,,,,,,,,,,,,,,,,,,,,,,,,,,,,,,,,,,,
,,,,,,,,,,,001,2025-05-08_19h20.45.832,SLSI_O,2022.2.5,Win32,59.88023952,,,,,,,,,,,31,"[320.5860999999046,375.5635999999046,416.00759999990464,436.87020000004765,480.64409999990465,520.1887999999524,588.5220999999046,625.9522000000477,643.2732000000478,658.1047999999523,676.5245999999047,697.6652000000477,710.8355999999046,743.72,773.5077999999523,798.4725000000001,832.8050999999048,849.45,860.5392999999524,878.0557000000476,893.3237999999524,938.2305999999046,957.1782999999523,978.7737999999522,1366.2777999999523,1399.5962999999524,1410.6847999999522,1431.4307999999523,1470.1263999998569,1484.3330999999046,1512.2685999999046]","[320.5860999999046,375.5637000000477,416.0077000000477,436.87039999985694,480.64420000004776,520.1888999998571,588.5222999999523,625.9522999999524,643.2732000000478,658.1050999999047,676.5245999999047,697.6652999999524,710.8357999999523,743.72,773.507899999857,798.4725999999048,832.8050999999048,849.4500999999048,860.5393999998571,878.0557000000476,893.3238999998571,938.230899999857,957.178399999857,978.7738999998569,1366.277899999857,1399.5963999998569,1410.684899999857,1431.431,1470.1263999998569,1484.3330999999046,1512.2687000000476]",,18,"[326.4622999999523,417.7707999999523,495.4607999999523,627.1652999999524,644.2652999999524,698.8120999999047,799.996399999857,850.6970999999047,863.9002999999524,882.466399999857,958.4415,980.1868999998569,1368.307399999857,1411.8482000000477,1432.4125000000001,1471.2567000000477,1485.642899999857,1513.248899999857]","[326.4625,417.7707999999523,495.460899999857,627.1652999999524,644.265399999857,698.8122000000477,799.9965000000001,850.6970999999047,863.9002999999524,882.4665,958.4415999999046,980.1870999999046,1368.3075000000001,1411.8482000000477,1432.4127000000476,1471.2567999999524,1485.643,1513.249]",13,"[377.1760999999046,438.04949999999997,521.5015999999047,589.6180999999046,659.2045,677.4856999998093,711.9320999999046,744.799399999857,774.8871999998092,834.3465,894.5532999999524,940.3251999998093,1400.5753999998572]","[377.1762999999523,438.04949999999997,521.5017999999524,589.6181999998093,659.2045,677.4857999999523,711.9321999998093,744.7995000000001,774.8871999998092,834.3466999998093,894.5532999999524,940.3252999999523,1400.5753999998572]","[""scam_button""]",9.348958333,1.7299,4.869791667,2.2854,0.885416667,1.3361,,,,,,resources/images/scam_23.png,scam,1,0.8,0,0,,,,,,,,,,,,,,,,,,,,,,,,,,,,,,,,,,,,,,,,,,0,6,6,21,1,,,,,,,,,,,,,,,,,,,,,,,,,,,,,,,,,,,,,,,,,,,,,,,,,,,,,,,,,,,,,,,,,,,,,,,
,,,,,,,,,,,001,2025-05-08_19h20.45.832,SLSI_O,2022.2.5,Win32,59.88023952,,,,,,,,,,,32,"[320.5860999999046,375.5635999999046,416.00759999990464,436.87020000004765,480.64409999990465,520.1887999999524,588.5220999999046,625.9522000000477,643.2732000000478,658.1047999999523,676.5245999999047,697.6652000000477,710.8355999999046,743.72,773.5077999999523,798.4725000000001,832.8050999999048,849.45,860.5392999999524,878.0557000000476,893.3237999999524,938.2305999999046,957.1782999999523,978.7737999999522,1366.2777999999523,1399.5962999999524,1410.6847999999522,1431.4307999999523,1470.1263999998569,1484.3330999999046,1512.2685999999046,1534.964]","[320.5860999999046,375.5637000000477,416.0077000000477,436.87039999985694,480.64420000004776,520.1888999998571,588.5222999999523,625.9522999999524,643.2732000000478,658.1050999999047,676.5245999999047,697.6652999999524,710.8357999999523,743.72,773.507899999857,798.4725999999048,832.8050999999048,849.4500999999048,860.5393999998571,878.0557000000476,893.3238999998571,938.230899999857,957.178399999857,978.7738999998569,1366.277899999857,1399.5963999998569,1410.684899999857,1431.431,1470.1263999998569,1484.3330999999046,1512.2687000000476,1534.9640999999046]",,19,"[326.4622999999523,417.7707999999523,495.4607999999523,627.1652999999524,644.2652999999524,698.8120999999047,799.996399999857,850.6970999999047,863.9002999999524,882.466399999857,958.4415,980.1868999998569,1368.307399999857,1411.8482000000477,1432.4125000000001,1471.2567000000477,1485.642899999857,1513.248899999857,1537.1257999999523]","[326.4625,417.7707999999523,495.460899999857,627.1652999999524,644.265399999857,698.8122000000477,799.9965000000001,850.6970999999047,863.9002999999524,882.4665,958.4415999999046,980.1870999999046,1368.3075000000001,1411.8482000000477,1432.4127000000476,1471.2567999999524,1485.643,1513.249,1537.125899999857]",13,"[377.1760999999046,438.04949999999997,521.5015999999047,589.6180999999046,659.2045,677.4856999998093,711.9320999999046,744.799399999857,774.8871999998092,834.3465,894.5532999999524,940.3251999998093,1400.5753999998572]","[377.1762999999523,438.04949999999997,521.5017999999524,589.6181999998093,659.2045,677.4857999999523,711.9321999998093,744.7995000000001,774.8871999998092,834.3466999998093,894.5532999999524,940.3252999999523,1400.5753999998572]","[""scam_button""]",5.065104167,1.7635,3.932291667,1.1008,0.950520833,1.1299,,,,,,resources/images/legit_19.png,legit,0.65,0.65,0,0,,,,,,,,,,,,,,,,,,,,,,,,,,,,,,,,,,,,,,,,,,0,7,7,4,1,,,,,,,,,,,,,,,,,,,,,,,,,,,,,,,,,,,,,,,,,,,,,,,,,,,,,,,,,,,,,,,,,,,,,,,
,,,,,,,,,,,001,2025-05-08_19h20.45.832,SLSI_O,2022.2.5,Win32,59.88023952,,,,,,,,,,,33,"[320.5860999999046,375.5635999999046,416.00759999990464,436.87020000004765,480.64409999990465,520.1887999999524,588.5220999999046,625.9522000000477,643.2732000000478,658.1047999999523,676.5245999999047,697.6652000000477,710.8355999999046,743.72,773.5077999999523,798.4725000000001,832.8050999999048,849.45,860.5392999999524,878.0557000000476,893.3237999999524,938.2305999999046,957.1782999999523,978.7737999999522,1366.2777999999523,1399.5962999999524,1410.6847999999522,1431.4307999999523,1470.1263999998569,1484.3330999999046,1512.2685999999046,1534.964,1577.355399999857]","[320.5860999999046,375.5637000000477,416.0077000000477,436.87039999985694,480.64420000004776,520.1888999998571,588.5222999999523,625.9522999999524,643.2732000000478,658.1050999999047,676.5245999999047,697.6652999999524,710.8357999999523,743.72,773.507899999857,798.4725999999048,832.8050999999048,849.4500999999048,860.5393999998571,878.0557000000476,893.3238999998571,938.230899999857,957.178399999857,978.7738999998569,1366.277899999857,1399.5963999998569,1410.684899999857,1431.431,1470.1263999998569,1484.3330999999046,1512.2687000000476,1534.9640999999046,1577.3555]",,20,"[326.4622999999523,417.7707999999523,495.4607999999523,627.1652999999524,644.2652999999524,698.8120999999047,799.996399999857,850.6970999999047,863.9002999999524,882.466399999857,958.4415,980.1868999998569,1368.307399999857,1411.8482000000477,1432.4125000000001,1471.2567000000477,1485.642899999857,1513.248899999857,1537.1257999999523,1578.6187000000477]","[326.4625,417.7707999999523,495.460899999857,627.1652999999524,644.265399999857,698.8122000000477,799.9965000000001,850.6970999999047,863.9002999999524,882.4665,958.4415999999046,980.1870999999046,1368.3075000000001,1411.8482000000477,1432.4127000000476,1471.2567999999524,1485.643,1513.249,1537.125899999857,1578.6187999999524]",13,"[377.1760999999046,438.04949999999997,521.5015999999047,589.6180999999046,659.2045,677.4856999998093,711.9320999999046,744.799399999857,774.8871999998092,834.3465,894.5532999999524,940.3251999998093,1400.5753999998572]","[377.1762999999523,438.04949999999997,521.5017999999524,589.6181999998093,659.2045,677.4857999999523,711.9321999998093,744.7995000000001,774.8871999998092,834.3466999998093,894.5532999999524,940.3252999999523,1400.5753999998572]","[""scam_button""]",7.018229167,1.3086,5.026041667,1.1293,0.950520833,1.4889,,,,,,resources/images/scam_20.png,scam,1.45,0.6,0,0,,,,,,,,,,,,,,,,,,,,,,,,,,,,,,,,,,,,,,,,,,0,8,8,18,1,,,,,,,,,,,,,,,,,,,,,,,,,,,,,,,,,,,,,,,,,,,,,,,,,,,,,,,,,,,,,,,,,,,,,,,
,,,,,,,,,,,001,2025-05-08_19h20.45.832,SLSI_O,2022.2.5,Win32,59.88023952,,,,,,,,,,,34,"[320.5860999999046,375.5635999999046,416.00759999990464,436.87020000004765,480.64409999990465,520.1887999999524,588.5220999999046,625.9522000000477,643.2732000000478,658.1047999999523,676.5245999999047,697.6652000000477,710.8355999999046,743.72,773.5077999999523,798.4725000000001,832.8050999999048,849.45,860.5392999999524,878.0557000000476,893.3237999999524,938.2305999999046,957.1782999999523,978.7737999999522,1366.2777999999523,1399.5962999999524,1410.6847999999522,1431.4307999999523,1470.1263999998569,1484.3330999999046,1512.2685999999046,1534.964,1577.355399999857,1600.3157999999523]","[320.5860999999046,375.5637000000477,416.0077000000477,436.87039999985694,480.64420000004776,520.1888999998571,588.5222999999523,625.9522999999524,643.2732000000478,658.1050999999047,676.5245999999047,697.6652999999524,710.8357999999523,743.72,773.507899999857,798.4725999999048,832.8050999999048,849.4500999999048,860.5393999998571,878.0557000000476,893.3238999998571,938.230899999857,957.178399999857,978.7738999998569,1366.277899999857,1399.5963999998569,1410.684899999857,1431.431,1470.1263999998569,1484.3330999999046,1512.2687000000476,1534.9640999999046,1577.3555,1600.316]",,21,"[326.4622999999523,417.7707999999523,495.4607999999523,627.1652999999524,644.2652999999524,698.8120999999047,799.996399999857,850.6970999999047,863.9002999999524,882.466399999857,958.4415,980.1868999998569,1368.307399999857,1411.8482000000477,1432.4125000000001,1471.2567000000477,1485.642899999857,1513.248899999857,1537.1257999999523,1578.6187000000477,1601.5295]","[326.4625,417.7707999999523,495.460899999857,627.1652999999524,644.265399999857,698.8122000000477,799.9965000000001,850.6970999999047,863.9002999999524,882.4665,958.4415999999046,980.1870999999046,1368.3075000000001,1411.8482000000477,1432.4127000000476,1471.2567999999524,1485.643,1513.249,1537.125899999857,1578.6187999999524,1601.5295999999046]",13,"[377.1760999999046,438.04949999999997,521.5015999999047,589.6180999999046,659.2045,677.4856999998093,711.9320999999046,744.799399999857,774.8871999998092,834.3465,894.5532999999524,940.3251999998093,1400.5753999998572]","[377.1762999999523,438.04949999999997,521.5017999999524,589.6181999998093,659.2045,677.4857999999523,711.9321999998093,744.7995000000001,774.8871999998092,834.3466999998093,894.5532999999524,940.3252999999523,1400.5753999998572]","[""scam_button""]",7.903645833,1.6221,5.078125,1.3089,1.106770833,1.7098,,,,,,resources/images/scam16.png,scam,0.65,0.65,0,0,,,,,,,,,,,,,,,,,,,,,,,,,,,,,,,,,,,,,,,,,,0,9,9,11,1,,,,,,,,,,,,,,,,,,,,,,,,,,,,,,,,,,,,,,,,,,,,,,,,,,,,,,,,,,,,,,,,,,,,,,,
,,,,,,,,,,,001,2025-05-08_19h20.45.832,SLSI_O,2022.2.5,Win32,59.88023952,,,,,,,,,,,35,"[320.5860999999046,375.5635999999046,416.00759999990464,436.87020000004765,480.64409999990465,520.1887999999524,588.5220999999046,625.9522000000477,643.2732000000478,658.1047999999523,676.5245999999047,697.6652000000477,710.8355999999046,743.72,773.5077999999523,798.4725000000001,832.8050999999048,849.45,860.5392999999524,878.0557000000476,893.3237999999524,938.2305999999046,957.1782999999523,978.7737999999522,1366.2777999999523,1399.5962999999524,1410.6847999999522,1431.4307999999523,1470.1263999998569,1484.3330999999046,1512.2685999999046,1534.964,1577.355399999857,1600.3157999999523,1622.844899999857]","[320.5860999999046,375.5637000000477,416.0077000000477,436.87039999985694,480.64420000004776,520.1888999998571,588.5222999999523,625.9522999999524,643.2732000000478,658.1050999999047,676.5245999999047,697.6652999999524,710.8357999999523,743.72,773.507899999857,798.4725999999048,832.8050999999048,849.4500999999048,860.5393999998571,878.0557000000476,893.3238999998571,938.230899999857,957.178399999857,978.7738999998569,1366.277899999857,1399.5963999998569,1410.684899999857,1431.431,1470.1263999998569,1484.3330999999046,1512.2687000000476,1534.9640999999046,1577.3555,1600.316,1622.8450999999045]",,22,"[326.4622999999523,417.7707999999523,495.4607999999523,627.1652999999524,644.2652999999524,698.8120999999047,799.996399999857,850.6970999999047,863.9002999999524,882.466399999857,958.4415,980.1868999998569,1368.307399999857,1411.8482000000477,1432.4125000000001,1471.2567000000477,1485.642899999857,1513.248899999857,1537.1257999999523,1578.6187000000477,1601.5295,1629.9357000000477]","[326.4625,417.7707999999523,495.460899999857,627.1652999999524,644.265399999857,698.8122000000477,799.9965000000001,850.6970999999047,863.9002999999524,882.4665,958.4415999999046,980.1870999999046,1368.3075000000001,1411.8482000000477,1432.4127000000476,1471.2567999999524,1485.643,1513.249,1537.125899999857,1578.6187999999524,1601.5295999999046,1629.935899999857]",13,"[377.1760999999046,438.04949999999997,521.5015999999047,589.6180999999046,659.2045,677.4856999998093,711.9320999999046,744.799399999857,774.8871999998092,834.3465,894.5532999999524,940.3251999998093,1400.5753999998572]","[377.1762999999523,438.04949999999997,521.5017999999524,589.6181999998093,659.2045,677.4857999999523,711.9321999998093,744.7995000000001,774.8871999998092,834.3466999998093,894.5532999999524,940.3252999999523,1400.5753999998572]","[""scam_button""]",5.013020833,1.642,2.747395833,1.3137,1.080729167,1.0511,,,,,,resources/images/scam_21.png,scam,1,0.65,0,0,,,,,,,,,,,,,,,,,,,,,,,,,,,,,,,,,,,,,,,,,,0,10,10,19,1,,,,,,,,,,,,,,,,,,,,,,,,,,,,,,,,,,,,,,,,,,,,,,,,,,,,,,,,,,,,,,,,,,,,,,,
,,,,,,,,,,,001,2025-05-08_19h20.45.832,SLSI_O,2022.2.5,Win32,59.88023952,,,,,,,,,,,36,"[320.5860999999046,375.5635999999046,416.00759999990464,436.87020000004765,480.64409999990465,520.1887999999524,588.5220999999046,625.9522000000477,643.2732000000478,658.1047999999523,676.5245999999047,697.6652000000477,710.8355999999046,743.72,773.5077999999523,798.4725000000001,832.8050999999048,849.45,860.5392999999524,878.0557000000476,893.3237999999524,938.2305999999046,957.1782999999523,978.7737999999522,1366.2777999999523,1399.5962999999524,1410.6847999999522,1431.4307999999523,1470.1263999998569,1484.3330999999046,1512.2685999999046,1534.964,1577.355399999857,1600.3157999999523,1622.844899999857,1687.8647000000476]","[320.5860999999046,375.5637000000477,416.0077000000477,436.87039999985694,480.64420000004776,520.1888999998571,588.5222999999523,625.9522999999524,643.2732000000478,658.1050999999047,676.5245999999047,697.6652999999524,710.8357999999523,743.72,773.507899999857,798.4725999999048,832.8050999999048,849.4500999999048,860.5393999998571,878.0557000000476,893.3238999998571,938.230899999857,957.178399999857,978.7738999998569,1366.277899999857,1399.5963999998569,1410.684899999857,1431.431,1470.1263999998569,1484.3330999999046,1512.2687000000476,1534.9640999999046,1577.3555,1600.316,1622.8450999999045,1687.8647999999523]",,23,"[326.4622999999523,417.7707999999523,495.4607999999523,627.1652999999524,644.2652999999524,698.8120999999047,799.996399999857,850.6970999999047,863.9002999999524,882.466399999857,958.4415,980.1868999998569,1368.307399999857,1411.8482000000477,1432.4125000000001,1471.2567000000477,1485.642899999857,1513.248899999857,1537.1257999999523,1578.6187000000477,1601.5295,1629.9357000000477,1688.8770999999047]","[326.4625,417.7707999999523,495.460899999857,627.1652999999524,644.265399999857,698.8122000000477,799.9965000000001,850.6970999999047,863.9002999999524,882.4665,958.4415999999046,980.1870999999046,1368.3075000000001,1411.8482000000477,1432.4127000000476,1471.2567999999524,1485.643,1513.249,1537.125899999857,1578.6187999999524,1601.5295999999046,1629.935899999857,1688.8772000000477]",13,"[377.1760999999046,438.04949999999997,521.5015999999047,589.6180999999046,659.2045,677.4856999998093,711.9320999999046,744.799399999857,774.8871999998092,834.3465,894.5532999999524,940.3251999998093,1400.5753999998572]","[377.1762999999523,438.04949999999997,521.5017999999524,589.6181999998093,659.2045,677.4857999999523,711.9321999998093,744.7995000000001,774.8871999998092,834.3466999998093,894.5532999999524,940.3252999999523,1400.5753999998572]","[""scam_button""]",9.908854167,1.4192,0.950520833,4.0018,0.950520833,0.6251,,,,,,resources/images/scam17.png,scam,0.8,0.65,0,0,,,,,,,,,,,,,,,,,,,,,,,,,,,,,,,,,,,,,,,,,,0,11,11,12,1,,,,,,,,,,,,,,,,,,,,,,,,,,,,,,,,,,,,,,,,,,,,,,,,,,,,,,,,,,,,,,,,,,,,,,,
,,,,,,,,,,,001,2025-05-08_19h20.45.832,SLSI_O,2022.2.5,Win32,59.88023952,,,,,,,,,,,37,"[320.5860999999046,375.5635999999046,416.00759999990464,436.87020000004765,480.64409999990465,520.1887999999524,588.5220999999046,625.9522000000477,643.2732000000478,658.1047999999523,676.5245999999047,697.6652000000477,710.8355999999046,743.72,773.5077999999523,798.4725000000001,832.8050999999048,849.45,860.5392999999524,878.0557000000476,893.3237999999524,938.2305999999046,957.1782999999523,978.7737999999522,1366.2777999999523,1399.5962999999524,1410.6847999999522,1431.4307999999523,1470.1263999998569,1484.3330999999046,1512.2685999999046,1534.964,1577.355399999857,1600.3157999999523,1622.844899999857,1687.8647000000476,1722.696399999857]","[320.5860999999046,375.5637000000477,416.0077000000477,436.87039999985694,480.64420000004776,520.1888999998571,588.5222999999523,625.9522999999524,643.2732000000478,658.1050999999047,676.5245999999047,697.6652999999524,710.8357999999523,743.72,773.507899999857,798.4725999999048,832.8050999999048,849.4500999999048,860.5393999998571,878.0557000000476,893.3238999998571,938.230899999857,957.178399999857,978.7738999998569,1366.277899999857,1399.5963999998569,1410.684899999857,1431.431,1470.1263999998569,1484.3330999999046,1512.2687000000476,1534.9640999999046,1577.3555,1600.316,1622.8450999999045,1687.8647999999523,1722.6965]",,23,"[326.4622999999523,417.7707999999523,495.4607999999523,627.1652999999524,644.2652999999524,698.8120999999047,799.996399999857,850.6970999999047,863.9002999999524,882.466399999857,958.4415,980.1868999998569,1368.307399999857,1411.8482000000477,1432.4125000000001,1471.2567000000477,1485.642899999857,1513.248899999857,1537.1257999999523,1578.6187000000477,1601.5295,1629.9357000000477,1688.8770999999047]","[326.4625,417.7707999999523,495.460899999857,627.1652999999524,644.265399999857,698.8122000000477,799.9965000000001,850.6970999999047,863.9002999999524,882.4665,958.4415999999046,980.1870999999046,1368.3075000000001,1411.8482000000477,1432.4127000000476,1471.2567999999524,1485.643,1513.249,1537.125899999857,1578.6187999999524,1601.5295999999046,1629.935899999857,1688.8772000000477]",14,"[377.1760999999046,438.04949999999997,521.5015999999047,589.6180999999046,659.2045,677.4856999998093,711.9320999999046,744.799399999857,774.8871999998092,834.3465,894.5532999999524,940.3251999998093,1400.5753999998572,1724.4248999998572]","[377.1762999999523,438.04949999999997,521.5017999999524,589.6181999998093,659.2045,677.4857999999523,711.9321999998093,744.7995000000001,774.8871999998092,834.3466999998093,894.5532999999524,940.3252999999523,1400.5753999998572,1724.4248999998572]","[""legit_button""]",9.986979167,1.4106,8.958333333,2.3115,8.958333333,2.0943,,,,,,resources/images/legit_21.png,legit,0.8,0.8,0,0,,,,,,,,,,,,,,,,,,,,,,,,,,,,,,,,,,,,,,,,,,0,12,12,7,1,,,,,,,,,,,,,,,,,,,,,,,,,,,,,,,,,,,,,,,,,,,,,,,,,,,,,,,,,,,,,,,,,,,,,,,
,,,,,,,,,,,001,2025-05-08_19h20.45.832,SLSI_O,2022.2.5,Win32,59.88023952,,,,,,,,,,,38,"[320.5860999999046,375.5635999999046,416.00759999990464,436.87020000004765,480.64409999990465,520.1887999999524,588.5220999999046,625.9522000000477,643.2732000000478,658.1047999999523,676.5245999999047,697.6652000000477,710.8355999999046,743.72,773.5077999999523,798.4725000000001,832.8050999999048,849.45,860.5392999999524,878.0557000000476,893.3237999999524,938.2305999999046,957.1782999999523,978.7737999999522,1366.2777999999523,1399.5962999999524,1410.6847999999522,1431.4307999999523,1470.1263999998569,1484.3330999999046,1512.2685999999046,1534.964,1577.355399999857,1600.3157999999523,1622.844899999857,1687.8647000000476,1722.696399999857,1742.177]","[320.5860999999046,375.5637000000477,416.0077000000477,436.87039999985694,480.64420000004776,520.1888999998571,588.5222999999523,625.9522999999524,643.2732000000478,658.1050999999047,676.5245999999047,697.6652999999524,710.8357999999523,743.72,773.507899999857,798.4725999999048,832.8050999999048,849.4500999999048,860.5393999998571,878.0557000000476,893.3238999998571,938.230899999857,957.178399999857,978.7738999998569,1366.277899999857,1399.5963999998569,1410.684899999857,1431.431,1470.1263999998569,1484.3330999999046,1512.2687000000476,1534.9640999999046,1577.3555,1600.316,1622.8450999999045,1687.8647999999523,1722.6965,1742.177]",,24,"[326.4622999999523,417.7707999999523,495.4607999999523,627.1652999999524,644.2652999999524,698.8120999999047,799.996399999857,850.6970999999047,863.9002999999524,882.466399999857,958.4415,980.1868999998569,1368.307399999857,1411.8482000000477,1432.4125000000001,1471.2567000000477,1485.642899999857,1513.248899999857,1537.1257999999523,1578.6187000000477,1601.5295,1629.9357000000477,1688.8770999999047,1743.277399999857]","[326.4625,417.7707999999523,495.460899999857,627.1652999999524,644.265399999857,698.8122000000477,799.9965000000001,850.6970999999047,863.9002999999524,882.4665,958.4415999999046,980.1870999999046,1368.3075000000001,1411.8482000000477,1432.4127000000476,1471.2567999999524,1485.643,1513.249,1537.125899999857,1578.6187999999524,1601.5295999999046,1629.935899999857,1688.8772000000477,1743.277399999857]",14,"[377.1760999999046,438.04949999999997,521.5015999999047,589.6180999999046,659.2045,677.4856999998093,711.9320999999046,744.799399999857,774.8871999998092,834.3465,894.5532999999524,940.3251999998093,1400.5753999998572,1724.4248999998572]","[377.1762999999523,438.04949999999997,521.5017999999524,589.6181999998093,659.2045,677.4857999999523,711.9321999998093,744.7995000000001,774.8871999998092,834.3466999998093,894.5532999999524,940.3252999999523,1400.5753999998572,1724.4248999998572]","[""scam_button""]",9.752604167,1.5984,4.895833333,1.2183,0.924479167,1.0741,,,,,,resources/images/legit_30.png,legit,1,0.85,0,0,,,,,,,,,,,,,,,,,,,,,,,,,,,,,,,,,,,,,,,,,,0,13,13,16,1,,,,,,,,,,,,,,,,,,,,,,,,,,,,,,,,,,,,,,,,,,,,,,,,,,,,,,,,,,,,,,,,,,,,,,,
,,,,,,,,,,,001,2025-05-08_19h20.45.832,SLSI_O,2022.2.5,Win32,59.88023952,,,,,,,,,,,39,"[320.5860999999046,375.5635999999046,416.00759999990464,436.87020000004765,480.64409999990465,520.1887999999524,588.5220999999046,625.9522000000477,643.2732000000478,658.1047999999523,676.5245999999047,697.6652000000477,710.8355999999046,743.72,773.5077999999523,798.4725000000001,832.8050999999048,849.45,860.5392999999524,878.0557000000476,893.3237999999524,938.2305999999046,957.1782999999523,978.7737999999522,1366.2777999999523,1399.5962999999524,1410.6847999999522,1431.4307999999523,1470.1263999998569,1484.3330999999046,1512.2685999999046,1534.964,1577.355399999857,1600.3157999999523,1622.844899999857,1687.8647000000476,1722.696399999857,1742.177,1756.8012000000476]","[320.5860999999046,375.5637000000477,416.0077000000477,436.87039999985694,480.64420000004776,520.1888999998571,588.5222999999523,625.9522999999524,643.2732000000478,658.1050999999047,676.5245999999047,697.6652999999524,710.8357999999523,743.72,773.507899999857,798.4725999999048,832.8050999999048,849.4500999999048,860.5393999998571,878.0557000000476,893.3238999998571,938.230899999857,957.178399999857,978.7738999998569,1366.277899999857,1399.5963999998569,1410.684899999857,1431.431,1470.1263999998569,1484.3330999999046,1512.2687000000476,1534.9640999999046,1577.3555,1600.316,1622.8450999999045,1687.8647999999523,1722.6965,1742.177,1756.8012000000476]",,25,"[326.4622999999523,417.7707999999523,495.4607999999523,627.1652999999524,644.2652999999524,698.8120999999047,799.996399999857,850.6970999999047,863.9002999999524,882.466399999857,958.4415,980.1868999998569,1368.307399999857,1411.8482000000477,1432.4125000000001,1471.2567000000477,1485.642899999857,1513.248899999857,1537.1257999999523,1578.6187000000477,1601.5295,1629.9357000000477,1688.8770999999047,1743.277399999857,1758.063399999857]","[326.4625,417.7707999999523,495.460899999857,627.1652999999524,644.265399999857,698.8122000000477,799.9965000000001,850.6970999999047,863.9002999999524,882.4665,958.4415999999046,980.1870999999046,1368.3075000000001,1411.8482000000477,1432.4127000000476,1471.2567999999524,1485.643,1513.249,1537.125899999857,1578.6187999999524,1601.5295999999046,1629.935899999857,1688.8772000000477,1743.277399999857,1758.063399999857]",14,"[377.1760999999046,438.04949999999997,521.5015999999047,589.6180999999046,659.2045,677.4856999998093,711.9320999999046,744.799399999857,774.8871999998092,834.3465,894.5532999999524,940.3251999998093,1400.5753999998572,1724.4248999998572]","[377.1762999999523,438.04949999999997,521.5017999999524,589.6181999998093,659.2045,677.4857999999523,711.9321999998093,744.7995000000001,774.8871999998092,834.3466999998093,894.5532999999524,940.3252999999523,1400.5753999998572,1724.4248999998572]","[""scam_button""]",8.984375,1.7046,4.8828125,1.2265,1.015625,1.1159,,,,,,resources/images/scam_30.png,scam,1.45,0.6,0,0,,,,,,,,,,,,,,,,,,,,,,,,,,,,,,,,,,,,,,,,,,0,14,14,20,1,,,,,,,,,,,,,,,,,,,,,,,,,,,,,,,,,,,,,,,,,,,,,,,,,,,,,,,,,,,,,,,,,,,,,,,
,,,,,,,,,,,001,2025-05-08_19h20.45.832,SLSI_O,2022.2.5,Win32,59.88023952,,,,,,,,,,,40,"[320.5860999999046,375.5635999999046,416.00759999990464,436.87020000004765,480.64409999990465,520.1887999999524,588.5220999999046,625.9522000000477,643.2732000000478,658.1047999999523,676.5245999999047,697.6652000000477,710.8355999999046,743.72,773.5077999999523,798.4725000000001,832.8050999999048,849.45,860.5392999999524,878.0557000000476,893.3237999999524,938.2305999999046,957.1782999999523,978.7737999999522,1366.2777999999523,1399.5962999999524,1410.6847999999522,1431.4307999999523,1470.1263999998569,1484.3330999999046,1512.2685999999046,1534.964,1577.355399999857,1600.3157999999523,1622.844899999857,1687.8647000000476,1722.696399999857,1742.177,1756.8012000000476,1782.654]","[320.5860999999046,375.5637000000477,416.0077000000477,436.87039999985694,480.64420000004776,520.1888999998571,588.5222999999523,625.9522999999524,643.2732000000478,658.1050999999047,676.5245999999047,697.6652999999524,710.8357999999523,743.72,773.507899999857,798.4725999999048,832.8050999999048,849.4500999999048,860.5393999998571,878.0557000000476,893.3238999998571,938.230899999857,957.178399999857,978.7738999998569,1366.277899999857,1399.5963999998569,1410.684899999857,1431.431,1470.1263999998569,1484.3330999999046,1512.2687000000476,1534.9640999999046,1577.3555,1600.316,1622.8450999999045,1687.8647999999523,1722.6965,1742.177,1756.8012000000476,1782.6540999999047]",,26,"[326.4622999999523,417.7707999999523,495.4607999999523,627.1652999999524,644.2652999999524,698.8120999999047,799.996399999857,850.6970999999047,863.9002999999524,882.466399999857,958.4415,980.1868999998569,1368.307399999857,1411.8482000000477,1432.4125000000001,1471.2567000000477,1485.642899999857,1513.248899999857,1537.1257999999523,1578.6187000000477,1601.5295,1629.9357000000477,1688.8770999999047,1743.277399999857,1758.063399999857,1783.868]","[326.4625,417.7707999999523,495.460899999857,627.1652999999524,644.265399999857,698.8122000000477,799.9965000000001,850.6970999999047,863.9002999999524,882.4665,958.4415999999046,980.1870999999046,1368.3075000000001,1411.8482000000477,1432.4127000000476,1471.2567999999524,1485.643,1513.249,1537.125899999857,1578.6187999999524,1601.5295999999046,1629.935899999857,1688.8772000000477,1743.277399999857,1758.063399999857,1783.8680999999046]",14,"[377.1760999999046,438.04949999999997,521.5015999999047,589.6180999999046,659.2045,677.4856999998093,711.9320999999046,744.799399999857,774.8871999998092,834.3465,894.5532999999524,940.3251999998093,1400.5753999998572,1724.4248999998572]","[377.1762999999523,438.04949999999997,521.5017999999524,589.6181999998093,659.2045,677.4857999999523,711.9321999998093,744.7995000000001,774.8871999998092,834.3466999998093,894.5532999999524,940.3252999999523,1400.5753999998572,1724.4248999998572]","[""scam_button""]",8.216145833,1.6379,4.8828125,1.5193,0.950520833,1.2256,,,,,,resources/images/legit13.jpg,legit,0.65,0.65,0,0,,,,,,,,,,,,,,,,,,,,,,,,,,,,,,,,,,,,,,,,,,0,15,15,6,1,,,,,,,,,,,,,,,,,,,,,,,,,,,,,,,,,,,,,,,,,,,,,,,,,,,,,,,,,,,,,,,,,,,,,,,
,,,,,,,,,,,001,2025-05-08_19h20.45.832,SLSI_O,2022.2.5,Win32,59.88023952,,,,,,,,,,,41,"[320.5860999999046,375.5635999999046,416.00759999990464,436.87020000004765,480.64409999990465,520.1887999999524,588.5220999999046,625.9522000000477,643.2732000000478,658.1047999999523,676.5245999999047,697.6652000000477,710.8355999999046,743.72,773.5077999999523,798.4725000000001,832.8050999999048,849.45,860.5392999999524,878.0557000000476,893.3237999999524,938.2305999999046,957.1782999999523,978.7737999999522,1366.2777999999523,1399.5962999999524,1410.6847999999522,1431.4307999999523,1470.1263999998569,1484.3330999999046,1512.2685999999046,1534.964,1577.355399999857,1600.3157999999523,1622.844899999857,1687.8647000000476,1722.696399999857,1742.177,1756.8012000000476,1782.654,1817.8540999999045]","[320.5860999999046,375.5637000000477,416.0077000000477,436.87039999985694,480.64420000004776,520.1888999998571,588.5222999999523,625.9522999999524,643.2732000000478,658.1050999999047,676.5245999999047,697.6652999999524,710.8357999999523,743.72,773.507899999857,798.4725999999048,832.8050999999048,849.4500999999048,860.5393999998571,878.0557000000476,893.3238999998571,938.230899999857,957.178399999857,978.7738999998569,1366.277899999857,1399.5963999998569,1410.684899999857,1431.431,1470.1263999998569,1484.3330999999046,1512.2687000000476,1534.9640999999046,1577.3555,1600.316,1622.8450999999045,1687.8647999999523,1722.6965,1742.177,1756.8012000000476,1782.6540999999047,1817.854399999857]",,26,"[326.4622999999523,417.7707999999523,495.4607999999523,627.1652999999524,644.2652999999524,698.8120999999047,799.996399999857,850.6970999999047,863.9002999999524,882.466399999857,958.4415,980.1868999998569,1368.307399999857,1411.8482000000477,1432.4125000000001,1471.2567000000477,1485.642899999857,1513.248899999857,1537.1257999999523,1578.6187000000477,1601.5295,1629.9357000000477,1688.8770999999047,1743.277399999857,1758.063399999857,1783.868]","[326.4625,417.7707999999523,495.460899999857,627.1652999999524,644.265399999857,698.8122000000477,799.9965000000001,850.6970999999047,863.9002999999524,882.4665,958.4415999999046,980.1870999999046,1368.3075000000001,1411.8482000000477,1432.4127000000476,1471.2567999999524,1485.643,1513.249,1537.125899999857,1578.6187999999524,1601.5295999999046,1629.935899999857,1688.8772000000477,1743.277399999857,1758.063399999857,1783.8680999999046]",15,"[377.1760999999046,438.04949999999997,521.5015999999047,589.6180999999046,659.2045,677.4856999998093,711.9320999999046,744.799399999857,774.8871999998092,834.3465,894.5532999999524,940.3251999998093,1400.5753999998572,1724.4248999998572,1818.7161999998093]","[377.1762999999523,438.04949999999997,521.5017999999524,589.6181999998093,659.2045,677.4857999999523,711.9321999998093,744.7995000000001,774.8871999998092,834.3466999998093,894.5532999999524,940.3252999999523,1400.5753999998572,1724.4248999998572,1818.7162999999525]","[""legit_button""]",9.817708333,1.5205,8.997395833,1.8575,8.997395833,0.6763,,,,,,resources/images/legit_20.png,legit,0.9,0.8,0,0,,,,,,,,,,,,,,,,,,,,,,,,,,,,,,,,,,,,,,,,,,0,16,16,3,1,,,,,,,,,,,,,,,,,,,,,,,,,,,,,,,,,,,,,,,,,,,,,,,,,,,,,,,,,,,,,,,,,,,,,,,
,,,,,,,,,,,001,2025-05-08_19h20.45.832,SLSI_O,2022.2.5,Win32,59.88023952,,,,,,,,,,,42,"[320.5860999999046,375.5635999999046,416.00759999990464,436.87020000004765,480.64409999990465,520.1887999999524,588.5220999999046,625.9522000000477,643.2732000000478,658.1047999999523,676.5245999999047,697.6652000000477,710.8355999999046,743.72,773.5077999999523,798.4725000000001,832.8050999999048,849.45,860.5392999999524,878.0557000000476,893.3237999999524,938.2305999999046,957.1782999999523,978.7737999999522,1366.2777999999523,1399.5962999999524,1410.6847999999522,1431.4307999999523,1470.1263999998569,1484.3330999999046,1512.2685999999046,1534.964,1577.355399999857,1600.3157999999523,1622.844899999857,1687.8647000000476,1722.696399999857,1742.177,1756.8012000000476,1782.654,1817.8540999999045,1835.0032999999523]","[320.5860999999046,375.5637000000477,416.0077000000477,436.87039999985694,480.64420000004776,520.1888999998571,588.5222999999523,625.9522999999524,643.2732000000478,658.1050999999047,676.5245999999047,697.6652999999524,710.8357999999523,743.72,773.507899999857,798.4725999999048,832.8050999999048,849.4500999999048,860.5393999998571,878.0557000000476,893.3238999998571,938.230899999857,957.178399999857,978.7738999998569,1366.277899999857,1399.5963999998569,1410.684899999857,1431.431,1470.1263999998569,1484.3330999999046,1512.2687000000476,1534.9640999999046,1577.3555,1600.316,1622.8450999999045,1687.8647999999523,1722.6965,1742.177,1756.8012000000476,1782.6540999999047,1817.854399999857,1835.0032999999523]",,27,"[326.4622999999523,417.7707999999523,495.4607999999523,627.1652999999524,644.2652999999524,698.8120999999047,799.996399999857,850.6970999999047,863.9002999999524,882.466399999857,958.4415,980.1868999998569,1368.307399999857,1411.8482000000477,1432.4125000000001,1471.2567000000477,1485.642899999857,1513.248899999857,1537.1257999999523,1578.6187000000477,1601.5295,1629.9357000000477,1688.8770999999047,1743.277399999857,1758.063399999857,1783.868,1836]","[326.4625,417.7707999999523,495.460899999857,627.1652999999524,644.265399999857,698.8122000000477,799.9965000000001,850.6970999999047,863.9002999999524,882.4665,958.4415999999046,980.1870999999046,1368.3075000000001,1411.8482000000477,1432.4127000000476,1471.2567999999524,1485.643,1513.249,1537.125899999857,1578.6187999999524,1601.5295999999046,1629.935899999857,1688.8772000000477,1743.277399999857,1758.063399999857,1783.8680999999046,1836]",15,"[377.1760999999046,438.04949999999997,521.5015999999047,589.6180999999046,659.2045,677.4856999998093,711.9320999999046,744.799399999857,774.8871999998092,834.3465,894.5532999999524,940.3251999998093,1400.5753999998572,1724.4248999998572,1818.7161999998093]","[377.1762999999523,438.04949999999997,521.5017999999524,589.6181999998093,659.2045,677.4857999999523,711.9321999998093,744.7995000000001,774.8871999998092,834.3466999998093,894.5532999999524,940.3252999999523,1400.5753999998572,1724.4248999998572,1818.7162999999525]","[""scam_button""]",9.231770833,1.2451,4.8828125,1.4388,0.911458333,1.3251,,,,,,resources/images/scam_24.png,scam,1,0.8,0,0,,,,,,,,,,,,,,,,,,,,,,,,,,,,,,,,,,,,,,,,,,0,17,17,22,1,,,,,,,,,,,,,,,,,,,,,,,,,,,,,,,,,,,,,,,,,,,,,,,,,,,,,,,,,,,,,,,,,,,,,,,
,,,,,,,,,,,001,2025-05-08_19h20.45.832,SLSI_O,2022.2.5,Win32,59.88023952,,,,,,,,,,,43,"[320.5860999999046,375.5635999999046,416.00759999990464,436.87020000004765,480.64409999990465,520.1887999999524,588.5220999999046,625.9522000000477,643.2732000000478,658.1047999999523,676.5245999999047,697.6652000000477,710.8355999999046,743.72,773.5077999999523,798.4725000000001,832.8050999999048,849.45,860.5392999999524,878.0557000000476,893.3237999999524,938.2305999999046,957.1782999999523,978.7737999999522,1366.2777999999523,1399.5962999999524,1410.6847999999522,1431.4307999999523,1470.1263999998569,1484.3330999999046,1512.2685999999046,1534.964,1577.355399999857,1600.3157999999523,1622.844899999857,1687.8647000000476,1722.696399999857,1742.177,1756.8012000000476,1782.654,1817.8540999999045,1835.0032999999523,1888.5049999999999]","[320.5860999999046,375.5637000000477,416.0077000000477,436.87039999985694,480.64420000004776,520.1888999998571,588.5222999999523,625.9522999999524,643.2732000000478,658.1050999999047,676.5245999999047,697.6652999999524,710.8357999999523,743.72,773.507899999857,798.4725999999048,832.8050999999048,849.4500999999048,860.5393999998571,878.0557000000476,893.3238999998571,938.230899999857,957.178399999857,978.7738999998569,1366.277899999857,1399.5963999998569,1410.684899999857,1431.431,1470.1263999998569,1484.3330999999046,1512.2687000000476,1534.9640999999046,1577.3555,1600.316,1622.8450999999045,1687.8647999999523,1722.6965,1742.177,1756.8012000000476,1782.6540999999047,1817.854399999857,1835.0032999999523,1888.5052000000476]",,27,"[326.4622999999523,417.7707999999523,495.4607999999523,627.1652999999524,644.2652999999524,698.8120999999047,799.996399999857,850.6970999999047,863.9002999999524,882.466399999857,958.4415,980.1868999998569,1368.307399999857,1411.8482000000477,1432.4125000000001,1471.2567000000477,1485.642899999857,1513.248899999857,1537.1257999999523,1578.6187000000477,1601.5295,1629.9357000000477,1688.8770999999047,1743.277399999857,1758.063399999857,1783.868,1836]","[326.4625,417.7707999999523,495.460899999857,627.1652999999524,644.265399999857,698.8122000000477,799.9965000000001,850.6970999999047,863.9002999999524,882.4665,958.4415999999046,980.1870999999046,1368.3075000000001,1411.8482000000477,1432.4127000000476,1471.2567999999524,1485.643,1513.249,1537.125899999857,1578.6187999999524,1601.5295999999046,1629.935899999857,1688.8772000000477,1743.277399999857,1758.063399999857,1783.8680999999046,1836]",16,"[377.1760999999046,438.04949999999997,521.5015999999047,589.6180999999046,659.2045,677.4856999998093,711.9320999999046,744.799399999857,774.8871999998092,834.3465,894.5532999999524,940.3251999998093,1400.5753999998572,1724.4248999998572,1818.7161999998093,1891.3653999998571]","[377.1762999999523,438.04949999999997,521.5017999999524,589.6181999998093,659.2045,677.4857999999523,711.9321999998093,744.7995000000001,774.8871999998092,834.3466999998093,894.5532999999524,940.3252999999523,1400.5753999998572,1724.4248999998572,1818.7162999999525,1891.3653999998571]","[""legit_button""]",6.966145833,1.3809,5.065104167,1.2856,7.018229167,1.2193,,,,,,resources/images/scam_22.png,scam,1,0.65,0,0,,,,,,,,,,,,,,,,,,,,,,,,,,,,,,,,,,,,,,,,,,0,18,18,23,1,,,,,,,,,,,,,,,,,,,,,,,,,,,,,,,,,,,,,,,,,,,,,,,,,,,,,,,,,,,,,,,,,,,,,,,
,,,,,,,,,,,001,2025-05-08_19h20.45.832,SLSI_O,2022.2.5,Win32,59.88023952,,,,,,,,,,,44,"[320.5860999999046,375.5635999999046,416.00759999990464,436.87020000004765,480.64409999990465,520.1887999999524,588.5220999999046,625.9522000000477,643.2732000000478,658.1047999999523,676.5245999999047,697.6652000000477,710.8355999999046,743.72,773.5077999999523,798.4725000000001,832.8050999999048,849.45,860.5392999999524,878.0557000000476,893.3237999999524,938.2305999999046,957.1782999999523,978.7737999999522,1366.2777999999523,1399.5962999999524,1410.6847999999522,1431.4307999999523,1470.1263999998569,1484.3330999999046,1512.2685999999046,1534.964,1577.355399999857,1600.3157999999523,1622.844899999857,1687.8647000000476,1722.696399999857,1742.177,1756.8012000000476,1782.654,1817.8540999999045,1835.0032999999523,1888.5049999999999,1908.3652000000477]","[320.5860999999046,375.5637000000477,416.0077000000477,436.87039999985694,480.64420000004776,520.1888999998571,588.5222999999523,625.9522999999524,643.2732000000478,658.1050999999047,676.5245999999047,697.6652999999524,710.8357999999523,743.72,773.507899999857,798.4725999999048,832.8050999999048,849.4500999999048,860.5393999998571,878.0557000000476,893.3238999998571,938.230899999857,957.178399999857,978.7738999998569,1366.277899999857,1399.5963999998569,1410.684899999857,1431.431,1470.1263999998569,1484.3330999999046,1512.2687000000476,1534.9640999999046,1577.3555,1600.316,1622.8450999999045,1687.8647999999523,1722.6965,1742.177,1756.8012000000476,1782.6540999999047,1817.854399999857,1835.0032999999523,1888.5052000000476,1908.3652999999524]",,27,"[326.4622999999523,417.7707999999523,495.4607999999523,627.1652999999524,644.2652999999524,698.8120999999047,799.996399999857,850.6970999999047,863.9002999999524,882.466399999857,958.4415,980.1868999998569,1368.307399999857,1411.8482000000477,1432.4125000000001,1471.2567000000477,1485.642899999857,1513.248899999857,1537.1257999999523,1578.6187000000477,1601.5295,1629.9357000000477,1688.8770999999047,1743.277399999857,1758.063399999857,1783.868,1836]","[326.4625,417.7707999999523,495.460899999857,627.1652999999524,644.265399999857,698.8122000000477,799.9965000000001,850.6970999999047,863.9002999999524,882.4665,958.4415999999046,980.1870999999046,1368.3075000000001,1411.8482000000477,1432.4127000000476,1471.2567999999524,1485.643,1513.249,1537.125899999857,1578.6187999999524,1601.5295999999046,1629.935899999857,1688.8772000000477,1743.277399999857,1758.063399999857,1783.8680999999046,1836]",17,"[377.1760999999046,438.04949999999997,521.5015999999047,589.6180999999046,659.2045,677.4856999998093,711.9320999999046,744.799399999857,774.8871999998092,834.3465,894.5532999999524,940.3251999998093,1400.5753999998572,1724.4248999998572,1818.7161999998093,1891.3653999998571,1911.6435000000001]","[377.1762999999523,438.04949999999997,521.5017999999524,589.6181999998093,659.2045,677.4857999999523,711.9321999998093,744.7995000000001,774.8871999998092,834.3466999998093,894.5532999999524,940.3252999999523,1400.5753999998572,1724.4248999998572,1818.7162999999525,1891.3653999998571,1911.6435999999048]","[""legit_button""]",7.0703125,1.3975,7.0703125,0.9011,7.0703125,0.7491,,,,,,resources/images/scam9.jpg,scam,0.65,0.65,0,0,,,,,,,,,,,,,,,,,,,,,,,,,,,,,,,,,,,,,,,,,,0,19,19,1,1,,,,,,,,,,,,,,,,,,,,,,,,,,,,,,,,,,,,,,,,,,,,,,,,,,,,,,,,,,,,,,,,,,,,,,,
,,,,,,,,,,,001,2025-05-08_19h20.45.832,SLSI_O,2022.2.5,Win32,59.88023952,,,,,,,,,,,45,"[320.5860999999046,375.5635999999046,416.00759999990464,436.87020000004765,480.64409999990465,520.1887999999524,588.5220999999046,625.9522000000477,643.2732000000478,658.1047999999523,676.5245999999047,697.6652000000477,710.8355999999046,743.72,773.5077999999523,798.4725000000001,832.8050999999048,849.45,860.5392999999524,878.0557000000476,893.3237999999524,938.2305999999046,957.1782999999523,978.7737999999522,1366.2777999999523,1399.5962999999524,1410.6847999999522,1431.4307999999523,1470.1263999998569,1484.3330999999046,1512.2685999999046,1534.964,1577.355399999857,1600.3157999999523,1622.844899999857,1687.8647000000476,1722.696399999857,1742.177,1756.8012000000476,1782.654,1817.8540999999045,1835.0032999999523,1888.5049999999999,1908.3652000000477,1943.397399999857]","[320.5860999999046,375.5637000000477,416.0077000000477,436.87039999985694,480.64420000004776,520.1888999998571,588.5222999999523,625.9522999999524,643.2732000000478,658.1050999999047,676.5245999999047,697.6652999999524,710.8357999999523,743.72,773.507899999857,798.4725999999048,832.8050999999048,849.4500999999048,860.5393999998571,878.0557000000476,893.3238999998571,938.230899999857,957.178399999857,978.7738999998569,1366.277899999857,1399.5963999998569,1410.684899999857,1431.431,1470.1263999998569,1484.3330999999046,1512.2687000000476,1534.9640999999046,1577.3555,1600.316,1622.8450999999045,1687.8647999999523,1722.6965,1742.177,1756.8012000000476,1782.6540999999047,1817.854399999857,1835.0032999999523,1888.5052000000476,1908.3652999999524,1943.397399999857]",,28,"[326.4622999999523,417.7707999999523,495.4607999999523,627.1652999999524,644.2652999999524,698.8120999999047,799.996399999857,850.6970999999047,863.9002999999524,882.466399999857,958.4415,980.1868999998569,1368.307399999857,1411.8482000000477,1432.4125000000001,1471.2567000000477,1485.642899999857,1513.248899999857,1537.1257999999523,1578.6187000000477,1601.5295,1629.9357000000477,1688.8770999999047,1743.277399999857,1758.063399999857,1783.868,1836,1944.6770000000001]","[326.4625,417.7707999999523,495.460899999857,627.1652999999524,644.265399999857,698.8122000000477,799.9965000000001,850.6970999999047,863.9002999999524,882.4665,958.4415999999046,980.1870999999046,1368.3075000000001,1411.8482000000477,1432.4127000000476,1471.2567999999524,1485.643,1513.249,1537.125899999857,1578.6187999999524,1601.5295999999046,1629.935899999857,1688.8772000000477,1743.277399999857,1758.063399999857,1783.8680999999046,1836,1944.6770000000001]",17,"[377.1760999999046,438.04949999999997,521.5015999999047,589.6180999999046,659.2045,677.4856999998093,711.9320999999046,744.799399999857,774.8871999998092,834.3465,894.5532999999524,940.3251999998093,1400.5753999998572,1724.4248999998572,1818.7161999998093,1891.3653999998571,1911.6435000000001]","[377.1762999999523,438.04949999999997,521.5017999999524,589.6181999998093,659.2045,677.4857999999523,711.9321999998093,744.7995000000001,774.8871999998092,834.3466999998093,894.5532999999524,940.3252999999523,1400.5753999998572,1724.4248999998572,1818.7162999999525,1891.3653999998571,1911.6435999999048]","[""scam_button""]",7.122395833,1.4289,4.9609375,1.4714,2.109375,1.3395,,,,,,resources/images/legit11.jpg,legit,0.65,0.65,0,0,,,,,,,,,,,,,,,,,,,,,,,,,,,,,,,,,,,,,,,,,,0,20,20,2,1,,,,,,,,,,,,,,,,,,,,,,,,,,,,,,,,,,,,,,,,,,,,,,,,,,,,,,,,,,,,,,,,,,,,,,,
,,,,,,,,,,,001,2025-05-08_19h20.45.832,SLSI_O,2022.2.5,Win32,59.88023952,,,,,,,,,,,46,"[320.5860999999046,375.5635999999046,416.00759999990464,436.87020000004765,480.64409999990465,520.1887999999524,588.5220999999046,625.9522000000477,643.2732000000478,658.1047999999523,676.5245999999047,697.6652000000477,710.8355999999046,743.72,773.5077999999523,798.4725000000001,832.8050999999048,849.45,860.5392999999524,878.0557000000476,893.3237999999524,938.2305999999046,957.1782999999523,978.7737999999522,1366.2777999999523,1399.5962999999524,1410.6847999999522,1431.4307999999523,1470.1263999998569,1484.3330999999046,1512.2685999999046,1534.964,1577.355399999857,1600.3157999999523,1622.844899999857,1687.8647000000476,1722.696399999857,1742.177,1756.8012000000476,1782.654,1817.8540999999045,1835.0032999999523,1888.5049999999999,1908.3652000000477,1943.397399999857,1962.2285999999046]","[320.5860999999046,375.5637000000477,416.0077000000477,436.87039999985694,480.64420000004776,520.1888999998571,588.5222999999523,625.9522999999524,643.2732000000478,658.1050999999047,676.5245999999047,697.6652999999524,710.8357999999523,743.72,773.507899999857,798.4725999999048,832.8050999999048,849.4500999999048,860.5393999998571,878.0557000000476,893.3238999998571,938.230899999857,957.178399999857,978.7738999998569,1366.277899999857,1399.5963999998569,1410.684899999857,1431.431,1470.1263999998569,1484.3330999999046,1512.2687000000476,1534.9640999999046,1577.3555,1600.316,1622.8450999999045,1687.8647999999523,1722.6965,1742.177,1756.8012000000476,1782.6540999999047,1817.854399999857,1835.0032999999523,1888.5052000000476,1908.3652999999524,1943.397399999857,1962.2285999999046]",,29,"[326.4622999999523,417.7707999999523,495.4607999999523,627.1652999999524,644.2652999999524,698.8120999999047,799.996399999857,850.6970999999047,863.9002999999524,882.466399999857,958.4415,980.1868999998569,1368.307399999857,1411.8482000000477,1432.4125000000001,1471.2567000000477,1485.642899999857,1513.248899999857,1537.1257999999523,1578.6187000000477,1601.5295,1629.9357000000477,1688.8770999999047,1743.277399999857,1758.063399999857,1783.868,1836,1944.6770000000001,1963.5420000000001]","[326.4625,417.7707999999523,495.460899999857,627.1652999999524,644.265399999857,698.8122000000477,799.9965000000001,850.6970999999047,863.9002999999524,882.4665,958.4415999999046,980.1870999999046,1368.3075000000001,1411.8482000000477,1432.4127000000476,1471.2567999999524,1485.643,1513.249,1537.125899999857,1578.6187999999524,1601.5295999999046,1629.935899999857,1688.8772000000477,1743.277399999857,1758.063399999857,1783.8680999999046,1836,1944.6770000000001,1963.5420999999046]",17,"[377.1760999999046,438.04949999999997,521.5015999999047,589.6180999999046,659.2045,677.4856999998093,711.9320999999046,744.799399999857,774.8871999998092,834.3465,894.5532999999524,940.3251999998093,1400.5753999998572,1724.4248999998572,1818.7161999998093,1891.3653999998571,1911.6435000000001]","[377.1762999999523,438.04949999999997,521.5017999999524,589.6181999998093,659.2045,677.4857999999523,711.9321999998093,744.7995000000001,774.8871999998092,834.3466999998093,894.5532999999524,940.3252999999523,1400.5753999998572,1724.4248999998572,1818.7162999999525,1891.3653999998571,1911.6435999999048]","[""scam_button""]",7.278645833,2.0791,2.981770833,1.3526,1.145833333,1.2254,,,,,,resources/images/legit12.jpg,legit,1,0.65,0,0,,,,,,,,,,,,,,,,,,,,,,,,,,,,,,,,,,,,,,,,,,0,21,21,5,1,,,,,,,,,,,,,,,,,,,,,,,,,,,,,,,,,,,,,,,,,,,,,,,,,,,,,,,,,,,,,,,,,,,,,,,
,,,,,,,,,,,001,2025-05-08_19h20.45.832,SLSI_O,2022.2.5,Win32,59.88023952,,,,,,,,,,,47,"[320.5860999999046,375.5635999999046,416.00759999990464,436.87020000004765,480.64409999990465,520.1887999999524,588.5220999999046,625.9522000000477,643.2732000000478,658.1047999999523,676.5245999999047,697.6652000000477,710.8355999999046,743.72,773.5077999999523,798.4725000000001,832.8050999999048,849.45,860.5392999999524,878.0557000000476,893.3237999999524,938.2305999999046,957.1782999999523,978.7737999999522,1366.2777999999523,1399.5962999999524,1410.6847999999522,1431.4307999999523,1470.1263999998569,1484.3330999999046,1512.2685999999046,1534.964,1577.355399999857,1600.3157999999523,1622.844899999857,1687.8647000000476,1722.696399999857,1742.177,1756.8012000000476,1782.654,1817.8540999999045,1835.0032999999523,1888.5049999999999,1908.3652000000477,1943.397399999857,1962.2285999999046,1993.8812999999523]","[320.5860999999046,375.5637000000477,416.0077000000477,436.87039999985694,480.64420000004776,520.1888999998571,588.5222999999523,625.9522999999524,643.2732000000478,658.1050999999047,676.5245999999047,697.6652999999524,710.8357999999523,743.72,773.507899999857,798.4725999999048,832.8050999999048,849.4500999999048,860.5393999998571,878.0557000000476,893.3238999998571,938.230899999857,957.178399999857,978.7738999998569,1366.277899999857,1399.5963999998569,1410.684899999857,1431.431,1470.1263999998569,1484.3330999999046,1512.2687000000476,1534.9640999999046,1577.3555,1600.316,1622.8450999999045,1687.8647999999523,1722.6965,1742.177,1756.8012000000476,1782.6540999999047,1817.854399999857,1835.0032999999523,1888.5052000000476,1908.3652999999524,1943.397399999857,1962.2285999999046,1993.8812999999523]",,30,"[326.4622999999523,417.7707999999523,495.4607999999523,627.1652999999524,644.2652999999524,698.8120999999047,799.996399999857,850.6970999999047,863.9002999999524,882.466399999857,958.4415,980.1868999998569,1368.307399999857,1411.8482000000477,1432.4125000000001,1471.2567000000477,1485.642899999857,1513.248899999857,1537.1257999999523,1578.6187000000477,1601.5295,1629.9357000000477,1688.8770999999047,1743.277399999857,1758.063399999857,1783.868,1836,1944.6770000000001,1963.5420000000001,1994.8280999999047]","[326.4625,417.7707999999523,495.460899999857,627.1652999999524,644.265399999857,698.8122000000477,799.9965000000001,850.6970999999047,863.9002999999524,882.4665,958.4415999999046,980.1870999999046,1368.3075000000001,1411.8482000000477,1432.4127000000476,1471.2567999999524,1485.643,1513.249,1537.125899999857,1578.6187999999524,1601.5295999999046,1629.935899999857,1688.8772000000477,1743.277399999857,1758.063399999857,1783.8680999999046,1836,1944.6770000000001,1963.5420999999046,1994.8280999999047]",17,"[377.1760999999046,438.04949999999997,521.5015999999047,589.6180999999046,659.2045,677.4856999998093,711.9320999999046,744.799399999857,774.8871999998092,834.3465,894.5532999999524,940.3251999998093,1400.5753999998572,1724.4248999998572,1818.7161999998093,1891.3653999998571,1911.6435000000001]","[377.1762999999523,438.04949999999997,521.5017999999524,589.6181999998093,659.2045,677.4857999999523,711.9321999998093,744.7995000000001,774.8871999998092,834.3466999998093,894.5532999999524,940.3252999999523,1400.5753999998572,1724.4248999998572,1818.7162999999525,1891.3653999998571,1911.6435999999048]","[""scam_button""]",9.986979167,2.4139,0.963541667,2.3595,0.963541667,0.6925,,,,,,resources/images/legitimate_18.png,legit,1,0.65,0,0,,,,,,,,,,,,,,,,,,,,,,,,,,,,,,,,,,,,,,,,,,0,22,22,17,1,,,,,,,,,,,,,,,,,,,,,,,,,,,,,,,,,,,,,,,,,,,,,,,,,,,,,,,,,,,,,,,,,,,,,,,
,,,,,,,,,,,001,2025-05-08_19h20.45.832,SLSI_O,2022.2.5,Win32,59.88023952,,,,,,,,,,,48,"[320.5860999999046,375.5635999999046,416.00759999990464,436.87020000004765,480.64409999990465,520.1887999999524,588.5220999999046,625.9522000000477,643.2732000000478,658.1047999999523,676.5245999999047,697.6652000000477,710.8355999999046,743.72,773.5077999999523,798.4725000000001,832.8050999999048,849.45,860.5392999999524,878.0557000000476,893.3237999999524,938.2305999999046,957.1782999999523,978.7737999999522,1366.2777999999523,1399.5962999999524,1410.6847999999522,1431.4307999999523,1470.1263999998569,1484.3330999999046,1512.2685999999046,1534.964,1577.355399999857,1600.3157999999523,1622.844899999857,1687.8647000000476,1722.696399999857,1742.177,1756.8012000000476,1782.654,1817.8540999999045,1835.0032999999523,1888.5049999999999,1908.3652000000477,1943.397399999857,1962.2285999999046,1993.8812999999523,2035.4080999999044]","[320.5860999999046,375.5637000000477,416.0077000000477,436.87039999985694,480.64420000004776,520.1888999998571,588.5222999999523,625.9522999999524,643.2732000000478,658.1050999999047,676.5245999999047,697.6652999999524,710.8357999999523,743.72,773.507899999857,798.4725999999048,832.8050999999048,849.4500999999048,860.5393999998571,878.0557000000476,893.3238999998571,938.230899999857,957.178399999857,978.7738999998569,1366.277899999857,1399.5963999998569,1410.684899999857,1431.431,1470.1263999998569,1484.3330999999046,1512.2687000000476,1534.9640999999046,1577.3555,1600.316,1622.8450999999045,1687.8647999999523,1722.6965,1742.177,1756.8012000000476,1782.6540999999047,1817.854399999857,1835.0032999999523,1888.5052000000476,1908.3652999999524,1943.397399999857,1962.2285999999046,1993.8812999999523,2035.4082000000474]",,30,"[326.4622999999523,417.7707999999523,495.4607999999523,627.1652999999524,644.2652999999524,698.8120999999047,799.996399999857,850.6970999999047,863.9002999999524,882.466399999857,958.4415,980.1868999998569,1368.307399999857,1411.8482000000477,1432.4125000000001,1471.2567000000477,1485.642899999857,1513.248899999857,1537.1257999999523,1578.6187000000477,1601.5295,1629.9357000000477,1688.8770999999047,1743.277399999857,1758.063399999857,1783.868,1836,1944.6770000000001,1963.5420000000001,1994.8280999999047]","[326.4625,417.7707999999523,495.460899999857,627.1652999999524,644.265399999857,698.8122000000477,799.9965000000001,850.6970999999047,863.9002999999524,882.4665,958.4415999999046,980.1870999999046,1368.3075000000001,1411.8482000000477,1432.4127000000476,1471.2567999999524,1485.643,1513.249,1537.125899999857,1578.6187999999524,1601.5295999999046,1629.935899999857,1688.8772000000477,1743.277399999857,1758.063399999857,1783.8680999999046,1836,1944.6770000000001,1963.5420999999046,1994.8280999999047]",18,"[377.1760999999046,438.04949999999997,521.5015999999047,589.6180999999046,659.2045,677.4856999998093,711.9320999999046,744.799399999857,774.8871999998092,834.3465,894.5532999999524,940.3251999998093,1400.5753999998572,1724.4248999998572,1818.7161999998093,1891.3653999998571,1911.6435000000001,2036.569699999809]","[377.1762999999523,438.04949999999997,521.5017999999524,589.6181999998093,659.2045,677.4857999999523,711.9321999998093,744.7995000000001,774.8871999998092,834.3466999998093,894.5532999999524,940.3252999999523,1400.5753999998572,1724.4248999998572,1818.7162999999525,1891.3653999998571,1911.6435999999048,2036.569699999809]","[""legit_button""]",8.802083333,1.6193,6.979166667,1.8359,9.869791667,2.1361,,,,,,resources/images/scam18.png,scam,1,0.65,0,0,,,,,,,,,,,,,,,,,,,,,,,,,,,,,,,,,,,,,,,,,,0,23,23,14,1,,,,,,,,,,,,,,,,,,,,,,,,,,,,,,,,,,,,,,,,,,,,,,,,,,,,,,,,,,,,,,,,,,,,,,,
,,,,,,,,,,,001,2025-05-08_19h20.45.832,SLSI_O,2022.2.5,Win32,59.88023952,,,,,,,,,,,,,,,,,,,,,,,,,,,,,,,,,,,,,,,,,,,,,,,,,,,,,,,,,,,,,,,,,,,,,,,,,,,,,,,,,,,,,space,4.6004,,,,,,,,,,,,,,,,,,,,,,,,,,,,,,,,,,,,,,,,,,,,,,,,,,,,,,,,,,,,,,,,,,,,,
,,,,,,,,,,,001,2025-05-08_19h20.45.832,SLSI_O,2022.2.5,Win32,59.88023952,,,,,,,,,,,,,,,,,,,,,,,,,,,,,,,,,,,,,,,,,,,,,,,,,,,,,,,,,,,,,,,,,,,,,,,,,,,,,,,,,,,,,,,1,7.0451,...often feels sad,0,0,0,0,1,...often feels sad,,,,,,,,,,,,,,,,,,,,,,,,,,,,,,,,,,,,,,,,,,,,,,,,,,,,,,,,,,,,
,,,,,,,,,,,001,2025-05-08_19h20.45.832,SLSI_O,2022.2.5,Win32,59.88023952,,,,,,,,,,,,,,,,,,,,,,,,,,,,,,,,,,,,,,,,,,,,,,,,,,,,,,,,,,,,,,,,,,,,,,,,,,,,,,,,,,,,,,,5,4.2728,...finds clever ways to do things,0,1,1,3,1,...finds clever ways to do things,,,,,,,,,,,,,,,,,,,,,,,,,,,,,,,,,,,,,,,,,,,,,,,,,,,,,,,,,,,,
,,,,,,,,,,,001,2025-05-08_19h20.45.832,SLSI_O,2022.2.5,Win32,59.88023952,,,,,,,,,,,,,,,,,,,,,,,,,,,,,,,,,,,,,,,,,,,,,,,,,,,,,,,,,,,,,,,,,,,,,,,,,,,,,,,,,,,,,,,5,2.1086,"....is reliable, can always be counted on",0,2,2,4,1,"....is reliable, can always be counted on",,,,,,,,,,,,,,,,,,,,,,,,,,,,,,,,,,,,,,,,,,,,,,,,,,,,,,,,,,,,
,,,,,,,,,,,001,2025-05-08_19h20.45.832,SLSI_O,2022.2.5,Win32,59.88023952,,,,,,,,,,,,,,,,,,,,,,,,,,,,,,,,,,,,,,,,,,,,,,,,,,,,,,,,,,,,,,,,,,,,,,,,,,,,,,,,,,,,,,,2,3.9613,...is talktative,0,3,3,1,1,...is talktative,,,,,,,,,,,,,,,,,,,,,,,,,,,,,,,,,,,,,,,,,,,,,,,,,,,,,,,,,,,,
,,,,,,,,,,,001,2025-05-08_19h20.45.832,SLSI_O,2022.2.5,Win32,59.88023952,,,,,,,,,,,,,,,,,,,,,,,,,,,,,,,,,,,,,,,,,,,,,,,,,,,,,,,,,,,,,,,,,,,,,,,,,,,,,,,,,,,,,,,5,2.8776,...is inventive,0,4,4,2,1,...is inventive,,,,,,,,,,,,,,,,,,,,,,,,,,,,,,,,,,,,,,,,,,,,,,,,,,,,,,,,,,,,
,,,,,,,,,,,001,2025-05-08_19h20.45.832,SLSI_O,2022.2.5,Win32,59.88023952,,,,,,,,,,,,,,,,,,,,,,,,,,,,,,,,,,,,,,,,,,,,,,,,,,,,,,,,,,,,,,,,,,,,,,,,,,,,,,,,,,,,,,,5,2.2644,"...is persistent, works until the task is finished",0,5,5,5,1,"...is persistent, works until the task is finished",,,,,,,,,,,,,,,,,,,,,,,,,,,,,,,,,,,,,,,,,,,,,,,,,,,,,,,,,,,,
,,,,,,,,,,,001,2025-05-08_19h20.45.832,SLSI_O,2022.2.5,Win32,59.88023952,,,,,,,,,,,,,,,,,,,,,,,,,,,,,,,,,,,,,,,,,,,,,,,,,,,,,,,,,,,,,,,,,,,,,,,,,,,,,,,,,,,,,,,,,,,,,,,,space,5.9123,,,,,,,,,,,,,,,,,,,,,,,,,,,,,,,,,,,,,,,,,,,,,,,,,,,,,,,,,,
,,,,,,,,,,,001,2025-05-08_19h20.45.832,SLSI_O,2022.2.5,Win32,59.88023952,,,,,,,,,,,,,,,,,,,,,,,,,,,,,,,,,,,,,,,,,,,,,,,,,,,,,,,,,,,,,,,,,,,,,,,,,,,,,,,,,,,,,,,,,,,,,,,,,,4,7.8809,,0,0,0,11,1,I have important skills that I try to teach others.,,,,,,,,,,,,,,,,,,,,,,,,,,,,,,,,,,,,,,,,,,,,,,,,,
,,,,,,,,,,,001,2025-05-08_19h20.45.832,SLSI_O,2022.2.5,Win32,59.88023952,,,,,,,,,,,,,,,,,,,,,,,,,,,,,,,,,,,,,,,,,,,,,,,,,,,,,,,,,,,,,,,,,,,,,,,,,,,,,,,,,,,,,,,,,,,,,,,,,,4,4.6986,,0,1,1,17,1,I have a responsibility to improve the neighborhood in which I live.,,,,,,,,,,,,,,,,,,,,,,,,,,,,,,,,,,,,,,,,,,,,,,,,,
,,,,,,,,,,,001,2025-05-08_19h20.45.832,SLSI_O,2022.2.5,Win32,59.88023952,,,,,,,,,,,,,,,,,,,,,,,,,,,,,,,,,,,,,,,,,,,,,,,,,,,,,,,,,,,,,,,,,,,,,,,,,,,,,,,,,,,,,,,,,,,,,,,,,,3,3.6183,,0,2,2,1,1,I feel that other people need me.,,,,,,,,,,,,,,,,,,,,,,,,,,,,,,,,,,,,,,,,,,,,,,,,,
,,,,,,,,,,,001,2025-05-08_19h20.45.832,SLSI_O,2022.2.5,Win32,59.88023952,,,,,,,,,,,,,,,,,,,,,,,,,,,,,,,,,,,,,,,,,,,,,,,,,,,,,,,,,,,,,,,,,,,,,,,,,,,,,,,,,,,,,,,,,,,,,,,,,,3,3.9702,,0,3,3,5,1,I have made and created things that have had an impact on other people.,,,,,,,,,,,,,,,,,,,,,,,,,,,,,,,,,,,,,,,,,,,,,,,,,
,,,,,,,,,,,001,2025-05-08_19h20.45.832,SLSI_O,2022.2.5,Win32,59.88023952,,,,,,,,,,,,,,,,,,,,,,,,,,,,,,,,,,,,,,,,,,,,,,,,,,,,,,,,,,,,,,,,,,,,,,,,,,,,,,,,,,,,,,,,,,,,,,,,,,4,3.2141,,0,4,4,6,1,I try to be creative in most things that I do.,,,,,,,,,,,,,,,,,,,,,,,,,,,,,,,,,,,,,,,,,,,,,,,,,
,,,,,,,,,,,001,2025-05-08_19h20.45.832,SLSI_O,2022.2.5,Win32,59.88023952,,,,,,,,,,,,,,,,,,,,,,,,,,,,,,,,,,,,,,,,,,,,,,,,,,,,,,,,,,,,,,,,,,,,,,,,,,,,,,,,,,,,,,,,,,,,,,,,,,4,3.0226,,0,5,5,13,1,"In general, my actions have a positive effect on other people.",,,,,,,,,,,,,,,,,,,,,,,,,,,,,,,,,,,,,,,,,,,,,,,,,
,,,,,,,,,,,001,2025-05-08_19h20.45.832,SLSI_O,2022.2.5,Win32,59.88023952,,,,,,,,,,,,,,,,,,,,,,,,,,,,,,,,,,,,,,,,,,,,,,,,,,,,,,,,,,,,,,,,,,,,,,,,,,,,,,,,,,,,,,,,,,,,,,,,,,4,4.2974,,0,6,6,0,1,Try to pass along the knowledge I have gained through my experiences.,,,,,,,,,,,,,,,,,,,,,,,,,,,,,,,,,,,,,,,,,,,,,,,,,
,,,,,,,,,,,001,2025-05-08_19h20.45.832,SLSI_O,2022.2.5,Win32,59.88023952,,,,,,,,,,,,,,,,,,,,,,,,,,,,,,,,,,,,,,,,,,,,,,,,,,,,,,,,,,,,,,,,,,,,,,,,,,,,,,,,,,,,,,,,,,,,,,,,,,3,4.0705,,0,7,7,3,1,I feel as though I have made a difference to many people.,,,,,,,,,,,,,,,,,,,,,,,,,,,,,,,,,,,,,,,,,,,,,,,,,
,,,,,,,,,,,001,2025-05-08_19h20.45.832,SLSI_O,2022.2.5,Win32,59.88023952,,,,,,,,,,,,,,,,,,,,,,,,,,,,,,,,,,,,,,,,,,,,,,,,,,,,,,,,,,,,,,,,,,,,,,,,,,,,,,,,,,,,,,,,,,,,,,,,,,1,10.2244,,0,8,8,19,1,I feel as though my contributions will exist after I die.,,,,,,,,,,,,,,,,,,,,,,,,,,,,,,,,,,,,,,,,,,,,,,,,,
,,,,,,,,,,,001,2025-05-08_19h20.45.832,SLSI_O,2022.2.5,Win32,59.88023952,,,,,,,,,,,,,,,,,,,,,,,,,,,,,,,,,,,,,,,,,,,,,,,,,,,,,,,,,,,,,,,,,,,,,,,,,,,,,,,,,,,,,,,,,,,,,,,,,,4,6.5637,,0,9,9,10,1,"If I were unable to have children of my own, I would like to adopt children.",,,,,,,,,,,,,,,,,,,,,,,,,,,,,,,,,,,,,,,,,,,,,,,,,
,,,,,,,,,,,001,2025-05-08_19h20.45.832,SLSI_O,2022.2.5,Win32,59.88023952,,,,,,,,,,,,,,,,,,,,,,,,,,,,,,,,,,,,,,,,,,,,,,,,,,,,,,,,,,,,,,,,,,,,,,,,,,,,,,,,,,,,,,,,,,,,,,,,,,1,4.0341,,0,10,10,2,1,I think I would like the work of a teacher.,,,,,,,,,,,,,,,,,,,,,,,,,,,,,,,,,,,,,,,,,,,,,,,,,
,,,,,,,,,,,001,2025-05-08_19h20.45.832,SLSI_O,2022.2.5,Win32,59.88023952,,,,,,,,,,,,,,,,,,,,,,,,,,,,,,,,,,,,,,,,,,,,,,,,,,,,,,,,,,,,,,,,,,,,,,,,,,,,,,,,,,,,,,,,,,,,,,,,,,4,5.2996,,0,11,11,7,1,I think that I will be remembered for a long time after I die.,,,,,,,,,,,,,,,,,,,,,,,,,,,,,,,,,,,,,,,,,,,,,,,,,
,,,,,,,,,,,001,2025-05-08_19h20.45.832,SLSI_O,2022.2.5,Win32,59.88023952,,,,,,,,,,,,,,,,,,,,,,,,,,,,,,,,,,,,,,,,,,,,,,,,,,,,,,,,,,,,,,,,,,,,,,,,,,,,,,,,,,,,,,,,,,,,,,,,,,4,1.4587,,0,12,12,16,1,Other people say that I am a very productive person.,,,,,,,,,,,,,,,,,,,,,,,,,,,,,,,,,,,,,,,,,,,,,,,,,
,,,,,,,,,,,001,2025-05-08_19h20.45.832,SLSI_O,2022.2.5,Win32,59.88023952,,,,,,,,,,,,,,,,,,,,,,,,,,,,,,,,,,,,,,,,,,,,,,,,,,,,,,,,,,,,,,,,,,,,,,,,,,,,,,,,,,,,,,,,,,,,,,,,,,3,4.5613,,0,13,13,18,1,People come to me for advice.,,,,,,,,,,,,,,,,,,,,,,,,,,,,,,,,,,,,,,,,,,,,,,,,,
,,,,,,,,,,,001,2025-05-08_19h20.45.832,SLSI_O,2022.2.5,Win32,59.88023952,,,,,,,,,,,,,,,,,,,,,,,,,,,,,,,,,,,,,,,,,,,,,,,,,,,,,,,,,,,,,,,,,,,,,,,,,,,,,,,,,,,,,,,,,,,,,,,,,,4,4.0842,,0,14,14,8,1,I believe that society should be responsible for providing food and shelter for all homeless people.,,,,,,,,,,,,,,,,,,,,,,,,,,,,,,,,,,,,,,,,,,,,,,,,,
,,,,,,,,,,,001,2025-05-08_19h20.45.832,SLSI_O,2022.2.5,Win32,59.88023952,,,,,,,,,,,,,,,,,,,,,,,,,,,,,,,,,,,,,,,,,,,,,,,,,,,,,,,,,,,,,,,,,,,,,,,,,,,,,,,,,,,,,,,,,,,,,,,,,,3,2.0205,,0,15,15,4,1,I volunteer to work for a charity.,,,,,,,,,,,,,,,,,,,,,,,,,,,,,,,,,,,,,,,,,,,,,,,,,
,,,,,,,,,,,001,2025-05-08_19h20.45.832,SLSI_O,2022.2.5,Win32,59.88023952,,,,,,,,,,,,,,,,,,,,,,,,,,,,,,,,,,,,,,,,,,,,,,,,,,,,,,,,,,,,,,,,,,,,,,,,,,,,,,,,,,,,,,,,,,,,,,,,,,3,2.4316,,0,16,16,15,1,"I have made many commitments to many different kinds of people, groups, and activities in my life.",,,,,,,,,,,,,,,,,,,,,,,,,,,,,,,,,,,,,,,,,,,,,,,,,
,,,,,,,,,,,001,2025-05-08_19h20.45.832,SLSI_O,2022.2.5,Win32,59.88023952,,,,,,,,,,,,,,,,,,,,,,,,,,,,,,,,,,,,,,,,,,,,,,,,,,,,,,,,,,,,,,,,,,,,,,,,,,,,,,,,,,,,,,,,,,,,,,,,,,4,2.9345,,0,17,17,14,1,I feel as though I have done a lot to contribute to others.,,,,,,,,,,,,,,,,,,,,,,,,,,,,,,,,,,,,,,,,,,,,,,,,,
,,,,,,,,,,,001,2025-05-08_19h20.45.832,SLSI_O,2022.2.5,Win32,59.88023952,,,,,,,,,,,,,,,,,,,,,,,,,,,,,,,,,,,,,,,,,,,,,,,,,,,,,,,,,,,,,,,,,,,,,,,,,,,,,,,,,,,,,,,,,,,,,,,,,,4,2.4702,,0,18,18,9,1,Others would say that I have made unique contributions to society.,,,,,,,,,,,,,,,,,,,,,,,,,,,,,,,,,,,,,,,,,,,,,,,,,
,,,,,,,,,,,001,2025-05-08_19h20.45.832,SLSI_O,2022.2.5,Win32,59.88023952,,,,,,,,,,,,,,,,,,,,,,,,,,,,,,,,,,,,,,,,,,,,,,,,,,,,,,,,,,,,,,,,,,,,,,,,,,,,,,,,,,,,,,,,,,,,,,,,,,4,2.9736,,0,19,19,12,1,I feel that things I have done in my life will survive after I die.,,,,,,,,,,,,,,,,,,,,,,,,,,,,,,,,,,,,,,,,,,,,,,,,,
,,,,,,,,,,,001,2025-05-08_19h20.45.832,SLSI_O,2022.2.5,Win32,59.88023952,,,,,,,,,,,,,,,,,,,,,,,,,,,,,,,,,,,,,,,,,,,,,,,,,,,,,,,,,,,,,,,,,,,,,,,,,,,,,,,,,,,,,,,,,,,,,,,,,,,,,,,,,,,space,4.0534,,,,,,,,,,,,,,,,,,,,,,,,,,,,,,,,,,,,,,,,,,,,,,,
,,,,,,,,,,,001,2025-05-08_19h20.45.832,SLSI_O,2022.2.5,Win32,59.88023952,,,,,,,,,,,,,,,,,,,,,,,,,,,,,,,,,,,,,,,,,,,,,,,,,,,,,,,,,,,,,,,,,,,,,,,,,,,,,,,,,,,,,,,,,,,,,,,,,,,,,,,,,,I am an outgoing person,,,4,4.0249,,0,0,0,8,1,,,,,,,,,,,,,,,,,,,,,,,,,,,,,,,,,,,,,,,
,,,,,,,,,,,001,2025-05-08_19h20.45.832,SLSI_O,2022.2.5,Win32,59.88023952,,,,,,,,,,,,,,,,,,,,,,,,,,,,,,,,,,,,,,,,,,,,,,,,,,,,,,,,,,,,,,,,,,,,,,,,,,,,,,,,,,,,,,,,,,,,,,,,,,,,,,,,,,There are people who really understand me,,,4,1.5609,,0,1,1,15,1,,,,,,,,,,,,,,,,,,,,,,,,,,,,,,,,,,,,,,,
,,,,,,,,,,,001,2025-05-08_19h20.45.832,SLSI_O,2022.2.5,Win32,59.88023952,,,,,,,,,,,,,,,,,,,,,,,,,,,,,,,,,,,,,,,,,,,,,,,,,,,,,,,,,,,,,,,,,,,,,,,,,,,,,,,,,,,,,,,,,,,,,,,,,,,,,,,,,,There are people I can talk to,,,4,1.0549,,0,2,2,18,1,,,,,,,,,,,,,,,,,,,,,,,,,,,,,,,,,,,,,,,
,,,,,,,,,,,001,2025-05-08_19h20.45.832,SLSI_O,2022.2.5,Win32,59.88023952,,,,,,,,,,,,,,,,,,,,,,,,,,,,,,,,,,,,,,,,,,,,,,,,,,,,,,,,,,,,,,,,,,,,,,,,,,,,,,,,,,,,,,,,,,,,,,,,,,,,,,,,,,No one really knows me well,,,2,2.4417,,0,3,3,12,1,,,,,,,,,,,,,,,,,,,,,,,,,,,,,,,,,,,,,,,
,,,,,,,,,,,001,2025-05-08_19h20.45.832,SLSI_O,2022.2.5,Win32,59.88023952,,,,,,,,,,,,,,,,,,,,,,,,,,,,,,,,,,,,,,,,,,,,,,,,,,,,,,,,,,,,,,,,,,,,,,,,,,,,,,,,,,,,,,,,,,,,,,,,,,,,,,,,,,I feel part of a group of friends,,,3,3.4872,,0,4,4,4,1,,,,,,,,,,,,,,,,,,,,,,,,,,,,,,,,,,,,,,,
,,,,,,,,,,,001,2025-05-08_19h20.45.832,SLSI_O,2022.2.5,Win32,59.88023952,,,,,,,,,,,,,,,,,,,,,,,,,,,,,,,,,,,,,,,,,,,,,,,,,,,,,,,,,,,,,,,,,,,,,,,,,,,,,,,,,,,,,,,,,,,,,,,,,,,,,,,,,,I can find companionship when I want it,,,4,1.4548,,0,5,5,14,1,,,,,,,,,,,,,,,,,,,,,,,,,,,,,,,,,,,,,,,
,,,,,,,,,,,001,2025-05-08_19h20.45.832,SLSI_O,2022.2.5,Win32,59.88023952,,,,,,,,,,,,,,,,,,,,,,,,,,,,,,,,,,,,,,,,,,,,,,,,,,,,,,,,,,,,,,,,,,,,,,,,,,,,,,,,,,,,,,,,,,,,,,,,,,,,,,,,,,There are people I can turn to,,,4,1.3871,,0,6,6,19,1,,,,,,,,,,,,,,,,,,,,,,,,,,,,,,,,,,,,,,,
,,,,,,,,,,,001,2025-05-08_19h20.45.832,SLSI_O,2022.2.5,Win32,59.88023952,,,,,,,,,,,,,,,,,,,,,,,,,,,,,,,,,,,,,,,,,,,,,,,,,,,,,,,,,,,,,,,,,,,,,,,,,,,,,,,,,,,,,,,,,,,,,,,,,,,,,,,,,,I am no longer close to anyone,,,1,3.307,,0,7,7,6,1,,,,,,,,,,,,,,,,,,,,,,,,,,,,,,,,,,,,,,,
,,,,,,,,,,,001,2025-05-08_19h20.45.832,SLSI_O,2022.2.5,Win32,59.88023952,,,,,,,,,,,,,,,,,,,,,,,,,,,,,,,,,,,,,,,,,,,,,,,,,,,,,,,,,,,,,,,,,,,,,,,,,,,,,,,,,,,,,,,,,,,,,,,,,,,,,,,,,,I feel isolated from others,,,1,1.0847,,0,8,8,13,1,,,,,,,,,,,,,,,,,,,,,,,,,,,,,,,,,,,,,,,
,,,,,,,,,,,001,2025-05-08_19h20.45.832,SLSI_O,2022.2.5,Win32,59.88023952,,,,,,,,,,,,,,,,,,,,,,,,,,,,,,,,,,,,,,,,,,,,,,,,,,,,,,,,,,,,,,,,,,,,,,,,,,,,,,,,,,,,,,,,,,,,,,,,,,,,,,,,,,I do not feel alone,,,4,2.5397,,0,9,9,3,1,,,,,,,,,,,,,,,,,,,,,,,,,,,,,,,,,,,,,,,
,,,,,,,,,,,001,2025-05-08_19h20.45.832,SLSI_O,2022.2.5,Win32,59.88023952,,,,,,,,,,,,,,,,,,,,,,,,,,,,,,,,,,,,,,,,,,,,,,,,,,,,,,,,,,,,,,,,,,,,,,,,,,,,,,,,,,,,,,,,,,,,,,,,,,,,,,,,,,People are around me but not with me,,,2,3.6485,,0,10,10,17,1,,,,,,,,,,,,,,,,,,,,,,,,,,,,,,,,,,,,,,,
,,,,,,,,,,,001,2025-05-08_19h20.45.832,SLSI_O,2022.2.5,Win32,59.88023952,,,,,,,,,,,,,,,,,,,,,,,,,,,,,,,,,,,,,,,,,,,,,,,,,,,,,,,,,,,,,,,,,,,,,,,,,,,,,,,,,,,,,,,,,,,,,,,,,,,,,,,,,,I feel in tune with the people around me,,,2,3.1977,,0,11,11,0,1,,,,,,,,,,,,,,,,,,,,,,,,,,,,,,,,,,,,,,,
,,,,,,,,,,,001,2025-05-08_19h20.45.832,SLSI_O,2022.2.5,Win32,59.88023952,,,,,,,,,,,,,,,,,,,,,,,,,,,,,,,,,,,,,,,,,,,,,,,,,,,,,,,,,,,,,,,,,,,,,,,,,,,,,,,,,,,,,,,,,,,,,,,,,,,,,,,,,,I have a lot in common with the people around me,,,4,3.6863,,0,12,12,5,1,,,,,,,,,,,,,,,,,,,,,,,,,,,,,,,,,,,,,,,
,,,,,,,,,,,001,2025-05-08_19h20.45.832,SLSI_O,2022.2.5,Win32,59.88023952,,,,,,,,,,,,,,,,,,,,,,,,,,,,,,,,,,,,,,,,,,,,,,,,,,,,,,,,,,,,,,,,,,,,,,,,,,,,,,,,,,,,,,,,,,,,,,,,,,,,,,,,,,I lack companionship,,,1,1.4541,,0,13,13,1,1,,,,,,,,,,,,,,,,,,,,,,,,,,,,,,,,,,,,,,,
,,,,,,,,,,,001,2025-05-08_19h20.45.832,SLSI_O,2022.2.5,Win32,59.88023952,,,,,,,,,,,,,,,,,,,,,,,,,,,,,,,,,,,,,,,,,,,,,,,,,,,,,,,,,,,,,,,,,,,,,,,,,,,,,,,,,,,,,,,,,,,,,,,,,,,,,,,,,,My social relationships are superficial,,,4,1.6683,,0,14,14,11,1,,,,,,,,,,,,,,,,,,,,,,,,,,,,,,,,,,,,,,,
,,,,,,,,,,,001,2025-05-08_19h20.45.832,SLSI_O,2022.2.5,Win32,59.88023952,,,,,,,,,,,,,,,,,,,,,,,,,,,,,,,,,,,,,,,,,,,,,,,,,,,,,,,,,,,,,,,,,,,,,,,,,,,,,,,,,,,,,,,,,,,,,,,,,,,,,,,,,,My interests and ideas are not shared by those around me,,,3,3.3482,,0,15,15,7,1,,,,,,,,,,,,,,,,,,,,,,,,,,,,,,,,,,,,,,,
,,,,,,,,,,,001,2025-05-08_19h20.45.832,SLSI_O,2022.2.5,Win32,59.88023952,,,,,,,,,,,,,,,,,,,,,,,,,,,,,,,,,,,,,,,,,,,,,,,,,,,,,,,,,,,,,,,,,,,,,,,,,,,,,,,,,,,,,,,,,,,,,,,,,,,,,,,,,,I feel left out,,,1,1.5847,,0,16,16,10,1,,,,,,,,,,,,,,,,,,,,,,,,,,,,,,,,,,,,,,,
,,,,,,,,,,,001,2025-05-08_19h20.45.832,SLSI_O,2022.2.5,Win32,59.88023952,,,,,,,,,,,,,,,,,,,,,,,,,,,,,,,,,,,,,,,,,,,,,,,,,,,,,,,,,,,,,,,,,,,,,,,,,,,,,,,,,,,,,,,,,,,,,,,,,,,,,,,,,,There are people I feel close to,,,3,1.9673,,0,17,17,9,1,,,,,,,,,,,,,,,,,,,,,,,,,,,,,,,,,,,,,,,
,,,,,,,,,,,001,2025-05-08_19h20.45.832,SLSI_O,2022.2.5,Win32,59.88023952,,,,,,,,,,,,,,,,,,,,,,,,,,,,,,,,,,,,,,,,,,,,,,,,,,,,,,,,,,,,,,,,,,,,,,,,,,,,,,,,,,,,,,,,,,,,,,,,,,,,,,,,,,There is no one I can turn to,,,1,1.4908,,0,18,18,2,1,,,,,,,,,,,,,,,,,,,,,,,,,,,,,,,,,,,,,,,
,,,,,,,,,,,001,2025-05-08_19h20.45.832,SLSI_O,2022.2.5,Win32,59.88023952,,,,,,,,,,,,,,,,,,,,,,,,,,,,,,,,,,,,,,,,,,,,,,,,,,,,,,,,,,,,,,,,,,,,,,,,,,,,,,,,,,,,,,,,,,,,,,,,,,,,,,,,,,I am unhappy being so withdrawn ,,,1,1.5171,,0,19,19,16,1,,,,,,,,,,,,,,,,,,,,,,,,,,,,,,,,,,,,,,,
,,,,,,,,,,,001,2025-05-08_19h20.45.832,SLSI_O,2022.2.5,Win32,59.88023952,,,,,,,,,,,,,,,,,,,,,,,,,,,,,,,,,,,,,,,,,,,,,,,,,,,,,,,,,,,,,,,,,,,,,,,,,,,,,,,,,,,,,,,,,,,,,,,,,,,,,,,,,,,,,,,,,,,,,space,1.3574,,,,,,,,,,,,,,,,,,,,,,,,,,,,,,,,,,,,,
,,,,,,,,,,,001,2025-05-08_19h20.45.832,SLSI_O,2022.2.5,Win32,59.88023952,,,,,,,,,,,,,,,,,,,,,,,,,,,,,,,,,,,,,,,,,,,,,,,,,,,,,,,,,,,,,,,,,,,,,,,,,,,,,,,,,,,,,,,,,,,,,,,,,,,,,,,,,,,,,,,,,,,,,,,1,7.9734,I find it difficult to control my worries about developing Alzheimer’s disease and related dementias.,0,0,0,1,1,I find it difficult to control my worries about developing Alzheimer’s disease and related dementias.,,,,,,,,,,,,,,,,,,,,,,,,,,,,
,,,,,,,,,,,001,2025-05-08_19h20.45.832,SLSI_O,2022.2.5,Win32,59.88023952,,,,,,,,,,,,,,,,,,,,,,,,,,,,,,,,,,,,,,,,,,,,,,,,,,,,,,,,,,,,,,,,,,,,,,,,,,,,,,,,,,,,,,,,,,,,,,,,,,,,,,,,,,,,,,,,,,,,,,,1,4.6335,"Even though I know it doesn’t help to focus on it, I can’t help thinking about whether or not I have Alzheimer’s disease or a related dementia.",0,1,1,7,1,"Even though I know it doesn’t help to focus on it, I can’t help thinking about whether or not I have Alzheimer’s disease or a related dementia.",,,,,,,,,,,,,,,,,,,,,,,,,,,,
,,,,,,,,,,,001,2025-05-08_19h20.45.832,SLSI_O,2022.2.5,Win32,59.88023952,,,,,,,,,,,,,,,,,,,,,,,,,,,,,,,,,,,,,,,,,,,,,,,,,,,,,,,,,,,,,,,,,,,,,,,,,,,,,,,,,,,,,,,,,,,,,,,,,,,,,,,,,,,,,,,,,,,,,,,1,5.3093,"Sometimes when trying to go to sleep, I find my thoughts drift to my concerns about having Alzheimer’s disease or a related dementia.",0,2,2,9,1,"Sometimes when trying to go to sleep, I find my thoughts drift to my concerns about having Alzheimer’s disease or a related dementia.",,,,,,,,,,,,,,,,,,,,,,,,,,,,
,,,,,,,,,,,001,2025-05-08_19h20.45.832,SLSI_O,2022.2.5,Win32,59.88023952,,,,,,,,,,,,,,,,,,,,,,,,,,,,,,,,,,,,,,,,,,,,,,,,,,,,,,,,,,,,,,,,,,,,,,,,,,,,,,,,,,,,,,,,,,,,,,,,,,,,,,,,,,,,,,,,,,,,,,,1,5.5135,"When I forget a word that I want to say, my thoughts immediately turn to Alzheimer’s disease and related dementias.",0,3,3,10,1,"When I forget a word that I want to say, my thoughts immediately turn to Alzheimer’s disease and related dementias.",,,,,,,,,,,,,,,,,,,,,,,,,,,,
,,,,,,,,,,,001,2025-05-08_19h20.45.832,SLSI_O,2022.2.5,Win32,59.88023952,,,,,,,,,,,,,,,,,,,,,,,,,,,,,,,,,,,,,,,,,,,,,,,,,,,,,,,,,,,,,,,,,,,,,,,,,,,,,,,,,,,,,,,,,,,,,,,,,,,,,,,,,,,,,,,,,,,,,,,1,2.7961,"Once I start worrying about Alzheimer’s disease and related dementias, I just cannot stop.",0,4,4,8,1,"Once I start worrying about Alzheimer’s disease and related dementias, I just cannot stop.",,,,,,,,,,,,,,,,,,,,,,,,,,,,
,,,,,,,,,,,001,2025-05-08_19h20.45.832,SLSI_O,2022.2.5,Win32,59.88023952,,,,,,,,,,,,,,,,,,,,,,,,,,,,,,,,,,,,,,,,,,,,,,,,,,,,,,,,,,,,,,,,,,,,,,,,,,,,,,,,,,,,,,,,,,,,,,,,,,,,,,,,,,,,,,,,,,,,,,,1,2.9078,I think I probably worry more about Alzheimer’s disease and related dementias than other people my same age.,0,5,5,11,1,I think I probably worry more about Alzheimer’s disease and related dementias than other people my same age.,,,,,,,,,,,,,,,,,,,,,,,,,,,,
,,,,,,,,,,,001,2025-05-08_19h20.45.832,SLSI_O,2022.2.5,Win32,59.88023952,,,,,,,,,,,,,,,,,,,,,,,,,,,,,,,,,,,,,,,,,,,,,,,,,,,,,,,,,,,,,,,,,,,,,,,,,,,,,,,,,,,,,,,,,,,,,,,,,,,,,,,,,,,,,,,,,,,,,,,2,4.3829,"When I am not distracted, I find my thoughts focusing on my own cognitive changes and concerns.",0,6,6,6,1,"When I am not distracted, I find my thoughts focusing on my own cognitive changes and concerns.",,,,,,,,,,,,,,,,,,,,,,,,,,,,
,,,,,,,,,,,001,2025-05-08_19h20.45.832,SLSI_O,2022.2.5,Win32,59.88023952,,,,,,,,,,,,,,,,,,,,,,,,,,,,,,,,,,,,,,,,,,,,,,,,,,,,,,,,,,,,,,,,,,,,,,,,,,,,,,,,,,,,,,,,,,,,,,,,,,,,,,,,,,,,,,,,,,,,,,,1,3.6008,My worries about Alzheimer’s disease and related dementias overwhelm me.,0,7,7,3,1,My worries about Alzheimer’s disease and related dementias overwhelm me.,,,,,,,,,,,,,,,,,,,,,,,,,,,,
,,,,,,,,,,,001,2025-05-08_19h20.45.832,SLSI_O,2022.2.5,Win32,59.88023952,,,,,,,,,,,,,,,,,,,,,,,,,,,,,,,,,,,,,,,,,,,,,,,,,,,,,,,,,,,,,,,,,,,,,,,,,,,,,,,,,,,,,,,,,,,,,,,,,,,,,,,,,,,,,,,,,,,,,,,1,3.1426,"More often than not, I find my thoughts returning to concerns that I have Alzheimer’s disease or a related dementia.",0,8,8,4,1,"More often than not, I find my thoughts returning to concerns that I have Alzheimer’s disease or a related dementia.",,,,,,,,,,,,,,,,,,,,,,,,,,,,
,,,,,,,,,,,001,2025-05-08_19h20.45.832,SLSI_O,2022.2.5,Win32,59.88023952,,,,,,,,,,,,,,,,,,,,,,,,,,,,,,,,,,,,,,,,,,,,,,,,,,,,,,,,,,,,,,,,,,,,,,,,,,,,,,,,,,,,,,,,,,,,,,,,,,,,,,,,,,,,,,,,,,,,,,,1,2.0162,"I know I shouldn’t worry about developing Alzheimer’s disease and related dementias, but I just cannot help it.",0,9,9,0,1,"I know I shouldn’t worry about developing Alzheimer’s disease and related dementias, but I just cannot help it.",,,,,,,,,,,,,,,,,,,,,,,,,,,,
,,,,,,,,,,,001,2025-05-08_19h20.45.832,SLSI_O,2022.2.5,Win32,59.88023952,,,,,,,,,,,,,,,,,,,,,,,,,,,,,,,,,,,,,,,,,,,,,,,,,,,,,,,,,,,,,,,,,,,,,,,,,,,,,,,,,,,,,,,,,,,,,,,,,,,,,,,,,,,,,,,,,,,,,,,1,6.341,"	When I hear about someone having Alzheimer’s disease or a related dementia, I start to worry about having it myself.",0,10,10,5,1,"	When I hear about someone having Alzheimer’s disease or a related dementia, I start to worry about having it myself.",,,,,,,,,,,,,,,,,,,,,,,,,,,,
,,,,,,,,,,,001,2025-05-08_19h20.45.832,SLSI_O,2022.2.5,Win32,59.88023952,,,,,,,,,,,,,,,,,,,,,,,,,,,,,,,,,,,,,,,,,,,,,,,,,,,,,,,,,,,,,,,,,,,,,,,,,,,,,,,,,,,,,,,,,,,,,,,,,,,,,,,,,,,,,,,,,,,,,,,1,2.3856,"When I can’t remember something, I find myself wondering whether I have Alzheimer’s disease or a related dementia.",0,11,11,2,1,"When I can’t remember something, I find myself wondering whether I have Alzheimer’s disease or a related dementia.",,,,,,,,,,,,,,,,,,,,,,,,,,,,
,,,,,,,,,,,001,2025-05-08_19h20.45.832,SLSI_O,2022.2.5,Win32,59.88023952,,,,,,,,,,,,,,,,,,,,,,,,,,,,,,,,,,,,,,,,,,,,,,,,,,,,,,,,,,,,,,,,,,,,,,,,,,,,,,,,,,,,,,,,,,,,,,,,,,,,,,,,,,,,,,,,,,,,,,,,,,,,,,,,space,0.2514,,,,,,,,,,,,,,,,,,,,,,,,,,
,,,,,,,,,,,001,2025-05-08_19h20.45.832,SLSI_O,2022.2.5,Win32,59.88023952,,,,,,,,,,,,,,,,,,,,,,,,,,,,,,,,,,,,,,,,,,,,,,,,,,,,,,,,,,,,,,,,,,,,,,,,,,,,,,,,,,,,,,,,,,,,,,,,,,,,,,,,,,,,,,,,,,,,,,,,,,,,,,,,,,5,5.9812,"I answer the phone whenever it rings, even if I do not know who is calling",0,0,0,0,1,"I answer the phone whenever it rings, even if I do not know who is calling",,,,,,,,,,,,,,,,,
,,,,,,,,,,,001,2025-05-08_19h20.45.832,SLSI_O,2022.2.5,Win32,59.88023952,,,,,,,,,,,,,,,,,,,,,,,,,,,,,,,,,,,,,,,,,,,,,,,,,,,,,,,,,,,,,,,,,,,,,,,,,,,,,,,,,,,,,,,,,,,,,,,,,,,,,,,,,,,,,,,,,,,,,,,,,,,,,,,,,,5,3.3214,"If something sounds too good to be true, it usually is",0,1,1,2,1,"If something sounds too good to be true, it usually is",,,,,,,,,,,,,,,,,
,,,,,,,,,,,001,2025-05-08_19h20.45.832,SLSI_O,2022.2.5,Win32,59.88023952,,,,,,,,,,,,,,,,,,,,,,,,,,,,,,,,,,,,,,,,,,,,,,,,,,,,,,,,,,,,,,,,,,,,,,,,,,,,,,,,,,,,,,,,,,,,,,,,,,,,,,,,,,,,,,,,,,,,,,,,,,,,,,,,,,3,5.0539,Persons over the age of 65 are often targeted by con-artists,0,2,2,3,1,Persons over the age of 65 are often targeted by con-artists,,,,,,,,,,,,,,,,,
,,,,,,,,,,,001,2025-05-08_19h20.45.832,SLSI_O,2022.2.5,Win32,59.88023952,,,,,,,,,,,,,,,,,,,,,,,,,,,,,,,,,,,,,,,,,,,,,,,,,,,,,,,,,,,,,,,,,,,,,,,,,,,,,,,,,,,,,,,,,,,,,,,,,,,,,,,,,,,,,,,,,,,,,,,,,,,,,,,,,,2,6.3673,"I have difficulty ending a phone call, even if the caller is a telemarketer, someone I do not know, or someone I do not wish to call me",0,3,3,1,1,"I have difficulty ending a phone call, even if the caller is a telemarketer, someone I do not know, or someone I do not wish to call me",,,,,,,,,,,,,,,,,
,,,,,,,,,,,001,2025-05-08_19h20.45.832,SLSI_O,2022.2.5,Win32,59.88023952,,,,,,,,,,,,,,,,,,,,,,,,,,,,,,,,,,,,,,,,,,,,,,,,,,,,,,,,,,,,,,,,,,,,,,,,,,,,,,,,,,,,,,,,,,,,,,,,,,,,,,,,,,,,,,,,,,,,,,,,,,,,,,,,,,4,3.5894,"If a telemarketer calls me, I usually listen to what they have to say",0,4,4,4,1,"If a telemarketer calls me, I usually listen to what they have to say",,,,,,,,,,,,,,,,,
,,,,,,,,,,,001,2025-05-08_19h20.45.832,SLSI_O,2022.2.5,Win32,59.88023952,,,,,,,,,,,,,,,,,,,,,,,,,,,,,,,,,,,,,,,,,,,,,,,,,,,,,,,,,,,,,,,,,,,,,,,,,,,,,,,,,,,,,,,,,,,,,,,,,,,,,,,,,,,,,,,,,,,,,,,,,,,,,,,,,,,,,,,,,,,1.9921875,2.9148,,,,,,,,,,,,,,,
,,,,,,,,,,,001,2025-05-08_19h20.45.832,SLSI_O,2022.2.5,Win32,59.88023952,,,,,,,,,,,,,,,,,,,,,,,,,,,,,,,,,,,,,,,,,,,,,,,,,,,,,,,,,,,,,,,,,,,,,,,,,,,,,,,,,,,,,,,,,,,,,,,,,,,,,,,,,,,,,,,,,,,,,,,,,,,,,,,,,,,,,,,,,,,,,,,,,,,,,,,,,,,
,,,,,,,,,,,001,2025-05-08_19h20.45.832,SLSI_O,2022.2.5,Win32,59.88023952,,,,,,,,,,,,,,,,,,,,,,,,,,,,,,,,,,,,,,,,,,,,,,,,,,,,,,,,,,,,,,,,,,,,,,,,,,,,,,,,,,,,,,,,,,,,,,,,,,,,,,,,,,,,,,,,,,,,,,,,,,,,,,,,,,,,,,,,,,,,,"[""female_option""]",,,,,,,,,,,,,,
,,,,,,,,,,,001,2025-05-08_19h20.45.832,SLSI_O,2022.2.5,Win32,59.88023952,,,,,,,,,,,,,,,,,,,,,,,,,,,,,,,,,,,,,,,,,,,,,,,,,,,,,,,,,,,,,,,,,,,,,,,,,,,,,,,,,,,,,,,,,,,,,,,,,,,,,,,,,,,,,,,,,,,,,,,,,,,,,,,,,,,,,,,,,,,,,,,,,,,,,,,,,,,
,,,,,,,,,,,001,2025-05-08_19h20.45.832,SLSI_O,2022.2.5,Win32,59.88023952,,,,,,,,,,,,,,,,,,,,,,,,,,,,,,,,,,,,,,,,,,,,,,,,,,,,,,,,,,,,,,,,,,,,,,,,,,,,,,,,,,,,,,,,,,,,,,,,,,,,,,,,,,,,,,,,,,,,,,,,,,,,,,,,,,,,,,,,,,,,,,70,02/21/1955,,,,,,,,,,,,
,,,,,,,,,,,001,2025-05-08_19h20.45.832,SLSI_O,2022.2.5,Win32,59.88023952,,,,,,,,,,,,,,,,,,,,,,,,,,,,,,,,,,,,,,,,,,,,,,,,,,,,,,,,,,,,,,,,,,,,,,,,,,,,,,,,,,,,,,,,,,,,,,,,,,,,,,,,,,,,,,,,,,,,,,,,,,,,,,,,,,,,,,,,,,,,,,,,,,,,,,,,,,,
,,,,,,,,,,,001,2025-05-08_19h20.45.832,SLSI_O,2022.2.5,Win32,59.88023952,,,,,,,,,,,,,,,,,,,,,,,,,,,,,,,,,,,,,,,,,,,,,,,,,,,,,,,,,,,,,,,,,,,,,,,,,,,,,,,,,,,,,,,,,,,,,,,,,,,,,,,,,,,,,,,,,,,,,,,,,,,,,,,,,,,,,,,,,,,,,,,,"[""EduOpt6""]",,,,,,,,,,,
,,,,,,,,,,,001,2025-05-08_19h20.45.832,SLSI_O,2022.2.5,Win32,59.88023952,,,,,,,,,,,,,,,,,,,,,,,,,,,,,,,,,,,,,,,,,,,,,,,,,,,,,,,,,,,,,,,,,,,,,,,,,,,,,,,,,,,,,,,,,,,,,,,,,,,,,,,,,,,,,,,,,,,,,,,,,,,,,,,,,,,,,,,,,,,,,,,,,,,,,,,,,,,
,,,,,,,,,,,001,2025-05-08_19h20.45.832,SLSI_O,2022.2.5,Win32,59.88023952,,,,,,,,,,,,,,,,,,,,,,,,,,,,,,,,,,,,,,,,,,,,,,,,,,,,,,,,,,,,,,,,,,,,,,,,,,,,,,,,,,,,,,,,,,,,,,,,,,,,,,,,,,,,,,,,,,,,,,,,,,,,,,,,,,,,,,,,,,,,,,,,,"[""EthnOpt5""]",,,,,,,,,,
,,,,,,,,,,,001,2025-05-08_19h20.45.832,SLSI_O,2022.2.5,Win32,59.88023952,,,,,,,,,,,,,,,,,,,,,,,,,,,,,,,,,,,,,,,,,,,,,,,,,,,,,,,,,,,,,,,,,,,,,,,,,,,,,,,,,,,,,,,,,,,,,,,,,,,,,,,,,,,,,,,,,,,,,,,,,,,,,,,,,,,,,,,,,,,,,,,,,,,,,,,,,,,
,,,,,,,,,,,001,2025-05-08_19h20.45.832,SLSI_O,2022.2.5,Win32,59.88023952,,,,,,,,,,,,,,,,,,,,,,,,,,,,,,,,,,,,,,,,,,,,,,,,,,,,,,,,,,,,,,,,,,,,,,,,,,,,,,,,,,,,,,,,,,,,,,,,,,,,,,,,,,,,,,,,,,,,,,,,,,,,,,,,,,,,,,,,,,,,,,,,,,"[""EngFlncyY""]",,,,,,,,,
,,,,,,,,,,,001,2025-05-08_19h20.45.832,SLSI_O,2022.2.5,Win32,59.88023952,,,,,,,,,,,,,,,,,,,,,,,,,,,,,,,,,,,,,,,,,,,,,,,,,,,,,,,,,,,,,,,,,,,,,,,,,,,,,,,,,,,,,,,,,,,,,,,,,,,,,,,,,,,,,,,,,,,,,,,,,,,,,,,,,,,,,,,,,,,,,,,,,,,,,,,,,,,
,,,,,,,,,,,001,2025-05-08_19h20.45.832,SLSI_O,2022.2.5,Win32,59.88023952,,,,,,,,,,,,,,,,,,,,,,,,,,,,,,,,,,,,,,,,,,,,,,,,,,,,,,,,,,,,,,,,,,,,,,,,,,,,,,,,,,,,,,,,,,,,,,,,,,,,,,,,,,,,,,,,,,,,,,,,,,,,,,,,,,,,,,,,,,,,,,,,,,,0,United States of America,,,,,,,
,,,,,,,,,,,001,2025-05-08_19h20.45.832,SLSI_O,2022.2.5,Win32,59.88023952,,,,,,,,,,,,,,,,,,,,,,,,,,,,,,,,,,,,,,,,,,,,,,,,,,,,,,,,,,,,,,,,,,,,,,,,,,,,,,,,,,,,,,,,,,,,,,,,,,,,,,,,,,,,,,,,,,,,,,,,,,,,,,,,,,,,,,,,,,,,,,,,,,,,,,,,,,,
,,,,,,,,,,,001,2025-05-08_19h20.45.832,SLSI_O,2022.2.5,Win32,59.88023952,,,,,,,,,,,,,,,,,,,,,,,,,,,,,,,,,,,,,,,,,,,,,,,,,,,,,,,,,,,,,,,,,,,,,,,,,,,,,,,,,,,,,,,,,,,,,,,,,,,,,,,,,,,,,,,,,,,,,,,,,,,,,,,,,,,,,,,,,,,,,,,,,,,,,D. EVERYTHING RAN SMOOTHLY,,,,,,
,,,,,,,,,,,001,2025-05-08_19h20.45.832,SLSI_O,2022.2.5,Win32,59.88023952,,,,,,,,,,,,,,,,,,,,,,,,,,,,,,,,,,,,,,,,,,,,,,,,,,,,,,,,,,,,,,,,,,,,,,,,,,,,,,,,,,,,,,,,,,,,,,,,,,,,,,,,,,,,,,,,,,,,,,,,,,,,,,,,,,,,,,,,,,,,,,,,,,,,,,,,,,,
,,,,,,,,,,,001,2025-05-08_19h20.45.832,SLSI_O,2022.2.5,Win32,59.88023952,,,,,,,,,,,,,,,,,,,,,,,,,,,,,,,,,,,,,,,,,,,,,,,,,,,,,,,,,,,,,,,,,,,,,,,,,,,,,,,,,,,,,,,,,,,,,,,,,,,,,,,,,,,,,,,,,,,,,,,,,,,,,,,,,,,,,,,,,,,,,,,,,,,,,,"No, I wasn't doing anything",,,,,
,,,,,,,,,,,001,2025-05-08_19h20.45.832,SLSI_O,2022.2.5,Win32,59.88023952,,,,,,,,,,,,,,,,,,,,,,,,,,,,,,,,,,,,,,,,,,,,,,,,,,,,,,,,,,,,,,,,,,,,,,,,,,,,,,,,,,,,,,,,,,,,,,,,,,,,,,,,,,,,,,,,,,,,,,,,,,,,,,,,,,,,,,,,,,,,,,,,,,,,,,,,,,,
,,,,,,,,,,,001,2025-05-08_19h20.45.832,SLSI_O,2022.2.5,Win32,59.88023952,,,,,,,,,,,,,,,,,,,,,,,,,,,,,,,,,,,,,,,,,,,,,,,,,,,,,,,,,,,,,,,,,,,,,,,,,,,,,,,,,,,,,,,,,,,,,,,,,,,,,,,,,,,,,,,,,,,,,,,,,,,,,,,,,,,,,,,,,,,,,,,,,,,,,,,Nothing at all,,,,
,,,,,,,,,,,001,2025-05-08_19h20.45.832,SLSI_O,2022.2.5,Win32,59.88023952,,,,,,,,,,,,,,,,,,,,,,,,,,,,,,,,,,,,,,,,,,,,,,,,,,,,,,,,,,,,,,,,,,,,,,,,,,,,,,,,,,,,,,,,,,,,,,,,,,,,,,,,,,,,,,,,,,,,,,,,,,,,,,,,,,,,,,,,,,,,,,,,,,,,,,,,,,,
,,,,,,,,,,,001,2025-05-08_19h20.45.832,SLSI_O,2022.2.5,Win32,59.88023952,,,,,,,,,,,,,,,,,,,,,,,,,,,,,,,,,,,,,,,,,,,,,,,,,,,,,,,,,,,,,,,,,,,,,,,,,,,,,,,,,,,,,,,,,,,,,,,,,,,,,,,,,,,,,,,,,,,,,,,,,,,,,,,,,,,,,,,,,,,,,,,,,,,,,,,,"[""Q4option1""]",,,
,,,,,,,,,,,001,2025-05-08_19h20.45.832,SLSI_O,2022.2.5,Win32,59.88023952,,,,,,,,,,,,,,,,,,,,,,,,,,,,,,,,,,,,,,,,,,,,,,,,,,,,,,,,,,,,,,,,,,,,,,,,,,,,,,,,,,,,,,,,,,,,,,,,,,,,,,,,,,,,,,,,,,,,,,,,,,,,,,,,,,,,,,,,,,,,,,,,,,,,,,,,,,,
,,,,,,,,,,,001,2025-05-08_19h20.45.832,SLSI_O,2022.2.5,Win32,59.88023952,,,,,,,,,,,,,,,,,,,,,,,,,,,,,,,,,,,,,,,,,,,,,,,,,,,,,,,,,,,,,,,,,,,,,,,,,,,,,,,,,,,,,,,,,,,,,,,,,,,,,,,,,,,,,,,,,,,,,,,,,,,,,,,,,,,,,,,,,,,,,,,,,,,,,,,,,1,[2551.433900000095],[2551.433900000095]
