bruinID.text,button.numClicks,button.timesOn,button.timesOff,mouseLogIn.x,mouseLogIn.y,mouseLogIn.leftButton,mouseLogIn.midButton,mouseLogIn.rightButton,mouseLogIn.time,mouseLogIn.clicked_name,participant,date,expName,psychopyVersion,OS,frameRate,key_resp_6.keys,key_resp_6.rt,key_resp_5.keys,key_resp_5.rt,subjage_slider.response,subjage_slider.rt,confidence_scale.response,confidence_scale.rt,key_resp_7.keys,key_resp_7.rt,button_2.numClicks,button_2.timesOn,button_2.timesOff,email_type,scam_button.numClicks,scam_button.timesOn,scam_button.timesOff,legit_button.numClicks,legit_button.timesOn,legit_button.timesOff,button_selections_1,confidence_scale_email.response,confidence_scale_email.rt,personal_rel_scale.response,personal_rel_scale.rt,curiosity_scale.response,curiosity_scale.rt,email_loop.thisRepN,email_loop.thisTrialN,email_loop.thisN,email_loop.thisIndex,email_loop.ran,emails,type,xsize,ysize,xpos,ypos,key_resp_11.keys,key_resp_11.rt,key_resp_9.keys,key_resp_9.rt,key_resp_10.keys,key_resp_10.rt,textbox.text,next_button.numClicks,next_button.timesOn,next_button.timesOff,key_resp_8.keys,key_resp_8.rt,mouse.x,mouse.y,mouse.leftButton,mouse.midButton,mouse.rightButton,mouse.time,key_resp_12.keys,key_resp_12.rt,button_3.numClicks,button_3.timesOn,button_3.timesOff,mouse_2.x,mouse_2.y,mouse_2.leftButton,mouse_2.midButton,mouse_2.rightButton,mouse_2.time,button_4.numClicks,button_4.timesOn,button_4.timesOff,mouse_3.x,mouse_3.y,mouse_3.leftButton,mouse_3.midButton,mouse_3.rightButton,mouse_3.time,button_5.numClicks,button_5.timesOn,button_5.timesOff,email_loops2.thisRepN,email_loops2.thisTrialN,email_loops2.thisN,email_loops2.thisIndex,email_loops2.ran,key_resp_3.keys,key_resp_3.rt,slider1_2.response,slider1_2.rt,trust_question,loop_GT.thisRepN,loop_GT.thisTrialN,loop_GT.thisN,loop_GT.thisIndex,loop_GT.ran,Phrases,instructionresp_2.keys,instructionresp_2.rt,key_resp_13.keys,key_resp_13.rt,gen_question,loop_G.thisRepN,loop_G.thisTrialN,loop_G.thisN,loop_G.thisIndex,loop_G.ran,Questions,instructionresp.keys,instructionresp.rt,key_resp_2.keys,key_resp_2.rt,lonely_question,loop_LS.thisRepN,loop_LS.thisTrialN,loop_LS.thisN,loop_LS.thisIndex,loop_LS.ran,key_resp_4.keys,key_resp_4.rt,rating.response,rating.rt,dementia_question,loop_dm.thisRepN,loop_dm.thisTrialN,loop_dm.thisN,loop_dm.thisIndex,loop_dm.ran,Items,key_resp.keys,key_resp.rt,slider1.response,slider1.rt,ss_question,loop_SS.thisRepN,loop_SS.thisTrialN,loop_SS.thisN,loop_SS.thisIndex,loop_SS.ran,Statements,slider.response,slider.rt,Gender,textboxAge.text,textboxBirthday.text,Education Level,Ethnicity,English Fluency,textboxAge_2.text,textboxCountry.text,FQ1textbox.text,textboxQuestion2.text,textboxQuestion3.text,FQ4 selection,Finish.numClicks,Finish.timesOn,Finish.timesOff
62c550556993f53f1e8cf8e30,1,[149.20020000000298],[149.20029999999701],0.335576069,-0.063524099,1,0,0,149.0633,button,001,2025-05-08_19h37.24.465,SLSI_O,2022.2.5,Linux x86_64,59.88023952,,,,,,,,,,,,,,,,,,,,,,,,,,,,,,,,,,,,,,,,,,,,,,,,,,,,,,,,,,,,,,,,,,,,,,,,,,,,,,,,,,,,,,,,,,,,,,,,,,,,,,,,,,,,,,,,,,,,,,,,,,,,,,,,,,,,,,,,,,,,,,,,,,,,,,,,,,,
,,,,,,,,,,,001,2025-05-08_19h37.24.465,SLSI_O,2022.2.5,Linux x86_64,59.88023952,space,6.5827,,,,,,,,,,,,,,,,,,,,,,,,,,,,,,,,,,,,,,,,,,,,,,,,,,,,,,,,,,,,,,,,,,,,,,,,,,,,,,,,,,,,,,,,,,,,,,,,,,,,,,,,,,,,,,,,,,,,,,,,,,,,,,,,,,,,,,,,,,,,,,,,,,,,,,,,,
,,,,,,,,,,,001,2025-05-08_19h37.24.465,SLSI_O,2022.2.5,Linux x86_64,59.88023952,,,space,10.8982,,,,,,,,,,,,,,,,,,,,,,,,,,,,,,,,,,,,,,,,,,,,,,,,,,,,,,,,,,,,,,,,,,,,,,,,,,,,,,,,,,,,,,,,,,,,,,,,,,,,,,,,,,,,,,,,,,,,,,,,,,,,,,,,,,,,,,,,,,,,,,,,,,,,,,,
,,,,,,,,,,,001,2025-05-08_19h37.24.465,SLSI_O,2022.2.5,Linux x86_64,59.88023952,,,,,80.75281159,6.0456,,,,,,,,,,,,,,,,,,,,,,,,,,,,,,,,,,,,,,,,,,,,,,,,,,,,,,,,,,,,,,,,,,,,,,,,,,,,,,,,,,,,,,,,,,,,,,,,,,,,,,,,,,,,,,,,,,,,,,,,,,,,,,,,,,,,,,,,,,,,,,,,,,,,,
,,,,,,,,,,,001,2025-05-08_19h37.24.465,SLSI_O,2022.2.5,Linux x86_64,59.88023952,,,,,,,5.010573682,4.0405,,,,,,,,,,,,,,,,,,,,,,,,,,,,,,,,,,,,,,,,,,,,,,,,,,,,,,,,,,,,,,,,,,,,,,,,,,,,,,,,,,,,,,,,,,,,,,,,,,,,,,,,,,,,,,,,,,,,,,,,,,,,,,,,,,,,,,,,,,,,,,,,,,,
,,,,,,,,,,,001,2025-05-08_19h37.24.465,SLSI_O,2022.2.5,Linux x86_64,59.88023952,,,,,,,,,space,7.4924,,,,,,,,,,,,,,,,,,,,,,,,,,,,,,,,,,,,,,,,,,,,,,,,,,,,,,,,,,,,,,,,,,,,,,,,,,,,,,,,,,,,,,,,,,,,,,,,,,,,,,,,,,,,,,,,,,,,,,,,,,,,,,,,,,,,,,,,,,,,,,,,,
,,,,,,,,,,,001,2025-05-08_19h37.24.465,SLSI_O,2022.2.5,Linux x86_64,59.88023952,,,,,,,,,,,1,[229.37179999999702],[229.37179999999702],,0,[],[],1,[231.26969999999554],[231.26969999999554],"[""legit_button""]",6.021315802,2.8569,6.004154266,3.3261,5.966134208,3.3927,0,0,0,14,1,resources/images/legit7-EDIT.png,legit,0.65,0.65,0,0,,,,,,,,,,,,,,,,,,,,,,,,,,,,,,,,,,,,,,,,,,,,,,,,,,,,,,,,,,,,,,,,,,,,,,,,,,,,,,,,,,,,,,,,,,,,,,,,,,,,,,,,,,,,,,,,,,,,,
,,,,,,,,,,,001,2025-05-08_19h37.24.465,SLSI_O,2022.2.5,Linux x86_64,59.88023952,,,,,,,,,,,2,"[229.37179999999702,263.23850000000004]","[229.37179999999702,263.2385999999941]",,0,[],[],2,"[231.26969999999554,264.20300000000003]","[231.26969999999554,264.2030999999941]","[""legit_button""]",6.052946545,1.2532,6.088467068,1.403,6.088467068,0.3607,0,1,1,5,1,resources/images/legit3.jpg,legit,1,0.73,0,0,,,,,,,,,,,,,,,,,,,,,,,,,,,,,,,,,,,,,,,,,,,,,,,,,,,,,,,,,,,,,,,,,,,,,,,,,,,,,,,,,,,,,,,,,,,,,,,,,,,,,,,,,,,,,,,,,,,,,
,,,,,,,,,,,001,2025-05-08_19h37.24.465,SLSI_O,2022.2.5,Linux x86_64,59.88023952,,,,,,,,,,,3,"[229.37179999999702,263.23850000000004,277.70519999999556]","[229.37179999999702,263.2385999999941,277.70519999999556]",,1,[278.7035999999941],[278.7035999999941],2,"[231.26969999999554,264.20300000000003]","[231.26969999999554,264.2030999999941]","[""scam_button""]",6.078926208,1.7439,6.051536923,0.9297,6.051536923,0.3646,0,2,2,3,1,resources/images/legit1.png,legit,1,0.72,0,0,,,,,,,,,,,,,,,,,,,,,,,,,,,,,,,,,,,,,,,,,,,,,,,,,,,,,,,,,,,,,,,,,,,,,,,,,,,,,,,,,,,,,,,,,,,,,,,,,,,,,,,,,,,,,,,,,,,,,
,,,,,,,,,,,001,2025-05-08_19h37.24.465,SLSI_O,2022.2.5,Linux x86_64,59.88023952,,,,,,,,,,,4,"[229.37179999999702,263.23850000000004,277.70519999999556,290.38839999999857]","[229.37179999999702,263.2385999999941,277.70519999999556,290.38839999999857]",,2,"[278.7035999999941,291.237]","[278.7035999999941,291.2370999999941]",2,"[231.26969999999554,264.20300000000003]","[231.26969999999554,264.2030999999941]","[""scam_button""]",8.086985755,2.4264,3.847144717,2.0809,3.884500171,0.4887,0,3,3,2,1,resources/images/scam3.png,scam,1.2,0.65,0,0,,,,,,,,,,,,,,,,,,,,,,,,,,,,,,,,,,,,,,,,,,,,,,,,,,,,,,,,,,,,,,,,,,,,,,,,,,,,,,,,,,,,,,,,,,,,,,,,,,,,,,,,,,,,,,,,,,,,,
,,,,,,,,,,,001,2025-05-08_19h37.24.465,SLSI_O,2022.2.5,Linux x86_64,59.88023952,,,,,,,,,,,5,"[229.37179999999702,263.23850000000004,277.70519999999556,290.38839999999857,302.50500000000005]","[229.37179999999702,263.2385999999941,277.70519999999556,290.38839999999857,302.50519999999557]",,3,"[278.7035999999941,291.237,303.27029999999706]","[278.7035999999941,291.2370999999941,303.2703999999985]",2,"[231.26969999999554,264.20300000000003]","[231.26969999999554,264.2030999999941]","[""scam_button""]",7.64397709,0.97,6.01886277,1.6188,3.84210302,0.8405,0,4,4,6,1,resources/images/scam4.png,scam,0.8,0.65,0,0,,,,,,,,,,,,,,,,,,,,,,,,,,,,,,,,,,,,,,,,,,,,,,,,,,,,,,,,,,,,,,,,,,,,,,,,,,,,,,,,,,,,,,,,,,,,,,,,,,,,,,,,,,,,,,,,,,,,,
,,,,,,,,,,,001,2025-05-08_19h37.24.465,SLSI_O,2022.2.5,Linux x86_64,59.88023952,,,,,,,,,,,6,"[229.37179999999702,263.23850000000004,277.70519999999556,290.38839999999857,302.50500000000005,314.74369999999556]","[229.37179999999702,263.2385999999941,277.70519999999556,290.38839999999857,302.50519999999557,314.7438999999986]",,4,"[278.7035999999941,291.237,303.27029999999706,315.4535]","[278.7035999999941,291.2370999999941,303.2703999999985,315.4535999999941]",2,"[231.26969999999554,264.20300000000003]","[231.26969999999554,264.2030999999941]","[""scam_button""]",8.73152863,1.5373,6.108121357,2.0281,2.023183187,1.8907,0,5,5,19,1,resources/images/scam_11.png,scam,1,0.65,0,0,,,,,,,,,,,,,,,,,,,,,,,,,,,,,,,,,,,,,,,,,,,,,,,,,,,,,,,,,,,,,,,,,,,,,,,,,,,,,,,,,,,,,,,,,,,,,,,,,,,,,,,,,,,,,,,,,,,,,
,,,,,,,,,,,001,2025-05-08_19h37.24.465,SLSI_O,2022.2.5,Linux x86_64,59.88023952,,,,,,,,,,,7,"[229.37179999999702,263.23850000000004,277.70519999999556,290.38839999999857,302.50500000000005,314.74369999999556,335.9885999999941]","[229.37179999999702,263.2385999999941,277.70519999999556,290.38839999999857,302.50519999999557,314.7438999999986,335.9885999999941]",,5,"[278.7035999999941,291.237,303.27029999999706,315.4535,336.7533999999985]","[278.7035999999941,291.2370999999941,303.2703999999985,315.4535999999941,336.75350000000003]",2,"[231.26969999999554,264.20300000000003]","[231.26969999999554,264.2030999999941]","[""scam_button""]",6.906396291,0.9979,6.833631727,0.9738,6.166149321,0.8223,0,6,6,13,1,resources/images/legit6.png,legit,0.65,0.65,0,0,,,,,,,,,,,,,,,,,,,,,,,,,,,,,,,,,,,,,,,,,,,,,,,,,,,,,,,,,,,,,,,,,,,,,,,,,,,,,,,,,,,,,,,,,,,,,,,,,,,,,,,,,,,,,,,,,,,,,
,,,,,,,,,,,001,2025-05-08_19h37.24.465,SLSI_O,2022.2.5,Linux x86_64,59.88023952,,,,,,,,,,,8,"[229.37179999999702,263.23850000000004,277.70519999999556,290.38839999999857,302.50500000000005,314.74369999999556,335.9885999999941,362.43850000000003]","[229.37179999999702,263.2385999999941,277.70519999999556,290.38839999999857,302.50519999999557,314.7438999999986,335.9885999999941,362.43850000000003]",,5,"[278.7035999999941,291.237,303.27029999999706,315.4535,336.7533999999985]","[278.7035999999941,291.2370999999941,303.2703999999985,315.4535999999941,336.75350000000003]",3,"[231.26969999999554,264.20300000000003,363.21969999999556]","[231.26969999999554,264.2030999999941,363.21969999999556]","[""legit_button""]",6.150105794,0.9067,6.150105794,0.3425,6.131954133,0.7718,0,7,7,8,1,resources/images/legit9-EDIT.png,legit,1,0.65,0,0,,,,,,,,,,,,,,,,,,,,,,,,,,,,,,,,,,,,,,,,,,,,,,,,,,,,,,,,,,,,,,,,,,,,,,,,,,,,,,,,,,,,,,,,,,,,,,,,,,,,,,,,,,,,,,,,,,,,,
,,,,,,,,,,,001,2025-05-08_19h37.24.465,SLSI_O,2022.2.5,Linux x86_64,59.88023952,,,,,,,,,,,9,"[229.37179999999702,263.23850000000004,277.70519999999556,290.38839999999857,302.50500000000005,314.74369999999556,335.9885999999941,362.43850000000003,381.0635999999941]","[229.37179999999702,263.2385999999941,277.70519999999556,290.38839999999857,302.50519999999557,314.7438999999986,335.9885999999941,362.43850000000003,381.0635999999941]",,6,"[278.7035999999941,291.237,303.27029999999706,315.4535,336.7533999999985,381.97839999999854]","[278.7035999999941,291.2370999999941,303.2703999999985,315.4535999999941,336.75350000000003,381.97839999999854]",3,"[231.26969999999554,264.20300000000003,363.21969999999556]","[231.26969999999554,264.2030999999941,363.21969999999556]","[""scam_button""]",5.086367653,1.5645,5.964686802,0.627,5.964686802,0.3385,0,8,8,12,1,resources/images/legit5-EDIT.png,legit,0.65,0.65,0,0,,,,,,,,,,,,,,,,,,,,,,,,,,,,,,,,,,,,,,,,,,,,,,,,,,,,,,,,,,,,,,,,,,,,,,,,,,,,,,,,,,,,,,,,,,,,,,,,,,,,,,,,,,,,,,,,,,,,,
,,,,,,,,,,,001,2025-05-08_19h37.24.465,SLSI_O,2022.2.5,Linux x86_64,59.88023952,,,,,,,,,,,10,"[229.37179999999702,263.23850000000004,277.70519999999556,290.38839999999857,302.50500000000005,314.74369999999556,335.9885999999941,362.43850000000003,381.0635999999941,402.05509999999407]","[229.37179999999702,263.2385999999941,277.70519999999556,290.38839999999857,302.50519999999557,314.7438999999986,335.9885999999941,362.43850000000003,381.0635999999941,402.0551999999956]",,7,"[278.7035999999941,291.237,303.27029999999706,315.4535,336.7533999999985,381.97839999999854,402.85350000000005]","[278.7035999999941,291.2370999999941,303.2703999999985,315.4535999999941,336.75350000000003,381.97839999999854,402.85350000000005]",3,"[231.26969999999554,264.20300000000003,363.21969999999556]","[231.26969999999554,264.2030999999941,363.21969999999556]","[""scam_button""]",4.072937981,1.1773,4.072937981,0.8908,4.072937981,0.7073,0,9,9,18,1,resources/images/legit10-EDIT.png,legit,1,0.65,0,0,,,,,,,,,,,,,,,,,,,,,,,,,,,,,,,,,,,,,,,,,,,,,,,,,,,,,,,,,,,,,,,,,,,,,,,,,,,,,,,,,,,,,,,,,,,,,,,,,,,,,,,,,,,,,,,,,,,,,
,,,,,,,,,,,001,2025-05-08_19h37.24.465,SLSI_O,2022.2.5,Linux x86_64,59.88023952,,,,,,,,,,,11,"[229.37179999999702,263.23850000000004,277.70519999999556,290.38839999999857,302.50500000000005,314.74369999999556,335.9885999999941,362.43850000000003,381.0635999999941,402.05509999999407,420.93829999999707]","[229.37179999999702,263.2385999999941,277.70519999999556,290.38839999999857,302.50519999999557,314.7438999999986,335.9885999999941,362.43850000000003,381.0635999999941,402.0551999999956,420.9383999999986]",,8,"[278.7035999999941,291.237,303.27029999999706,315.4535,336.7533999999985,381.97839999999854,402.85350000000005,421.7868999999985]","[278.7035999999941,291.2370999999941,303.2703999999985,315.4535999999941,336.75350000000003,381.97839999999854,402.85350000000005,421.7868999999985]",3,"[231.26969999999554,264.20300000000003,363.21969999999556]","[231.26969999999554,264.2030999999941,363.21969999999556]","[""scam_button""]",5.910143655,0.8567,5.910143655,0.5215,5.910143655,0.3081,0,10,10,11,1,resources/images/legit4-EDIT.png,legit,0.65,0.65,0,0,,,,,,,,,,,,,,,,,,,,,,,,,,,,,,,,,,,,,,,,,,,,,,,,,,,,,,,,,,,,,,,,,,,,,,,,,,,,,,,,,,,,,,,,,,,,,,,,,,,,,,,,,,,,,,,,,,,,,
,,,,,,,,,,,001,2025-05-08_19h37.24.465,SLSI_O,2022.2.5,Linux x86_64,59.88023952,,,,,,,,,,,12,"[229.37179999999702,263.23850000000004,277.70519999999556,290.38839999999857,302.50500000000005,314.74369999999556,335.9885999999941,362.43850000000003,381.0635999999941,402.05509999999407,420.93829999999707,430.25519999999557]","[229.37179999999702,263.2385999999941,277.70519999999556,290.38839999999857,302.50519999999557,314.7438999999986,335.9885999999941,362.43850000000003,381.0635999999941,402.0551999999956,420.9383999999986,430.25519999999557]",,9,"[278.7035999999941,291.237,303.27029999999706,315.4535,336.7533999999985,381.97839999999854,402.85350000000005,421.7868999999985,431.12039999999854]","[278.7035999999941,291.2370999999941,303.2703999999985,315.4535999999941,336.75350000000003,381.97839999999854,402.85350000000005,421.7868999999985,431.12039999999854]",3,"[231.26969999999554,264.20300000000003,363.21969999999556]","[231.26969999999554,264.2030999999941,363.21969999999556]","[""scam_button""]",6.313358367,1.015,6.190165202,0.4173,5.942977663,0.709,0,11,11,23,1,resources/images/scam14-EDIT.png,scam,1,0.65,0,0,,,,,,,,,,,,,,,,,,,,,,,,,,,,,,,,,,,,,,,,,,,,,,,,,,,,,,,,,,,,,,,,,,,,,,,,,,,,,,,,,,,,,,,,,,,,,,,,,,,,,,,,,,,,,,,,,,,,,
,,,,,,,,,,,001,2025-05-08_19h37.24.465,SLSI_O,2022.2.5,Linux x86_64,59.88023952,,,,,,,,,,,13,"[229.37179999999702,263.23850000000004,277.70519999999556,290.38839999999857,302.50500000000005,314.74369999999556,335.9885999999941,362.43850000000003,381.0635999999941,402.05509999999407,420.93829999999707,430.25519999999557,451.35489999999857]","[229.37179999999702,263.2385999999941,277.70519999999556,290.38839999999857,302.50519999999557,314.7438999999986,335.9885999999941,362.43850000000003,381.0635999999941,402.0551999999956,420.9383999999986,430.25519999999557,451.3550000000001]",,9,"[278.7035999999941,291.237,303.27029999999706,315.4535,336.7533999999985,381.97839999999854,402.85350000000005,421.7868999999985,431.12039999999854]","[278.7035999999941,291.2370999999941,303.2703999999985,315.4535999999941,336.75350000000003,381.97839999999854,402.85350000000005,421.7868999999985,431.12039999999854]",4,"[231.26969999999554,264.20300000000003,363.21969999999556,452.14200000000005]","[231.26969999999554,264.2030999999941,363.21969999999556,452.14200000000005]","[""legit_button""]",6.001840743,0.8015,6.001840743,0.2485,6.001840743,0.1728,0,12,12,9,1,resources/images/scam6.jpg,scam,1,0.65,0,0,,,,,,,,,,,,,,,,,,,,,,,,,,,,,,,,,,,,,,,,,,,,,,,,,,,,,,,,,,,,,,,,,,,,,,,,,,,,,,,,,,,,,,,,,,,,,,,,,,,,,,,,,,,,,,,,,,,,,
,,,,,,,,,,,001,2025-05-08_19h37.24.465,SLSI_O,2022.2.5,Linux x86_64,59.88023952,,,,,,,,,,,14,"[229.37179999999702,263.23850000000004,277.70519999999556,290.38839999999857,302.50500000000005,314.74369999999556,335.9885999999941,362.43850000000003,381.0635999999941,402.05509999999407,420.93829999999707,430.25519999999557,451.35489999999857,459.12229999999704]","[229.37179999999702,263.2385999999941,277.70519999999556,290.38839999999857,302.50519999999557,314.7438999999986,335.9885999999941,362.43850000000003,381.0635999999941,402.0551999999956,420.9383999999986,430.25519999999557,451.3550000000001,459.12229999999704]",,10,"[278.7035999999941,291.237,303.27029999999706,315.4535,336.7533999999985,381.97839999999854,402.85350000000005,421.7868999999985,431.12039999999854,459.80369999999556]","[278.7035999999941,291.2370999999941,303.2703999999985,315.4535999999941,336.75350000000003,381.97839999999854,402.85350000000005,421.7868999999985,431.12039999999854,459.80379999999707]",4,"[231.26969999999554,264.20300000000003,363.21969999999556,452.14200000000005]","[231.26969999999554,264.2030999999941,363.21969999999556,452.14200000000005]","[""scam_button""]",5.977085658,1.2277,5.977085658,0.3387,5.977085658,0.1805,0,13,13,15,1,resources/images/legit8.png,legit,0.8,0.72,0,0,,,,,,,,,,,,,,,,,,,,,,,,,,,,,,,,,,,,,,,,,,,,,,,,,,,,,,,,,,,,,,,,,,,,,,,,,,,,,,,,,,,,,,,,,,,,,,,,,,,,,,,,,,,,,,,,,,,,,
,,,,,,,,,,,001,2025-05-08_19h37.24.465,SLSI_O,2022.2.5,Linux x86_64,59.88023952,,,,,,,,,,,15,"[229.37179999999702,263.23850000000004,277.70519999999556,290.38839999999857,302.50500000000005,314.74369999999556,335.9885999999941,362.43850000000003,381.0635999999941,402.05509999999407,420.93829999999707,430.25519999999557,451.35489999999857,459.12229999999704,465.5216999999956]","[229.37179999999702,263.2385999999941,277.70519999999556,290.38839999999857,302.50519999999557,314.7438999999986,335.9885999999941,362.43850000000003,381.0635999999941,402.0551999999956,420.9383999999986,430.25519999999557,451.3550000000001,459.12229999999704,465.5217999999971]",,11,"[278.7035999999941,291.237,303.27029999999706,315.4535,336.7533999999985,381.97839999999854,402.85350000000005,421.7868999999985,431.12039999999854,459.80369999999556,466.30359999999405]","[278.7035999999941,291.2370999999941,303.2703999999985,315.4535999999941,336.75350000000003,381.97839999999854,402.85350000000005,421.7868999999985,431.12039999999854,459.80379999999707,466.30369999999556]",4,"[231.26969999999554,264.20300000000003,363.21969999999556,452.14200000000005]","[231.26969999999554,264.2030999999941,363.21969999999556,452.14200000000005]","[""scam_button""]",6.091118707,0.8958,6.091118707,0.2864,6.091118707,0.1197,0,14,14,10,1,resources/images/scam7.png,scam,0.65,0.65,0,0,,,,,,,,,,,,,,,,,,,,,,,,,,,,,,,,,,,,,,,,,,,,,,,,,,,,,,,,,,,,,,,,,,,,,,,,,,,,,,,,,,,,,,,,,,,,,,,,,,,,,,,,,,,,,,,,,,,,,
,,,,,,,,,,,001,2025-05-08_19h37.24.465,SLSI_O,2022.2.5,Linux x86_64,59.88023952,,,,,,,,,,,16,"[229.37179999999702,263.23850000000004,277.70519999999556,290.38839999999857,302.50500000000005,314.74369999999556,335.9885999999941,362.43850000000003,381.0635999999941,402.05509999999407,420.93829999999707,430.25519999999557,451.35489999999857,459.12229999999704,465.5216999999956,480.2381999999956]","[229.37179999999702,263.2385999999941,277.70519999999556,290.38839999999857,302.50519999999557,314.7438999999986,335.9885999999941,362.43850000000003,381.0635999999941,402.0551999999956,420.9383999999986,430.25519999999557,451.3550000000001,459.12229999999704,465.5217999999971,480.2381999999956]",,12,"[278.7035999999941,291.237,303.27029999999706,315.4535,336.7533999999985,381.97839999999854,402.85350000000005,421.7868999999985,431.12039999999854,459.80369999999556,466.30359999999405,480.88689999999855]","[278.7035999999941,291.2370999999941,303.2703999999985,315.4535999999941,336.75350000000003,381.97839999999854,402.85350000000005,421.7868999999985,431.12039999999854,459.80379999999707,466.30369999999556,480.88689999999855]",4,"[231.26969999999554,264.20300000000003,363.21969999999556,452.14200000000005]","[231.26969999999554,264.2030999999941,363.21969999999556,452.14200000000005]","[""scam_button""]",8.402591766,1.1285,4.216279529,2.0216,4.216279529,0.4361,0,15,15,7,1,resources/images/scam5.jpg,scam,0.7,0.65,0,0,,,,,,,,,,,,,,,,,,,,,,,,,,,,,,,,,,,,,,,,,,,,,,,,,,,,,,,,,,,,,,,,,,,,,,,,,,,,,,,,,,,,,,,,,,,,,,,,,,,,,,,,,,,,,,,,,,,,,
,,,,,,,,,,,001,2025-05-08_19h37.24.465,SLSI_O,2022.2.5,Linux x86_64,59.88023952,,,,,,,,,,,17,"[229.37179999999702,263.23850000000004,277.70519999999556,290.38839999999857,302.50500000000005,314.74369999999556,335.9885999999941,362.43850000000003,381.0635999999941,402.05509999999407,420.93829999999707,430.25519999999557,451.35489999999857,459.12229999999704,465.5216999999956,480.2381999999956,493.50519999999557]","[229.37179999999702,263.2385999999941,277.70519999999556,290.38839999999857,302.50519999999557,314.7438999999986,335.9885999999941,362.43850000000003,381.0635999999941,402.0551999999956,420.9383999999986,430.25519999999557,451.3550000000001,459.12229999999704,465.5217999999971,480.2381999999956,493.5052999999971]",,13,"[278.7035999999941,291.237,303.27029999999706,315.4535,336.7533999999985,381.97839999999854,402.85350000000005,421.7868999999985,431.12039999999854,459.80369999999556,466.30359999999405,480.88689999999855,494.42029999999704]","[278.7035999999941,291.2370999999941,303.2703999999985,315.4535999999941,336.75350000000003,381.97839999999854,402.85350000000005,421.7868999999985,431.12039999999854,459.80379999999707,466.30369999999556,480.88689999999855,494.42029999999704]",4,"[231.26969999999554,264.20300000000003,363.21969999999556,452.14200000000005]","[231.26969999999554,264.2030999999941,363.21969999999556,452.14200000000005]","[""scam_button""]",5.671685113,1.3147,5.671685113,0.4789,5.644002279,0.8752,0,16,16,4,1,resources/images/legit2.jpg,legit,1,0.65,0,0,,,,,,,,,,,,,,,,,,,,,,,,,,,,,,,,,,,,,,,,,,,,,,,,,,,,,,,,,,,,,,,,,,,,,,,,,,,,,,,,,,,,,,,,,,,,,,,,,,,,,,,,,,,,,,,,,,,,,
,,,,,,,,,,,001,2025-05-08_19h37.24.465,SLSI_O,2022.2.5,Linux x86_64,59.88023952,,,,,,,,,,,18,"[229.37179999999702,263.23850000000004,277.70519999999556,290.38839999999857,302.50500000000005,314.74369999999556,335.9885999999941,362.43850000000003,381.0635999999941,402.05509999999407,420.93829999999707,430.25519999999557,451.35489999999857,459.12229999999704,465.5216999999956,480.2381999999956,493.50519999999557,501.6385]","[229.37179999999702,263.2385999999941,277.70519999999556,290.38839999999857,302.50519999999557,314.7438999999986,335.9885999999941,362.43850000000003,381.0635999999941,402.0551999999956,420.9383999999986,430.25519999999557,451.3550000000001,459.12229999999704,465.5217999999971,480.2381999999956,493.5052999999971,501.6385999999941]",,14,"[278.7035999999941,291.237,303.27029999999706,315.4535,336.7533999999985,381.97839999999854,402.85350000000005,421.7868999999985,431.12039999999854,459.80369999999556,466.30359999999405,480.88689999999855,494.42029999999704,502.30339999999853]","[278.7035999999941,291.2370999999941,303.2703999999985,315.4535999999941,336.75350000000003,381.97839999999854,402.85350000000005,421.7868999999985,431.12039999999854,459.80379999999707,466.30369999999556,480.88689999999855,494.42029999999704,502.30350000000004]",4,"[231.26969999999554,264.20300000000003,363.21969999999556,452.14200000000005]","[231.26969999999554,264.2030999999941,363.21969999999556,452.14200000000005]","[""scam_button""]",6.061715262,0.8718,6.061715262,0.2282,6.061715262,0.1634,0,17,17,1,1,resources/images/scam_2.png,scam,0.9,0.65,0,0,,,,,,,,,,,,,,,,,,,,,,,,,,,,,,,,,,,,,,,,,,,,,,,,,,,,,,,,,,,,,,,,,,,,,,,,,,,,,,,,,,,,,,,,,,,,,,,,,,,,,,,,,,,,,,,,,,,,,
,,,,,,,,,,,001,2025-05-08_19h37.24.465,SLSI_O,2022.2.5,Linux x86_64,59.88023952,,,,,,,,,,,19,"[229.37179999999702,263.23850000000004,277.70519999999556,290.38839999999857,302.50500000000005,314.74369999999556,335.9885999999941,362.43850000000003,381.0635999999941,402.05509999999407,420.93829999999707,430.25519999999557,451.35489999999857,459.12229999999704,465.5216999999956,480.2381999999956,493.50519999999557,501.6385,506.9051999999956]","[229.37179999999702,263.2385999999941,277.70519999999556,290.38839999999857,302.50519999999557,314.7438999999986,335.9885999999941,362.43850000000003,381.0635999999941,402.0551999999956,420.9383999999986,430.25519999999557,451.3550000000001,459.12229999999704,465.5217999999971,480.2381999999956,493.5052999999971,501.6385999999941,506.9051999999956]",,15,"[278.7035999999941,291.237,303.27029999999706,315.4535,336.7533999999985,381.97839999999854,402.85350000000005,421.7868999999985,431.12039999999854,459.80369999999556,466.30359999999405,480.88689999999855,494.42029999999704,502.30339999999853,507.670299999997]","[278.7035999999941,291.2370999999941,303.2703999999985,315.4535999999941,336.75350000000003,381.97839999999854,402.85350000000005,421.7868999999985,431.12039999999854,459.80379999999707,466.30369999999556,480.88689999999855,494.42029999999704,502.30350000000004,507.670299999997]",4,"[231.26969999999554,264.20300000000003,363.21969999999556,452.14200000000005]","[231.26969999999554,264.2030999999941,363.21969999999556,452.14200000000005]","[""scam_button""]",5.876571413,0.6891,5.876571413,0.2047,5.876571413,0.7027,0,18,18,16,1,resources/images/scam13.png,scam,1,0.65,0,0,,,,,,,,,,,,,,,,,,,,,,,,,,,,,,,,,,,,,,,,,,,,,,,,,,,,,,,,,,,,,,,,,,,,,,,,,,,,,,,,,,,,,,,,,,,,,,,,,,,,,,,,,,,,,,,,,,,,,
,,,,,,,,,,,001,2025-05-08_19h37.24.465,SLSI_O,2022.2.5,Linux x86_64,59.88023952,,,,,,,,,,,20,"[229.37179999999702,263.23850000000004,277.70519999999556,290.38839999999857,302.50500000000005,314.74369999999556,335.9885999999941,362.43850000000003,381.0635999999941,402.05509999999407,420.93829999999707,430.25519999999557,451.35489999999857,459.12229999999704,465.5216999999956,480.2381999999956,493.50519999999557,501.6385,506.9051999999956,516.8548999999985]","[229.37179999999702,263.2385999999941,277.70519999999556,290.38839999999857,302.50519999999557,314.7438999999986,335.9885999999941,362.43850000000003,381.0635999999941,402.0551999999956,420.9383999999986,430.25519999999557,451.3550000000001,459.12229999999704,465.5217999999971,480.2381999999956,493.5052999999971,501.6385999999941,506.9051999999956,516.855]",,16,"[278.7035999999941,291.237,303.27029999999706,315.4535,336.7533999999985,381.97839999999854,402.85350000000005,421.7868999999985,431.12039999999854,459.80369999999556,466.30359999999405,480.88689999999855,494.42029999999704,502.30339999999853,507.670299999997,517.620299999997]","[278.7035999999941,291.2370999999941,303.2703999999985,315.4535999999941,336.75350000000003,381.97839999999854,402.85350000000005,421.7868999999985,431.12039999999854,459.80379999999707,466.30369999999556,480.88689999999855,494.42029999999704,502.30350000000004,507.670299999997,517.6203999999984]",4,"[231.26969999999554,264.20300000000003,363.21969999999556,452.14200000000005]","[231.26969999999554,264.2030999999941,363.21969999999556,452.14200000000005]","[""scam_button""]",5.973576621,1.1148,5.964322529,0.4313,5.964322529,0.3494,0,19,19,22,1,resources/images/legit17-EDIT.png,legit,0.65,0.65,0,0,,,,,,,,,,,,,,,,,,,,,,,,,,,,,,,,,,,,,,,,,,,,,,,,,,,,,,,,,,,,,,,,,,,,,,,,,,,,,,,,,,,,,,,,,,,,,,,,,,,,,,,,,,,,,,,,,,,,,
,,,,,,,,,,,001,2025-05-08_19h37.24.465,SLSI_O,2022.2.5,Linux x86_64,59.88023952,,,,,,,,,,,21,"[229.37179999999702,263.23850000000004,277.70519999999556,290.38839999999857,302.50500000000005,314.74369999999556,335.9885999999941,362.43850000000003,381.0635999999941,402.05509999999407,420.93829999999707,430.25519999999557,451.35489999999857,459.12229999999704,465.5216999999956,480.2381999999956,493.50519999999557,501.6385,506.9051999999956,516.8548999999985,521.4551999999956]","[229.37179999999702,263.2385999999941,277.70519999999556,290.38839999999857,302.50519999999557,314.7438999999986,335.9885999999941,362.43850000000003,381.0635999999941,402.0551999999956,420.9383999999986,430.25519999999557,451.3550000000001,459.12229999999704,465.5217999999971,480.2381999999956,493.5052999999971,501.6385999999941,506.9051999999956,516.855,521.4551999999956]",,17,"[278.7035999999941,291.237,303.27029999999706,315.4535,336.7533999999985,381.97839999999854,402.85350000000005,421.7868999999985,431.12039999999854,459.80369999999556,466.30359999999405,480.88689999999855,494.42029999999704,502.30339999999853,507.670299999997,517.620299999997,522.6869999999999]","[278.7035999999941,291.2370999999941,303.2703999999985,315.4535999999941,336.75350000000003,381.97839999999854,402.85350000000005,421.7868999999985,431.12039999999854,459.80379999999707,466.30369999999556,480.88689999999855,494.42029999999704,502.30350000000004,507.670299999997,517.6203999999984,522.6869999999999]",4,"[231.26969999999554,264.20300000000003,363.21969999999556,452.14200000000005]","[231.26969999999554,264.2030999999941,363.21969999999556,452.14200000000005]","[""scam_button""]",5.951639811,1.0245,5.951639811,0.191,5.951639811,0.1753,0,20,20,0,1,resources/images/scam_1.png,scam,1,0.65,0,0,,,,,,,,,,,,,,,,,,,,,,,,,,,,,,,,,,,,,,,,,,,,,,,,,,,,,,,,,,,,,,,,,,,,,,,,,,,,,,,,,,,,,,,,,,,,,,,,,,,,,,,,,,,,,,,,,,,,,
,,,,,,,,,,,001,2025-05-08_19h37.24.465,SLSI_O,2022.2.5,Linux x86_64,59.88023952,,,,,,,,,,,22,"[229.37179999999702,263.23850000000004,277.70519999999556,290.38839999999857,302.50500000000005,314.74369999999556,335.9885999999941,362.43850000000003,381.0635999999941,402.05509999999407,420.93829999999707,430.25519999999557,451.35489999999857,459.12229999999704,465.5216999999956,480.2381999999956,493.50519999999557,501.6385,506.9051999999956,516.8548999999985,521.4551999999956,537.9383999999985]","[229.37179999999702,263.2385999999941,277.70519999999556,290.38839999999857,302.50519999999557,314.7438999999986,335.9885999999941,362.43850000000003,381.0635999999941,402.0551999999956,420.9383999999986,430.25519999999557,451.3550000000001,459.12229999999704,465.5217999999971,480.2381999999956,493.5052999999971,501.6385999999941,506.9051999999956,516.855,521.4551999999956,537.9383999999985]",,17,"[278.7035999999941,291.237,303.27029999999706,315.4535,336.7533999999985,381.97839999999854,402.85350000000005,421.7868999999985,431.12039999999854,459.80369999999556,466.30359999999405,480.88689999999855,494.42029999999704,502.30339999999853,507.670299999997,517.620299999997,522.6869999999999]","[278.7035999999941,291.2370999999941,303.2703999999985,315.4535999999941,336.75350000000003,381.97839999999854,402.85350000000005,421.7868999999985,431.12039999999854,459.80379999999707,466.30369999999556,480.88689999999855,494.42029999999704,502.30350000000004,507.670299999997,517.6203999999984,522.6869999999999]",5,"[231.26969999999554,264.20300000000003,363.21969999999556,452.14200000000005,538.9031999999954]","[231.26969999999554,264.2030999999941,363.21969999999556,452.14200000000005,538.9031999999954]","[""legit_button""]",5.976572188,0.7697,5.976572188,0.1925,5.976572188,0.1924,0,21,21,21,1,resources/images/legit14-EDIT.jpg,legit,1,0.65,0,0,,,,,,,,,,,,,,,,,,,,,,,,,,,,,,,,,,,,,,,,,,,,,,,,,,,,,,,,,,,,,,,,,,,,,,,,,,,,,,,,,,,,,,,,,,,,,,,,,,,,,,,,,,,,,,,,,,,,,
,,,,,,,,,,,001,2025-05-08_19h37.24.465,SLSI_O,2022.2.5,Linux x86_64,59.88023952,,,,,,,,,,,23,"[229.37179999999702,263.23850000000004,277.70519999999556,290.38839999999857,302.50500000000005,314.74369999999556,335.9885999999941,362.43850000000003,381.0635999999941,402.05509999999407,420.93829999999707,430.25519999999557,451.35489999999857,459.12229999999704,465.5216999999956,480.2381999999956,493.50519999999557,501.6385,506.9051999999956,516.8548999999985,521.4551999999956,537.9383999999985,555.3048999999985]","[229.37179999999702,263.2385999999941,277.70519999999556,290.38839999999857,302.50519999999557,314.7438999999986,335.9885999999941,362.43850000000003,381.0635999999941,402.0551999999956,420.9383999999986,430.25519999999557,451.3550000000001,459.12229999999704,465.5217999999971,480.2381999999956,493.5052999999971,501.6385999999941,506.9051999999956,516.855,521.4551999999956,537.9383999999985,555.3048999999985]",,18,"[278.7035999999941,291.237,303.27029999999706,315.4535,336.7533999999985,381.97839999999854,402.85350000000005,421.7868999999985,431.12039999999854,459.80369999999556,466.30359999999405,480.88689999999855,494.42029999999704,502.30339999999853,507.670299999997,517.620299999997,522.6869999999999,556.5036999999954]","[278.7035999999941,291.2370999999941,303.2703999999985,315.4535999999941,336.75350000000003,381.97839999999854,402.85350000000005,421.7868999999985,431.12039999999854,459.80379999999707,466.30369999999556,480.88689999999855,494.42029999999704,502.30350000000004,507.670299999997,517.6203999999984,522.6869999999999,556.5037999999969]",5,"[231.26969999999554,264.20300000000003,363.21969999999556,452.14200000000005,538.9031999999954]","[231.26969999999554,264.2030999999941,363.21969999999556,452.14200000000005,538.9031999999954]","[""scam_button""]",5.073680091,0.9752,5.073680091,0.2197,5.073680091,0.1587,0,22,22,20,1,resources/images/scam12.jpg,scam,0.65,0.65,0,0,,,,,,,,,,,,,,,,,,,,,,,,,,,,,,,,,,,,,,,,,,,,,,,,,,,,,,,,,,,,,,,,,,,,,,,,,,,,,,,,,,,,,,,,,,,,,,,,,,,,,,,,,,,,,,,,,,,,,
,,,,,,,,,,,001,2025-05-08_19h37.24.465,SLSI_O,2022.2.5,Linux x86_64,59.88023952,,,,,,,,,,,24,"[229.37179999999702,263.23850000000004,277.70519999999556,290.38839999999857,302.50500000000005,314.74369999999556,335.9885999999941,362.43850000000003,381.0635999999941,402.05509999999407,420.93829999999707,430.25519999999557,451.35489999999857,459.12229999999704,465.5216999999956,480.2381999999956,493.50519999999557,501.6385,506.9051999999956,516.8548999999985,521.4551999999956,537.9383999999985,555.3048999999985,564.655099999994]","[229.37179999999702,263.2385999999941,277.70519999999556,290.38839999999857,302.50519999999557,314.7438999999986,335.9885999999941,362.43850000000003,381.0635999999941,402.0551999999956,420.9383999999986,430.25519999999557,451.3550000000001,459.12229999999704,465.5217999999971,480.2381999999956,493.5052999999971,501.6385999999941,506.9051999999956,516.855,521.4551999999956,537.9383999999985,555.3048999999985,564.655099999994]",,18,"[278.7035999999941,291.237,303.27029999999706,315.4535,336.7533999999985,381.97839999999854,402.85350000000005,421.7868999999985,431.12039999999854,459.80369999999556,466.30359999999405,480.88689999999855,494.42029999999704,502.30339999999853,507.670299999997,517.620299999997,522.6869999999999,556.5036999999954]","[278.7035999999941,291.2370999999941,303.2703999999985,315.4535999999941,336.75350000000003,381.97839999999854,402.85350000000005,421.7868999999985,431.12039999999854,459.80379999999707,466.30369999999556,480.88689999999855,494.42029999999704,502.30350000000004,507.670299999997,517.6203999999984,522.6869999999999,556.5037999999969]",6,"[231.26969999999554,264.20300000000003,363.21969999999556,452.14200000000005,538.9031999999954,565.5029999999999]","[231.26969999999554,264.2030999999941,363.21969999999556,452.14200000000005,538.9031999999954,565.5029999999999]","[""legit_button""]",4.014154343,1.576,3.987014044,0.2036,3.968821692,0.17,0,23,23,17,1,resources/images/scam10.jpg,scam,1,0.65,0,0,,,,,,,,,,,,,,,,,,,,,,,,,,,,,,,,,,,,,,,,,,,,,,,,,,,,,,,,,,,,,,,,,,,,,,,,,,,,,,,,,,,,,,,,,,,,,,,,,,,,,,,,,,,,,,,,,,,,,
,,,,,,,,,,,001,2025-05-08_19h37.24.465,SLSI_O,2022.2.5,Linux x86_64,59.88023952,,,,,,,,,,,,,,,,,,,,,,,,,,,,,,,,,,,,,,,space,2.4407,,,,,,,,,,,,,,,,,,,,,,,,,,,,,,,,,,,,,,,,,,,,,,,,,,,,,,,,,,,,,,,,,,,,,,,,,,,,,,,,,,,,,,,,,,,,,,,,,,,,,,,,,,,,,,,,,,,
,,,,,,,,,,,001,2025-05-08_19h37.24.465,SLSI_O,2022.2.5,Linux x86_64,59.88023952,,,,,,,,,,,,,,,,,,,,,,,,,,,,,,,,,,,,,,,,,space,4.6475,,,,,,,,,,,,,,,,,,,,,,,,,,,,,,,,,,,,,,,,,,,,,,,,,,,,,,,,,,,,,,,,,,,,,,,,,,,,,,,,,,,,,,,,,,,,,,,,,,,,,,,,,,,,,,,,,
,,,,,,,,,,,001,2025-05-08_19h37.24.465,SLSI_O,2022.2.5,Linux x86_64,59.88023952,,,,,,,,,,,,,,,,,,,,,,,,,,,,,,,,,,,,,,,,,,,space,3.3902,,,,,,,,,,,,,,,,,,,,,,,,,,,,,,,,,,,,,,,,,,,,,,,,,,,,,,,,,,,,,,,,,,,,,,,,,,,,,,,,,,,,,,,,,,,,,,,,,,,,,,,,,,,,,,,
,,,,,,,,,,,001,2025-05-08_19h37.24.465,SLSI_O,2022.2.5,Linux x86_64,59.88023952,,,,,,,,,,,,,,,,,,,,,,,,,,,,,,,,,,,,,,,,,,,,,email address does not match the companyprizesurge,1,[616.1776999999955],[616.177799999997],,,,,,,,,,,,,,,,,,,,,,,,,,,,,,,,,,,,,,,,,,,,,,,,,,,,,,,,,,,,,,,,,,,,,,,,,,,,,,,,,,,,,,,,,,,,,,,,,,,,,,,,,,,
,,,,,,,,,,,001,2025-05-08_19h37.24.465,SLSI_O,2022.2.5,Linux x86_64,59.88023952,,,,,,,,,,,,,,,,,,,,,,,,,,,,,,,,,,,,,,,,,,,,,,,,,space,5.7905,,,,,,,,,,,,,,,,,,,,,,,,,,,,,,,,,,,,,,,,,,,,,,,,,,,,,,,,,,,,,,,,,,,,,,,,,,,,,,,,,,,,,,,,,,,,,,,,,,,,,,,,,
,,,,,,,,,,,001,2025-05-08_19h37.24.465,SLSI_O,2022.2.5,Linux x86_64,59.88023952,,,,,,,,,,,,,,,,,,,,,,,,,,,,,,,,,,,,,,,,,,,,,,,,,,,"[-0.10388997395833334,-0.4116021534753224]","[0.26181226457868306,-0.017705523778521824]","[1,1]","[0,0]","[0,0]","[7.055200000002969,12.639600000001565]",,,,,,,,,,,,,,,,,,,,,,,,,,,,,,,,,,,,,,,,,,,,,,,,,,,,,,,,,,,,,,,,,,,,,,,,,,,,,,,,,,,,,,,,,,,,,,,,,,,
,,,,,,,,,,,001,2025-05-08_19h37.24.465,SLSI_O,2022.2.5,Linux x86_64,59.88023952,,,,,,,,,,,,,,,,,,,,,,,,,,,,,,,,,,,,,,,,,,,,,,,,,,,,,,,,,space,3.6323,,,,,,,,,,,,,,,,,,,,,,,,,,,,,,,,,,,,,,,,,,,,,,,,,,,,,,,,,,,,,,,,,,,,,,,,,,,,,,,,,,,,,,,,,,,,,,,,,
,,,,,,,,,,,001,2025-05-08_19h37.24.465,SLSI_O,2022.2.5,Linux x86_64,59.88023952,,,,,,,,,,,,,,,,,,,,,,,,,,,,,,,,,,,,,,,,,,,,,,,,,,,,,,,,,,,1,[646.776599999994],[646.7766999999956],,,,,,,,,,,,,,,,,,,,,,,,,,,,,,,,,,,,,,,,,,,,,,,,,,,,,,,,,,,,,,,,,,,,,,,,,,,,,,,,,,,,,,,,,,,,,,
,,,,,,,,,,,001,2025-05-08_19h37.24.465,SLSI_O,2022.2.5,Linux x86_64,59.88023952,,,,,,,,,,,,,,,,,,,,,,,,,,,,,,,,,,,,,,,,,,,,,,,,,,,,,,,,,,,,,,"[-0.39678557865203373,-0.010368226066468254]","[0.4423090495760479,-0.033849903893849204]","[1,1]","[0,0]","[0,0]","[12.939900000005991,14.456500000000005]",,,,,,,,,,,,,,,,,,,,,,,,,,,,,,,,,,,,,,,,,,,,,,,,,,,,,,,,,,,,,,,,,,,,,,,,,,,,,,,,,,,,,,,,
,,,,,,,,,,,001,2025-05-08_19h37.24.465,SLSI_O,2022.2.5,Linux x86_64,59.88023952,,,,,,,,,,,,,,,,,,,,,,,,,,,,,,,,,,,,,,,,,,,,,,,,,,,,,,,,,space,1.6612,,,,,,,,,,,,,,,,,,,,,,,,,,,,,,,,,,,,,,,,,,,,,,,,,,,,,,,,,,,,,,,,,,,,,,,,,,,,,,,,,,,,,,,,,,,,,,,,,
,,,,,,,,,,,001,2025-05-08_19h37.24.465,SLSI_O,2022.2.5,Linux x86_64,59.88023952,,,,,,,,,,,,,,,,,,,,,,,,,,,,,,,,,,,,,,,,,,,,,,,,,,,,,,,,,,,,,,,,,,,,1,[665.9295],[665.929599999994],,,,,,,,,,,,,,,,,,,,,,,,,,,,,,,,,,,,,,,,,,,,,,,,,,,,,,,,,,,,,,,,,,,,,,,,,,,,,,,,,,,,,
,,,,,,,,,,,001,2025-05-08_19h37.24.465,SLSI_O,2022.2.5,Linux x86_64,59.88023952,,,,,,,,,,,,,,,,,,,,,,,,,,,,,,,,,,,,,,,,,,,,,,,,,,,,,,,,,,,,,,,,,,,,,,,"[0.4223542712983631,-0.233965580047123,0.040262664310515874]","[-0.43934413364955355,-0.1824032738095238,0.17170628138950894]","[1,1,1]","[0,0,0]","[0,0,0]","[29.215299999997,50.47379999999703,54.85639999999853]",,,,,,,,,,,,,,,,,,,,,,,,,,,,,,,,,,,,,,,,,,,,,,,,,,,,,,,,,,,,,,,,,,,,,,,,,,,,,,,
,,,,,,,,,,,001,2025-05-08_19h37.24.465,SLSI_O,2022.2.5,Linux x86_64,59.88023952,,,,,,,,,,,,,,,,,,,,,,,,,,,,,,,,,,,,,,,,,,,,,,,,,,,,,,,,,space,3.1671,,,,,,,,,,,,,,,,,,,,,,,,,,,,,,,,,,,,,,,,,,,,,,,,,,,,,,,,,,,,,,,,,,,,,,,,,,,,,,,,,,,,,,,,,,,,,,,,,
,,,,,,,,,,,001,2025-05-08_19h37.24.465,SLSI_O,2022.2.5,Linux x86_64,59.88023952,,,,,,,,,,,,,,,,,,,,,,,,,,,,,,,,,,,,,,,,,,,,,,,,,,,,,,,,,,,,,,,,,,,,,,,,,,,,,1,[729.9599999999999],[729.9599999999999],,,,,,,,,,,,,,,,,,,,,,,,,,,,,,,,,,,,,,,,,,,,,,,,,,,,,,,,,,,,,,,,,,,,,,,,,,,,
,,,,,,,,,,,001,2025-05-08_19h37.24.465,SLSI_O,2022.2.5,Linux x86_64,59.88023952,,,,,,,,,space,4.9215,,,,,,,,,,,,,,,,,,,,,,,,,,,,,,,,,,,,,,,,,,,,,,,,,,,,,,,,,,,,,,,,,,,,,,,,,,,,,,,,,,,,,,,,,,,,,,,,,,,,,,,,,,,,,,,,,,,,,,,,,,,,,,,,,,,,,,,,,,,,,,,,,
,,,,,,,,,,,001,2025-05-08_19h37.24.465,SLSI_O,2022.2.5,Linux x86_64,59.88023952,,,,,,,,,,,25,"[229.37179999999702,263.23850000000004,277.70519999999556,290.38839999999857,302.50500000000005,314.74369999999556,335.9885999999941,362.43850000000003,381.0635999999941,402.05509999999407,420.93829999999707,430.25519999999557,451.35489999999857,459.12229999999704,465.5216999999956,480.2381999999956,493.50519999999557,501.6385,506.9051999999956,516.8548999999985,521.4551999999956,537.9383999999985,555.3048999999985,564.655099999994,740.805]","[229.37179999999702,263.2385999999941,277.70519999999556,290.38839999999857,302.50519999999557,314.7438999999986,335.9885999999941,362.43850000000003,381.0635999999941,402.0551999999956,420.9383999999986,430.25519999999557,451.3550000000001,459.12229999999704,465.5217999999971,480.2381999999956,493.5052999999971,501.6385999999941,506.9051999999956,516.855,521.4551999999956,537.9383999999985,555.3048999999985,564.655099999994,740.805]",,19,"[278.7035999999941,291.237,303.27029999999706,315.4535,336.7533999999985,381.97839999999854,402.85350000000005,421.7868999999985,431.12039999999854,459.80369999999556,466.30359999999405,480.88689999999855,494.42029999999704,502.30339999999853,507.670299999997,517.620299999997,522.6869999999999,556.5036999999954,741.937099999994]","[278.7035999999941,291.2370999999941,303.2703999999985,315.4535999999941,336.75350000000003,381.97839999999854,402.85350000000005,421.7868999999985,431.12039999999854,459.80379999999707,466.30369999999556,480.88689999999855,494.42029999999704,502.30350000000004,507.670299999997,517.6203999999984,522.6869999999999,556.5037999999969,741.9371999999954]",6,"[231.26969999999554,264.20300000000003,363.21969999999556,452.14200000000005,538.9031999999954,565.5029999999999]","[231.26969999999554,264.2030999999941,363.21969999999556,452.14200000000005,538.9031999999954,565.5029999999999]","[""scam_button""]",5.927172464,1.3224,5.918087914,0.4668,5.909138997,0.3237,,,,,,resources/images/scam16.png,scam,0.65,0.65,0,0,,,,,,,,,,,,,,,,,,,,,,,,,,,,,,,,,,,,,,,,,,0,0,0,11,1,,,,,,,,,,,,,,,,,,,,,,,,,,,,,,,,,,,,,,,,,,,,,,,,,,,,,,,,,,,,,,,,,,,,,,,
,,,,,,,,,,,001,2025-05-08_19h37.24.465,SLSI_O,2022.2.5,Linux x86_64,59.88023952,,,,,,,,,,,26,"[229.37179999999702,263.23850000000004,277.70519999999556,290.38839999999857,302.50500000000005,314.74369999999556,335.9885999999941,362.43850000000003,381.0635999999941,402.05509999999407,420.93829999999707,430.25519999999557,451.35489999999857,459.12229999999704,465.5216999999956,480.2381999999956,493.50519999999557,501.6385,506.9051999999956,516.8548999999985,521.4551999999956,537.9383999999985,555.3048999999985,564.655099999994,740.805,770.7385]","[229.37179999999702,263.2385999999941,277.70519999999556,290.38839999999857,302.50519999999557,314.7438999999986,335.9885999999941,362.43850000000003,381.0635999999941,402.0551999999956,420.9383999999986,430.25519999999557,451.3550000000001,459.12229999999704,465.5217999999971,480.2381999999956,493.5052999999971,501.6385999999941,506.9051999999956,516.855,521.4551999999956,537.9383999999985,555.3048999999985,564.655099999994,740.805,770.7385]",,20,"[278.7035999999941,291.237,303.27029999999706,315.4535,336.7533999999985,381.97839999999854,402.85350000000005,421.7868999999985,431.12039999999854,459.80369999999556,466.30359999999405,480.88689999999855,494.42029999999704,502.30339999999853,507.670299999997,517.620299999997,522.6869999999999,556.5036999999954,741.937099999994,771.6702999999969]","[278.7035999999941,291.2370999999941,303.2703999999985,315.4535999999941,336.75350000000003,381.97839999999854,402.85350000000005,421.7868999999985,431.12039999999854,459.80379999999707,466.30369999999556,480.88689999999855,494.42029999999704,502.30350000000004,507.670299999997,517.6203999999984,522.6869999999999,556.5037999999969,741.9371999999954,771.6703999999984]",6,"[231.26969999999554,264.20300000000003,363.21969999999556,452.14200000000005,538.9031999999954,565.5029999999999]","[231.26969999999554,264.2030999999941,363.21969999999556,452.14200000000005,538.9031999999954,565.5029999999999]","[""scam_button""]",5.484947568,1.6812,5.484947568,0.3255,5.484947568,0.1762,,,,,,resources/images/scam18.png,scam,1,0.65,0,0,,,,,,,,,,,,,,,,,,,,,,,,,,,,,,,,,,,,,,,,,,0,1,1,14,1,,,,,,,,,,,,,,,,,,,,,,,,,,,,,,,,,,,,,,,,,,,,,,,,,,,,,,,,,,,,,,,,,,,,,,,
,,,,,,,,,,,001,2025-05-08_19h37.24.465,SLSI_O,2022.2.5,Linux x86_64,59.88023952,,,,,,,,,,,27,"[229.37179999999702,263.23850000000004,277.70519999999556,290.38839999999857,302.50500000000005,314.74369999999556,335.9885999999941,362.43850000000003,381.0635999999941,402.05509999999407,420.93829999999707,430.25519999999557,451.35489999999857,459.12229999999704,465.5216999999956,480.2381999999956,493.50519999999557,501.6385,506.9051999999956,516.8548999999985,521.4551999999956,537.9383999999985,555.3048999999985,564.655099999994,740.805,770.7385,783.988299999997]","[229.37179999999702,263.2385999999941,277.70519999999556,290.38839999999857,302.50519999999557,314.7438999999986,335.9885999999941,362.43850000000003,381.0635999999941,402.0551999999956,420.9383999999986,430.25519999999557,451.3550000000001,459.12229999999704,465.5217999999971,480.2381999999956,493.5052999999971,501.6385999999941,506.9051999999956,516.855,521.4551999999956,537.9383999999985,555.3048999999985,564.655099999994,740.805,770.7385,783.9885]",,20,"[278.7035999999941,291.237,303.27029999999706,315.4535,336.7533999999985,381.97839999999854,402.85350000000005,421.7868999999985,431.12039999999854,459.80369999999556,466.30359999999405,480.88689999999855,494.42029999999704,502.30339999999853,507.670299999997,517.620299999997,522.6869999999999,556.5036999999954,741.937099999994,771.6702999999969]","[278.7035999999941,291.2370999999941,303.2703999999985,315.4535999999941,336.75350000000003,381.97839999999854,402.85350000000005,421.7868999999985,431.12039999999854,459.80379999999707,466.30369999999556,480.88689999999855,494.42029999999704,502.30350000000004,507.670299999997,517.6203999999984,522.6869999999999,556.5037999999969,741.9371999999954,771.6703999999984]",7,"[231.26969999999554,264.20300000000003,363.21969999999556,452.14200000000005,538.9031999999954,565.5029999999999,784.9863999999984]","[231.26969999999554,264.2030999999941,363.21969999999556,452.14200000000005,538.9031999999954,565.5029999999999,784.9863999999984]","[""legit_button""]",5.489701528,0.7328,5.462488568,0.3243,5.444514199,0.1372,,,,,,resources/images/legit15.jpg,legit,0.95,0.65,0,0,,,,,,,,,,,,,,,,,,,,,,,,,,,,,,,,,,,,,,,,,,0,2,2,13,1,,,,,,,,,,,,,,,,,,,,,,,,,,,,,,,,,,,,,,,,,,,,,,,,,,,,,,,,,,,,,,,,,,,,,,,
,,,,,,,,,,,001,2025-05-08_19h37.24.465,SLSI_O,2022.2.5,Linux x86_64,59.88023952,,,,,,,,,,,28,"[229.37179999999702,263.23850000000004,277.70519999999556,290.38839999999857,302.50500000000005,314.74369999999556,335.9885999999941,362.43850000000003,381.0635999999941,402.05509999999407,420.93829999999707,430.25519999999557,451.35489999999857,459.12229999999704,465.5216999999956,480.2381999999956,493.50519999999557,501.6385,506.9051999999956,516.8548999999985,521.4551999999956,537.9383999999985,555.3048999999985,564.655099999994,740.805,770.7385,783.988299999997,800.354799999997]","[229.37179999999702,263.2385999999941,277.70519999999556,290.38839999999857,302.50519999999557,314.7438999999986,335.9885999999941,362.43850000000003,381.0635999999941,402.0551999999956,420.9383999999986,430.25519999999557,451.3550000000001,459.12229999999704,465.5217999999971,480.2381999999956,493.5052999999971,501.6385999999941,506.9051999999956,516.855,521.4551999999956,537.9383999999985,555.3048999999985,564.655099999994,740.805,770.7385,783.9885,800.354799999997]",,21,"[278.7035999999941,291.237,303.27029999999706,315.4535,336.7533999999985,381.97839999999854,402.85350000000005,421.7868999999985,431.12039999999854,459.80369999999556,466.30359999999405,480.88689999999855,494.42029999999704,502.30339999999853,507.670299999997,517.620299999997,522.6869999999999,556.5036999999954,741.937099999994,771.6702999999969,801.103599999994]","[278.7035999999941,291.2370999999941,303.2703999999985,315.4535999999941,336.75350000000003,381.97839999999854,402.85350000000005,421.7868999999985,431.12039999999854,459.80379999999707,466.30369999999556,480.88689999999855,494.42029999999704,502.30350000000004,507.670299999997,517.6203999999984,522.6869999999999,556.5037999999969,741.9371999999954,771.6703999999984,801.1036999999955]",7,"[231.26969999999554,264.20300000000003,363.21969999999556,452.14200000000005,538.9031999999954,565.5029999999999,784.9863999999984]","[231.26969999999554,264.2030999999941,363.21969999999556,452.14200000000005,538.9031999999954,565.5029999999999,784.9863999999984]","[""scam_button""]",5.827918643,1.4313,5.827918643,0.2389,5.827918643,0.1882,,,,,,resources/images/legit_30.png,legit,1,0.85,0,0,,,,,,,,,,,,,,,,,,,,,,,,,,,,,,,,,,,,,,,,,,0,3,3,16,1,,,,,,,,,,,,,,,,,,,,,,,,,,,,,,,,,,,,,,,,,,,,,,,,,,,,,,,,,,,,,,,,,,,,,,,
,,,,,,,,,,,001,2025-05-08_19h37.24.465,SLSI_O,2022.2.5,Linux x86_64,59.88023952,,,,,,,,,,,29,"[229.37179999999702,263.23850000000004,277.70519999999556,290.38839999999857,302.50500000000005,314.74369999999556,335.9885999999941,362.43850000000003,381.0635999999941,402.05509999999407,420.93829999999707,430.25519999999557,451.35489999999857,459.12229999999704,465.5216999999956,480.2381999999956,493.50519999999557,501.6385,506.9051999999956,516.8548999999985,521.4551999999956,537.9383999999985,555.3048999999985,564.655099999994,740.805,770.7385,783.988299999997,800.354799999997,813.7235]","[229.37179999999702,263.2385999999941,277.70519999999556,290.38839999999857,302.50519999999557,314.7438999999986,335.9885999999941,362.43850000000003,381.0635999999941,402.0551999999956,420.9383999999986,430.25519999999557,451.3550000000001,459.12229999999704,465.5217999999971,480.2381999999956,493.5052999999971,501.6385999999941,506.9051999999956,516.855,521.4551999999956,537.9383999999985,555.3048999999985,564.655099999994,740.805,770.7385,783.9885,800.354799999997,813.723599999994]",,21,"[278.7035999999941,291.237,303.27029999999706,315.4535,336.7533999999985,381.97839999999854,402.85350000000005,421.7868999999985,431.12039999999854,459.80369999999556,466.30359999999405,480.88689999999855,494.42029999999704,502.30339999999853,507.670299999997,517.620299999997,522.6869999999999,556.5036999999954,741.937099999994,771.6702999999969,801.103599999994]","[278.7035999999941,291.2370999999941,303.2703999999985,315.4535999999941,336.75350000000003,381.97839999999854,402.85350000000005,421.7868999999985,431.12039999999854,459.80379999999707,466.30369999999556,480.88689999999855,494.42029999999704,502.30350000000004,507.670299999997,517.6203999999984,522.6869999999999,556.5037999999969,741.9371999999954,771.6703999999984,801.1036999999955]",8,"[231.26969999999554,264.20300000000003,363.21969999999556,452.14200000000005,538.9031999999954,565.5029999999999,784.9863999999984,814.603]","[231.26969999999554,264.2030999999941,363.21969999999556,452.14200000000005,538.9031999999954,565.5029999999999,784.9863999999984,814.603]","[""legit_button""]",6.096815321,0.7799,6.096815321,0.2288,6.096815321,0.5798,,,,,,resources/images/legit_23.png,legit,1,0.65,0,0,,,,,,,,,,,,,,,,,,,,,,,,,,,,,,,,,,,,,,,,,,0,4,4,8,1,,,,,,,,,,,,,,,,,,,,,,,,,,,,,,,,,,,,,,,,,,,,,,,,,,,,,,,,,,,,,,,,,,,,,,,
,,,,,,,,,,,001,2025-05-08_19h37.24.465,SLSI_O,2022.2.5,Linux x86_64,59.88023952,,,,,,,,,,,30,"[229.37179999999702,263.23850000000004,277.70519999999556,290.38839999999857,302.50500000000005,314.74369999999556,335.9885999999941,362.43850000000003,381.0635999999941,402.05509999999407,420.93829999999707,430.25519999999557,451.35489999999857,459.12229999999704,465.5216999999956,480.2381999999956,493.50519999999557,501.6385,506.9051999999956,516.8548999999985,521.4551999999956,537.9383999999985,555.3048999999985,564.655099999994,740.805,770.7385,783.988299999997,800.354799999997,813.7235,828.1885]","[229.37179999999702,263.2385999999941,277.70519999999556,290.38839999999857,302.50519999999557,314.7438999999986,335.9885999999941,362.43850000000003,381.0635999999941,402.0551999999956,420.9383999999986,430.25519999999557,451.3550000000001,459.12229999999704,465.5217999999971,480.2381999999956,493.5052999999971,501.6385999999941,506.9051999999956,516.855,521.4551999999956,537.9383999999985,555.3048999999985,564.655099999994,740.805,770.7385,783.9885,800.354799999997,813.723599999994,828.188599999994]",,21,"[278.7035999999941,291.237,303.27029999999706,315.4535,336.7533999999985,381.97839999999854,402.85350000000005,421.7868999999985,431.12039999999854,459.80369999999556,466.30359999999405,480.88689999999855,494.42029999999704,502.30339999999853,507.670299999997,517.620299999997,522.6869999999999,556.5036999999954,741.937099999994,771.6702999999969,801.103599999994]","[278.7035999999941,291.2370999999941,303.2703999999985,315.4535999999941,336.75350000000003,381.97839999999854,402.85350000000005,421.7868999999985,431.12039999999854,459.80379999999707,466.30369999999556,480.88689999999855,494.42029999999704,502.30350000000004,507.670299999997,517.6203999999984,522.6869999999999,556.5037999999969,741.9371999999954,771.6703999999984,801.1036999999955]",9,"[231.26969999999554,264.20300000000003,363.21969999999556,452.14200000000005,538.9031999999954,565.5029999999999,784.9863999999984,814.603,828.8198999999985]","[231.26969999999554,264.2030999999941,363.21969999999556,452.14200000000005,538.9031999999954,565.5029999999999,784.9863999999984,814.603,828.8198999999985]","[""legit_button""]",5.410203722,1.5151,5.410203722,0.2307,5.410203722,0.1733,,,,,,resources/images/legit_20.png,legit,0.9,0.8,0,0,,,,,,,,,,,,,,,,,,,,,,,,,,,,,,,,,,,,,,,,,,0,5,5,3,1,,,,,,,,,,,,,,,,,,,,,,,,,,,,,,,,,,,,,,,,,,,,,,,,,,,,,,,,,,,,,,,,,,,,,,,
,,,,,,,,,,,001,2025-05-08_19h37.24.465,SLSI_O,2022.2.5,Linux x86_64,59.88023952,,,,,,,,,,,31,"[229.37179999999702,263.23850000000004,277.70519999999556,290.38839999999857,302.50500000000005,314.74369999999556,335.9885999999941,362.43850000000003,381.0635999999941,402.05509999999407,420.93829999999707,430.25519999999557,451.35489999999857,459.12229999999704,465.5216999999956,480.2381999999956,493.50519999999557,501.6385,506.9051999999956,516.8548999999985,521.4551999999956,537.9383999999985,555.3048999999985,564.655099999994,740.805,770.7385,783.988299999997,800.354799999997,813.7235,828.1885,839.838299999997]","[229.37179999999702,263.2385999999941,277.70519999999556,290.38839999999857,302.50519999999557,314.7438999999986,335.9885999999941,362.43850000000003,381.0635999999941,402.0551999999956,420.9383999999986,430.25519999999557,451.3550000000001,459.12229999999704,465.5217999999971,480.2381999999956,493.5052999999971,501.6385999999941,506.9051999999956,516.855,521.4551999999956,537.9383999999985,555.3048999999985,564.655099999994,740.805,770.7385,783.9885,800.354799999997,813.723599999994,828.188599999994,839.8383999999985]",,22,"[278.7035999999941,291.237,303.27029999999706,315.4535,336.7533999999985,381.97839999999854,402.85350000000005,421.7868999999985,431.12039999999854,459.80369999999556,466.30359999999405,480.88689999999855,494.42029999999704,502.30339999999853,507.670299999997,517.620299999997,522.6869999999999,556.5036999999954,741.937099999994,771.6702999999969,801.103599999994,840.5368999999985]","[278.7035999999941,291.2370999999941,303.2703999999985,315.4535999999941,336.75350000000003,381.97839999999854,402.85350000000005,421.7868999999985,431.12039999999854,459.80379999999707,466.30369999999556,480.88689999999855,494.42029999999704,502.30350000000004,507.670299999997,517.6203999999984,522.6869999999999,556.5037999999969,741.9371999999954,771.6703999999984,801.1036999999955,840.5369999999999]",9,"[231.26969999999554,264.20300000000003,363.21969999999556,452.14200000000005,538.9031999999954,565.5029999999999,784.9863999999984,814.603,828.8198999999985]","[231.26969999999554,264.2030999999941,363.21969999999556,452.14200000000005,538.9031999999954,565.5029999999999,784.9863999999984,814.603,828.8198999999985]","[""scam_button""]",7.928554959,1.2062,4.110803029,1.2939,4.101567344,0.2419,,,,,,resources/images/scam8.jpg,scam,0.65,0.65,0,0,,,,,,,,,,,,,,,,,,,,,,,,,,,,,,,,,,,,,,,,,,0,6,6,0,1,,,,,,,,,,,,,,,,,,,,,,,,,,,,,,,,,,,,,,,,,,,,,,,,,,,,,,,,,,,,,,,,,,,,,,,
,,,,,,,,,,,001,2025-05-08_19h37.24.465,SLSI_O,2022.2.5,Linux x86_64,59.88023952,,,,,,,,,,,32,"[229.37179999999702,263.23850000000004,277.70519999999556,290.38839999999857,302.50500000000005,314.74369999999556,335.9885999999941,362.43850000000003,381.0635999999941,402.05509999999407,420.93829999999707,430.25519999999557,451.35489999999857,459.12229999999704,465.5216999999956,480.2381999999956,493.50519999999557,501.6385,506.9051999999956,516.8548999999985,521.4551999999956,537.9383999999985,555.3048999999985,564.655099999994,740.805,770.7385,783.988299999997,800.354799999997,813.7235,828.1885,839.838299999997,867.8885]","[229.37179999999702,263.2385999999941,277.70519999999556,290.38839999999857,302.50519999999557,314.7438999999986,335.9885999999941,362.43850000000003,381.0635999999941,402.0551999999956,420.9383999999986,430.25519999999557,451.3550000000001,459.12229999999704,465.5217999999971,480.2381999999956,493.5052999999971,501.6385999999941,506.9051999999956,516.855,521.4551999999956,537.9383999999985,555.3048999999985,564.655099999994,740.805,770.7385,783.9885,800.354799999997,813.723599999994,828.188599999994,839.8383999999985,867.8885]",,23,"[278.7035999999941,291.237,303.27029999999706,315.4535,336.7533999999985,381.97839999999854,402.85350000000005,421.7868999999985,431.12039999999854,459.80369999999556,466.30359999999405,480.88689999999855,494.42029999999704,502.30339999999853,507.670299999997,517.620299999997,522.6869999999999,556.5036999999954,741.937099999994,771.6702999999969,801.103599999994,840.5368999999985,869.0034999999999]","[278.7035999999941,291.2370999999941,303.2703999999985,315.4535999999941,336.75350000000003,381.97839999999854,402.85350000000005,421.7868999999985,431.12039999999854,459.80379999999707,466.30369999999556,480.88689999999855,494.42029999999704,502.30350000000004,507.670299999997,517.6203999999984,522.6869999999999,556.5037999999969,741.9371999999954,771.6703999999984,801.1036999999955,840.5369999999999,869.0034999999999]",9,"[231.26969999999554,264.20300000000003,363.21969999999556,452.14200000000005,538.9031999999954,565.5029999999999,784.9863999999984,814.603,828.8198999999985]","[231.26969999999554,264.2030999999941,363.21969999999556,452.14200000000005,538.9031999999954,565.5029999999999,784.9863999999984,814.603,828.8198999999985]","[""scam_button""]",5.463276212,1.0117,5.463276212,0.2592,5.463276212,0.1529,,,,,,resources/images/legit16.jpg,legit,0.65,0.65,0,0,,,,,,,,,,,,,,,,,,,,,,,,,,,,,,,,,,,,,,,,,,0,7,7,15,1,,,,,,,,,,,,,,,,,,,,,,,,,,,,,,,,,,,,,,,,,,,,,,,,,,,,,,,,,,,,,,,,,,,,,,,
,,,,,,,,,,,001,2025-05-08_19h37.24.465,SLSI_O,2022.2.5,Linux x86_64,59.88023952,,,,,,,,,,,33,"[229.37179999999702,263.23850000000004,277.70519999999556,290.38839999999857,302.50500000000005,314.74369999999556,335.9885999999941,362.43850000000003,381.0635999999941,402.05509999999407,420.93829999999707,430.25519999999557,451.35489999999857,459.12229999999704,465.5216999999956,480.2381999999956,493.50519999999557,501.6385,506.9051999999956,516.8548999999985,521.4551999999956,537.9383999999985,555.3048999999985,564.655099999994,740.805,770.7385,783.988299999997,800.354799999997,813.7235,828.1885,839.838299999997,867.8885,885.5381999999955]","[229.37179999999702,263.2385999999941,277.70519999999556,290.38839999999857,302.50519999999557,314.7438999999986,335.9885999999941,362.43850000000003,381.0635999999941,402.0551999999956,420.9383999999986,430.25519999999557,451.3550000000001,459.12229999999704,465.5217999999971,480.2381999999956,493.5052999999971,501.6385999999941,506.9051999999956,516.855,521.4551999999956,537.9383999999985,555.3048999999985,564.655099999994,740.805,770.7385,783.9885,800.354799999997,813.723599999994,828.188599999994,839.8383999999985,867.8885,885.538299999997]",,24,"[278.7035999999941,291.237,303.27029999999706,315.4535,336.7533999999985,381.97839999999854,402.85350000000005,421.7868999999985,431.12039999999854,459.80369999999556,466.30359999999405,480.88689999999855,494.42029999999704,502.30339999999853,507.670299999997,517.620299999997,522.6869999999999,556.5036999999954,741.937099999994,771.6702999999969,801.103599999994,840.5368999999985,869.0034999999999,886.2368999999984]","[278.7035999999941,291.2370999999941,303.2703999999985,315.4535999999941,336.75350000000003,381.97839999999854,402.85350000000005,421.7868999999985,431.12039999999854,459.80379999999707,466.30369999999556,480.88689999999855,494.42029999999704,502.30350000000004,507.670299999997,517.6203999999984,522.6869999999999,556.5037999999969,741.9371999999954,771.6703999999984,801.1036999999955,840.5369999999999,869.0034999999999,886.237]",9,"[231.26969999999554,264.20300000000003,363.21969999999556,452.14200000000005,538.9031999999954,565.5029999999999,784.9863999999984,814.603,828.8198999999985]","[231.26969999999554,264.2030999999941,363.21969999999556,452.14200000000005,538.9031999999954,565.5029999999999,784.9863999999984,814.603,828.8198999999985]","[""scam_button""]",5.219167558,1.1143,5.219167558,0.2378,5.219167558,0.1638,,,,,,resources/images/legit_21.png,legit,0.8,0.8,0,0,,,,,,,,,,,,,,,,,,,,,,,,,,,,,,,,,,,,,,,,,,0,8,8,7,1,,,,,,,,,,,,,,,,,,,,,,,,,,,,,,,,,,,,,,,,,,,,,,,,,,,,,,,,,,,,,,,,,,,,,,,
,,,,,,,,,,,001,2025-05-08_19h37.24.465,SLSI_O,2022.2.5,Linux x86_64,59.88023952,,,,,,,,,,,34,"[229.37179999999702,263.23850000000004,277.70519999999556,290.38839999999857,302.50500000000005,314.74369999999556,335.9885999999941,362.43850000000003,381.0635999999941,402.05509999999407,420.93829999999707,430.25519999999557,451.35489999999857,459.12229999999704,465.5216999999956,480.2381999999956,493.50519999999557,501.6385,506.9051999999956,516.8548999999985,521.4551999999956,537.9383999999985,555.3048999999985,564.655099999994,740.805,770.7385,783.988299999997,800.354799999997,813.7235,828.1885,839.838299999997,867.8885,885.5381999999955,895.7216999999955]","[229.37179999999702,263.2385999999941,277.70519999999556,290.38839999999857,302.50519999999557,314.7438999999986,335.9885999999941,362.43850000000003,381.0635999999941,402.0551999999956,420.9383999999986,430.25519999999557,451.3550000000001,459.12229999999704,465.5217999999971,480.2381999999956,493.5052999999971,501.6385999999941,506.9051999999956,516.855,521.4551999999956,537.9383999999985,555.3048999999985,564.655099999994,740.805,770.7385,783.9885,800.354799999997,813.723599999994,828.188599999994,839.8383999999985,867.8885,885.538299999997,895.721799999997]",,25,"[278.7035999999941,291.237,303.27029999999706,315.4535,336.7533999999985,381.97839999999854,402.85350000000005,421.7868999999985,431.12039999999854,459.80369999999556,466.30359999999405,480.88689999999855,494.42029999999704,502.30339999999853,507.670299999997,517.620299999997,522.6869999999999,556.5036999999954,741.937099999994,771.6702999999969,801.103599999994,840.5368999999985,869.0034999999999,886.2368999999984,896.6700999999939]","[278.7035999999941,291.2370999999941,303.2703999999985,315.4535999999941,336.75350000000003,381.97839999999854,402.85350000000005,421.7868999999985,431.12039999999854,459.80379999999707,466.30369999999556,480.88689999999855,494.42029999999704,502.30350000000004,507.670299999997,517.6203999999984,522.6869999999999,556.5037999999969,741.9371999999954,771.6703999999984,801.1036999999955,840.5369999999999,869.0034999999999,886.237,896.6701999999955]",9,"[231.26969999999554,264.20300000000003,363.21969999999556,452.14200000000005,538.9031999999954,565.5029999999999,784.9863999999984,814.603,828.8198999999985]","[231.26969999999554,264.2030999999941,363.21969999999556,452.14200000000005,538.9031999999954,565.5029999999999,784.9863999999984,814.603,828.8198999999985]","[""scam_button""]",5.626211015,1.0884,5.626211015,0.2048,5.626211015,0.1725,,,,,,resources/images/legit12.jpg,legit,1,0.65,0,0,,,,,,,,,,,,,,,,,,,,,,,,,,,,,,,,,,,,,,,,,,0,9,9,5,1,,,,,,,,,,,,,,,,,,,,,,,,,,,,,,,,,,,,,,,,,,,,,,,,,,,,,,,,,,,,,,,,,,,,,,,
,,,,,,,,,,,001,2025-05-08_19h37.24.465,SLSI_O,2022.2.5,Linux x86_64,59.88023952,,,,,,,,,,,35,"[229.37179999999702,263.23850000000004,277.70519999999556,290.38839999999857,302.50500000000005,314.74369999999556,335.9885999999941,362.43850000000003,381.0635999999941,402.05509999999407,420.93829999999707,430.25519999999557,451.35489999999857,459.12229999999704,465.5216999999956,480.2381999999956,493.50519999999557,501.6385,506.9051999999956,516.8548999999985,521.4551999999956,537.9383999999985,555.3048999999985,564.655099999994,740.805,770.7385,783.988299999997,800.354799999997,813.7235,828.1885,839.838299999997,867.8885,885.5381999999955,895.7216999999955,906.6383999999985]","[229.37179999999702,263.2385999999941,277.70519999999556,290.38839999999857,302.50519999999557,314.7438999999986,335.9885999999941,362.43850000000003,381.0635999999941,402.0551999999956,420.9383999999986,430.25519999999557,451.3550000000001,459.12229999999704,465.5217999999971,480.2381999999956,493.5052999999971,501.6385999999941,506.9051999999956,516.855,521.4551999999956,537.9383999999985,555.3048999999985,564.655099999994,740.805,770.7385,783.9885,800.354799999997,813.723599999994,828.188599999994,839.8383999999985,867.8885,885.538299999997,895.721799999997,906.6383999999985]",,26,"[278.7035999999941,291.237,303.27029999999706,315.4535,336.7533999999985,381.97839999999854,402.85350000000005,421.7868999999985,431.12039999999854,459.80369999999556,466.30359999999405,480.88689999999855,494.42029999999704,502.30339999999853,507.670299999997,517.620299999997,522.6869999999999,556.5036999999954,741.937099999994,771.6702999999969,801.103599999994,840.5368999999985,869.0034999999999,886.2368999999984,896.6700999999939,907.4536999999955]","[278.7035999999941,291.2370999999941,303.2703999999985,315.4535999999941,336.75350000000003,381.97839999999854,402.85350000000005,421.7868999999985,431.12039999999854,459.80379999999707,466.30369999999556,480.88689999999855,494.42029999999704,502.30350000000004,507.670299999997,517.6203999999984,522.6869999999999,556.5037999999969,741.9371999999954,771.6703999999984,801.1036999999955,840.5369999999999,869.0034999999999,886.237,896.6701999999955,907.4537999999969]",9,"[231.26969999999554,264.20300000000003,363.21969999999556,452.14200000000005,538.9031999999954,565.5029999999999,784.9863999999984,814.603,828.8198999999985]","[231.26969999999554,264.2030999999941,363.21969999999556,452.14200000000005,538.9031999999954,565.5029999999999,784.9863999999984,814.603,828.8198999999985]","[""scam_button""]",5.470059834,0.6896,5.470059834,0.2057,5.470059834,0.1652,,,,,,resources/images/legit13.jpg,legit,0.65,0.65,0,0,,,,,,,,,,,,,,,,,,,,,,,,,,,,,,,,,,,,,,,,,,0,10,10,6,1,,,,,,,,,,,,,,,,,,,,,,,,,,,,,,,,,,,,,,,,,,,,,,,,,,,,,,,,,,,,,,,,,,,,,,,
,,,,,,,,,,,001,2025-05-08_19h37.24.465,SLSI_O,2022.2.5,Linux x86_64,59.88023952,,,,,,,,,,,36,"[229.37179999999702,263.23850000000004,277.70519999999556,290.38839999999857,302.50500000000005,314.74369999999556,335.9885999999941,362.43850000000003,381.0635999999941,402.05509999999407,420.93829999999707,430.25519999999557,451.35489999999857,459.12229999999704,465.5216999999956,480.2381999999956,493.50519999999557,501.6385,506.9051999999956,516.8548999999985,521.4551999999956,537.9383999999985,555.3048999999985,564.655099999994,740.805,770.7385,783.988299999997,800.354799999997,813.7235,828.1885,839.838299999997,867.8885,885.5381999999955,895.7216999999955,906.6383999999985,912.7885999999941]","[229.37179999999702,263.2385999999941,277.70519999999556,290.38839999999857,302.50519999999557,314.7438999999986,335.9885999999941,362.43850000000003,381.0635999999941,402.0551999999956,420.9383999999986,430.25519999999557,451.3550000000001,459.12229999999704,465.5217999999971,480.2381999999956,493.5052999999971,501.6385999999941,506.9051999999956,516.855,521.4551999999956,537.9383999999985,555.3048999999985,564.655099999994,740.805,770.7385,783.9885,800.354799999997,813.723599999994,828.188599999994,839.8383999999985,867.8885,885.538299999997,895.721799999997,906.6383999999985,912.7886999999955]",,27,"[278.7035999999941,291.237,303.27029999999706,315.4535,336.7533999999985,381.97839999999854,402.85350000000005,421.7868999999985,431.12039999999854,459.80369999999556,466.30359999999405,480.88689999999855,494.42029999999704,502.30339999999853,507.670299999997,517.620299999997,522.6869999999999,556.5036999999954,741.937099999994,771.6702999999969,801.103599999994,840.5368999999985,869.0034999999999,886.2368999999984,896.6700999999939,907.4536999999955,913.6034999999999]","[278.7035999999941,291.2370999999941,303.2703999999985,315.4535999999941,336.75350000000003,381.97839999999854,402.85350000000005,421.7868999999985,431.12039999999854,459.80379999999707,466.30369999999556,480.88689999999855,494.42029999999704,502.30350000000004,507.670299999997,517.6203999999984,522.6869999999999,556.5037999999969,741.9371999999954,771.6703999999984,801.1036999999955,840.5369999999999,869.0034999999999,886.237,896.6701999999955,907.4537999999969,913.603599999994]",9,"[231.26969999999554,264.20300000000003,363.21969999999556,452.14200000000005,538.9031999999954,565.5029999999999,784.9863999999984,814.603,828.8198999999985]","[231.26969999999554,264.2030999999941,363.21969999999556,452.14200000000005,538.9031999999954,565.5029999999999,784.9863999999984,814.603,828.8198999999985]","[""scam_button""]",5.467531234,1.1395,5.467531234,0.2216,5.467531234,0.1488,,,,,,resources/images/scam_20.png,scam,1.45,0.6,0,0,,,,,,,,,,,,,,,,,,,,,,,,,,,,,,,,,,,,,,,,,,0,11,11,18,1,,,,,,,,,,,,,,,,,,,,,,,,,,,,,,,,,,,,,,,,,,,,,,,,,,,,,,,,,,,,,,,,,,,,,,,
,,,,,,,,,,,001,2025-05-08_19h37.24.465,SLSI_O,2022.2.5,Linux x86_64,59.88023952,,,,,,,,,,,37,"[229.37179999999702,263.23850000000004,277.70519999999556,290.38839999999857,302.50500000000005,314.74369999999556,335.9885999999941,362.43850000000003,381.0635999999941,402.05509999999407,420.93829999999707,430.25519999999557,451.35489999999857,459.12229999999704,465.5216999999956,480.2381999999956,493.50519999999557,501.6385,506.9051999999956,516.8548999999985,521.4551999999956,537.9383999999985,555.3048999999985,564.655099999994,740.805,770.7385,783.988299999997,800.354799999997,813.7235,828.1885,839.838299999997,867.8885,885.5381999999955,895.7216999999955,906.6383999999985,912.7885999999941,917.205099999994]","[229.37179999999702,263.2385999999941,277.70519999999556,290.38839999999857,302.50519999999557,314.7438999999986,335.9885999999941,362.43850000000003,381.0635999999941,402.0551999999956,420.9383999999986,430.25519999999557,451.3550000000001,459.12229999999704,465.5217999999971,480.2381999999956,493.5052999999971,501.6385999999941,506.9051999999956,516.855,521.4551999999956,537.9383999999985,555.3048999999985,564.655099999994,740.805,770.7385,783.9885,800.354799999997,813.723599999994,828.188599999994,839.8383999999985,867.8885,885.538299999997,895.721799999997,906.6383999999985,912.7886999999955,917.205099999994]",,28,"[278.7035999999941,291.237,303.27029999999706,315.4535,336.7533999999985,381.97839999999854,402.85350000000005,421.7868999999985,431.12039999999854,459.80369999999556,466.30359999999405,480.88689999999855,494.42029999999704,502.30339999999853,507.670299999997,517.620299999997,522.6869999999999,556.5036999999954,741.937099999994,771.6702999999969,801.103599999994,840.5368999999985,869.0034999999999,886.2368999999984,896.6700999999939,907.4536999999955,913.6034999999999,918.137099999994]","[278.7035999999941,291.2370999999941,303.2703999999985,315.4535999999941,336.75350000000003,381.97839999999854,402.85350000000005,421.7868999999985,431.12039999999854,459.80379999999707,466.30369999999556,480.88689999999855,494.42029999999704,502.30350000000004,507.670299999997,517.6203999999984,522.6869999999999,556.5037999999969,741.9371999999954,771.6703999999984,801.1036999999955,840.5369999999999,869.0034999999999,886.237,896.6701999999955,907.4537999999969,913.603599999994,918.137099999994]",9,"[231.26969999999554,264.20300000000003,363.21969999999556,452.14200000000005,538.9031999999954,565.5029999999999,784.9863999999984,814.603,828.8198999999985]","[231.26969999999554,264.2030999999941,363.21969999999556,452.14200000000005,538.9031999999954,565.5029999999999,784.9863999999984,814.603,828.8198999999985]","[""scam_button""]",5.772249736,0.6944,5.772249736,0.2664,5.772249736,0.1913,,,,,,resources/images/legit_19.png,legit,0.65,0.65,0,0,,,,,,,,,,,,,,,,,,,,,,,,,,,,,,,,,,,,,,,,,,0,12,12,4,1,,,,,,,,,,,,,,,,,,,,,,,,,,,,,,,,,,,,,,,,,,,,,,,,,,,,,,,,,,,,,,,,,,,,,,,
,,,,,,,,,,,001,2025-05-08_19h37.24.465,SLSI_O,2022.2.5,Linux x86_64,59.88023952,,,,,,,,,,,38,"[229.37179999999702,263.23850000000004,277.70519999999556,290.38839999999857,302.50500000000005,314.74369999999556,335.9885999999941,362.43850000000003,381.0635999999941,402.05509999999407,420.93829999999707,430.25519999999557,451.35489999999857,459.12229999999704,465.5216999999956,480.2381999999956,493.50519999999557,501.6385,506.9051999999956,516.8548999999985,521.4551999999956,537.9383999999985,555.3048999999985,564.655099999994,740.805,770.7385,783.988299999997,800.354799999997,813.7235,828.1885,839.838299999997,867.8885,885.5381999999955,895.7216999999955,906.6383999999985,912.7885999999941,917.205099999994,929.7216999999955]","[229.37179999999702,263.2385999999941,277.70519999999556,290.38839999999857,302.50519999999557,314.7438999999986,335.9885999999941,362.43850000000003,381.0635999999941,402.0551999999956,420.9383999999986,430.25519999999557,451.3550000000001,459.12229999999704,465.5217999999971,480.2381999999956,493.5052999999971,501.6385999999941,506.9051999999956,516.855,521.4551999999956,537.9383999999985,555.3048999999985,564.655099999994,740.805,770.7385,783.9885,800.354799999997,813.723599999994,828.188599999994,839.8383999999985,867.8885,885.538299999997,895.721799999997,906.6383999999985,912.7886999999955,917.205099999994,929.721799999997]",,29,"[278.7035999999941,291.237,303.27029999999706,315.4535,336.7533999999985,381.97839999999854,402.85350000000005,421.7868999999985,431.12039999999854,459.80369999999556,466.30359999999405,480.88689999999855,494.42029999999704,502.30339999999853,507.670299999997,517.620299999997,522.6869999999999,556.5036999999954,741.937099999994,771.6702999999969,801.103599999994,840.5368999999985,869.0034999999999,886.2368999999984,896.6700999999939,907.4536999999955,913.6034999999999,918.137099999994,930.986799999997]","[278.7035999999941,291.2370999999941,303.2703999999985,315.4535999999941,336.75350000000003,381.97839999999854,402.85350000000005,421.7868999999985,431.12039999999854,459.80379999999707,466.30369999999556,480.88689999999855,494.42029999999704,502.30350000000004,507.670299999997,517.6203999999984,522.6869999999999,556.5037999999969,741.9371999999954,771.6703999999984,801.1036999999955,840.5369999999999,869.0034999999999,886.237,896.6701999999955,907.4537999999969,913.603599999994,918.137099999994,930.986799999997]",9,"[231.26969999999554,264.20300000000003,363.21969999999556,452.14200000000005,538.9031999999954,565.5029999999999,784.9863999999984,814.603,828.8198999999985]","[231.26969999999554,264.2030999999941,363.21969999999556,452.14200000000005,538.9031999999954,565.5029999999999,784.9863999999984,814.603,828.8198999999985]","[""scam_button""]",5.162398081,0.7196,5.162398081,0.191,5.162398081,0.1695,,,,,,resources/images/scam15.jpg,scam,0.65,0.65,0,0,,,,,,,,,,,,,,,,,,,,,,,,,,,,,,,,,,,,,,,,,,0,13,13,10,1,,,,,,,,,,,,,,,,,,,,,,,,,,,,,,,,,,,,,,,,,,,,,,,,,,,,,,,,,,,,,,,,,,,,,,,
,,,,,,,,,,,001,2025-05-08_19h37.24.465,SLSI_O,2022.2.5,Linux x86_64,59.88023952,,,,,,,,,,,39,"[229.37179999999702,263.23850000000004,277.70519999999556,290.38839999999857,302.50500000000005,314.74369999999556,335.9885999999941,362.43850000000003,381.0635999999941,402.05509999999407,420.93829999999707,430.25519999999557,451.35489999999857,459.12229999999704,465.5216999999956,480.2381999999956,493.50519999999557,501.6385,506.9051999999956,516.8548999999985,521.4551999999956,537.9383999999985,555.3048999999985,564.655099999994,740.805,770.7385,783.988299999997,800.354799999997,813.7235,828.1885,839.838299999997,867.8885,885.5381999999955,895.7216999999955,906.6383999999985,912.7885999999941,917.205099999994,929.7216999999955,934.3548999999985]","[229.37179999999702,263.2385999999941,277.70519999999556,290.38839999999857,302.50519999999557,314.7438999999986,335.9885999999941,362.43850000000003,381.0635999999941,402.0551999999956,420.9383999999986,430.25519999999557,451.3550000000001,459.12229999999704,465.5217999999971,480.2381999999956,493.5052999999971,501.6385999999941,506.9051999999956,516.855,521.4551999999956,537.9383999999985,555.3048999999985,564.655099999994,740.805,770.7385,783.9885,800.354799999997,813.723599999994,828.188599999994,839.8383999999985,867.8885,885.538299999997,895.721799999997,906.6383999999985,912.7886999999955,917.205099999994,929.721799999997,934.3548999999985]",,30,"[278.7035999999941,291.237,303.27029999999706,315.4535,336.7533999999985,381.97839999999854,402.85350000000005,421.7868999999985,431.12039999999854,459.80369999999556,466.30359999999405,480.88689999999855,494.42029999999704,502.30339999999853,507.670299999997,517.620299999997,522.6869999999999,556.5036999999954,741.937099999994,771.6702999999969,801.103599999994,840.5368999999985,869.0034999999999,886.2368999999984,896.6700999999939,907.4536999999955,913.6034999999999,918.137099999994,930.986799999997,935.3369999999999]","[278.7035999999941,291.2370999999941,303.2703999999985,315.4535999999941,336.75350000000003,381.97839999999854,402.85350000000005,421.7868999999985,431.12039999999854,459.80379999999707,466.30369999999556,480.88689999999855,494.42029999999704,502.30350000000004,507.670299999997,517.6203999999984,522.6869999999999,556.5037999999969,741.9371999999954,771.6703999999984,801.1036999999955,840.5369999999999,869.0034999999999,886.237,896.6701999999955,907.4537999999969,913.603599999994,918.137099999994,930.986799999997,935.3369999999999]",9,"[231.26969999999554,264.20300000000003,363.21969999999556,452.14200000000005,538.9031999999954,565.5029999999999,784.9863999999984,814.603,828.8198999999985]","[231.26969999999554,264.2030999999941,363.21969999999556,452.14200000000005,538.9031999999954,565.5029999999999,784.9863999999984,814.603,828.8198999999985]","[""scam_button""]",5.312404088,0.7361,5.312404088,0.1924,5.312404088,0.1609,,,,,,resources/images/scam_21.png,scam,1,0.65,0,0,,,,,,,,,,,,,,,,,,,,,,,,,,,,,,,,,,,,,,,,,,0,14,14,19,1,,,,,,,,,,,,,,,,,,,,,,,,,,,,,,,,,,,,,,,,,,,,,,,,,,,,,,,,,,,,,,,,,,,,,,,
,,,,,,,,,,,001,2025-05-08_19h37.24.465,SLSI_O,2022.2.5,Linux x86_64,59.88023952,,,,,,,,,,,40,"[229.37179999999702,263.23850000000004,277.70519999999556,290.38839999999857,302.50500000000005,314.74369999999556,335.9885999999941,362.43850000000003,381.0635999999941,402.05509999999407,420.93829999999707,430.25519999999557,451.35489999999857,459.12229999999704,465.5216999999956,480.2381999999956,493.50519999999557,501.6385,506.9051999999956,516.8548999999985,521.4551999999956,537.9383999999985,555.3048999999985,564.655099999994,740.805,770.7385,783.988299999997,800.354799999997,813.7235,828.1885,839.838299999997,867.8885,885.5381999999955,895.7216999999955,906.6383999999985,912.7885999999941,917.205099999994,929.7216999999955,934.3548999999985,942.3051999999955]","[229.37179999999702,263.2385999999941,277.70519999999556,290.38839999999857,302.50519999999557,314.7438999999986,335.9885999999941,362.43850000000003,381.0635999999941,402.0551999999956,420.9383999999986,430.25519999999557,451.3550000000001,459.12229999999704,465.5217999999971,480.2381999999956,493.5052999999971,501.6385999999941,506.9051999999956,516.855,521.4551999999956,537.9383999999985,555.3048999999985,564.655099999994,740.805,770.7385,783.9885,800.354799999997,813.723599999994,828.188599999994,839.8383999999985,867.8885,885.538299999997,895.721799999997,906.6383999999985,912.7886999999955,917.205099999994,929.721799999997,934.3548999999985,942.3051999999955]",,31,"[278.7035999999941,291.237,303.27029999999706,315.4535,336.7533999999985,381.97839999999854,402.85350000000005,421.7868999999985,431.12039999999854,459.80369999999556,466.30359999999405,480.88689999999855,494.42029999999704,502.30339999999853,507.670299999997,517.620299999997,522.6869999999999,556.5036999999954,741.937099999994,771.6702999999969,801.103599999994,840.5368999999985,869.0034999999999,886.2368999999984,896.6700999999939,907.4536999999955,913.6034999999999,918.137099999994,930.986799999997,935.3369999999999,943.036599999994]","[278.7035999999941,291.2370999999941,303.2703999999985,315.4535999999941,336.75350000000003,381.97839999999854,402.85350000000005,421.7868999999985,431.12039999999854,459.80379999999707,466.30369999999556,480.88689999999855,494.42029999999704,502.30350000000004,507.670299999997,517.6203999999984,522.6869999999999,556.5037999999969,741.9371999999954,771.6703999999984,801.1036999999955,840.5369999999999,869.0034999999999,886.237,896.6701999999955,907.4537999999969,913.603599999994,918.137099999994,930.986799999997,935.3369999999999,943.0366999999954]",9,"[231.26969999999554,264.20300000000003,363.21969999999556,452.14200000000005,538.9031999999954,565.5029999999999,784.9863999999984,814.603,828.8198999999985]","[231.26969999999554,264.2030999999941,363.21969999999556,452.14200000000005,538.9031999999954,565.5029999999999,784.9863999999984,814.603,828.8198999999985]","[""scam_button""]",5.433354453,0.9633,5.433354453,0.2116,5.424120706,0.723,,,,,,resources/images/scam_23.png,scam,1,0.8,0,0,,,,,,,,,,,,,,,,,,,,,,,,,,,,,,,,,,,,,,,,,,0,15,15,21,1,,,,,,,,,,,,,,,,,,,,,,,,,,,,,,,,,,,,,,,,,,,,,,,,,,,,,,,,,,,,,,,,,,,,,,,
,,,,,,,,,,,001,2025-05-08_19h37.24.465,SLSI_O,2022.2.5,Linux x86_64,59.88023952,,,,,,,,,,,41,"[229.37179999999702,263.23850000000004,277.70519999999556,290.38839999999857,302.50500000000005,314.74369999999556,335.9885999999941,362.43850000000003,381.0635999999941,402.05509999999407,420.93829999999707,430.25519999999557,451.35489999999857,459.12229999999704,465.5216999999956,480.2381999999956,493.50519999999557,501.6385,506.9051999999956,516.8548999999985,521.4551999999956,537.9383999999985,555.3048999999985,564.655099999994,740.805,770.7385,783.988299999997,800.354799999997,813.7235,828.1885,839.838299999997,867.8885,885.5381999999955,895.7216999999955,906.6383999999985,912.7885999999941,917.205099999994,929.7216999999955,934.3548999999985,942.3051999999955,951.1885]","[229.37179999999702,263.2385999999941,277.70519999999556,290.38839999999857,302.50519999999557,314.7438999999986,335.9885999999941,362.43850000000003,381.0635999999941,402.0551999999956,420.9383999999986,430.25519999999557,451.3550000000001,459.12229999999704,465.5217999999971,480.2381999999956,493.5052999999971,501.6385999999941,506.9051999999956,516.855,521.4551999999956,537.9383999999985,555.3048999999985,564.655099999994,740.805,770.7385,783.9885,800.354799999997,813.723599999994,828.188599999994,839.8383999999985,867.8885,885.538299999997,895.721799999997,906.6383999999985,912.7886999999955,917.205099999994,929.721799999997,934.3548999999985,942.3051999999955,951.1885]",,32,"[278.7035999999941,291.237,303.27029999999706,315.4535,336.7533999999985,381.97839999999854,402.85350000000005,421.7868999999985,431.12039999999854,459.80369999999556,466.30359999999405,480.88689999999855,494.42029999999704,502.30339999999853,507.670299999997,517.620299999997,522.6869999999999,556.5036999999954,741.937099999994,771.6702999999969,801.103599999994,840.5368999999985,869.0034999999999,886.2368999999984,896.6700999999939,907.4536999999955,913.6034999999999,918.137099999994,930.986799999997,935.3369999999999,943.036599999994,952.0703999999985]","[278.7035999999941,291.2370999999941,303.2703999999985,315.4535999999941,336.75350000000003,381.97839999999854,402.85350000000005,421.7868999999985,431.12039999999854,459.80379999999707,466.30369999999556,480.88689999999855,494.42029999999704,502.30350000000004,507.670299999997,517.6203999999984,522.6869999999999,556.5037999999969,741.9371999999954,771.6703999999984,801.1036999999955,840.5369999999999,869.0034999999999,886.237,896.6701999999955,907.4537999999969,913.603599999994,918.137099999994,930.986799999997,935.3369999999999,943.0366999999954,952.0703999999985]",9,"[231.26969999999554,264.20300000000003,363.21969999999556,452.14200000000005,538.9031999999954,565.5029999999999,784.9863999999984,814.603,828.8198999999985]","[231.26969999999554,264.2030999999941,363.21969999999556,452.14200000000005,538.9031999999954,565.5029999999999,784.9863999999984,814.603,828.8198999999985]","[""scam_button""]",5.517200288,1.0089,5.517200288,0.2198,5.517200288,0.1717,,,,,,resources/images/scam17.png,scam,0.8,0.65,0,0,,,,,,,,,,,,,,,,,,,,,,,,,,,,,,,,,,,,,,,,,,0,16,16,12,1,,,,,,,,,,,,,,,,,,,,,,,,,,,,,,,,,,,,,,,,,,,,,,,,,,,,,,,,,,,,,,,,,,,,,,,
,,,,,,,,,,,001,2025-05-08_19h37.24.465,SLSI_O,2022.2.5,Linux x86_64,59.88023952,,,,,,,,,,,42,"[229.37179999999702,263.23850000000004,277.70519999999556,290.38839999999857,302.50500000000005,314.74369999999556,335.9885999999941,362.43850000000003,381.0635999999941,402.05509999999407,420.93829999999707,430.25519999999557,451.35489999999857,459.12229999999704,465.5216999999956,480.2381999999956,493.50519999999557,501.6385,506.9051999999956,516.8548999999985,521.4551999999956,537.9383999999985,555.3048999999985,564.655099999994,740.805,770.7385,783.988299999997,800.354799999997,813.7235,828.1885,839.838299999997,867.8885,885.5381999999955,895.7216999999955,906.6383999999985,912.7885999999941,917.205099999994,929.7216999999955,934.3548999999985,942.3051999999955,951.1885,972.122299999997]","[229.37179999999702,263.2385999999941,277.70519999999556,290.38839999999857,302.50519999999557,314.7438999999986,335.9885999999941,362.43850000000003,381.0635999999941,402.0551999999956,420.9383999999986,430.25519999999557,451.3550000000001,459.12229999999704,465.5217999999971,480.2381999999956,493.5052999999971,501.6385999999941,506.9051999999956,516.855,521.4551999999956,537.9383999999985,555.3048999999985,564.655099999994,740.805,770.7385,783.9885,800.354799999997,813.723599999994,828.188599999994,839.8383999999985,867.8885,885.538299999997,895.721799999997,906.6383999999985,912.7886999999955,917.205099999994,929.721799999997,934.3548999999985,942.3051999999955,951.1885,972.122299999997]",,33,"[278.7035999999941,291.237,303.27029999999706,315.4535,336.7533999999985,381.97839999999854,402.85350000000005,421.7868999999985,431.12039999999854,459.80369999999556,466.30359999999405,480.88689999999855,494.42029999999704,502.30339999999853,507.670299999997,517.620299999997,522.6869999999999,556.5036999999954,741.937099999994,771.6702999999969,801.103599999994,840.5368999999985,869.0034999999999,886.2368999999984,896.6700999999939,907.4536999999955,913.6034999999999,918.137099999994,930.986799999997,935.3369999999999,943.036599999994,952.0703999999985,973.0200999999939]","[278.7035999999941,291.2370999999941,303.2703999999985,315.4535999999941,336.75350000000003,381.97839999999854,402.85350000000005,421.7868999999985,431.12039999999854,459.80379999999707,466.30369999999556,480.88689999999855,494.42029999999704,502.30350000000004,507.670299999997,517.6203999999984,522.6869999999999,556.5037999999969,741.9371999999954,771.6703999999984,801.1036999999955,840.5369999999999,869.0034999999999,886.237,896.6701999999955,907.4537999999969,913.603599999994,918.137099999994,930.986799999997,935.3369999999999,943.0366999999954,952.0703999999985,973.0201999999955]",9,"[231.26969999999554,264.20300000000003,363.21969999999556,452.14200000000005,538.9031999999954,565.5029999999999,784.9863999999984,814.603,828.8198999999985]","[231.26969999999554,264.2030999999941,363.21969999999556,452.14200000000005,538.9031999999954,565.5029999999999,784.9863999999984,814.603,828.8198999999985]","[""scam_button""]",5.511919294,0.6524,5.511919294,0.203,5.511919294,0.1601,,,,,,resources/images/scam_22.png,scam,1,0.65,0,0,,,,,,,,,,,,,,,,,,,,,,,,,,,,,,,,,,,,,,,,,,0,17,17,23,1,,,,,,,,,,,,,,,,,,,,,,,,,,,,,,,,,,,,,,,,,,,,,,,,,,,,,,,,,,,,,,,,,,,,,,,
,,,,,,,,,,,001,2025-05-08_19h37.24.465,SLSI_O,2022.2.5,Linux x86_64,59.88023952,,,,,,,,,,,43,"[229.37179999999702,263.23850000000004,277.70519999999556,290.38839999999857,302.50500000000005,314.74369999999556,335.9885999999941,362.43850000000003,381.0635999999941,402.05509999999407,420.93829999999707,430.25519999999557,451.35489999999857,459.12229999999704,465.5216999999956,480.2381999999956,493.50519999999557,501.6385,506.9051999999956,516.8548999999985,521.4551999999956,537.9383999999985,555.3048999999985,564.655099999994,740.805,770.7385,783.988299999997,800.354799999997,813.7235,828.1885,839.838299999997,867.8885,885.5381999999955,895.7216999999955,906.6383999999985,912.7885999999941,917.205099999994,929.7216999999955,934.3548999999985,942.3051999999955,951.1885,972.122299999997,979.9551999999956]","[229.37179999999702,263.2385999999941,277.70519999999556,290.38839999999857,302.50519999999557,314.7438999999986,335.9885999999941,362.43850000000003,381.0635999999941,402.0551999999956,420.9383999999986,430.25519999999557,451.3550000000001,459.12229999999704,465.5217999999971,480.2381999999956,493.5052999999971,501.6385999999941,506.9051999999956,516.855,521.4551999999956,537.9383999999985,555.3048999999985,564.655099999994,740.805,770.7385,783.9885,800.354799999997,813.723599999994,828.188599999994,839.8383999999985,867.8885,885.538299999997,895.721799999997,906.6383999999985,912.7886999999955,917.205099999994,929.721799999997,934.3548999999985,942.3051999999955,951.1885,972.122299999997,979.9551999999956]",,34,"[278.7035999999941,291.237,303.27029999999706,315.4535,336.7533999999985,381.97839999999854,402.85350000000005,421.7868999999985,431.12039999999854,459.80369999999556,466.30359999999405,480.88689999999855,494.42029999999704,502.30339999999853,507.670299999997,517.620299999997,522.6869999999999,556.5036999999954,741.937099999994,771.6702999999969,801.103599999994,840.5368999999985,869.0034999999999,886.2368999999984,896.6700999999939,907.4536999999955,913.6034999999999,918.137099999994,930.986799999997,935.3369999999999,943.036599999994,952.0703999999985,973.0200999999939,980.987]","[278.7035999999941,291.2370999999941,303.2703999999985,315.4535999999941,336.75350000000003,381.97839999999854,402.85350000000005,421.7868999999985,431.12039999999854,459.80379999999707,466.30369999999556,480.88689999999855,494.42029999999704,502.30350000000004,507.670299999997,517.6203999999984,522.6869999999999,556.5037999999969,741.9371999999954,771.6703999999984,801.1036999999955,840.5369999999999,869.0034999999999,886.237,896.6701999999955,907.4537999999969,913.603599999994,918.137099999994,930.986799999997,935.3369999999999,943.0366999999954,952.0703999999985,973.0201999999955,980.987]",9,"[231.26969999999554,264.20300000000003,363.21969999999556,452.14200000000005,538.9031999999954,565.5029999999999,784.9863999999984,814.603,828.8198999999985]","[231.26969999999554,264.2030999999941,363.21969999999556,452.14200000000005,538.9031999999954,565.5029999999999,784.9863999999984,814.603,828.8198999999985]","[""scam_button""]",5.395968967,0.7483,5.395968967,0.1987,5.395968967,0.1989,,,,,,resources/images/legit_22.png,legit,1,0.78,0,0,,,,,,,,,,,,,,,,,,,,,,,,,,,,,,,,,,,,,,,,,,0,18,18,9,1,,,,,,,,,,,,,,,,,,,,,,,,,,,,,,,,,,,,,,,,,,,,,,,,,,,,,,,,,,,,,,,,,,,,,,,
,,,,,,,,,,,001,2025-05-08_19h37.24.465,SLSI_O,2022.2.5,Linux x86_64,59.88023952,,,,,,,,,,,44,"[229.37179999999702,263.23850000000004,277.70519999999556,290.38839999999857,302.50500000000005,314.74369999999556,335.9885999999941,362.43850000000003,381.0635999999941,402.05509999999407,420.93829999999707,430.25519999999557,451.35489999999857,459.12229999999704,465.5216999999956,480.2381999999956,493.50519999999557,501.6385,506.9051999999956,516.8548999999985,521.4551999999956,537.9383999999985,555.3048999999985,564.655099999994,740.805,770.7385,783.988299999997,800.354799999997,813.7235,828.1885,839.838299999997,867.8885,885.5381999999955,895.7216999999955,906.6383999999985,912.7885999999941,917.205099999994,929.7216999999955,934.3548999999985,942.3051999999955,951.1885,972.122299999997,979.9551999999956,985.321799999997]","[229.37179999999702,263.2385999999941,277.70519999999556,290.38839999999857,302.50519999999557,314.7438999999986,335.9885999999941,362.43850000000003,381.0635999999941,402.0551999999956,420.9383999999986,430.25519999999557,451.3550000000001,459.12229999999704,465.5217999999971,480.2381999999956,493.5052999999971,501.6385999999941,506.9051999999956,516.855,521.4551999999956,537.9383999999985,555.3048999999985,564.655099999994,740.805,770.7385,783.9885,800.354799999997,813.723599999994,828.188599999994,839.8383999999985,867.8885,885.538299999997,895.721799999997,906.6383999999985,912.7886999999955,917.205099999994,929.721799999997,934.3548999999985,942.3051999999955,951.1885,972.122299999997,979.9551999999956,985.3218999999985]",,35,"[278.7035999999941,291.237,303.27029999999706,315.4535,336.7533999999985,381.97839999999854,402.85350000000005,421.7868999999985,431.12039999999854,459.80369999999556,466.30359999999405,480.88689999999855,494.42029999999704,502.30339999999853,507.670299999997,517.620299999997,522.6869999999999,556.5036999999954,741.937099999994,771.6702999999969,801.103599999994,840.5368999999985,869.0034999999999,886.2368999999984,896.6700999999939,907.4536999999955,913.6034999999999,918.137099999994,930.986799999997,935.3369999999999,943.036599999994,952.0703999999985,973.0200999999939,980.987,986.103599999994]","[278.7035999999941,291.2370999999941,303.2703999999985,315.4535999999941,336.75350000000003,381.97839999999854,402.85350000000005,421.7868999999985,431.12039999999854,459.80379999999707,466.30369999999556,480.88689999999855,494.42029999999704,502.30350000000004,507.670299999997,517.6203999999984,522.6869999999999,556.5037999999969,741.9371999999954,771.6703999999984,801.1036999999955,840.5369999999999,869.0034999999999,886.237,896.6701999999955,907.4537999999969,913.603599999994,918.137099999994,930.986799999997,935.3369999999999,943.0366999999954,952.0703999999985,973.0201999999955,980.987,986.103599999994]",9,"[231.26969999999554,264.20300000000003,363.21969999999556,452.14200000000005,538.9031999999954,565.5029999999999,784.9863999999984,814.603,828.8198999999985]","[231.26969999999554,264.2030999999941,363.21969999999556,452.14200000000005,538.9031999999954,565.5029999999999,784.9863999999984,814.603,828.8198999999985]","[""scam_button""]",5.578595843,0.9276,5.569356283,0.1791,5.569356283,0.1715,,,,,,resources/images/scam_30.png,scam,1.45,0.6,0,0,,,,,,,,,,,,,,,,,,,,,,,,,,,,,,,,,,,,,,,,,,0,19,19,20,1,,,,,,,,,,,,,,,,,,,,,,,,,,,,,,,,,,,,,,,,,,,,,,,,,,,,,,,,,,,,,,,,,,,,,,,
,,,,,,,,,,,001,2025-05-08_19h37.24.465,SLSI_O,2022.2.5,Linux x86_64,59.88023952,,,,,,,,,,,45,"[229.37179999999702,263.23850000000004,277.70519999999556,290.38839999999857,302.50500000000005,314.74369999999556,335.9885999999941,362.43850000000003,381.0635999999941,402.05509999999407,420.93829999999707,430.25519999999557,451.35489999999857,459.12229999999704,465.5216999999956,480.2381999999956,493.50519999999557,501.6385,506.9051999999956,516.8548999999985,521.4551999999956,537.9383999999985,555.3048999999985,564.655099999994,740.805,770.7385,783.988299999997,800.354799999997,813.7235,828.1885,839.838299999997,867.8885,885.5381999999955,895.7216999999955,906.6383999999985,912.7885999999941,917.205099999994,929.7216999999955,934.3548999999985,942.3051999999955,951.1885,972.122299999997,979.9551999999956,985.321799999997,989.1718999999985]","[229.37179999999702,263.2385999999941,277.70519999999556,290.38839999999857,302.50519999999557,314.7438999999986,335.9885999999941,362.43850000000003,381.0635999999941,402.0551999999956,420.9383999999986,430.25519999999557,451.3550000000001,459.12229999999704,465.5217999999971,480.2381999999956,493.5052999999971,501.6385999999941,506.9051999999956,516.855,521.4551999999956,537.9383999999985,555.3048999999985,564.655099999994,740.805,770.7385,783.9885,800.354799999997,813.723599999994,828.188599999994,839.8383999999985,867.8885,885.538299999997,895.721799999997,906.6383999999985,912.7886999999955,917.205099999994,929.721799999997,934.3548999999985,942.3051999999955,951.1885,972.122299999997,979.9551999999956,985.3218999999985,989.1718999999985]",,36,"[278.7035999999941,291.237,303.27029999999706,315.4535,336.7533999999985,381.97839999999854,402.85350000000005,421.7868999999985,431.12039999999854,459.80369999999556,466.30359999999405,480.88689999999855,494.42029999999704,502.30339999999853,507.670299999997,517.620299999997,522.6869999999999,556.5036999999954,741.937099999994,771.6702999999969,801.103599999994,840.5368999999985,869.0034999999999,886.2368999999984,896.6700999999939,907.4536999999955,913.6034999999999,918.137099999994,930.986799999997,935.3369999999999,943.036599999994,952.0703999999985,973.0200999999939,980.987,986.103599999994,989.9367999999969]","[278.7035999999941,291.2370999999941,303.2703999999985,315.4535999999941,336.75350000000003,381.97839999999854,402.85350000000005,421.7868999999985,431.12039999999854,459.80379999999707,466.30369999999556,480.88689999999855,494.42029999999704,502.30350000000004,507.670299999997,517.6203999999984,522.6869999999999,556.5037999999969,741.9371999999954,771.6703999999984,801.1036999999955,840.5369999999999,869.0034999999999,886.237,896.6701999999955,907.4537999999969,913.603599999994,918.137099999994,930.986799999997,935.3369999999999,943.0366999999954,952.0703999999985,973.0201999999955,980.987,986.103599999994,989.9368999999984]",9,"[231.26969999999554,264.20300000000003,363.21969999999556,452.14200000000005,538.9031999999954,565.5029999999999,784.9863999999984,814.603,828.8198999999985]","[231.26969999999554,264.2030999999941,363.21969999999556,452.14200000000005,538.9031999999954,565.5029999999999,784.9863999999984,814.603,828.8198999999985]","[""scam_button""]",5.554791163,0.7525,5.554791163,0.1918,5.554791163,0.1697,,,,,,resources/images/scam9.jpg,scam,0.65,0.65,0,0,,,,,,,,,,,,,,,,,,,,,,,,,,,,,,,,,,,,,,,,,,0,20,20,1,1,,,,,,,,,,,,,,,,,,,,,,,,,,,,,,,,,,,,,,,,,,,,,,,,,,,,,,,,,,,,,,,,,,,,,,,
,,,,,,,,,,,001,2025-05-08_19h37.24.465,SLSI_O,2022.2.5,Linux x86_64,59.88023952,,,,,,,,,,,46,"[229.37179999999702,263.23850000000004,277.70519999999556,290.38839999999857,302.50500000000005,314.74369999999556,335.9885999999941,362.43850000000003,381.0635999999941,402.05509999999407,420.93829999999707,430.25519999999557,451.35489999999857,459.12229999999704,465.5216999999956,480.2381999999956,493.50519999999557,501.6385,506.9051999999956,516.8548999999985,521.4551999999956,537.9383999999985,555.3048999999985,564.655099999994,740.805,770.7385,783.988299999997,800.354799999997,813.7235,828.1885,839.838299999997,867.8885,885.5381999999955,895.7216999999955,906.6383999999985,912.7885999999941,917.205099999994,929.7216999999955,934.3548999999985,942.3051999999955,951.1885,972.122299999997,979.9551999999956,985.321799999997,989.1718999999985,1003.5881999999955]","[229.37179999999702,263.2385999999941,277.70519999999556,290.38839999999857,302.50519999999557,314.7438999999986,335.9885999999941,362.43850000000003,381.0635999999941,402.0551999999956,420.9383999999986,430.25519999999557,451.3550000000001,459.12229999999704,465.5217999999971,480.2381999999956,493.5052999999971,501.6385999999941,506.9051999999956,516.855,521.4551999999956,537.9383999999985,555.3048999999985,564.655099999994,740.805,770.7385,783.9885,800.354799999997,813.723599999994,828.188599999994,839.8383999999985,867.8885,885.538299999997,895.721799999997,906.6383999999985,912.7886999999955,917.205099999994,929.721799999997,934.3548999999985,942.3051999999955,951.1885,972.122299999997,979.9551999999956,985.3218999999985,989.1718999999985,1003.5883999999985]",,36,"[278.7035999999941,291.237,303.27029999999706,315.4535,336.7533999999985,381.97839999999854,402.85350000000005,421.7868999999985,431.12039999999854,459.80369999999556,466.30359999999405,480.88689999999855,494.42029999999704,502.30339999999853,507.670299999997,517.620299999997,522.6869999999999,556.5036999999954,741.937099999994,771.6702999999969,801.103599999994,840.5368999999985,869.0034999999999,886.2368999999984,896.6700999999939,907.4536999999955,913.6034999999999,918.137099999994,930.986799999997,935.3369999999999,943.036599999994,952.0703999999985,973.0200999999939,980.987,986.103599999994,989.9367999999969]","[278.7035999999941,291.2370999999941,303.2703999999985,315.4535999999941,336.75350000000003,381.97839999999854,402.85350000000005,421.7868999999985,431.12039999999854,459.80379999999707,466.30369999999556,480.88689999999855,494.42029999999704,502.30350000000004,507.670299999997,517.6203999999984,522.6869999999999,556.5037999999969,741.9371999999954,771.6703999999984,801.1036999999955,840.5369999999999,869.0034999999999,886.237,896.6701999999955,907.4537999999969,913.603599999994,918.137099999994,930.986799999997,935.3369999999999,943.0366999999954,952.0703999999985,973.0201999999955,980.987,986.103599999994,989.9368999999984]",10,"[231.26969999999554,264.20300000000003,363.21969999999556,452.14200000000005,538.9031999999954,565.5029999999999,784.9863999999984,814.603,828.8198999999985,1004.886599999994]","[231.26969999999554,264.2030999999941,363.21969999999556,452.14200000000005,538.9031999999954,565.5029999999999,784.9863999999984,814.603,828.8198999999985,1004.886599999994]","[""legit_button""]",5.460687547,0.7122,5.479022314,0.2883,5.479022314,0.1595,,,,,,resources/images/scam_24.png,scam,1,0.8,0,0,,,,,,,,,,,,,,,,,,,,,,,,,,,,,,,,,,,,,,,,,,0,21,21,22,1,,,,,,,,,,,,,,,,,,,,,,,,,,,,,,,,,,,,,,,,,,,,,,,,,,,,,,,,,,,,,,,,,,,,,,,
,,,,,,,,,,,001,2025-05-08_19h37.24.465,SLSI_O,2022.2.5,Linux x86_64,59.88023952,,,,,,,,,,,47,"[229.37179999999702,263.23850000000004,277.70519999999556,290.38839999999857,302.50500000000005,314.74369999999556,335.9885999999941,362.43850000000003,381.0635999999941,402.05509999999407,420.93829999999707,430.25519999999557,451.35489999999857,459.12229999999704,465.5216999999956,480.2381999999956,493.50519999999557,501.6385,506.9051999999956,516.8548999999985,521.4551999999956,537.9383999999985,555.3048999999985,564.655099999994,740.805,770.7385,783.988299999997,800.354799999997,813.7235,828.1885,839.838299999997,867.8885,885.5381999999955,895.7216999999955,906.6383999999985,912.7885999999941,917.205099999994,929.7216999999955,934.3548999999985,942.3051999999955,951.1885,972.122299999997,979.9551999999956,985.321799999997,989.1718999999985,1003.5881999999955,1021.055299999997]","[229.37179999999702,263.2385999999941,277.70519999999556,290.38839999999857,302.50519999999557,314.7438999999986,335.9885999999941,362.43850000000003,381.0635999999941,402.0551999999956,420.9383999999986,430.25519999999557,451.3550000000001,459.12229999999704,465.5217999999971,480.2381999999956,493.5052999999971,501.6385999999941,506.9051999999956,516.855,521.4551999999956,537.9383999999985,555.3048999999985,564.655099999994,740.805,770.7385,783.9885,800.354799999997,813.723599999994,828.188599999994,839.8383999999985,867.8885,885.538299999997,895.721799999997,906.6383999999985,912.7886999999955,917.205099999994,929.721799999997,934.3548999999985,942.3051999999955,951.1885,972.122299999997,979.9551999999956,985.3218999999985,989.1718999999985,1003.5883999999985,1021.055299999997]",,36,"[278.7035999999941,291.237,303.27029999999706,315.4535,336.7533999999985,381.97839999999854,402.85350000000005,421.7868999999985,431.12039999999854,459.80369999999556,466.30359999999405,480.88689999999855,494.42029999999704,502.30339999999853,507.670299999997,517.620299999997,522.6869999999999,556.5036999999954,741.937099999994,771.6702999999969,801.103599999994,840.5368999999985,869.0034999999999,886.2368999999984,896.6700999999939,907.4536999999955,913.6034999999999,918.137099999994,930.986799999997,935.3369999999999,943.036599999994,952.0703999999985,973.0200999999939,980.987,986.103599999994,989.9367999999969]","[278.7035999999941,291.2370999999941,303.2703999999985,315.4535999999941,336.75350000000003,381.97839999999854,402.85350000000005,421.7868999999985,431.12039999999854,459.80379999999707,466.30369999999556,480.88689999999855,494.42029999999704,502.30350000000004,507.670299999997,517.6203999999984,522.6869999999999,556.5037999999969,741.9371999999954,771.6703999999984,801.1036999999955,840.5369999999999,869.0034999999999,886.237,896.6701999999955,907.4537999999969,913.603599999994,918.137099999994,930.986799999997,935.3369999999999,943.0366999999954,952.0703999999985,973.0201999999955,980.987,986.103599999994,989.9368999999984]",11,"[231.26969999999554,264.20300000000003,363.21969999999556,452.14200000000005,538.9031999999954,565.5029999999999,784.9863999999984,814.603,828.8198999999985,1004.886599999994,1021.9031999999955]","[231.26969999999554,264.2030999999941,363.21969999999556,452.14200000000005,538.9031999999954,565.5029999999999,784.9863999999984,814.603,828.8198999999985,1004.886599999994,1021.9031999999955]","[""legit_button""]",5.518523686,0.9529,5.518523686,0.1933,5.500691732,0.1716,,,,,,resources/images/legitimate_18.png,legit,1,0.65,0,0,,,,,,,,,,,,,,,,,,,,,,,,,,,,,,,,,,,,,,,,,,0,22,22,17,1,,,,,,,,,,,,,,,,,,,,,,,,,,,,,,,,,,,,,,,,,,,,,,,,,,,,,,,,,,,,,,,,,,,,,,,
,,,,,,,,,,,001,2025-05-08_19h37.24.465,SLSI_O,2022.2.5,Linux x86_64,59.88023952,,,,,,,,,,,48,"[229.37179999999702,263.23850000000004,277.70519999999556,290.38839999999857,302.50500000000005,314.74369999999556,335.9885999999941,362.43850000000003,381.0635999999941,402.05509999999407,420.93829999999707,430.25519999999557,451.35489999999857,459.12229999999704,465.5216999999956,480.2381999999956,493.50519999999557,501.6385,506.9051999999956,516.8548999999985,521.4551999999956,537.9383999999985,555.3048999999985,564.655099999994,740.805,770.7385,783.988299999997,800.354799999997,813.7235,828.1885,839.838299999997,867.8885,885.5381999999955,895.7216999999955,906.6383999999985,912.7885999999941,917.205099999994,929.7216999999955,934.3548999999985,942.3051999999955,951.1885,972.122299999997,979.9551999999956,985.321799999997,989.1718999999985,1003.5881999999955,1021.055299999997,1027.555299999997]","[229.37179999999702,263.2385999999941,277.70519999999556,290.38839999999857,302.50519999999557,314.7438999999986,335.9885999999941,362.43850000000003,381.0635999999941,402.0551999999956,420.9383999999986,430.25519999999557,451.3550000000001,459.12229999999704,465.5217999999971,480.2381999999956,493.5052999999971,501.6385999999941,506.9051999999956,516.855,521.4551999999956,537.9383999999985,555.3048999999985,564.655099999994,740.805,770.7385,783.9885,800.354799999997,813.723599999994,828.188599999994,839.8383999999985,867.8885,885.538299999997,895.721799999997,906.6383999999985,912.7886999999955,917.205099999994,929.721799999997,934.3548999999985,942.3051999999955,951.1885,972.122299999997,979.9551999999956,985.3218999999985,989.1718999999985,1003.5883999999985,1021.055299999997,1027.555299999997]",,37,"[278.7035999999941,291.237,303.27029999999706,315.4535,336.7533999999985,381.97839999999854,402.85350000000005,421.7868999999985,431.12039999999854,459.80369999999556,466.30359999999405,480.88689999999855,494.42029999999704,502.30339999999853,507.670299999997,517.620299999997,522.6869999999999,556.5036999999954,741.937099999994,771.6702999999969,801.103599999994,840.5368999999985,869.0034999999999,886.2368999999984,896.6700999999939,907.4536999999955,913.6034999999999,918.137099999994,930.986799999997,935.3369999999999,943.036599999994,952.0703999999985,973.0200999999939,980.987,986.103599999994,989.9367999999969,1028.2203999999983]","[278.7035999999941,291.2370999999941,303.2703999999985,315.4535999999941,336.75350000000003,381.97839999999854,402.85350000000005,421.7868999999985,431.12039999999854,459.80379999999707,466.30369999999556,480.88689999999855,494.42029999999704,502.30350000000004,507.670299999997,517.6203999999984,522.6869999999999,556.5037999999969,741.9371999999954,771.6703999999984,801.1036999999955,840.5369999999999,869.0034999999999,886.237,896.6701999999955,907.4537999999969,913.603599999994,918.137099999994,930.986799999997,935.3369999999999,943.0366999999954,952.0703999999985,973.0201999999955,980.987,986.103599999994,989.9368999999984,1028.2203999999983]",11,"[231.26969999999554,264.20300000000003,363.21969999999556,452.14200000000005,538.9031999999954,565.5029999999999,784.9863999999984,814.603,828.8198999999985,1004.886599999994,1021.9031999999955]","[231.26969999999554,264.2030999999941,363.21969999999556,452.14200000000005,538.9031999999954,565.5029999999999,784.9863999999984,814.603,828.8198999999985,1004.886599999994,1021.9031999999955]","[""scam_button""]",5.53956822,1.2907,5.53956822,0.1866,5.53956822,0.1591,,,,,,resources/images/legit11.jpg,legit,0.65,0.65,0,0,,,,,,,,,,,,,,,,,,,,,,,,,,,,,,,,,,,,,,,,,,0,23,23,2,1,,,,,,,,,,,,,,,,,,,,,,,,,,,,,,,,,,,,,,,,,,,,,,,,,,,,,,,,,,,,,,,,,,,,,,,
,,,,,,,,,,,001,2025-05-08_19h37.24.465,SLSI_O,2022.2.5,Linux x86_64,59.88023952,,,,,,,,,,,,,,,,,,,,,,,,,,,,,,,,,,,,,,,,,,,,,,,,,,,,,,,,,,,,,,,,,,,,,,,,,,,,,,,,,,,,,space,1.9458,,,,,,,,,,,,,,,,,,,,,,,,,,,,,,,,,,,,,,,,,,,,,,,,,,,,,,,,,,,,,,,,,,,,,
,,,,,,,,,,,001,2025-05-08_19h37.24.465,SLSI_O,2022.2.5,Linux x86_64,59.88023952,,,,,,,,,,,,,,,,,,,,,,,,,,,,,,,,,,,,,,,,,,,,,,,,,,,,,,,,,,,,,,,,,,,,,,,,,,,,,,,,,,,,,,,4,2.4839,...is inventive,0,0,0,2,1,...is inventive,,,,,,,,,,,,,,,,,,,,,,,,,,,,,,,,,,,,,,,,,,,,,,,,,,,,,,,,,,,,
,,,,,,,,,,,001,2025-05-08_19h37.24.465,SLSI_O,2022.2.5,Linux x86_64,59.88023952,,,,,,,,,,,,,,,,,,,,,,,,,,,,,,,,,,,,,,,,,,,,,,,,,,,,,,,,,,,,,,,,,,,,,,,,,,,,,,,,,,,,,,,4,1.4757,...finds clever ways to do things,0,1,1,3,1,...finds clever ways to do things,,,,,,,,,,,,,,,,,,,,,,,,,,,,,,,,,,,,,,,,,,,,,,,,,,,,,,,,,,,,
,,,,,,,,,,,001,2025-05-08_19h37.24.465,SLSI_O,2022.2.5,Linux x86_64,59.88023952,,,,,,,,,,,,,,,,,,,,,,,,,,,,,,,,,,,,,,,,,,,,,,,,,,,,,,,,,,,,,,,,,,,,,,,,,,,,,,,,,,,,,,,3,1.321,"....is reliable, can always be counted on",0,2,2,4,1,"....is reliable, can always be counted on",,,,,,,,,,,,,,,,,,,,,,,,,,,,,,,,,,,,,,,,,,,,,,,,,,,,,,,,,,,,
,,,,,,,,,,,001,2025-05-08_19h37.24.465,SLSI_O,2022.2.5,Linux x86_64,59.88023952,,,,,,,,,,,,,,,,,,,,,,,,,,,,,,,,,,,,,,,,,,,,,,,,,,,,,,,,,,,,,,,,,,,,,,,,,,,,,,,,,,,,,,,4,1.7562,...often feels sad,0,3,3,0,1,...often feels sad,,,,,,,,,,,,,,,,,,,,,,,,,,,,,,,,,,,,,,,,,,,,,,,,,,,,,,,,,,,,
,,,,,,,,,,,001,2025-05-08_19h37.24.465,SLSI_O,2022.2.5,Linux x86_64,59.88023952,,,,,,,,,,,,,,,,,,,,,,,,,,,,,,,,,,,,,,,,,,,,,,,,,,,,,,,,,,,,,,,,,,,,,,,,,,,,,,,,,,,,,,,3,1.6297,"...is persistent, works until the task is finished",0,4,4,5,1,"...is persistent, works until the task is finished",,,,,,,,,,,,,,,,,,,,,,,,,,,,,,,,,,,,,,,,,,,,,,,,,,,,,,,,,,,,
,,,,,,,,,,,001,2025-05-08_19h37.24.465,SLSI_O,2022.2.5,Linux x86_64,59.88023952,,,,,,,,,,,,,,,,,,,,,,,,,,,,,,,,,,,,,,,,,,,,,,,,,,,,,,,,,,,,,,,,,,,,,,,,,,,,,,,,,,,,,,,2,1.629,...is talktative,0,5,5,1,1,...is talktative,,,,,,,,,,,,,,,,,,,,,,,,,,,,,,,,,,,,,,,,,,,,,,,,,,,,,,,,,,,,
,,,,,,,,,,,001,2025-05-08_19h37.24.465,SLSI_O,2022.2.5,Linux x86_64,59.88023952,,,,,,,,,,,,,,,,,,,,,,,,,,,,,,,,,,,,,,,,,,,,,,,,,,,,,,,,,,,,,,,,,,,,,,,,,,,,,,,,,,,,,,,,,,,,,,,,space,3.2485,,,,,,,,,,,,,,,,,,,,,,,,,,,,,,,,,,,,,,,,,,,,,,,,,,,,,,,,,,
,,,,,,,,,,,001,2025-05-08_19h37.24.465,SLSI_O,2022.2.5,Linux x86_64,59.88023952,,,,,,,,,,,,,,,,,,,,,,,,,,,,,,,,,,,,,,,,,,,,,,,,,,,,,,,,,,,,,,,,,,,,,,,,,,,,,,,,,,,,,,,,,,,,,,,,,,3,6.6206,,0,0,0,0,1,Try to pass along the knowledge I have gained through my experiences.,,,,,,,,,,,,,,,,,,,,,,,,,,,,,,,,,,,,,,,,,,,,,,,,,
,,,,,,,,,,,001,2025-05-08_19h37.24.465,SLSI_O,2022.2.5,Linux x86_64,59.88023952,,,,,,,,,,,,,,,,,,,,,,,,,,,,,,,,,,,,,,,,,,,,,,,,,,,,,,,,,,,,,,,,,,,,,,,,,,,,,,,,,,,,,,,,,,,,,,,,,,4,3.5011,,0,1,1,8,1,I believe that society should be responsible for providing food and shelter for all homeless people.,,,,,,,,,,,,,,,,,,,,,,,,,,,,,,,,,,,,,,,,,,,,,,,,,
,,,,,,,,,,,001,2025-05-08_19h37.24.465,SLSI_O,2022.2.5,Linux x86_64,59.88023952,,,,,,,,,,,,,,,,,,,,,,,,,,,,,,,,,,,,,,,,,,,,,,,,,,,,,,,,,,,,,,,,,,,,,,,,,,,,,,,,,,,,,,,,,,,,,,,,,,3,3.9038,,0,2,2,15,1,"I have made many commitments to many different kinds of people, groups, and activities in my life.",,,,,,,,,,,,,,,,,,,,,,,,,,,,,,,,,,,,,,,,,,,,,,,,,
,,,,,,,,,,,001,2025-05-08_19h37.24.465,SLSI_O,2022.2.5,Linux x86_64,59.88023952,,,,,,,,,,,,,,,,,,,,,,,,,,,,,,,,,,,,,,,,,,,,,,,,,,,,,,,,,,,,,,,,,,,,,,,,,,,,,,,,,,,,,,,,,,,,,,,,,,1,2.503,,0,3,3,4,1,I volunteer to work for a charity.,,,,,,,,,,,,,,,,,,,,,,,,,,,,,,,,,,,,,,,,,,,,,,,,,
,,,,,,,,,,,001,2025-05-08_19h37.24.465,SLSI_O,2022.2.5,Linux x86_64,59.88023952,,,,,,,,,,,,,,,,,,,,,,,,,,,,,,,,,,,,,,,,,,,,,,,,,,,,,,,,,,,,,,,,,,,,,,,,,,,,,,,,,,,,,,,,,,,,,,,,,,2,3.1867,,0,4,4,13,1,"In general, my actions have a positive effect on other people.",,,,,,,,,,,,,,,,,,,,,,,,,,,,,,,,,,,,,,,,,,,,,,,,,
,,,,,,,,,,,001,2025-05-08_19h37.24.465,SLSI_O,2022.2.5,Linux x86_64,59.88023952,,,,,,,,,,,,,,,,,,,,,,,,,,,,,,,,,,,,,,,,,,,,,,,,,,,,,,,,,,,,,,,,,,,,,,,,,,,,,,,,,,,,,,,,,,,,,,,,,,4,4.8651,,0,5,5,10,1,"If I were unable to have children of my own, I would like to adopt children.",,,,,,,,,,,,,,,,,,,,,,,,,,,,,,,,,,,,,,,,,,,,,,,,,
,,,,,,,,,,,001,2025-05-08_19h37.24.465,SLSI_O,2022.2.5,Linux x86_64,59.88023952,,,,,,,,,,,,,,,,,,,,,,,,,,,,,,,,,,,,,,,,,,,,,,,,,,,,,,,,,,,,,,,,,,,,,,,,,,,,,,,,,,,,,,,,,,,,,,,,,,1,2.2379,,0,6,6,19,1,I feel as though my contributions will exist after I die.,,,,,,,,,,,,,,,,,,,,,,,,,,,,,,,,,,,,,,,,,,,,,,,,,
,,,,,,,,,,,001,2025-05-08_19h37.24.465,SLSI_O,2022.2.5,Linux x86_64,59.88023952,,,,,,,,,,,,,,,,,,,,,,,,,,,,,,,,,,,,,,,,,,,,,,,,,,,,,,,,,,,,,,,,,,,,,,,,,,,,,,,,,,,,,,,,,,,,,,,,,,1,1.8589,,0,7,7,6,1,I try to be creative in most things that I do.,,,,,,,,,,,,,,,,,,,,,,,,,,,,,,,,,,,,,,,,,,,,,,,,,
,,,,,,,,,,,001,2025-05-08_19h37.24.465,SLSI_O,2022.2.5,Linux x86_64,59.88023952,,,,,,,,,,,,,,,,,,,,,,,,,,,,,,,,,,,,,,,,,,,,,,,,,,,,,,,,,,,,,,,,,,,,,,,,,,,,,,,,,,,,,,,,,,,,,,,,,,1,1.3592,,0,8,8,11,1,I have important skills that I try to teach others.,,,,,,,,,,,,,,,,,,,,,,,,,,,,,,,,,,,,,,,,,,,,,,,,,
,,,,,,,,,,,001,2025-05-08_19h37.24.465,SLSI_O,2022.2.5,Linux x86_64,59.88023952,,,,,,,,,,,,,,,,,,,,,,,,,,,,,,,,,,,,,,,,,,,,,,,,,,,,,,,,,,,,,,,,,,,,,,,,,,,,,,,,,,,,,,,,,,,,,,,,,,2,3.0831,,0,9,9,5,1,I have made and created things that have had an impact on other people.,,,,,,,,,,,,,,,,,,,,,,,,,,,,,,,,,,,,,,,,,,,,,,,,,
,,,,,,,,,,,001,2025-05-08_19h37.24.465,SLSI_O,2022.2.5,Linux x86_64,59.88023952,,,,,,,,,,,,,,,,,,,,,,,,,,,,,,,,,,,,,,,,,,,,,,,,,,,,,,,,,,,,,,,,,,,,,,,,,,,,,,,,,,,,,,,,,,,,,,,,,,1,1.8321,,0,10,10,14,1,I feel as though I have done a lot to contribute to others.,,,,,,,,,,,,,,,,,,,,,,,,,,,,,,,,,,,,,,,,,,,,,,,,,
,,,,,,,,,,,001,2025-05-08_19h37.24.465,SLSI_O,2022.2.5,Linux x86_64,59.88023952,,,,,,,,,,,,,,,,,,,,,,,,,,,,,,,,,,,,,,,,,,,,,,,,,,,,,,,,,,,,,,,,,,,,,,,,,,,,,,,,,,,,,,,,,,,,,,,,,,1,1.4074,,0,11,11,17,1,I have a responsibility to improve the neighborhood in which I live.,,,,,,,,,,,,,,,,,,,,,,,,,,,,,,,,,,,,,,,,,,,,,,,,,
,,,,,,,,,,,001,2025-05-08_19h37.24.465,SLSI_O,2022.2.5,Linux x86_64,59.88023952,,,,,,,,,,,,,,,,,,,,,,,,,,,,,,,,,,,,,,,,,,,,,,,,,,,,,,,,,,,,,,,,,,,,,,,,,,,,,,,,,,,,,,,,,,,,,,,,,,1,1.4025,,0,12,12,18,1,People come to me for advice.,,,,,,,,,,,,,,,,,,,,,,,,,,,,,,,,,,,,,,,,,,,,,,,,,
,,,,,,,,,,,001,2025-05-08_19h37.24.465,SLSI_O,2022.2.5,Linux x86_64,59.88023952,,,,,,,,,,,,,,,,,,,,,,,,,,,,,,,,,,,,,,,,,,,,,,,,,,,,,,,,,,,,,,,,,,,,,,,,,,,,,,,,,,,,,,,,,,,,,,,,,,1,1.5198,,0,13,13,3,1,I feel as though I have made a difference to many people.,,,,,,,,,,,,,,,,,,,,,,,,,,,,,,,,,,,,,,,,,,,,,,,,,
,,,,,,,,,,,001,2025-05-08_19h37.24.465,SLSI_O,2022.2.5,Linux x86_64,59.88023952,,,,,,,,,,,,,,,,,,,,,,,,,,,,,,,,,,,,,,,,,,,,,,,,,,,,,,,,,,,,,,,,,,,,,,,,,,,,,,,,,,,,,,,,,,,,,,,,,,1,1.4047,,0,14,14,9,1,Others would say that I have made unique contributions to society.,,,,,,,,,,,,,,,,,,,,,,,,,,,,,,,,,,,,,,,,,,,,,,,,,
,,,,,,,,,,,001,2025-05-08_19h37.24.465,SLSI_O,2022.2.5,Linux x86_64,59.88023952,,,,,,,,,,,,,,,,,,,,,,,,,,,,,,,,,,,,,,,,,,,,,,,,,,,,,,,,,,,,,,,,,,,,,,,,,,,,,,,,,,,,,,,,,,,,,,,,,,1,2.2262,,0,15,15,12,1,I feel that things I have done in my life will survive after I die.,,,,,,,,,,,,,,,,,,,,,,,,,,,,,,,,,,,,,,,,,,,,,,,,,
,,,,,,,,,,,001,2025-05-08_19h37.24.465,SLSI_O,2022.2.5,Linux x86_64,59.88023952,,,,,,,,,,,,,,,,,,,,,,,,,,,,,,,,,,,,,,,,,,,,,,,,,,,,,,,,,,,,,,,,,,,,,,,,,,,,,,,,,,,,,,,,,,,,,,,,,,1,1.3168,,0,16,16,7,1,I think that I will be remembered for a long time after I die.,,,,,,,,,,,,,,,,,,,,,,,,,,,,,,,,,,,,,,,,,,,,,,,,,
,,,,,,,,,,,001,2025-05-08_19h37.24.465,SLSI_O,2022.2.5,Linux x86_64,59.88023952,,,,,,,,,,,,,,,,,,,,,,,,,,,,,,,,,,,,,,,,,,,,,,,,,,,,,,,,,,,,,,,,,,,,,,,,,,,,,,,,,,,,,,,,,,,,,,,,,,3,3.8007,,0,17,17,2,1,I think I would like the work of a teacher.,,,,,,,,,,,,,,,,,,,,,,,,,,,,,,,,,,,,,,,,,,,,,,,,,
,,,,,,,,,,,001,2025-05-08_19h37.24.465,SLSI_O,2022.2.5,Linux x86_64,59.88023952,,,,,,,,,,,,,,,,,,,,,,,,,,,,,,,,,,,,,,,,,,,,,,,,,,,,,,,,,,,,,,,,,,,,,,,,,,,,,,,,,,,,,,,,,,,,,,,,,,1,2.0754,,0,18,18,16,1,Other people say that I am a very productive person.,,,,,,,,,,,,,,,,,,,,,,,,,,,,,,,,,,,,,,,,,,,,,,,,,
,,,,,,,,,,,001,2025-05-08_19h37.24.465,SLSI_O,2022.2.5,Linux x86_64,59.88023952,,,,,,,,,,,,,,,,,,,,,,,,,,,,,,,,,,,,,,,,,,,,,,,,,,,,,,,,,,,,,,,,,,,,,,,,,,,,,,,,,,,,,,,,,,,,,,,,,,1,0.6847,,0,19,19,1,1,I feel that other people need me.,,,,,,,,,,,,,,,,,,,,,,,,,,,,,,,,,,,,,,,,,,,,,,,,,
,,,,,,,,,,,001,2025-05-08_19h37.24.465,SLSI_O,2022.2.5,Linux x86_64,59.88023952,,,,,,,,,,,,,,,,,,,,,,,,,,,,,,,,,,,,,,,,,,,,,,,,,,,,,,,,,,,,,,,,,,,,,,,,,,,,,,,,,,,,,,,,,,,,,,,,,,,,,,,,,,,space,3.8557,,,,,,,,,,,,,,,,,,,,,,,,,,,,,,,,,,,,,,,,,,,,,,,
,,,,,,,,,,,001,2025-05-08_19h37.24.465,SLSI_O,2022.2.5,Linux x86_64,59.88023952,,,,,,,,,,,,,,,,,,,,,,,,,,,,,,,,,,,,,,,,,,,,,,,,,,,,,,,,,,,,,,,,,,,,,,,,,,,,,,,,,,,,,,,,,,,,,,,,,,,,,,,,,,No one really knows me well,,,4,2.2857,,0,0,0,12,1,,,,,,,,,,,,,,,,,,,,,,,,,,,,,,,,,,,,,,,
,,,,,,,,,,,001,2025-05-08_19h37.24.465,SLSI_O,2022.2.5,Linux x86_64,59.88023952,,,,,,,,,,,,,,,,,,,,,,,,,,,,,,,,,,,,,,,,,,,,,,,,,,,,,,,,,,,,,,,,,,,,,,,,,,,,,,,,,,,,,,,,,,,,,,,,,,,,,,,,,,There are people I can talk to,,,2,2.5516,,0,1,1,18,1,,,,,,,,,,,,,,,,,,,,,,,,,,,,,,,,,,,,,,,
,,,,,,,,,,,001,2025-05-08_19h37.24.465,SLSI_O,2022.2.5,Linux x86_64,59.88023952,,,,,,,,,,,,,,,,,,,,,,,,,,,,,,,,,,,,,,,,,,,,,,,,,,,,,,,,,,,,,,,,,,,,,,,,,,,,,,,,,,,,,,,,,,,,,,,,,,,,,,,,,,People are around me but not with me,,,4,2.4025,,0,2,2,17,1,,,,,,,,,,,,,,,,,,,,,,,,,,,,,,,,,,,,,,,
,,,,,,,,,,,001,2025-05-08_19h37.24.465,SLSI_O,2022.2.5,Linux x86_64,59.88023952,,,,,,,,,,,,,,,,,,,,,,,,,,,,,,,,,,,,,,,,,,,,,,,,,,,,,,,,,,,,,,,,,,,,,,,,,,,,,,,,,,,,,,,,,,,,,,,,,,,,,,,,,,There are people I can turn to,,,2,2.5516,,0,3,3,19,1,,,,,,,,,,,,,,,,,,,,,,,,,,,,,,,,,,,,,,,
,,,,,,,,,,,001,2025-05-08_19h37.24.465,SLSI_O,2022.2.5,Linux x86_64,59.88023952,,,,,,,,,,,,,,,,,,,,,,,,,,,,,,,,,,,,,,,,,,,,,,,,,,,,,,,,,,,,,,,,,,,,,,,,,,,,,,,,,,,,,,,,,,,,,,,,,,,,,,,,,,There is no one I can turn to,,,4,1.9087,,0,4,4,2,1,,,,,,,,,,,,,,,,,,,,,,,,,,,,,,,,,,,,,,,
,,,,,,,,,,,001,2025-05-08_19h37.24.465,SLSI_O,2022.2.5,Linux x86_64,59.88023952,,,,,,,,,,,,,,,,,,,,,,,,,,,,,,,,,,,,,,,,,,,,,,,,,,,,,,,,,,,,,,,,,,,,,,,,,,,,,,,,,,,,,,,,,,,,,,,,,,,,,,,,,,My social relationships are superficial,,,3,1.4339,,0,5,5,11,1,,,,,,,,,,,,,,,,,,,,,,,,,,,,,,,,,,,,,,,
,,,,,,,,,,,001,2025-05-08_19h37.24.465,SLSI_O,2022.2.5,Linux x86_64,59.88023952,,,,,,,,,,,,,,,,,,,,,,,,,,,,,,,,,,,,,,,,,,,,,,,,,,,,,,,,,,,,,,,,,,,,,,,,,,,,,,,,,,,,,,,,,,,,,,,,,,,,,,,,,,I can find companionship when I want it,,,1,2.4339,,0,6,6,14,1,,,,,,,,,,,,,,,,,,,,,,,,,,,,,,,,,,,,,,,
,,,,,,,,,,,001,2025-05-08_19h37.24.465,SLSI_O,2022.2.5,Linux x86_64,59.88023952,,,,,,,,,,,,,,,,,,,,,,,,,,,,,,,,,,,,,,,,,,,,,,,,,,,,,,,,,,,,,,,,,,,,,,,,,,,,,,,,,,,,,,,,,,,,,,,,,,,,,,,,,,There are people who really understand me,,,2,1.8242,,0,7,7,15,1,,,,,,,,,,,,,,,,,,,,,,,,,,,,,,,,,,,,,,,
,,,,,,,,,,,001,2025-05-08_19h37.24.465,SLSI_O,2022.2.5,Linux x86_64,59.88023952,,,,,,,,,,,,,,,,,,,,,,,,,,,,,,,,,,,,,,,,,,,,,,,,,,,,,,,,,,,,,,,,,,,,,,,,,,,,,,,,,,,,,,,,,,,,,,,,,,,,,,,,,,I am an outgoing person,,,1,1.1674,,0,8,8,8,1,,,,,,,,,,,,,,,,,,,,,,,,,,,,,,,,,,,,,,,
,,,,,,,,,,,001,2025-05-08_19h37.24.465,SLSI_O,2022.2.5,Linux x86_64,59.88023952,,,,,,,,,,,,,,,,,,,,,,,,,,,,,,,,,,,,,,,,,,,,,,,,,,,,,,,,,,,,,,,,,,,,,,,,,,,,,,,,,,,,,,,,,,,,,,,,,,,,,,,,,,My interests and ideas are not shared by those around me,,,3,2.6504,,0,9,9,7,1,,,,,,,,,,,,,,,,,,,,,,,,,,,,,,,,,,,,,,,
,,,,,,,,,,,001,2025-05-08_19h37.24.465,SLSI_O,2022.2.5,Linux x86_64,59.88023952,,,,,,,,,,,,,,,,,,,,,,,,,,,,,,,,,,,,,,,,,,,,,,,,,,,,,,,,,,,,,,,,,,,,,,,,,,,,,,,,,,,,,,,,,,,,,,,,,,,,,,,,,,I lack companionship,,,4,1.8051,,0,10,10,1,1,,,,,,,,,,,,,,,,,,,,,,,,,,,,,,,,,,,,,,,
,,,,,,,,,,,001,2025-05-08_19h37.24.465,SLSI_O,2022.2.5,Linux x86_64,59.88023952,,,,,,,,,,,,,,,,,,,,,,,,,,,,,,,,,,,,,,,,,,,,,,,,,,,,,,,,,,,,,,,,,,,,,,,,,,,,,,,,,,,,,,,,,,,,,,,,,,,,,,,,,,I am unhappy being so withdrawn ,,,3,2.1229,,0,11,11,16,1,,,,,,,,,,,,,,,,,,,,,,,,,,,,,,,,,,,,,,,
,,,,,,,,,,,001,2025-05-08_19h37.24.465,SLSI_O,2022.2.5,Linux x86_64,59.88023952,,,,,,,,,,,,,,,,,,,,,,,,,,,,,,,,,,,,,,,,,,,,,,,,,,,,,,,,,,,,,,,,,,,,,,,,,,,,,,,,,,,,,,,,,,,,,,,,,,,,,,,,,,I have a lot in common with the people around me,,,2,1.2676,,0,12,12,5,1,,,,,,,,,,,,,,,,,,,,,,,,,,,,,,,,,,,,,,,
,,,,,,,,,,,001,2025-05-08_19h37.24.465,SLSI_O,2022.2.5,Linux x86_64,59.88023952,,,,,,,,,,,,,,,,,,,,,,,,,,,,,,,,,,,,,,,,,,,,,,,,,,,,,,,,,,,,,,,,,,,,,,,,,,,,,,,,,,,,,,,,,,,,,,,,,,,,,,,,,,I feel in tune with the people around me,,,2,0.7723,,0,13,13,0,1,,,,,,,,,,,,,,,,,,,,,,,,,,,,,,,,,,,,,,,
,,,,,,,,,,,001,2025-05-08_19h37.24.465,SLSI_O,2022.2.5,Linux x86_64,59.88023952,,,,,,,,,,,,,,,,,,,,,,,,,,,,,,,,,,,,,,,,,,,,,,,,,,,,,,,,,,,,,,,,,,,,,,,,,,,,,,,,,,,,,,,,,,,,,,,,,,,,,,,,,,There are people I feel close to,,,2,0.7054,,0,14,14,9,1,,,,,,,,,,,,,,,,,,,,,,,,,,,,,,,,,,,,,,,
,,,,,,,,,,,001,2025-05-08_19h37.24.465,SLSI_O,2022.2.5,Linux x86_64,59.88023952,,,,,,,,,,,,,,,,,,,,,,,,,,,,,,,,,,,,,,,,,,,,,,,,,,,,,,,,,,,,,,,,,,,,,,,,,,,,,,,,,,,,,,,,,,,,,,,,,,,,,,,,,,I do not feel alone,,,2,5.372,,0,15,15,3,1,,,,,,,,,,,,,,,,,,,,,,,,,,,,,,,,,,,,,,,
,,,,,,,,,,,001,2025-05-08_19h37.24.465,SLSI_O,2022.2.5,Linux x86_64,59.88023952,,,,,,,,,,,,,,,,,,,,,,,,,,,,,,,,,,,,,,,,,,,,,,,,,,,,,,,,,,,,,,,,,,,,,,,,,,,,,,,,,,,,,,,,,,,,,,,,,,,,,,,,,,I feel isolated from others,,,4,1.824,,0,16,16,13,1,,,,,,,,,,,,,,,,,,,,,,,,,,,,,,,,,,,,,,,
,,,,,,,,,,,001,2025-05-08_19h37.24.465,SLSI_O,2022.2.5,Linux x86_64,59.88023952,,,,,,,,,,,,,,,,,,,,,,,,,,,,,,,,,,,,,,,,,,,,,,,,,,,,,,,,,,,,,,,,,,,,,,,,,,,,,,,,,,,,,,,,,,,,,,,,,,,,,,,,,,I feel left out,,,4,0.5674,,0,17,17,10,1,,,,,,,,,,,,,,,,,,,,,,,,,,,,,,,,,,,,,,,
,,,,,,,,,,,001,2025-05-08_19h37.24.465,SLSI_O,2022.2.5,Linux x86_64,59.88023952,,,,,,,,,,,,,,,,,,,,,,,,,,,,,,,,,,,,,,,,,,,,,,,,,,,,,,,,,,,,,,,,,,,,,,,,,,,,,,,,,,,,,,,,,,,,,,,,,,,,,,,,,,I feel part of a group of friends,,,2,1.902,,0,18,18,4,1,,,,,,,,,,,,,,,,,,,,,,,,,,,,,,,,,,,,,,,
,,,,,,,,,,,001,2025-05-08_19h37.24.465,SLSI_O,2022.2.5,Linux x86_64,59.88023952,,,,,,,,,,,,,,,,,,,,,,,,,,,,,,,,,,,,,,,,,,,,,,,,,,,,,,,,,,,,,,,,,,,,,,,,,,,,,,,,,,,,,,,,,,,,,,,,,,,,,,,,,,I am no longer close to anyone,,,4,2.1174,,0,19,19,6,1,,,,,,,,,,,,,,,,,,,,,,,,,,,,,,,,,,,,,,,
,,,,,,,,,,,001,2025-05-08_19h37.24.465,SLSI_O,2022.2.5,Linux x86_64,59.88023952,,,,,,,,,,,,,,,,,,,,,,,,,,,,,,,,,,,,,,,,,,,,,,,,,,,,,,,,,,,,,,,,,,,,,,,,,,,,,,,,,,,,,,,,,,,,,,,,,,,,,,,,,,,,,,,,,,,,,space,0.3341,,,,,,,,,,,,,,,,,,,,,,,,,,,,,,,,,,,,,
,,,,,,,,,,,001,2025-05-08_19h37.24.465,SLSI_O,2022.2.5,Linux x86_64,59.88023952,,,,,,,,,,,,,,,,,,,,,,,,,,,,,,,,,,,,,,,,,,,,,,,,,,,,,,,,,,,,,,,,,,,,,,,,,,,,,,,,,,,,,,,,,,,,,,,,,,,,,,,,,,,,,,,,,,,,,,,1,6.3473,"Even though I know it doesn’t help to focus on it, I can’t help thinking about whether or not I have Alzheimer’s disease or a related dementia.",0,0,0,7,1,"Even though I know it doesn’t help to focus on it, I can’t help thinking about whether or not I have Alzheimer’s disease or a related dementia.",,,,,,,,,,,,,,,,,,,,,,,,,,,,
,,,,,,,,,,,001,2025-05-08_19h37.24.465,SLSI_O,2022.2.5,Linux x86_64,59.88023952,,,,,,,,,,,,,,,,,,,,,,,,,,,,,,,,,,,,,,,,,,,,,,,,,,,,,,,,,,,,,,,,,,,,,,,,,,,,,,,,,,,,,,,,,,,,,,,,,,,,,,,,,,,,,,,,,,,,,,,1,2.5932,"More often than not, I find my thoughts returning to concerns that I have Alzheimer’s disease or a related dementia.",0,1,1,4,1,"More often than not, I find my thoughts returning to concerns that I have Alzheimer’s disease or a related dementia.",,,,,,,,,,,,,,,,,,,,,,,,,,,,
,,,,,,,,,,,001,2025-05-08_19h37.24.465,SLSI_O,2022.2.5,Linux x86_64,59.88023952,,,,,,,,,,,,,,,,,,,,,,,,,,,,,,,,,,,,,,,,,,,,,,,,,,,,,,,,,,,,,,,,,,,,,,,,,,,,,,,,,,,,,,,,,,,,,,,,,,,,,,,,,,,,,,,,,,,,,,,1,2.6354,"When I am not distracted, I find my thoughts focusing on my own cognitive changes and concerns.",0,2,2,6,1,"When I am not distracted, I find my thoughts focusing on my own cognitive changes and concerns.",,,,,,,,,,,,,,,,,,,,,,,,,,,,
,,,,,,,,,,,001,2025-05-08_19h37.24.465,SLSI_O,2022.2.5,Linux x86_64,59.88023952,,,,,,,,,,,,,,,,,,,,,,,,,,,,,,,,,,,,,,,,,,,,,,,,,,,,,,,,,,,,,,,,,,,,,,,,,,,,,,,,,,,,,,,,,,,,,,,,,,,,,,,,,,,,,,,,,,,,,,,2,3.1639,"When I forget a word that I want to say, my thoughts immediately turn to Alzheimer’s disease and related dementias.",0,3,3,10,1,"When I forget a word that I want to say, my thoughts immediately turn to Alzheimer’s disease and related dementias.",,,,,,,,,,,,,,,,,,,,,,,,,,,,
,,,,,,,,,,,001,2025-05-08_19h37.24.465,SLSI_O,2022.2.5,Linux x86_64,59.88023952,,,,,,,,,,,,,,,,,,,,,,,,,,,,,,,,,,,,,,,,,,,,,,,,,,,,,,,,,,,,,,,,,,,,,,,,,,,,,,,,,,,,,,,,,,,,,,,,,,,,,,,,,,,,,,,,,,,,,,,1,1.8743,My worries about Alzheimer’s disease and related dementias overwhelm me.,0,4,4,3,1,My worries about Alzheimer’s disease and related dementias overwhelm me.,,,,,,,,,,,,,,,,,,,,,,,,,,,,
,,,,,,,,,,,001,2025-05-08_19h37.24.465,SLSI_O,2022.2.5,Linux x86_64,59.88023952,,,,,,,,,,,,,,,,,,,,,,,,,,,,,,,,,,,,,,,,,,,,,,,,,,,,,,,,,,,,,,,,,,,,,,,,,,,,,,,,,,,,,,,,,,,,,,,,,,,,,,,,,,,,,,,,,,,,,,,1,2.1874,"Sometimes when trying to go to sleep, I find my thoughts drift to my concerns about having Alzheimer’s disease or a related dementia.",0,5,5,9,1,"Sometimes when trying to go to sleep, I find my thoughts drift to my concerns about having Alzheimer’s disease or a related dementia.",,,,,,,,,,,,,,,,,,,,,,,,,,,,
,,,,,,,,,,,001,2025-05-08_19h37.24.465,SLSI_O,2022.2.5,Linux x86_64,59.88023952,,,,,,,,,,,,,,,,,,,,,,,,,,,,,,,,,,,,,,,,,,,,,,,,,,,,,,,,,,,,,,,,,,,,,,,,,,,,,,,,,,,,,,,,,,,,,,,,,,,,,,,,,,,,,,,,,,,,,,,1,1.4137,I find it difficult to control my worries about developing Alzheimer’s disease and related dementias.,0,6,6,1,1,I find it difficult to control my worries about developing Alzheimer’s disease and related dementias.,,,,,,,,,,,,,,,,,,,,,,,,,,,,
,,,,,,,,,,,001,2025-05-08_19h37.24.465,SLSI_O,2022.2.5,Linux x86_64,59.88023952,,,,,,,,,,,,,,,,,,,,,,,,,,,,,,,,,,,,,,,,,,,,,,,,,,,,,,,,,,,,,,,,,,,,,,,,,,,,,,,,,,,,,,,,,,,,,,,,,,,,,,,,,,,,,,,,,,,,,,,1,1.2809,"Once I start worrying about Alzheimer’s disease and related dementias, I just cannot stop.",0,7,7,8,1,"Once I start worrying about Alzheimer’s disease and related dementias, I just cannot stop.",,,,,,,,,,,,,,,,,,,,,,,,,,,,
,,,,,,,,,,,001,2025-05-08_19h37.24.465,SLSI_O,2022.2.5,Linux x86_64,59.88023952,,,,,,,,,,,,,,,,,,,,,,,,,,,,,,,,,,,,,,,,,,,,,,,,,,,,,,,,,,,,,,,,,,,,,,,,,,,,,,,,,,,,,,,,,,,,,,,,,,,,,,,,,,,,,,,,,,,,,,,1,0.9974,I think I probably worry more about Alzheimer’s disease and related dementias than other people my same age.,0,8,8,11,1,I think I probably worry more about Alzheimer’s disease and related dementias than other people my same age.,,,,,,,,,,,,,,,,,,,,,,,,,,,,
,,,,,,,,,,,001,2025-05-08_19h37.24.465,SLSI_O,2022.2.5,Linux x86_64,59.88023952,,,,,,,,,,,,,,,,,,,,,,,,,,,,,,,,,,,,,,,,,,,,,,,,,,,,,,,,,,,,,,,,,,,,,,,,,,,,,,,,,,,,,,,,,,,,,,,,,,,,,,,,,,,,,,,,,,,,,,,1,1.5807,"	When I hear about someone having Alzheimer’s disease or a related dementia, I start to worry about having it myself.",0,9,9,5,1,"	When I hear about someone having Alzheimer’s disease or a related dementia, I start to worry about having it myself.",,,,,,,,,,,,,,,,,,,,,,,,,,,,
,,,,,,,,,,,001,2025-05-08_19h37.24.465,SLSI_O,2022.2.5,Linux x86_64,59.88023952,,,,,,,,,,,,,,,,,,,,,,,,,,,,,,,,,,,,,,,,,,,,,,,,,,,,,,,,,,,,,,,,,,,,,,,,,,,,,,,,,,,,,,,,,,,,,,,,,,,,,,,,,,,,,,,,,,,,,,,1,1.8981,"I know I shouldn’t worry about developing Alzheimer’s disease and related dementias, but I just cannot help it.",0,10,10,0,1,"I know I shouldn’t worry about developing Alzheimer’s disease and related dementias, but I just cannot help it.",,,,,,,,,,,,,,,,,,,,,,,,,,,,
,,,,,,,,,,,001,2025-05-08_19h37.24.465,SLSI_O,2022.2.5,Linux x86_64,59.88023952,,,,,,,,,,,,,,,,,,,,,,,,,,,,,,,,,,,,,,,,,,,,,,,,,,,,,,,,,,,,,,,,,,,,,,,,,,,,,,,,,,,,,,,,,,,,,,,,,,,,,,,,,,,,,,,,,,,,,,,1,1.4638,"When I can’t remember something, I find myself wondering whether I have Alzheimer’s disease or a related dementia.",0,11,11,2,1,"When I can’t remember something, I find myself wondering whether I have Alzheimer’s disease or a related dementia.",,,,,,,,,,,,,,,,,,,,,,,,,,,,
,,,,,,,,,,,001,2025-05-08_19h37.24.465,SLSI_O,2022.2.5,Linux x86_64,59.88023952,,,,,,,,,,,,,,,,,,,,,,,,,,,,,,,,,,,,,,,,,,,,,,,,,,,,,,,,,,,,,,,,,,,,,,,,,,,,,,,,,,,,,,,,,,,,,,,,,,,,,,,,,,,,,,,,,,,,,,,,,,,,,,,,space,0.1173,,,,,,,,,,,,,,,,,,,,,,,,,,
,,,,,,,,,,,001,2025-05-08_19h37.24.465,SLSI_O,2022.2.5,Linux x86_64,59.88023952,,,,,,,,,,,,,,,,,,,,,,,,,,,,,,,,,,,,,,,,,,,,,,,,,,,,,,,,,,,,,,,,,,,,,,,,,,,,,,,,,,,,,,,,,,,,,,,,,,,,,,,,,,,,,,,,,,,,,,,,,,,,,,,,,,1,2.6165,"I answer the phone whenever it rings, even if I do not know who is calling",0,0,0,0,1,"I answer the phone whenever it rings, even if I do not know who is calling",,,,,,,,,,,,,,,,,
,,,,,,,,,,,001,2025-05-08_19h37.24.465,SLSI_O,2022.2.5,Linux x86_64,59.88023952,,,,,,,,,,,,,,,,,,,,,,,,,,,,,,,,,,,,,,,,,,,,,,,,,,,,,,,,,,,,,,,,,,,,,,,,,,,,,,,,,,,,,,,,,,,,,,,,,,,,,,,,,,,,,,,,,,,,,,,,,,,,,,,,,,1,2.0238,"If a telemarketer calls me, I usually listen to what they have to say",0,1,1,4,1,"If a telemarketer calls me, I usually listen to what they have to say",,,,,,,,,,,,,,,,,
,,,,,,,,,,,001,2025-05-08_19h37.24.465,SLSI_O,2022.2.5,Linux x86_64,59.88023952,,,,,,,,,,,,,,,,,,,,,,,,,,,,,,,,,,,,,,,,,,,,,,,,,,,,,,,,,,,,,,,,,,,,,,,,,,,,,,,,,,,,,,,,,,,,,,,,,,,,,,,,,,,,,,,,,,,,,,,,,,,,,,,,,,5,2.4362,"If something sounds too good to be true, it usually is",0,2,2,2,1,"If something sounds too good to be true, it usually is",,,,,,,,,,,,,,,,,
,,,,,,,,,,,001,2025-05-08_19h37.24.465,SLSI_O,2022.2.5,Linux x86_64,59.88023952,,,,,,,,,,,,,,,,,,,,,,,,,,,,,,,,,,,,,,,,,,,,,,,,,,,,,,,,,,,,,,,,,,,,,,,,,,,,,,,,,,,,,,,,,,,,,,,,,,,,,,,,,,,,,,,,,,,,,,,,,,,,,,,,,,4,2.5324,Persons over the age of 65 are often targeted by con-artists,0,3,3,3,1,Persons over the age of 65 are often targeted by con-artists,,,,,,,,,,,,,,,,,
,,,,,,,,,,,001,2025-05-08_19h37.24.465,SLSI_O,2022.2.5,Linux x86_64,59.88023952,,,,,,,,,,,,,,,,,,,,,,,,,,,,,,,,,,,,,,,,,,,,,,,,,,,,,,,,,,,,,,,,,,,,,,,,,,,,,,,,,,,,,,,,,,,,,,,,,,,,,,,,,,,,,,,,,,,,,,,,,,,,,,,,,,1,2.3969,"I have difficulty ending a phone call, even if the caller is a telemarketer, someone I do not know, or someone I do not wish to call me",0,4,4,1,1,"I have difficulty ending a phone call, even if the caller is a telemarketer, someone I do not know, or someone I do not wish to call me",,,,,,,,,,,,,,,,,
,,,,,,,,,,,001,2025-05-08_19h37.24.465,SLSI_O,2022.2.5,Linux x86_64,59.88023952,,,,,,,,,,,,,,,,,,,,,,,,,,,,,,,,,,,,,,,,,,,,,,,,,,,,,,,,,,,,,,,,,,,,,,,,,,,,,,,,,,,,,,,,,,,,,,,,,,,,,,,,,,,,,,,,,,,,,,,,,,,,,,,,,,,,,,,,,,,1.112849838,3.9977,,,,,,,,,,,,,,,
,,,,,,,,,,,001,2025-05-08_19h37.24.465,SLSI_O,2022.2.5,Linux x86_64,59.88023952,,,,,,,,,,,,,,,,,,,,,,,,,,,,,,,,,,,,,,,,,,,,,,,,,,,,,,,,,,,,,,,,,,,,,,,,,,,,,,,,,,,,,,,,,,,,,,,,,,,,,,,,,,,,,,,,,,,,,,,,,,,,,,,,,,,,,,,,,,,,,,,,,,,,,,,,,,,
,,,,,,,,,,,001,2025-05-08_19h37.24.465,SLSI_O,2022.2.5,Linux x86_64,59.88023952,,,,,,,,,,,,,,,,,,,,,,,,,,,,,,,,,,,,,,,,,,,,,,,,,,,,,,,,,,,,,,,,,,,,,,,,,,,,,,,,,,,,,,,,,,,,,,,,,,,,,,,,,,,,,,,,,,,,,,,,,,,,,,,,,,,,,,,,,,,,,"[""male_option""]",,,,,,,,,,,,,,
,,,,,,,,,,,001,2025-05-08_19h37.24.465,SLSI_O,2022.2.5,Linux x86_64,59.88023952,,,,,,,,,,,,,,,,,,,,,,,,,,,,,,,,,,,,,,,,,,,,,,,,,,,,,,,,,,,,,,,,,,,,,,,,,,,,,,,,,,,,,,,,,,,,,,,,,,,,,,,,,,,,,,,,,,,,,,,,,,,,,,,,,,,,,,,,,,,,,,,,,,,,,,,,,,,
,,,,,,,,,,,001,2025-05-08_19h37.24.465,SLSI_O,2022.2.5,Linux x86_64,59.88023952,,,,,,,,,,,,,,,,,,,,,,,,,,,,,,,,,,,,,,,,,,,,,,,,,,,,,,,,,,,,,,,,,,,,,,,,,,,,,,,,,,,,,,,,,,,,,,,,,,,,,,,,,,,,,,,,,,,,,,,,,,,,,,,,,,,,,,,,,,,,,,71,05/26/1953,,,,,,,,,,,,
,,,,,,,,,,,001,2025-05-08_19h37.24.465,SLSI_O,2022.2.5,Linux x86_64,59.88023952,,,,,,,,,,,,,,,,,,,,,,,,,,,,,,,,,,,,,,,,,,,,,,,,,,,,,,,,,,,,,,,,,,,,,,,,,,,,,,,,,,,,,,,,,,,,,,,,,,,,,,,,,,,,,,,,,,,,,,,,,,,,,,,,,,,,,,,,,,,,,,,,,,,,,,,,,,,
,,,,,,,,,,,001,2025-05-08_19h37.24.465,SLSI_O,2022.2.5,Linux x86_64,59.88023952,,,,,,,,,,,,,,,,,,,,,,,,,,,,,,,,,,,,,,,,,,,,,,,,,,,,,,,,,,,,,,,,,,,,,,,,,,,,,,,,,,,,,,,,,,,,,,,,,,,,,,,,,,,,,,,,,,,,,,,,,,,,,,,,,,,,,,,,,,,,,,,,"[""EduOpt6""]",,,,,,,,,,,
,,,,,,,,,,,001,2025-05-08_19h37.24.465,SLSI_O,2022.2.5,Linux x86_64,59.88023952,,,,,,,,,,,,,,,,,,,,,,,,,,,,,,,,,,,,,,,,,,,,,,,,,,,,,,,,,,,,,,,,,,,,,,,,,,,,,,,,,,,,,,,,,,,,,,,,,,,,,,,,,,,,,,,,,,,,,,,,,,,,,,,,,,,,,,,,,,,,,,,,,,,,,,,,,,,
,,,,,,,,,,,001,2025-05-08_19h37.24.465,SLSI_O,2022.2.5,Linux x86_64,59.88023952,,,,,,,,,,,,,,,,,,,,,,,,,,,,,,,,,,,,,,,,,,,,,,,,,,,,,,,,,,,,,,,,,,,,,,,,,,,,,,,,,,,,,,,,,,,,,,,,,,,,,,,,,,,,,,,,,,,,,,,,,,,,,,,,,,,,,,,,,,,,,,,,,"[""EthnOpt2""]",,,,,,,,,,
,,,,,,,,,,,001,2025-05-08_19h37.24.465,SLSI_O,2022.2.5,Linux x86_64,59.88023952,,,,,,,,,,,,,,,,,,,,,,,,,,,,,,,,,,,,,,,,,,,,,,,,,,,,,,,,,,,,,,,,,,,,,,,,,,,,,,,,,,,,,,,,,,,,,,,,,,,,,,,,,,,,,,,,,,,,,,,,,,,,,,,,,,,,,,,,,,,,,,,,,,,,,,,,,,,
,,,,,,,,,,,001,2025-05-08_19h37.24.465,SLSI_O,2022.2.5,Linux x86_64,59.88023952,,,,,,,,,,,,,,,,,,,,,,,,,,,,,,,,,,,,,,,,,,,,,,,,,,,,,,,,,,,,,,,,,,,,,,,,,,,,,,,,,,,,,,,,,,,,,,,,,,,,,,,,,,,,,,,,,,,,,,,,,,,,,,,,,,,,,,,,,,,,,,,,,,"[""EngFlncyY""]",,,,,,,,,
,,,,,,,,,,,001,2025-05-08_19h37.24.465,SLSI_O,2022.2.5,Linux x86_64,59.88023952,,,,,,,,,,,,,,,,,,,,,,,,,,,,,,,,,,,,,,,,,,,,,,,,,,,,,,,,,,,,,,,,,,,,,,,,,,,,,,,,,,,,,,,,,,,,,,,,,,,,,,,,,,,,,,,,,,,,,,,,,,,,,,,,,,,,,,,,,,,,,,,,,,,,,,,,,,,
,,,,,,,,,,,001,2025-05-08_19h37.24.465,SLSI_O,2022.2.5,Linux x86_64,59.88023952,,,,,,,,,,,,,,,,,,,,,,,,,,,,,,,,,,,,,,,,,,,,,,,,,,,,,,,,,,,,,,,,,,,,,,,,,,,,,,,,,,,,,,,,,,,,,,,,,,,,,,,,,,,,,,,,,,,,,,,,,,,,,,,,,,,,,,,,,,,,,,,,,,,3,usa,,,,,,,
,,,,,,,,,,,001,2025-05-08_19h37.24.465,SLSI_O,2022.2.5,Linux x86_64,59.88023952,,,,,,,,,,,,,,,,,,,,,,,,,,,,,,,,,,,,,,,,,,,,,,,,,,,,,,,,,,,,,,,,,,,,,,,,,,,,,,,,,,,,,,,,,,,,,,,,,,,,,,,,,,,,,,,,,,,,,,,,,,,,,,,,,,,,,,,,,,,,,,,,,,,,,,,,,,,
,,,,,,,,,,,001,2025-05-08_19h37.24.465,SLSI_O,2022.2.5,Linux x86_64,59.88023952,,,,,,,,,,,,,,,,,,,,,,,,,,,,,,,,,,,,,,,,,,,,,,,,,,,,,,,,,,,,,,,,,,,,,,,,,,,,,,,,,,,,,,,,,,,,,,,,,,,,,,,,,,,,,,,,,,,,,,,,,,,,,,,,,,,,,,,,,,,,,,,,,,,,,D,,,,,,
,,,,,,,,,,,001,2025-05-08_19h37.24.465,SLSI_O,2022.2.5,Linux x86_64,59.88023952,,,,,,,,,,,,,,,,,,,,,,,,,,,,,,,,,,,,,,,,,,,,,,,,,,,,,,,,,,,,,,,,,,,,,,,,,,,,,,,,,,,,,,,,,,,,,,,,,,,,,,,,,,,,,,,,,,,,,,,,,,,,,,,,,,,,,,,,,,,,,,,,,,,,,,,,,,,
,,,,,,,,,,,001,2025-05-08_19h37.24.465,SLSI_O,2022.2.5,Linux x86_64,59.88023952,,,,,,,,,,,,,,,,,,,,,,,,,,,,,,,,,,,,,,,,,,,,,,,,,,,,,,,,,,,,,,,,,,,,,,,,,,,,,,,,,,,,,,,,,,,,,,,,,,,,,,,,,,,,,,,,,,,,,,,,,,,,,,,,,,,,,,,,,,,,,,,,,,,,,,no,,,,,
,,,,,,,,,,,001,2025-05-08_19h37.24.465,SLSI_O,2022.2.5,Linux x86_64,59.88023952,,,,,,,,,,,,,,,,,,,,,,,,,,,,,,,,,,,,,,,,,,,,,,,,,,,,,,,,,,,,,,,,,,,,,,,,,,,,,,,,,,,,,,,,,,,,,,,,,,,,,,,,,,,,,,,,,,,,,,,,,,,,,,,,,,,,,,,,,,,,,,,,,,,,,,,,,,,
,,,,,,,,,,,001,2025-05-08_19h37.24.465,SLSI_O,2022.2.5,Linux x86_64,59.88023952,,,,,,,,,,,,,,,,,,,,,,,,,,,,,,,,,,,,,,,,,,,,,,,,,,,,,,,,,,,,,,,,,,,,,,,,,,,,,,,,,,,,,,,,,,,,,,,,,,,,,,,,,,,,,,,,,,,,,,,,,,,,,,,,,,,,,,,,,,,,,,,,,,,,,,,it was long,,,,
,,,,,,,,,,,001,2025-05-08_19h37.24.465,SLSI_O,2022.2.5,Linux x86_64,59.88023952,,,,,,,,,,,,,,,,,,,,,,,,,,,,,,,,,,,,,,,,,,,,,,,,,,,,,,,,,,,,,,,,,,,,,,,,,,,,,,,,,,,,,,,,,,,,,,,,,,,,,,,,,,,,,,,,,,,,,,,,,,,,,,,,,,,,,,,,,,,,,,,,,,,,,,,,,,,
,,,,,,,,,,,001,2025-05-08_19h37.24.465,SLSI_O,2022.2.5,Linux x86_64,59.88023952,,,,,,,,,,,,,,,,,,,,,,,,,,,,,,,,,,,,,,,,,,,,,,,,,,,,,,,,,,,,,,,,,,,,,,,,,,,,,,,,,,,,,,,,,,,,,,,,,,,,,,,,,,,,,,,,,,,,,,,,,,,,,,,,,,,,,,,,,,,,,,,,,,,,,,,,"[""Q4option1""]",,,
,,,,,,,,,,,001,2025-05-08_19h37.24.465,SLSI_O,2022.2.5,Linux x86_64,59.88023952,,,,,,,,,,,,,,,,,,,,,,,,,,,,,,,,,,,,,,,,,,,,,,,,,,,,,,,,,,,,,,,,,,,,,,,,,,,,,,,,,,,,,,,,,,,,,,,,,,,,,,,,,,,,,,,,,,,,,,,,,,,,,,,,,,,,,,,,,,,,,,,,,,,,,,,,,,,
,,,,,,,,,,,001,2025-05-08_19h37.24.465,SLSI_O,2022.2.5,Linux x86_64,59.88023952,,,,,,,,,,,,,,,,,,,,,,,,,,,,,,,,,,,,,,,,,,,,,,,,,,,,,,,,,,,,,,,,,,,,,,,,,,,,,,,,,,,,,,,,,,,,,,,,,,,,,,,,,,,,,,,,,,,,,,,,,,,,,,,,,,,,,,,,,,,,,,,,,,,,,,,,,1,[1285.7461999999955],[1285.746299999997]
